date,year,month,season,monsoon_phase,is_monsoon_ban,district,species,scientific_name,trophic_level,trophic_role,catch_kg,fishing_effort_trips,fishing_hours,cpue_kg_trip,sea_surface_temperature_c,rainfall_mm,wind_speed_ms,wave_height_m,upwelling_index,chlorophyll_a_mg_m3,fishing_pressure,prey_index,predator_index,trophic_ratio,lotka_volterra_proxy,relative_abundance_proxy,month_sin,month_cos,cpue_lag_1,cpue_lag_2,cpue_lag_3,cpue_lag_12,cpue_rolling_mean_3,cpue_rolling_std_3,cpue_rolling_mean_6,cpue_change_1m,sst_anomaly,rainfall_anomaly,sst_lag_1,upwelling_lag_1,chl_a_lag_1,effort_lag_1,effort_change_1m,target_cpue_next,target_catch_next
2012-04-01,2012,4,Pre-Monsoon / Summer,Pre-Monsoon,0,Alappuzha,Indian Mackerel,Rastrelliger kanagurta,3.2,Intermediate Predator,1200155.7,2739,38767,438.17,30.52,77.2,5.0,1.47,1.52,0.98,1.383,448.81,271.29,0.6053,-118.296,0.894,0.8660254037844387,-0.4999999999999998,610.94,645.45,736.51,664.3000000000001,664.3000000000001,64.87255274767594,664.3000000000001,-0.05346657287990435,0.2185714285714262,-12.207142857142856,29.29,1.05,0.79,2333.0,0.1740248599484575,354.09,857241.1
2012-05-01,2012,5,Pre-Monsoon / Summer,Pre-Monsoon,0,Alappuzha,Indian Mackerel,Rastrelliger kanagurta,3.2,Intermediate Predator,857241.1,2421,32308,354.09,30.32,246.6,6.3,1.7,1.64,1.33,1.223,570.56,252.74,0.4439,-143.869,0.864,0.49999999999999994,-0.8660254037844387,438.17,610.94,645.45,564.8533333333334,564.8533333333334,111.05960216628439,607.7675,-0.2827937230694713,0.19000000000000128,-14.457142857142884,30.52,1.52,0.98,2739.0,-0.1161007662792962,1756.71,790517.5
2012-06-01,2012,6,Southwest Monsoon,Southwest Monsoon,1,Alappuzha,Indian Mackerel,Rastrelliger kanagurta,3.2,Intermediate Predator,790517.5,450,5091,1756.71,28.42,588.9,6.7,3.61,9.75,5.97,0.227,6839.93,920.1,0.1346,-7907.303,3.654,1.2246467991473532e-16,-1.0,354.09,438.17,610.94,467.73333333333335,467.73333333333335,130.95218071240126,557.0319999999999,-0.19188898847732652,-0.1707142857142827,-80.82142857142867,30.32,1.64,1.33,2421.0,-0.8141263906892755,1671.33,940961.3
2012-07-01,2012,7,Southwest Monsoon,Southwest Monsoon,1,Alappuzha,Indian Mackerel,Rastrelliger kanagurta,3.2,Intermediate Predator,940961.3,563,5659,1671.33,27.6,763.4,8.4,3.55,12.85,7.49,0.284,7957.74,885.02,0.1113,-8908.658,3.762,-0.4999999999999997,-0.8660254037844388,1756.71,354.09,438.17,849.6566666666668,849.6566666666668,786.6553716420764,756.9783333333334,3.961196194154137,-0.08428571428571274,155.45000000000005,28.42,9.75,5.97,450.0,0.25111110553086435,730.81,1566135.6
2012-08-01,2012,8,Southwest Monsoon,Southwest Monsoon,0,Alappuzha,Indian Mackerel,Rastrelliger kanagurta,3.2,Intermediate Predator,1566135.6,2143,22554,730.81,26.74,289.1,6.5,2.51,9.81,5.42,1.082,3229.17,375.54,0.1166,-1515.633,1.765,-0.8660254037844385,-0.5000000000000004,1671.33,1756.71,354.09,1260.71,1260.71,786.3156518854244,912.7816666666666,-0.04860221636694614,-0.6371428571428552,-127.91428571428565,27.6,12.85,7.49,563.0,2.8063942663162655,1254.59,3022306.9
2012-09-01,2012,9,Southwest Monsoon,Southwest Monsoon,0,Alappuzha,Indian Mackerel,Rastrelliger kanagurta,3.2,Intermediate Predator,3022306.9,2409,33268,1254.59,27.84,330.7,5.8,1.86,8.89,5.16,1.217,4902.01,667.68,0.1364,-4132.18,3.073,-1.0,-1.8369701987210297e-16,730.81,1671.33,1756.71,1386.283333333333,1386.283333333333,569.2595226549427,927.0083333333333,-0.5627374572182785,-0.1828571428571415,80.72142857142856,26.74,9.81,5.42,2143.0,0.12412505775023304,741.68,2107124.1
2012-10-01,2012,10,Post-Monsoon,Post-Monsoon,0,Alappuzha,Indian Mackerel,Rastrelliger kanagurta,3.2,Intermediate Predator,2107124.1,2841,37681,741.68,28.49,328.5,3.6,1.19,1.08,1.61,1.435,1799.09,421.16,0.2345,-931.041,1.725,-0.8660254037844386,0.5000000000000001,1254.59,730.81,1671.33,1218.9099999999999,1218.9099999999999,471.27408628100886,1034.2833333333335,0.7167115841776716,-0.3085714285714296,25.94285714285712,27.84,8.89,5.16,2409.0,0.17932752104886873,734.63,1777058.5
2012-11-01,2012,11,Post-Monsoon,Post-Monsoon,0,Alappuzha,Indian Mackerel,Rastrelliger kanagurta,3.2,Intermediate Predator,1777058.5,2419,30457,734.63,29.06,191.9,3.8,1.38,1.11,1.43,1.222,1442.88,419.92,0.2915,-709.983,1.717,-0.5000000000000004,0.8660254037844384,741.68,1254.59,730.81,909.0266666666666,909.0266666666666,299.3159739027189,1084.8683333333333,-0.4088267847756894,0.04428571428571004,23.74285714285716,28.49,1.08,1.61,2841.0,-0.14853924622126277,714.46,1831156.7
2012-12-01,2012,12,Winter / Post-Monsoon,Northeast/Dry,0,Alappuzha,Indian Mackerel,Rastrelliger kanagurta,3.2,Intermediate Predator,1831156.7,2563,26496,714.46,28.23,36.7,3.8,0.69,1.12,0.96,1.294,1865.18,389.47,0.2092,-962.614,1.502,-2.4492935982947064e-16,1.0,734.63,741.68,1254.59,910.2999999999998,910.2999999999998,298.18472244566743,1148.2916666666667,-0.00950544696492488,-0.26857142857143046,1.3214285714285765,29.06,1.11,1.43,2419.0,0.05952873063444096,654.54,1602306.0
2013-01-01,2013,1,Winter / Post-Monsoon,Northeast/Dry,0,Alappuzha,Indian Mackerel,Rastrelliger kanagurta,3.2,Intermediate Predator,1602306.0,2448,23993,654.54,28.6,7.0,3.3,0.56,0.8,0.64,1.236,1327.35,359.99,0.2718,-592.975,1.427,0.49999999999999994,0.8660254037844387,714.46,734.63,741.68,736.51,730.2566666666667,14.127159421943695,974.5833333333334,-0.027455997883887102,0.3235714285714302,-1.4571428571428573,28.23,1.12,0.96,2563.0,-0.0448692936212669,593.25,1385248.4
2013-02-01,2013,2,Winter / Post-Monsoon,Northeast/Dry,0,Alappuzha,Indian Mackerel,Rastrelliger kanagurta,3.2,Intermediate Predator,1385248.4,2335,26240,593.25,28.47,9.1,3.9,0.72,0.96,0.79,1.179,1605.14,354.51,0.2213,-743.709,1.323,0.8660254037844386,0.5000000000000001,654.54,714.46,734.63,645.45,701.21,41.656618921843304,805.1183333333333,-0.08386753514727867,-0.18142857142857238,-1.557142857142857,28.6,0.8,0.64,2448.0,-0.04616013053039162,685.35,1680485.6
2013-03-01,2013,3,Pre-Monsoon / Summer,Pre-Monsoon,0,Alappuzha,Indian Mackerel,Rastrelliger kanagurta,3.2,Intermediate Predator,1680485.6,2452,28864,685.35,29.4,25.6,3.6,1.1,1.21,1.11,1.238,945.77,375.65,0.3978,-389.603,1.363,1.0,6.123233995736766e-17,593.25,654.54,714.46,610.94,654.0833333333334,60.60629037759196,782.1916666666666,-0.09363827888840587,-0.13571428571428612,0.8642857142857139,28.47,0.96,0.79,2335.0,0.050107066166565024,421.32,1103028.2
2013-04-01,2013,4,Pre-Monsoon / Summer,Pre-Monsoon,0,Alappuzha,Indian Mackerel,Rastrelliger kanagurta,3.2,Intermediate Predator,1103028.2,2618,31968,421.32,30.12,87.7,3.8,0.96,1.41,1.05,1.322,787.98,283.58,0.3607,-241.548,1.066,0.8660254037844387,-0.4999999999999998,685.35,593.25,654.54,438.17,644.38,46.88306410634505,687.3183333333333,0.1552465207712344,-0.18142857142857238,-1.7071428571428555,29.4,1.21,1.11,2452.0,0.06769983659176249,557.97,1604732.2
2013-05-01,2013,5,Pre-Monsoon / Summer,Pre-Monsoon,0,Alappuzha,Indian Mackerel,Rastrelliger kanagurta,3.2,Intermediate Predator,1604732.2,2876,38330,557.97,29.84,306.7,5.8,2.05,1.67,1.57,1.453,915.46,337.76,0.3696,-332.202,1.176,0.49999999999999994,-0.8660254037844387,421.32,685.35,593.25,354.09,566.64,134.01130288150935,633.9250000000001,-0.38524840759833073,-0.28999999999999915,45.64285714285711,30.12,1.41,1.05,2618.0,0.09854850993678949,2024.36,1089105.7
2013-06-01,2013,6,Southwest Monsoon,Southwest Monsoon,1,Alappuzha,Indian Mackerel,Rastrelliger kanagurta,3.2,Intermediate Predator,1089105.7,538,5963,2024.36,28.52,614.9,8.1,3.48,12.14,7.09,0.272,6675.03,1090.33,0.1635,-8600.181,4.257,1.2246467991473532e-16,-1.0,557.97,421.32,685.35,1756.71,554.88,132.04211941649388,604.4816666666667,0.32433778780172356,-0.07071428571428484,-54.82142857142867,29.84,1.67,1.57,2876.0,-0.8129346286059296,1471.29,706219.0
2013-07-01,2013,7,Southwest Monsoon,Southwest Monsoon,1,Alappuzha,Indian Mackerel,Rastrelliger kanagurta,3.2,Intermediate Predator,706219.0,480,4589,1471.29,27.7,587.9,8.5,4.07,12.71,7.2,0.242,5846.7,793.17,0.1358,-5601.853,3.67,-0.4999999999999997,-0.8660254037844388,2024.36,557.97,421.32,1671.33,1001.2166666666667,888.698495572786,822.7983333333333,2.628080315642771,0.015714285714285126,-20.049999999999955,28.52,12.14,7.09,538.0,-0.10780668944597233,1392.54,2705704.9
2013-08-01,2013,8,Southwest Monsoon,Southwest Monsoon,0,Alappuzha,Indian Mackerel,Rastrelliger kanagurta,3.2,Intermediate Predator,2705704.9,1943,18556,1392.54,27.67,394.9,6.8,2.46,9.64,5.61,0.981,5214.72,709.27,0.1362,-4622.286,2.959,-0.8660254037844385,-0.5000000000000004,1471.29,2024.36,557.97,730.81,1351.2066666666667,740.5335328216631,958.9233333333333,-0.2732073333141964,0.29285714285714803,-22.1142857142857,27.7,12.71,7.2,480.0,3.0479166031684044,1232.27,3354251.6
2013-09-01,2013,9,Southwest Monsoon,Southwest Monsoon,0,Alappuzha,Indian Mackerel,Rastrelliger kanagurta,3.2,Intermediate Predator,3354251.6,2722,34306,1232.27,28.29,274.4,5.3,2.11,7.48,4.2,1.375,4101.96,658.33,0.1607,-3371.703,2.685,-1.0,-1.8369701987210297e-16,1392.54,1471.29,2024.36,1254.59,1629.3966666666665,344.307154490483,1092.1383333333333,-0.053524457764788334,0.2671428571428578,24.42142857142855,27.67,9.64,5.61,1943.0,0.40092640040696653,577.59,1401234.7
2013-10-01,2013,10,Post-Monsoon,Post-Monsoon,0,Alappuzha,Indian Mackerel,Rastrelliger kanagurta,3.2,Intermediate Predator,1401234.7,2426,30367,577.59,28.79,218.6,3.3,1.35,0.83,1.22,1.225,1392.24,355.06,0.2556,-596.962,1.237,-0.8660254037844386,0.5000000000000001,1232.27,1392.54,1471.29,741.68,1365.3666666666668,121.80489576914941,1183.2916666666667,-0.1150918457272908,-0.008571428571428896,-83.95714285714288,28.29,7.48,4.2,2722.0,-0.10874357050424845,625.19,1473578.4
2013-11-01,2013,11,Post-Monsoon,Post-Monsoon,0,Alappuzha,Indian Mackerel,Rastrelliger kanagurta,3.2,Intermediate Predator,1473578.4,2357,28199,625.19,28.98,167.2,4.0,0.92,1.51,1.41,1.19,1519.68,387.6,0.2555,-709.424,1.368,-0.5000000000000004,0.8660254037844384,577.59,1232.27,1392.54,734.63,1067.4666666666667,431.7475878720496,1209.3366666666666,-0.5312796665399655,-0.03571428571428825,-0.9571428571428555,28.79,0.83,1.22,2426.0,-0.028441879520025228,669.54,1581461.4
2013-12-01,2013,12,Winter / Post-Monsoon,Northeast/Dry,0,Alappuzha,Indian Mackerel,Rastrelliger kanagurta,3.2,Intermediate Predator,1581461.4,2362,25139,669.54,28.38,33.9,3.3,1.21,1.1,0.97,1.193,1517.91,367.93,0.2429,-700.226,1.51,-2.4492935982947064e-16,1.0,625.19,577.59,1232.27,714.46,811.6833333333334,365.01547656686154,1220.54,0.08241139766250462,-0.11857142857143188,-1.4785714285714278,28.98,1.51,1.41,2357.0,0.00212134067831421,592.19,1370328.9
2014-01-01,2014,1,Winter / Post-Monsoon,Northeast/Dry,0,Alappuzha,Indian Mackerel,Rastrelliger kanagurta,3.2,Intermediate Predator,1370328.9,2314,27928,592.19,27.93,6.7,4.1,0.81,1.43,1.1,1.169,1151.2,321.27,0.2797,-433.499,1.185,0.49999999999999994,0.8660254037844387,669.54,625.19,577.59,654.54,624.1066666666667,45.98457168804519,994.7366666666667,0.07093843358117624,-0.34642857142857153,-1.7571428571428571,28.38,1.1,0.97,2362.0,-0.020321761133269427,577.71,1193558.0
2014-02-01,2014,2,Winter / Post-Monsoon,Northeast/Dry,0,Alappuzha,Indian Mackerel,Rastrelliger kanagurta,3.2,Intermediate Predator,1193558.0,2066,29631,577.71,28.56,14.5,4.2,0.7,1.42,1.22,1.043,1370.26,336.64,0.2462,-559.621,1.284,0.8660254037844386,0.5000000000000001,592.19,669.54,625.19,593.25,628.9733333333334,38.813539304384115,848.2199999999999,-0.11552707656708958,-0.09142857142857252,3.8428571428571434,27.93,1.43,1.1,2314.0,-0.10717372468809971,509.32,1312017.9
2014-03-01,2014,3,Pre-Monsoon / Summer,Pre-Monsoon,0,Alappuzha,Indian Mackerel,Rastrelliger kanagurta,3.2,Intermediate Predator,1312017.9,2576,25894,509.32,29.3,19.8,3.7,1.28,1.04,1.05,1.301,980.92,301.23,0.3078,-335.529,1.098,1.0,6.123233995736766e-17,577.71,592.19,669.54,685.35,613.1466666666666,49.37178985344726,712.415,-0.024451611400874557,-0.235714285714284,-4.935714285714287,28.56,1.42,1.22,2066.0,0.24685382261929414,354.46,789387.1
2014-04-01,2014,4,Pre-Monsoon / Summer,Pre-Monsoon,0,Alappuzha,Indian Mackerel,Rastrelliger kanagurta,3.2,Intermediate Predator,789387.1,2227,30103,354.46,30.0,79.0,3.3,1.27,1.04,0.61,1.125,540.66,229.68,0.4259,-127.511,0.939,0.8660254037844387,-0.4999999999999998,509.32,577.71,592.19,421.32,559.74,44.26115565594268,591.9233333333333,-0.11838119266792702,-0.3014285714285734,-10.407142857142858,29.3,1.04,1.05,2576.0,-0.13548136593369034,461.51,1159325.2
2014-05-01,2014,5,Pre-Monsoon / Summer,Pre-Monsoon,0,Alappuzha,Indian Mackerel,Rastrelliger kanagurta,3.2,Intermediate Predator,1159325.2,2512,26991,461.51,30.14,259.9,4.6,1.68,1.56,1.33,1.269,564.41,276.01,0.4899,-155.151,0.918,0.49999999999999994,-0.8660254037844387,354.46,509.32,577.71,557.97,480.4966666666667,114.38194365079161,554.735,-0.30405245613656534,0.010000000000001563,-1.157142857142901,30.0,1.04,0.61,2227.0,0.12797485348911156,1719.84,770488.9
2014-06-01,2014,6,Southwest Monsoon,Southwest Monsoon,1,Alappuzha,Indian Mackerel,Rastrelliger kanagurta,3.2,Intermediate Predator,770488.9,448,5306,1719.84,28.69,480.4,8.4,3.2,12.56,7.11,0.226,5725.42,932.64,0.163,-6269.376,3.812,1.2246467991473532e-16,-1.0,461.51,354.46,509.32,2024.36,441.7633333333333,79.29598371502075,527.455,0.3020086807535779,0.09928571428571686,-189.32142857142867,30.14,1.56,1.33,2512.0,-0.8216560476844902,1211.23,641950.1
2014-07-01,2014,7,Southwest Monsoon,Southwest Monsoon,1,Alappuzha,Indian Mackerel,Rastrelliger kanagurta,3.2,Intermediate Predator,641950.1,530,7023,1211.23,27.65,509.6,7.9,3.39,11.67,6.62,0.268,5351.17,636.41,0.1191,-4254.21,2.793,-0.4999999999999997,-0.8660254037844388,1719.84,461.51,354.46,1471.29,845.27,759.2887720097009,702.505,2.7265497448256863,-0.034285714285715585,-98.34999999999991,28.69,12.56,7.11,448.0,0.18303571020009576,933.48,1971508.4
2014-08-01,2014,8,Southwest Monsoon,Southwest Monsoon,0,Alappuzha,Indian Mackerel,Rastrelliger kanagurta,3.2,Intermediate Predator,1971508.4,2112,24406,933.48,27.15,482.4,7.6,2.53,11.02,6.31,1.067,4073.1,466.28,0.1147,-2363.789,2.226,-0.8660254037844385,-0.5000000000000004,1211.23,1719.84,461.51,1392.54,1130.86,633.0032384593303,805.6783333333333,-0.29573099651286744,-0.2271428571428551,65.3857142857143,27.65,11.67,6.62,530.0,2.984905604058385,1021.02,2670981.7
2014-09-01,2014,9,Southwest Monsoon,Southwest Monsoon,0,Alappuzha,Indian Mackerel,Rastrelliger kanagurta,3.2,Intermediate Predator,2670981.7,2616,30125,1021.02,27.89,281.5,6.0,1.88,8.88,5.07,1.321,4134.17,544.19,0.1318,-2837.274,2.536,-1.0,-1.8369701987210297e-16,933.48,1211.23,1719.84,1232.27,1288.1833333333332,398.7880063810008,864.9733333333334,-0.22931235001352054,-0.1328571428571408,31.521428571428572,27.15,11.02,6.31,2112.0,0.2386363625064566,656.94,1730383.9
2014-10-01,2014,10,Post-Monsoon,Post-Monsoon,0,Alappuzha,Indian Mackerel,Rastrelliger kanagurta,3.2,Intermediate Predator,1730383.9,2634,32264,656.94,28.72,355.1,3.9,1.19,1.1,1.49,1.33,1309.31,356.0,0.2725,-543.825,1.376,-0.8660254037844386,0.5000000000000001,1021.02,933.48,1211.23,577.59,1055.2433333333333,142.00244023724767,950.2566666666667,0.09377811957644382,-0.07857142857142918,52.542857142857144,27.89,8.88,5.07,2616.0,0.006880733918651628,565.44,1489379.3
2014-11-01,2014,11,Post-Monsoon,Post-Monsoon,0,Alappuzha,Indian Mackerel,Rastrelliger kanagurta,3.2,Intermediate Predator,1489379.3,2634,29395,565.44,28.96,190.7,3.2,1.03,0.73,1.19,1.33,1133.94,331.75,0.2932,-434.567,1.248,-0.5000000000000004,0.8660254037844384,656.94,1021.02,933.48,625.19,870.48,190.04028941253384,1000.6700000000001,-0.35658458838627455,-0.055714285714287826,22.542857142857144,28.72,1.1,1.49,2634.0,0.0,542.69,1217256.6
2014-12-01,2014,12,Winter / Post-Monsoon,Northeast/Dry,0,Alappuzha,Indian Mackerel,Rastrelliger kanagurta,3.2,Intermediate Predator,1217256.6,2243,27380,542.69,28.65,30.7,3.1,1.4,1.27,0.95,1.133,1209.48,315.22,0.2612,-459.656,1.156,-2.4492935982947064e-16,1.0,565.44,656.94,1021.02,669.54,747.8000000000001,240.99779833019127,1017.9916666666667,-0.13928212410140767,0.1514285714285677,-4.678571428571427,28.96,0.73,1.19,2634.0,-0.1484434314789543,292.59,868105.0
2015-01-01,2015,1,Winter / Post-Monsoon,Northeast/Dry,0,Alappuzha,Indian Mackerel,Rastrelliger kanagurta,3.2,Intermediate Predator,868105.0,2967,33837,292.59,29.02,8.2,3.0,0.9,0.88,0.8,1.498,562.88,170.62,0.3044,-99.161,0.648,0.49999999999999994,0.8660254037844387,542.69,565.44,656.94,592.19,588.3566666666667,60.4743402885291,821.8000000000002,-0.04023415322166537,0.7435714285714283,-0.257142857142858,28.65,1.27,0.95,2243.0,0.3227819869693179,307.81,836004.7
2015-02-01,2015,2,Winter / Post-Monsoon,Northeast/Dry,0,Alappuzha,Indian Mackerel,Rastrelliger kanagurta,3.2,Intermediate Predator,836004.7,2716,35727,307.81,29.64,7.2,3.4,1.03,1.17,0.81,1.372,492.45,175.89,0.3585,-85.863,0.645,0.8660254037844386,0.5000000000000001,292.59,542.69,565.44,577.71,466.9066666666667,151.3906068200163,668.6933333333334,-0.46085241185847525,0.9885714285714293,-3.4571428571428564,29.02,0.88,0.8,2967.0,-0.08459723598046094,220.65,581403.7
2015-03-01,2015,3,Pre-Monsoon / Summer,Pre-Monsoon,0,Alappuzha,Indian Mackerel,Rastrelliger kanagurta,3.2,Intermediate Predator,581403.7,2635,35045,220.65,29.9,21.0,4.6,1.43,1.96,1.08,1.331,329.58,146.68,0.4467,-41.848,0.459,1.0,6.123233995736766e-17,307.81,292.59,542.69,509.32,381.03000000000003,140.2083406934102,564.4150000000001,0.05201818066173903,0.3642857142857139,-3.7357142857142875,29.64,1.17,0.81,2716.0,-0.02982326940418531,157.3,414954.5
2015-04-01,2015,4,Pre-Monsoon / Summer,Pre-Monsoon,0,Alappuzha,Indian Mackerel,Rastrelliger kanagurta,3.2,Intermediate Predator,414954.5,2638,28342,157.3,30.71,82.4,4.8,1.21,1.75,1.02,1.332,160.43,96.99,0.607,-9.94,0.309,0.8660254037844387,-0.4999999999999998,220.65,307.81,292.59,354.46,273.68333333333334,46.554408312561115,431.02000000000004,-0.28316168145408915,0.4085714285714275,-7.007142857142853,29.9,1.96,1.08,2635.0,0.0011385199197779129,242.21,598023.0
2015-05-01,2015,5,Pre-Monsoon / Summer,Pre-Monsoon,0,Alappuzha,Indian Mackerel,Rastrelliger kanagurta,3.2,Intermediate Predator,598023.0,2469,24416,242.21,30.46,286.9,5.5,1.76,1.95,1.51,1.247,343.64,139.39,0.4074,-40.537,0.468,0.49999999999999994,-0.8660254037844387,157.3,220.65,307.81,461.51,228.5866666666667,75.56823428751422,347.74666666666667,-0.28710626389729144,0.33000000000000185,25.8428571428571,30.71,1.75,1.02,2638.0,-0.06406368436670323,870.33,475202.2
2015-06-01,2015,6,Southwest Monsoon,Southwest Monsoon,1,Alappuzha,Indian Mackerel,Rastrelliger kanagurta,3.2,Intermediate Predator,475202.2,546,6121,870.33,28.75,597.7,7.7,3.13,11.54,6.84,0.276,3254.52,495.52,0.1525,-1853.608,1.917,1.2246467991473532e-16,-1.0,242.21,157.3,220.65,1719.84,206.72000000000003,44.135707765926874,293.875,0.5397965327529222,0.15928571428571558,-72.0214285714286,30.46,1.95,1.51,2469.0,-0.7788578340264972,1019.97,538541.6
2015-07-01,2015,7,Southwest Monsoon,Southwest Monsoon,1,Alappuzha,Indian Mackerel,Rastrelliger kanagurta,3.2,Intermediate Predator,538541.6,528,5522,1019.97,28.75,662.2,7.9,3.45,11.82,7.02,0.267,3623.92,535.73,0.1481,-2251.744,2.262,-0.4999999999999997,-0.8660254037844388,870.33,242.21,157.3,1211.23,423.28000000000003,389.47747547194484,348.48166666666674,2.5932867101570243,1.0657142857142858,54.250000000000114,28.75,11.54,6.84,546.0,-0.03296703236324117,779.97,1602845.8
2015-08-01,2015,8,Southwest Monsoon,Southwest Monsoon,0,Alappuzha,Indian Mackerel,Rastrelliger kanagurta,3.2,Intermediate Predator,1602845.8,2055,19936,779.97,28.29,360.8,7.1,3.14,10.16,5.72,1.038,2346.28,414.17,0.1769,-1091.186,1.738,-0.8660254037844385,-0.5000000000000004,1019.97,870.33,242.21,933.48,710.8366666666667,412.68177441381255,469.71166666666676,0.17193478138252408,0.9128571428571455,-56.214285714285666,28.75,11.82,7.02,528.0,2.8920453997718676,662.7,1514936.1
2015-09-01,2015,9,Southwest Monsoon,Southwest Monsoon,0,Alappuzha,Indian Mackerel,Rastrelliger kanagurta,3.2,Intermediate Predator,1514936.1,2286,32460,662.7,28.22,157.4,5.6,1.98,8.25,4.45,1.155,1918.48,356.39,0.1862,-773.066,1.452,-1.0,-1.8369701987210297e-16,779.97,1019.97,870.33,1021.02,890.09,121.21403879089115,548.4050000000001,-0.2353010359588906,0.1971428571428575,-92.57857142857142,28.29,10.16,5.72,2055.0,0.11240875857708632,242.77,504228.9
2015-10-01,2015,10,Post-Monsoon,Post-Monsoon,0,Alappuzha,Indian Mackerel,Rastrelliger kanagurta,3.2,Intermediate Predator,504228.9,2077,29031,242.77,29.74,336.7,3.8,1.21,0.92,1.24,1.049,452.21,150.75,0.3348,-63.646,0.628,-0.8660254037844386,0.5000000000000001,662.7,779.97,1019.97,656.94,820.88,182.11448130228308,622.08,-0.15035193468528357,0.9414285714285704,34.14285714285711,28.22,8.25,4.45,2286.0,-0.09142607134109329,350.66,878055.6
2015-11-01,2015,11,Post-Monsoon,Post-Monsoon,0,Alappuzha,Indian Mackerel,Rastrelliger kanagurta,3.2,Intermediate Predator,878055.6,2504,34233,350.66,29.69,164.8,3.9,1.04,0.67,1.02,1.265,420.42,187.36,0.447,-74.237,0.67,-0.5000000000000004,0.8660254037844384,242.77,662.7,779.97,565.44,561.8133333333334,282.4527387605451,636.325,-0.6336652990242146,0.6742857142857126,-3.357142857142833,29.74,0.92,1.24,2077.0,0.20558497734431883,282.74,637869.9
2015-12-01,2015,12,Winter / Post-Monsoon,Northeast/Dry,0,Alappuzha,Indian Mackerel,Rastrelliger kanagurta,3.2,Intermediate Predator,637869.9,2256,30675,282.74,29.24,30.8,3.9,1.35,1.33,1.01,1.139,465.84,187.06,0.4028,-84.142,0.584,-2.4492935982947064e-16,1.0,350.66,242.77,662.7,542.69,418.71000000000004,218.07889191757937,654.4,0.4444123884988925,0.7414285714285676,-4.578571428571426,29.69,0.67,1.02,2504.0,-0.09904153315079259,271.81,650169.1
2016-01-01,2016,1,Winter / Post-Monsoon,Northeast/Dry,0,Alappuzha,Indian Mackerel,Rastrelliger kanagurta,3.2,Intermediate Predator,650169.1,2392,25929,271.81,28.92,10.5,4.4,1.39,0.9,0.9,1.208,544.11,155.48,0.2871,-85.86,0.64,0.49999999999999994,0.8660254037844387,282.74,350.66,242.77,292.59,292.0566666666667,54.54505691015904,556.4683333333334,-0.19369188975954235,0.6435714285714305,2.0428571428571427,29.24,1.33,1.01,2256.0,0.06028368767604748,299.43,832720.1
2016-02-01,2016,2,Winter / Post-Monsoon,Northeast/Dry,0,Alappuzha,Indian Mackerel,Rastrelliger kanagurta,3.2,Intermediate Predator,832720.1,2781,40263,299.43,29.46,11.0,3.8,0.71,1.82,1.22,1.405,252.38,178.37,0.7079,-38.058,0.644,0.8660254037844386,0.5000000000000001,271.81,282.74,350.66,307.81,301.7366666666667,42.719850577132135,431.77500000000003,-0.03865742241432335,0.8085714285714296,0.3428571428571434,28.92,0.9,0.9,2392.0,0.1626254173803285,140.92,294944.9
2016-03-01,2016,3,Pre-Monsoon / Summer,Pre-Monsoon,0,Alappuzha,Indian Mackerel,Rastrelliger kanagurta,3.2,Intermediate Predator,294944.9,2093,26667,140.92,30.34,24.9,3.2,1.25,1.08,0.72,1.057,185.54,96.69,0.5237,-12.133,0.335,1.0,6.123233995736766e-17,299.43,271.81,282.74,220.65,284.65999999999997,13.90974119094773,351.685,0.10161509504377711,0.8042857142857152,0.16428571428571104,29.46,1.82,1.22,2781.0,-0.24739302320247022,123.24,253127.3
2016-04-01,2016,4,Pre-Monsoon / Summer,Pre-Monsoon,0,Alappuzha,Indian Mackerel,Rastrelliger kanagurta,3.2,Intermediate Predator,253127.3,2054,20354,123.24,30.77,112.4,4.8,1.11,0.83,0.61,1.037,141.43,80.94,0.5753,-6.454,0.252,0.8660254037844387,-0.4999999999999998,140.92,299.43,271.81,157.3,237.38666666666663,84.67632156236148,264.7216666666667,-0.5293724566886266,0.4685714285714262,22.992857142857147,30.34,1.08,0.72,2093.0,-0.0186335402836429,172.3,356658.3
2016-05-01,2016,5,Pre-Monsoon / Summer,Pre-Monsoon,0,Alappuzha,Indian Mackerel,Rastrelliger kanagurta,3.2,Intermediate Predator,356658.3,2070,23584,172.3,30.76,262.9,4.8,1.6,1.27,1.11,1.045,145.11,99.08,0.685,-9.043,0.35,0.49999999999999994,-0.8660254037844387,123.24,140.92,299.43,242.21,187.86333333333332,97.02312318892031,244.80000000000004,-0.12546124570953404,0.6300000000000026,1.842857142857099,30.77,0.83,0.61,2054.0,0.007789678637830191,810.34,328188.5
2016-06-01,2016,6,Southwest Monsoon,Southwest Monsoon,1,Alappuzha,Indian Mackerel,Rastrelliger kanagurta,3.2,Intermediate Predator,328188.5,405,4427,810.34,29.39,849.2,7.9,3.17,11.56,7.31,0.205,1853.92,451.91,0.2442,-870.122,1.695,1.2246467991473532e-16,-1.0,172.3,123.24,140.92,870.33,145.48666666666662,24.846765047634864,215.07333333333335,0.3980850050239368,0.7992857142857162,179.4785714285714,30.76,1.27,1.11,2070.0,-0.8043478222012181,739.64,409019.1
2016-07-01,2016,7,Southwest Monsoon,Southwest Monsoon,1,Alappuzha,Indian Mackerel,Rastrelliger kanagurta,3.2,Intermediate Predator,409019.1,553,7876,739.64,27.91,589.9,8.5,3.21,12.81,7.35,0.279,3107.75,392.7,0.1266,-1414.957,1.601,-0.4999999999999997,-0.8660254037844388,810.34,172.3,123.24,1019.97,368.6266666666666,383.3206523699611,303.00666666666666,3.7030758152596737,0.22571428571428598,-18.049999999999955,29.39,11.56,7.31,405.0,0.3654320897424176,581.82,1014688.0
2016-08-01,2016,8,Southwest Monsoon,Southwest Monsoon,0,Alappuzha,Indian Mackerel,Rastrelliger kanagurta,3.2,Intermediate Predator,1014688.0,1744,16996,581.82,27.83,580.7,7.4,2.58,11.52,6.65,0.881,2533.56,313.6,0.1241,-917.287,1.31,-0.8660254037844385,-0.5000000000000004,739.64,810.34,172.3,779.97,574.0933333333332,349.7542487709516,380.9783333333333,-0.08724732720528022,0.4528571428571446,163.68571428571437,27.91,12.81,7.35,553.0,2.1537070134953527,595.37,1705747.8
2016-09-01,2016,9,Southwest Monsoon,Southwest Monsoon,0,Alappuzha,Indian Mackerel,Rastrelliger kanagurta,3.2,Intermediate Predator,1705747.8,2865,36698,595.37,28.91,229.6,5.5,2.1,8.61,4.65,1.447,1850.19,323.71,0.1754,-674.22,1.235,-1.0,-1.8369701987210297e-16,581.82,739.64,810.34,662.7,710.6,116.99503750159435,428.04333333333335,-0.21337407098893954,0.8871428571428588,-20.378571428571433,27.83,11.52,6.65,1744.0,0.6427752256721604,218.01,638559.6
2016-10-01,2016,10,Post-Monsoon,Post-Monsoon,0,Alappuzha,Indian Mackerel,Rastrelliger kanagurta,3.2,Intermediate Predator,638559.6,2929,35445,218.01,29.49,345.5,4.2,1.19,0.78,1.41,1.479,462.12,139.36,0.3031,-59.454,0.499,-0.8660254037844386,0.5000000000000001,595.37,581.82,739.64,242.77,638.9433333333333,87.4686494312834,503.785,0.023288989321628786,0.6914285714285704,42.94285714285712,28.91,8.61,4.65,2865.0,0.022338568857457,190.01,450134.5
2016-11-01,2016,11,Post-Monsoon,Post-Monsoon,0,Alappuzha,Indian Mackerel,Rastrelliger kanagurta,3.2,Intermediate Predator,450134.5,2369,32211,190.01,29.58,126.2,3.5,1.23,1.56,1.22,1.196,448.23,131.85,0.2957,-54.541,0.377,-0.5000000000000004,0.8660254037844384,218.01,595.37,581.82,350.66,465.0666666666666,214.0645884618301,519.58,-0.6338243338793635,0.5642857142857096,-41.95714285714284,29.49,0.78,1.41,2929.0,-0.19119153229364447,348.48,818932.2
2016-12-01,2016,12,Winter / Post-Monsoon,Northeast/Dry,0,Alappuzha,Indian Mackerel,Rastrelliger kanagurta,3.2,Intermediate Predator,818932.2,2350,33027,348.48,28.77,38.4,3.1,0.77,1.57,1.13,1.187,667.96,185.25,0.2784,-130.853,0.718,-2.4492935982947064e-16,1.0,190.01,218.01,595.37,282.74,334.4633333333333,226.38510669505766,522.5316666666666,-0.12843446959155683,0.2714285714285687,3.0214285714285722,29.58,1.56,1.22,2369.0,-0.00802026167994824,420.54,1010975.8
2017-01-01,2017,1,Winter / Post-Monsoon,Northeast/Dry,0,Alappuzha,Indian Mackerel,Rastrelliger kanagurta,3.2,Intermediate Predator,1010975.8,2404,34758,420.54,28.0,8.8,4.8,0.85,1.34,1.04,1.214,1029.93,233.52,0.2275,-287.474,1.047,0.49999999999999994,0.8660254037844387,348.48,190.01,218.01,271.81,252.16666666666663,84.57655486795734,445.55500000000006,0.8340086924894117,-0.27642857142857125,0.3428571428571434,28.77,1.57,1.13,2350.0,0.022978723306473516,446.78,1055288.8
2017-02-01,2017,2,Winter / Post-Monsoon,Northeast/Dry,0,Alappuzha,Indian Mackerel,Rastrelliger kanagurta,3.2,Intermediate Predator,1055288.8,2362,29990,446.78,28.0,9.5,3.0,1.03,1.0,0.86,1.193,979.4,243.72,0.2496,-282.918,0.998,0.8660254037844386,0.5000000000000001,420.54,348.48,190.01,299.43,319.6766666666667,117.933219380006,392.37166666666667,0.206783740622597,-0.6514285714285712,-1.1571428571428566,28.0,1.34,1.04,2404.0,-0.017470881790886513,394.41,854292.6
2017-03-01,2017,3,Pre-Monsoon / Summer,Pre-Monsoon,0,Alappuzha,Indian Mackerel,Rastrelliger kanagurta,3.2,Intermediate Predator,854292.6,2166,21507,394.41,29.51,26.0,2.9,1.4,0.69,0.59,1.094,562.16,227.24,0.4053,-132.648,0.924,1.0,6.123233995736766e-17,446.78,420.54,348.48,140.92,405.26666666666665,50.898708562522884,369.865,0.06239596560622128,-0.025714285714283136,1.2642857142857125,28.0,1.0,0.86,2362.0,-0.08298052462751683,293.98,678504.7
2017-04-01,2017,4,Pre-Monsoon / Summer,Pre-Monsoon,0,Alappuzha,Indian Mackerel,Rastrelliger kanagurta,3.2,Intermediate Predator,678504.7,2308,27698,293.98,30.32,91.4,4.9,1.34,1.15,0.84,1.166,413.52,177.62,0.4309,-69.473,0.585,0.8660254037844387,-0.4999999999999998,394.41,446.78,420.54,123.24,420.57666666666665,26.185019254005624,336.37166666666667,-0.11721652452624269,0.018571428571426907,1.9928571428571473,29.51,0.69,0.59,2166.0,0.06555863312299799,438.93,1166245.5
2017-05-01,2017,5,Pre-Monsoon / Summer,Pre-Monsoon,0,Alappuzha,Indian Mackerel,Rastrelliger kanagurta,3.2,Intermediate Predator,1166245.5,2657,26201,438.93,30.15,279.4,5.4,1.68,2.27,1.8,1.342,450.15,267.1,0.5943,-113.558,0.895,0.49999999999999994,-0.8660254037844387,293.98,394.41,446.78,172.3,378.39000000000004,77.64947070005887,349.0333333333333,-0.25463349675126146,0.019999999999999574,18.3428571428571,30.32,1.15,0.84,2308.0,0.15121317092195333,1343.49,737574.4
2017-06-01,2017,6,Southwest Monsoon,Southwest Monsoon,1,Alappuzha,Indian Mackerel,Rastrelliger kanagurta,3.2,Intermediate Predator,737574.4,549,6253,1343.49,28.32,699.7,7.4,3.31,10.54,6.43,0.277,4307.99,695.09,0.1615,-3517.063,2.913,1.2246467991473532e-16,-1.0,438.93,293.98,394.41,810.34,375.7733333333333,74.25038473524992,390.52000000000004,0.49306073566022396,-0.27071428571428413,29.9785714285714,30.15,2.27,1.8,2657.0,-0.7933759849703576,1138.16,624847.7
2017-07-01,2017,7,Southwest Monsoon,Southwest Monsoon,1,Alappuzha,Indian Mackerel,Rastrelliger kanagurta,3.2,Intermediate Predator,624847.7,549,5336,1138.16,27.31,754.8,8.0,3.63,11.98,7.23,0.277,4043.86,561.4,0.139,-2667.473,2.284,-0.4999999999999997,-0.8660254037844388,1343.49,438.93,293.98,739.64,692.1333333333332,568.728191699104,556.355,2.0608296981106395,-0.37428571428571544,146.85000000000002,28.32,10.54,6.43,549.0,0.0,674.52,1813102.5
2017-08-01,2017,8,Southwest Monsoon,Southwest Monsoon,0,Alappuzha,Indian Mackerel,Rastrelliger kanagurta,3.2,Intermediate Predator,1813102.5,2688,36849,674.52,27.17,374.5,6.9,2.58,10.15,5.8,1.358,3460.92,359.26,0.1041,-1580.749,1.653,-0.8660254037844385,-0.5000000000000004,1138.16,1343.49,438.93,581.82,973.5266666666666,474.2207283885141,675.9583333333334,-0.15283329125759554,-0.20714285714285197,-42.51428571428568,27.31,11.98,7.23,549.0,3.896174792419403,721.39,1490391.3
2017-09-01,2017,9,Southwest Monsoon,Southwest Monsoon,0,Alappuzha,Indian Mackerel,Rastrelliger kanagurta,3.2,Intermediate Predator,1490391.3,2066,29450,721.39,27.51,259.9,4.6,1.83,6.63,3.98,1.043,2512.8,359.57,0.1434,-1117.115,1.54,-1.0,-1.8369701987210297e-16,674.52,1138.16,1343.49,595.37,1052.0566666666666,342.69600702858054,713.915,-0.4073592429240244,-0.5128571428571398,9.92142857142855,27.17,10.15,5.8,2688.0,-0.23139880866295084,643.2,1433058.5
2017-10-01,2017,10,Post-Monsoon,Post-Monsoon,0,Alappuzha,Indian Mackerel,Rastrelliger kanagurta,3.2,Intermediate Predator,1433058.5,2228,21410,643.2,28.83,351.2,4.0,1.19,1.26,1.85,1.125,1258.06,343.47,0.2736,-491.578,1.306,-0.8660254037844386,0.5000000000000001,721.39,674.52,1138.16,218.01,844.6899999999999,255.23064059787092,768.4116666666667,0.0694864485932745,0.03142857142857025,48.64285714285711,27.51,6.63,3.98,2066.0,0.07841239071436402,589.31,1298257.3
2017-11-01,2017,11,Post-Monsoon,Post-Monsoon,0,Alappuzha,Indian Mackerel,Rastrelliger kanagurta,3.2,Intermediate Predator,1298257.3,2203,31494,589.31,28.83,165.9,3.6,0.81,1.56,1.44,1.113,1268.07,332.9,0.2631,-494.548,1.211,-0.5000000000000004,0.8660254037844384,643.2,721.39,674.52,190.01,679.7033333333333,39.35186442003508,826.6149999999999,-0.10838797171588216,-0.18571428571429038,-2.2571428571428385,28.83,1.26,1.85,2228.0,-0.01122082580241999,356.6,976734.1
2017-12-01,2017,12,Winter / Post-Monsoon,Northeast/Dry,0,Alappuzha,Indian Mackerel,Rastrelliger kanagurta,3.2,Intermediate Predator,976734.1,2739,29474,356.6,28.38,35.8,4.1,1.03,1.28,0.89,1.383,1195.08,211.76,0.1779,-330.998,0.873,-2.4492935982947064e-16,1.0,589.31,643.2,721.39,348.48,651.2999999999998,66.41151330906021,851.6783333333334,-0.08378420267748457,-0.11857142857143188,0.4214285714285708,28.83,1.56,1.44,2203.0,0.2433045835528616,454.72,962641.7
2018-01-01,2018,1,Winter / Post-Monsoon,Northeast/Dry,0,Alappuzha,Indian Mackerel,Rastrelliger kanagurta,3.2,Intermediate Predator,962641.7,2117,20479,454.72,28.27,10.0,2.7,1.2,1.45,1.1,1.069,1020.32,258.62,0.2542,-308.077,0.948,0.49999999999999994,0.8660254037844387,356.6,589.31,643.2,420.54,529.7033333333333,152.31416885284426,687.1966666666667,-0.3948855374100975,-0.006428571428571672,1.5428571428571427,28.38,1.28,0.89,2739.0,-0.22709017806830895,447.0,973110.6
2018-02-01,2018,2,Winter / Post-Monsoon,Northeast/Dry,0,Alappuzha,Indian Mackerel,Rastrelliger kanagurta,3.2,Intermediate Predator,973110.6,2177,31371,447.0,28.61,10.6,3.6,1.21,1.27,1.09,1.099,986.76,252.26,0.2564,-288.857,1.039,0.8660254037844386,0.5000000000000001,454.72,356.6,589.31,446.78,466.87666666666655,116.83032326126941,573.2900000000001,0.2751542267202965,-0.041428571428571814,-0.05714285714285694,28.27,1.45,1.1,2117.0,0.02834199325299011,488.43,1173689.5
2018-03-01,2018,3,Pre-Monsoon / Summer,Pre-Monsoon,0,Alappuzha,Indian Mackerel,Rastrelliger kanagurta,3.2,Intermediate Predator,1173689.5,2403,23176,488.43,29.04,28.4,3.3,1.28,0.59,0.84,1.214,867.6,269.0,0.3108,-263.513,1.087,1.0,6.123233995736766e-17,447.0,454.72,356.6,394.41,419.4399999999999,54.557756552110526,535.37,-0.016977480274070252,-0.49571428571428555,3.664285714285711,28.61,1.27,1.09,2177.0,0.10381258565083791,248.23,583093.2
2018-04-01,2018,4,Pre-Monsoon / Summer,Pre-Monsoon,0,Alappuzha,Indian Mackerel,Rastrelliger kanagurta,3.2,Intermediate Predator,583093.2,2349,30085,248.23,30.26,81.9,4.3,1.2,0.71,0.76,1.186,465.73,158.57,0.3419,-72.197,0.535,0.8660254037844387,-0.4999999999999998,488.43,447.0,454.72,293.98,463.38333333333327,22.031823195839184,496.5433333333333,0.09268456168490916,-0.041428571428571814,-7.507142857142853,29.04,0.59,0.84,2403.0,-0.022471910018843487,305.5,665386.0
2018-05-01,2018,5,Pre-Monsoon / Summer,Pre-Monsoon,0,Alappuzha,Indian Mackerel,Rastrelliger kanagurta,3.2,Intermediate Predator,665386.0,2178,24371,305.5,30.11,262.5,5.3,2.23,1.57,1.43,1.1,439.95,191.37,0.4363,-78.58,0.708,0.49999999999999994,-0.8660254037844387,248.23,488.43,447.0,438.93,394.5533333333333,128.40171195639363,430.715,-0.49177977413795687,-0.019999999999999574,1.4428571428571217,30.26,0.71,0.76,2349.0,-0.07279693455599431,1498.36,833090.6
2018-06-01,2018,6,Southwest Monsoon,Southwest Monsoon,1,Alappuzha,Indian Mackerel,Rastrelliger kanagurta,3.2,Intermediate Predator,833090.6,556,5282,1498.36,28.5,809.8,8.3,3.6,12.39,7.72,0.281,5859.78,812.55,0.1388,-5669.53,3.097,1.2246467991473532e-16,-1.0,305.5,248.23,488.43,1343.49,347.3866666666666,125.45867699498766,383.41333333333336,0.23071344194040042,-0.09071428571428442,140.0785714285713,30.11,1.57,1.43,2178.0,-0.7447199231188248,1101.06,606683.9
2018-07-01,2018,7,Southwest Monsoon,Southwest Monsoon,1,Alappuzha,Indian Mackerel,Rastrelliger kanagurta,3.2,Intermediate Predator,606683.9,551,5688,1101.06,27.37,723.8,8.4,3.15,12.79,7.59,0.278,3861.9,549.5,0.1425,-2457.145,2.164,-0.4999999999999997,-0.8660254037844388,1498.36,305.5,248.23,1138.16,684.0299999999997,705.81157180936,573.7066666666666,3.904615256804738,-0.31428571428571317,115.85000000000002,28.5,12.39,7.72,556.0,-0.008992805593654576,902.41,2507794.2
2018-08-01,2018,8,Southwest Monsoon,Southwest Monsoon,0,Alappuzha,Indian Mackerel,Rastrelliger kanagurta,3.2,Intermediate Predator,2507794.2,2779,31981,902.41,27.42,371.4,7.8,2.58,10.79,6.05,1.404,3442.63,458.03,0.1333,-1895.789,2.003,-0.8660254037844385,-0.5000000000000004,1101.06,1498.36,305.5,674.52,968.3066666666664,607.4095245658673,681.43,-0.2651565694148498,0.042857142857148034,-45.6142857142857,27.37,12.79,7.59,551.0,4.043557095398238,894.23,2033488.1
2018-09-01,2018,9,Southwest Monsoon,Southwest Monsoon,0,Alappuzha,Indian Mackerel,Rastrelliger kanagurta,3.2,Intermediate Predator,2033488.1,2274,25559,894.23,27.8,240.5,6.3,2.6,9.52,5.12,1.148,2742.52,485.77,0.1774,-1542.464,1.949,-1.0,-1.8369701987210297e-16,902.41,1101.06,1498.36,721.39,1167.2766666666664,303.4428872676589,757.3316666666666,-0.18041705101977137,-0.22285714285714064,-9.478571428571428,27.42,10.79,6.05,2779.0,-0.18172004252709592,512.85,1079552.5
2018-10-01,2018,10,Post-Monsoon,Post-Monsoon,0,Alappuzha,Indian Mackerel,Rastrelliger kanagurta,3.2,Intermediate Predator,1079552.5,2105,28599,512.85,28.71,262.1,4.3,1.09,1.58,1.63,1.063,1088.35,298.76,0.2752,-366.675,1.197,-0.8660254037844386,0.5000000000000001,894.23,902.41,1101.06,643.2,965.9,117.12342763085317,824.965,-0.009064615761520588,-0.08857142857142719,-40.457142857142856,27.8,9.52,5.12,2274.0,-0.07431838137942663,359.27,839609.4
2018-11-01,2018,11,Post-Monsoon,Post-Monsoon,0,Alappuzha,Indian Mackerel,Rastrelliger kanagurta,3.2,Intermediate Predator,839609.4,2337,31477,359.27,29.05,194.9,4.2,0.85,1.39,1.5,1.18,1070.4,235.2,0.2205,-293.718,0.891,-0.5000000000000004,0.8660254037844384,512.85,894.23,902.41,589.31,769.8299999999999,222.58878767808494,869.0683333333333,-0.42648982446921013,0.03428571428571203,26.74285714285716,28.71,1.58,1.63,2105.0,0.11021377619850936,520.08,1330363.2
2018-12-01,2018,12,Winter / Post-Monsoon,Northeast/Dry,0,Alappuzha,Indian Mackerel,Rastrelliger kanagurta,3.2,Intermediate Predator,1330363.2,2558,28085,520.08,28.57,36.0,3.8,1.29,1.15,1.05,1.292,1029.8,289.62,0.2819,-344.954,1.058,-2.4492935982947064e-16,1.0,359.27,512.85,894.23,356.6,588.7833333333333,275.44501036201916,878.0300000000001,-0.2994637749933943,0.0714285714285694,0.6214285714285737,29.05,1.39,1.5,2337.0,0.09456568209428462,292.01,679496.7
2019-01-01,2019,1,Winter / Post-Monsoon,Northeast/Dry,0,Alappuzha,Indian Mackerel,Rastrelliger kanagurta,3.2,Intermediate Predator,679496.7,2327,22187,292.01,28.24,9.3,3.2,0.85,0.38,0.53,1.175,697.94,168.22,0.2421,-134.258,0.675,0.49999999999999994,0.8660254037844387,520.08,359.27,512.85,454.72,464.0666666666666,90.8285430541125,714.9833333333335,0.4476020695409563,-0.03642857142857281,0.8428571428571434,28.57,1.15,1.05,2558.0,-0.09030492537019184,416.52,1014228.8
2019-02-01,2019,2,Winter / Post-Monsoon,Northeast/Dry,0,Alappuzha,Indian Mackerel,Rastrelliger kanagurta,3.2,Intermediate Predator,1014228.8,2435,28846,416.52,28.35,10.7,3.2,0.5,1.0,0.82,1.23,841.94,225.22,0.2684,-217.112,0.866,0.8660254037844386,0.5000000000000001,292.01,520.08,359.27,447.0,390.4533333333332,117.18908410484632,580.1416666666668,-0.4385286794622236,-0.3014285714285698,0.042857142857142705,28.24,0.38,0.53,2327.0,0.046411688670340824,322.98,785162.2
2019-03-01,2019,3,Pre-Monsoon / Summer,Pre-Monsoon,0,Alappuzha,Indian Mackerel,Rastrelliger kanagurta,3.2,Intermediate Predator,785162.2,2431,33710,322.98,29.51,23.6,4.0,1.27,1.01,0.82,1.228,735.26,188.04,0.2568,-154.565,0.643,1.0,6.123233995736766e-17,416.52,292.01,520.08,488.43,409.5366666666666,114.1952557391626,499.1600000000001,0.42638949260677744,-0.025714285714283136,-1.1357142857142861,28.35,1.0,0.82,2435.0,-0.0016427104655330163,208.17,541024.3
2019-04-01,2019,4,Pre-Monsoon / Summer,Pre-Monsoon,0,Alappuzha,Indian Mackerel,Rastrelliger kanagurta,3.2,Intermediate Predator,541024.3,2599,33891,208.17,30.4,119.2,3.7,1.13,1.21,0.89,1.313,280.24,141.76,0.5076,-33.286,0.449,0.8660254037844387,-0.4999999999999998,322.98,416.52,292.01,248.23,343.8366666666666,64.8223374565645,403.95166666666677,-0.22457504502604803,0.0985714285714252,29.792857142857144,29.51,1.01,0.82,2431.0,0.06910736294073483,351.01,752206.9
2019-05-01,2019,5,Pre-Monsoon / Summer,Pre-Monsoon,0,Alappuzha,Indian Mackerel,Rastrelliger kanagurta,3.2,Intermediate Predator,752206.9,2143,21661,351.01,30.02,249.7,4.9,2.33,1.41,1.37,1.082,402.03,206.97,0.516,-76.976,0.658,0.49999999999999994,-0.8660254037844387,208.17,322.98,416.52,305.5,315.88999999999993,104.35579380177886,353.1716666666667,-0.3554709159864105,-0.10999999999999943,-11.35714285714289,30.4,1.21,0.89,2599.0,-0.17545209628529396,1106.11,468990.3
2019-06-01,2019,6,Southwest Monsoon,Southwest Monsoon,1,Alappuzha,Indian Mackerel,Rastrelliger kanagurta,3.2,Intermediate Predator,468990.3,424,4644,1106.11,28.94,709.7,7.6,3.51,11.95,7.12,0.214,3472.72,597.56,0.1723,-2348.402,2.347,1.2246467991473532e-16,-1.0,351.01,208.17,322.98,1498.36,294.0533333333332,75.6860649877685,351.7950000000001,0.6861699242844828,0.34928571428571686,39.9785714285714,30.02,1.41,1.37,2143.0,-0.8021465198219947,786.01,503831.2
2019-07-01,2019,7,Southwest Monsoon,Southwest Monsoon,1,Alappuzha,Indian Mackerel,Rastrelliger kanagurta,3.2,Intermediate Predator,503831.2,641,8900,786.01,27.38,552.8,7.6,3.78,11.7,6.77,0.324,2971.61,403.06,0.1359,-1388.095,1.715,-0.4999999999999997,-0.8660254037844388,1106.11,351.01,208.17,1101.06,555.0966666666665,482.5065663111049,449.4666666666667,2.151220701654634,-0.30428571428571516,-55.14999999999998,28.94,11.95,7.12,424.0,0.5117924407596123,402.55,815156.6
2019-08-01,2019,8,Southwest Monsoon,Southwest Monsoon,0,Alappuzha,Indian Mackerel,Rastrelliger kanagurta,3.2,Intermediate Predator,815156.6,2025,27272,402.55,26.7,444.6,6.7,2.69,10.05,5.66,1.023,1509.11,206.2,0.1372,-334.341,0.847,-0.8660254037844385,-0.5000000000000004,786.01,1106.11,351.01,902.41,747.7099999999999,379.00418203497355,531.8000000000001,-0.2893925532777702,-0.6771428571428544,27.585714285714346,27.38,11.7,6.77,641.0,2.159126331370884,761.66,1856916.5
2019-09-01,2019,9,Southwest Monsoon,Southwest Monsoon,0,Alappuzha,Indian Mackerel,Rastrelliger kanagurta,3.2,Intermediate Predator,1856916.5,2438,28743,761.66,27.72,214.5,6.0,1.72,9.15,4.88,1.231,2889.58,381.99,0.1325,-1356.663,1.537,-1.0,-1.8369701987210297e-16,402.55,786.01,1106.11,894.23,764.89,352.2551762572119,529.4716666666667,-0.4878563823888197,-0.3028571428571425,-35.47857142857143,26.7,10.05,5.66,2025.0,0.2039506162767871,437.2,1114415.6
2019-10-01,2019,10,Post-Monsoon,Post-Monsoon,0,Alappuzha,Indian Mackerel,Rastrelliger kanagurta,3.2,Intermediate Predator,1114415.6,2549,28831,437.2,28.86,279.9,4.5,1.38,1.3,1.3,1.287,805.53,236.78,0.2948,-207.045,0.851,-0.8660254037844386,0.5000000000000001,761.66,402.55,786.01,512.85,650.0733333333333,214.70696549793806,602.585,0.8920879172254895,0.06142857142857139,-22.6571428571429,27.72,9.15,4.88,2438.0,0.045529122044589324,460.84,1095866.9
2019-11-01,2019,11,Post-Monsoon,Post-Monsoon,0,Alappuzha,Indian Mackerel,Rastrelliger kanagurta,3.2,Intermediate Predator,1095866.9,2378,31685,460.84,28.63,168.1,4.0,0.89,1.09,1.17,1.201,780.34,243.14,0.3125,-205.475,0.881,-0.5000000000000004,0.8660254037844384,437.2,761.66,402.55,359.27,533.8033333333333,198.08874534746485,640.7566666666667,-0.4259905938871597,-0.3857142857142897,-0.057142857142849834,28.86,1.3,1.3,2549.0,-0.06708513116090571,325.39,648174.4
2019-12-01,2019,12,Winter / Post-Monsoon,Northeast/Dry,0,Alappuzha,Indian Mackerel,Rastrelliger kanagurta,3.2,Intermediate Predator,648174.4,1992,20616,325.39,28.04,36.2,3.2,1.21,0.73,0.49,1.006,784.86,175.32,0.2244,-164.548,0.715,-2.4492935982947064e-16,1.0,460.84,437.2,761.66,520.08,553.2333333333332,180.8893831415564,659.0616666666666,0.05407136198372911,-0.45857142857143174,0.8214285714285765,28.63,1.09,1.17,2378.0,-0.16232127770260185,416.79,986113.9
2020-01-01,2020,1,Winter / Post-Monsoon,Northeast/Dry,0,Alappuzha,Indian Mackerel,Rastrelliger kanagurta,3.2,Intermediate Predator,986113.9,2366,22686,416.79,27.64,9.1,3.8,1.27,1.01,0.98,1.195,1146.58,222.98,0.1952,-322.203,0.926,0.49999999999999994,0.8660254037844387,325.39,460.84,437.2,292.01,407.80999999999995,72.34987698676116,528.9416666666667,-0.2939197922506772,-0.6364285714285707,0.6428571428571423,28.04,0.73,0.49,1992.0,0.18775100307353915,523.8,1428406.8
2020-02-01,2020,2,Winter / Post-Monsoon,Northeast/Dry,0,Alappuzha,Indian Mackerel,Rastrelliger kanagurta,3.2,Intermediate Predator,1428406.8,2727,29365,523.8,28.37,12.4,4.2,0.93,0.97,1.12,1.377,1298.53,288.27,0.2226,-462.876,1.071,0.8660254037844386,0.5000000000000001,416.79,325.39,460.84,416.52,401.0066666666666,69.09059873335016,467.40500000000003,0.28089368816209215,-0.28142857142857025,1.7428571428571438,27.64,1.01,0.98,2366.0,0.15257819039485127,376.57,300877.1
2020-03-01,2020,3,Pre-Monsoon / Summer,Pre-Monsoon,0,Alappuzha,Indian Mackerel,Rastrelliger kanagurta,3.2,Intermediate Predator,300877.1,799,9598,376.57,29.62,23.2,3.3,1.03,0.65,0.53,0.404,547.38,241.49,0.4422,-136.648,0.882,1.0,6.123233995736766e-17,523.8,416.79,325.39,322.98,421.9933333333333,99.30729093743722,487.6133333333334,0.2567479964311043,0.0842857142857163,-1.5357142857142883,28.37,0.97,1.12,2727.0,-0.7070040311440996,311.39,251917.6
2020-04-01,2020,4,Pre-Monsoon / Summer,Pre-Monsoon,0,Alappuzha,Indian Mackerel,Rastrelliger kanagurta,3.2,Intermediate Predator,251917.6,809,9156,311.39,30.09,81.4,3.7,1.11,0.99,0.94,0.409,427.02,199.97,0.4695,-81.395,0.777,0.8660254037844387,-0.4999999999999998,376.57,523.8,416.79,208.17,439.0533333333333,76.09803041690894,423.4316666666667,-0.2810805597350026,-0.21142857142857352,-8.007142857142853,29.62,0.65,0.53,799.0,0.012515644399053262,563.04,506733.4
2020-05-01,2020,5,Pre-Monsoon / Summer,Pre-Monsoon,0,Alappuzha,Indian Mackerel,Rastrelliger kanagurta,3.2,Intermediate Predator,506733.4,900,12710,563.04,29.6,302.9,5.7,2.1,1.67,1.88,0.455,842.44,327.0,0.3889,-287.893,1.189,0.49999999999999994,-0.8660254037844387,311.39,376.57,523.8,351.01,403.9199999999999,108.81414843667834,402.46333333333337,-0.17308866417694815,-0.5299999999999976,41.8428571428571,30.09,0.99,0.94,809.0,0.11248454743529608,1610.43,942099.5
2020-06-01,2020,6,Southwest Monsoon,Southwest Monsoon,1,Alappuzha,Indian Mackerel,Rastrelliger kanagurta,3.2,Intermediate Predator,942099.5,585,7449,1610.43,28.27,668.3,8.4,3.53,12.23,7.34,0.295,5949.09,827.25,0.1392,-5907.477,3.283,1.2246467991473532e-16,-1.0,563.04,311.39,376.57,1106.11,416.99999999999994,130.60577820295498,419.4966666666667,0.8081505248032845,-0.32071428571428484,-1.4214285714286916,29.6,1.67,1.88,900.0,-0.34999999611111116,1028.22,547015.6
2020-07-01,2020,7,Southwest Monsoon,Southwest Monsoon,1,Alappuzha,Indian Mackerel,Rastrelliger kanagurta,3.2,Intermediate Predator,547015.6,532,6516,1028.22,27.18,358.8,8.4,3.39,12.12,6.65,0.269,3782.99,533.69,0.1413,-2385.922,2.07,-0.4999999999999997,-0.8660254037844388,1610.43,563.04,311.39,786.01,828.2866666666665,688.9434490822399,633.6700000000001,1.8602408024253911,-0.5042857142857144,-249.14999999999992,28.27,12.23,7.34,585.0,-0.0905982890496019,997.18,2689383.0
2020-08-01,2020,8,Southwest Monsoon,Southwest Monsoon,0,Alappuzha,Indian Mackerel,Rastrelliger kanagurta,3.2,Intermediate Predator,2689383.0,2697,34058,997.18,27.4,511.6,6.8,3.21,10.49,6.12,1.362,4051.56,515.1,0.1274,-2559.345,2.167,-0.8660254037844385,-0.5000000000000004,1028.22,1610.43,563.04,402.55,1067.23,524.7835631000646,735.5750000000002,-0.3615245595181128,0.022857142857144908,94.58571428571435,27.18,12.12,6.65,532.0,4.069548795685173,693.9,1657038.5
2020-09-01,2020,9,Southwest Monsoon,Southwest Monsoon,0,Alappuzha,Indian Mackerel,Rastrelliger kanagurta,3.2,Intermediate Predator,1657038.5,2388,30793,693.9,27.34,251.7,5.2,2.4,7.92,4.48,1.206,2674.54,359.12,0.1346,-1185.368,1.721,-1.0,-1.8369701987210297e-16,997.18,1028.22,1610.43,761.66,1211.9433333333332,345.44838693114895,814.4716666666667,-0.030188091748963412,-0.6828571428571415,1.7214285714285609,27.4,10.49,6.12,2697.0,-0.11457174596006026,580.45,1273518.2
2020-10-01,2020,10,Post-Monsoon,Post-Monsoon,0,Alappuzha,Indian Mackerel,Rastrelliger kanagurta,3.2,Intermediate Predator,1273518.2,2194,21949,580.45,28.52,238.6,2.9,1.39,0.95,1.25,1.108,1438.1,311.95,0.2175,-559.192,1.226,-0.8660254037844386,0.5000000000000001,693.9,997.18,1028.22,437.2,906.4333333333333,184.71243524281962,867.3600000000001,-0.3041376651744152,-0.27857142857142847,-63.957142857142884,27.34,7.92,4.48,2388.0,-0.08123953064807567,527.98,1485724.7
2020-11-01,2020,11,Post-Monsoon,Post-Monsoon,0,Alappuzha,Indian Mackerel,Rastrelliger kanagurta,3.2,Intermediate Predator,1485724.7,2814,30478,527.98,29.0,172.0,3.5,1.2,1.07,1.15,1.421,1207.73,307.42,0.2552,-442.696,1.215,-0.5000000000000004,0.8660254037844384,580.45,693.9,997.18,460.84,757.1766666666666,215.45051783027313,912.2033333333334,-0.16349617864971633,-0.015714285714288678,3.842857142857156,28.52,0.95,1.25,2194.0,0.2825888774722476,598.06,1573486.5
2020-12-01,2020,12,Winter / Post-Monsoon,Northeast/Dry,0,Alappuzha,Indian Mackerel,Rastrelliger kanagurta,3.2,Intermediate Predator,1573486.5,2631,37297,598.06,28.05,38.9,4.0,1.3,1.56,1.14,1.329,1082.02,296.01,0.2742,-372.236,1.16,-2.4492935982947064e-16,1.0,527.98,580.45,693.9,325.39,600.7766666666666,84.80708480624068,906.36,-0.0903953813352506,-0.4485714285714302,3.5214285714285722,29.0,1.07,1.15,2814.0,-0.06503198271132912,564.77,1145919.2
2021-01-01,2021,1,Winter / Post-Monsoon,Northeast/Dry,0,Alappuzha,Indian Mackerel,Rastrelliger kanagurta,3.2,Intermediate Predator,1145919.2,2029,26936,564.77,28.22,9.3,3.3,0.94,1.14,1.05,1.025,1411.08,308.01,0.2188,-548.438,1.336,0.49999999999999994,0.8660254037844387,598.06,527.98,580.45,416.79,568.8299999999999,36.45641095883653,737.6316666666667,0.1327322979519621,-0.05642857142857238,0.8428571428571434,28.05,1.56,1.14,2631.0,-0.22881033740474974,577.83,1571687.4
2021-02-01,2021,2,Winter / Post-Monsoon,Northeast/Dry,0,Alappuzha,Indian Mackerel,Rastrelliger kanagurta,3.2,Intermediate Predator,1571687.4,2720,39129,577.83,28.2,11.4,3.7,0.8,1.29,0.91,1.374,1452.9,309.29,0.2134,-579.176,1.225,0.8660254037844386,0.5000000000000001,564.77,598.06,527.98,523.8,563.6033333333332,35.054563659143,660.39,-0.055663310442709536,-0.45142857142857196,0.7428571428571438,28.22,1.14,1.05,2029.0,0.3405618514511491,449.74,1105910.7
2021-03-01,2021,3,Pre-Monsoon / Summer,Pre-Monsoon,0,Alappuzha,Indian Mackerel,Rastrelliger kanagurta,3.2,Intermediate Predator,1105910.7,2459,32161,449.74,29.7,24.2,3.6,0.72,1.04,0.77,1.242,715.31,273.1,0.3827,-210.481,1.086,1.0,6.123233995736766e-17,577.83,564.77,598.06,376.57,580.2199999999999,16.773195879127403,590.4983333333333,0.02312445733441133,0.1642857142857146,-0.5357142857142883,28.2,1.29,0.91,2720.0,-0.0959558820001622,447.46,1174579.6
2021-04-01,2021,4,Pre-Monsoon / Summer,Pre-Monsoon,0,Alappuzha,Indian Mackerel,Rastrelliger kanagurta,3.2,Intermediate Predator,1174579.6,2625,29099,447.46,30.14,98.4,4.4,1.01,1.7,1.2,1.326,730.94,270.46,0.3709,-208.846,0.992,0.8660254037844387,-0.4999999999999998,449.74,577.83,564.77,311.39,530.7799999999999,70.48582907222972,549.8050000000001,-0.22167419099606825,-0.1614285714285728,8.992857142857147,29.7,1.04,0.77,2459.0,0.06750711643958066,369.99,707049.0
2021-05-01,2021,5,Pre-Monsoon / Summer,Pre-Monsoon,0,Alappuzha,Indian Mackerel,Rastrelliger kanagurta,3.2,Intermediate Predator,707049.0,1911,23957,369.99,30.03,256.1,5.4,2.13,1.5,1.5,0.965,640.15,236.02,0.3697,-153.23,0.885,0.49999999999999994,-0.8660254037844387,447.46,449.74,577.83,563.04,491.67666666666656,74.61968395358511,527.64,-0.00506959565372009,-0.09999999999999787,-4.9571428571428555,30.14,1.7,1.2,2625.0,-0.2719999989638095,1660.04,1105586.6
2021-06-01,2021,6,Southwest Monsoon,Southwest Monsoon,1,Alappuzha,Indian Mackerel,Rastrelliger kanagurta,3.2,Intermediate Predator,1105586.6,666,9476,1660.04,28.95,690.0,8.2,3.43,12.25,7.29,0.336,5905.76,907.78,0.1539,-6336.907,3.791,1.2246467991473532e-16,-1.0,369.99,447.46,449.74,1610.43,422.3966666666666,45.39981975000489,501.3083333333334,-0.17313279012352406,0.3592857142857149,20.278571428571354,30.03,1.5,1.5,1911.0,-0.6514913623679154,1144.72,555190.9
2021-07-01,2021,7,Southwest Monsoon,Southwest Monsoon,1,Alappuzha,Indian Mackerel,Rastrelliger kanagurta,3.2,Intermediate Predator,555190.9,485,4955,1144.72,27.21,640.8,7.9,3.47,11.55,6.56,0.245,4860.62,579.47,0.1194,-3500.29,2.401,-0.4999999999999997,-0.8660254037844388,1660.04,369.99,447.46,1028.22,825.8299999999999,723.4847222298474,678.305,3.486715762947221,-0.4742857142857133,32.85000000000002,28.95,12.25,7.29,666.0,-0.2717717676911146,1270.17,2855346.4
2021-08-01,2021,8,Southwest Monsoon,Southwest Monsoon,0,Alappuzha,Indian Mackerel,Rastrelliger kanagurta,3.2,Intermediate Predator,2855346.4,2248,28704,1270.17,27.73,445.8,6.9,2.75,10.28,5.95,1.135,4495.31,643.26,0.1433,-3513.584,2.616,-0.8660254037844385,-0.5000000000000004,1144.72,1660.04,369.99,997.18,1058.25,649.3574102911274,774.9633333333335,-0.3104262529190486,0.35285714285714675,28.785714285714334,27.21,11.55,6.56,485.0,3.635051471442238,1142.74,2981411.6
2021-09-01,2021,9,Southwest Monsoon,Southwest Monsoon,0,Alappuzha,Indian Mackerel,Rastrelliger kanagurta,3.2,Intermediate Predator,2981411.6,2609,34227,1142.74,27.99,239.4,4.9,1.93,7.84,4.27,1.318,3903.03,600.08,0.154,-2932.758,2.355,-1.0,-1.8369701987210297e-16,1270.17,1144.72,1660.04,693.9,1358.3100000000002,268.7288043734789,890.3533333333334,0.1095901171501318,-0.03285714285714292,-10.578571428571422,27.73,10.28,5.95,2248.0,0.16058718789774382,600.22,1514963.1
2021-10-01,2021,10,Post-Monsoon,Post-Monsoon,0,Alappuzha,Indian Mackerel,Rastrelliger kanagurta,3.2,Intermediate Predator,1514963.1,2524,28536,600.22,28.18,270.1,4.2,1.82,0.92,1.22,1.275,1485.63,333.01,0.2247,-616.576,1.221,-0.8660254037844386,0.5000000000000001,1142.74,1270.17,1144.72,580.45,1185.8766666666668,73.00688072594885,1005.8533333333335,-0.1003251525360767,-0.6185714285714283,-32.457142857142856,27.99,7.84,4.27,2609.0,-0.03257953226301444,634.41,1331618.6
2021-11-01,2021,11,Post-Monsoon,Post-Monsoon,0,Alappuzha,Indian Mackerel,Rastrelliger kanagurta,3.2,Intermediate Predator,1331618.6,2099,26720,634.41,28.87,171.7,3.9,1.18,1.5,1.52,1.06,1651.72,355.37,0.2156,-730.728,1.285,-0.5000000000000004,0.8660254037844384,600.22,1142.74,1270.17,527.98,1004.3766666666667,355.7619423622108,1031.3133333333333,-0.4747536580958603,-0.14571428571428768,3.5428571428571445,28.18,0.92,1.22,2524.0,-0.16838351755790998,627.43,1782542.5
2021-12-01,2021,12,Winter / Post-Monsoon,Northeast/Dry,0,Alappuzha,Indian Mackerel,Rastrelliger kanagurta,3.2,Intermediate Predator,1782542.5,2841,41131,627.43,28.52,31.7,5.0,1.03,1.79,1.22,1.435,1548.75,355.52,0.2301,-686.322,1.375,-2.4492935982947064e-16,1.0,634.41,600.22,1142.74,598.06,792.4566666666666,303.83556281866186,1075.3833333333334,0.05696244615370277,0.021428571428568688,-3.678571428571427,28.87,1.5,1.52,2099.0,0.3535016657765523,530.62,1303209.1
2022-01-01,2022,1,Winter / Post-Monsoon,Northeast/Dry,0,Alappuzha,Indian Mackerel,Rastrelliger kanagurta,3.2,Intermediate Predator,1303209.1,2456,26993,530.62,27.65,7.3,3.7,0.82,0.96,0.73,1.24,1430.1,286.03,0.2006,-543.162,1.119,0.49999999999999994,0.8660254037844387,627.43,634.41,600.22,564.77,620.6866666666666,18.06497808836284,903.2816666666668,-0.011002348465466393,-0.6264285714285727,-1.1571428571428575,28.52,1.79,1.22,2841.0,-0.13551566302176815,582.5,1438183.7
2022-02-01,2022,2,Winter / Post-Monsoon,Northeast/Dry,0,Alappuzha,Indian Mackerel,Rastrelliger kanagurta,3.2,Intermediate Predator,1438183.7,2469,32802,582.5,28.31,10.7,3.5,0.88,1.02,0.84,1.247,1438.8,322.0,0.2243,-593.516,1.305,0.8660254037844386,0.5000000000000001,530.62,627.43,634.41,577.83,597.4866666666666,58.01330393395149,800.9316666666667,-0.15429609431655963,-0.3414285714285725,0.042857142857142705,27.65,0.96,0.73,2456.0,0.005293159587568568,603.2,1452510.3
2022-03-01,2022,3,Pre-Monsoon / Summer,Pre-Monsoon,0,Alappuzha,Indian Mackerel,Rastrelliger kanagurta,3.2,Intermediate Predator,1452510.3,2408,33582,603.2,29.04,29.5,3.1,1.15,1.0,1.04,1.216,1276.6,357.72,0.2808,-544.108,1.321,1.0,6.123233995736766e-17,582.5,530.62,627.43,449.74,580.1833333333333,48.44656059343155,686.32,0.09777241532975735,-0.49571428571428555,4.7642857142857125,28.31,1.02,0.84,2469.0,-0.024706358749670476,450.87,1228617.9
2022-04-01,2022,4,Pre-Monsoon / Summer,Pre-Monsoon,0,Alappuzha,Indian Mackerel,Rastrelliger kanagurta,3.2,Intermediate Predator,1228617.9,2725,32977,450.87,30.04,75.5,3.7,0.99,0.96,0.82,1.376,613.39,288.7,0.4715,-183.351,0.978,0.8660254037844387,-0.4999999999999998,603.2,582.5,530.62,447.46,572.1066666666666,37.38957252140013,596.3966666666668,0.03553648007662703,-0.26142857142857423,-13.907142857142858,29.04,1.0,1.04,2408.0,0.13164451772572874,571.84,1122529.1
2022-05-01,2022,5,Pre-Monsoon / Summer,Pre-Monsoon,0,Alappuzha,Indian Mackerel,Rastrelliger kanagurta,3.2,Intermediate Predator,1122529.1,1963,26849,571.84,29.8,226.9,4.6,1.66,1.08,1.22,0.991,1032.62,346.91,0.3366,-401.35,1.258,0.49999999999999994,-0.8660254037844387,450.87,603.2,582.5,369.99,545.5233333333333,82.62301515517964,571.505,-0.25253646796192863,-0.3299999999999983,-34.15714285714287,30.04,0.96,0.82,2725.0,-0.27963302649675953,1737.9,578721.3
2022-06-01,2022,6,Southwest Monsoon,Southwest Monsoon,1,Alappuzha,Indian Mackerel,Rastrelliger kanagurta,3.2,Intermediate Predator,578721.3,333,4443,1737.9,28.15,932.2,7.9,3.26,11.79,7.53,0.168,7036.1,927.51,0.1319,-7937.307,4.023,1.2246467991473532e-16,-1.0,571.84,450.87,603.2,1660.04,541.9699999999999,80.43798791615636,561.0766666666667,0.2683034961673322,-0.44071428571428584,262.4785714285714,29.8,1.08,1.22,1963.0,-0.830361687058779,1657.77,823910.3
2022-07-01,2022,7,Southwest Monsoon,Southwest Monsoon,1,Alappuzha,Indian Mackerel,Rastrelliger kanagurta,3.2,Intermediate Predator,823910.3,497,4828,1657.77,27.41,517.1,8.5,4.01,12.7,7.04,0.251,5946.56,801.51,0.1349,-5789.675,3.191,-0.4999999999999997,-0.8660254037844388,1737.9,571.84,450.87,1144.72,920.2033333333334,710.724499530819,746.1550000000001,2.0391367858293092,-0.274285714285714,-90.84999999999991,28.15,11.79,7.53,333.0,0.49249247770292864,713.43,1652314.6
2022-08-01,2022,8,Southwest Monsoon,Southwest Monsoon,0,Alappuzha,Indian Mackerel,Rastrelliger kanagurta,3.2,Intermediate Predator,1652314.6,2316,24815,713.43,26.62,260.1,7.8,2.32,11.68,6.21,1.17,2970.32,366.46,0.1237,-1299.222,1.748,-0.8660254037844385,-0.5000000000000004,1657.77,1737.9,571.84,1270.17,1322.5033333333333,651.326941123529,934.0133333333333,-0.046107370699652685,-0.7571428571428527,-156.91428571428565,27.41,12.7,7.04,497.0,3.6599596849102682,1517.68,3965703.1
2022-09-01,2022,9,Southwest Monsoon,Southwest Monsoon,0,Alappuzha,Indian Mackerel,Rastrelliger kanagurta,3.2,Intermediate Predator,3965703.1,2613,25484,1517.68,27.68,291.6,6.2,2.06,9.5,5.29,1.32,4839.62,757.66,0.1567,-4484.301,2.837,-1.0,-1.8369701987210297e-16,713.43,1657.77,1737.9,1142.74,1369.7,569.7569121125252,955.835,-0.5696447603126805,-0.34285714285714164,41.621428571428595,26.62,11.68,6.21,2316.0,0.12823834141520576,603.29,1838222.8
2022-10-01,2022,10,Post-Monsoon,Post-Monsoon,0,Alappuzha,Indian Mackerel,Rastrelliger kanagurta,3.2,Intermediate Predator,1838222.8,3047,34138,603.29,28.54,337.9,3.5,1.24,1.19,1.57,1.539,1520.4,354.88,0.2339,-653.224,1.41,-0.8660254037844386,0.5000000000000001,1517.68,713.43,1657.77,600.22,1296.2933333333333,509.61117632302097,1108.2483333333334,1.1273004902050592,-0.2585714285714289,35.3428571428571,27.68,9.5,5.29,2613.0,0.16609261321816832,718.29,1440181.4
2022-11-01,2022,11,Post-Monsoon,Post-Monsoon,0,Alappuzha,Indian Mackerel,Rastrelliger kanagurta,3.2,Intermediate Predator,1440181.4,2005,27047,718.29,28.33,162.5,4.0,1.43,1.67,1.77,1.013,1797.71,395.12,0.2202,-874.495,1.55,-0.5000000000000004,0.8660254037844384,603.29,1517.68,713.43,634.41,944.8000000000001,499.1756461407144,1133.6516666666669,-0.602491957444969,-0.6857142857142904,-5.657142857142844,28.54,1.19,1.57,3047.0,-0.34197571269453325,735.22,2046111.4
2022-12-01,2022,12,Winter / Post-Monsoon,Northeast/Dry,0,Alappuzha,Indian Mackerel,Rastrelliger kanagurta,3.2,Intermediate Predator,2046111.4,2783,26886,735.22,28.0,33.7,4.7,1.33,1.36,0.98,1.406,1555.77,379.31,0.2443,-740.385,1.483,-2.4492935982947064e-16,1.0,718.29,603.29,1517.68,627.43,946.4200000000001,498.05596141397575,1158.0600000000002,0.19062142268856733,-0.4985714285714309,-1.6785714285714235,28.33,1.67,1.77,2005.0,0.3880299232517211,685.8,1719303.9
2023-01-01,2023,1,Winter / Post-Monsoon,Northeast/Dry,0,Alappuzha,Indian Mackerel,Rastrelliger kanagurta,3.2,Intermediate Predator,1719303.9,2507,33827,685.8,28.72,7.3,3.4,1.12,0.95,0.81,1.266,1332.24,387.35,0.2913,-624.122,1.542,0.49999999999999994,0.8660254037844387,735.22,718.29,603.29,530.62,685.6,71.78341242933067,990.9466666666668,0.02356986699564437,0.4435714285714276,-1.1571428571428575,28.0,1.36,0.98,2783.0,-0.09917355336265342,791.11,1821142.1
2023-02-01,2023,2,Winter / Post-Monsoon,Northeast/Dry,0,Alappuzha,Indian Mackerel,Rastrelliger kanagurta,3.2,Intermediate Predator,1821142.1,2302,24703,791.11,29.13,7.9,4.6,0.5,1.39,1.1,1.163,1435.01,447.59,0.3124,-758.892,1.574,0.8660254037844386,0.5000000000000001,685.8,735.22,718.29,582.5,713.1033333333334,25.11494044055732,828.9516666666668,-0.06721797465768113,0.47857142857142776,-2.7571428571428562,28.72,0.95,0.81,2507.0,-0.08177104075879121,693.6,1875497.9
2023-03-01,2023,3,Pre-Monsoon / Summer,Pre-Monsoon,0,Alappuzha,Indian Mackerel,Rastrelliger kanagurta,3.2,Intermediate Predator,1875497.9,2704,29114,693.6,29.72,30.8,3.5,1.22,1.55,1.15,1.366,1069.07,396.33,0.3713,-473.526,1.46,1.0,6.123233995736766e-17,791.11,685.8,735.22,603.2,737.3766666666667,52.68811472555045,841.8983333333334,0.15355788635815282,0.18428571428571416,6.064285714285713,29.13,1.39,1.1,2302.0,0.17463075510586118,297.97,863815.1
2023-04-01,2023,4,Pre-Monsoon / Summer,Pre-Monsoon,0,Alappuzha,Indian Mackerel,Rastrelliger kanagurta,3.2,Intermediate Predator,863815.1,2899,31852,297.97,30.67,70.9,4.3,1.33,0.58,0.55,1.464,236.29,207.81,0.88,-43.187,0.657,0.8660254037844387,-0.4999999999999998,693.6,791.11,685.8,450.87,723.5033333333334,58.67883803666149,704.5516666666667,-0.12325719402792033,0.36857142857142833,-18.507142857142853,29.72,1.55,1.15,2704.0,0.07211538434868571,403.49,1027274.7
2023-05-01,2023,5,Pre-Monsoon / Summer,Pre-Monsoon,0,Alappuzha,Indian Mackerel,Rastrelliger kanagurta,3.2,Intermediate Predator,1027274.7,2546,27899,403.49,30.46,217.2,4.1,2.3,1.71,1.21,1.286,449.48,263.49,0.5871,-113.955,0.981,0.49999999999999994,-0.8660254037844387,297.97,693.6,791.11,571.84,594.2266666666667,261.15715466617536,653.6650000000001,-0.5704007991580046,0.33000000000000185,-43.85714285714289,30.67,0.58,0.55,2899.0,-0.12176612583040314,1521.85,628525.7
2023-06-01,2023,6,Southwest Monsoon,Southwest Monsoon,1,Alappuzha,Indian Mackerel,Rastrelliger kanagurta,3.2,Intermediate Predator,628525.7,413,5934,1521.85,28.81,607.3,7.0,3.43,10.31,6.2,0.209,6213.17,881.48,0.142,-6739.638,4.027,1.2246467991473532e-16,-1.0,403.49,297.97,693.6,1737.9,465.02,204.8663708371854,601.1983333333334,0.35412959847871933,0.2192857142857143,-62.42142857142869,30.46,1.71,1.21,2546.0,-0.8377847571178917,2607.94,1176180.3
2023-07-01,2023,7,Southwest Monsoon,Southwest Monsoon,1,Alappuzha,Indian Mackerel,Rastrelliger kanagurta,3.2,Intermediate Predator,1176180.3,451,5619,2607.94,28.14,556.0,8.9,3.02,13.72,7.63,0.228,7809.0,1316.26,0.1687,-12039.464,4.873,-0.4999999999999997,-0.8660254037844388,1521.85,403.49,297.97,1657.77,741.1033333333334,678.2017662416788,732.3033333333333,2.771716702477962,0.4557142857142864,-51.94999999999993,28.81,10.31,6.2,413.0,0.09200968300218686,1640.52,4232540.6
2023-08-01,2023,8,Southwest Monsoon,Southwest Monsoon,0,Alappuzha,Indian Mackerel,Rastrelliger kanagurta,3.2,Intermediate Predator,4232540.6,2580,35020,1640.52,27.62,454.9,7.7,3.29,11.31,6.55,1.303,6484.34,843.44,0.1302,-6795.982,3.748,-0.8660254037844385,-0.5000000000000004,2607.94,1521.85,403.49,713.43,1511.0933333333332,1102.2643648568765,1052.66,0.7136642854836924,0.24285714285714732,37.8857142857143,28.14,13.72,7.63,451.0,4.72062073790198,1632.06,5338471.7
2023-09-01,2023,9,Southwest Monsoon,Southwest Monsoon,0,Alappuzha,Indian Mackerel,Rastrelliger kanagurta,3.2,Intermediate Predator,5338471.7,3271,44699,1632.06,28.66,216.2,5.3,2.04,7.82,4.6,1.652,5026.72,885.22,0.1763,-5445.189,3.528,-1.0,-1.8369701987210297e-16,1640.52,2607.94,1521.85,1517.68,1923.4366666666667,595.7593912254627,1194.2283333333335,-0.3709517842781974,0.6371428571428588,-33.77857142857144,27.62,11.31,6.55,2580.0,0.2678294563262424,767.66,1982109.4
2023-10-01,2023,10,Post-Monsoon,Post-Monsoon,0,Alappuzha,Indian Mackerel,Rastrelliger kanagurta,3.2,Intermediate Predator,1982109.4,2582,33081,767.66,29.22,267.5,4.4,1.04,1.36,1.55,1.304,1237.83,437.49,0.354,-605.929,1.66,-0.8660254037844386,0.5000000000000001,1632.06,1640.52,2607.94,603.29,1960.1733333333334,560.9983366582595,1350.6383333333333,-0.005156901438830994,0.4214285714285708,-35.05714285714288,28.66,7.82,4.6,3271.0,-0.21063894768988398,643.44,1524320.0
2023-11-01,2023,11,Post-Monsoon,Post-Monsoon,0,Alappuzha,Indian Mackerel,Rastrelliger kanagurta,3.2,Intermediate Predator,1524320.0,2369,25997,643.44,29.29,139.2,3.7,1.47,1.01,0.91,1.196,1417.3,396.16,0.28,-683.267,1.554,-0.5000000000000004,0.8660254037844384,767.66,1632.06,1640.52,718.29,1346.7466666666667,501.5216032568619,1428.92,-0.5296373875369939,0.27428571428571047,-28.957142857142856,29.22,1.36,1.55,2582.0,-0.08249419023046402,741.31,1921487.6
2023-12-01,2023,12,Winter / Post-Monsoon,Northeast/Dry,0,Alappuzha,Indian Mackerel,Rastrelliger kanagurta,3.2,Intermediate Predator,1921487.6,2592,27947,741.31,28.79,35.8,4.1,1.28,1.32,1.23,1.309,1712.44,424.58,0.2484,-901.415,1.692,-2.4492935982947064e-16,1.0,643.44,767.66,1632.06,735.22,1014.3866666666668,538.5145421744272,1468.9116666666669,-0.16181642704040286,0.29142857142856826,0.4214285714285708,29.29,1.01,0.91,2369.0,0.09413254498044514,661.84,1905436.8
2024-01-01,2024,1,Winter / Post-Monsoon,Northeast/Dry,0,Alappuzha,Indian Mackerel,Rastrelliger kanagurta,3.2,Intermediate Predator,1905436.8,2879,33375,661.84,28.07,8.9,3.0,1.0,0.37,0.51,1.454,1311.56,368.2,0.2813,-601.119,1.261,0.49999999999999994,0.8660254037844387,741.31,643.44,767.66,685.8,717.4700000000001,65.45159509133057,1338.8216666666667,0.15210431194665666,-0.20642857142857096,0.44285714285714306,28.79,1.32,1.23,2592.0,0.11072530821479433,725.04,2169315.9
2024-02-01,2024,2,Winter / Post-Monsoon,Northeast/Dry,0,Alappuzha,Indian Mackerel,Rastrelliger kanagurta,3.2,Intermediate Predator,2169315.9,2992,39274,725.04,28.2,10.9,4.1,1.59,1.24,1.06,1.511,1853.49,396.7,0.2145,-959.916,1.474,0.8660254037844386,0.5000000000000001,661.84,741.31,643.44,791.11,682.1966666666668,52.01374465785754,1014.4716666666667,-0.1072021137283711,-0.45142857142857196,0.24285714285714377,28.07,0.37,0.51,2879.0,0.03924973935654832,563.83,1475532.9
2024-03-01,2024,3,Pre-Monsoon / Summer,Pre-Monsoon,0,Alappuzha,Indian Mackerel,Rastrelliger kanagurta,3.2,Intermediate Predator,1475532.9,2617,31858,563.83,29.67,29.2,3.5,0.63,1.03,0.77,1.322,929.5,333.72,0.3597,-349.656,1.268,1.0,6.123233995736766e-17,725.04,661.84,741.31,693.6,709.3966666666669,41.98101515367181,861.8916666666668,0.09549135598496067,0.134285714285717,4.464285714285712,28.2,1.24,1.06,2992.0,-0.12533422418003268,534.38,1104021.1
2024-04-01,2024,4,Pre-Monsoon / Summer,Pre-Monsoon,0,Alappuzha,Indian Mackerel,Rastrelliger kanagurta,3.2,Intermediate Predator,1104021.1,2066,21217,534.38,30.3,106.9,4.1,1.86,1.27,0.87,1.043,535.25,319.41,0.5975,-171.963,1.034,0.8660254037844387,-0.4999999999999998,563.83,725.04,661.84,297.97,650.2366666666668,81.2289605579979,683.8533333333335,-0.22234635023796817,-0.001428571428572667,17.492857142857147,29.67,1.03,0.77,2617.0,-0.2105464264021917,385.3,1120844.6
2024-05-01,2024,5,Pre-Monsoon / Summer,Pre-Monsoon,0,Alappuzha,Indian Mackerel,Rastrelliger kanagurta,3.2,Intermediate Predator,1120844.6,2909,37561,385.3,30.43,238.3,5.3,1.45,1.36,1.18,1.469,634.1,252.23,0.3987,-164.306,0.834,0.49999999999999994,-0.8660254037844387,534.38,563.83,725.04,403.49,607.7500000000001,102.63787653687803,644.9733333333335,-0.05223205483510898,0.3000000000000007,-22.757142857142867,30.3,1.27,0.87,2066.0,0.408034847976598,1934.68,913168.7
2024-06-01,2024,6,Southwest Monsoon,Southwest Monsoon,1,Alappuzha,Indian Mackerel,Rastrelliger kanagurta,3.2,Intermediate Predator,913168.7,472,5974,1934.68,28.07,555.8,7.7,3.7,11.28,6.5,0.238,6163.21,993.46,0.1613,-7314.156,3.911,1.2246467991473532e-16,-1.0,385.3,534.38,563.83,1521.85,494.5033333333335,95.71233793682339,601.9500000000002,-0.27897750142262995,-0.5207142857142841,-113.92142857142869,30.43,1.36,1.18,2909.0,-0.8377449266492095,1853.51,1004600.8
2024-07-01,2024,7,Southwest Monsoon,Southwest Monsoon,1,Alappuzha,Indian Mackerel,Rastrelliger kanagurta,3.2,Intermediate Predator,1004600.8,542,5437,1853.51,28.14,586.5,8.3,3.26,12.54,7.02,0.274,7192.81,982.18,0.1367,-8641.24,4.236,-0.4999999999999997,-0.8660254037844388,1934.68,385.3,534.38,2607.94,951.4533333333335,854.7556493719904,800.8450000000001,4.021230105859588,0.4557142857142864,-21.449999999999932,28.07,11.28,6.5,472.0,0.1483050816037059,1550.78,3444272.4
2024-08-01,2024,8,Southwest Monsoon,Southwest Monsoon,0,Alappuzha,Indian Mackerel,Rastrelliger kanagurta,3.2,Intermediate Predator,3444272.4,2221,24096,1550.78,27.59,528.2,7.3,3.14,11.14,6.56,1.122,6353.73,810.88,0.1278,-6417.973,3.444,-0.8660254037844385,-0.5000000000000004,1853.51,1934.68,385.3,1640.52,1391.1633333333332,872.0481215124158,999.4566666666668,-0.041955258533942295,0.2128571428571462,111.18571428571437,28.14,12.54,7.02,542.0,3.097785920705057,1408.65,3045501.6
2024-09-01,2024,9,Southwest Monsoon,Southwest Monsoon,0,Alappuzha,Indian Mackerel,Rastrelliger kanagurta,3.2,Intermediate Predator,3045501.6,2162,21111,1408.65,28.01,235.8,5.2,1.94,8.04,4.47,1.092,5160.85,737.48,0.1431,-4885.048,2.815,-1.0,-1.8369701987210297e-16,1550.78,1853.51,1934.68,1632.06,1779.6566666666668,202.3253286994321,1137.0800000000002,-0.1633279552668831,-0.012857142857139792,-14.178571428571416,27.59,11.14,6.56,2221.0,-0.026564610416188156,897.83,1761549.8
2024-10-01,2024,10,Post-Monsoon,Post-Monsoon,0,Alappuzha,Indian Mackerel,Rastrelliger kanagurta,3.2,Intermediate Predator,1761549.8,1962,21597,897.83,28.65,356.4,4.4,1.23,1.23,1.57,0.991,1892.89,473.16,0.2504,-1095.008,1.667,-0.8660254037844386,0.5000000000000001,1408.65,1550.78,1853.51,767.66,1604.3133333333335,227.21018514435735,1277.8833333333334,-0.0916506526286729,-0.14857142857142946,53.8428571428571,28.01,8.04,4.47,2162.0,-0.09250693759247484,726.31,1765650.5
2024-11-01,2024,11,Post-Monsoon,Post-Monsoon,0,Alappuzha,Indian Mackerel,Rastrelliger kanagurta,3.2,Intermediate Predator,1765650.5,2431,27693,726.31,29.19,160.4,4.1,1.38,1.39,1.31,1.228,1446.51,406.64,0.2816,-697.936,1.679,-0.5000000000000004,0.8660254037844384,897.83,1408.65,1550.78,643.44,1285.7533333333333,343.3855247871306,1338.4583333333335,-0.3626308851550713,0.1742857142857126,-7.7571428571428385,28.65,1.23,1.57,1962.0,0.23904179286930788,786.29,1414530.6
2024-12-01,2024,12,Winter / Post-Monsoon,Northeast/Dry,0,Alappuzha,Indian Mackerel,Rastrelliger kanagurta,3.2,Intermediate Predator,1414530.6,1799,21246,786.29,28.88,38.5,3.2,0.63,1.38,1.12,0.909,1629.38,427.38,0.2627,-856.541,1.522,-2.4492935982947064e-16,1.0,726.31,897.83,1408.65,741.31,1010.9300000000002,354.95165360933277,1395.2933333333333,-0.1910383904409701,0.3814285714285681,3.1214285714285737,29.19,1.39,1.31,2431.0,-0.259975317729431,669.66,1581058.9
2025-01-01,2025,1,Winter / Post-Monsoon,Northeast/Dry,0,Alappuzha,Indian Mackerel,Rastrelliger kanagurta,3.2,Intermediate Predator,1581058.9,2361,33946,669.66,28.27,8.2,3.3,1.34,1.16,0.74,1.192,1445.46,366.92,0.2544,-667.589,1.341,0.49999999999999994,0.8660254037844387,786.29,726.31,897.83,661.84,803.4766666666668,87.0420228012483,1203.895,0.08258181654415038,-0.006428571428571672,-0.257142857142858,28.88,1.38,1.12,1799.0,0.3123957736942981,649.97,1287599.2
2025-02-01,2025,2,Winter / Post-Monsoon,Northeast/Dry,0,Alappuzha,Indian Mackerel,Rastrelliger kanagurta,3.2,Intermediate Predator,1287599.2,1981,25353,649.97,29.05,11.8,3.5,1.3,1.05,0.93,1.001,1013.5,376.14,0.3717,-428.556,1.377,0.8660254037844386,0.5000000000000001,669.66,786.29,726.31,725.04,727.4200000000001,58.32292259480543,1006.5866666666667,-0.1483294948641151,0.39857142857142946,1.1428571428571441,28.27,1.16,0.74,2361.0,-0.1609487498477393,627.39,1456163.4
2025-03-01,2025,3,Pre-Monsoon / Summer,Pre-Monsoon,0,Alappuzha,Indian Mackerel,Rastrelliger kanagurta,3.2,Intermediate Predator,1456163.4,2321,27828,627.39,29.46,20.8,4.2,0.97,1.05,0.73,1.172,678.31,348.71,0.5148,-248.875,1.246,1.0,6.123233995736766e-17,649.97,669.66,786.29,563.83,701.9733333333334,73.68106427931798,856.4516666666667,-0.029402980177956187,-0.07571428571428385,-3.935714285714287,29.05,1.05,0.93,1981.0,0.17163048878530798,472.21,955758.4
2025-04-01,2025,4,Pre-Monsoon / Summer,Pre-Monsoon,0,Alappuzha,Indian Mackerel,Rastrelliger kanagurta,3.2,Intermediate Predator,955758.4,2024,27353,472.21,29.88,87.4,3.2,1.37,0.0,0.54,1.022,477.49,296.42,0.6216,-141.815,0.913,0.8660254037844387,-0.4999999999999998,627.39,649.97,669.66,534.38,649.0066666666668,21.15145936650652,726.2416666666668,-0.034740064391586375,-0.4214285714285744,-2.0071428571428527,29.46,1.05,0.73,2321.0,-0.1279620847567338,556.14,1450414.0
2025-05-01,2025,5,Pre-Monsoon / Summer,Pre-Monsoon,0,Alappuzha,Indian Mackerel,Rastrelliger kanagurta,3.2,Intermediate Predator,1450414.0,2608,29707,556.14,29.7,258.8,5.7,2.3,1.8,1.59,1.317,800.08,345.67,0.4328,-288.858,1.369,0.49999999999999994,-0.8660254037844387,472.21,627.39,649.97,385.3,583.19,96.77233282296972,655.3050000000001,-0.24734215962412281,-0.4299999999999997,-2.257142857142867,29.88,0.0,0.54,2024.0,0.28853754798153386,2076.87,1244046.9
2025-06-01,2025,6,Southwest Monsoon,Southwest Monsoon,1,Alappuzha,Indian Mackerel,Rastrelliger kanagurta,3.2,Intermediate Predator,1244046.9,599,8659,2076.87,28.49,572.2,8.5,3.26,12.44,7.31,0.303,5602.21,1086.36,0.1941,-6947.447,4.245,1.2246467991473532e-16,-1.0,556.14,472.21,627.39,1934.68,551.9133333333334,77.67629389545394,626.9433333333335,0.1777387141793119,-0.10071428571428598,-97.5214285714286,29.7,1.8,1.59,2608.0,-0.7703220829358816,1890.69,1019080.6
2025-07-01,2025,7,Southwest Monsoon,Southwest Monsoon,1,Alappuzha,Indian Mackerel,Rastrelliger kanagurta,3.2,Intermediate Predator,1019080.6,539,6064,1890.69,27.83,707.7,7.6,3.22,11.18,6.95,0.272,6936.03,947.28,0.1367,-8036.696,3.358,-0.4999999999999997,-0.8660254037844388,2076.87,556.14,472.21,1853.51,1035.0733333333335,903.1978090281957,842.0400000000001,2.7344373227166305,0.14571428571428413,99.75000000000011,28.49,12.44,7.31,599.0,-0.10016694323594419,1180.71,3131254.8
2025-08-01,2025,8,Southwest Monsoon,Southwest Monsoon,0,Alappuzha,Indian Mackerel,Rastrelliger kanagurta,3.2,Intermediate Predator,3131254.8,2652,34242,1180.71,27.35,339.2,6.5,2.71,10.01,5.62,1.339,4056.25,591.95,0.1461,-2914.055,2.437,-0.8660254037844385,-0.5000000000000004,1890.69,2076.87,556.14,1550.78,1507.9000000000003,829.4884395216125,1045.545,-0.08964451270592512,-0.02714285714285225,-77.81428571428569,27.83,11.18,6.95,539.0,3.920222561776947,1343.52,3256704.6
2025-09-01,2025,9,Southwest Monsoon,Southwest Monsoon,0,Alappuzha,Indian Mackerel,Rastrelliger kanagurta,3.2,Intermediate Predator,3256704.6,2424,27960,1343.52,28.46,276.5,5.3,2.21,8.2,4.81,1.224,3941.92,715.91,0.1818,-3371.062,2.983,-1.0,-1.8369701987210297e-16,1180.71,1890.69,2076.87,1408.65,1716.0900000000001,472.9054412882133,1134.0016666666668,-0.37551369936100737,0.4371428571428595,26.521428571428572,27.35,10.01,5.62,2652.0,-0.08597285035455184,617.3,1545105.0
2025-10-01,2025,10,Post-Monsoon,Post-Monsoon,0,Alappuzha,Indian Mackerel,Rastrelliger kanagurta,3.2,Intermediate Predator,1545105.0,2503,32653,617.3,28.44,287.7,3.2,0.99,0.82,1.27,1.264,1546.48,343.3,0.2225,-663.618,1.411,-0.8660254037844386,0.5000000000000001,1343.52,1180.71,1890.69,897.83,1471.64,371.9260019143589,1253.3566666666668,0.13789160642417178,-0.35857142857142676,-14.85714285714289,28.46,8.2,4.81,2424.0,0.032590758941457264,617.12,1411347.3
2025-11-01,2025,11,Post-Monsoon,Post-Monsoon,0,Alappuzha,Indian Mackerel,Rastrelliger kanagurta,3.2,Intermediate Predator,1411347.3,2287,25793,617.12,28.76,178.7,3.9,1.21,0.9,1.11,1.155,1217.51,348.71,0.287,-498.932,1.367,-0.5000000000000004,0.8660254037844384,617.3,1343.52,1180.71,726.31,1047.1766666666665,381.0803529878349,1277.5383333333334,-0.5405353062065671,-0.2557142857142871,10.542857142857144,28.44,0.82,1.27,2503.0,-0.08629644392210768,616.23,1593566.7
2012-04-01,2012,4,Pre-Monsoon / Summer,Pre-Monsoon,0,Ernakulam,Indian Mackerel,Rastrelliger kanagurta,3.2,Intermediate Predator,1469350.2,2965,42260,495.56,30.52,77.2,5.0,1.47,1.52,0.98,1.267,677.17,327.81,0.4848,-231.331,1.064,0.8660254037844387,-0.4999999999999998,824.96,970.27,814.27,869.8333333333334,869.8333333333334,87.14477628253648,869.8333333333334,-0.14976243571621878,0.2185714285714262,-12.207142857142856,29.29,1.05,0.79,2886.0,0.027373527278678006,692.56,1912144.4
2012-05-01,2012,5,Pre-Monsoon / Summer,Pre-Monsoon,0,Ernakulam,Indian Mackerel,Rastrelliger kanagurta,3.2,Intermediate Predator,1912144.4,2761,35500,692.56,30.32,246.6,6.3,1.7,1.64,1.33,1.18,956.94,444.57,0.4651,-456.887,1.267,0.49999999999999994,-0.8660254037844387,495.56,824.96,970.27,763.5966666666667,763.5966666666667,243.23135084386908,776.265,-0.39929208204892264,0.19000000000000128,-14.457142857142884,30.52,1.52,0.98,2965.0,-0.06880269791297572,2461.9,1447598.1
2012-06-01,2012,6,Southwest Monsoon,Southwest Monsoon,1,Ernakulam,Indian Mackerel,Rastrelliger kanagurta,3.2,Intermediate Predator,1447598.1,588,6792,2461.9,28.42,588.9,6.7,3.61,9.75,5.97,0.251,8372.45,1309.45,0.1565,-13475.197,4.444,1.2246467991473532e-16,-1.0,692.56,495.56,824.96,671.0266666666666,671.0266666666666,165.7523856037473,759.524,0.3975300589730797,-0.1707142857142827,-80.82142857142867,30.32,1.64,1.33,2761.0,-0.7870336805974876,2645.23,1753788.7
2012-07-01,2012,7,Southwest Monsoon,Southwest Monsoon,1,Ernakulam,Indian Mackerel,Rastrelliger kanagurta,3.2,Intermediate Predator,1753788.7,663,8097,2645.23,27.6,763.4,8.4,3.55,12.85,7.49,0.283,9060.16,1321.87,0.146,-14457.801,4.346,-0.4999999999999997,-0.8660254037844388,2461.9,692.56,495.56,1216.6733333333334,1216.6733333333334,1082.8870386763956,1043.2533333333333,2.5547822202439905,-0.08428571428571274,155.45000000000005,28.42,9.75,5.97,588.0,0.12755101823892825,1161.36,3055533.8
2012-08-01,2012,8,Southwest Monsoon,Southwest Monsoon,0,Ernakulam,Indian Mackerel,Rastrelliger kanagurta,3.2,Intermediate Predator,3055533.8,2631,32759,1161.36,26.74,289.1,6.5,2.51,9.81,5.42,1.124,4708.89,562.72,0.1197,-3401.886,1.943,-0.8660254037844385,-0.5000000000000004,2645.23,2461.9,692.56,1933.2300000000002,1933.2300000000002,1078.3547694984247,1348.4133333333332,0.07446687487523099,-0.6371428571428552,-127.91428571428565,27.6,12.85,7.49,663.0,2.9683257470840765,1738.97,5048237.2
2012-09-01,2012,9,Southwest Monsoon,Southwest Monsoon,0,Ernakulam,Indian Mackerel,Rastrelliger kanagurta,3.2,Intermediate Predator,5048237.2,2903,32154,1738.97,27.84,330.7,5.8,1.86,8.89,5.16,1.241,7280.22,950.72,0.1307,-8993.175,3.63,-1.0,-1.8369701987210297e-16,1161.36,2645.23,2461.9,2089.496666666667,2089.496666666667,808.9998307993236,1380.2616666666665,-0.560960670486269,-0.1828571428571415,80.72142857142856,26.74,9.81,5.42,2631.0,0.10338274381078394,1105.73,3230952.3
2012-10-01,2012,10,Post-Monsoon,Post-Monsoon,0,Ernakulam,Indian Mackerel,Rastrelliger kanagurta,3.2,Intermediate Predator,3230952.3,2922,36989,1105.73,28.49,328.5,3.6,1.19,1.08,1.61,1.249,2655.92,612.13,0.2308,-2066.772,1.817,-0.8660254037844386,0.5000000000000001,1738.97,1161.36,2645.23,1848.5199999999998,1848.5199999999998,747.976233646498,1532.5966666666666,0.4973565432135038,-0.3085714285714296,25.94285714285712,27.84,8.89,5.16,2903.0,0.006544953473837569,1032.2,2706423.8
2012-11-01,2012,11,Post-Monsoon,Post-Monsoon,0,Ernakulam,Indian Mackerel,Rastrelliger kanagurta,3.2,Intermediate Predator,2706423.8,2622,26648,1032.2,29.06,191.9,3.8,1.38,1.11,1.43,1.121,2324.33,598.35,0.2577,-1731.869,1.816,-0.5000000000000004,0.8660254037844384,1105.73,1738.97,1161.36,1335.3533333333332,1335.3533333333332,350.6472364547217,1634.2916666666667,-0.3641465904291242,0.04428571428571004,23.74285714285716,28.49,1.08,1.61,2922.0,-0.1026694041660869,886.37,2513742.3
2012-12-01,2012,12,Winter / Post-Monsoon,Northeast/Dry,0,Ernakulam,Indian Mackerel,Rastrelliger kanagurta,3.2,Intermediate Predator,2513742.3,2836,34473,886.37,28.23,36.7,3.8,0.69,1.12,0.96,1.212,2240.21,495.58,0.2216,-1473.433,1.656,-2.4492935982947064e-16,1.0,1032.2,1105.73,1738.97,1292.3,1292.3,388.57075533292533,1690.8983333333333,-0.06649905432158794,-0.26857142857143046,1.3214285714285765,29.06,1.11,1.43,2622.0,0.08161708588246724,908.8,2416503.7
2013-01-01,2013,1,Winter / Post-Monsoon,Northeast/Dry,0,Ernakulam,Indian Mackerel,Rastrelliger kanagurta,3.2,Intermediate Predator,2416503.7,2659,32428,908.8,28.6,7.0,3.3,0.56,0.8,0.64,1.136,1721.73,499.75,0.2907,-1079.742,1.555,0.49999999999999994,0.8660254037844387,886.37,1032.2,1105.73,814.27,1008.1,111.64815224624131,1428.3099999999997,-0.14128075817398997,0.3235714285714302,-1.4571428571428573,28.23,1.12,0.96,2836.0,-0.06241184745270857,851.8,2488951.7
2013-02-01,2013,2,Winter / Post-Monsoon,Northeast/Dry,0,Ernakulam,Indian Mackerel,Rastrelliger kanagurta,3.2,Intermediate Predator,2488951.7,2922,29624,851.8,28.47,9.1,3.9,0.72,0.96,0.79,1.249,2078.4,476.82,0.2298,-1314.518,1.714,0.8660254037844386,0.5000000000000001,908.8,886.37,1032.2,970.27,942.4566666666666,78.52500005306058,1138.905,0.025305459059924592,-0.18142857142857238,-1.557142857142857,28.6,0.8,0.64,2659.0,0.09890936405073575,975.47,2067998.5
2013-03-01,2013,3,Pre-Monsoon / Summer,Pre-Monsoon,0,Ernakulam,Indian Mackerel,Rastrelliger kanagurta,3.2,Intermediate Predator,2067998.5,2120,28461,975.47,29.4,25.6,3.6,1.1,1.21,1.11,0.906,1627.39,560.67,0.3449,-1072.701,1.566,1.0,6.123233995736766e-17,851.8,908.8,886.37,824.96,882.3233333333333,28.714658858031186,1087.3116666666667,-0.06272006973239361,-0.13571428571428612,0.8642857142857139,28.47,0.96,0.79,2922.0,-0.27446954047067235,679.0,1911389.8
2013-04-01,2013,4,Pre-Monsoon / Summer,Pre-Monsoon,0,Ernakulam,Indian Mackerel,Rastrelliger kanagurta,3.2,Intermediate Predator,1911389.8,2815,26873,679.0,30.12,87.7,3.8,0.96,1.41,1.05,1.203,830.64,413.83,0.4988,-366.097,1.132,0.8660254037844387,-0.4999999999999998,975.47,851.8,908.8,495.56,912.0233333333334,61.89797761908819,960.0616666666666,0.1451866618315725,-0.18142857142857238,-1.7071428571428555,29.4,1.21,1.11,2120.0,0.3278301871328764,796.87,2047161.6
2013-05-01,2013,5,Pre-Monsoon / Summer,Pre-Monsoon,0,Ernakulam,Indian Mackerel,Rastrelliger kanagurta,3.2,Intermediate Predator,2047161.6,2569,27577,796.87,29.84,306.7,5.8,2.05,1.67,1.57,1.098,1308.11,483.6,0.3702,-707.608,1.566,0.49999999999999994,-0.8660254037844387,679.0,975.47,851.8,692.56,835.4233333333333,148.91192575926576,888.9399999999999,-0.3039252841817249,-0.28999999999999915,45.64285714285711,30.12,1.41,1.05,2815.0,-0.087388987256167,2575.4,1488579.5
2013-06-01,2013,6,Southwest Monsoon,Southwest Monsoon,1,Ernakulam,Indian Mackerel,Rastrelliger kanagurta,3.2,Intermediate Predator,1488579.5,578,8335,2575.4,28.52,614.9,8.1,3.48,12.14,7.09,0.247,10600.41,1433.14,0.1353,-18838.091,5.235,1.2246467991473532e-16,-1.0,796.87,679.0,975.47,2461.9,817.1133333333333,149.26807975362001,849.7183333333332,0.17359351732557413,-0.07071428571428484,-54.82142857142867,29.84,1.67,1.57,2569.0,-0.7750097283962252,2597.11,1701107.3
2013-07-01,2013,7,Southwest Monsoon,Southwest Monsoon,1,Ernakulam,Indian Mackerel,Rastrelliger kanagurta,3.2,Intermediate Predator,1701107.3,655,8165,2597.11,27.7,587.9,8.5,4.07,12.71,7.2,0.28,9513.08,1319.34,0.1388,-15402.491,4.371,-0.4999999999999997,-0.8660254037844388,2575.4,796.87,679.0,2645.23,1350.4233333333334,1062.496686881109,1131.2233333333334,2.23189476035119,0.015714285714285126,-20.049999999999955,28.52,12.14,7.09,578.0,0.13321799077477525,1544.13,4399229.3
2013-08-01,2013,8,Southwest Monsoon,Southwest Monsoon,0,Ernakulam,Indian Mackerel,Rastrelliger kanagurta,3.2,Intermediate Predator,4399229.3,2849,31268,1544.13,27.67,394.9,6.8,2.46,9.64,5.61,1.218,8570.86,854.79,0.0998,-10097.204,3.368,-0.8660254037844385,-0.5000000000000004,2597.11,2575.4,796.87,1161.36,1989.7933333333333,1033.158937643833,1412.6083333333333,0.008429758451387144,0.29285714285714803,-22.1142857142857,27.7,12.71,7.2,655.0,3.349618269471477,1753.06,6020014.7
2013-09-01,2013,9,Southwest Monsoon,Southwest Monsoon,0,Ernakulam,Indian Mackerel,Rastrelliger kanagurta,3.2,Intermediate Predator,6020014.7,3434,47560,1753.06,28.29,274.4,5.3,2.11,7.48,4.2,1.468,5585.96,943.88,0.1691,-6618.332,3.316,-1.0,-1.8369701987210297e-16,1544.13,2597.11,2575.4,1738.97,2238.88,601.7690611023471,1527.996666666667,-0.4054429715897941,0.2671428571428578,24.42142857142855,27.67,9.64,5.61,2849.0,0.20533520461447805,916.44,2861115.4
2013-10-01,2013,10,Post-Monsoon,Post-Monsoon,0,Ernakulam,Indian Mackerel,Rastrelliger kanagurta,3.2,Intermediate Predator,2861115.4,3122,42498,916.44,28.79,218.6,3.3,1.35,0.83,1.22,1.334,1983.01,513.46,0.2593,-1268.483,1.857,-0.8660254037844386,0.5000000000000001,1753.06,1544.13,2597.11,1105.73,1964.7666666666664,557.5002283706561,1657.595,0.13530596429506594,-0.008571428571428896,-83.95714285714288,28.29,7.48,4.2,3434.0,-0.09085614417339503,1023.18,2997912.6
2013-11-01,2013,11,Post-Monsoon,Post-Monsoon,0,Ernakulam,Indian Mackerel,Rastrelliger kanagurta,3.2,Intermediate Predator,2997912.6,2930,32403,1023.18,28.98,167.2,4.0,0.92,1.51,1.41,1.252,2287.65,582.63,0.255,-1663.483,1.879,-0.5000000000000004,0.8660254037844384,916.44,1753.06,1544.13,1032.2,1404.5433333333333,435.426898839901,1697.1683333333333,-0.47723409080559653,-0.03571428571428825,-0.9571428571428555,28.79,0.83,1.22,3122.0,-0.06149903888052838,764.64,2708349.3
2013-12-01,2013,12,Winter / Post-Monsoon,Northeast/Dry,0,Ernakulam,Indian Mackerel,Rastrelliger kanagurta,3.2,Intermediate Predator,2708349.3,3542,35747,764.64,28.38,33.9,3.3,1.21,1.1,0.97,1.514,2000.73,445.91,0.2233,-1170.219,1.576,-2.4492935982947064e-16,1.0,1023.18,916.44,1753.06,886.37,1230.8933333333332,455.34808414369485,1734.886666666667,0.11647243554981836,-0.11857142857143188,-1.4785714285714278,28.98,1.51,1.41,2930.0,0.20887371942363916,664.72,2100510.7
2014-01-01,2014,1,Winter / Post-Monsoon,Northeast/Dry,0,Ernakulam,Indian Mackerel,Rastrelliger kanagurta,3.2,Intermediate Predator,2100510.7,3160,43634,664.72,27.93,6.7,4.1,0.81,1.43,1.1,1.35,1919.99,386.19,0.2016,-982.649,1.341,0.49999999999999994,0.8660254037844387,764.64,1023.18,916.44,908.8,901.4200000000001,129.92279707580272,1433.0933333333332,-0.2526828099387907,-0.34642857142857153,-1.7571428571428571,28.38,1.1,0.97,3542.0,-0.10784867276157913,940.04,2935730.7
2014-02-01,2014,2,Winter / Post-Monsoon,Northeast/Dry,0,Ernakulam,Indian Mackerel,Rastrelliger kanagurta,3.2,Intermediate Predator,2935730.7,3123,40702,940.04,28.56,14.5,4.2,0.7,1.42,1.22,1.335,1626.79,516.73,0.3181,-994.442,1.643,0.8660254037844386,0.5000000000000001,664.72,764.64,1023.18,851.8,817.5133333333333,184.98671555907347,1111.0283333333334,-0.13067587190474111,-0.09142857142857252,3.8428571428571434,27.93,1.43,1.1,3160.0,-0.011708860722440314,777.58,2105687.5
2014-03-01,2014,3,Pre-Monsoon / Summer,Pre-Monsoon,0,Ernakulam,Indian Mackerel,Rastrelliger kanagurta,3.2,Intermediate Predator,2105687.5,2708,36413,777.58,29.3,19.8,3.7,1.28,1.04,1.05,1.157,1408.8,436.39,0.3102,-728.116,1.394,1.0,6.123233995736766e-17,940.04,664.72,764.64,975.47,789.8000000000001,139.3737593666765,1010.3466666666667,0.41418942691374666,-0.235714285714284,-4.935714285714287,28.56,1.42,1.22,3123.0,-0.13288504600421053,488.58,1099298.2
2014-04-01,2014,4,Pre-Monsoon / Summer,Pre-Monsoon,0,Ernakulam,Indian Mackerel,Rastrelliger kanagurta,3.2,Intermediate Predator,1099298.2,2250,23851,488.58,30.0,79.0,3.3,1.27,1.04,0.61,0.962,728.96,327.22,0.4496,-257.281,0.912,0.8660254037844387,-0.4999999999999998,777.58,940.04,664.72,679.0,794.1133333333333,138.4026334046198,847.7666666666668,-0.17282243124949537,-0.3014285714285734,-10.407142857142858,29.3,1.04,1.05,2708.0,-0.16912850749952543,666.33,1796437.2
2014-05-01,2014,5,Pre-Monsoon / Summer,Pre-Monsoon,0,Ernakulam,Indian Mackerel,Rastrelliger kanagurta,3.2,Intermediate Predator,1796437.2,2696,27365,666.33,30.14,259.9,4.6,1.68,1.56,1.33,1.152,790.87,403.13,0.5103,-333.449,1.1,0.49999999999999994,-0.8660254037844387,488.58,777.58,940.04,796.87,735.4,228.6665633624651,776.4566666666666,-0.3716659331301483,0.010000000000001563,-1.157142857142901,30.0,1.04,0.61,2250.0,0.19822222134123454,2704.34,1327830.6
2014-06-01,2014,6,Southwest Monsoon,Southwest Monsoon,1,Ernakulam,Indian Mackerel,Rastrelliger kanagurta,3.2,Intermediate Predator,1327830.6,491,5235,2704.34,28.69,480.4,8.4,3.2,12.56,7.11,0.21,7894.26,1430.5,0.1813,-13209.574,4.483,1.2246467991473532e-16,-1.0,666.33,488.58,777.58,2575.4,644.1633333333333,145.7695813032803,716.9816666666667,0.3638093994062509,0.09928571428571686,-189.32142857142867,30.14,1.56,1.33,2696.0,-0.8178783352452583,1895.7,999032.1
2014-07-01,2014,7,Southwest Monsoon,Southwest Monsoon,1,Ernakulam,Indian Mackerel,Rastrelliger kanagurta,3.2,Intermediate Predator,999032.1,527,7400,1895.7,27.65,509.6,7.9,3.39,11.67,6.62,0.225,6009.15,966.56,0.161,-6915.356,3.364,-0.4999999999999997,-0.8660254037844388,2704.34,666.33,488.58,2597.11,1286.4166666666667,1231.169647137767,1040.265,3.0585595266825822,-0.034285714285715585,-98.34999999999991,28.69,12.56,7.11,491.0,0.07331975410754066,1439.24,4687616.6
2014-08-01,2014,8,Southwest Monsoon,Southwest Monsoon,0,Ernakulam,Indian Mackerel,Rastrelliger kanagurta,3.2,Intermediate Predator,4687616.6,3257,32893,1439.24,27.15,482.4,7.6,2.53,11.02,6.31,1.392,5783.82,705.74,0.1222,-5140.127,2.661,-0.8660254037844385,-0.5000000000000004,1895.7,2704.34,666.33,1544.13,1755.4566666666667,1026.2174888557167,1245.4283333333335,-0.299015655209716,-0.2271428571428551,65.3857142857143,27.65,11.67,6.62,527.0,5.1802655563516975,1506.1,3432412.7
2014-09-01,2014,9,Southwest Monsoon,Southwest Monsoon,0,Ernakulam,Indian Mackerel,Rastrelliger kanagurta,3.2,Intermediate Predator,3432412.7,2279,29351,1506.1,27.89,281.5,6.0,1.88,8.88,5.07,0.974,5851.11,794.23,0.1359,-5945.44,2.861,-1.0,-1.8369701987210297e-16,1439.24,1895.7,2704.34,1753.06,2013.0933333333335,640.6679315630937,1328.6283333333333,-0.2407870430933848,-0.1328571428571408,31.521428571428572,27.15,11.02,6.31,3257.0,-0.3002763269871774,827.64,2593010.0
2014-10-01,2014,10,Post-Monsoon,Post-Monsoon,0,Ernakulam,Indian Mackerel,Rastrelliger kanagurta,3.2,Intermediate Predator,2593010.0,3133,31071,827.64,28.72,355.1,3.9,1.19,1.1,1.49,1.339,2002.24,463.11,0.2317,-1161.97,1.524,-0.8660254037844386,0.5000000000000001,1506.1,1439.24,1895.7,916.44,1613.68,246.51374241611757,1450.0483333333334,0.04645507318824461,-0.07857142857142918,52.542857142857144,27.89,8.88,5.07,2279.0,0.3747257552666706,871.69,1867161.6
2014-11-01,2014,11,Post-Monsoon,Post-Monsoon,0,Ernakulam,Indian Mackerel,Rastrelliger kanagurta,3.2,Intermediate Predator,1867161.6,2142,22219,871.69,28.96,190.7,3.2,1.03,0.73,1.19,0.915,1544.71,502.55,0.3258,-912.614,1.492,-0.5000000000000004,0.8660254037844384,827.64,1506.1,1439.24,1023.18,1257.66,373.90569024822327,1506.5583333333334,-0.4504747330823004,-0.055714285714287826,22.542857142857144,28.72,1.1,1.49,3133.0,-0.3163102447612185,855.63,2143363.3
2014-12-01,2014,12,Winter / Post-Monsoon,Northeast/Dry,0,Ernakulam,Indian Mackerel,Rastrelliger kanagurta,3.2,Intermediate Predator,2143363.3,2505,27652,855.63,28.65,30.7,3.1,1.4,1.27,0.95,1.071,1999.07,478.85,0.2399,-1236.695,1.532,-2.4492935982947064e-16,1.0,871.69,827.64,1506.1,764.64,1068.4766666666667,379.63237089760105,1540.785,0.05322362315470958,0.1514285714285677,-4.678571428571427,28.96,0.73,1.19,2142.0,0.1694677863236798,507.15,1649244.0
2015-01-01,2015,1,Winter / Post-Monsoon,Northeast/Dry,0,Ernakulam,Indian Mackerel,Rastrelliger kanagurta,3.2,Intermediate Predator,1649244.0,3252,36635,507.15,29.02,8.2,3.0,0.9,0.88,0.8,1.39,984.21,289.35,0.2947,-331.163,0.857,0.49999999999999994,0.8660254037844387,855.63,871.69,827.64,664.72,851.6533333333333,22.29262284555058,1232.6666666666667,-0.01842398079106133,0.7435714285714283,-0.257142857142858,28.65,1.27,0.95,2505.0,0.2982035916239377,327.29,989406.8
2015-02-01,2015,2,Winter / Post-Monsoon,Northeast/Dry,0,Ernakulam,Indian Mackerel,Rastrelliger kanagurta,3.2,Intermediate Predator,989406.8,3023,43780,327.29,29.64,7.2,3.4,1.03,1.17,0.81,1.292,417.49,198.4,0.4765,-79.111,0.654,0.8660254037844386,0.5000000000000001,507.15,855.63,871.69,940.04,744.8233333333334,205.98772034598105,1001.2416666666667,-0.4072788424052588,0.9885714285714293,-3.4571428571428564,29.02,0.88,0.8,3252.0,-0.07041820396550368,464.99,1488891.1
2015-03-01,2015,3,Pre-Monsoon / Summer,Pre-Monsoon,0,Ernakulam,Indian Mackerel,Rastrelliger kanagurta,3.2,Intermediate Predator,1488891.1,3202,45878,464.99,29.9,21.0,4.6,1.43,1.96,1.08,1.368,476.52,252.75,0.5314,-117.485,0.798,1.0,6.123233995736766e-17,327.29,507.15,855.63,777.58,563.3566666666667,268.6171642567434,815.9166666666665,-0.35464851908412653,0.3642857142857139,-3.7357142857142875,29.64,1.17,0.81,3023.0,0.059212702417424073,246.14,726357.6
2015-04-01,2015,4,Pre-Monsoon / Summer,Pre-Monsoon,0,Ernakulam,Indian Mackerel,Rastrelliger kanagurta,3.2,Intermediate Predator,726357.6,2951,34536,246.14,30.71,82.4,4.8,1.21,1.75,1.02,1.261,164.18,148.68,0.9062,-18.716,0.498,0.8660254037844387,-0.4999999999999998,464.99,327.29,507.15,488.58,433.1433333333334,94.06414052833536,642.3983333333333,0.420727782067042,0.4085714285714275,-7.007142857142853,29.9,1.96,1.08,3202.0,-0.07838850693819954,260.69,621474.8
2015-05-01,2015,5,Pre-Monsoon / Summer,Pre-Monsoon,0,Ernakulam,Indian Mackerel,Rastrelliger kanagurta,3.2,Intermediate Predator,621474.8,2384,27336,260.69,30.46,286.9,5.5,1.76,1.95,1.51,1.019,249.87,172.78,0.6927,-35.87,0.461,0.49999999999999994,-0.8660254037844387,246.14,464.99,327.29,666.33,346.14000000000004,110.63599097943305,545.4816666666667,-0.4706552727874735,0.33000000000000185,25.8428571428571,30.71,1.75,1.02,2951.0,-0.19213825756645794,1337.15,697993.5
2015-06-01,2015,6,Southwest Monsoon,Southwest Monsoon,1,Ernakulam,Indian Mackerel,Rastrelliger kanagurta,3.2,Intermediate Predator,697993.5,522,7173,1337.15,28.75,597.7,7.7,3.13,11.54,6.84,0.223,4599.24,732.76,0.1595,-3946.313,2.429,1.2246467991473532e-16,-1.0,260.69,246.14,464.99,2704.34,323.94,122.36932826489331,443.64833333333337,0.05911269768779164,0.15928571428571558,-72.0214285714286,30.46,1.95,1.51,2384.0,-0.7810402651802002,1253.49,742067.4
2015-07-01,2015,7,Southwest Monsoon,Southwest Monsoon,1,Ernakulam,Indian Mackerel,Rastrelliger kanagurta,3.2,Intermediate Predator,742067.4,592,8007,1253.49,28.75,662.2,7.9,3.45,11.82,7.02,0.253,4376.1,685.29,0.1568,-3496.794,2.396,-0.4999999999999997,-0.8660254037844388,1337.15,260.69,246.14,1895.7,614.66,625.7369860412607,523.9016666666666,4.129272157379564,1.0657142857142858,54.250000000000114,28.75,11.54,6.84,522.0,0.13409961428927944,1081.15,3552664.2
2015-08-01,2015,8,Southwest Monsoon,Southwest Monsoon,0,Ernakulam,Indian Mackerel,Rastrelliger kanagurta,3.2,Intermediate Predator,3552664.2,3286,45761,1081.15,28.29,360.8,7.1,3.14,10.16,5.72,1.404,3946.95,584.95,0.1484,-2781.364,2.022,-0.8660254037844385,-0.5000000000000004,1253.49,1337.15,260.69,1439.24,950.4433333333333,598.8067255244665,648.2916666666666,-0.06256590462875596,0.9128571428571455,-56.214285714285666,28.75,11.82,7.02,592.0,4.550675598806156,973.43,2432605.1
2015-09-01,2015,9,Southwest Monsoon,Southwest Monsoon,0,Ernakulam,Indian Mackerel,Rastrelliger kanagurta,3.2,Intermediate Predator,2432605.1,2499,31311,973.43,28.22,157.4,5.6,1.98,8.25,4.45,1.068,3046.33,492.9,0.1621,-1816.34,1.754,-1.0,-1.8369701987210297e-16,1081.15,1253.49,1337.15,1506.1,1223.93,130.53484285814324,773.9350000000001,-0.1374881320354519,0.1971428571428575,-92.57857142857142,28.29,10.16,5.72,3286.0,-0.23950091223523762,324.67,785051.9
2015-10-01,2015,10,Post-Monsoon,Post-Monsoon,0,Ernakulam,Indian Mackerel,Rastrelliger kanagurta,3.2,Intermediate Predator,785051.9,2418,28907,324.67,29.74,336.7,3.8,1.21,0.92,1.24,1.033,477.55,206.1,0.4328,-94.715,0.668,-0.8660254037844386,0.5000000000000001,973.43,1081.15,1253.49,827.64,1102.69,141.2670506523029,858.6750000000001,-0.09963464736960982,0.9414285714285704,34.14285714285711,28.22,8.25,4.45,2499.0,-0.03241296505637069,445.22,1156681.1
2015-11-01,2015,11,Post-Monsoon,Post-Monsoon,0,Ernakulam,Indian Mackerel,Rastrelliger kanagurta,3.2,Intermediate Predator,1156681.1,2598,28482,445.22,29.69,164.8,3.9,1.04,0.67,1.02,1.11,506.32,250.35,0.4954,-125.355,0.779,-0.5000000000000004,0.8660254037844384,324.67,973.43,1081.15,871.69,793.0833333333334,409.21777543666667,871.7633333333333,-0.6664680494080926,0.6742857142857126,-3.357142857142833,29.74,0.92,1.24,2418.0,0.07444168703704844,381.29,1018421.7
2015-12-01,2015,12,Winter / Post-Monsoon,Northeast/Dry,0,Ernakulam,Indian Mackerel,Rastrelliger kanagurta,3.2,Intermediate Predator,1018421.7,2671,27058,381.29,29.24,30.8,3.9,1.35,1.33,1.01,1.141,769.66,251.48,0.3276,-210.468,0.772,-2.4492935982947064e-16,1.0,445.22,324.67,973.43,855.63,581.1066666666667,345.0670572994972,902.5183333333334,0.37130007788523495,0.7414285714285676,-4.578571428571426,29.69,0.67,1.02,2598.0,0.02809853722825813,341.03,941246.5
2016-01-01,2016,1,Winter / Post-Monsoon,Northeast/Dry,0,Ernakulam,Indian Mackerel,Rastrelliger kanagurta,3.2,Intermediate Predator,941246.5,2760,29463,341.03,28.92,10.5,4.4,1.39,0.9,0.9,1.179,748.94,202.33,0.2711,-168.02,0.616,0.49999999999999994,0.8660254037844387,381.29,445.22,324.67,507.15,383.7266666666667,60.31192778659036,743.2083333333334,-0.14359192885333255,0.6435714285714305,2.0428571428571427,29.24,1.33,1.01,2671.0,0.03332085348812859,375.31,903379.2
2016-02-01,2016,2,Winter / Post-Monsoon,Northeast/Dry,0,Ernakulam,Indian Mackerel,Rastrelliger kanagurta,3.2,Intermediate Predator,903379.2,2407,28449,375.31,29.46,11.0,3.8,0.71,1.82,1.22,1.029,676.16,224.3,0.3327,-158.482,0.671,0.8660254037844386,0.5000000000000001,341.03,381.29,445.22,327.29,389.18,52.54120383091303,591.1316666666667,-0.10558891904878402,0.8085714285714296,0.3428571428571434,28.92,0.9,0.9,2760.0,-0.12789855026123712,229.03,606469.5
2016-03-01,2016,3,Pre-Monsoon / Summer,Pre-Monsoon,0,Ernakulam,Indian Mackerel,Rastrelliger kanagurta,3.2,Intermediate Predator,606469.5,2648,28508,229.03,30.34,24.9,3.2,1.25,1.08,0.72,1.132,319.09,145.92,0.459,-40.871,0.408,1.0,6.123233995736766e-17,375.31,341.03,381.29,464.99,365.8766666666666,21.724588220146355,473.4916666666666,0.10051901297484064,0.8042857142857152,0.16428571428571104,29.46,1.82,1.22,2407.0,0.10012463606096951,128.08,390765.6
2016-04-01,2016,4,Pre-Monsoon / Summer,Pre-Monsoon,0,Ernakulam,Indian Mackerel,Rastrelliger kanagurta,3.2,Intermediate Predator,390765.6,3051,36760,128.08,30.77,112.4,4.8,1.11,0.83,0.61,1.304,189.78,93.48,0.4952,-11.993,0.252,0.8660254037844387,-0.4999999999999998,229.03,375.31,341.03,246.14,315.12333333333333,76.50376548468061,349.425,-0.38975778983352993,0.4685714285714262,22.992857142857147,30.34,1.08,0.72,2648.0,0.1521903317515471,156.59,489018.2
2016-05-01,2016,5,Pre-Monsoon / Summer,Pre-Monsoon,0,Ernakulam,Indian Mackerel,Rastrelliger kanagurta,3.2,Intermediate Predator,489018.2,3123,39142,156.59,30.76,262.9,4.8,1.6,1.27,1.11,1.335,204.8,101.59,0.4985,-14.393,0.283,0.49999999999999994,-0.8660254037844387,128.08,229.03,375.31,260.69,244.14000000000001,124.30568088386708,316.66,-0.44077193202759757,0.6300000000000026,1.842857142857099,30.77,0.83,0.61,3051.0,0.023598819981649227,1044.6,611091.2
2016-06-01,2016,6,Southwest Monsoon,Southwest Monsoon,1,Ernakulam,Indian Mackerel,Rastrelliger kanagurta,3.2,Intermediate Predator,611091.2,585,5667,1044.6,29.39,849.2,7.9,3.17,11.56,7.31,0.25,2962.28,587.15,0.1985,-1910.361,1.915,1.2246467991473532e-16,-1.0,156.59,128.08,229.03,1337.15,171.23333333333335,52.04369350204939,268.555,0.22259523558750494,0.7992857142857162,179.4785714285714,30.76,1.27,1.11,3123.0,-0.8126801126715334,1018.12,679084.6
2016-07-01,2016,7,Southwest Monsoon,Southwest Monsoon,1,Ernakulam,Indian Mackerel,Rastrelliger kanagurta,3.2,Intermediate Predator,679084.6,667,9567,1018.12,27.91,589.9,8.5,3.21,12.81,7.35,0.285,4296.69,540.56,0.126,-2776.681,1.866,-0.4999999999999997,-0.8660254037844388,1044.6,156.59,128.08,1253.49,443.09,521.1179473977089,379.1066666666666,5.670923707074288,0.22571428571428598,-18.049999999999955,29.39,11.56,7.31,585.0,0.14017093777485576,899.86,2476404.3
2016-08-01,2016,8,Southwest Monsoon,Southwest Monsoon,0,Ernakulam,Indian Mackerel,Rastrelliger kanagurta,3.2,Intermediate Predator,2476404.3,2752,38813,899.86,27.83,580.7,7.4,2.58,11.52,6.65,1.176,3901.24,485.24,0.1246,-2289.414,1.917,-0.8660254037844385,-0.5000000000000004,1018.12,1044.6,156.59,1081.15,739.77,505.22221041834734,491.955,-0.025349415801747797,0.4528571428571446,163.68571428571437,27.91,12.81,7.35,667.0,3.1259369846186362,869.78,1958739.8
2016-09-01,2016,9,Southwest Monsoon,Southwest Monsoon,0,Ernakulam,Indian Mackerel,Rastrelliger kanagurta,3.2,Intermediate Predator,1958739.8,2252,30604,869.78,28.91,229.6,5.5,2.1,8.61,4.65,0.962,2477.27,477.11,0.1929,-1358.894,1.565,-1.0,-1.8369701987210297e-16,899.86,1018.12,1044.6,973.43,987.5266666666666,77.06737917779333,579.38,-0.11615526542887611,0.8871428571428588,-20.378571428571433,27.83,11.52,6.65,2752.0,-0.1816860458514315,345.21,1138831.8
2016-10-01,2016,10,Post-Monsoon,Post-Monsoon,0,Ernakulam,Indian Mackerel,Rastrelliger kanagurta,3.2,Intermediate Predator,1138831.8,3299,33969,345.21,29.49,345.5,4.2,1.19,0.78,1.41,1.41,466.71,199.75,0.4292,-88.412,0.541,-0.8660254037844386,0.5000000000000001,869.78,899.86,1018.12,324.67,929.2533333333334,78.41661133544271,686.1716666666666,-0.03342742167195544,0.6914285714285704,42.94285714285712,28.91,8.61,4.65,2252.0,0.464920068983481,361.37,1019785.1
2016-11-01,2016,11,Post-Monsoon,Post-Monsoon,0,Ernakulam,Indian Mackerel,Rastrelliger kanagurta,3.2,Intermediate Predator,1019785.1,2822,35869,361.37,29.58,126.2,3.5,1.23,1.56,1.22,1.206,519.8,214.49,0.4138,-109.512,0.615,-0.5000000000000004,0.8660254037844384,345.21,869.78,899.86,445.22,704.9499999999999,311.90680066327656,722.36,-0.6031065257524141,0.5642857142857096,-41.95714285714284,29.49,0.78,1.41,3299.0,-0.14458926903731653,358.36,984786.1
2016-12-01,2016,12,Winter / Post-Monsoon,Northeast/Dry,0,Ernakulam,Indian Mackerel,Rastrelliger kanagurta,3.2,Intermediate Predator,984786.1,2748,31121,358.36,28.77,38.4,3.1,0.77,1.57,1.13,1.174,982.17,204.8,0.2093,-239.63,0.659,-2.4492935982947064e-16,1.0,361.37,345.21,869.78,381.29,525.4533333333333,298.30508951966374,756.4899999999999,0.0468120840412479,0.2714285714285687,3.0214285714285722,29.58,1.56,1.22,2822.0,-0.026222537114732325,750.29,2322138.0
2017-01-01,2017,1,Winter / Post-Monsoon,Northeast/Dry,0,Ernakulam,Indian Mackerel,Rastrelliger kanagurta,3.2,Intermediate Predator,2322138.0,3095,43673,750.29,28.0,8.8,4.8,0.85,1.34,1.04,1.323,1625.23,392.88,0.2422,-802.436,1.375,0.49999999999999994,0.8660254037844387,358.36,361.37,345.21,341.03,354.98,8.593875726444981,642.1166666666667,-0.00832941283644426,-0.27642857142857125,0.3428571428571434,28.77,1.57,1.13,2748.0,0.12627365310671887,610.61,1551559.4
2017-02-01,2017,2,Winter / Post-Monsoon,Northeast/Dry,0,Ernakulam,Indian Mackerel,Rastrelliger kanagurta,3.2,Intermediate Predator,1551559.4,2541,24983,610.61,28.0,9.5,3.0,1.03,1.0,0.86,1.086,1308.59,339.02,0.2596,-544.57,1.283,0.8660254037844386,0.5000000000000001,750.29,358.36,361.37,375.31,490.00666666666666,225.41700298188385,597.4783333333334,1.0936767191182966,-0.6514285714285712,-1.1571428571428566,28.0,1.34,1.04,3095.0,-0.17899838391276773,468.62,1300414.6
2017-03-01,2017,3,Pre-Monsoon / Summer,Pre-Monsoon,0,Ernakulam,Indian Mackerel,Rastrelliger kanagurta,3.2,Intermediate Predator,1300414.6,2775,30658,468.62,29.51,26.0,2.9,1.4,0.69,0.59,1.186,1112.03,287.64,0.2593,-393.435,1.006,1.0,6.123233995736766e-17,610.61,750.29,358.36,229.03,573.0866666666667,198.6410874752111,549.27,-0.186168012552906,-0.025714285714283136,1.2642857142857125,28.0,1.0,0.86,2541.0,0.09208972809094951,468.69,1231243.8
2017-04-01,2017,4,Pre-Monsoon / Summer,Pre-Monsoon,0,Ernakulam,Indian Mackerel,Rastrelliger kanagurta,3.2,Intermediate Predator,1231243.8,2627,35853,468.69,30.32,91.4,4.9,1.34,1.15,0.84,1.123,572.85,276.58,0.4837,-161.843,0.757,0.8660254037844387,-0.4999999999999998,468.62,610.61,750.29,128.08,609.84,140.8365787002832,482.41,-0.23253795004114003,0.018571428571426907,1.9928571428571473,29.51,0.69,0.59,2775.0,-0.05333333314114114,446.05,1291319.3
2017-05-01,2017,5,Pre-Monsoon / Summer,Pre-Monsoon,0,Ernakulam,Indian Mackerel,Rastrelliger kanagurta,3.2,Intermediate Predator,1291319.3,2895,36498,446.05,30.15,279.4,5.4,1.68,2.27,1.8,1.237,870.94,307.08,0.3533,-283.162,0.881,0.49999999999999994,-0.8660254037844387,468.69,468.62,610.61,156.59,515.9733333333334,81.9577649361827,502.99,0.0001493747567458615,0.019999999999999574,18.3428571428571,30.32,1.15,0.84,2627.0,0.10201751007987243,1956.71,1150543.7
2017-06-01,2017,6,Southwest Monsoon,Southwest Monsoon,1,Ernakulam,Indian Mackerel,Rastrelliger kanagurta,3.2,Intermediate Predator,1150543.7,588,6925,1956.71,28.32,699.7,7.4,3.31,10.54,6.43,0.251,5259.1,1026.41,0.1953,-6234.911,3.254,1.2246467991473532e-16,-1.0,446.05,468.69,468.62,1044.6,461.12000000000006,13.051049766257844,517.1033333333334,-0.04830484865679127,-0.27071428571428413,29.9785714285714,30.15,2.27,1.8,2895.0,-0.7968911889571979,1567.51,779050.0
2017-07-01,2017,7,Southwest Monsoon,Southwest Monsoon,1,Ernakulam,Indian Mackerel,Rastrelliger kanagurta,3.2,Intermediate Predator,779050.0,497,5022,1567.51,27.31,754.8,8.0,3.63,11.98,7.23,0.212,5464.51,784.64,0.1437,-5109.054,2.684,-0.4999999999999997,-0.8660254037844388,1956.71,446.05,468.69,1018.12,957.1500000000001,865.7183650587531,783.495,3.386750288381341,-0.37428571428571544,146.85000000000002,28.32,10.54,6.43,588.0,-0.15476190212989963,1053.02,3462319.9
2017-08-01,2017,8,Southwest Monsoon,Southwest Monsoon,0,Ernakulam,Indian Mackerel,Rastrelliger kanagurta,3.2,Intermediate Predator,3462319.9,3288,35274,1053.02,27.17,374.5,6.9,2.58,10.15,5.8,1.405,4358.99,535.93,0.1231,-2927.857,1.981,-0.8660254037844385,-0.5000000000000004,1567.51,1956.71,446.05,899.86,1323.4233333333334,784.351410104765,919.6983333333334,-0.19890530431742415,-0.20714285714285197,-42.51428571428568,27.31,11.98,7.23,497.0,5.615694051998108,800.81,1855477.3
2017-09-01,2017,9,Southwest Monsoon,Southwest Monsoon,0,Ernakulam,Indian Mackerel,Rastrelliger kanagurta,3.2,Intermediate Predator,1855477.3,2317,31085,800.81,27.51,259.9,4.6,1.83,6.63,3.98,0.99,2663.18,426.0,0.1603,-1382.401,1.65,-1.0,-1.8369701987210297e-16,1053.02,1567.51,1956.71,869.78,1525.7466666666667,453.29023377228503,993.4333333333333,-0.32822118947744394,-0.5128571428571398,9.92142857142855,27.17,10.15,5.8,3288.0,-0.29531630080499904,747.93,2550425.1
2017-10-01,2017,10,Post-Monsoon,Post-Monsoon,0,Ernakulam,Indian Mackerel,Rastrelliger kanagurta,3.2,Intermediate Predator,2550425.1,3410,41085,747.93,28.83,351.2,4.0,1.19,1.26,1.85,1.457,1461.35,428.7,0.2938,-718.533,1.284,-0.8660254037844386,0.5000000000000001,800.81,1053.02,1567.51,345.21,1140.4466666666667,390.7554081946063,1048.7983333333334,-0.2395111181220574,0.03142857142857025,48.64285714285711,27.51,6.63,3.98,2317.0,0.47173068419624214,667.92,2040503.8
2017-11-01,2017,11,Post-Monsoon,Post-Monsoon,0,Ernakulam,Indian Mackerel,Rastrelliger kanagurta,3.2,Intermediate Predator,2040503.8,3055,43251,667.92,28.83,165.9,3.6,0.81,1.56,1.44,1.306,2050.47,385.55,0.1884,-1043.139,1.251,-0.5000000000000004,0.8660254037844384,747.93,800.81,1053.02,361.37,867.2533333333334,163.03684992459162,1095.3383333333334,-0.06603314061970829,-0.18571428571429038,-2.2571428571428385,28.83,1.26,1.85,3410.0,-0.1041055715422124,687.67,2293366.3
2017-12-01,2017,12,Winter / Post-Monsoon,Northeast/Dry,0,Ernakulam,Indian Mackerel,Rastrelliger kanagurta,3.2,Intermediate Predator,2293366.3,3335,43022,687.67,28.38,35.8,4.1,1.03,1.28,0.89,1.425,1630.5,380.88,0.2341,-795.785,1.261,-2.4492935982947064e-16,1.0,667.92,747.93,800.81,358.36,738.8866666666667,66.90496568517162,1132.3166666666666,-0.10697525026439306,-0.11857142857143188,0.4214285714285708,28.83,1.56,1.44,3055.0,0.09165302752323068,615.17,1833210.4
2018-01-01,2018,1,Winter / Post-Monsoon,Northeast/Dry,0,Ernakulam,Indian Mackerel,Rastrelliger kanagurta,3.2,Intermediate Predator,1833210.4,2980,34642,615.17,28.27,10.0,2.7,1.2,1.45,1.1,1.274,1375.75,338.1,0.2463,-569.465,0.998,0.49999999999999994,0.8660254037844387,687.67,667.92,747.93,750.29,701.1733333333333,41.67919185077904,920.81,0.029569409067412133,-0.006428571428571672,1.5428571428571427,28.38,1.28,0.89,3335.0,-0.10644677629251341,591.04,1884236.0
2018-02-01,2018,2,Winter / Post-Monsoon,Northeast/Dry,0,Ernakulam,Indian Mackerel,Rastrelliger kanagurta,3.2,Intermediate Predator,1884236.0,3188,32669,591.04,28.61,10.6,3.6,1.21,1.27,1.09,1.362,1816.24,335.67,0.1853,-821.296,1.144,0.8660254037844386,0.5000000000000001,615.17,687.67,667.92,610.61,656.9200000000001,37.48082843269041,762.0866666666666,-0.10542847433465945,-0.041428571428571814,-0.05714285714285694,28.27,1.45,1.1,2980.0,0.06979865748389712,561.87,2039575.9
2018-03-01,2018,3,Pre-Monsoon / Summer,Pre-Monsoon,0,Ernakulam,Indian Mackerel,Rastrelliger kanagurta,3.2,Intermediate Predator,2039575.9,3630,49315,561.87,29.04,28.4,3.3,1.28,0.59,0.84,1.551,1266.87,327.38,0.259,-508.139,1.225,1.0,6.123233995736766e-17,591.04,615.17,687.67,468.62,631.2933333333334,50.29225221974198,685.09,-0.03922492905660339,-0.49571428571428555,3.664285714285711,28.61,1.27,1.09,3188.0,0.13864491800926937,479.67,1621770.5
2018-04-01,2018,4,Pre-Monsoon / Summer,Pre-Monsoon,0,Ernakulam,Indian Mackerel,Rastrelliger kanagurta,3.2,Intermediate Predator,1621770.5,3381,37676,479.67,30.26,81.9,4.3,1.2,0.71,0.76,1.445,299.69,285.44,0.9526,-79.517,0.806,0.8660254037844387,-0.4999999999999998,561.87,591.04,615.17,468.69,589.36,26.68968527354469,645.2666666666665,-0.04935368081088108,-0.041428571428571814,-7.507142857142853,29.04,0.59,0.84,3630.0,-0.068595041133347,522.44,1831665.8
2018-05-01,2018,5,Pre-Monsoon / Summer,Pre-Monsoon,0,Ernakulam,Indian Mackerel,Rastrelliger kanagurta,3.2,Intermediate Predator,1831665.8,3506,34552,522.44,30.11,262.5,5.3,2.23,1.57,1.43,1.498,824.09,312.07,0.3794,-273.457,0.958,0.49999999999999994,-0.8660254037844387,479.67,561.87,591.04,446.05,544.1933333333334,57.75091023814489,600.5566666666666,-0.14629718357810198,-0.019999999999999574,1.4428571428571217,30.26,0.71,0.76,3381.0,0.0369713101538855,2059.9,1266835.5
2018-06-01,2018,6,Southwest Monsoon,Southwest Monsoon,1,Ernakulam,Indian Mackerel,Rastrelliger kanagurta,3.2,Intermediate Predator,1266835.5,615,8637,2059.9,28.5,809.8,8.3,3.6,12.39,7.72,0.263,7001.94,1108.53,0.1584,-9126.8,3.662,1.2246467991473532e-16,-1.0,522.44,479.67,561.87,1956.71,521.3266666666667,41.111307852393914,576.3100000000001,0.08916546606697391,-0.09071428571428442,140.0785714285713,30.11,1.57,1.43,3506.0,-0.8245864209224574,1595.41,773775.1
2018-07-01,2018,7,Southwest Monsoon,Southwest Monsoon,1,Ernakulam,Indian Mackerel,Rastrelliger kanagurta,3.2,Intermediate Predator,773775.1,485,6366,1595.41,27.37,723.8,8.4,3.15,12.79,7.59,0.207,6024.34,795.04,0.1321,-5773.526,2.54,-0.4999999999999997,-0.8660254037844388,2059.9,522.44,479.67,1567.51,1020.6700000000001,900.2536103232245,805.015,2.94284505507149,-0.31428571428571317,115.85000000000002,28.5,12.39,7.72,615.0,-0.21138211038403074,1221.24,3072634.6
2018-08-01,2018,8,Southwest Monsoon,Southwest Monsoon,0,Ernakulam,Indian Mackerel,Rastrelliger kanagurta,3.2,Intermediate Predator,3072634.6,2516,33029,1221.24,27.42,371.4,7.8,2.58,10.79,6.05,1.075,4512.6,605.54,0.1344,-3350.724,2.293,-0.8660254037844385,-0.5000000000000004,1595.41,2059.9,522.44,1053.02,1392.5833333333333,788.5428367776433,968.3883333333333,-0.22549152762031394,0.042857142857148034,-45.6142857142857,27.37,12.79,7.59,485.0,4.18762877963652,1094.26,3145999.4
2018-09-01,2018,9,Southwest Monsoon,Southwest Monsoon,0,Ernakulam,Indian Mackerel,Rastrelliger kanagurta,3.2,Intermediate Predator,3145999.4,2875,35748,1094.26,27.8,240.5,6.3,2.6,9.52,5.12,1.229,5447.01,600.83,0.1105,-4370.601,2.218,-1.0,-1.8369701987210297e-16,1221.24,1595.41,2059.9,800.81,1625.5166666666667,420.1398070087298,1073.4216666666669,-0.2345290537571593,-0.22285714285714064,-9.478571428571428,27.42,10.79,6.05,2516.0,0.14268680388439267,719.08,1799856.6
2018-10-01,2018,10,Post-Monsoon,Post-Monsoon,0,Ernakulam,Indian Mackerel,Rastrelliger kanagurta,3.2,Intermediate Predator,1799856.6,2503,28761,719.08,28.71,262.1,4.3,1.09,1.58,1.63,1.07,1685.58,393.85,0.2341,-809.704,1.321,-0.8660254037844386,0.5000000000000001,1094.26,1221.24,1595.41,747.93,1303.6366666666665,260.53740352074846,1162.1533333333334,-0.10397628554603286,-0.08857142857142719,-40.457142857142856,27.8,9.52,5.12,2875.0,-0.12939130389776937,592.29,1830770.8
2018-11-01,2018,11,Post-Monsoon,Post-Monsoon,0,Ernakulam,Indian Mackerel,Rastrelliger kanagurta,3.2,Intermediate Predator,1830770.8,3091,41240,592.29,29.05,194.9,4.2,0.85,1.39,1.5,1.321,1363.72,372.32,0.2736,-594.532,1.258,-0.5000000000000004,0.8660254037844384,719.08,1094.26,1221.24,667.92,1011.5266666666668,261.1029868334213,1202.055,-0.3428618395732107,0.03428571428571203,26.74285714285716,28.71,1.58,1.63,2503.0,0.23491809734351538,711.0,2019241.9
2018-12-01,2018,12,Winter / Post-Monsoon,Northeast/Dry,0,Ernakulam,Indian Mackerel,Rastrelliger kanagurta,3.2,Intermediate Predator,2019241.9,2840,29092,711.0,28.57,36.0,3.8,1.29,1.15,1.05,1.214,1533.19,384.38,0.2512,-730.323,1.203,-2.4492935982947064e-16,1.0,592.29,719.08,1094.26,687.67,801.8766666666667,261.0266963996867,1213.6966666666665,-0.17632252077206273,0.0714285714285694,0.6214285714285737,29.05,1.39,1.5,3091.0,-0.08120349375217245,411.4,1275739.5
2019-01-01,2019,1,Winter / Post-Monsoon,Northeast/Dry,0,Ernakulam,Indian Mackerel,Rastrelliger kanagurta,3.2,Intermediate Predator,1275739.5,3101,34805,411.4,28.24,9.3,3.2,0.85,0.38,0.53,1.325,1023.34,236.94,0.2323,-302.552,0.748,0.49999999999999994,0.8660254037844387,711.0,592.29,719.08,615.17,674.1233333333333,70.98480424241859,988.88,0.20042546387030916,-0.03642857142857281,0.8428571428571434,28.57,1.15,1.05,2840.0,0.09190140812710772,483.23,1336628.0
2019-02-01,2019,2,Winter / Post-Monsoon,Northeast/Dry,0,Ernakulam,Indian Mackerel,Rastrelliger kanagurta,3.2,Intermediate Predator,1336628.0,2766,30152,483.23,28.35,10.7,3.2,0.5,1.0,0.82,1.182,1033.17,272.27,0.2642,-334.431,0.867,0.8660254037844386,0.5000000000000001,411.4,711.0,592.29,591.04,571.5633333333334,150.87158789293196,791.5450000000001,-0.4213783344391233,-0.3014285714285698,0.042857142857142705,28.24,0.38,0.53,3101.0,-0.10802966750071051,469.63,1210235.2
2019-03-01,2019,3,Pre-Monsoon / Summer,Pre-Monsoon,0,Ernakulam,Indian Mackerel,Rastrelliger kanagurta,3.2,Intermediate Predator,1210235.2,2577,30296,469.63,29.51,23.6,4.0,1.27,1.01,0.82,1.101,532.82,268.19,0.5043,-144.125,0.811,1.0,6.123233995736766e-17,483.23,411.4,711.0,561.87,535.21,156.41764702232746,668.5433333333334,0.17459892623726492,-0.025714285714283136,-1.1357142857142861,28.35,1.0,0.82,2766.0,-0.06832971775730398,273.12,976960.1
2019-04-01,2019,4,Pre-Monsoon / Summer,Pre-Monsoon,0,Ernakulam,Indian Mackerel,Rastrelliger kanagurta,3.2,Intermediate Predator,976960.1,3577,42971,273.12,30.4,119.2,3.7,1.13,1.21,0.89,1.529,312.99,176.8,0.5663,-49.131,0.535,0.8660254037844387,-0.4999999999999998,469.63,483.23,411.4,479.67,454.75333333333333,38.155912167512184,564.4383333333333,-0.02814394743405945,0.0985714285714252,29.792857142857144,29.51,1.01,0.82,2577.0,0.38804811646081444,414.23,1225706.4
2019-05-01,2019,5,Pre-Monsoon / Summer,Pre-Monsoon,0,Ernakulam,Indian Mackerel,Rastrelliger kanagurta,3.2,Intermediate Predator,1225706.4,2959,38554,414.23,30.02,249.7,4.9,2.33,1.41,1.37,1.265,760.31,250.5,0.3304,-202.048,0.704,0.49999999999999994,-0.8660254037844387,273.12,469.63,483.23,522.44,408.66,117.57788354959303,490.1116666666667,-0.4184357809672342,-0.10999999999999943,-11.35714285714289,30.4,1.21,0.89,3577.0,-0.17277047757123154,1435.3,1021932.5
2019-06-01,2019,6,Southwest Monsoon,Southwest Monsoon,1,Ernakulam,Indian Mackerel,Rastrelliger kanagurta,3.2,Intermediate Predator,1021932.5,712,7546,1435.3,28.94,709.7,7.6,3.51,11.95,7.12,0.304,4177.49,811.92,0.1945,-3829.582,2.654,1.2246467991473532e-16,-1.0,414.23,273.12,469.63,2059.9,385.66,101.32239979393353,460.43499999999995,0.516659324961214,0.34928571428571686,39.9785714285714,30.02,1.41,1.37,2959.0,-0.7593781657337676,1015.43,627536.0
2019-07-01,2019,7,Southwest Monsoon,Southwest Monsoon,1,Ernakulam,Indian Mackerel,Rastrelliger kanagurta,3.2,Intermediate Predator,627536.0,618,7868,1015.43,27.38,552.8,7.6,3.78,11.7,6.77,0.264,4134.09,515.85,0.125,-2581.855,2.025,-0.4999999999999997,-0.8660254037844388,1435.3,414.23,273.12,1595.41,707.5500000000001,634.1869242581411,581.1516666666666,2.464983162373967,-0.30428571428571516,-55.14999999999998,28.94,11.95,7.12,712.0,-0.13202247005586418,621.25,1779885.8
2019-08-01,2019,8,Southwest Monsoon,Southwest Monsoon,0,Ernakulam,Indian Mackerel,Rastrelliger kanagurta,3.2,Intermediate Predator,1779885.8,2865,28446,621.25,26.7,444.6,6.7,2.69,10.05,5.66,1.224,2342.12,318.39,0.1363,-866.139,1.2,-0.8660254037844385,-0.5000000000000004,1015.43,1435.3,414.23,1221.24,954.9866666666667,513.2114901610582,681.8233333333334,-0.29253117611279056,-0.6771428571428544,27.585714285714346,27.38,11.7,6.77,618.0,3.635922271263394,1007.21,3296605.4
2019-09-01,2019,9,Southwest Monsoon,Southwest Monsoon,0,Ernakulam,Indian Mackerel,Rastrelliger kanagurta,3.2,Intermediate Predator,3296605.4,3273,41152,1007.21,27.72,214.5,6.0,1.72,9.15,4.88,1.399,3849.83,513.34,0.1336,-2489.103,1.728,-1.0,-1.8369701987210297e-16,621.25,1015.43,1435.3,1094.26,1023.9933333333333,407.09255536466617,704.8266666666667,-0.3881902210079452,-0.3028571428571425,-35.47857142857143,26.7,10.05,5.66,2865.0,0.14240837646628837,616.3,1749679.8
2019-10-01,2019,10,Post-Monsoon,Post-Monsoon,0,Ernakulam,Indian Mackerel,Rastrelliger kanagurta,3.2,Intermediate Predator,1749679.8,2839,35054,616.3,28.86,279.9,4.5,1.38,1.3,1.3,1.213,1255.54,332.24,0.2652,-491.839,1.005,-0.8660254037844386,0.5000000000000001,1007.21,621.25,1015.43,719.08,881.2966666666666,225.24451987414494,794.4233333333333,0.6212635714887152,0.06142857142857139,-22.6571428571429,27.72,9.15,4.88,3273.0,-0.13260006070088584,575.04,1691180.0
2019-11-01,2019,11,Post-Monsoon,Post-Monsoon,0,Ernakulam,Indian Mackerel,Rastrelliger kanagurta,3.2,Intermediate Predator,1691180.0,2941,37170,575.04,28.63,168.1,4.0,0.89,1.09,1.17,1.257,1048.34,309.36,0.2958,-370.73,1.051,-0.5000000000000004,0.8660254037844384,616.3,1007.21,621.25,592.29,748.2533333333332,224.2767086287257,851.62,-0.38811171068484523,-0.3857142857142897,-0.057142857142849834,28.86,1.3,1.3,2839.0,0.03592814358602274,496.86,1361889.3
2019-12-01,2019,12,Winter / Post-Monsoon,Northeast/Dry,0,Ernakulam,Indian Mackerel,Rastrelliger kanagurta,3.2,Intermediate Predator,1361889.3,2741,27554,496.86,28.04,36.2,3.2,1.21,0.73,0.49,1.171,1062.08,262.79,0.2481,-347.205,0.82,-2.4492935982947064e-16,1.0,575.04,616.3,1007.21,711.0,732.8499999999999,238.49665427422877,878.4216666666666,-0.06694791389018474,-0.45857142857143174,0.8214285714285765,28.63,1.09,1.17,2941.0,-0.06800408001358693,565.71,1453319.0
2020-01-01,2020,1,Winter / Post-Monsoon,Northeast/Dry,0,Ernakulam,Indian Mackerel,Rastrelliger kanagurta,3.2,Intermediate Predator,1453319.0,2569,28350,565.71,27.64,9.1,3.8,1.27,1.01,0.98,1.098,1507.23,303.73,0.202,-596.476,0.953,0.49999999999999994,0.8660254037844387,496.86,575.04,616.3,411.4,562.7333333333332,60.6635717159365,722.015,-0.13595575723504866,-0.6364285714285707,0.6428571428571423,28.04,0.73,0.49,2741.0,-0.0627508206393622,710.84,1933486.5
2020-02-01,2020,2,Winter / Post-Monsoon,Northeast/Dry,0,Ernakulam,Indian Mackerel,Rastrelliger kanagurta,3.2,Intermediate Predator,1933486.5,2720,27023,710.84,28.37,12.4,4.2,0.93,0.97,1.12,1.162,1660.0,395.6,0.2388,-824.509,1.266,0.8660254037844386,0.5000000000000001,565.71,496.86,575.04,483.23,545.8699999999999,42.69949999708738,647.0616666666666,0.13857021819888468,-0.28142857142857025,1.7428571428571438,27.64,1.01,0.98,2569.0,0.05877773429825716,600.24,626647.3
2020-03-01,2020,3,Pre-Monsoon / Summer,Pre-Monsoon,0,Ernakulam,Indian Mackerel,Rastrelliger kanagurta,3.2,Intermediate Predator,626647.3,1044,14762,600.24,29.62,23.2,3.3,1.03,0.65,0.53,0.446,723.35,345.24,0.478,-269.146,1.11,1.0,6.123233995736766e-17,710.84,565.71,496.86,469.63,591.1366666666667,109.23253468328258,661.9933333333333,0.25654486827977463,0.0842857142857163,-1.5357142857142883,28.37,0.97,1.12,2720.0,-0.6161764683228805,476.98,489379.8
2020-04-01,2020,4,Pre-Monsoon / Summer,Pre-Monsoon,0,Ernakulam,Indian Mackerel,Rastrelliger kanagurta,3.2,Intermediate Predator,489379.8,1026,11985,476.98,30.09,81.4,3.7,1.11,0.99,0.94,0.438,748.71,295.78,0.3959,-237.371,0.951,0.8660254037844387,-0.4999999999999998,600.24,710.84,565.71,273.12,625.5966666666667,75.81490376789036,594.1650000000001,-0.155590566715568,-0.21142857142857352,-8.007142857142853,29.62,0.65,0.53,1044.0,-0.01724137914519752,637.29,701659.2
2020-05-01,2020,5,Pre-Monsoon / Summer,Pre-Monsoon,0,Ernakulam,Indian Mackerel,Rastrelliger kanagurta,3.2,Intermediate Predator,701659.2,1101,15711,637.29,29.6,302.9,5.7,2.1,1.67,1.88,0.471,1346.59,394.65,0.2936,-603.444,1.233,0.49999999999999994,-0.8660254037844387,476.98,600.24,710.84,414.23,596.02,116.98709843397765,570.945,-0.2053511894350395,-0.5299999999999976,41.8428571428571,30.09,0.99,0.94,1026.0,0.07309941449220844,2103.82,1264392.9
2020-06-01,2020,6,Southwest Monsoon,Southwest Monsoon,1,Ernakulam,Indian Mackerel,Rastrelliger kanagurta,3.2,Intermediate Predator,1264392.9,601,5781,2103.82,28.27,668.3,8.4,3.53,12.23,7.34,0.257,8026.49,1139.71,0.1421,-11083.026,4.036,1.2246467991473532e-16,-1.0,637.29,476.98,600.24,1435.3,571.5033333333332,83.92955994960617,581.32,0.33609374950535126,-0.32071428571428484,-1.4214285714286916,29.6,1.67,1.88,1101.0,-0.4541326025964341,1118.49,531281.4
2020-07-01,2020,7,Southwest Monsoon,Southwest Monsoon,1,Ernakulam,Indian Mackerel,Rastrelliger kanagurta,3.2,Intermediate Predator,531281.4,475,5066,1118.49,27.18,358.8,8.4,3.39,12.12,6.65,0.203,5941.44,586.49,0.0989,-4559.312,2.42,-0.4999999999999997,-0.8660254037844388,2103.82,637.29,476.98,1015.43,1072.6966666666667,896.5691944481107,849.1466666666669,2.3011972210265785,-0.5042857142857144,-249.14999999999992,28.27,12.23,7.34,601.0,-0.20965057887436642,1294.38,3134981.7
2020-08-01,2020,8,Southwest Monsoon,Southwest Monsoon,0,Ernakulam,Indian Mackerel,Rastrelliger kanagurta,3.2,Intermediate Predator,3134981.7,2422,31294,1294.38,27.4,511.6,6.8,3.21,10.49,6.12,1.035,5224.83,667.22,0.1279,-4347.355,2.393,-0.8660254037844385,-0.5000000000000004,1118.49,2103.82,637.29,621.25,1286.5333333333335,747.5670415643896,941.2766666666668,-0.4683528036222072,0.022857142857144908,94.58571428571435,27.18,12.12,6.65,475.0,4.098947282127426,1152.44,3525313.7
2020-09-01,2020,9,Southwest Monsoon,Southwest Monsoon,0,Ernakulam,Indian Mackerel,Rastrelliger kanagurta,3.2,Intermediate Predator,3525313.7,3059,34133,1152.44,27.34,251.7,5.2,2.4,7.92,4.48,1.307,3639.23,579.58,0.1595,-2591.234,1.945,-1.0,-1.8369701987210297e-16,1294.38,1118.49,2103.82,1007.21,1505.5633333333335,525.5165101434335,1038.5333333333335,0.1572566571247249,-0.6828571428571415,1.7214285714285609,27.4,10.49,6.12,2422.0,0.2630057792609175,837.41,2567502.6
2020-10-01,2020,10,Post-Monsoon,Post-Monsoon,0,Ernakulam,Indian Mackerel,Rastrelliger kanagurta,3.2,Intermediate Predator,2567502.6,3066,39596,837.41,28.52,238.6,2.9,1.39,0.95,1.25,1.31,2034.89,451.91,0.2225,-1183.205,1.385,-0.8660254037844386,0.5000000000000001,1152.44,1294.38,1118.49,616.3,1188.4366666666667,93.30671483518014,1130.5666666666668,-0.10965867743893855,-0.27857142857142847,-63.957142857142884,27.34,7.92,4.48,3059.0,0.002288329511970155,733.15,2363665.3
2020-11-01,2020,11,Post-Monsoon,Post-Monsoon,0,Ernakulam,Indian Mackerel,Rastrelliger kanagurta,3.2,Intermediate Predator,2363665.3,3224,32288,733.15,29.0,172.0,3.5,1.2,1.07,1.15,1.378,1431.45,421.59,0.295,-717.068,1.437,-0.5000000000000004,0.8660254037844384,837.41,1152.44,1294.38,575.04,1094.7433333333336,233.88474561914828,1190.6383333333333,-0.2733591312922224,-0.015714285714288678,3.842857142857156,28.52,0.95,1.25,3066.0,0.05153294177582211,633.61,1788667.0
2020-12-01,2020,12,Winter / Post-Monsoon,Northeast/Dry,0,Ernakulam,Indian Mackerel,Rastrelliger kanagurta,3.2,Intermediate Predator,1788667.0,2823,36417,633.61,28.05,38.9,4.0,1.3,1.56,1.14,1.206,1982.16,348.18,0.1761,-946.924,1.168,-2.4492935982947064e-16,1.0,733.15,837.41,1152.44,496.86,907.6666666666666,218.29572930621845,1206.615,-0.12450293017156554,-0.4485714285714302,3.5214285714285722,29.0,1.07,1.15,3224.0,-0.12437965221966608,735.82,2080152.9
2021-01-01,2021,1,Winter / Post-Monsoon,Northeast/Dry,0,Ernakulam,Indian Mackerel,Rastrelliger kanagurta,3.2,Intermediate Predator,2080152.9,2827,37933,735.82,28.22,9.3,3.3,0.94,1.14,1.05,1.208,2258.2,417.21,0.1851,-1301.407,1.383,0.49999999999999994,0.8660254037844387,633.61,733.15,837.41,565.71,734.7233333333334,101.90910917741286,961.58,-0.13577030436104062,-0.05642857142857238,0.8428571428571434,28.05,1.56,1.14,2823.0,0.001416932336461451,1009.85,2559975.1
2021-02-01,2021,2,Winter / Post-Monsoon,Northeast/Dry,0,Ernakulam,Indian Mackerel,Rastrelliger kanagurta,3.2,Intermediate Predator,2559975.1,2535,29412,1009.85,28.2,11.4,3.7,0.8,1.29,0.91,1.083,1822.79,523.7,0.2877,-1182.116,1.596,0.8660254037844386,0.5000000000000001,735.82,633.61,733.15,710.84,700.86,58.25550703582057,897.8016666666666,0.16131373934575313,-0.45142857142857196,0.7428571428571438,28.22,1.14,1.05,2827.0,-0.10328970603717826,579.43,2085960.2
2021-03-01,2021,3,Pre-Monsoon / Summer,Pre-Monsoon,0,Ernakulam,Indian Mackerel,Rastrelliger kanagurta,3.2,Intermediate Predator,2085960.2,3600,35983,579.43,29.7,24.2,3.6,0.72,1.04,0.77,1.538,967.18,368.7,0.3819,-401.288,1.102,1.0,6.123233995736766e-17,1009.85,735.82,633.61,600.24,793.0933333333334,194.54899237295948,850.38,0.3724144441247255,0.1642857142857146,-0.5357142857142883,28.2,1.29,0.91,2535.0,0.42011834153799466,517.57,1439368.7
2021-04-01,2021,4,Pre-Monsoon / Summer,Pre-Monsoon,0,Ernakulam,Indian Mackerel,Rastrelliger kanagurta,3.2,Intermediate Predator,1439368.7,2781,30473,517.57,30.14,98.4,4.4,1.01,1.7,1.2,1.188,890.96,333.38,0.3749,-323.356,0.942,0.8660254037844387,-0.4999999999999998,579.43,1009.85,735.82,476.98,775.0333333333333,217.87291762248444,754.8783333333334,-0.42622171187580626,-0.1614285714285728,8.992857142857147,29.7,1.04,0.77,3600.0,-0.22749999936805554,531.3,1514733.4
2021-05-01,2021,5,Pre-Monsoon / Summer,Pre-Monsoon,0,Ernakulam,Indian Mackerel,Rastrelliger kanagurta,3.2,Intermediate Predator,1514733.4,2851,27187,531.3,30.03,256.1,5.4,2.13,1.5,1.5,1.218,718.39,351.47,0.49,-259.58,1.088,0.49999999999999994,-0.8660254037844387,517.57,579.43,1009.85,637.29,702.2833333333333,268.1503416617885,701.5716666666667,-0.1067600899718672,-0.09999999999999787,-4.9571428571428555,30.14,1.7,1.2,2781.0,0.0251708017793211,2518.88,1181352.5
2021-06-01,2021,6,Southwest Monsoon,Southwest Monsoon,1,Ernakulam,Indian Mackerel,Rastrelliger kanagurta,3.2,Intermediate Predator,1181352.5,469,4758,2518.88,28.95,690.0,8.2,3.43,12.25,7.29,0.2,7663.79,1336.5,0.1745,-11999.906,4.564,1.2246467991473532e-16,-1.0,531.3,517.57,579.43,2103.82,542.7666666666668,32.485046303399045,667.9300000000001,0.026527812150475845,0.3592857142857149,20.278571428571354,30.03,1.5,1.5,2851.0,-0.8354963141511879,1725.34,1273299.7
2021-07-01,2021,7,Southwest Monsoon,Southwest Monsoon,1,Ernakulam,Indian Mackerel,Rastrelliger kanagurta,3.2,Intermediate Predator,1273299.7,738,8766,1725.34,27.21,640.8,7.9,3.47,11.55,6.56,0.315,7255.06,869.36,0.1199,-8009.199,2.818,-0.4999999999999997,-0.8660254037844388,2518.88,531.3,517.57,1118.49,1189.25,1151.513821410755,982.1416666666668,3.7409748966502003,-0.4742857142857133,32.85000000000002,28.95,12.25,7.29,469.0,0.573560755361178,1701.32,5042712.0
2021-08-01,2021,8,Southwest Monsoon,Southwest Monsoon,0,Ernakulam,Indian Mackerel,Rastrelliger kanagurta,3.2,Intermediate Predator,5042712.0,2964,33020,1701.32,27.73,445.8,6.9,2.75,10.28,5.95,1.267,6288.38,870.7,0.1386,-6817.733,3.211,-0.8660254037844385,-0.5000000000000004,1725.34,2518.88,531.3,1294.38,1591.84,1000.4925045196494,1147.0616666666667,-0.3150368405202438,0.35285714285714675,28.785714285714334,27.21,11.55,6.56,738.0,3.016260121730893,1413.17,3408566.8
2021-09-01,2021,9,Southwest Monsoon,Southwest Monsoon,0,Ernakulam,Indian Mackerel,Rastrelliger kanagurta,3.2,Intermediate Predator,3408566.8,2412,33553,1413.17,27.99,239.4,4.9,1.93,7.84,4.27,1.031,4939.99,734.1,0.1488,-4638.225,2.554,-1.0,-1.8369701987210297e-16,1701.32,1725.34,2518.88,1152.44,1981.8466666666664,465.2395522022329,1262.3066666666666,-0.01392189357505248,-0.03285714285714292,-10.578571428571422,27.73,10.28,5.95,2964.0,-0.18623481718544257,751.98,2503332.4
2021-10-01,2021,10,Post-Monsoon,Post-Monsoon,0,Ernakulam,Indian Mackerel,Rastrelliger kanagurta,3.2,Intermediate Predator,2503332.4,3329,39959,751.98,28.18,270.1,4.2,1.82,0.92,1.22,1.423,1757.6,416.68,0.2375,-918.987,1.471,-0.8660254037844386,0.5000000000000001,1413.17,1701.32,1725.34,837.41,1613.2766666666666,173.7131216498447,1401.2633333333333,-0.16936848935315812,-0.6185714285714283,-32.457142857142856,27.99,7.84,4.27,2412.0,0.380182419650985,854.58,1901439.9
2021-11-01,2021,11,Post-Monsoon,Post-Monsoon,0,Ernakulam,Indian Mackerel,Rastrelliger kanagurta,3.2,Intermediate Predator,1901439.9,2225,26334,854.58,28.87,171.7,3.9,1.18,1.5,1.52,0.951,1998.9,502.24,0.2516,-1235.476,1.594,-0.5000000000000004,0.8660254037844384,751.98,1413.17,1701.32,733.15,1288.8233333333333,486.73214300406903,1440.3316666666667,-0.46787718060900546,-0.14571428571428768,3.5428571428571445,28.18,0.92,1.22,3329.0,-0.33163111946040513,710.86,1834022.3
2021-12-01,2021,12,Winter / Post-Monsoon,Northeast/Dry,0,Ernakulam,Indian Mackerel,Rastrelliger kanagurta,3.2,Intermediate Predator,1834022.3,2580,36750,710.86,28.52,31.7,5.0,1.03,1.79,1.22,1.103,2102.53,408.72,0.1948,-1147.048,1.449,-2.4492935982947064e-16,1.0,854.58,751.98,1413.17,633.61,1006.5766666666667,355.8374545116538,1494.2116666666668,0.1364397971164154,0.021428571428568688,-3.678571428571427,28.87,1.5,1.52,2225.0,0.15955056108067162,714.07,2579238.3
2022-01-01,2022,1,Winter / Post-Monsoon,Northeast/Dry,0,Ernakulam,Indian Mackerel,Rastrelliger kanagurta,3.2,Intermediate Predator,2579238.3,3612,43826,714.07,27.65,7.3,3.7,0.82,0.96,0.73,1.544,1801.47,387.21,0.2154,-933.743,1.31,0.49999999999999994,0.8660254037844387,710.86,854.58,751.98,735.82,772.4733333333334,74.01920111250207,1192.875,-0.1681761781439283,-0.6264285714285727,-1.1571428571428575,28.52,1.79,1.22,2580.0,0.39999999844961237,895.75,2483024.2
2022-02-01,2022,2,Winter / Post-Monsoon,Northeast/Dry,0,Ernakulam,Indian Mackerel,Rastrelliger kanagurta,3.2,Intermediate Predator,2483024.2,2772,33208,895.75,28.31,10.7,3.5,0.88,1.02,0.84,1.185,1933.18,496.37,0.2571,-1227.873,1.517,0.8660254037844386,0.5000000000000001,714.07,710.86,854.58,1009.85,759.8366666666667,82.06582987658759,1024.33,0.004515657027886597,-0.3414285714285725,0.042857142857142705,27.65,0.96,0.73,3612.0,-0.23255813889103505,877.04,2143490.3
2022-03-01,2022,3,Pre-Monsoon / Summer,Pre-Monsoon,0,Ernakulam,Indian Mackerel,Rastrelliger kanagurta,3.2,Intermediate Predator,2143490.3,2444,24682,877.04,29.04,29.5,3.1,1.15,1.0,1.04,1.044,1903.56,498.42,0.2622,-1189.938,1.746,1.0,6.123233995736766e-17,895.75,714.07,710.86,579.43,773.5600000000001,105.83181515971319,890.0683333333333,0.25442883394584787,-0.49571428571428555,4.7642857142857125,28.31,1.02,0.84,2772.0,-0.11832611789925641,506.05,1395186.2
2022-04-01,2022,4,Pre-Monsoon / Summer,Pre-Monsoon,0,Ernakulam,Indian Mackerel,Rastrelliger kanagurta,3.2,Intermediate Predator,1395186.2,2757,27754,506.05,30.04,75.5,3.7,0.99,0.96,0.82,1.178,874.39,324.51,0.3718,-315.084,1.007,0.8660254037844387,-0.4999999999999998,877.04,895.75,714.07,517.57,828.9533333333334,99.93073217650863,800.7133333333333,-0.020887524187691648,-0.26142857142857423,-13.907142857142858,29.04,1.0,1.04,2444.0,0.12806873924685458,734.9,2509681.4
2022-05-01,2022,5,Pre-Monsoon / Summer,Pre-Monsoon,0,Ernakulam,Indian Mackerel,Rastrelliger kanagurta,3.2,Intermediate Predator,2509681.4,3415,46825,734.9,29.8,226.9,4.6,1.66,1.08,1.22,1.459,1069.68,450.45,0.4216,-530.031,1.436,0.49999999999999994,-0.8660254037844387,506.05,877.04,895.75,531.3,759.6133333333332,219.79146715314724,759.725,-0.42300236679054126,-0.3299999999999983,-34.15714285714287,30.04,0.96,0.82,2757.0,0.2386652149486209,2920.75,1588886.9
2022-06-01,2022,6,Southwest Monsoon,Southwest Monsoon,1,Ernakulam,Indian Mackerel,Rastrelliger kanagurta,3.2,Intermediate Predator,1588886.9,544,5283,2920.75,28.15,932.2,7.9,3.26,11.79,7.53,0.232,11456.29,1514.29,0.1323,-21449.354,5.107,1.2246467991473532e-16,-1.0,734.9,506.05,877.04,2518.88,705.9966666666666,187.1762459109941,739.7783333333333,0.45222803177101006,-0.44071428571428584,262.4785714285714,29.8,1.08,1.22,3415.0,-0.840702779383008,2152.29,1175150.0
2022-07-01,2022,7,Southwest Monsoon,Southwest Monsoon,1,Ernakulam,Indian Mackerel,Rastrelliger kanagurta,3.2,Intermediate Predator,1175150.0,546,5460,2152.29,27.41,517.1,8.5,4.01,12.7,7.04,0.233,8808.12,1057.46,0.1202,-11771.599,3.656,-0.4999999999999997,-0.8660254037844388,2920.75,734.9,506.05,1725.34,1387.2333333333333,1332.9846607644567,1108.0933333333332,2.974350211262074,-0.274285714285714,-90.84999999999991,28.15,11.79,7.53,544.0,0.0036764705206531155,1232.31,2512676.0
2022-08-01,2022,8,Southwest Monsoon,Southwest Monsoon,0,Ernakulam,Indian Mackerel,Rastrelliger kanagurta,3.2,Intermediate Predator,2512676.0,2039,27481,1232.31,26.62,260.1,7.8,2.32,11.68,6.21,0.871,4507.66,602.24,0.1338,-3316.631,2.077,-0.8660254037844385,-0.5000000000000004,2152.29,2920.75,734.9,1701.32,1935.9800000000002,1108.8631870974891,1347.7966666666669,-0.263103653982355,-0.7571428571428527,-156.91428571428565,27.41,12.7,7.04,546.0,2.734432184351059,1761.63,5418772.0
2022-09-01,2022,9,Southwest Monsoon,Southwest Monsoon,0,Ernakulam,Indian Mackerel,Rastrelliger kanagurta,3.2,Intermediate Predator,5418772.0,3076,39975,1761.63,27.68,291.6,6.2,2.06,9.5,5.29,1.315,6971.57,935.02,0.1342,-8368.537,3.256,-1.0,-1.8369701987210297e-16,1232.31,2152.29,2920.75,1413.17,2101.7833333333333,845.3523531246216,1403.89,-0.4274423965755432,-0.34285714285714164,41.621428571428595,26.62,11.68,6.21,2039.0,0.5085826360540332,977.83,2763360.9
2022-10-01,2022,10,Post-Monsoon,Post-Monsoon,0,Ernakulam,Indian Mackerel,Rastrelliger kanagurta,3.2,Intermediate Predator,2763360.9,2826,39089,977.83,28.54,337.9,3.5,1.24,1.19,1.57,1.208,2031.6,563.75,0.2778,-1382.416,1.869,-0.8660254037844386,0.5000000000000001,1761.63,1232.31,2152.29,751.98,1715.4099999999999,461.7282928303192,1551.3216666666667,0.42953477266649825,-0.2585714285714289,35.3428571428571,27.68,9.5,5.29,3076.0,-0.0812743820504734,950.65,2677994.3
2022-11-01,2022,11,Post-Monsoon,Post-Monsoon,0,Ernakulam,Indian Mackerel,Rastrelliger kanagurta,3.2,Intermediate Predator,2677994.3,2817,34797,950.65,28.33,162.5,4.0,1.43,1.67,1.77,1.204,2681.14,549.63,0.2053,-1904.713,1.935,-0.5000000000000004,0.8660254037844384,977.83,1761.63,1232.31,854.58,1323.9233333333334,399.85042470070465,1629.9516666666666,-0.4449288417832982,-0.6857142857142904,-5.657142857142844,28.54,1.19,1.57,2826.0,-0.003184713364526846,885.85,2459996.0
2022-12-01,2022,12,Winter / Post-Monsoon,Northeast/Dry,0,Ernakulam,Indian Mackerel,Rastrelliger kanagurta,3.2,Intermediate Predator,2459996.0,2777,37767,885.85,28.0,33.7,4.7,1.33,1.36,0.98,1.187,2397.36,486.45,0.2032,-1587.848,1.67,-2.4492935982947064e-16,1.0,950.65,977.83,1761.63,710.86,1230.0366666666666,460.57387261256343,1665.9099999999999,-0.027796242416409437,-0.4985714285714309,-1.6785714285714235,28.33,1.67,1.77,2817.0,-0.01419950296698792,946.0,2379181.9
2023-01-01,2023,1,Winter / Post-Monsoon,Northeast/Dry,0,Ernakulam,Indian Mackerel,Rastrelliger kanagurta,3.2,Intermediate Predator,2379181.9,2515,27368,946.0,28.72,7.3,3.4,1.12,0.95,0.81,1.075,2317.51,545.54,0.2357,-1677.046,1.763,0.49999999999999994,0.8660254037844387,885.85,950.65,977.83,714.07,938.11,47.25482832473469,1326.76,-0.06816388714917276,0.4435714285714276,-1.1571428571428575,28.0,1.36,0.98,2777.0,-0.09434641665701686,1031.06,2802418.7
2023-02-01,2023,2,Winter / Post-Monsoon,Northeast/Dry,0,Ernakulam,Indian Mackerel,Rastrelliger kanagurta,3.2,Intermediate Predator,2802418.7,2718,26019,1031.06,29.13,7.9,4.6,0.5,1.39,1.1,1.162,1810.17,598.41,0.331,-1292.415,1.958,0.8660254037844386,0.5000000000000001,946.0,885.85,950.65,895.75,927.5,36.14481290586709,1125.7116666666668,0.06790088538803536,0.47857142857142776,-2.7571428571428562,28.72,0.95,0.81,2515.0,0.08071570544447035,839.72,2641761.0
2023-03-01,2023,3,Pre-Monsoon / Summer,Pre-Monsoon,0,Ernakulam,Indian Mackerel,Rastrelliger kanagurta,3.2,Intermediate Predator,2641761.0,3146,42626,839.72,29.72,30.8,3.5,1.22,1.55,1.15,1.344,1401.26,535.42,0.3825,-857.627,1.734,1.0,6.123233995736766e-17,1031.06,946.0,885.85,877.04,954.3033333333333,72.96022912062088,1092.17,0.08991543245332519,0.18428571428571416,6.064285714285713,29.13,1.39,1.1,2718.0,0.1574687264257957,496.82,1170506.0
2023-04-01,2023,4,Pre-Monsoon / Summer,Pre-Monsoon,0,Ernakulam,Indian Mackerel,Rastrelliger kanagurta,3.2,Intermediate Predator,1170506.0,2356,27344,496.82,30.67,70.9,4.3,1.33,0.58,0.55,1.007,561.82,315.06,0.5616,-182.258,0.916,0.8660254037844387,-0.4999999999999998,839.72,1031.06,946.0,506.05,938.9266666666666,95.86591121631022,938.5183333333333,-0.18557600735576965,0.36857142857142833,-18.507142857142853,29.72,1.55,1.15,3146.0,-0.25111252304160037,604.85,1628861.6
2023-05-01,2023,5,Pre-Monsoon / Summer,Pre-Monsoon,0,Ernakulam,Indian Mackerel,Rastrelliger kanagurta,3.2,Intermediate Predator,1628861.6,2693,36958,604.85,30.46,217.2,4.1,2.3,1.71,1.21,1.151,579.78,390.46,0.674,-227.334,1.129,0.49999999999999994,-0.8660254037844387,496.82,839.72,1031.06,734.9,789.1999999999999,270.6793254018488,858.35,-0.4083503976521889,0.33000000000000185,-43.85714285714289,30.67,0.58,0.55,2356.0,0.14303904862886652,2818.88,1897103.2
2023-06-01,2023,6,Southwest Monsoon,Southwest Monsoon,1,Ernakulam,Indian Mackerel,Rastrelliger kanagurta,3.2,Intermediate Predator,1897103.2,673,8776,2818.88,28.81,607.3,7.0,3.43,10.31,6.2,0.288,8389.86,1560.82,0.1861,-15544.716,5.015,1.2246467991473532e-16,-1.0,604.85,496.82,839.72,2920.75,647.13,175.31628931733587,800.7166666666667,0.21744293270313333,0.2192857142857143,-62.42142857142869,30.46,1.71,1.21,2693.0,-0.7500928304861015,3038.48,2439897.9
2023-07-01,2023,7,Southwest Monsoon,Southwest Monsoon,1,Ernakulam,Indian Mackerel,Rastrelliger kanagurta,3.2,Intermediate Predator,2439897.9,803,11340,3038.48,28.14,556.0,8.9,3.02,13.72,7.63,0.343,12445.83,1647.26,0.1324,-25343.667,5.857,-0.4999999999999997,-0.8660254037844388,2818.88,604.85,496.82,2152.29,1306.8500000000001,1310.5699755831433,1122.8883333333333,3.660461210871105,0.4557142857142864,-51.94999999999993,28.81,10.31,6.2,673.0,0.19316493026500847,2466.72,7306437.8
2023-08-01,2023,8,Southwest Monsoon,Southwest Monsoon,0,Ernakulam,Indian Mackerel,Rastrelliger kanagurta,3.2,Intermediate Predator,7306437.8,2962,35383,2466.72,27.62,454.9,7.7,3.29,11.31,6.55,1.266,8843.51,1246.0,0.141,-13647.82,4.11,-0.8660254037844385,-0.5000000000000004,3038.48,2818.88,604.85,1232.31,2154.07,1346.1493216950344,1471.635,0.07790328045924874,0.24285714285714732,37.8857142857143,28.14,13.72,7.63,803.0,2.6886674634038923,2346.6,6776976.5
2023-09-01,2023,9,Southwest Monsoon,Southwest Monsoon,0,Ernakulam,Indian Mackerel,Rastrelliger kanagurta,3.2,Intermediate Predator,6776976.5,2888,29040,2346.6,28.66,216.2,5.3,2.04,7.82,4.6,1.234,6572.69,1255.69,0.1912,-10056.218,3.932,-1.0,-1.8369701987210297e-16,2466.72,3038.48,2818.88,1761.63,2774.693333333333,288.4297497369772,1710.9116666666669,-0.1881730332660639,0.6371428571428588,-33.77857142857144,27.62,11.31,6.55,2962.0,-0.024983119429496558,995.55,2689965.3
2023-10-01,2023,10,Post-Monsoon,Post-Monsoon,0,Ernakulam,Indian Mackerel,Rastrelliger kanagurta,3.2,Intermediate Predator,2689965.3,2702,30785,995.55,29.22,267.5,4.4,1.04,1.36,1.55,1.155,2110.27,602.72,0.286,-1533.414,1.986,-0.8660254037844386,0.5000000000000001,2346.6,2466.72,3038.48,977.83,2617.2666666666664,369.6927206929222,1962.0583333333332,-0.04869624420811339,0.4214285714285708,-35.05714285714288,28.66,7.82,4.6,2888.0,-0.06440443190995696,888.58,2502236.7
2023-11-01,2023,11,Post-Monsoon,Post-Monsoon,0,Ernakulam,Indian Mackerel,Rastrelliger kanagurta,3.2,Intermediate Predator,2502236.7,2816,38730,888.58,29.29,139.2,3.7,1.47,1.01,0.91,1.203,1493.23,515.93,0.346,-909.59,1.742,-0.5000000000000004,0.8660254037844384,995.55,2346.6,2466.72,950.65,1936.29,816.9155490624477,2045.18,-0.575747888111532,0.27428571428571047,-28.957142857142856,29.22,1.36,1.55,2702.0,0.04219096949596236,1134.78,3347609.8
2023-12-01,2023,12,Winter / Post-Monsoon,Northeast/Dry,0,Ernakulam,Indian Mackerel,Rastrelliger kanagurta,3.2,Intermediate Predator,3347609.8,2950,37357,1134.78,28.79,35.8,4.1,1.28,1.32,1.23,1.261,2232.18,644.06,0.2889,-1767.771,1.957,-2.4492935982947064e-16,1.0,888.58,995.55,2346.6,885.85,1410.243333333333,812.6705978644316,2092.4683333333332,-0.10744814316259202,0.29142857142856826,0.4214285714285708,29.29,1.01,0.91,2816.0,0.04758522710374564,877.11,2702381.4
2024-01-01,2024,1,Winter / Post-Monsoon,Northeast/Dry,0,Ernakulam,Indian Mackerel,Rastrelliger kanagurta,3.2,Intermediate Predator,2702381.4,3081,31485,877.11,28.07,8.9,3.0,1.0,0.37,0.51,1.317,1875.52,470.37,0.2512,-1164.222,1.439,0.49999999999999994,0.8660254037844387,1134.78,888.58,995.55,946.0,1006.3033333333333,123.45175427401604,1811.7849999999999,0.2770712791524535,-0.20642857142857096,0.44285714285714306,28.79,1.32,1.23,2950.0,0.04440677951048549,834.41,1926657.8
2024-02-01,2024,2,Winter / Post-Monsoon,Northeast/Dry,0,Ernakulam,Indian Mackerel,Rastrelliger kanagurta,3.2,Intermediate Predator,1926657.8,2309,31011,834.41,28.2,10.9,4.1,1.59,1.24,1.06,0.987,2547.41,476.1,0.1872,-1684.832,1.689,0.8660254037844386,0.5000000000000001,877.11,1134.78,888.58,1031.06,966.8233333333333,145.5677561595698,1451.5566666666666,-0.2270660372313044,-0.45142857142857196,0.24285714285714377,28.07,0.37,0.51,3081.0,-0.25056799659017204,683.19,1942988.4
2024-03-01,2024,3,Pre-Monsoon / Summer,Pre-Monsoon,0,Ernakulam,Indian Mackerel,Rastrelliger kanagurta,3.2,Intermediate Predator,1942988.4,2844,29246,683.19,29.67,29.2,3.5,0.63,1.03,0.77,1.215,1173.95,431.75,0.3683,-585.24,1.493,1.0,6.123233995736766e-17,834.41,877.11,1134.78,839.72,948.7666666666668,162.5009004077576,1179.5049999999999,-0.048682604819434275,0.134285714285717,4.464285714285712,28.2,1.24,1.06,2309.0,0.23170203450973564,600.74,1858077.6
2024-04-01,2024,4,Pre-Monsoon / Summer,Pre-Monsoon,0,Ernakulam,Indian Mackerel,Rastrelliger kanagurta,3.2,Intermediate Predator,1858077.6,3093,41507,600.74,30.3,106.9,4.1,1.86,1.27,0.87,1.322,760.23,376.36,0.4957,-304.112,1.114,0.8660254037844387,-0.4999999999999998,683.19,834.41,877.11,496.82,798.2366666666667,101.89516246285565,902.2700000000001,-0.18122984886051394,-0.001428571428572667,17.492857142857147,29.67,1.03,0.77,2844.0,0.08755274230818304,652.42,1661719.6
2024-05-01,2024,5,Pre-Monsoon / Summer,Pre-Monsoon,0,Ernakulam,Indian Mackerel,Rastrelliger kanagurta,3.2,Intermediate Predator,1661719.6,2547,36538,652.42,30.43,238.3,5.3,1.45,1.36,1.18,1.088,687.14,391.09,0.5698,-276.736,1.133,0.49999999999999994,-0.8660254037844387,600.74,683.19,834.41,604.85,706.1133333333332,118.50960565849341,836.4683333333334,-0.12068384899246411,0.3000000000000007,-22.757142857142867,30.3,1.27,0.87,3093.0,-0.17652764249425268,2299.99,1538691.8
2024-06-01,2024,6,Southwest Monsoon,Southwest Monsoon,1,Ernakulam,Indian Mackerel,Rastrelliger kanagurta,3.2,Intermediate Predator,1538691.8,669,9605,2299.99,28.07,555.8,7.7,3.7,11.28,6.5,0.286,8253.32,1250.46,0.1516,-12596.621,4.613,1.2246467991473532e-16,-1.0,652.42,600.74,683.19,2818.88,645.4499999999999,41.66456888050332,797.1083333333335,0.08602723164718121,-0.5207142857142841,-113.92142857142869,30.43,1.36,1.18,2547.0,-0.7373380418636118,3154.83,2198914.7
2024-07-01,2024,7,Southwest Monsoon,Southwest Monsoon,1,Ernakulam,Indian Mackerel,Rastrelliger kanagurta,3.2,Intermediate Predator,2198914.7,697,9346,3154.83,28.14,586.5,8.3,3.26,12.54,7.02,0.298,10319.78,1617.2,0.1568,-20158.858,5.132,-0.4999999999999997,-0.8660254037844388,2299.99,652.42,600.74,3038.48,1184.3833333333332,966.4892040955925,991.31,2.525321073460024,0.4557142857142864,-21.449999999999932,28.07,11.28,6.5,669.0,0.04185351207991761,2343.88,5906577.7
2024-08-01,2024,8,Southwest Monsoon,Southwest Monsoon,0,Ernakulam,Indian Mackerel,Rastrelliger kanagurta,3.2,Intermediate Predator,5906577.7,2520,34140,2343.88,27.59,528.2,7.3,3.14,11.14,6.56,1.077,8608.45,1196.41,0.1391,-12775.668,3.977,-0.8660254037844385,-0.5000000000000004,3154.83,2299.99,652.42,2466.72,2035.7466666666667,1271.9600451403076,1370.93,0.37167117956308,0.2128571428571462,111.18571428571437,28.14,12.54,7.02,697.0,2.6154949409541617,1790.85,5653703.6
2024-09-01,2024,9,Southwest Monsoon,Southwest Monsoon,0,Ernakulam,Indian Mackerel,Rastrelliger kanagurta,3.2,Intermediate Predator,5653703.6,3157,32618,1790.85,28.01,235.8,5.2,1.94,8.04,4.47,1.349,5378.47,972.82,0.181,-6415.565,3.488,-1.0,-1.8369701987210297e-16,2343.88,3154.83,2299.99,2346.6,2599.5666666666666,481.3726311635661,1622.5083333333332,-0.25705029983533084,-0.012857142857139792,-14.178571428571416,27.59,11.14,6.56,2520.0,0.2527777767746913,1049.27,3429025.2
2024-10-01,2024,10,Post-Monsoon,Post-Monsoon,0,Ernakulam,Indian Mackerel,Rastrelliger kanagurta,3.2,Intermediate Predator,3429025.2,3268,42239,1049.27,28.65,356.4,4.4,1.23,1.23,1.57,1.397,2315.78,597.25,0.2582,-1707.368,1.987,-0.8660254037844386,0.5000000000000001,1790.85,2343.88,3154.83,995.55,2429.853333333333,686.0422149061488,1807.118333333333,-0.23594637850083466,-0.14857142857142946,53.8428571428571,28.01,8.04,4.47,3157.0,0.035159961877858845,1015.15,3349993.3
2024-11-01,2024,11,Post-Monsoon,Post-Monsoon,0,Ernakulam,Indian Mackerel,Rastrelliger kanagurta,3.2,Intermediate Predator,3349993.3,3300,37177,1015.15,29.19,160.4,4.1,1.38,1.39,1.31,1.41,2181.92,582.5,0.2673,-1576.093,1.836,-0.5000000000000004,0.8660254037844384,1049.27,1790.85,2343.88,888.58,1728.0,649.5893740664181,1881.8733333333332,-0.41409386372898976,0.1742857142857126,-7.7571428571428385,28.65,1.23,1.57,3268.0,0.009791921634663641,1035.43,3161162.3
2024-12-01,2024,12,Winter / Post-Monsoon,Northeast/Dry,0,Ernakulam,Indian Mackerel,Rastrelliger kanagurta,3.2,Intermediate Predator,3161162.3,3053,33787,1035.43,28.88,38.5,3.2,0.63,1.38,1.12,1.305,2094.37,579.0,0.2768,-1507.168,1.892,-2.4492935982947064e-16,1.0,1015.15,1049.27,1790.85,1134.78,1285.09,438.33312309247225,1942.3283333333331,-0.032517845430462655,0.3814285714285681,3.1214285714285737,29.19,1.39,1.31,3300.0,-0.07484848462167125,894.38,2802087.3
2025-01-01,2025,1,Winter / Post-Monsoon,Northeast/Dry,0,Ernakulam,Indian Mackerel,Rastrelliger kanagurta,3.2,Intermediate Predator,2802087.3,3133,37300,894.38,28.27,8.2,3.3,1.34,1.16,0.74,1.339,2075.77,483.92,0.2335,-1332.752,1.592,0.49999999999999994,0.8660254037844387,1035.43,1015.15,1049.27,877.11,1033.2833333333333,17.16099453218344,1731.5683333333334,0.0199773430529741,-0.006428571428571672,-0.257142857142858,28.88,1.38,1.12,3053.0,0.026203733946270114,844.84,2787959.3
2025-02-01,2025,2,Winter / Post-Monsoon,Northeast/Dry,0,Ernakulam,Indian Mackerel,Rastrelliger kanagurta,3.2,Intermediate Predator,2787959.3,3300,43710,844.84,29.05,11.8,3.5,1.3,1.05,0.93,1.41,1491.55,500.29,0.3359,-883.913,1.659,0.8660254037844386,0.5000000000000001,894.38,1035.43,1015.15,834.41,981.6533333333333,76.25808569150932,1354.8266666666666,-0.13622359660987618,0.39857142857142946,1.1428571428571441,28.27,1.16,0.74,3133.0,0.05330354275996316,761.1,2089211.6
2025-03-01,2025,3,Pre-Monsoon / Summer,Pre-Monsoon,0,Ernakulam,Indian Mackerel,Rastrelliger kanagurta,3.2,Intermediate Predator,2089211.6,2745,32817,761.1,29.46,20.8,4.2,0.97,1.05,0.73,1.173,1390.58,453.36,0.3265,-755.312,1.433,1.0,6.123233995736766e-17,844.84,894.38,1035.43,683.19,924.8833333333332,98.8887103431606,1104.9866666666667,-0.05539032564021636,-0.07571428571428385,-3.935714285714287,29.05,1.05,0.93,3300.0,-0.1681818176721763,548.73,1446447.2
2025-04-01,2025,4,Pre-Monsoon / Summer,Pre-Monsoon,0,Ernakulam,Indian Mackerel,Rastrelliger kanagurta,3.2,Intermediate Predator,1446447.2,2636,25201,548.73,29.88,87.4,3.2,1.37,0.0,0.54,1.126,779.06,348.32,0.4478,-296.703,0.994,0.8660254037844387,-0.4999999999999998,761.1,844.84,894.38,600.74,833.44,67.36734817402323,933.3616666666666,-0.09911935870556131,-0.4214285714285744,-2.0071428571428527,29.46,1.05,0.73,2745.0,-0.03970856087537865,923.57,2690357.2
2025-05-01,2025,5,Pre-Monsoon / Summer,Pre-Monsoon,0,Ernakulam,Indian Mackerel,Rastrelliger kanagurta,3.2,Intermediate Predator,2690357.2,2913,30429,923.57,29.7,258.8,5.7,2.3,1.8,1.59,1.245,1414.38,522.3,0.3697,-831.449,1.673,0.49999999999999994,-0.8660254037844387,548.73,761.1,844.84,652.42,718.2233333333334,152.6403925353091,849.9383333333334,-0.27903034714189534,-0.4299999999999997,-2.257142857142867,29.88,0.0,0.54,2636.0,0.10508345938890948,2885.64,2066116.4
2025-06-01,2025,6,Southwest Monsoon,Southwest Monsoon,1,Ernakulam,Indian Mackerel,Rastrelliger kanagurta,3.2,Intermediate Predator,2066116.4,716,9355,2885.64,28.49,572.2,8.5,3.26,12.44,7.31,0.306,10188.58,1531.86,0.1504,-18873.77,5.108,1.2246467991473532e-16,-1.0,923.57,548.73,761.1,2299.99,744.4666666666667,187.97275662535063,834.6750000000001,0.6831046109543016,-0.10071428571428598,-97.5214285714286,29.7,1.8,1.59,2913.0,-0.7542052840569677,2188.5,1201488.0
2025-07-01,2025,7,Southwest Monsoon,Southwest Monsoon,1,Ernakulam,Indian Mackerel,Rastrelliger kanagurta,3.2,Intermediate Predator,1201488.0,549,6016,2188.5,27.83,707.7,7.6,3.22,11.18,6.95,0.235,8512.13,1130.53,0.1329,-11928.379,3.995,-0.4999999999999997,-0.8660254037844388,2885.64,923.57,548.73,3154.83,1452.6466666666668,1255.0811433661706,1143.0433333333333,2.124441004748519,0.14571428571428413,99.75000000000011,28.49,12.44,7.31,716.0,-0.23324022020614218,1482.12,3491865.3
2025-08-01,2025,8,Southwest Monsoon,Southwest Monsoon,0,Ernakulam,Indian Mackerel,Rastrelliger kanagurta,3.2,Intermediate Predator,3491865.3,2356,33280,1482.12,27.35,339.2,6.5,2.71,10.01,5.62,1.007,6940.97,742.59,0.1071,-6903.116,2.87,-0.8660254037844385,-0.5000000000000004,2188.5,2885.64,923.57,2343.88,1999.2366666666667,994.6331626450701,1358.7299999999998,-0.24158938661236537,-0.02714285714285225,-77.81428571428569,27.83,11.18,6.95,549.0,3.2914389200102203,1888.35,5997408.4
2025-09-01,2025,9,Southwest Monsoon,Southwest Monsoon,0,Ernakulam,Indian Mackerel,Rastrelliger kanagurta,3.2,Intermediate Predator,5997408.4,3176,37849,1888.35,28.46,276.5,5.3,2.21,8.2,4.81,1.357,6122.32,1004.54,0.1642,-7643.75,3.403,-1.0,-1.8369701987210297e-16,1482.12,2188.5,2885.64,1790.85,2185.4199999999996,701.7650692361382,1464.9433333333334,-0.32276901840178657,0.4371428571428595,26.521428571428572,27.35,10.01,5.62,2356.0,0.34804753672305794,758.04,1835980.4
2025-10-01,2025,10,Post-Monsoon,Post-Monsoon,0,Ernakulam,Indian Mackerel,Rastrelliger kanagurta,3.2,Intermediate Predator,1835980.4,2422,31664,758.04,28.44,287.7,3.2,0.99,0.82,1.27,1.035,2024.61,444.46,0.2199,-1158.614,1.561,-0.8660254037844386,0.5000000000000001,1888.35,1482.12,2188.5,1049.27,1852.9899999999998,354.51505370012364,1652.8183333333334,0.2740871166026563,-0.35857142857142676,-14.85714285714289,28.46,8.2,4.81,3176.0,-0.23740554081421428,968.87,3051941.5
2025-11-01,2025,11,Post-Monsoon,Post-Monsoon,0,Ernakulam,Indian Mackerel,Rastrelliger kanagurta,3.2,Intermediate Predator,3051941.5,3150,32647,968.87,28.76,178.7,3.9,1.21,0.9,1.11,1.346,2366.1,536.1,0.2269,-1660.967,1.748,-0.5000000000000004,0.8660254037844384,758.04,1888.35,1482.12,1015.15,1376.17,572.5549981442838,1687.7033333333336,-0.5985701771463438,-0.2557142857142871,10.542857142857144,28.44,0.82,1.27,2422.0,0.30057803344104855,820.39,2694144.4
2012-04-01,2012,4,Pre-Monsoon / Summer,Pre-Monsoon,0,Kannur,Indian Mackerel,Rastrelliger kanagurta,3.2,Intermediate Predator,549783.7,2166,28656,253.82,30.52,77.2,5.0,1.47,1.52,0.98,1.267,277.37,168.22,0.6079,-40.039,0.722,0.8660254037844387,-0.4999999999999998,425.42,506.2,432.06,454.56,454.56,44.844616176303695,454.56,-0.15958119005173466,0.2185714285714262,-12.207142857142856,29.29,1.05,0.79,2534.0,-0.14522494023194576,309.15,611184.6
2012-05-01,2012,5,Pre-Monsoon / Summer,Pre-Monsoon,0,Kannur,Indian Mackerel,Rastrelliger kanagurta,3.2,Intermediate Predator,611184.6,1977,19185,309.15,30.32,246.6,6.3,1.7,1.64,1.33,1.156,374.64,203.31,0.5439,-69.592,0.848,0.49999999999999994,-0.8660254037844387,253.82,425.42,506.2,395.1466666666667,395.1466666666667,128.8847242047456,404.375,-0.4033660757988324,0.19000000000000128,-14.457142857142884,30.52,1.52,0.98,2166.0,-0.08725761732568042,1234.17,533163.2
2012-06-01,2012,6,Southwest Monsoon,Southwest Monsoon,1,Kannur,Indian Mackerel,Rastrelliger kanagurta,3.2,Intermediate Predator,533163.2,432,5344,1234.17,28.42,588.9,6.7,3.61,9.75,5.97,0.253,4322.73,670.92,0.1554,-3465.257,3.262,1.2246467991473532e-16,-1.0,309.15,253.82,425.42,329.4633333333333,329.4633333333333,87.58489386494301,385.33000000000004,0.21798911756405645,-0.1707142857142827,-80.82142857142867,30.32,1.64,1.33,1977.0,-0.781487097716302,1367.75,573088.4
2012-07-01,2012,7,Southwest Monsoon,Southwest Monsoon,1,Kannur,Indian Mackerel,Rastrelliger kanagurta,3.2,Intermediate Predator,573088.4,419,4350,1367.75,27.6,763.4,8.4,3.55,12.85,7.49,0.245,5214.41,697.38,0.1339,-4347.704,3.261,-0.4999999999999997,-0.8660254037844388,1234.17,309.15,253.82,599.0466666666667,599.0466666666667,550.7282348248848,526.8033333333334,2.9921396412052528,-0.08428571428571274,155.45000000000005,28.42,9.75,5.97,432.0,-0.030092591896004817,594.79,1156269.9
2012-08-01,2012,8,Southwest Monsoon,Southwest Monsoon,0,Kannur,Indian Mackerel,Rastrelliger kanagurta,3.2,Intermediate Predator,1156269.9,1944,21274,594.79,26.74,289.1,6.5,2.51,9.81,5.42,1.137,2598.91,297.82,0.1149,-944.878,1.431,-0.8660254037844385,-0.5000000000000004,1367.75,1234.17,309.15,970.3566666666667,970.3566666666667,576.5037694008023,682.7516666666667,0.10823468316168201,-0.6371428571428552,-127.91428571428565,27.6,12.85,7.49,419.0,3.6396180515604284,1041.33,2022262.0
2012-09-01,2012,9,Southwest Monsoon,Southwest Monsoon,0,Kannur,Indian Mackerel,Rastrelliger kanagurta,3.2,Intermediate Predator,2022262.0,1942,21848,1041.33,27.84,330.7,5.8,1.86,8.89,5.16,1.136,3675.0,536.53,0.1462,-2408.661,2.526,-1.0,-1.8369701987210297e-16,594.79,1367.75,1234.17,1065.57,1065.57,413.1419373532541,697.5166666666668,-0.5651325127754889,-0.1828571428571415,80.72142857142856,26.74,9.81,5.42,1944.0,-0.001028806579069925,517.52,923779.7
2012-10-01,2012,10,Post-Monsoon,Post-Monsoon,0,Kannur,Indian Mackerel,Rastrelliger kanagurta,3.2,Intermediate Predator,923779.7,1785,25443,517.52,28.49,328.5,3.6,1.19,1.08,1.61,1.044,1366.54,301.99,0.2216,-496.26,1.315,-0.8660254037844386,0.5000000000000001,1041.33,594.79,1367.75,1001.29,1001.29,388.0324620440925,800.1683333333334,0.7507523537592704,-0.3085714285714296,25.94285714285712,27.84,8.89,5.16,1942.0,-0.08084448979997688,593.33,1362889.8
2012-11-01,2012,11,Post-Monsoon,Post-Monsoon,0,Kannur,Indian Mackerel,Rastrelliger kanagurta,3.2,Intermediate Predator,1362889.8,2297,26708,593.33,29.06,191.9,3.8,1.38,1.11,1.43,1.343,899.11,338.98,0.3777,-328.256,1.378,-0.5000000000000004,0.8660254037844384,517.52,1041.33,594.79,717.88,717.88,282.7677317163327,844.1183333333335,-0.5030201712903674,0.04428571428571004,23.74285714285716,28.49,1.08,1.61,1785.0,0.28683473228664014,575.14,1192849.6
2012-12-01,2012,12,Winter / Post-Monsoon,Northeast/Dry,0,Kannur,Indian Mackerel,Rastrelliger kanagurta,3.2,Intermediate Predator,1192849.6,2074,28732,575.14,28.23,36.7,3.8,0.69,1.12,0.96,1.213,1265.3,301.9,0.2392,-470.337,1.385,-2.4492935982947064e-16,1.0,593.33,517.52,1041.33,717.3933333333333,717.3933333333333,283.0865804543431,891.4816666666667,0.14648708945572958,-0.26857142857143046,1.3214285714285765,29.06,1.11,1.43,2297.0,-0.09708315151465759,470.13,900306.9
2013-01-01,2013,1,Winter / Post-Monsoon,Northeast/Dry,0,Kannur,Indian Mackerel,Rastrelliger kanagurta,3.2,Intermediate Predator,900306.9,1915,26453,470.13,28.6,7.0,3.3,0.56,0.8,0.64,1.12,986.48,268.04,0.2725,-315.347,1.197,0.49999999999999994,0.8660254037844387,575.14,593.33,517.52,432.06,561.9966666666667,39.57713270732531,781.6433333333333,-0.030657475087093697,0.3235714285714302,-1.4571428571428573,28.23,1.12,0.96,2074.0,-0.0766634518965118,415.65,763543.4
2013-02-01,2013,2,Winter / Post-Monsoon,Northeast/Dry,0,Kannur,Indian Mackerel,Rastrelliger kanagurta,3.2,Intermediate Predator,763543.4,1837,20827,415.65,28.47,9.1,3.9,0.72,0.96,0.79,1.074,1104.98,235.3,0.2137,-325.562,1.223,0.8660254037844386,0.5000000000000001,470.13,575.14,593.33,506.2,546.1999999999999,66.50340367229262,632.04,-0.1825816291236633,-0.18142857142857238,-1.557142857142857,28.6,0.8,0.64,1915.0,-0.04073107028338867,480.51,1143619.1
2013-03-01,2013,3,Pre-Monsoon / Summer,Pre-Monsoon,0,Kannur,Indian Mackerel,Rastrelliger kanagurta,3.2,Intermediate Predator,1143619.1,2380,28920,480.51,29.4,25.6,3.6,1.1,1.21,1.11,1.392,851.26,292.92,0.3449,-272.905,1.184,1.0,6.123233995736766e-17,415.65,470.13,575.14,425.42,486.97333333333336,81.06810984186829,602.1833333333333,-0.11588283845143181,-0.13571428571428612,0.8642857142857139,28.47,0.96,0.79,1837.0,0.29559063529890783,376.35,970613.1
2013-04-01,2013,4,Pre-Monsoon / Summer,Pre-Monsoon,0,Kannur,Indian Mackerel,Rastrelliger kanagurta,3.2,Intermediate Predator,970613.1,2579,33223,376.35,30.12,87.7,3.8,0.96,1.41,1.05,1.508,522.9,235.14,0.4507,-122.127,0.948,0.8660254037844387,-0.4999999999999998,480.51,415.65,470.13,253.82,455.43,34.8392365013914,508.7133333333333,0.1560447454337846,-0.18142857142857238,-1.7071428571428555,29.4,1.21,1.11,2380.0,0.08361344502683425,329.5,623738.1
2013-05-01,2013,5,Pre-Monsoon / Summer,Pre-Monsoon,0,Kannur,Indian Mackerel,Rastrelliger kanagurta,3.2,Intermediate Predator,623738.1,1893,22571,329.5,29.84,306.7,5.8,2.05,1.67,1.57,1.107,768.95,226.3,0.2952,-184.085,0.902,0.49999999999999994,-0.8660254037844387,376.35,480.51,415.65,309.15,424.17,52.60008745239755,485.185,-0.21676967770140726,-0.28999999999999915,45.64285714285711,30.12,1.41,1.05,2579.0,-0.2659945705079699,1404.32,526619.8
2013-06-01,2013,6,Southwest Monsoon,Southwest Monsoon,1,Kannur,Indian Mackerel,Rastrelliger kanagurta,3.2,Intermediate Predator,526619.8,375,4830,1404.32,28.52,614.9,8.1,3.48,12.14,7.09,0.219,5679.49,774.56,0.1365,-5313.965,3.652,1.2246467991473532e-16,-1.0,329.5,376.35,480.51,1234.17,395.4533333333334,77.29623557026042,441.21333333333337,-0.12448518335365534,-0.07071428571428484,-54.82142857142867,29.84,1.67,1.57,1893.0,-0.801901739028517,1121.88,346660.3
2013-07-01,2013,7,Southwest Monsoon,Southwest Monsoon,1,Kannur,Indian Mackerel,Rastrelliger kanagurta,3.2,Intermediate Predator,346660.3,309,3238,1121.88,27.7,587.9,8.5,4.07,12.71,7.2,0.181,5366.05,597.63,0.1115,-3997.231,3.197,-0.4999999999999997,-0.8660254037844388,1404.32,329.5,376.35,1367.75,703.39,607.4750030248157,579.41,3.261972586890058,0.015714285714285126,-20.049999999999955,28.52,12.14,7.09,375.0,-0.1759999953066668,970.9,2251510.0
2013-08-01,2013,8,Southwest Monsoon,Southwest Monsoon,0,Kannur,Indian Mackerel,Rastrelliger kanagurta,3.2,Intermediate Predator,2251510.0,2319,26257,970.9,27.67,394.9,6.8,2.46,9.64,5.61,1.356,4469.87,499.48,0.1119,-2879.315,2.453,-0.8660254037844385,-0.5000000000000004,1121.88,1404.32,329.5,594.79,951.9,557.2067914158979,688.035,-0.20112224990655786,0.29285714285714803,-22.1142857142857,27.7,12.71,7.2,309.0,6.50485415841896,1001.04,2353451.3
2013-09-01,2013,9,Southwest Monsoon,Southwest Monsoon,0,Kannur,Indian Mackerel,Rastrelliger kanagurta,3.2,Intermediate Predator,2353451.3,2351,23914,1001.04,28.29,274.4,5.3,2.11,7.48,4.2,1.375,2671.59,540.17,0.2025,-1681.272,2.357,-1.0,-1.8369701987210297e-16,970.9,1121.88,1404.32,1041.33,1165.7,220.00765532135463,780.5766666666667,-0.134577671991856,0.2671428571428578,24.42142857142855,27.67,9.64,5.61,2319.0,0.01379905125571776,549.88,1275176.2
2013-10-01,2013,10,Post-Monsoon,Post-Monsoon,0,Kannur,Indian Mackerel,Rastrelliger kanagurta,3.2,Intermediate Predator,1275176.2,2319,33231,549.88,28.79,218.6,3.3,1.35,0.83,1.22,1.356,1065.51,305.72,0.2876,-373.359,1.362,-0.8660254037844386,0.5000000000000001,1001.04,970.9,1121.88,517.52,1031.2733333333333,79.90169543466074,867.3316666666666,0.031043361509492606,-0.008571428571428896,-83.95714285714288,28.29,7.48,4.2,2351.0,-0.01361122920624743,563.3,1290514.3
2013-11-01,2013,11,Post-Monsoon,Post-Monsoon,0,Kannur,Indian Mackerel,Rastrelliger kanagurta,3.2,Intermediate Predator,1290514.3,2291,25718,563.3,28.98,167.2,4.0,0.92,1.51,1.41,1.34,1148.21,323.1,0.282,-425.684,1.427,-0.5000000000000004,0.8660254037844384,549.88,1001.04,970.9,593.33,840.6066666666666,252.22728031149452,896.2533333333334,-0.45069127656545915,-0.03571428571428825,-0.9571428571428555,28.79,0.83,1.22,2319.0,-0.01207416984875304,568.76,1308143.3
2013-12-01,2013,12,Winter / Post-Monsoon,Northeast/Dry,0,Kannur,Indian Mackerel,Rastrelliger kanagurta,3.2,Intermediate Predator,1308143.3,2300,24231,568.76,28.38,33.9,3.3,1.21,1.1,0.97,1.345,1123.06,308.4,0.2753,-409.336,1.3,-2.4492935982947064e-16,1.0,563.3,549.88,1001.04,575.14,704.7399999999998,256.6910430848725,935.2199999999999,0.024405324354307697,-0.11857142857143188,-1.4785714285714278,28.98,1.51,1.41,2291.0,0.0039284155219187445,357.05,910122.1
2014-01-01,2014,1,Winter / Post-Monsoon,Northeast/Dry,0,Kannur,Indian Mackerel,Rastrelliger kanagurta,3.2,Intermediate Predator,910122.1,2549,34829,357.05,27.93,6.7,4.1,0.81,1.43,1.1,1.491,1027.45,191.4,0.1871,-241.835,0.87,0.49999999999999994,0.8660254037844387,568.76,563.3,549.88,470.13,560.6466666666665,9.715643742603126,795.96,0.009692881063502976,-0.34642857142857153,-1.7571428571428571,28.38,1.1,0.97,2300.0,0.10826086909451794,503.53,958213.3
2014-02-01,2014,2,Winter / Post-Monsoon,Northeast/Dry,0,Kannur,Indian Mackerel,Rastrelliger kanagurta,3.2,Intermediate Predator,958213.3,1903,20655,503.53,28.56,14.5,4.2,0.7,1.42,1.22,1.113,1140.36,274.34,0.2412,-371.387,1.122,0.8660254037844386,0.5000000000000001,357.05,568.76,563.3,415.65,496.3699999999999,120.68554055892466,668.4883333333333,-0.3722308113750824,-0.09142857142857252,3.8428571428571434,27.93,1.43,1.1,2549.0,-0.25343271771897713,303.43,583797.5
2014-03-01,2014,3,Pre-Monsoon / Summer,Pre-Monsoon,0,Kannur,Indian Mackerel,Rastrelliger kanagurta,3.2,Intermediate Predator,583797.5,1924,27511,303.43,29.3,19.8,3.7,1.28,1.04,1.05,1.125,942.57,202.25,0.2154,-225.769,0.899,1.0,6.123233995736766e-17,503.53,357.05,568.76,480.51,476.44666666666654,108.42237422844597,590.5933333333334,0.41025065368293917,-0.235714285714284,-4.935714285714287,28.56,1.42,1.22,1903.0,0.011035207509010997,312.12,575543.7
2014-04-01,2014,4,Pre-Monsoon / Summer,Pre-Monsoon,0,Kannur,Indian Mackerel,Rastrelliger kanagurta,3.2,Intermediate Predator,575543.7,1844,21887,312.12,30.0,79.0,3.3,1.27,1.04,0.61,1.078,395.27,185.61,0.4709,-69.832,0.827,0.8660254037844387,-0.4999999999999998,303.43,503.53,357.05,376.35,388.0033333333333,103.57887879936325,474.325,-0.3973943876751258,-0.3014285714285734,-10.407142857142858,29.3,1.04,1.05,1924.0,-0.0415800413639291,358.76,662631.6
2014-05-01,2014,5,Pre-Monsoon / Summer,Pre-Monsoon,0,Kannur,Indian Mackerel,Rastrelliger kanagurta,3.2,Intermediate Predator,662631.6,1847,23081,358.76,30.14,259.9,4.6,1.68,1.56,1.33,1.08,432.03,219.99,0.5103,-89.606,0.943,0.49999999999999994,-0.8660254037844387,312.12,303.43,503.53,329.5,373.02666666666664,113.10269242300636,434.69833333333327,0.028639223918557027,0.010000000000001563,-1.157142857142901,30.0,1.04,0.61,1844.0,0.0016268980388996852,1318.54,559062.6
2014-06-01,2014,6,Southwest Monsoon,Southwest Monsoon,1,Kannur,Indian Mackerel,Rastrelliger kanagurta,3.2,Intermediate Predator,559062.6,424,5052,1318.54,28.69,480.4,8.4,3.2,12.56,7.11,0.248,4353.01,699.08,0.1608,-3528.297,3.393,1.2246467991473532e-16,-1.0,358.76,312.12,303.43,1404.32,324.7699999999999,29.75515249498579,400.60833333333335,0.14942970173555994,0.09928571428571686,-189.32142857142867,30.14,1.56,1.33,1847.0,-0.7704385448270789,1096.83,398148.4
2014-07-01,2014,7,Southwest Monsoon,Southwest Monsoon,1,Kannur,Indian Mackerel,Rastrelliger kanagurta,3.2,Intermediate Predator,398148.4,363,4475,1096.83,27.65,509.6,7.9,3.39,11.67,6.62,0.212,4169.74,552.53,0.1327,-2773.177,2.502,-0.4999999999999997,-0.8660254037844388,1318.54,358.76,312.12,1121.88,663.1399999999999,568.0719077722465,525.5716666666667,2.6752703011687395,-0.034285714285715585,-98.34999999999991,28.69,12.56,7.11,424.0,-0.14386792113519054,635.14,1039087.4
2014-08-01,2014,8,Southwest Monsoon,Southwest Monsoon,0,Kannur,Indian Mackerel,Rastrelliger kanagurta,3.2,Intermediate Predator,1039087.4,1636,15953,635.14,27.15,482.4,7.6,2.53,11.02,6.31,0.957,3021.14,322.63,0.1071,-1191.294,1.82,-0.8660254037844385,-0.5000000000000004,1096.83,1318.54,358.76,970.9,924.7099999999999,502.507097362813,648.8683333333333,-0.1681481019298004,-0.2271428571428551,65.3857142857143,27.65,11.67,6.62,363.0,3.506886955733142,894.03,1720998.5
2014-09-01,2014,9,Southwest Monsoon,Southwest Monsoon,0,Kannur,Indian Mackerel,Rastrelliger kanagurta,3.2,Intermediate Predator,1720998.5,1925,21615,894.03,27.89,281.5,6.0,1.88,8.88,5.07,1.126,3314.73,475.42,0.1437,-1920.721,2.151,-1.0,-1.8369701987210297e-16,635.14,1096.83,1318.54,1001.04,1016.8366666666665,348.6518177685769,670.8033333333334,-0.42093122524975407,-0.1328571428571408,31.521428571428572,27.15,11.02,6.31,1636.0,0.17665036566839631,475.78,905894.0
2014-10-01,2014,10,Post-Monsoon,Post-Monsoon,0,Kannur,Indian Mackerel,Rastrelliger kanagurta,3.2,Intermediate Predator,905894.0,1904,24478,475.78,28.72,355.1,3.9,1.19,1.1,1.49,1.113,1082.91,272.16,0.252,-338.521,1.142,-0.8660254037844386,0.5000000000000001,894.03,635.14,1096.83,549.88,875.3333333333331,231.41216051308308,769.2366666666667,0.40761091400933785,-0.07857142857142918,52.542857142857144,27.89,8.88,5.07,1925.0,-0.010909090852420308,450.37,860203.0
2014-11-01,2014,11,Post-Monsoon,Post-Monsoon,0,Kannur,Indian Mackerel,Rastrelliger kanagurta,3.2,Intermediate Predator,860203.0,1910,18268,450.37,28.96,190.7,3.2,1.03,0.73,1.19,1.117,954.85,248.85,0.2614,-271.471,1.086,-0.5000000000000004,0.8660254037844384,475.78,894.03,635.14,563.3,668.3166666666665,211.0895166353197,796.5133333333333,-0.467825459237101,-0.055714285714287826,22.542857142857144,28.72,1.1,1.49,1904.0,0.003151260487650943,361.23,789293.3
2014-12-01,2014,12,Winter / Post-Monsoon,Northeast/Dry,0,Kannur,Indian Mackerel,Rastrelliger kanagurta,3.2,Intermediate Predator,789293.3,2185,22411,361.23,28.65,30.7,3.1,1.4,1.27,0.95,1.278,1159.69,212.62,0.184,-316.267,1.062,-2.4492935982947064e-16,1.0,450.37,475.78,894.03,568.76,606.7266666666666,249.1361495916097,811.7816666666668,-0.05340703574326288,0.1514285714285677,-4.678571428571427,28.96,0.73,1.19,1910.0,0.14397905683780599,227.87,479903.0
2015-01-01,2015,1,Winter / Post-Monsoon,Northeast/Dry,0,Kannur,Indian Mackerel,Rastrelliger kanagurta,3.2,Intermediate Predator,479903.0,2106,20519,227.87,29.02,8.2,3.0,0.9,0.88,0.8,1.232,422.05,131.49,0.3132,-51.971,0.568,0.49999999999999994,0.8660254037844387,361.23,450.37,475.78,357.05,429.12666666666655,60.15716942587103,652.23,-0.19792614521557506,0.7435714285714283,-0.257142857142858,28.65,1.27,0.95,2185.0,-0.03615560624185077,289.46,597148.4
2015-02-01,2015,2,Winter / Post-Monsoon,Northeast/Dry,0,Kannur,Indian Mackerel,Rastrelliger kanagurta,3.2,Intermediate Predator,597148.4,2063,20541,289.46,29.64,7.2,3.4,1.03,1.17,0.81,1.206,266.49,153.28,0.5768,-34.513,0.696,0.8660254037844386,0.5000000000000001,227.87,361.23,450.37,503.53,346.48999999999984,111.97996785139578,507.40333333333336,-0.3691830587386691,0.9885714285714293,-3.4571428571428564,29.02,0.88,0.8,2106.0,-0.02041785365423621,181.32,431912.3
2015-03-01,2015,3,Pre-Monsoon / Summer,Pre-Monsoon,0,Kannur,Indian Mackerel,Rastrelliger kanagurta,3.2,Intermediate Predator,431912.3,2382,28590,181.32,29.9,21.0,4.6,1.43,1.96,1.08,1.393,372.75,117.23,0.3163,-37.83,0.485,1.0,6.123233995736766e-17,289.46,227.87,361.23,303.43,292.8533333333332,66.74472588402004,449.79,0.2702856773473612,0.3642857142857139,-3.7357142857142875,29.64,1.17,0.81,2063.0,0.15462918005511786,100.99,196925.5
2015-04-01,2015,4,Pre-Monsoon / Summer,Pre-Monsoon,0,Kannur,Indian Mackerel,Rastrelliger kanagurta,3.2,Intermediate Predator,196925.5,1950,18872,100.99,30.71,82.4,4.8,1.21,1.75,1.02,1.14,144.32,74.69,0.5209,-5.506,0.266,0.8660254037844387,-0.4999999999999998,181.32,289.46,227.87,312.12,232.88333333333318,54.24403223703947,331.00500000000005,-0.37359219327049703,0.4085714285714275,-7.007142857142853,29.9,1.96,1.08,2382.0,-0.18136020074995715,165.2,391524.8
2015-05-01,2015,5,Pre-Monsoon / Summer,Pre-Monsoon,0,Kannur,Indian Mackerel,Rastrelliger kanagurta,3.2,Intermediate Predator,391524.8,2370,24082,165.2,30.46,286.9,5.5,1.76,1.95,1.51,1.386,140.87,110.07,0.7829,-10.112,0.467,0.49999999999999994,-0.8660254037844387,100.99,181.32,289.46,358.76,190.58999999999983,94.57634429390707,268.54,-0.4430288747502275,0.33000000000000185,25.8428571428571,30.71,1.75,1.02,1950.0,0.2153846142800789,711.36,340028.6
2015-06-01,2015,6,Southwest Monsoon,Southwest Monsoon,1,Kannur,Indian Mackerel,Rastrelliger kanagurta,3.2,Intermediate Predator,340028.6,478,6872,711.36,28.75,597.7,7.7,3.13,11.54,6.84,0.28,2025.55,381.46,0.1887,-827.748,1.876,1.2246467991473532e-16,-1.0,165.2,100.99,181.32,1318.54,149.16999999999985,42.49644573372759,221.01166666666668,0.6358054623422653,0.15928571428571558,-72.0214285714286,30.46,1.95,1.51,2370.0,-0.7983122329185137,675.89,256839.2
2015-07-01,2015,7,Southwest Monsoon,Southwest Monsoon,1,Kannur,Indian Mackerel,Rastrelliger kanagurta,3.2,Intermediate Predator,256839.2,380,3799,675.89,28.75,662.2,7.9,3.45,11.82,7.02,0.222,2664.32,363.53,0.1368,-1101.01,1.919,-0.4999999999999997,-0.8660254037844388,711.36,165.2,100.99,1096.83,325.84999999999985,335.40155202383846,279.36666666666673,3.306053068640856,1.0657142857142858,54.250000000000114,28.75,11.54,6.84,478.0,-0.20502091621295154,725.52,1681034.3
2015-08-01,2015,8,Southwest Monsoon,Southwest Monsoon,0,Kannur,Indian Mackerel,Rastrelliger kanagurta,3.2,Intermediate Predator,1681034.3,2317,23769,725.52,28.29,360.8,7.1,3.14,10.16,5.72,1.355,2403.56,359.32,0.1498,-991.911,1.608,-0.8660254037844385,-0.5000000000000004,675.89,711.36,165.2,635.14,517.4833333333332,305.60135869026,354.0366666666667,-0.049862235016556566,0.9128571428571455,-56.214285714285666,28.75,11.82,7.02,380.0,5.097368286911361,475.24,1250347.4
2015-09-01,2015,9,Southwest Monsoon,Southwest Monsoon,0,Kannur,Indian Mackerel,Rastrelliger kanagurta,3.2,Intermediate Predator,1250347.4,2631,30330,475.24,28.22,157.4,5.6,1.98,8.25,4.45,1.539,1810.13,262.96,0.1457,-550.413,1.148,-1.0,-1.8369701987210297e-16,725.52,675.89,711.36,894.03,704.2566666666665,25.566134501190234,426.71333333333337,0.07342910720044522,0.1971428571428575,-92.57857142857142,28.29,10.16,5.72,2317.0,0.13552006846991768,234.37,492173.6
2015-10-01,2015,10,Post-Monsoon,Post-Monsoon,0,Kannur,Indian Mackerel,Rastrelliger kanagurta,3.2,Intermediate Predator,492173.6,2100,28116,234.37,29.74,336.7,3.8,1.21,0.92,1.24,1.228,217.97,129.44,0.5957,-21.518,0.531,-0.8660254037844386,0.5000000000000001,475.24,725.52,675.89,475.78,625.5499999999998,132.51643784828963,475.70000000000005,-0.344966364194421,0.9414285714285704,34.14285714285711,28.22,8.25,4.45,2631.0,-0.20182440060119952,178.35,345821.7
2015-11-01,2015,11,Post-Monsoon,Post-Monsoon,0,Kannur,Indian Mackerel,Rastrelliger kanagurta,3.2,Intermediate Predator,345821.7,1939,22967,178.35,29.69,164.8,3.9,1.04,0.67,1.02,1.134,347.45,110.92,0.3212,-32.428,0.532,-0.5000000000000004,0.8660254037844384,234.37,475.24,725.52,450.37,478.37666666666655,245.59002348086722,497.93000000000006,-0.5068386392803923,0.6742857142857126,-3.357142857142833,29.74,0.92,1.24,2100.0,-0.07666666630158729,218.4,445312.8
2015-12-01,2015,12,Winter / Post-Monsoon,Northeast/Dry,0,Kannur,Indian Mackerel,Rastrelliger kanagurta,3.2,Intermediate Predator,445312.8,2039,28503,218.4,29.24,30.8,3.9,1.35,1.33,1.01,1.192,488.25,132.57,0.273,-62.608,0.552,-2.4492935982947064e-16,1.0,178.35,234.37,475.24,361.23,295.98666666666657,157.7446615050186,500.12166666666667,-0.2390237556417735,0.7414285714285676,-4.578571428571426,29.69,0.67,1.02,1939.0,0.05157297549472421,235.55,492766.3
2016-01-01,2016,1,Winter / Post-Monsoon,Northeast/Dry,0,Kannur,Indian Mackerel,Rastrelliger kanagurta,3.2,Intermediate Predator,492766.3,2092,24837,235.55,28.92,10.5,4.4,1.39,0.9,0.9,1.223,423.5,137.24,0.3257,-54.192,0.537,0.49999999999999994,0.8660254037844387,218.4,178.35,234.37,227.87,210.37333333333322,28.859671400292797,417.96166666666664,0.22455843989019128,0.6435714285714305,2.0428571428571427,29.24,1.33,1.01,2039.0,0.025993133761681542,155.34,295138.2
2016-02-01,2016,2,Winter / Post-Monsoon,Northeast/Dry,0,Kannur,Indian Mackerel,Rastrelliger kanagurta,3.2,Intermediate Predator,295138.2,1900,21955,155.34,29.46,11.0,3.8,0.71,1.82,1.22,1.111,264.11,98.67,0.376,-19.053,0.4,0.8660254037844386,0.5000000000000001,235.55,218.4,178.35,289.46,210.76666666666657,29.354059912265598,344.5716666666667,0.07852563743014483,0.8085714285714296,0.3428571428571434,28.92,0.9,0.9,2092.0,-0.0917782022381539,130.18,261919.0
2016-03-01,2016,3,Pre-Monsoon / Summer,Pre-Monsoon,0,Kannur,Indian Mackerel,Rastrelliger kanagurta,3.2,Intermediate Predator,261919.0,2012,24073,130.18,30.34,24.9,3.2,1.25,1.08,0.72,1.177,89.38,82.99,0.9293,-3.754,0.32,1.0,6.123233995736766e-17,155.34,235.55,218.4,181.32,203.09666666666655,42.23807563482121,249.5416666666667,-0.3405221676704663,0.8042857142857152,0.16428571428571104,29.46,1.82,1.22,1900.0,0.058947368110803325,58.09,104210.3
2016-04-01,2016,4,Pre-Monsoon / Summer,Pre-Monsoon,0,Kannur,Indian Mackerel,Rastrelliger kanagurta,3.2,Intermediate Predator,104210.3,1794,18816,58.09,30.77,112.4,4.8,1.11,0.83,0.61,1.049,128.16,45.76,0.362,-1.163,0.15,0.8660254037844387,-0.4999999999999998,130.18,155.34,235.55,100.99,173.6899999999999,55.02954751767036,192.03166666666672,-0.16196728711424696,0.4685714285714262,22.992857142857147,30.34,1.08,0.72,2012.0,-0.10834990005790308,90.74,188106.9
2016-05-01,2016,5,Pre-Monsoon / Summer,Pre-Monsoon,0,Kannur,Indian Mackerel,Rastrelliger kanagurta,3.2,Intermediate Predator,188106.9,2073,24380,90.74,30.76,262.9,4.8,1.6,1.27,1.11,1.212,109.96,55.76,0.5115,-1.737,0.223,0.49999999999999994,-0.8660254037844387,58.09,130.18,155.34,165.2,114.53666666666656,50.476985184664755,162.65166666666673,-0.5537716581831573,0.6300000000000026,1.842857142857099,30.77,0.83,0.61,1794.0,0.15551839378194876,547.37,268759.0
2016-06-01,2016,6,Southwest Monsoon,Southwest Monsoon,1,Kannur,Indian Mackerel,Rastrelliger kanagurta,3.2,Intermediate Predator,268759.0,491,6344,547.37,29.39,849.2,7.9,3.17,11.56,7.31,0.287,1460.99,307.79,0.2112,-454.265,1.415,1.2246467991473532e-16,-1.0,90.74,58.09,130.18,711.36,93.00333333333322,36.09825526715747,148.05000000000004,0.5620587774042385,0.7992857142857162,179.4785714285714,30.76,1.27,1.11,2073.0,-0.7631451965116005,552.18,268909.3
2016-07-01,2016,7,Southwest Monsoon,Southwest Monsoon,1,Kannur,Indian Mackerel,Rastrelliger kanagurta,3.2,Intermediate Predator,268909.3,487,6675,552.18,27.91,589.9,8.5,3.21,12.81,7.35,0.285,2320.14,295.18,0.1276,-763.89,1.414,-0.4999999999999997,-0.8660254037844388,547.37,90.74,58.09,675.89,232.06666666666652,273.5482583262648,202.87833333333336,5.032289504927319,0.22571428571428598,-18.049999999999955,29.39,11.56,7.31,491.0,-0.008146639345282295,552.51,1253084.1
2016-08-01,2016,8,Southwest Monsoon,Southwest Monsoon,0,Kannur,Indian Mackerel,Rastrelliger kanagurta,3.2,Intermediate Predator,1253084.1,2268,27154,552.51,27.83,580.7,7.4,2.58,11.52,6.65,1.326,1946.74,281.48,0.145,-597.903,1.3,-0.8660254037844385,-0.5000000000000004,552.18,547.37,90.74,725.52,396.76333333333315,265.03489286004003,255.65,0.008787474490975392,0.4528571428571446,163.68571428571437,27.91,12.81,7.35,487.0,3.6570841138175747,453.48,842567.9
2016-09-01,2016,9,Southwest Monsoon,Southwest Monsoon,0,Kannur,Indian Mackerel,Rastrelliger kanagurta,3.2,Intermediate Predator,842567.9,1858,19135,453.48,28.91,229.6,5.5,2.1,8.61,4.65,1.087,1133.1,239.08,0.2117,-277.184,1.075,-1.0,-1.8369701987210297e-16,552.51,552.18,547.37,475.24,550.6866666666665,2.8770528901884043,321.845,0.00059763119639199,0.8871428571428588,-20.378571428571433,27.83,11.52,6.65,2268.0,-0.18077601331227505,155.52,360489.8
2016-10-01,2016,10,Post-Monsoon,Post-Monsoon,0,Kannur,Indian Mackerel,Rastrelliger kanagurta,3.2,Intermediate Predator,360489.8,2318,31370,155.52,29.49,345.5,4.2,1.19,0.78,1.41,1.356,287.9,97.96,0.3425,-20.856,0.437,-0.8660254037844386,0.5000000000000001,453.48,552.51,552.18,234.37,519.3899999999999,57.079972845119705,375.7283333333334,-0.17923657165957949,0.6914285714285704,42.94285714285712,28.91,8.61,4.65,1858.0,0.24757803957170055,223.73,425983.6
2016-11-01,2016,11,Post-Monsoon,Post-Monsoon,0,Kannur,Indian Mackerel,Rastrelliger kanagurta,3.2,Intermediate Predator,425983.6,1904,25760,223.73,29.58,126.2,3.5,1.23,1.56,1.22,1.113,251.93,128.31,0.5112,-25.369,0.563,-0.5000000000000004,0.8660254037844384,155.52,453.48,552.51,178.35,387.1699999999999,206.63500937643553,391.9666666666667,-0.6570521157040639,0.5642857142857096,-41.95714285714284,29.49,0.78,1.41,2318.0,-0.17860224254269955,177.6,349516.8
2016-12-01,2016,12,Winter / Post-Monsoon,Northeast/Dry,0,Kannur,Indian Mackerel,Rastrelliger kanagurta,3.2,Intermediate Predator,349516.8,1968,19389,177.6,28.77,38.4,3.1,0.77,1.57,1.13,1.151,284.19,108.34,0.3834,-23.913,0.45,-2.4492935982947064e-16,1.0,223.73,155.52,453.48,218.4,277.57666666666654,156.1077769790248,414.1316666666667,0.43859307879416914,0.2714285714285687,3.0214285714285722,29.58,1.56,1.22,1904.0,0.033613445201610054,315.45,617656.2
2017-01-01,2017,1,Winter / Post-Monsoon,Northeast/Dry,0,Kannur,Indian Mackerel,Rastrelliger kanagurta,3.2,Intermediate Predator,617656.2,1958,27106,315.45,28.0,8.8,4.8,0.85,1.34,1.04,1.145,939.49,178.22,0.1906,-202.39,0.866,0.49999999999999994,0.8660254037844387,177.6,223.73,155.52,235.55,185.61666666666656,34.80447145602036,352.50333333333333,-0.20618601858552635,-0.27642857142857125,0.3428571428571434,28.77,1.57,1.13,1968.0,-0.005081300787188513,360.9,718914.0
2017-02-01,2017,2,Winter / Post-Monsoon,Northeast/Dry,0,Kannur,Indian Mackerel,Rastrelliger kanagurta,3.2,Intermediate Predator,718914.0,1992,24308,360.9,28.0,9.5,3.0,1.03,1.0,0.86,1.165,919.0,185.5,0.2027,-206.574,0.918,0.8660254037844386,0.5000000000000001,315.45,177.6,223.73,155.34,238.92666666666653,70.17021899162734,313.0483333333334,0.7761823887284691,-0.6514285714285712,-1.1571428571428566,28.0,1.34,1.04,1958.0,0.017364657725410328,263.13,569409.7
2017-03-01,2017,3,Pre-Monsoon / Summer,Pre-Monsoon,0,Kannur,Indian Mackerel,Rastrelliger kanagurta,3.2,Intermediate Predator,569409.7,2164,25937,263.13,29.51,26.0,2.9,1.4,0.69,0.59,1.265,513.06,160.61,0.3144,-84.246,0.684,1.0,6.123233995736766e-17,360.9,315.45,177.6,130.18,284.64999999999986,95.45261913640509,281.11333333333334,0.14407988130987853,-0.025714285714283136,1.2642857142857125,28.0,1.0,0.86,1992.0,0.08634538109264367,217.93,403614.4
2017-04-01,2017,4,Pre-Monsoon / Summer,Pre-Monsoon,0,Kannur,Indian Mackerel,Rastrelliger kanagurta,3.2,Intermediate Predator,403614.4,1852,22966,217.93,30.32,91.4,4.9,1.34,1.15,0.84,1.083,288.37,137.86,0.4799,-33.457,0.598,0.8660254037844387,-0.4999999999999998,263.13,360.9,315.45,58.09,313.15999999999985,48.92521129233484,249.3883333333334,-0.2709060606565237,0.018571428571426907,1.9928571428571473,29.51,0.69,0.59,2164.0,-0.14417744850195263,242.87,598684.2
2017-05-01,2017,5,Pre-Monsoon / Summer,Pre-Monsoon,0,Kannur,Indian Mackerel,Rastrelliger kanagurta,3.2,Intermediate Predator,598684.2,2465,33780,242.87,30.15,279.4,5.4,1.68,2.27,1.8,1.442,397.25,162.69,0.411,-57.095,0.698,0.49999999999999994,-0.8660254037844387,217.93,263.13,360.9,90.74,280.6533333333332,73.07807902054445,259.79,-0.17177820196183627,0.019999999999999574,18.3428571428571,30.32,1.15,0.84,1852.0,0.3309935187311365,880.43,373302.9
2017-06-01,2017,6,Southwest Monsoon,Southwest Monsoon,1,Kannur,Indian Mackerel,Rastrelliger kanagurta,3.2,Intermediate Predator,373302.9,424,5767,880.43,28.32,699.7,7.4,3.31,10.54,6.43,0.248,3591.94,483.11,0.1347,-2068.776,2.417,1.2246467991473532e-16,-1.0,242.87,217.93,263.13,547.37,241.30999999999986,22.640344520338168,262.9800000000001,0.11444041139630103,-0.27071428571428413,29.9785714285714,30.15,2.27,1.8,2465.0,-0.8279918830507428,763.01,305969.0
2017-07-01,2017,7,Southwest Monsoon,Southwest Monsoon,1,Kannur,Indian Mackerel,Rastrelliger kanagurta,3.2,Intermediate Predator,305969.0,401,5604,763.01,27.31,754.8,8.0,3.63,11.98,7.23,0.235,3102.11,387.72,0.1253,-1400.397,1.892,-0.4999999999999997,-0.8660254037844388,880.43,242.87,217.93,552.18,447.07666666666654,375.50210989198575,380.11833333333334,2.6251079744263195,-0.37428571428571544,146.85000000000002,28.32,10.54,6.43,424.0,-0.05424528173949807,683.44,1386006.6
2017-08-01,2017,8,Southwest Monsoon,Southwest Monsoon,0,Kannur,Indian Mackerel,Rastrelliger kanagurta,3.2,Intermediate Predator,1386006.6,2028,26192,683.44,27.17,374.5,6.9,2.58,10.15,5.8,1.186,2420.88,332.85,0.1378,-934.49,1.473,-0.8660254037844385,-0.5000000000000004,763.01,880.43,242.87,552.51,628.7699999999999,339.31691911839533,454.71166666666676,-0.13336664887195288,-0.20714285714285197,-42.51428571428568,27.31,11.98,7.23,401.0,4.057356507297843,501.63,1006765.7
2017-09-01,2017,9,Southwest Monsoon,Southwest Monsoon,0,Kannur,Indian Mackerel,Rastrelliger kanagurta,3.2,Intermediate Predator,1006765.7,2007,20648,501.63,27.51,259.9,4.6,1.83,6.63,3.98,1.174,1763.44,251.09,0.1429,-521.68,1.295,-1.0,-1.8369701987210297e-16,683.44,763.01,880.43,453.48,775.6266666666666,99.09919390859362,508.4683333333334,-0.10428434615163167,-0.5128571428571398,9.92142857142855,27.17,10.15,5.8,2028.0,-0.010355029534738514,307.12,619766.8
2017-10-01,2017,10,Post-Monsoon,Post-Monsoon,0,Kannur,Indian Mackerel,Rastrelliger kanagurta,3.2,Intermediate Predator,619766.8,2018,27099,307.12,28.83,351.2,4.0,1.19,1.26,1.85,1.18,1051.35,187.36,0.179,-229.878,1.016,-0.8660254037844386,0.5000000000000001,501.63,683.44,763.01,155.52,649.3599999999999,133.98119606870094,548.2183333333334,-0.2660218853736703,0.03142857142857025,48.64285714285711,27.51,6.63,3.98,2007.0,0.005480817112701459,402.51,775646.0
2017-11-01,2017,11,Post-Monsoon,Post-Monsoon,0,Kannur,Indian Mackerel,Rastrelliger kanagurta,3.2,Intermediate Predator,775646.0,1927,22560,402.51,28.83,165.9,3.6,0.81,1.56,1.44,1.127,885.69,222.07,0.2516,-218.655,0.99,-0.5000000000000004,0.8660254037844384,307.12,501.63,683.44,223.73,497.39666666666653,188.195713110934,563.0833333333334,-0.3877559079848512,-0.18571428571429038,-2.2571428571428385,28.83,1.26,1.85,2018.0,-0.04509415240290311,331.26,613500.8
2017-12-01,2017,12,Winter / Post-Monsoon,Northeast/Dry,0,Kannur,Indian Mackerel,Rastrelliger kanagurta,3.2,Intermediate Predator,613500.8,1852,25567,331.26,28.38,35.8,4.1,1.03,1.28,0.89,1.083,790.01,185.68,0.236,-167.354,0.868,-2.4492935982947064e-16,1.0,402.51,307.12,501.63,177.6,403.7533333333333,97.26096047918168,589.69,0.31059519697202403,-0.11857142857143188,0.4214285714285708,28.83,1.56,1.44,1927.0,-0.03892060177000207,309.46,724441.9
2018-01-01,2018,1,Winter / Post-Monsoon,Northeast/Dry,0,Kannur,Indian Mackerel,Rastrelliger kanagurta,3.2,Intermediate Predator,724441.9,2341,29092,309.46,28.27,10.0,2.7,1.2,1.45,1.1,1.369,783.03,187.23,0.2401,-163.535,0.816,0.49999999999999994,0.8660254037844387,331.26,402.51,307.12,315.45,346.9633333333332,49.595957832598955,498.1616666666667,-0.17701423127340363,-0.006428571428571672,1.5428571428571427,28.38,1.28,0.89,1852.0,0.26403887546415294,397.11,638157.0
2018-02-01,2018,2,Winter / Post-Monsoon,Northeast/Dry,0,Kannur,Indian Mackerel,Rastrelliger kanagurta,3.2,Intermediate Predator,638157.0,1607,16367,397.11,28.61,10.6,3.6,1.21,1.27,1.09,0.94,642.32,208.89,0.3263,-139.886,0.887,0.8660254037844386,0.5000000000000001,309.46,331.26,402.51,360.9,347.74333333333317,48.66570489916833,422.57,-0.06580933207120296,-0.041428571428571814,-0.05714285714285694,28.27,1.45,1.1,2341.0,-0.31354122036078075,302.42,436087.6
2018-03-01,2018,3,Pre-Monsoon / Summer,Pre-Monsoon,0,Kannur,Indian Mackerel,Rastrelliger kanagurta,3.2,Intermediate Predator,436087.6,1442,19677,302.42,29.04,28.4,3.3,1.28,0.59,0.84,0.843,645.74,179.87,0.2797,-124.583,0.759,1.0,6.123233995736766e-17,397.11,309.46,331.26,263.13,345.9433333333332,45.63256330004856,374.84833333333336,0.28323530397352487,-0.49571428571428555,3.664285714285711,28.61,1.27,1.09,1607.0,-0.10267579276492973,118.19,192642.7
2018-04-01,2018,4,Pre-Monsoon / Summer,Pre-Monsoon,0,Kannur,Indian Mackerel,Rastrelliger kanagurta,3.2,Intermediate Predator,192642.7,1630,19703,118.19,30.26,81.9,4.3,1.2,0.71,0.76,0.953,258.0,94.51,0.3688,-18.122,0.35,0.8660254037844387,-0.4999999999999998,302.42,397.11,309.46,217.93,336.32999999999987,52.75458937381281,341.6466666666667,-0.23844777924384228,-0.041428571428571814,-7.507142857142853,29.04,0.59,0.84,1442.0,0.1303744789849204,318.25,609457.5
2018-05-01,2018,5,Pre-Monsoon / Summer,Pre-Monsoon,0,Kannur,Indian Mackerel,Rastrelliger kanagurta,3.2,Intermediate Predator,609457.5,1915,23480,318.25,30.11,262.5,5.3,2.23,1.57,1.43,1.12,299.64,180.17,0.6026,-46.604,0.826,0.49999999999999994,-0.8660254037844387,118.19,302.42,397.11,242.87,272.57333333333327,141.8351480886629,310.15833333333336,-0.6091858802597091,-0.019999999999999574,1.4428571428571217,30.26,0.71,0.76,1630.0,0.1748466246941925,1034.53,399330.1
2018-06-01,2018,6,Southwest Monsoon,Southwest Monsoon,1,Kannur,Indian Mackerel,Rastrelliger kanagurta,3.2,Intermediate Predator,399330.1,386,4134,1034.53,28.5,809.8,8.3,3.6,12.39,7.72,0.226,3999.68,570.78,0.1429,-2642.565,2.632,1.2246467991473532e-16,-1.0,318.25,118.19,302.42,880.43,246.28666666666655,111.21696917886646,296.11500000000007,1.6926980545986925,-0.09071428571428442,140.0785714285713,30.11,1.57,1.43,1915.0,-0.7984334161961701,779.21,356878.8
2018-07-01,2018,7,Southwest Monsoon,Southwest Monsoon,1,Kannur,Indian Mackerel,Rastrelliger kanagurta,3.2,Intermediate Predator,356878.8,458,6195,779.21,27.37,723.8,8.4,3.15,12.79,7.59,0.268,3646.97,395.68,0.1087,-1731.662,1.875,-0.4999999999999997,-0.8660254037844388,1034.53,318.25,118.19,763.01,490.3233333333332,481.7952603890297,413.32666666666665,2.250683354259753,-0.31428571428571317,115.85000000000002,28.5,12.39,7.72,386.0,0.18652849257698206,666.5,1350987.1
2018-08-01,2018,8,Southwest Monsoon,Southwest Monsoon,0,Kannur,Indian Mackerel,Rastrelliger kanagurta,3.2,Intermediate Predator,1350987.1,2027,24337,666.5,27.42,371.4,7.8,2.58,10.79,6.05,1.185,2553.32,325.87,0.128,-974.527,1.614,-0.8660254037844385,-0.5000000000000004,779.21,1034.53,318.25,683.44,710.6633333333333,363.02650555205054,491.61833333333334,-0.24679806050285574,0.042857142857148034,-45.6142857142857,27.37,12.79,7.59,458.0,3.425764117341395,654.19,1309697.7
2018-09-01,2018,9,Southwest Monsoon,Southwest Monsoon,0,Kannur,Indian Mackerel,Rastrelliger kanagurta,3.2,Intermediate Predator,1309697.7,2002,26766,654.19,27.8,240.5,6.3,2.6,9.52,5.12,1.171,2777.55,345.04,0.1245,-1175.775,1.763,-1.0,-1.8369701987210297e-16,666.5,779.21,1034.53,501.63,826.7466666666666,188.56383861528965,536.5166666666668,-0.1446464990869407,-0.22285714285714064,-9.478571428571428,27.42,10.79,6.05,2027.0,-0.012333497719124334,391.51,798289.0
2018-10-01,2018,10,Post-Monsoon,Post-Monsoon,0,Kannur,Indian Mackerel,Rastrelliger kanagurta,3.2,Intermediate Predator,798289.0,2039,21563,391.51,28.71,262.1,4.3,1.09,1.58,1.63,1.192,605.6,222.28,0.3681,-134.037,0.917,-0.8660254037844386,0.5000000000000001,654.19,666.5,779.21,307.12,699.9666666666666,68.90220194836272,595.145,-0.01846961712723747,-0.08857142857142719,-40.457142857142856,27.8,9.52,5.12,2002.0,0.018481518389203207,407.04,1018411.1
2018-11-01,2018,11,Post-Monsoon,Post-Monsoon,0,Kannur,Indian Mackerel,Rastrelliger kanagurta,3.2,Intermediate Predator,1018411.1,2502,34970,407.04,29.05,194.9,4.2,0.85,1.39,1.5,1.463,754.35,223.28,0.2969,-178.134,0.977,-0.5000000000000004,0.8660254037844384,391.51,654.19,666.5,402.51,570.7333333333332,155.33395132208835,640.6983333333334,-0.40153471619048425,0.03428571428571203,26.74285714285716,28.71,1.58,1.63,2039.0,0.22707209305016138,501.96,1230815.1
2018-12-01,2018,12,Winter / Post-Monsoon,Northeast/Dry,0,Kannur,Indian Mackerel,Rastrelliger kanagurta,3.2,Intermediate Predator,1230815.1,2452,29231,501.96,28.57,36.0,3.8,1.29,1.15,1.05,1.434,864.99,256.62,0.2975,-248.003,1.112,-2.4492935982947064e-16,1.0,407.04,391.51,654.19,331.26,484.2466666666665,147.3799431175521,655.4966666666668,0.03966692958885018,0.0714285714285694,0.6214285714285737,29.05,1.39,1.5,2502.0,-0.01998401270989603,246.82,558059.3
2019-01-01,2019,1,Winter / Post-Monsoon,Northeast/Dry,0,Kannur,Indian Mackerel,Rastrelliger kanagurta,3.2,Intermediate Predator,558059.3,2261,27098,246.82,28.24,9.3,3.2,0.85,0.38,0.53,1.322,525.62,131.75,0.2521,-72.319,0.549,0.49999999999999994,0.8660254037844387,501.96,407.04,391.51,309.46,433.50333333333316,59.79156824614048,566.735,0.2331957489879188,-0.03642857142857281,0.8428571428571434,28.57,1.15,1.05,2452.0,-0.07789559511461829,259.01,461553.7
2019-02-01,2019,2,Winter / Post-Monsoon,Northeast/Dry,0,Kannur,Indian Mackerel,Rastrelliger kanagurta,3.2,Intermediate Predator,461553.7,1782,19650,259.01,28.35,10.7,3.2,0.5,1.0,0.82,1.042,564.64,141.57,0.2521,-83.002,0.621,0.8660254037844386,0.5000000000000001,246.82,501.96,407.04,397.11,385.27333333333314,128.95520824430807,478.0033333333334,-0.5082875028231831,-0.3014285714285698,0.042857142857142705,28.24,0.38,0.53,2261.0,-0.2118531613805698,233.71,400582.0
2019-03-01,2019,3,Pre-Monsoon / Summer,Pre-Monsoon,0,Kannur,Indian Mackerel,Rastrelliger kanagurta,3.2,Intermediate Predator,400582.0,1714,23760,233.71,29.51,23.6,4.0,1.27,1.01,0.82,1.002,489.86,135.24,0.2776,-65.312,0.616,1.0,6.123233995736766e-17,259.01,246.82,501.96,302.42,335.92999999999984,143.9153212830361,410.08833333333337,0.04938821613369191,-0.025714285714283136,-1.1357142857142861,28.35,1.0,0.82,1782.0,-0.03815937127856694,191.19,441076.4
2019-04-01,2019,4,Pre-Monsoon / Summer,Pre-Monsoon,0,Kannur,Indian Mackerel,Rastrelliger kanagurta,3.2,Intermediate Predator,441076.4,2307,26464,191.19,30.4,119.2,3.7,1.13,1.21,0.89,1.349,117.22,113.26,0.9665,-8.74,0.554,0.8660254037844387,-0.4999999999999998,233.71,259.01,246.82,118.19,246.51333333333318,12.652787571629986,340.0083333333334,-0.09767962249798758,0.0985714285714252,29.792857142857144,29.51,1.01,0.82,1714.0,0.34597432703632247,158.59,327017.5
2019-05-01,2019,5,Pre-Monsoon / Summer,Pre-Monsoon,0,Kannur,Indian Mackerel,Rastrelliger kanagurta,3.2,Intermediate Predator,327017.5,2062,25674,158.59,30.02,249.7,4.9,2.33,1.41,1.37,1.206,379.27,108.7,0.2885,-34.607,0.448,0.49999999999999994,-0.8660254037844387,191.19,233.71,259.01,318.25,227.96999999999983,34.272420398907535,306.6216666666667,-0.1819348687717741,-0.10999999999999943,-11.35714285714289,30.4,1.21,0.89,2307.0,-0.1061985257642023,786.26,301139.2
2019-06-01,2019,6,Southwest Monsoon,Southwest Monsoon,1,Kannur,Indian Mackerel,Rastrelliger kanagurta,3.2,Intermediate Predator,301139.2,383,5167,786.26,28.94,709.7,7.6,3.51,11.95,7.12,0.224,2656.0,432.48,0.1631,-1277.268,1.946,1.2246467991473532e-16,-1.0,158.59,191.19,233.71,1034.53,194.49666666666653,37.66900759686632,265.21333333333337,-0.17051100107165637,0.34928571428571686,39.9785714285714,30.02,1.41,1.37,2062.0,-0.8142579979909893,569.57,186818.6
2019-07-01,2019,7,Southwest Monsoon,Southwest Monsoon,1,Kannur,Indian Mackerel,Rastrelliger kanagurta,3.2,Intermediate Predator,186818.6,328,3687,569.57,27.38,552.8,7.6,3.78,11.7,6.77,0.192,2334.87,288.11,0.1238,-765.204,1.487,-0.4999999999999997,-0.8660254037844388,786.26,158.59,191.19,779.21,378.67999999999984,353.350792131558,312.5966666666667,3.957815501745664,-0.30428571428571516,-55.14999999999998,28.94,11.95,7.12,383.0,-0.14360312940983996,241.41,503828.8
2019-08-01,2019,8,Southwest Monsoon,Southwest Monsoon,0,Kannur,Indian Mackerel,Rastrelliger kanagurta,3.2,Intermediate Predator,503828.8,2087,26183,241.41,26.7,444.6,6.7,2.69,10.05,5.66,1.22,1311.05,130.79,0.1004,-180.35,0.702,-0.8660254037844385,-0.5000000000000004,569.57,786.26,158.59,666.5,504.80666666666656,318.80734657992576,366.3883333333334,-0.2755958553710495,-0.6771428571428544,27.585714285714346,27.38,11.7,6.77,328.0,5.362804714548637,515.8,1254945.3
2019-09-01,2019,9,Southwest Monsoon,Southwest Monsoon,0,Kannur,Indian Mackerel,Rastrelliger kanagurta,3.2,Intermediate Predator,1254945.3,2433,31575,515.8,27.72,214.5,6.0,1.72,9.15,4.88,1.423,1954.89,261.13,0.134,-594.601,1.396,-1.0,-1.8369701987210297e-16,241.41,569.57,786.26,654.19,532.4133333333332,274.31887290766736,363.4550000000001,-0.5761539305765064,-0.3028571428571425,-35.47857142857143,26.7,10.05,5.66,2087.0,0.16578821195118248,298.84,563011.6
2019-10-01,2019,10,Post-Monsoon,Post-Monsoon,0,Kannur,Indian Mackerel,Rastrelliger kanagurta,3.2,Intermediate Predator,563011.6,1884,25842,298.84,28.86,279.9,4.5,1.38,1.3,1.3,1.102,621.98,176.24,0.2845,-112.256,0.731,-0.8660254037844386,0.5000000000000001,515.8,241.41,569.57,391.51,442.2599999999998,176.00666208981855,410.47,1.1366140119873238,0.06142857142857139,-22.6571428571429,27.72,9.15,4.88,2433.0,-0.2256473480244663,235.98,438219.9
2019-11-01,2019,11,Post-Monsoon,Post-Monsoon,0,Kannur,Indian Mackerel,Rastrelliger kanagurta,3.2,Intermediate Predator,438219.9,1857,23251,235.98,28.63,168.1,4.0,0.89,1.09,1.17,1.086,698.82,140.26,0.2019,-106.992,0.636,-0.5000000000000004,0.8660254037844384,298.84,515.8,241.41,407.04,352.0166666666665,144.71795477180032,428.4116666666667,-0.4206281422910403,-0.3857142857142897,-0.057142857142849834,28.86,1.3,1.3,1884.0,-0.014331210115014809,250.18,552405.5
2019-12-01,2019,12,Winter / Post-Monsoon,Northeast/Dry,0,Kannur,Indian Mackerel,Rastrelliger kanagurta,3.2,Intermediate Predator,552405.5,2208,22601,250.18,28.04,36.2,3.2,1.21,0.73,0.49,1.291,457.54,133.31,0.2929,-60.612,0.576,-2.4492935982947064e-16,1.0,235.98,298.84,515.8,501.96,350.2066666666665,146.811814692595,441.31,-0.21034666676660865,-0.45857142857143174,0.8214285714285765,28.63,1.09,1.17,1857.0,0.1890145385621188,244.26,553494.8
2020-01-01,2020,1,Winter / Post-Monsoon,Northeast/Dry,0,Kannur,Indian Mackerel,Rastrelliger kanagurta,3.2,Intermediate Predator,553494.8,2266,25389,244.26,27.64,9.1,3.8,1.27,1.01,0.98,1.325,909.86,139.53,0.1543,-159.46,0.682,0.49999999999999994,0.8660254037844387,250.18,235.98,298.84,246.82,261.6666666666665,32.96668823726142,351.96333333333337,0.06017458851705285,-0.6364285714285707,0.6428571428571423,28.04,0.73,0.49,2208.0,0.02626811582306107,341.59,699909.8
2020-02-01,2020,2,Winter / Post-Monsoon,Northeast/Dry,0,Kannur,Indian Mackerel,Rastrelliger kanagurta,3.2,Intermediate Predator,699909.8,2049,28868,341.59,28.37,12.4,4.2,0.93,0.97,1.12,1.198,911.42,192.31,0.2119,-205.313,0.878,0.8660254037844386,0.5000000000000001,244.26,250.18,235.98,259.01,243.47333333333316,7.132610555243944,297.745,-0.023662961721042444,-0.28142857142857025,1.7428571428571438,27.64,1.01,0.98,2266.0,-0.09576345941851959,282.25,178665.3
2020-03-01,2020,3,Pre-Monsoon / Summer,Pre-Monsoon,0,Kannur,Indian Mackerel,Rastrelliger kanagurta,3.2,Intermediate Predator,178665.3,633,7399,282.25,29.62,23.2,3.3,1.03,0.65,0.53,0.37,453.79,176.4,0.3901,-79.235,0.728,1.0,6.123233995736766e-17,341.59,244.26,250.18,233.71,278.6766666666665,54.564890115648566,314.44166666666666,0.39846882836040165,0.0842857142857163,-1.5357142857142883,28.37,0.97,1.12,2049.0,-0.6910688106829243,287.4,202328.9
2020-04-01,2020,4,Pre-Monsoon / Summer,Pre-Monsoon,0,Kannur,Indian Mackerel,Rastrelliger kanagurta,3.2,Intermediate Predator,202328.9,704,8922,287.4,30.09,81.4,3.7,1.11,0.99,0.94,0.412,438.25,171.38,0.3924,-71.475,0.758,0.8660254037844387,-0.4999999999999998,282.25,341.59,244.26,191.19,289.3666666666665,49.0537198725317,275.5166666666667,-0.1737170241014952,-0.21142857142857352,-8.007142857142853,29.62,0.65,0.53,633.0,0.11216429522647244,357.89,293466.7
2020-05-01,2020,5,Pre-Monsoon / Summer,Pre-Monsoon,0,Kannur,Indian Mackerel,Rastrelliger kanagurta,3.2,Intermediate Predator,293466.7,820,11804,357.89,29.6,302.9,5.7,2.1,1.67,1.88,0.48,684.96,213.47,0.3127,-148.023,1.001,0.49999999999999994,-0.8660254037844387,287.4,282.25,341.59,158.59,303.7466666666665,32.87429137385052,273.61000000000007,0.018246234960275033,-0.5299999999999976,41.8428571428571,30.09,0.99,0.94,704.0,0.16477272493220563,1357.7,608249.6
2020-06-01,2020,6,Southwest Monsoon,Southwest Monsoon,1,Kannur,Indian Mackerel,Rastrelliger kanagurta,3.2,Intermediate Predator,608249.6,448,4989,1357.7,28.27,668.3,8.4,3.53,12.23,7.34,0.262,4142.81,686.4,0.1659,-3258.929,2.89,1.2246467991473532e-16,-1.0,357.89,287.4,282.25,786.26,309.17999999999984,42.26261586792155,293.92833333333334,0.24526791074224397,-0.32071428571428484,-1.4214285714286916,29.6,1.67,1.88,820.0,-0.45365853105294474,803.49,346305.4
2020-07-01,2020,7,Southwest Monsoon,Southwest Monsoon,1,Kannur,Indian Mackerel,Rastrelliger kanagurta,3.2,Intermediate Predator,346305.4,431,5772,803.49,27.18,358.8,8.4,3.39,12.12,6.65,0.252,3393.2,396.39,0.1171,-1622.798,1.831,-0.4999999999999997,-0.8660254037844388,1357.7,357.89,287.4,569.57,667.6633333333332,598.6277315939625,478.51500000000004,2.7936236610795597,-0.5042857142857144,-249.14999999999992,28.27,12.23,7.34,448.0,-0.0379464277244101,640.83,1264993.6
2020-08-01,2020,8,Southwest Monsoon,Southwest Monsoon,0,Kannur,Indian Mackerel,Rastrelliger kanagurta,3.2,Intermediate Predator,1264993.6,1974,24760,640.83,27.4,511.6,6.8,3.21,10.49,6.12,1.154,3006.74,326.63,0.1089,-1203.485,1.807,-0.8660254037844385,-0.5000000000000004,803.49,1357.7,357.89,241.41,839.6933333333333,500.8872328512011,571.7200000000001,-0.40819768425868985,0.022857142857144908,94.58571428571435,27.18,12.12,6.65,431.0,3.5800463206485773,548.01,1125618.5
2020-09-01,2020,9,Southwest Monsoon,Southwest Monsoon,0,Kannur,Indian Mackerel,Rastrelliger kanagurta,3.2,Intermediate Predator,1125618.5,2054,21685,548.01,27.34,251.7,5.2,2.4,7.92,4.48,1.201,2018.96,278.44,0.1383,-665.566,1.454,-1.0,-1.8369701987210297e-16,640.83,803.49,1357.7,515.8,934.0066666666665,375.8345373077538,621.5933333333334,-0.202441844921009,-0.6828571428571415,1.7214285714285609,27.4,10.49,6.12,1974.0,0.04052684883218415,352.74,540742.8
2020-10-01,2020,10,Post-Monsoon,Post-Monsoon,0,Kannur,Indian Mackerel,Rastrelliger kanagurta,3.2,Intermediate Predator,540742.8,1533,20853,352.74,28.52,238.6,2.9,1.39,0.95,1.25,0.896,1021.5,204.03,0.2005,-249.412,0.911,-0.8660254037844386,0.5000000000000001,548.01,640.83,803.49,298.84,664.1099999999998,129.32121403698554,665.8866666666667,-0.1448434039473277,-0.27857142857142847,-63.957142857142884,27.34,7.92,4.48,2054.0,-0.2536514106443456,385.01,714185.4
2020-11-01,2020,11,Post-Monsoon,Post-Monsoon,0,Kannur,Indian Mackerel,Rastrelliger kanagurta,3.2,Intermediate Predator,714185.4,1855,22727,385.01,29.0,172.0,3.5,1.2,1.07,1.15,1.085,779.77,222.64,0.2864,-189.563,0.96,-0.5000000000000004,0.8660254037844384,352.74,548.01,640.83,235.98,513.8599999999998,147.0497497447708,676.7766666666668,-0.3563256079939124,-0.015714285714288678,3.842857142857156,28.52,0.95,1.25,1533.0,0.21004566073029576,372.46,685323.9
2020-12-01,2020,12,Winter / Post-Monsoon,Northeast/Dry,0,Kannur,Indian Mackerel,Rastrelliger kanagurta,3.2,Intermediate Predator,685323.9,1840,20914,372.46,28.05,38.9,4.0,1.3,1.56,1.14,1.076,804.3,201.17,0.251,-180.182,0.893,-2.4492935982947064e-16,1.0,385.01,352.74,548.01,250.18,428.58666666666653,104.67467522439699,681.2966666666667,0.09148380984623769,-0.4485714285714302,3.5214285714285722,29.0,1.07,1.15,1855.0,-0.008086253325680574,377.91,701031.7
2021-01-01,2021,1,Winter / Post-Monsoon,Northeast/Dry,0,Kannur,Indian Mackerel,Rastrelliger kanagurta,3.2,Intermediate Predator,701031.7,1855,23868,377.91,28.22,9.3,3.3,0.94,1.14,1.05,1.085,878.18,213.67,0.2442,-215.139,0.94,0.49999999999999994,0.8660254037844387,372.46,385.01,352.74,244.26,370.0699999999999,16.26721549619407,517.09,-0.03259655508697037,-0.05642857142857238,0.8428571428571434,28.05,1.56,1.14,1840.0,0.008152173868738186,417.36,923189.6
2021-02-01,2021,2,Winter / Post-Monsoon,Northeast/Dry,0,Kannur,Indian Mackerel,Rastrelliger kanagurta,3.2,Intermediate Predator,923189.6,2212,30297,417.36,28.2,11.4,3.7,0.8,1.29,0.91,1.294,1071.13,222.48,0.2084,-294.786,1.056,0.8660254037844386,0.5000000000000001,377.91,372.46,385.01,341.59,378.45999999999987,6.29305172389536,446.16,0.014632443359489912,-0.45142857142857196,0.7428571428571438,28.22,1.14,1.05,1855.0,0.19245282915119769,333.31,712611.6
2021-03-01,2021,3,Pre-Monsoon / Summer,Pre-Monsoon,0,Kannur,Indian Mackerel,Rastrelliger kanagurta,3.2,Intermediate Predator,712611.6,2138,29454,333.31,29.7,24.2,3.6,0.72,1.04,0.77,1.25,496.14,205.37,0.4151,-101.57,0.874,1.0,6.123233995736766e-17,417.36,377.91,372.46,282.25,389.24333333333317,24.50175163805563,408.915,0.10438993134900022,0.1642857142857146,-0.5357142857142883,28.2,1.29,0.91,2212.0,-0.03345388773302944,361.06,706241.3
2021-04-01,2021,4,Pre-Monsoon / Summer,Pre-Monsoon,0,Kannur,Indian Mackerel,Rastrelliger kanagurta,3.2,Intermediate Predator,706241.3,1956,23568,361.06,30.14,98.4,4.4,1.01,1.7,1.2,1.144,356.1,209.02,0.5881,-67.949,0.865,0.8660254037844387,-0.4999999999999998,333.31,417.36,377.91,287.4,376.19333333333316,42.05128812929462,373.13166666666666,-0.2013848907086235,-0.1614285714285728,8.992857142857147,29.7,1.04,0.77,2138.0,-0.08512628585067218,364.85,786609.6
2021-05-01,2021,5,Pre-Monsoon / Summer,Pre-Monsoon,0,Kannur,Indian Mackerel,Rastrelliger kanagurta,3.2,Intermediate Predator,786609.6,2156,22512,364.85,30.03,256.1,5.4,2.13,1.5,1.5,1.261,574.45,228.76,0.3993,-130.188,0.94,0.49999999999999994,-0.8660254037844387,361.06,333.31,417.36,357.89,370.57666666666654,42.82552782316817,374.51833333333343,0.08325582541010396,-0.09999999999999787,-4.9571428571428555,30.14,1.7,1.2,1956.0,0.10224948822980834,1289.4,444842.1
2021-06-01,2021,6,Southwest Monsoon,Southwest Monsoon,1,Kannur,Indian Mackerel,Rastrelliger kanagurta,3.2,Intermediate Predator,444842.1,345,3668,1289.4,28.95,690.0,8.2,3.43,12.25,7.29,0.202,4126.11,722.67,0.1753,-3395.947,3.265,1.2246467991473532e-16,-1.0,364.85,361.06,333.31,1357.7,353.0733333333332,17.220134532951274,371.15833333333336,0.010496870035537917,0.3592857142857149,20.278571428571354,30.03,1.5,1.5,2156.0,-0.8399814432282864,770.32,273463.7
2021-07-01,2021,7,Southwest Monsoon,Southwest Monsoon,1,Kannur,Indian Mackerel,Rastrelliger kanagurta,3.2,Intermediate Predator,273463.7,355,5118,770.32,27.21,640.8,7.9,3.47,11.55,6.56,0.208,3183.17,390.37,0.1229,-1480.915,1.941,-0.4999999999999997,-0.8660254037844388,1289.4,364.85,361.06,803.49,671.7699999999999,534.8866269593958,523.9816666666667,2.534055021678635,-0.4742857142857133,32.85000000000002,28.95,12.25,7.29,345.0,0.028985506406217207,936.95,1621868.7
2021-08-01,2021,8,Southwest Monsoon,Southwest Monsoon,0,Kannur,Indian Mackerel,Rastrelliger kanagurta,3.2,Intermediate Predator,1621868.7,1731,18968,936.95,27.73,445.8,6.9,2.75,10.28,5.95,1.012,3563.93,483.08,0.1358,-2075.657,2.298,-0.8660254037844385,-0.5000000000000004,770.32,1289.4,364.85,640.83,808.1899999999999,463.43691943996,589.3833333333334,-0.40257483788913573,0.35285714285714675,28.785714285714334,27.21,11.55,6.56,355.0,3.876056228843487,764.14,1625322.7
2021-09-01,2021,9,Southwest Monsoon,Southwest Monsoon,0,Kannur,Indian Mackerel,Rastrelliger kanagurta,3.2,Intermediate Predator,1625322.7,2127,24958,764.14,27.99,239.4,4.9,1.93,7.84,4.27,1.244,2573.68,412.97,0.1608,-1275.838,1.887,-1.0,-1.8369701987210297e-16,936.95,770.32,1289.4,548.01,998.8899999999999,265.0253465236865,675.9816666666668,0.2163126984069906,-0.03285714285714292,-10.578571428571422,27.73,10.28,5.95,1731.0,0.22876949607874353,358.04,742928.4
2021-10-01,2021,10,Post-Monsoon,Post-Monsoon,0,Kannur,Indian Mackerel,Rastrelliger kanagurta,3.2,Intermediate Predator,742928.4,2075,27999,358.04,28.18,270.1,4.2,1.82,0.92,1.22,1.213,1062.17,210.29,0.1987,-270.51,0.939,-0.8660254037844386,0.5000000000000001,764.14,936.95,770.32,352.74,823.8033333333333,98.03659639814741,747.7866666666669,-0.1844388688357024,-0.6185714285714283,-32.457142857142856,27.99,7.84,4.27,2127.0,-0.024447578634473065,469.66,954348.9
2021-11-01,2021,11,Post-Monsoon,Post-Monsoon,0,Kannur,Indian Mackerel,Rastrelliger kanagurta,3.2,Intermediate Predator,954348.9,2032,22506,469.66,28.87,171.7,3.9,1.18,1.5,1.52,1.188,1075.0,266.14,0.2483,-328.226,1.035,-0.5000000000000004,0.8660254037844384,358.04,764.14,936.95,385.01,686.3766666666666,297.1860512092267,747.2833333333334,-0.5314471100656017,-0.14571428571428768,3.5428571428571445,28.18,0.92,1.22,2075.0,-0.0207228914663957,479.96,913363.9
2021-12-01,2021,12,Winter / Post-Monsoon,Northeast/Dry,0,Kannur,Indian Mackerel,Rastrelliger kanagurta,3.2,Intermediate Predator,913363.9,1903,25461,479.96,28.52,31.7,5.0,1.03,1.79,1.22,1.113,1151.93,264.36,0.2302,-364.843,1.203,-2.4492935982947064e-16,1.0,469.66,358.04,764.14,372.46,530.6133333333332,209.79939021201426,764.7516666666669,0.31175286806633706,0.021428571428568688,-3.678571428571427,28.87,1.5,1.52,2032.0,-0.06348425165608144,306.78,623690.4
2022-01-01,2022,1,Winter / Post-Monsoon,Northeast/Dry,0,Kannur,Indian Mackerel,Rastrelliger kanagurta,3.2,Intermediate Predator,623690.4,2033,29036,306.78,27.65,7.3,3.7,0.82,0.96,0.73,1.189,1035.41,179.27,0.1739,-241.63,0.871,0.49999999999999994,0.8660254037844387,479.96,469.66,358.04,377.91,435.88666666666654,67.61360908377081,629.845,0.021930757954035634,-0.6264285714285727,-1.1571428571428575,28.52,1.79,1.22,1903.0,0.06831318934149665,442.21,801729.5
2022-02-01,2022,2,Winter / Post-Monsoon,Northeast/Dry,0,Kannur,Indian Mackerel,Rastrelliger kanagurta,3.2,Intermediate Predator,801729.5,1813,26152,442.21,28.31,10.7,3.5,0.88,1.02,0.84,1.06,1128.96,250.27,0.2224,-350.565,1.237,0.8660254037844386,0.5000000000000001,306.78,479.96,469.66,417.36,418.7999999999999,97.14876633287544,552.5883333333334,-0.3608217276268496,-0.3414285714285725,0.042857142857142705,27.65,0.96,0.73,2033.0,-0.10821446085482311,483.51,727684.0
2022-03-01,2022,3,Pre-Monsoon / Summer,Pre-Monsoon,0,Kannur,Indian Mackerel,Rastrelliger kanagurta,3.2,Intermediate Predator,727684.0,1505,20886,483.51,29.04,29.5,3.1,1.15,1.0,1.04,0.88,964.24,281.13,0.2923,-309.167,1.287,1.0,6.123233995736766e-17,442.21,306.78,479.96,333.31,409.6499999999998,91.06559888344019,470.1316666666667,0.4414564038902014,-0.49571428571428555,4.7642857142857125,28.31,1.02,0.84,1813.0,-0.1698841689471364,360.33,878486.6
2022-04-01,2022,4,Pre-Monsoon / Summer,Pre-Monsoon,0,Kannur,Indian Mackerel,Rastrelliger kanagurta,3.2,Intermediate Predator,878486.6,2438,25729,360.33,30.04,75.5,3.7,0.99,0.96,0.82,1.426,515.37,215.74,0.4197,-111.491,0.935,0.8660254037844387,-0.4999999999999998,483.51,442.21,306.78,361.06,410.8333333333332,92.44860536175199,423.36000000000007,0.09339453894315965,-0.26142857142857423,-13.907142857142858,29.04,1.0,1.04,1505.0,0.619933550698116,370.98,758654.0
2022-05-01,2022,5,Pre-Monsoon / Summer,Pre-Monsoon,0,Kannur,Indian Mackerel,Rastrelliger kanagurta,3.2,Intermediate Predator,758654.0,2045,24988,370.98,29.8,226.9,4.6,1.66,1.08,1.22,1.196,752.79,241.94,0.3223,-194.848,0.954,0.49999999999999994,-0.8660254037844387,360.33,483.51,442.21,364.85,428.68333333333317,62.69414752058578,423.7416666666666,-0.25476204722214546,-0.3299999999999983,-34.15714285714287,30.04,0.96,0.82,2438.0,-0.1611977023740865,1396.52,657758.9
2022-06-01,2022,6,Southwest Monsoon,Southwest Monsoon,1,Kannur,Indian Mackerel,Rastrelliger kanagurta,3.2,Intermediate Predator,657758.9,471,4671,1396.52,28.15,932.2,7.9,3.26,11.79,7.53,0.275,5257.05,757.53,0.1443,-4703.729,3.619,1.2246467991473532e-16,-1.0,370.98,360.33,483.51,1289.4,404.9399999999998,68.25166151823427,407.295,0.029556239292974892,-0.44071428571428584,262.4785714285714,29.8,1.08,1.22,2045.0,-0.7696821478255151,1074.67,407299.4
2022-07-01,2022,7,Southwest Monsoon,Southwest Monsoon,1,Kannur,Indian Mackerel,Rastrelliger kanagurta,3.2,Intermediate Predator,407299.4,379,5466,1074.67,27.41,517.1,8.5,4.01,12.7,7.04,0.222,4688.37,562.7,0.1202,-3224.724,2.835,-0.4999999999999997,-0.8660254037844388,1396.52,370.98,360.33,770.32,709.2766666666665,595.1940062142202,560.055,2.7644077102698876,-0.274285714285714,-90.84999999999991,28.15,11.79,7.53,471.0,-0.195329082901718,743.31,1649410.9
2022-08-01,2022,8,Southwest Monsoon,Southwest Monsoon,0,Kannur,Indian Mackerel,Rastrelliger kanagurta,3.2,Intermediate Predator,1649410.9,2219,28502,743.31,26.62,260.1,7.8,2.32,11.68,6.21,1.298,2655.86,347.1,0.131,-1076.254,1.593,-0.8660254037844385,-0.5000000000000004,1074.67,1396.52,370.98,936.95,947.3899999999999,524.4837668603291,688.0366666666667,-0.23046572744775776,-0.7571428571428527,-156.91428571428565,27.41,12.7,7.04,379.0,4.854881138393638,959.2,2198497.3
2022-09-01,2022,9,Southwest Monsoon,Southwest Monsoon,0,Kannur,Indian Mackerel,Rastrelliger kanagurta,3.2,Intermediate Predator,2198497.3,2292,31040,959.2,27.68,291.6,6.2,2.06,9.5,5.29,1.34,3855.64,501.69,0.1303,-2414.019,2.52,-1.0,-1.8369701987210297e-16,743.31,1074.67,1396.52,764.14,1071.4999999999998,326.6165377013237,738.2200000000001,-0.30833650973474186,-0.34285714285714164,41.621428571428595,26.62,11.68,6.21,2219.0,0.032897701519163124,538.69,1196969.4
2022-10-01,2022,10,Post-Monsoon,Post-Monsoon,0,Kannur,Indian Mackerel,Rastrelliger kanagurta,3.2,Intermediate Predator,1196969.4,2222,28472,538.69,28.54,337.9,3.5,1.24,1.19,1.57,1.299,1306.36,292.09,0.2242,-456.293,1.402,-0.8660254037844386,0.5000000000000001,959.2,743.31,1074.67,358.04,925.7266666666665,168.19693942915083,817.5016666666667,0.29044409075023775,-0.2585714285714289,35.3428571428571,27.68,9.5,5.29,2292.0,-0.030541012083154396,633.99,1463893.1
2022-11-01,2022,11,Post-Monsoon,Post-Monsoon,0,Kannur,Indian Mackerel,Rastrelliger kanagurta,3.2,Intermediate Predator,1463893.1,2309,26008,633.99,28.33,162.5,4.0,1.43,1.67,1.77,1.35,1470.61,344.69,0.2349,-603.397,1.544,-0.5000000000000004,0.8660254037844384,538.69,959.2,743.31,469.66,747.0666666666666,210.28016890171384,847.2283333333335,-0.4383965759132967,-0.6857142857142904,-5.657142857142844,28.54,1.19,1.57,2222.0,0.03915391521532891,427.85,663174.5
2022-12-01,2022,12,Winter / Post-Monsoon,Northeast/Dry,0,Kannur,Indian Mackerel,Rastrelliger kanagurta,3.2,Intermediate Predator,663174.5,1550,16717,427.85,28.0,33.7,4.7,1.33,1.36,0.98,0.906,1110.69,234.99,0.2123,-321.701,1.272,-2.4492935982947064e-16,1.0,633.99,538.69,959.2,479.96,710.6266666666666,220.48140291946,891.0633333333335,0.17691065033858702,-0.4985714285714309,-1.6785714285714235,28.33,1.67,1.77,2309.0,-0.3287137274633446,505.64,1133653.7
2023-01-01,2023,1,Winter / Post-Monsoon,Northeast/Dry,0,Kannur,Indian Mackerel,Rastrelliger kanagurta,3.2,Intermediate Predator,1133653.7,2242,29970,505.64,28.72,7.3,3.4,1.12,0.95,0.81,1.311,1010.37,290.27,0.288,-343.239,1.386,0.49999999999999994,0.8660254037844387,427.85,633.99,538.69,306.78,533.5099999999999,103.16757824045204,729.6183333333333,-0.32514707921028596,0.4435714285714276,-1.1571428571428575,28.0,1.36,0.98,1550.0,0.44645161002289285,645.1,1221820.9
2023-02-01,2023,2,Winter / Post-Monsoon,Northeast/Dry,0,Kannur,Indian Mackerel,Rastrelliger kanagurta,3.2,Intermediate Predator,1221820.9,1894,21602,645.1,29.13,7.9,4.6,0.5,1.39,1.1,1.108,1320.05,357.99,0.2717,-565.94,1.409,0.8660254037844386,0.5000000000000001,505.64,427.85,633.99,442.21,522.4933333333332,104.09827584226896,634.7800000000001,0.1818160527798047,0.47857142857142776,-2.7571428571428562,28.72,0.95,0.81,2242.0,-0.15521855416940875,505.34,1024331.1
2023-03-01,2023,3,Pre-Monsoon / Summer,Pre-Monsoon,0,Kannur,Indian Mackerel,Rastrelliger kanagurta,3.2,Intermediate Predator,1024331.1,2027,29186,505.34,29.72,30.8,3.5,1.22,1.55,1.15,1.185,593.5,295.58,0.4989,-177.581,1.282,1.0,6.123233995736766e-17,645.1,505.64,427.85,483.51,526.1966666666666,110.07417060025081,618.4116666666667,0.2758088704254239,0.18428571428571416,6.064285714285713,29.13,1.39,1.1,1894.0,0.0702217525331481,219.06,478434.6
2023-04-01,2023,4,Pre-Monsoon / Summer,Pre-Monsoon,0,Kannur,Indian Mackerel,Rastrelliger kanagurta,3.2,Intermediate Predator,478434.6,2184,31456,219.06,30.67,70.9,4.3,1.33,0.58,0.55,1.277,194.01,142.58,0.7363,-21.937,0.621,0.8660254037844387,-0.4999999999999998,505.34,645.1,505.64,360.33,552.0266666666665,80.60401065290199,542.7683333333334,-0.21664857825688152,0.36857142857142833,-18.507142857142853,29.72,1.55,1.15,2027.0,0.07745436567610081,292.54,669324.8
2023-05-01,2023,5,Pre-Monsoon / Summer,Pre-Monsoon,0,Kannur,Indian Mackerel,Rastrelliger kanagurta,3.2,Intermediate Predator,669324.8,2288,30281,292.54,30.46,217.2,4.1,2.3,1.71,1.21,1.338,332.15,193.38,0.5835,-57.451,0.726,0.49999999999999994,-0.8660254037844387,219.06,505.34,645.1,370.98,456.49999999999983,217.17856616157985,489.49666666666667,-0.5665096654428767,0.33000000000000185,-43.85714285714289,30.67,0.58,0.55,2184.0,0.04761904740101168,1387.61,682705.5
2023-06-01,2023,6,Southwest Monsoon,Southwest Monsoon,1,Kannur,Indian Mackerel,Rastrelliger kanagurta,3.2,Intermediate Predator,682705.5,492,5278,1387.61,28.81,607.3,7.0,3.43,10.31,6.2,0.288,4375.12,757.4,0.1733,-3875.191,3.588,1.2246467991473532e-16,-1.0,292.54,219.06,505.34,1396.52,338.97999999999985,148.6827656455166,432.58833333333337,0.3354331993320005,0.2192857142857143,-62.42142857142869,30.46,1.71,1.21,2288.0,-0.7849650315342437,1584.36,678107.8
2023-07-01,2023,7,Southwest Monsoon,Southwest Monsoon,1,Kannur,Indian Mackerel,Rastrelliger kanagurta,3.2,Intermediate Predator,678107.8,428,6010,1584.36,28.14,556.0,8.9,3.02,13.72,7.63,0.25,6937.87,852.38,0.123,-7264.858,4.171,-0.4999999999999997,-0.8660254037844388,1387.61,292.54,219.06,1074.67,633.0699999999998,654.4828388124472,592.5483333333333,3.7433170252506653,0.4557142857142864,-51.94999999999993,28.81,10.31,6.2,492.0,-0.13008129816907932,1150.44,2455042.4
2023-08-01,2023,8,Southwest Monsoon,Southwest Monsoon,0,Kannur,Indian Mackerel,Rastrelliger kanagurta,3.2,Intermediate Predator,2455042.4,2134,21168,1150.44,27.62,454.9,7.7,3.29,11.31,6.55,1.248,4761.76,621.45,0.1307,-3611.462,3.096,-0.8660254037844385,-0.5000000000000004,1584.36,1387.61,292.54,743.31,1088.1699999999998,696.0229617620386,772.335,0.14179055972650415,0.24285714285714732,37.8857142857143,28.14,13.72,7.63,428.0,3.985981215280813,1103.34,2448300.4
2023-09-01,2023,9,Southwest Monsoon,Southwest Monsoon,0,Kannur,Indian Mackerel,Rastrelliger kanagurta,3.2,Intermediate Predator,2448300.4,2219,21553,1103.34,28.66,216.2,5.3,2.04,7.82,4.6,1.298,3225.7,618.14,0.1919,-2346.061,2.83,-1.0,-1.8369701987210297e-16,1150.44,1584.36,1387.61,959.2,1374.1366666666665,217.27353643123172,856.5583333333334,-0.27387714740414326,0.6371428571428588,-33.77857142857144,27.62,11.31,6.55,2134.0,0.03983130253124975,555.67,1178585.4
2023-10-01,2023,10,Post-Monsoon,Post-Monsoon,0,Kannur,Indian Mackerel,Rastrelliger kanagurta,3.2,Intermediate Predator,1178585.4,2121,30136,555.67,29.22,267.5,4.4,1.04,1.36,1.55,1.24,865.74,332.61,0.3849,-306.439,1.366,-0.8660254037844386,0.5000000000000001,1103.34,1150.44,1584.36,538.69,1279.3799999999999,265.16825375598864,956.2249999999999,-0.04094085705520632,0.4214285714285708,-35.05714285714288,28.66,7.82,4.6,2219.0,-0.044164037655862826,522.76,1008924.4
2023-11-01,2023,11,Post-Monsoon,Post-Monsoon,0,Kannur,Indian Mackerel,Rastrelliger kanagurta,3.2,Intermediate Predator,1008924.4,1930,26519,522.76,29.29,139.2,3.7,1.47,1.01,0.91,1.129,990.52,315.02,0.3187,-356.606,1.281,-0.5000000000000004,0.8660254037844384,555.67,1103.34,1150.44,633.99,936.4833333333332,330.6337832607753,1012.3266666666667,-0.4963746397631316,0.27428571428571047,-28.957142857142856,29.22,1.36,1.55,2121.0,-0.09005186190451737,532.66,1168654.5
2023-12-01,2023,12,Winter / Post-Monsoon,Northeast/Dry,0,Kannur,Indian Mackerel,Rastrelliger kanagurta,3.2,Intermediate Predator,1168654.5,2194,28883,532.66,28.79,35.8,4.1,1.28,1.32,1.23,1.283,1234.36,311.66,0.2531,-458.058,1.339,-2.4492935982947064e-16,1.0,522.76,555.67,1103.34,427.85,727.2566666666665,326.1131279683985,1050.6966666666667,-0.05922579841946117,0.29142857142856826,0.4214285714285708,29.29,1.01,0.91,1930.0,0.13678756405809553,388.31,884173.2
2024-01-01,2024,1,Winter / Post-Monsoon,Northeast/Dry,0,Kannur,Indian Mackerel,Rastrelliger kanagurta,3.2,Intermediate Predator,884173.2,2277,26060,388.31,28.07,8.9,3.0,1.0,0.37,0.51,1.332,1087.89,218.08,0.2012,-309.295,1.141,0.49999999999999994,0.8660254037844387,532.66,522.76,555.67,505.64,537.0299999999999,16.88459949183014,908.2049999999999,0.01893794439249471,-0.20642857142857096,0.44285714285714306,28.79,1.32,1.23,2194.0,0.037830446500317014,536.29,1240984.7
2024-02-01,2024,2,Winter / Post-Monsoon,Northeast/Dry,0,Kannur,Indian Mackerel,Rastrelliger kanagurta,3.2,Intermediate Predator,1240984.7,2314,24539,536.29,28.2,10.9,4.1,1.59,1.24,1.06,1.353,1073.27,300.67,0.2808,-375.432,1.289,0.8660254037844386,0.5000000000000001,388.31,532.66,522.76,645.1,481.24333333333317,80.63470613410065,708.8633333333333,-0.27099838037400253,-0.45142857142857196,0.24285714285714377,28.07,0.37,0.51,2277.0,0.016249450960696306,490.44,1000995.8
2024-03-01,2024,3,Pre-Monsoon / Summer,Pre-Monsoon,0,Kannur,Indian Mackerel,Rastrelliger kanagurta,3.2,Intermediate Predator,1000995.8,2041,20172,490.44,29.67,29.2,3.5,0.63,1.03,0.77,1.194,825.32,277.22,0.3367,-255.283,1.229,1.0,6.123233995736766e-17,536.29,388.31,532.66,505.34,485.7533333333331,84.4079180724935,606.505,0.38108726581629965,0.134285714285717,4.464285714285712,28.2,1.24,1.06,2314.0,-0.11797752758004525,336.53,634363.4
2024-04-01,2024,4,Pre-Monsoon / Summer,Pre-Monsoon,0,Kannur,Indian Mackerel,Rastrelliger kanagurta,3.2,Intermediate Predator,634363.4,1885,21896,336.53,30.3,106.9,4.1,1.86,1.27,0.87,1.102,505.47,216.38,0.4292,-108.858,0.812,0.8660254037844387,-0.4999999999999998,490.44,536.29,388.31,219.06,471.67999999999984,75.75271150262164,504.355,-0.0854947866733523,-0.001428571428572667,17.492857142857147,29.67,1.03,0.77,2041.0,-0.0764331206446197,322.8,857027.4
2024-05-01,2024,5,Pre-Monsoon / Summer,Pre-Monsoon,0,Kannur,Indian Mackerel,Rastrelliger kanagurta,3.2,Intermediate Predator,857027.4,2655,33173,322.8,30.43,238.3,5.3,1.45,1.36,1.18,1.553,320.16,197.29,0.6174,-56.352,0.705,0.49999999999999994,-0.8660254037844387,336.53,490.44,536.29,292.54,454.41999999999985,104.63792190214505,467.83166666666665,-0.31382023664831105,0.3000000000000007,-22.757142857142867,30.3,1.27,0.87,1885.0,0.40848806149343203,1290.31,685152.6
2024-06-01,2024,6,Southwest Monsoon,Southwest Monsoon,1,Kannur,Indian Mackerel,Rastrelliger kanagurta,3.2,Intermediate Predator,685152.6,531,6124,1290.31,28.07,555.8,7.7,3.7,11.28,6.5,0.311,5318.55,682.8,0.1285,-4482.17,3.389,1.2246467991473532e-16,-1.0,322.8,336.53,490.44,1387.61,383.2566666666665,93.0770027092227,434.50500000000005,-0.04079873887027182,-0.5207142857142841,-113.92142857142869,30.43,1.36,1.18,2655.0,-0.7999999969868172,1468.14,463931.5
2024-07-01,2024,7,Southwest Monsoon,Southwest Monsoon,1,Kannur,Indian Mackerel,Rastrelliger kanagurta,3.2,Intermediate Predator,463931.5,316,3236,1468.14,28.14,586.5,8.3,3.26,12.54,7.02,0.185,5413.58,767.01,0.1418,-4978.404,3.752,-0.4999999999999997,-0.8660254037844388,1290.31,322.8,336.53,1584.36,649.8799999999998,554.6711340064486,560.78,2.997242781993718,0.4557142857142864,-21.449999999999932,28.07,11.28,6.5,531.0,-0.4048964142204065,1206.79,2125163.3
2024-08-01,2024,8,Southwest Monsoon,Southwest Monsoon,0,Kannur,Indian Mackerel,Rastrelliger kanagurta,3.2,Intermediate Predator,2125163.3,1761,20008,1206.79,27.59,528.2,7.3,3.14,11.14,6.56,1.03,4163.49,599.21,0.1441,-2966.598,2.885,-0.8660254037844385,-0.5000000000000004,1468.14,1290.31,322.8,1150.44,1027.0833333333333,616.3741862159168,740.7516666666667,0.13781959267292684,0.2128571428571462,111.18571428571437,28.14,12.54,7.02,316.0,4.572784665418207,1044.58,2409838.7
2024-09-01,2024,9,Southwest Monsoon,Southwest Monsoon,0,Kannur,Indian Mackerel,Rastrelliger kanagurta,3.2,Intermediate Predator,2409838.7,2307,24037,1044.58,28.01,235.8,5.2,1.94,8.04,4.47,1.349,3231.44,540.73,0.1676,-2109.972,2.399,-1.0,-1.8369701987210297e-16,1206.79,1468.14,1290.31,1103.34,1321.7466666666667,133.48091111965834,852.5016666666667,-0.17801435709118787,-0.012857142857139792,-14.178571428571416,27.59,11.14,6.56,1761.0,0.31005110556472965,559.42,1075213.9
2024-10-01,2024,10,Post-Monsoon,Post-Monsoon,0,Kannur,Indian Mackerel,Rastrelliger kanagurta,3.2,Intermediate Predator,1075213.9,1922,20728,559.42,28.65,356.4,4.4,1.23,1.23,1.57,1.124,1443.1,301.84,0.2097,-534.317,1.296,-0.8660254037844386,0.5000000000000001,1044.58,1206.79,1468.14,555.67,1239.8366666666664,213.7050070385203,944.8583333333335,-0.13441443718944943,-0.14857142857142946,53.8428571428571,28.01,8.04,4.47,2307.0,-0.16688339762946078,527.06,1021441.8
2024-11-01,2024,11,Post-Monsoon,Post-Monsoon,0,Kannur,Indian Mackerel,Rastrelliger kanagurta,3.2,Intermediate Predator,1021441.8,1938,24819,527.06,29.19,160.4,4.1,1.38,1.39,1.31,1.133,756.7,307.26,0.4068,-244.488,1.359,-0.5000000000000004,0.8660254037844384,559.42,1044.58,1206.79,522.76,936.9299999999998,336.84324410621645,982.0066666666668,-0.4644546088910892,0.1742857142857126,-7.7571428571428385,28.65,1.23,1.57,1922.0,0.008324661767301447,489.81,1081018.0
2024-12-01,2024,12,Winter / Post-Monsoon,Northeast/Dry,0,Kannur,Indian Mackerel,Rastrelliger kanagurta,3.2,Intermediate Predator,1081018.0,2207,28605,489.81,28.88,38.5,3.2,0.63,1.38,1.12,1.291,989.22,286.47,0.2903,-322.988,1.356,-2.4492935982947064e-16,1.0,527.06,559.42,1044.58,532.66,710.3533333333331,289.9006570074187,1016.0500000000001,-0.057845624792720624,0.3814285714285681,3.1214285714285737,29.19,1.39,1.31,1938.0,0.13880288886066622,354.9,567847.0
2025-01-01,2025,1,Winter / Post-Monsoon,Northeast/Dry,0,Kannur,Indian Mackerel,Rastrelliger kanagurta,3.2,Intermediate Predator,567847.0,1600,20851,354.9,28.27,8.2,3.3,1.34,1.16,0.74,0.936,1239.94,211.77,0.1715,-354.741,0.956,0.49999999999999994,0.8660254037844387,489.81,527.06,559.42,388.31,525.4299999999998,34.83361451241302,882.6333333333333,-0.07067506411651293,-0.006428571428571672,-0.257142857142858,28.88,1.38,1.12,2207.0,-0.2750339815358678,525.18,1212646.6
2025-02-01,2025,2,Winter / Post-Monsoon,Northeast/Dry,0,Kannur,Indian Mackerel,Rastrelliger kanagurta,3.2,Intermediate Predator,1212646.6,2309,29755,525.18,29.05,11.8,3.5,1.3,1.05,0.93,1.35,1007.5,289.54,0.2881,-338.193,1.242,0.8660254037844386,0.5000000000000001,354.9,489.81,527.06,536.29,457.2566666666665,90.57900437371015,697.0933333333334,-0.2754333256684567,0.39857142857142946,1.1428571428571441,28.27,1.16,0.74,1600.0,0.4431249972304688,413.13,780396.6
2025-03-01,2025,3,Pre-Monsoon / Summer,Pre-Monsoon,0,Kannur,Indian Mackerel,Rastrelliger kanagurta,3.2,Intermediate Predator,780396.6,1889,26844,413.13,29.46,20.8,4.2,0.97,1.05,0.73,1.105,714.79,256.66,0.36,-199.085,1.057,1.0,6.123233995736766e-17,525.18,354.9,489.81,490.44,456.6299999999998,89.85824336141492,583.4916666666667,0.47979711243175227,-0.07571428571428385,-3.935714285714287,29.05,1.05,0.93,2309.0,-0.18189692428801676,241.29,449274.2
2025-04-01,2025,4,Pre-Monsoon / Summer,Pre-Monsoon,0,Kannur,Indian Mackerel,Rastrelliger kanagurta,3.2,Intermediate Predator,449274.2,1862,19241,241.29,29.88,87.4,3.2,1.37,0.0,0.54,1.089,358.61,165.36,0.4626,-54.992,0.758,0.8660254037844387,-0.4999999999999998,413.13,525.18,354.9,336.53,431.0699999999999,86.54595484480612,478.25,-0.2133554169359949,-0.4214285714285744,-2.0071428571428527,29.46,1.05,0.73,1889.0,-0.014293276790400863,408.42,884629.9
2025-05-01,2025,5,Pre-Monsoon / Summer,Pre-Monsoon,0,Kannur,Indian Mackerel,Rastrelliger kanagurta,3.2,Intermediate Predator,884629.9,2166,23515,408.42,29.7,258.8,5.7,2.3,1.8,1.59,1.267,657.52,255.68,0.3898,-170.56,1.015,0.49999999999999994,-0.8660254037844387,241.29,413.13,525.18,322.8,393.1999999999998,142.9905126223385,425.2283333333333,-0.4159465442851755,-0.4299999999999997,-2.257142857142867,29.88,0.0,0.54,1862.0,0.16326530524562136,1399.38,554153.5
2025-06-01,2025,6,Southwest Monsoon,Southwest Monsoon,1,Kannur,Indian Mackerel,Rastrelliger kanagurta,3.2,Intermediate Predator,554153.5,396,5436,1399.38,28.49,572.2,8.5,3.26,12.44,7.31,0.232,5775.38,764.36,0.1325,-5338.904,3.702,1.2246467991473532e-16,-1.0,408.42,241.29,413.13,1290.31,354.2799999999999,97.88054505364732,405.455,0.6926519668178556,-0.10071428571428598,-97.5214285714286,29.7,1.8,1.59,2166.0,-0.8171745114627215,1006.42,435779.7
2025-07-01,2025,7,Southwest Monsoon,Southwest Monsoon,1,Kannur,Indian Mackerel,Rastrelliger kanagurta,3.2,Intermediate Predator,435779.7,433,4689,1006.42,27.83,707.7,7.6,3.22,11.18,6.95,0.253,4168.74,537.78,0.1292,-2688.393,2.791,-0.4999999999999997,-0.8660254037844388,1399.38,408.42,241.29,1468.14,683.0299999999999,625.9801123837719,557.0500000000001,2.426325781638368,0.14571428571428413,99.75000000000011,28.49,12.44,7.31,396.0,0.09343434107489039,856.37,1656224.9
2025-08-01,2025,8,Southwest Monsoon,Southwest Monsoon,0,Kannur,Indian Mackerel,Rastrelliger kanagurta,3.2,Intermediate Predator,1656224.9,1934,23810,856.37,27.35,339.2,6.5,2.71,10.01,5.62,1.131,3269.49,434.24,0.1331,-1721.302,2.035,-0.8660254037844385,-0.5000000000000004,1006.42,1399.38,408.42,1206.79,938.0733333333333,499.00288629759785,665.6366666666667,-0.2808100710256681,-0.02714285714285225,-77.81428571428569,27.83,11.18,6.95,433.0,3.466512622020494,910.69,1759454.6
2025-09-01,2025,9,Southwest Monsoon,Southwest Monsoon,0,Kannur,Indian Mackerel,Rastrelliger kanagurta,3.2,Intermediate Predator,1759454.6,1932,20321,910.69,28.46,276.5,5.3,2.21,8.2,4.81,1.13,3596.9,507.44,0.1413,-2266.574,2.599,-1.0,-1.8369701987210297e-16,856.37,1006.42,1399.38,1044.58,1087.3899999999999,280.41410574363107,720.835,-0.14909282258805642,0.4371428571428595,26.521428571428572,27.35,10.01,5.62,1934.0,-0.0010341261580448494,459.39,939001.5
2025-10-01,2025,10,Post-Monsoon,Post-Monsoon,0,Kannur,Indian Mackerel,Rastrelliger kanagurta,3.2,Intermediate Predator,939001.5,2044,21421,459.39,28.44,287.7,3.2,0.99,0.82,1.27,1.195,1319.05,259.17,0.1971,-428.707,1.065,-0.8660254037844386,0.5000000000000001,910.69,856.37,1006.42,559.42,924.4933333333332,75.97137377547737,803.7616666666667,0.06343052578405922,-0.35857142857142676,-14.85714285714289,28.46,8.2,4.81,1932.0,0.05797101419269662,453.33,842733.5
2025-11-01,2025,11,Post-Monsoon,Post-Monsoon,0,Kannur,Indian Mackerel,Rastrelliger kanagurta,3.2,Intermediate Predator,842733.5,1859,25209,453.33,28.76,178.7,3.9,1.21,0.9,1.11,1.087,928.11,253.67,0.2741,-267.622,1.224,-0.5000000000000004,0.8660254037844384,459.39,910.69,856.37,527.06,742.1499999999997,246.37893335267051,840.1116666666667,-0.49555830748599083,-0.2557142857142871,10.542857142857144,28.44,0.82,1.27,2044.0,-0.09050880581942855,596.41,991825.6
2012-04-01,2012,4,Pre-Monsoon / Summer,Pre-Monsoon,0,Kasaragod,Indian Mackerel,Rastrelliger kanagurta,3.2,Intermediate Predator,275705.4,1712,24763,161.04,30.52,77.2,5.0,1.47,1.52,0.98,1.359,167.17,108.88,0.6534,-12.476,0.529,0.8660254037844387,-0.4999999999999998,277.68,254.48,310.74,280.96666666666664,280.96666666666664,28.27363671927144,280.96666666666664,0.09116629632323583,0.2185714285714262,-12.207142857142856,29.29,1.05,0.79,1792.0,-0.04464285689373406,160.29,227128.8
2012-05-01,2012,5,Pre-Monsoon / Summer,Pre-Monsoon,0,Kasaragod,Indian Mackerel,Rastrelliger kanagurta,3.2,Intermediate Predator,227128.8,1417,19650,160.29,30.32,246.6,6.3,1.7,1.64,1.33,1.125,262.39,107.58,0.4122,-21.071,0.582,0.49999999999999994,-0.8660254037844387,161.04,277.68,254.48,231.06666666666663,231.06666666666663,61.744315797758574,250.98499999999999,-0.4200518431269144,0.19000000000000128,-14.457142857142884,30.52,1.52,0.98,1712.0,-0.17231308310564789,705.88,252706.8
2012-06-01,2012,6,Southwest Monsoon,Southwest Monsoon,1,Kasaragod,Indian Mackerel,Rastrelliger kanagurta,3.2,Intermediate Predator,252706.8,358,4337,705.88,28.42,588.9,6.7,3.61,9.75,5.97,0.284,2353.1,364.57,0.1553,-971.698,2.493,1.2246467991473532e-16,-1.0,160.29,161.04,277.68,199.67,199.67,67.55968250369453,232.846,-0.004657227728686803,-0.1707142857142827,-80.82142857142867,30.32,1.64,1.33,1417.0,-0.7473535585931295,716.56,303102.8
2012-07-01,2012,7,Southwest Monsoon,Southwest Monsoon,1,Kasaragod,Indian Mackerel,Rastrelliger kanagurta,3.2,Intermediate Predator,303102.8,423,4160,716.56,27.6,763.4,8.4,3.55,12.85,7.49,0.336,2755.77,375.86,0.1367,-1169.478,2.471,-0.4999999999999997,-0.8660254037844388,705.88,160.29,161.04,342.40333333333336,342.40333333333336,314.78025038641374,311.685,3.403767957840916,-0.08428571428571274,155.45000000000005,28.42,9.75,5.97,358.0,0.18156424073842906,381.01,598562.4
2012-08-01,2012,8,Southwest Monsoon,Southwest Monsoon,0,Kasaragod,Indian Mackerel,Rastrelliger kanagurta,3.2,Intermediate Predator,598562.4,1571,16612,381.01,26.74,289.1,6.5,2.51,9.81,5.42,1.247,1308.66,187.81,0.1442,-256.62,1.312,-0.8660254037844385,-0.5000000000000004,716.56,705.88,160.29,527.5766666666667,527.5766666666667,318.12440527776755,379.32166666666666,0.015130050219158283,-0.6371428571428552,-127.91428571428565,27.6,12.85,7.49,423.0,2.71394792638421,597.77,1081964.9
2012-09-01,2012,9,Southwest Monsoon,Southwest Monsoon,0,Kasaragod,Indian Mackerel,Rastrelliger kanagurta,3.2,Intermediate Predator,1081964.9,1810,18022,597.77,27.84,330.7,5.8,1.86,8.89,5.16,1.437,2064.37,302.22,0.1468,-716.522,1.957,-1.0,-1.8369701987210297e-16,381.01,716.56,705.88,601.15,601.15,190.72160417739764,400.41,-0.4682789931299683,-0.1828571428571415,80.72142857142856,26.74,9.81,5.42,1571.0,0.15213239877700574,328.39,493576.5
2012-10-01,2012,10,Post-Monsoon,Post-Monsoon,0,Kasaragod,Indian Mackerel,Rastrelliger kanagurta,3.2,Intermediate Predator,493576.5,1503,16006,328.39,28.49,328.5,3.6,1.19,1.08,1.61,1.193,743.12,183.11,0.2474,-143.838,1.03,-0.8660254037844386,0.5000000000000001,597.77,381.01,716.56,565.1133333333332,565.1133333333332,170.14198198367524,453.7583333333334,0.56890893758933,-0.3085714285714296,25.94285714285712,27.84,8.89,5.16,1810.0,-0.16961325873141847,310.25,468172.9
2012-11-01,2012,11,Post-Monsoon,Post-Monsoon,0,Kasaragod,Indian Mackerel,Rastrelliger kanagurta,3.2,Intermediate Predator,468172.9,1509,16424,310.25,29.06,191.9,3.8,1.38,1.11,1.43,1.198,677.88,178.95,0.2651,-126.311,1.017,-0.5000000000000004,0.8660254037844384,328.39,597.77,381.01,435.7233333333333,435.7233333333333,142.7815034706292,481.65000000000003,-0.4506415435595372,0.04428571428571004,23.74285714285716,28.49,1.08,1.61,1503.0,0.003992015941503554,273.22,447799.4
2012-12-01,2012,12,Winter / Post-Monsoon,Northeast/Dry,0,Kasaragod,Indian Mackerel,Rastrelliger kanagurta,3.2,Intermediate Predator,447799.4,1639,21817,273.22,28.23,36.7,3.8,0.69,1.12,0.96,1.301,714.14,145.3,0.2046,-116.353,0.924,-2.4492935982947064e-16,1.0,310.25,328.39,597.77,412.1366666666666,412.1366666666666,161.01883657924404,506.6433333333334,-0.0552391956137764,-0.26857142857143046,1.3214285714285765,29.06,1.11,1.43,1509.0,0.08614976748741042,211.95,323008.7
2013-01-01,2013,1,Winter / Post-Monsoon,Northeast/Dry,0,Kasaragod,Indian Mackerel,Rastrelliger kanagurta,3.2,Intermediate Predator,323008.7,1524,22004,211.95,28.6,7.0,3.3,0.56,0.8,0.64,1.21,691.32,127.64,0.1858,-102.911,0.818,0.49999999999999994,0.8660254037844387,273.22,310.25,328.39,310.74,303.9533333333333,28.118823469934053,434.5333333333333,-0.11935535473471855,0.3235714285714302,-1.4571428571428573,28.23,1.12,0.96,1639.0,-0.07016473416617001,288.5,404192.0
2013-02-01,2013,2,Winter / Post-Monsoon,Northeast/Dry,0,Kasaragod,Indian Mackerel,Rastrelliger kanagurta,3.2,Intermediate Predator,404192.0,1401,14822,288.5,28.47,9.1,3.9,0.72,0.96,0.79,1.112,723.46,154.7,0.2149,-127.533,0.881,0.8660254037844386,0.5000000000000001,211.95,273.22,310.25,254.48,265.13999999999993,49.64561712779878,350.4316666666667,-0.22425151071475344,-0.18142857142857238,-1.557142857142857,28.6,0.8,0.64,1524.0,-0.08070866088773845,193.21,285182.5
2013-03-01,2013,3,Pre-Monsoon / Summer,Pre-Monsoon,0,Kasaragod,Indian Mackerel,Rastrelliger kanagurta,3.2,Intermediate Predator,285182.5,1476,20871,193.21,29.4,25.6,3.6,1.1,1.21,1.11,1.171,393.4,122.1,0.3121,-42.485,0.767,1.0,6.123233995736766e-17,288.5,211.95,273.22,277.68,257.88999999999993,40.512125345382564,335.0133333333333,0.361170070244394,-0.13571428571428612,0.8642857142857139,28.47,0.96,0.79,1401.0,0.05353319019605146,147.49,244685.1
2013-04-01,2013,4,Pre-Monsoon / Summer,Pre-Monsoon,0,Kasaragod,Indian Mackerel,Rastrelliger kanagurta,3.2,Intermediate Predator,244685.1,1659,20051,147.49,30.12,87.7,3.8,0.96,1.41,1.05,1.317,200.0,105.44,0.5296,-14.792,0.592,0.8660254037844387,-0.4999999999999998,193.21,288.5,211.95,161.04,231.21999999999994,50.48312292241824,267.58666666666664,-0.33029461593432874,-0.18142857142857238,-1.7071428571428555,29.4,1.21,1.11,1476.0,0.12398373899740014,235.35,354668.0
2013-05-01,2013,5,Pre-Monsoon / Summer,Pre-Monsoon,0,Kasaragod,Indian Mackerel,Rastrelliger kanagurta,3.2,Intermediate Predator,354668.0,1507,14707,235.35,29.84,306.7,5.8,2.05,1.67,1.57,1.196,416.86,138.73,0.3344,-51.247,0.852,0.49999999999999994,-0.8660254037844387,147.49,193.21,288.5,160.29,209.73333333333332,71.94248003324131,237.4366666666667,-0.23663370236355766,-0.28999999999999915,45.64285714285711,30.12,1.41,1.05,1659.0,-0.09162145815779713,830.95,296648.9
2013-06-01,2013,6,Southwest Monsoon,Southwest Monsoon,1,Kasaragod,Indian Mackerel,Rastrelliger kanagurta,3.2,Intermediate Predator,296648.9,357,4306,830.95,28.52,614.9,8.1,3.48,12.14,7.09,0.283,2606.79,450.63,0.1732,-1296.911,2.798,1.2246467991473532e-16,-1.0,235.35,147.49,193.21,705.88,192.01666666666665,43.94215440022629,224.9533333333333,0.5957013630957105,-0.07071428571428484,-54.82142857142867,29.84,1.67,1.57,1507.0,-0.7631055025673159,635.07,149877.3
2013-07-01,2013,7,Southwest Monsoon,Southwest Monsoon,1,Kasaragod,Indian Mackerel,Rastrelliger kanagurta,3.2,Intermediate Predator,149877.3,236,3341,635.07,27.7,587.9,8.5,4.07,12.71,7.2,0.187,2629.28,328.3,0.1252,-985.887,2.335,-0.4999999999999997,-0.8660254037844388,830.95,235.35,147.49,716.56,404.59666666666664,371.83695154372884,317.90833333333336,2.5306988514680753,0.015714285714285126,-20.049999999999955,28.52,12.14,7.09,357.0,-0.33893556473569847,598.9,964834.1
2013-08-01,2013,8,Southwest Monsoon,Southwest Monsoon,0,Kasaragod,Indian Mackerel,Rastrelliger kanagurta,3.2,Intermediate Predator,964834.1,1611,15618,598.9,27.67,394.9,6.8,2.46,9.64,5.61,1.279,1987.07,303.54,0.1532,-675.772,1.814,-0.8660254037844385,-0.5000000000000004,635.07,830.95,235.35,381.01,567.1233333333333,303.5579057335409,388.42833333333334,-0.23573018550177283,0.29285714285714803,-22.1142857142857,27.7,12.71,7.2,236.0,5.8262709395647905,572.51,816965.0
2013-09-01,2013,9,Southwest Monsoon,Southwest Monsoon,0,Kasaragod,Indian Mackerel,Rastrelliger kanagurta,3.2,Intermediate Predator,816965.0,1427,18932,572.51,28.29,274.4,5.3,2.11,7.48,4.2,1.133,1778.45,296.09,0.167,-602.392,1.868,-1.0,-1.8369701987210297e-16,598.9,635.07,830.95,597.77,688.3066666666667,124.84953998046322,440.1616666666667,-0.056954350591992324,0.2671428571428578,24.42142857142855,27.67,9.64,5.61,1611.0,-0.11421477272368236,236.97,359719.5
2013-10-01,2013,10,Post-Monsoon,Post-Monsoon,0,Kasaragod,Indian Mackerel,Rastrelliger kanagurta,3.2,Intermediate Predator,359719.5,1518,18219,236.97,28.79,218.6,3.3,1.35,0.83,1.22,1.205,425.27,142.0,0.3355,-55.196,0.897,-0.8660254037844386,0.5000000000000001,572.51,598.9,635.07,328.39,602.16,31.407150459727912,503.37833333333333,-0.044064116813088694,-0.008571428571428896,-83.95714285714288,28.29,7.48,4.2,1427.0,0.06377014671499547,315.85,397339.4
2013-11-01,2013,11,Post-Monsoon,Post-Monsoon,0,Kasaragod,Indian Mackerel,Rastrelliger kanagurta,3.2,Intermediate Predator,397339.4,1258,15099,315.85,28.98,167.2,4.0,0.92,1.51,1.41,0.998,591.61,173.57,0.2946,-102.867,1.011,-0.5000000000000004,0.8660254037844384,236.97,572.51,598.9,310.25,469.46,201.7741512186337,518.2916666666666,-0.5860858223247485,-0.03571428571428825,-0.9571428571428555,28.79,0.83,1.22,1518.0,-0.17127799623664033,254.68,425067.3
2013-12-01,2013,12,Winter / Post-Monsoon,Northeast/Dry,0,Kasaragod,Indian Mackerel,Rastrelliger kanagurta,3.2,Intermediate Predator,425067.3,1669,21318,254.68,28.38,33.9,3.3,1.21,1.1,0.97,1.325,553.86,141.66,0.2571,-79.743,0.876,-2.4492935982947064e-16,1.0,315.85,236.97,572.51,273.22,375.10999999999996,175.44396142358428,531.7083333333334,0.3328691255066412,-0.11857142857143188,-1.4785714285714278,28.98,1.51,1.41,1258.0,0.3267090594061283,275.04,393029.7
2014-01-01,2014,1,Winter / Post-Monsoon,Northeast/Dry,0,Kasaragod,Indian Mackerel,Rastrelliger kanagurta,3.2,Intermediate Predator,393029.7,1429,14063,275.04,27.93,6.7,4.1,0.81,1.43,1.1,1.134,600.72,139.33,0.2332,-86.668,0.821,0.49999999999999994,0.8660254037844387,254.68,315.85,236.97,211.95,269.1666666666667,41.38733179770758,435.66333333333336,-0.19366787419129736,-0.34642857142857153,-1.7571428571428571,28.38,1.1,0.97,1669.0,-0.14379868098383056,230.12,362663.0
2014-02-01,2014,2,Winter / Post-Monsoon,Northeast/Dry,0,Kasaragod,Indian Mackerel,Rastrelliger kanagurta,3.2,Intermediate Predator,362663.0,1576,19832,230.12,28.56,14.5,4.2,0.7,1.42,1.22,1.251,653.0,139.4,0.2147,-96.27,0.784,0.8660254037844386,0.5000000000000001,275.04,254.68,315.85,288.5,281.8566666666667,31.14951738524254,375.6583333333333,0.07994345531869586,-0.09142857142857252,3.8428571428571434,27.93,1.43,1.1,1429.0,0.10286913853835453,278.75,300488.5
2014-03-01,2014,3,Pre-Monsoon / Summer,Pre-Monsoon,0,Kasaragod,Indian Mackerel,Rastrelliger kanagurta,3.2,Intermediate Predator,300488.5,1078,14933,278.75,29.3,19.8,3.7,1.28,1.04,1.05,0.856,420.92,149.59,0.3569,-58.324,0.933,1.0,6.123233995736766e-17,230.12,275.04,254.68,193.21,253.28,22.492701038341593,314.195,-0.16332169272390593,-0.235714285714284,-4.935714285714287,28.56,1.42,1.22,1576.0,-0.31598984571072436,188.69,285297.2
2014-04-01,2014,4,Pre-Monsoon / Summer,Pre-Monsoon,0,Kasaragod,Indian Mackerel,Rastrelliger kanagurta,3.2,Intermediate Predator,285297.2,1512,18197,188.69,30.0,79.0,3.3,1.27,1.04,0.61,1.2,197.92,108.99,0.5529,-15.744,0.595,0.8660254037844387,-0.4999999999999998,278.75,230.12,275.04,147.49,261.30333333333334,27.069193437070503,265.23500000000007,0.2113245171508553,-0.3014285714285734,-10.407142857142858,29.3,1.04,1.05,1078.0,0.4025973988627329,219.59,353974.9
2014-05-01,2014,5,Pre-Monsoon / Summer,Pre-Monsoon,0,Kasaragod,Indian Mackerel,Rastrelliger kanagurta,3.2,Intermediate Predator,353974.9,1612,23059,219.59,30.14,259.9,4.6,1.68,1.56,1.33,1.279,234.65,123.97,0.5303,-22.126,0.823,0.49999999999999994,-0.8660254037844387,188.69,278.75,230.12,235.35,232.51999999999998,45.07794249963309,257.18833333333333,-0.3230851902032219,0.010000000000001563,-1.157142857142901,30.0,1.04,0.61,1512.0,0.06613756570014838,756.22,248795.4
2014-06-01,2014,6,Southwest Monsoon,Southwest Monsoon,1,Kasaragod,Indian Mackerel,Rastrelliger kanagurta,3.2,Intermediate Predator,248795.4,329,3448,756.22,28.69,480.4,8.4,3.2,12.56,7.11,0.261,2799.22,394.81,0.1413,-1255.838,2.617,1.2246467991473532e-16,-1.0,219.59,188.69,278.75,830.95,229.01,45.76301126455983,241.145,0.1637606569632383,0.09928571428571686,-189.32142857142867,30.14,1.56,1.33,1612.0,-0.7959057022586495,456.4,145136.5
2014-07-01,2014,7,Southwest Monsoon,Southwest Monsoon,1,Kasaragod,Indian Mackerel,Rastrelliger kanagurta,3.2,Intermediate Predator,145136.5,318,4504,456.4,27.65,509.6,7.9,3.39,11.67,6.62,0.252,2287.4,245.79,0.1078,-651.808,1.72,-0.4999999999999997,-0.8660254037844388,756.22,219.59,188.69,635.07,388.1666666666667,319.1177598212507,324.73499999999996,2.443781481680337,-0.034285714285715585,-98.34999999999991,28.69,12.56,7.11,329.0,-0.03343464943967631,326.57,561692.8
2014-08-01,2014,8,Southwest Monsoon,Southwest Monsoon,0,Kasaragod,Indian Mackerel,Rastrelliger kanagurta,3.2,Intermediate Predator,561692.8,1720,23422,326.57,27.15,482.4,7.6,2.53,11.02,6.31,1.365,1823.8,166.13,0.0916,-345.777,1.256,-0.8660254037844385,-0.5000000000000004,456.4,756.22,219.59,598.9,477.40333333333336,268.9308354081647,354.96166666666664,-0.3964719209162424,-0.2271428571428551,65.3857142857143,27.65,11.67,6.62,318.0,4.408804892804878,414.02,584597.1
2014-09-01,2014,9,Southwest Monsoon,Southwest Monsoon,0,Kasaragod,Indian Mackerel,Rastrelliger kanagurta,3.2,Intermediate Predator,584597.1,1412,20040,414.02,27.89,281.5,6.0,1.88,8.88,5.07,1.121,1760.62,218.64,0.1247,-440.953,1.5,-1.0,-1.8369701987210297e-16,326.57,456.4,756.22,572.51,513.0633333333334,220.35841402890279,371.0366666666667,-0.28446537501171393,-0.1328571428571408,31.521428571428572,27.15,11.02,6.31,1720.0,-0.17906976640075717,226.47,276295.1
2014-10-01,2014,10,Post-Monsoon,Post-Monsoon,0,Kasaragod,Indian Mackerel,Rastrelliger kanagurta,3.2,Intermediate Predator,276295.1,1220,15368,226.47,28.72,355.1,3.9,1.19,1.1,1.49,0.968,414.41,133.14,0.3229,-48.797,0.911,-0.8660254037844386,0.5000000000000001,414.02,326.57,456.4,236.97,398.99666666666667,66.20598638592605,393.5816666666667,0.2677833154367114,-0.07857142857142918,52.542857142857144,27.89,8.88,5.07,1412.0,-0.1359773361474693,217.72,275635.5
2014-11-01,2014,11,Post-Monsoon,Post-Monsoon,0,Kasaragod,Indian Mackerel,Rastrelliger kanagurta,3.2,Intermediate Predator,275635.5,1266,13548,217.72,28.96,190.7,3.2,1.03,0.73,1.19,1.005,530.82,129.19,0.2448,-67.254,0.746,-0.5000000000000004,0.8660254037844384,226.47,414.02,326.57,315.85,322.3533333333333,93.84607521539455,399.87833333333333,-0.4529974287957725,-0.055714285714287826,22.542857142857144,28.72,1.1,1.49,1220.0,0.037704917723730184,263.38,389014.3
2014-12-01,2014,12,Winter / Post-Monsoon,Northeast/Dry,0,Kasaragod,Indian Mackerel,Rastrelliger kanagurta,3.2,Intermediate Predator,389014.3,1477,19454,263.38,28.65,30.7,3.1,1.4,1.27,0.95,1.172,683.49,143.44,0.211,-108.216,0.831,-2.4492935982947064e-16,1.0,217.72,226.47,414.02,254.68,286.07,110.89428524500342,399.5666666666666,-0.038636462284785525,0.1514285714285677,-4.678571428571427,28.96,0.73,1.19,1266.0,0.16666666535018432,129.06,199918.1
2015-01-01,2015,1,Winter / Post-Monsoon,Northeast/Dry,0,Kasaragod,Indian Mackerel,Rastrelliger kanagurta,3.2,Intermediate Predator,199918.1,1549,16619,129.06,29.02,8.2,3.0,0.9,0.88,0.8,1.229,205.68,71.25,0.3496,-8.545,0.453,0.49999999999999994,0.8660254037844387,263.38,217.72,226.47,275.04,235.85666666666665,24.234088250510922,317.4266666666667,0.20971889538311153,0.7435714285714283,-0.257142857142858,28.65,1.27,0.95,1477.0,0.04874746073969221,123.0,193348.6
2015-02-01,2015,2,Winter / Post-Monsoon,Northeast/Dry,0,Kasaragod,Indian Mackerel,Rastrelliger kanagurta,3.2,Intermediate Predator,193348.6,1572,19625,123.0,29.64,7.2,3.4,1.03,1.17,0.81,1.248,184.0,67.22,0.3688,-6.501,0.414,0.8660254037844386,0.5000000000000001,129.06,263.38,217.72,230.12,203.38666666666666,68.29750312664126,262.87,-0.5099855528139741,0.9885714285714293,-3.4571428571428564,29.02,0.88,0.8,1549.0,0.014848289122993614,104.01,173378.1
2015-03-01,2015,3,Pre-Monsoon / Summer,Pre-Monsoon,0,Kasaragod,Indian Mackerel,Rastrelliger kanagurta,3.2,Intermediate Predator,173378.1,1667,23719,104.01,29.9,21.0,4.6,1.43,1.96,1.08,1.323,206.87,67.24,0.3283,-7.5,0.344,1.0,6.123233995736766e-17,123.0,129.06,263.38,278.75,171.81333333333336,79.3569261837528,228.9416666666667,-0.04695490105726787,0.3642857142857139,-3.7357142857142875,29.64,1.17,0.81,1572.0,0.0604325695901236,72.78,112367.3
2015-04-01,2015,4,Pre-Monsoon / Summer,Pre-Monsoon,0,Kasaragod,Indian Mackerel,Rastrelliger kanagurta,3.2,Intermediate Predator,112367.3,1544,21353,72.78,30.71,82.4,4.8,1.21,1.75,1.02,1.225,88.14,44.7,0.5127,-0.258,0.249,0.8660254037844387,-0.4999999999999998,104.01,123.0,129.06,188.69,118.69,13.069341988037959,177.27333333333334,-0.15439023135038765,0.4085714285714275,-7.007142857142853,29.9,1.96,1.08,1667.0,-0.07378524250878679,93.51,141474.5
2015-05-01,2015,5,Pre-Monsoon / Summer,Pre-Monsoon,0,Kasaragod,Indian Mackerel,Rastrelliger kanagurta,3.2,Intermediate Predator,141474.5,1513,20432,93.51,30.46,286.9,5.5,1.76,1.95,1.51,1.201,85.98,57.37,0.6711,-1.248,0.351,0.49999999999999994,-0.8660254037844387,72.78,104.01,123.0,219.59,99.93,25.357383540111208,151.65833333333333,-0.3002595615556618,0.33000000000000185,25.8428571428571,30.71,1.75,1.02,1544.0,-0.02007772007721684,416.18,157317.1
2015-06-01,2015,6,Southwest Monsoon,Southwest Monsoon,1,Kasaragod,Indian Mackerel,Rastrelliger kanagurta,3.2,Intermediate Predator,157317.1,378,4485,416.18,28.75,597.7,7.7,3.13,11.54,6.84,0.3,1337.31,217.92,0.1636,-292.717,1.375,1.2246467991473532e-16,-1.0,93.51,72.78,104.01,756.22,90.10000000000001,15.89179977221927,130.95666666666668,0.2848309583909098,0.15928571428571558,-72.0214285714286,30.46,1.95,1.51,1513.0,-0.7501652296750481,427.8,143739.7
2015-07-01,2015,7,Southwest Monsoon,Southwest Monsoon,1,Kasaragod,Indian Mackerel,Rastrelliger kanagurta,3.2,Intermediate Predator,143739.7,336,3286,427.8,28.75,662.2,7.9,3.45,11.82,7.02,0.267,1383.83,227.4,0.1649,-317.16,1.361,-0.4999999999999997,-0.8660254037844388,416.18,93.51,72.78,456.4,194.15666666666667,192.55701398114167,156.42333333333332,3.45064662061313,1.0657142857142858,54.250000000000114,28.75,11.54,6.84,378.0,-0.11111110817166381,350.55,545809.2
2015-08-01,2015,8,Southwest Monsoon,Southwest Monsoon,0,Kasaragod,Indian Mackerel,Rastrelliger kanagurta,3.2,Intermediate Predator,545809.2,1557,17658,350.55,28.29,360.8,7.1,3.14,10.16,5.72,1.236,1171.01,188.84,0.162,-221.554,1.197,-0.8660254037844385,-0.5000000000000004,427.8,416.18,93.51,326.57,312.49666666666667,189.7369922638533,206.21333333333337,0.027920610603089768,0.9128571428571455,-56.214285714285666,28.75,11.82,7.02,336.0,3.633928463275939,228.26,288744.8
2015-09-01,2015,9,Southwest Monsoon,Southwest Monsoon,0,Kasaragod,Indian Mackerel,Rastrelliger kanagurta,3.2,Intermediate Predator,288744.8,1265,16901,228.26,28.22,157.4,5.6,1.98,8.25,4.45,1.004,931.63,127.84,0.1381,-116.206,0.837,-1.0,-1.8369701987210297e-16,350.55,427.8,416.18,414.02,398.1766666666667,41.65309872426638,244.13833333333335,-0.1805750308420984,0.1971428571428575,-92.57857142857142,28.29,10.16,5.72,1557.0,-0.18754014009287,105.82,145921.2
2015-10-01,2015,10,Post-Monsoon,Post-Monsoon,0,Kasaragod,Indian Mackerel,Rastrelliger kanagurta,3.2,Intermediate Predator,145921.2,1379,17881,105.82,29.74,336.7,3.8,1.21,0.92,1.24,1.094,153.83,68.4,0.4482,-4.923,0.337,-0.8660254037844386,0.5000000000000001,228.26,350.55,427.8,226.47,335.53666666666663,100.61363244279335,264.8466666666667,-0.34885179435596086,0.9414285714285704,34.14285714285711,28.22,8.25,4.45,1265.0,0.090118576362699,98.82,173825.3
2015-11-01,2015,11,Post-Monsoon,Post-Monsoon,0,Kasaragod,Indian Mackerel,Rastrelliger kanagurta,3.2,Intermediate Predator,173825.3,1759,19068,98.82,29.69,164.8,3.9,1.04,0.67,1.02,1.396,204.22,63.55,0.3145,-6.658,0.347,-0.5000000000000004,0.8660254037844384,105.82,228.26,350.55,217.72,228.21,122.3650076615053,270.35333333333335,-0.5364058294749046,0.6742857142857126,-3.357142857142833,29.74,0.92,1.24,1379.0,0.27556199945205223,125.45,180141.1
2015-12-01,2015,12,Winter / Post-Monsoon,Northeast/Dry,0,Kasaragod,Indian Mackerel,Rastrelliger kanagurta,3.2,Intermediate Predator,180141.1,1436,15822,125.45,29.24,30.8,3.9,1.35,1.33,1.01,1.14,220.13,74.1,0.3396,-9.837,0.417,-2.4492935982947064e-16,1.0,98.82,105.82,228.26,263.38,144.29999999999998,72.7956811905782,271.23833333333334,-0.06615005989887925,0.7414285714285676,-4.578571428571426,29.69,0.67,1.02,1759.0,-0.18362705978608834,86.29,116319.3
2016-01-01,2016,1,Winter / Post-Monsoon,Northeast/Dry,0,Kasaragod,Indian Mackerel,Rastrelliger kanagurta,3.2,Intermediate Predator,116319.3,1348,13436,86.29,28.92,10.5,4.4,1.39,0.9,0.9,1.07,194.0,54.2,0.2831,-4.434,0.317,0.49999999999999994,0.8660254037844387,125.45,98.82,105.82,129.06,110.02999999999999,13.805154834348022,222.78333333333333,0.2694798351062706,0.6435714285714305,2.0428571428571427,29.24,1.33,1.01,1436.0,-0.061281336620603505,129.21,201689.4
2016-02-01,2016,2,Winter / Post-Monsoon,Northeast/Dry,0,Kasaragod,Indian Mackerel,Rastrelliger kanagurta,3.2,Intermediate Predator,201689.4,1561,19688,129.21,29.46,11.0,3.8,0.71,1.82,1.22,1.239,128.98,75.85,0.5912,-4.812,0.422,0.8660254037844386,0.5000000000000001,86.29,125.45,98.82,123.0,103.52,19.998597450829564,165.865,-0.31215621266192,0.8085714285714296,0.3428571428571434,28.92,0.9,0.9,1348.0,0.15801186826400693,52.97,88301.5
2016-03-01,2016,3,Pre-Monsoon / Summer,Pre-Monsoon,0,Kasaragod,Indian Mackerel,Rastrelliger kanagurta,3.2,Intermediate Predator,88301.5,1667,19891,52.97,30.34,24.9,3.2,1.25,1.08,0.72,1.323,83.12,33.37,0.4086,0.686,0.195,1.0,6.123233995736766e-17,129.21,86.29,125.45,104.01,113.65000000000002,23.76892088422021,128.975,0.49739245597491527,0.8042857142857152,0.16428571428571104,29.46,1.82,1.22,1561.0,0.06790518854641135,45.58,66864.3
2016-04-01,2016,4,Pre-Monsoon / Summer,Pre-Monsoon,0,Kasaragod,Indian Mackerel,Rastrelliger kanagurta,3.2,Intermediate Predator,66864.3,1467,15004,45.58,30.77,112.4,4.8,1.11,0.83,0.61,1.164,99.81,29.62,0.3037,0.999,0.15,0.8660254037844387,-0.4999999999999998,52.97,129.21,86.29,72.78,89.49000000000001,38.220601774440134,99.75999999999999,-0.590047164302518,0.4685714285714262,22.992857142857147,30.34,1.08,0.72,1667.0,-0.11997600407932811,67.45,100365.5
2016-05-01,2016,5,Pre-Monsoon / Summer,Pre-Monsoon,0,Kasaragod,Indian Mackerel,Rastrelliger kanagurta,3.2,Intermediate Predator,100365.5,1488,17746,67.45,30.76,262.9,4.8,1.6,1.27,1.11,1.181,113.66,35.3,0.3166,0.492,0.276,0.49999999999999994,-0.8660254037844387,45.58,52.97,129.21,93.51,75.92,46.29817598999279,89.72000000000001,-0.1395129055101179,0.6300000000000026,1.842857142857099,30.77,0.83,0.61,1467.0,0.014314928327778267,312.41,93099.6
2016-06-01,2016,6,Southwest Monsoon,Southwest Monsoon,1,Kasaragod,Indian Mackerel,Rastrelliger kanagurta,3.2,Intermediate Predator,93099.6,298,3421,312.41,29.39,849.2,7.9,3.17,11.56,7.31,0.237,712.59,176.89,0.2493,-108.89,1.085,1.2246467991473532e-16,-1.0,67.45,45.58,52.97,416.18,55.333333333333336,11.124892508860079,84.49166666666667,0.47981560337525164,0.7992857142857162,179.4785714285714,30.76,1.27,1.11,1488.0,-0.7997311774211615,268.55,90232.8
2016-07-01,2016,7,Southwest Monsoon,Southwest Monsoon,1,Kasaragod,Indian Mackerel,Rastrelliger kanagurta,3.2,Intermediate Predator,90232.8,336,4817,268.55,27.91,589.9,8.5,3.21,12.81,7.35,0.267,1187.2,137.94,0.1169,-155.469,0.909,-0.4999999999999997,-0.8660254037844388,312.41,67.45,45.58,427.8,141.81333333333336,148.14516945663007,115.65166666666669,3.631726666904868,0.22571428571428598,-18.049999999999955,29.39,11.56,7.31,298.0,0.12751677424440355,229.46,385949.2
2016-08-01,2016,8,Southwest Monsoon,Southwest Monsoon,0,Kasaragod,Indian Mackerel,Rastrelliger kanagurta,3.2,Intermediate Predator,385949.2,1682,17478,229.46,27.83,580.7,7.4,2.58,11.52,6.65,1.335,915.11,120.52,0.1326,-97.076,0.862,-0.8660254037844385,-0.5000000000000004,268.55,312.41,67.45,350.55,216.13666666666668,130.6205134476725,146.02833333333334,-0.14039242852685807,0.4528571428571446,163.68571428571437,27.91,12.81,7.35,336.0,4.005952261727612,237.73,352322.6
2016-09-01,2016,9,Southwest Monsoon,Southwest Monsoon,0,Kasaragod,Indian Mackerel,Rastrelliger kanagurta,3.2,Intermediate Predator,352322.6,1482,21409,237.73,28.91,229.6,5.5,2.1,8.61,4.65,1.176,744.44,123.79,0.1674,-82.098,0.774,-1.0,-1.8369701987210297e-16,229.46,268.55,312.41,228.26,270.14,41.49785175162945,162.73666666666668,-0.1455594807090121,0.8871428571428588,-20.378571428571433,27.83,11.52,6.65,1682.0,-0.11890606350234208,78.17,113196.9
2016-10-01,2016,10,Post-Monsoon,Post-Monsoon,0,Kasaragod,Indian Mackerel,Rastrelliger kanagurta,3.2,Intermediate Predator,113196.9,1448,20835,78.17,29.49,345.5,4.2,1.19,0.78,1.41,1.149,141.72,50.3,0.3594,-1.75,0.279,-0.8660254037844386,0.5000000000000001,237.73,229.46,268.55,105.82,245.24666666666667,20.600539636950362,193.53,0.03604113849729189,0.6914285714285704,42.94285714285712,28.91,8.61,4.65,1482.0,-0.022941970155587247,126.39,223701.5
2016-11-01,2016,11,Post-Monsoon,Post-Monsoon,0,Kasaragod,Indian Mackerel,Rastrelliger kanagurta,3.2,Intermediate Predator,223701.5,1770,25307,126.39,29.58,126.2,3.5,1.23,1.56,1.22,1.405,190.22,71.17,0.3774,-7.242,0.453,-0.5000000000000004,0.8660254037844384,78.17,237.73,229.46,98.82,181.78666666666666,89.82988608104544,198.96166666666667,-0.6711815643300566,0.5642857142857096,-41.95714285714284,29.49,0.78,1.41,1448.0,0.2223756890719911,101.41,133967.7
2016-12-01,2016,12,Winter / Post-Monsoon,Northeast/Dry,0,Kasaragod,Indian Mackerel,Rastrelliger kanagurta,3.2,Intermediate Predator,133967.7,1321,17427,101.41,28.77,38.4,3.1,0.77,1.57,1.13,1.048,291.47,59.77,0.2078,-10.561,0.337,-2.4492935982947064e-16,1.0,126.39,78.17,237.73,125.45,147.42999999999998,81.83434242419432,208.785,0.6168606093308674,0.2714285714285687,3.0214285714285722,29.58,1.56,1.22,1770.0,-0.2536723149510039,162.67,263206.8
2017-01-01,2017,1,Winter / Post-Monsoon,Northeast/Dry,0,Kasaragod,Indian Mackerel,Rastrelliger kanagurta,3.2,Intermediate Predator,263206.8,1618,17965,162.67,28.0,8.8,4.8,0.85,1.34,1.04,1.284,434.38,88.66,0.2059,-34.307,0.639,0.49999999999999994,0.8660254037844387,101.41,126.39,78.17,86.29,101.99000000000001,24.115231701153526,173.61833333333334,-0.19764220289245965,-0.27642857142857125,0.3428571428571434,28.77,1.57,1.13,1321.0,0.22482967278705773,126.91,210287.7
2017-02-01,2017,2,Winter / Post-Monsoon,Northeast/Dry,0,Kasaragod,Indian Mackerel,Rastrelliger kanagurta,3.2,Intermediate Predator,210287.7,1657,20988,126.91,28.0,9.5,3.0,1.03,1.0,0.86,1.315,418.65,71.78,0.1734,-26.146,0.411,0.8660254037844386,0.5000000000000001,162.67,101.41,126.39,129.21,130.15666666666667,30.803209789462453,155.97166666666666,0.6040823780611005,-0.6514285714285712,-1.1571428571428566,28.0,1.34,1.04,1618.0,0.024103831742250732,143.24,233190.6
2017-03-01,2017,3,Pre-Monsoon / Summer,Pre-Monsoon,0,Kasaragod,Indian Mackerel,Rastrelliger kanagurta,3.2,Intermediate Predator,233190.6,1628,20344,143.24,29.51,26.0,2.9,1.4,0.69,0.59,1.292,255.51,88.38,0.3484,-16.626,0.564,1.0,6.123233995736766e-17,126.91,162.67,101.41,52.97,130.33,30.772864670035222,138.88,-0.21983154731471397,-0.025714285714283136,1.2642857142857125,28.0,1.0,0.86,1657.0,-0.017501508645132717,96.33,131015.2
2017-04-01,2017,4,Pre-Monsoon / Summer,Pre-Monsoon,0,Kasaragod,Indian Mackerel,Rastrelliger kanagurta,3.2,Intermediate Predator,131015.2,1360,14136,96.33,30.32,91.4,4.9,1.34,1.15,0.84,1.079,140.98,67.29,0.481,-4.378,0.377,0.8660254037844387,-0.4999999999999998,143.24,126.91,162.67,45.58,144.27333333333334,17.902380661063674,123.13166666666666,0.12867385322875644,0.018571428571426907,1.9928571428571473,29.51,0.69,0.59,1628.0,-0.1646191636079904,227.55,343820.8
2017-05-01,2017,5,Pre-Monsoon / Summer,Pre-Monsoon,0,Kasaragod,Indian Mackerel,Rastrelliger kanagurta,3.2,Intermediate Predator,343820.8,1511,21408,227.55,30.15,279.4,5.4,1.68,2.27,1.8,1.199,208.08,123.65,0.5962,-18.708,0.736,0.49999999999999994,-0.8660254037844387,96.33,143.24,126.91,67.45,122.16000000000001,23.812998551217948,126.15833333333332,-0.32749229771765587,0.019999999999999574,18.3428571428571,30.32,1.15,0.84,1360.0,0.11102941094831316,493.15,115890.4
2017-06-01,2017,6,Southwest Monsoon,Southwest Monsoon,1,Kasaragod,Indian Mackerel,Rastrelliger kanagurta,3.2,Intermediate Predator,115890.4,235,2727,493.15,28.32,699.7,7.4,3.31,10.54,6.43,0.187,1681.39,273.03,0.1629,-487.424,1.734,1.2246467991473532e-16,-1.0,227.55,96.33,143.24,312.41,155.70666666666668,66.49237124162154,143.01833333333335,1.3621923219980983,-0.27071428571428413,29.9785714285714,30.15,2.27,1.8,1511.0,-0.8444738527830983,470.08,127392.7
2017-07-01,2017,7,Southwest Monsoon,Southwest Monsoon,1,Kasaragod,Indian Mackerel,Rastrelliger kanagurta,3.2,Intermediate Predator,127392.7,271,3168,470.08,27.31,754.8,8.0,3.63,11.98,7.23,0.215,1845.33,232.98,0.1267,-462.484,1.441,-0.4999999999999997,-0.8660254037844388,493.15,227.55,96.33,268.55,272.3433333333333,202.1666642484204,208.3083333333333,1.167215945189367,-0.37428571428571544,146.85000000000002,28.32,10.54,6.43,235.0,0.15319148284291562,358.6,468329.0
2017-08-01,2017,8,Southwest Monsoon,Southwest Monsoon,0,Kasaragod,Indian Mackerel,Rastrelliger kanagurta,3.2,Intermediate Predator,468329.0,1306,16225,358.6,27.17,374.5,6.9,2.58,10.15,5.8,1.037,1243.59,178.13,0.1439,-225.244,1.112,-0.8660254037844385,-0.5000000000000004,470.08,493.15,227.55,229.46,396.9266666666667,147.13734275612518,259.5433333333333,-0.04678089735818924,-0.20714285714285197,-42.51428571428568,27.31,11.98,7.23,271.0,3.8191880509524707,247.44,425852.2
2017-09-01,2017,9,Southwest Monsoon,Southwest Monsoon,0,Kasaragod,Indian Mackerel,Rastrelliger kanagurta,3.2,Intermediate Predator,425852.2,1721,23846,247.44,27.51,259.9,4.6,1.83,6.63,3.98,1.366,928.21,129.74,0.1407,-120.303,1.012,-1.0,-1.8369701987210297e-16,358.6,470.08,493.15,237.73,440.60999999999996,71.95336197843785,298.15833333333336,-0.23715111816816029,-0.5128571428571398,9.92142857142855,27.17,10.15,5.8,1306.0,0.3177641629573954,244.61,385986.7
2017-10-01,2017,10,Post-Monsoon,Post-Monsoon,0,Kasaragod,Indian Mackerel,Rastrelliger kanagurta,3.2,Intermediate Predator,385986.7,1578,18681,244.61,28.83,351.2,4.0,1.19,1.26,1.85,1.252,572.56,130.17,0.2287,-71.249,0.765,-0.8660254037844386,0.5000000000000001,247.44,358.6,470.08,78.17,358.70666666666665,111.32003832793754,315.52500000000003,-0.30998325962121426,0.03142857142857025,48.64285714285711,27.51,6.63,3.98,1721.0,-0.08309122554856929,204.64,289355.3
2017-11-01,2017,11,Post-Monsoon,Post-Monsoon,0,Kasaragod,Indian Mackerel,Rastrelliger kanagurta,3.2,Intermediate Predator,289355.3,1414,16569,204.64,28.83,165.9,3.6,0.81,1.56,1.44,1.122,432.43,123.41,0.287,-47.538,0.728,-0.5000000000000004,0.8660254037844384,244.61,247.44,358.6,126.39,283.55,65.010607595993,340.23833333333334,-0.01143711560632407,-0.18571428571429038,-2.2571428571428385,28.83,1.26,1.85,1578.0,-0.10392902342250303,211.83,336803.3
2017-12-01,2017,12,Winter / Post-Monsoon,Northeast/Dry,0,Kasaragod,Indian Mackerel,Rastrelliger kanagurta,3.2,Intermediate Predator,336803.3,1590,16866,211.83,28.38,35.8,4.1,1.03,1.28,0.89,1.262,293.41,120.52,0.4128,-28.99,0.696,-2.4492935982947064e-16,1.0,204.64,244.61,247.44,101.41,232.23000000000002,23.935502919307922,336.42,-0.16340296130971918,-0.11857142857143188,0.4214285714285708,28.83,1.56,1.44,1414.0,0.12446958893585863,182.12,283380.5
2018-01-01,2018,1,Winter / Post-Monsoon,Northeast/Dry,0,Kasaragod,Indian Mackerel,Rastrelliger kanagurta,3.2,Intermediate Predator,283380.5,1556,18447,182.12,28.27,10.0,2.7,1.2,1.45,1.1,1.235,504.82,101.4,0.2024,-49.257,0.649,0.49999999999999994,0.8660254037844387,211.83,204.64,244.61,162.67,220.36,21.306592876389267,289.53333333333336,0.03513486927605226,-0.006428571428571672,1.5428571428571427,28.38,1.28,0.89,1590.0,-0.02138364766425379,194.87,339265.0
2018-02-01,2018,2,Winter / Post-Monsoon,Northeast/Dry,0,Kasaragod,Indian Mackerel,Rastrelliger kanagurta,3.2,Intermediate Predator,339265.0,1741,23223,194.87,28.61,10.6,3.6,1.21,1.27,1.09,1.382,364.94,109.22,0.3012,-33.823,0.618,0.8660254037844386,0.5000000000000001,182.12,211.83,204.64,126.91,199.53,15.500164515262703,241.53999999999996,-0.1402539706248421,-0.041428571428571814,-0.05714285714285694,28.27,1.45,1.1,1556.0,0.11889460077831233,170.53,227993.4
2018-03-01,2018,3,Pre-Monsoon / Summer,Pre-Monsoon,0,Kasaragod,Indian Mackerel,Rastrelliger kanagurta,3.2,Intermediate Predator,227993.4,1337,13526,170.53,29.04,28.4,3.3,1.28,0.59,0.84,1.061,345.54,101.99,0.2972,-29.625,0.613,1.0,6.123233995736766e-17,194.87,182.12,211.83,143.24,196.27333333333334,14.904631271304357,214.25166666666667,0.07000878157210731,-0.49571428571428555,3.664285714285711,28.61,1.27,1.09,1741.0,-0.23205054433055403,93.25,163940.7
2018-04-01,2018,4,Pre-Monsoon / Summer,Pre-Monsoon,0,Kasaragod,Indian Mackerel,Rastrelliger kanagurta,3.2,Intermediate Predator,163940.7,1758,23025,93.25,30.26,81.9,4.3,1.2,0.71,0.76,1.395,99.58,62.24,0.6288,-2.208,0.342,0.8660254037844387,-0.4999999999999998,170.53,194.87,182.12,96.33,182.50666666666666,12.174606085354394,201.4333333333333,-0.12490377559892363,-0.041428571428571814,-7.507142857142853,29.04,0.59,0.84,1337.0,0.31488406645561656,114.41,164295.5
2018-05-01,2018,5,Pre-Monsoon / Summer,Pre-Monsoon,0,Kasaragod,Indian Mackerel,Rastrelliger kanagurta,3.2,Intermediate Predator,164295.5,1436,16191,114.41,30.11,262.5,5.3,2.23,1.57,1.43,1.14,231.66,76.28,0.3322,-10.631,0.336,0.49999999999999994,-0.8660254037844387,93.25,170.53,194.87,227.55,152.88333333333333,53.05855004929514,176.20666666666668,-0.4531753677842393,-0.019999999999999574,1.4428571428571217,30.26,0.71,0.76,1758.0,-0.18316268382728848,533.2,178622.7
2018-06-01,2018,6,Southwest Monsoon,Southwest Monsoon,1,Kasaragod,Indian Mackerel,Rastrelliger kanagurta,3.2,Intermediate Predator,178622.7,335,3257,533.2,28.5,809.8,8.3,3.6,12.39,7.72,0.266,1844.8,287.93,0.1565,-557.985,1.939,1.2246467991473532e-16,-1.0,114.41,93.25,170.53,493.15,126.06333333333332,39.936195779437554,161.16833333333332,0.22691686574618058,-0.09071428571428442,140.0785714285713,30.11,1.57,1.43,1436.0,-0.7667130865827779,394.11,117839.0
2018-07-01,2018,7,Southwest Monsoon,Southwest Monsoon,1,Kasaragod,Indian Mackerel,Rastrelliger kanagurta,3.2,Intermediate Predator,117839.0,299,2858,394.11,27.37,723.8,8.4,3.15,12.79,7.59,0.237,1901.76,194.7,0.1029,-403.254,1.282,-0.4999999999999997,-0.8660254037844388,533.2,114.41,93.25,470.08,246.95333333333335,248.1225544631796,214.73000000000002,3.6604314604989554,-0.31428571428571317,115.85000000000002,28.5,12.39,7.72,335.0,-0.1074626833593229,375.21,571822.9
2018-08-01,2018,8,Southwest Monsoon,Southwest Monsoon,0,Kasaragod,Indian Mackerel,Rastrelliger kanagurta,3.2,Intermediate Predator,571822.9,1524,16114,375.21,27.42,371.4,7.8,2.58,10.79,6.05,1.21,1522.97,184.0,0.1214,-300.187,1.272,-0.8660254037844385,-0.5000000000000004,394.11,533.2,114.41,358.6,347.24,213.29290588296686,250.06166666666664,-0.26085895984885676,0.042857142857148034,-45.6142857142857,27.37,12.79,7.59,299.0,4.096989829532113,333.9,464452.5
2018-09-01,2018,9,Southwest Monsoon,Southwest Monsoon,0,Kasaragod,Indian Mackerel,Rastrelliger kanagurta,3.2,Intermediate Predator,464452.5,1391,16289,333.9,27.8,240.5,6.3,2.6,9.52,5.12,1.104,1369.86,176.72,0.1296,-260.25,1.206,-1.0,-1.8369701987210297e-16,375.21,394.11,533.2,247.44,434.17333333333335,86.27869397095354,280.11833333333334,-0.047956153156323116,-0.22285714285714064,-9.478571428571428,27.42,10.79,6.05,1524.0,-0.08727034063470905,198.27,319817.3
2018-10-01,2018,10,Post-Monsoon,Post-Monsoon,0,Kasaragod,Indian Mackerel,Rastrelliger kanagurta,3.2,Intermediate Predator,319817.3,1613,23115,198.27,28.71,262.1,4.3,1.09,1.58,1.63,1.28,471.46,116.35,0.2484,-49.284,0.688,-0.8660254037844386,0.5000000000000001,333.9,375.21,394.11,244.61,367.74,30.792234410645516,307.34666666666664,-0.11009834199252842,-0.08857142857142719,-40.457142857142856,27.8,9.52,5.12,1391.0,0.15959741078650316,215.11,316636.8
2018-11-01,2018,11,Post-Monsoon,Post-Monsoon,0,Kasaragod,Indian Mackerel,Rastrelliger kanagurta,3.2,Intermediate Predator,316636.8,1472,18334,215.11,29.05,194.9,4.2,0.85,1.39,1.5,1.168,533.86,116.98,0.2206,-59.508,0.677,-0.5000000000000004,0.8660254037844384,198.27,333.9,375.21,204.64,302.46,92.56509115211935,324.84999999999997,-0.40619944875113956,0.03428571428571203,26.74285714285716,28.71,1.58,1.63,1613.0,-0.08741475457275416,198.82,282130.5
2018-12-01,2018,12,Winter / Post-Monsoon,Northeast/Dry,0,Kasaragod,Indian Mackerel,Rastrelliger kanagurta,3.2,Intermediate Predator,282130.5,1419,14801,198.82,28.57,36.0,3.8,1.29,1.15,1.05,1.126,481.13,110.77,0.2318,-50.672,0.654,-2.4492935982947064e-16,1.0,215.11,198.27,333.9,211.83,249.09333333333336,73.92580356907544,341.63333333333327,0.08493468074168152,0.0714285714285694,0.6214285714285737,29.05,1.39,1.5,1472.0,-0.03600543453800656,81.49,140159.8
2019-01-01,2019,1,Winter / Post-Monsoon,Northeast/Dry,0,Kasaragod,Indian Mackerel,Rastrelliger kanagurta,3.2,Intermediate Predator,140159.8,1720,23460,81.49,28.24,9.3,3.2,0.85,0.38,0.53,1.365,302.54,55.23,0.1852,-11.306,0.301,0.49999999999999994,0.8660254037844387,198.82,215.11,198.27,182.12,204.0666666666667,9.56776010012551,285.9033333333333,-0.07572869342528513,-0.03642857142857281,0.8428571428571434,28.57,1.15,1.05,1419.0,0.21212121062634806,115.6,170970.3
2019-02-01,2019,2,Winter / Post-Monsoon,Northeast/Dry,0,Kasaragod,Indian Mackerel,Rastrelliger kanagurta,3.2,Intermediate Predator,170970.3,1479,18268,115.6,28.35,10.7,3.2,0.5,1.0,0.82,1.174,336.64,70.44,0.2116,-18.006,0.366,0.8660254037844386,0.5000000000000001,81.49,198.82,215.11,194.87,165.14000000000001,72.89947119149934,233.79999999999998,-0.5901317478054648,-0.3014285714285698,0.042857142857142705,28.24,0.38,0.53,1720.0,-0.14011627825513792,138.95,236488.5
2019-03-01,2019,3,Pre-Monsoon / Summer,Pre-Monsoon,0,Kasaragod,Indian Mackerel,Rastrelliger kanagurta,3.2,Intermediate Predator,236488.5,1702,17245,138.95,29.51,23.6,4.0,1.27,1.01,0.82,1.351,177.47,74.09,0.4207,-7.367,0.454,1.0,6.123233995736766e-17,115.6,81.49,198.82,170.53,131.97,60.35366517453816,190.53166666666664,0.4185789153787072,-0.025714285714283136,-1.1357142857142861,28.35,1.0,0.82,1479.0,0.1507775513808144,40.31,86016.8
2019-04-01,2019,4,Pre-Monsoon / Summer,Pre-Monsoon,0,Kasaragod,Indian Mackerel,Rastrelliger kanagurta,3.2,Intermediate Predator,86016.8,2134,25877,40.31,30.4,119.2,3.7,1.13,1.21,0.89,1.694,80.84,40.13,0.5026,0.168,0.15,0.8660254037844387,-0.4999999999999998,138.95,115.6,81.49,93.25,112.01333333333332,28.897422607104666,158.03999999999996,0.20198960190401363,0.0985714285714252,29.792857142857144,29.51,1.01,0.82,1702.0,0.25381903493643343,108.77,216660.5
2019-05-01,2019,5,Pre-Monsoon / Summer,Pre-Monsoon,0,Kasaragod,Indian Mackerel,Rastrelliger kanagurta,3.2,Intermediate Predator,216660.5,1992,24200,108.77,30.02,249.7,4.9,2.33,1.41,1.37,1.581,97.02,65.94,0.6829,-2.354,0.369,0.49999999999999994,-0.8660254037844387,40.31,138.95,115.6,114.41,98.28666666666668,51.548773344606474,131.7133333333333,-0.7098955948257938,-0.10999999999999943,-11.35714285714289,30.4,1.21,0.89,2134.0,-0.06654170540514665,531.05,156659.5
2019-06-01,2019,6,Southwest Monsoon,Southwest Monsoon,1,Kasaragod,Indian Mackerel,Rastrelliger kanagurta,3.2,Intermediate Predator,156659.5,295,3456,531.05,28.94,709.7,7.6,3.51,11.95,7.12,0.234,1272.44,272.73,0.215,-343.407,1.542,1.2246467991473532e-16,-1.0,108.77,40.31,138.95,533.2,96.01,50.542809577627146,113.98999999999997,1.6983374600998606,0.34928571428571686,39.9785714285714,30.02,1.41,1.37,1992.0,-0.8519076262454437,347.25,127787.0
2019-07-01,2019,7,Southwest Monsoon,Southwest Monsoon,1,Kasaragod,Indian Mackerel,Rastrelliger kanagurta,3.2,Intermediate Predator,127787.0,368,3713,347.25,27.38,552.8,7.6,3.78,11.7,6.77,0.292,1344.88,172.15,0.1287,-233.7,1.103,-0.4999999999999997,-0.8660254037844388,531.05,108.77,40.31,394.11,226.71,265.77964481878627,169.36166666666665,3.8823201358536235,-0.30428571428571516,-55.14999999999998,28.94,11.95,7.12,295.0,0.24745761873025024,173.65,213760.7
2019-08-01,2019,8,Southwest Monsoon,Southwest Monsoon,0,Kasaragod,Indian Mackerel,Rastrelliger kanagurta,3.2,Intermediate Predator,213760.7,1231,17067,173.65,26.7,444.6,6.7,2.69,10.05,5.66,0.977,731.66,88.25,0.1218,-51.167,0.628,-0.8660254037844385,-0.5000000000000004,347.25,531.05,108.77,375.21,329.0233333333333,211.72920944766568,213.65499999999997,-0.3461067630899771,-0.6771428571428544,27.585714285714346,27.38,11.7,6.77,368.0,2.345108631926396,255.52,442813.5
2019-09-01,2019,9,Southwest Monsoon,Southwest Monsoon,0,Kasaragod,Indian Mackerel,Rastrelliger kanagurta,3.2,Intermediate Predator,442813.5,1733,25026,255.52,27.72,214.5,6.0,1.72,9.15,4.88,1.375,1138.57,130.2,0.1151,-153.005,0.811,-1.0,-1.8369701987210297e-16,173.65,347.25,531.05,333.9,350.65000000000003,178.72425688753088,223.33,-0.49992799136276483,-0.3028571428571425,-35.47857142857143,26.7,10.05,5.66,1231.0,0.4077985344614254,182.72,285406.3
2019-10-01,2019,10,Post-Monsoon,Post-Monsoon,0,Kasaragod,Indian Mackerel,Rastrelliger kanagurta,3.2,Intermediate Predator,285406.3,1562,15079,182.72,28.86,279.9,4.5,1.38,1.3,1.3,1.24,364.06,99.65,0.2757,-29.634,0.564,-0.8660254037844386,0.5000000000000001,255.52,173.65,347.25,198.27,258.8066666666667,86.84665585578713,242.75833333333333,0.4714655645571227,0.06142857142857139,-22.6571428571429,27.72,9.15,4.88,1733.0,-0.09867282112710432,107.9,199398.1
2019-11-01,2019,11,Post-Monsoon,Post-Monsoon,0,Kasaragod,Indian Mackerel,Rastrelliger kanagurta,3.2,Intermediate Predator,199398.1,1848,22986,107.9,28.63,168.1,4.0,0.89,1.09,1.17,1.467,330.33,65.43,0.2005,-14.91,0.369,-0.5000000000000004,0.8660254037844384,182.72,255.52,173.65,215.11,203.96333333333334,44.87910018408964,266.4933333333333,-0.28490919360875105,-0.3857142857142897,-0.057142857142849834,28.86,1.3,1.3,1562.0,0.1830985903770897,81.48,163777.1
2019-12-01,2019,12,Winter / Post-Monsoon,Northeast/Dry,0,Kasaragod,Indian Mackerel,Rastrelliger kanagurta,3.2,Intermediate Predator,163777.1,2010,23101,81.48,28.04,36.2,3.2,1.21,0.73,0.49,1.595,264.58,52.89,0.2029,-8.286,0.296,-2.4492935982947064e-16,1.0,107.9,182.72,255.52,198.82,182.0466666666667,73.81230340081228,266.3483333333333,-0.4094789618279902,-0.45857142857143174,0.8214285714285765,28.63,1.09,1.17,1848.0,0.08766233718797437,156.78,261503.0
2020-01-01,2020,1,Winter / Post-Monsoon,Northeast/Dry,0,Kasaragod,Indian Mackerel,Rastrelliger kanagurta,3.2,Intermediate Predator,261503.0,1668,18978,156.78,27.64,9.1,3.8,1.27,1.01,0.98,1.324,528.32,85.06,0.1626,-44.822,0.517,0.49999999999999994,0.8660254037844387,81.48,107.9,182.72,81.49,124.03333333333335,52.512833986879784,191.42,-0.24485632577791233,-0.6364285714285707,0.6428571428571423,28.04,0.73,0.49,2010.0,-0.1701492528848296,162.28,245846.9
2020-02-01,2020,2,Winter / Post-Monsoon,Northeast/Dry,0,Kasaragod,Indian Mackerel,Rastrelliger kanagurta,3.2,Intermediate Predator,245846.9,1515,21291,162.28,28.37,12.4,4.2,0.93,0.97,1.12,1.202,534.4,95.71,0.1806,-50.421,0.632,0.8660254037844386,0.5000000000000001,156.78,81.48,107.9,115.6,115.38666666666666,38.204189997088044,159.67499999999998,0.9241530530003615,-0.28142857142857025,1.7428571428571438,27.64,1.01,0.98,1668.0,-0.0917266181551162,169.42,93182.3
2020-03-01,2020,3,Pre-Monsoon / Summer,Pre-Monsoon,0,Kasaragod,Indian Mackerel,Rastrelliger kanagurta,3.2,Intermediate Predator,93182.3,550,7453,169.42,29.62,23.2,3.3,1.03,0.65,0.53,0.437,155.7,93.53,0.6033,-9.353,0.571,1.0,6.123233995736766e-17,162.28,156.78,81.48,138.95,133.51333333333332,45.146022342323704,157.78,0.03508100299266469,0.0842857142857163,-1.5357142857142883,28.37,0.97,1.12,1515.0,-0.6369636921652562,131.08,56231.3
2020-04-01,2020,4,Pre-Monsoon / Summer,Pre-Monsoon,0,Kasaragod,Indian Mackerel,Rastrelliger kanagurta,3.2,Intermediate Predator,56231.3,429,4929,131.08,30.09,81.4,3.7,1.11,0.99,0.94,0.34,175.54,79.61,0.4566,-8.131,0.49,0.8660254037844387,-0.4999999999999998,169.42,162.28,156.78,40.31,162.82666666666665,6.337707261586983,143.42999999999998,0.04399802538833949,-0.21142857142857352,-8.007142857142853,29.62,0.65,0.53,550.0,-0.2199999960000001,176.04,99286.3
2020-05-01,2020,5,Pre-Monsoon / Summer,Pre-Monsoon,0,Kasaragod,Indian Mackerel,Rastrelliger kanagurta,3.2,Intermediate Predator,99286.3,564,6621,176.04,29.6,302.9,5.7,2.1,1.67,1.88,0.448,442.78,108.2,0.2461,-40.835,0.549,0.49999999999999994,-0.8660254037844387,131.08,169.42,162.28,108.77,154.26,20.389438442493805,134.82333333333332,-0.22630148587525156,-0.5299999999999976,41.8428571428571,30.09,0.99,0.94,429.0,0.31468530734999284,619.08,176439.0
2020-06-01,2020,6,Southwest Monsoon,Southwest Monsoon,1,Kasaragod,Indian Mackerel,Rastrelliger kanagurta,3.2,Intermediate Predator,176439.0,285,3573,619.08,28.27,668.3,8.4,3.53,12.23,7.34,0.226,2321.5,326.64,0.1411,-837.675,2.031,1.2246467991473532e-16,-1.0,176.04,131.08,169.42,531.05,158.84666666666666,24.27337910826538,146.17999999999998,0.34299661710431645,-0.32071428571428484,-1.4214285714286916,29.6,1.67,1.88,564.0,-0.4946808422928929,369.01,115132.3
2020-07-01,2020,7,Southwest Monsoon,Southwest Monsoon,1,Kasaragod,Indian Mackerel,Rastrelliger kanagurta,3.2,Intermediate Predator,115132.3,312,4154,369.01,27.18,358.8,8.4,3.39,12.12,6.65,0.248,1674.0,185.31,0.1112,-335.406,1.303,-0.4999999999999997,-0.8660254037844388,619.08,176.04,131.08,347.25,308.73333333333335,269.7065822951555,235.77999999999997,2.5167006068677233,-0.5042857142857144,-249.14999999999992,28.27,12.23,7.34,285.0,0.09473683878116355,418.82,626560.5
2020-08-01,2020,8,Southwest Monsoon,Southwest Monsoon,0,Kasaragod,Indian Mackerel,Rastrelliger kanagurta,3.2,Intermediate Predator,626560.5,1496,19828,418.82,27.4,511.6,6.8,3.21,10.49,6.12,1.187,1559.89,200.14,0.1289,-334.254,1.424,-0.8660254037844385,-0.5000000000000004,369.01,619.08,176.04,173.65,388.04333333333335,222.13241824041225,271.15166666666664,-0.40393809517448326,0.022857142857144908,94.58571428571435,27.18,12.12,6.65,312.0,3.794871673241293,282.07,461754.6
2020-09-01,2020,9,Southwest Monsoon,Southwest Monsoon,0,Kasaragod,Indian Mackerel,Rastrelliger kanagurta,3.2,Intermediate Predator,461754.6,1637,21817,282.07,27.34,251.7,5.2,2.4,7.92,4.48,1.299,1267.98,153.07,0.1214,-211.294,1.066,-1.0,-1.8369701987210297e-16,418.82,369.01,619.08,255.52,468.97,132.36320523468765,313.90833333333336,0.13498278813628933,-0.6828571428571415,1.7214285714285609,27.4,10.49,6.12,1496.0,0.09425133626837343,237.44,375149.2
2020-10-01,2020,10,Post-Monsoon,Post-Monsoon,0,Kasaragod,Indian Mackerel,Rastrelliger kanagurta,3.2,Intermediate Predator,375149.2,1580,16079,237.44,28.52,238.6,2.9,1.39,0.95,1.25,1.254,469.16,127.62,0.2736,-55.838,0.784,-0.8660254037844386,0.5000000000000001,282.07,418.82,369.01,182.72,356.6333333333334,69.2100211915403,332.68333333333334,-0.32651257517519283,-0.27857142857142847,-63.957142857142884,27.34,7.92,4.48,1637.0,-0.03481979209028838,212.22,343802.0
2020-11-01,2020,11,Post-Monsoon,Post-Monsoon,0,Kasaragod,Indian Mackerel,Rastrelliger kanagurta,3.2,Intermediate Predator,343802.0,1620,20004,212.22,29.0,172.0,3.5,1.2,1.07,1.15,1.286,410.71,114.57,0.2807,-41.762,0.667,-0.5000000000000004,0.8660254037844384,237.44,282.07,418.82,107.9,312.77666666666664,94.50846857998222,350.41,-0.15822313049161094,-0.015714285714288678,3.842857142857156,28.52,0.95,1.25,1580.0,0.0253164555359718,158.94,232204.2
2020-12-01,2020,12,Winter / Post-Monsoon,Northeast/Dry,0,Kasaragod,Indian Mackerel,Rastrelliger kanagurta,3.2,Intermediate Predator,232204.2,1461,18055,158.94,28.05,38.9,4.0,1.3,1.56,1.14,1.16,460.98,89.34,0.1955,-37.383,0.561,-2.4492935982947064e-16,1.0,212.22,237.44,282.07,81.48,243.91,35.37161715274266,356.44,-0.10621630280423253,-0.4485714285714302,3.5214285714285722,29.0,1.07,1.15,1620.0,-0.09814814754229538,237.94,436382.2
2021-01-01,2021,1,Winter / Post-Monsoon,Northeast/Dry,0,Kasaragod,Indian Mackerel,Rastrelliger kanagurta,3.2,Intermediate Predator,436382.2,1834,26347,237.94,28.22,9.3,3.3,0.94,1.14,1.05,1.456,510.87,130.84,0.2576,-65.464,0.841,0.49999999999999994,0.8660254037844387,158.94,212.22,237.44,156.78,202.86666666666667,40.07712730889727,279.74999999999994,-0.2510602086956833,-0.05642857142857238,0.8428571428571434,28.05,1.56,1.14,1461.0,0.2553045841526038,194.84,286222.4
2021-02-01,2021,2,Winter / Post-Monsoon,Northeast/Dry,0,Kasaragod,Indian Mackerel,Rastrelliger kanagurta,3.2,Intermediate Predator,286222.4,1469,16570,194.84,28.2,11.4,3.7,0.8,1.29,0.91,1.166,441.04,116.14,0.265,-47.826,0.721,0.8660254037844386,0.5000000000000001,237.94,158.94,212.22,162.28,203.03333333333333,40.293251709604654,257.905,0.4970428780015806,-0.45142857142857196,0.7428571428571438,28.22,1.14,1.05,1834.0,-0.19901853762803415,202.78,323441.5
2021-03-01,2021,3,Pre-Monsoon / Summer,Pre-Monsoon,0,Kasaragod,Indian Mackerel,Rastrelliger kanagurta,3.2,Intermediate Predator,323441.5,1595,21404,202.78,29.7,24.2,3.6,0.72,1.04,0.77,1.266,286.44,119.25,0.4183,-27.997,0.72,1.0,6.123233995736766e-17,194.84,237.94,158.94,169.42,197.24,39.55464574484556,220.57499999999996,-0.18113809442976822,0.1642857142857146,-0.5357142857142883,28.2,1.29,0.91,1469.0,0.08577263386131631,144.55,211183.6
2021-04-01,2021,4,Pre-Monsoon / Summer,Pre-Monsoon,0,Kasaragod,Indian Mackerel,Rastrelliger kanagurta,3.2,Intermediate Predator,211183.6,1461,14203,144.55,30.14,98.4,4.4,1.01,1.7,1.2,1.16,255.29,87.79,0.3464,-15.466,0.43,0.8660254037844387,-0.4999999999999998,202.78,194.84,237.94,131.08,211.85333333333335,22.937884238385017,207.35999999999999,0.040751383660881546,-0.1614285714285728,8.992857142857147,29.7,1.04,0.77,1595.0,-0.0840125386582286,156.45,274108.7
2021-05-01,2021,5,Pre-Monsoon / Summer,Pre-Monsoon,0,Kasaragod,Indian Mackerel,Rastrelliger kanagurta,3.2,Intermediate Predator,274108.7,1752,18702,156.45,30.03,256.1,5.4,2.13,1.5,1.5,1.39,244.98,96.47,0.3963,-16.385,0.606,0.49999999999999994,-0.8660254037844387,144.55,202.78,194.84,176.04,180.72333333333333,31.577578015635947,191.87833333333333,-0.2871584827320996,-0.09999999999999787,-4.9571428571428555,30.14,1.7,1.2,1461.0,0.19917864340055685,679.36,243888.7
2021-06-01,2021,6,Southwest Monsoon,Southwest Monsoon,1,Kasaragod,Indian Mackerel,Rastrelliger kanagurta,3.2,Intermediate Predator,243888.7,359,4275,679.36,28.95,690.0,8.2,3.43,12.25,7.29,0.285,2216.76,359.18,0.1624,-864.46,2.46,1.2246467991473532e-16,-1.0,156.45,144.55,202.78,619.08,167.92666666666665,30.764730347161894,182.58333333333334,0.0823244495105879,0.3592857142857149,20.278571428571354,30.03,1.5,1.5,1752.0,-0.7950913196627208,324.99,100745.4
2021-07-01,2021,7,Southwest Monsoon,Southwest Monsoon,1,Kasaragod,Indian Mackerel,Rastrelliger kanagurta,3.2,Intermediate Predator,100745.4,310,3296,324.99,27.21,640.8,7.9,3.47,11.55,6.56,0.246,1946.71,172.71,0.0892,-387.535,1.534,-0.4999999999999997,-0.8660254037844388,679.36,156.45,144.55,369.01,326.7866666666667,305.395430603232,269.32,3.3423455837426927,-0.4742857142857133,32.85000000000002,28.95,12.25,7.29,359.0,-0.1364902468944221,512.19,773926.0
2021-08-01,2021,8,Southwest Monsoon,Southwest Monsoon,0,Kasaragod,Indian Mackerel,Rastrelliger kanagurta,3.2,Intermediate Predator,773926.0,1511,15270,512.19,27.73,445.8,6.9,2.75,10.28,5.95,1.199,1794.12,260.33,0.1456,-512.226,1.703,-0.8660254037844385,-0.5000000000000004,324.99,679.36,156.45,418.82,386.93333333333334,266.9015725568762,283.8283333333333,-0.521623284832441,0.35285714285714675,28.785714285714334,27.21,11.55,6.56,310.0,3.8741934234131157,446.71,595470.4
2021-09-01,2021,9,Southwest Monsoon,Southwest Monsoon,0,Kasaragod,Indian Mackerel,Rastrelliger kanagurta,3.2,Intermediate Predator,595470.4,1333,17189,446.71,27.99,239.4,4.9,1.93,7.84,4.27,1.058,1439.24,232.1,0.1618,-368.933,1.588,-1.0,-1.8369701987210297e-16,512.19,324.99,679.36,282.07,505.5133333333333,177.27932094108823,336.71999999999997,0.5760177058980984,-0.03285714285714292,-10.578571428571422,27.73,10.28,5.95,1511.0,-0.1178027788365137,199.08,279512.3
2021-10-01,2021,10,Post-Monsoon,Post-Monsoon,0,Kasaragod,Indian Mackerel,Rastrelliger kanagurta,3.2,Intermediate Predator,279512.3,1404,17290,199.08,28.18,270.1,4.2,1.82,0.92,1.22,1.114,559.86,112.7,0.2027,-62.957,0.762,-0.8660254037844386,0.5000000000000001,446.71,512.19,324.99,237.44,427.96333333333337,94.99756909170581,377.375,-0.12784318069772596,-0.6185714285714283,-32.457142857142856,27.99,7.84,4.27,1333.0,0.05326331542938248,250.76,356826.8
2021-11-01,2021,11,Post-Monsoon,Post-Monsoon,0,Kasaragod,Indian Mackerel,Rastrelliger kanagurta,3.2,Intermediate Predator,356826.8,1423,17000,250.76,28.87,171.7,3.9,1.18,1.5,1.52,1.129,587.44,150.68,0.2578,-87.773,0.949,-0.5000000000000004,0.8660254037844384,199.08,446.71,512.19,212.22,385.99333333333334,165.14948753578815,386.4633333333333,-0.5543417305558028,-0.14571428571428768,3.5428571428571445,28.18,0.92,1.22,1404.0,0.013532763436376329,237.03,403669.8
2021-12-01,2021,12,Winter / Post-Monsoon,Northeast/Dry,0,Kasaragod,Indian Mackerel,Rastrelliger kanagurta,3.2,Intermediate Predator,403669.8,1703,19342,237.03,28.52,31.7,5.0,1.03,1.79,1.22,1.352,533.63,129.65,0.2444,-67.808,0.84,-2.4492935982947064e-16,1.0,250.76,199.08,446.71,158.94,298.84999999999997,130.63169714889332,402.1816666666667,0.25959411997216586,0.021428571428568688,-3.678571428571427,28.87,1.5,1.52,1423.0,0.19676739144928046,202.29,332762.6
2022-01-01,2022,1,Winter / Post-Monsoon,Northeast/Dry,0,Kasaragod,Indian Mackerel,Rastrelliger kanagurta,3.2,Intermediate Predator,332762.6,1645,20439,202.29,27.65,7.3,3.7,0.82,0.96,0.73,1.306,546.62,112.42,0.2071,-64.16,0.708,0.49999999999999994,0.8660254037844387,237.03,250.76,199.08,237.94,228.95666666666668,26.769191869265967,328.46,-0.05475354702689631,-0.6264285714285727,-1.1571428571428575,28.52,1.79,1.22,1703.0,-0.034057545307941604,241.84,411609.5
2022-02-01,2022,2,Winter / Post-Monsoon,Northeast/Dry,0,Kasaragod,Indian Mackerel,Rastrelliger kanagurta,3.2,Intermediate Predator,411609.5,1702,19022,241.84,28.31,10.7,3.5,0.88,1.02,0.84,1.351,623.03,128.37,0.2073,-86.734,0.859,0.8660254037844386,0.5000000000000001,202.29,237.03,250.76,194.84,230.02666666666664,24.98239847039461,308.01,-0.14656371992727843,-0.3414285714285725,0.042857142857142705,27.65,0.96,0.73,1645.0,0.0346504557164106,265.39,381105.9
2022-03-01,2022,3,Pre-Monsoon / Summer,Pre-Monsoon,0,Kasaragod,Indian Mackerel,Rastrelliger kanagurta,3.2,Intermediate Predator,381105.9,1436,19309,265.39,29.04,29.5,3.1,1.15,1.0,1.04,1.14,522.7,150.19,0.2887,-77.73,0.834,1.0,6.123233995736766e-17,241.84,202.29,237.03,202.78,227.0533333333333,21.580107352225507,262.95166666666665,0.1955113848676957,-0.49571428571428555,4.7642857142857125,28.31,1.02,0.84,1702.0,-0.15628672058585946,149.9,256185.6
2022-04-01,2022,4,Pre-Monsoon / Summer,Pre-Monsoon,0,Kasaragod,Indian Mackerel,Rastrelliger kanagurta,3.2,Intermediate Predator,256185.6,1709,24530,149.9,30.04,75.5,3.7,0.99,0.96,0.82,1.356,215.61,95.03,0.4433,-14.272,0.512,0.8660254037844387,-0.4999999999999998,265.39,241.84,202.29,144.55,236.50666666666666,31.886295384280217,232.73166666666665,0.09737842799460678,-0.26142857142857423,-13.907142857142858,29.04,1.0,1.04,1436.0,0.1901114192889177,297.77,480011.9
2022-05-01,2022,5,Pre-Monsoon / Summer,Pre-Monsoon,0,Kasaragod,Indian Mackerel,Rastrelliger kanagurta,3.2,Intermediate Predator,480011.9,1612,22737,297.77,29.8,226.9,4.6,1.66,1.08,1.22,1.279,383.11,160.75,0.4211,-55.472,1.003,0.49999999999999994,-0.8660254037844387,149.9,265.39,241.84,156.45,219.04333333333332,61.02664199621,224.53499999999997,-0.43517086419341855,-0.3299999999999983,-34.15714285714287,30.04,0.96,0.82,1709.0,-0.0567583378773649,621.84,161678.6
2022-06-01,2022,6,Southwest Monsoon,Southwest Monsoon,1,Kasaragod,Indian Mackerel,Rastrelliger kanagurta,3.2,Intermediate Predator,161678.6,260,3701,621.84,28.15,932.2,7.9,3.26,11.79,7.53,0.206,3104.21,348.73,0.1126,-1270.487,2.61,1.2246467991473532e-16,-1.0,297.77,149.9,265.39,679.36,237.68666666666664,77.73024014714973,232.36999999999998,0.9864575726179069,-0.44071428571428584,262.4785714285714,29.8,1.08,1.22,1612.0,-0.8387096722164412,512.52,178357.8
2022-07-01,2022,7,Southwest Monsoon,Southwest Monsoon,1,Kasaragod,Indian Mackerel,Rastrelliger kanagurta,3.2,Intermediate Predator,178357.8,348,4966,512.52,27.41,517.1,8.5,4.01,12.7,7.04,0.276,2532.14,266.9,0.1058,-788.703,1.924,-0.4999999999999997,-0.8660254037844388,621.84,297.77,149.9,324.99,356.50333333333333,241.38981799846798,296.50499999999994,1.088323165922586,-0.274285714285714,-90.84999999999991,28.15,11.79,7.53,260.0,0.3384615254437875,257.35,422828.7
2022-08-01,2022,8,Southwest Monsoon,Southwest Monsoon,0,Kasaragod,Indian Mackerel,Rastrelliger kanagurta,3.2,Intermediate Predator,422828.7,1643,16265,257.35,26.62,260.1,7.8,2.32,11.68,6.21,1.304,1351.13,136.26,0.1015,-190.879,1.081,-0.8660254037844385,-0.5000000000000004,512.52,621.84,297.77,512.19,477.3766666666667,164.8685283288882,348.21,-0.17580084626590697,-0.7571428571428527,-156.91428571428565,27.41,12.7,7.04,348.0,3.721264260883211,462.99,681519.7
2022-09-01,2022,9,Southwest Monsoon,Southwest Monsoon,0,Kasaragod,Indian Mackerel,Rastrelliger kanagurta,3.2,Intermediate Predator,681519.7,1472,20845,462.99,27.68,291.6,6.2,2.06,9.5,5.29,1.168,2129.24,247.46,0.1166,-625.521,1.716,-1.0,-1.8369701987210297e-16,257.35,512.52,621.84,446.71,463.90333333333336,187.04524916001853,350.795,-0.497873244012463,-0.34285714285714164,41.621428571428595,26.62,11.68,6.21,1643.0,-0.10407790563555748,275.83,435263.8
2022-10-01,2022,10,Post-Monsoon,Post-Monsoon,0,Kasaragod,Indian Mackerel,Rastrelliger kanagurta,3.2,Intermediate Predator,435263.8,1578,20706,275.83,28.54,337.9,3.5,1.24,1.19,1.57,1.252,646.0,161.06,0.2505,-105.988,0.986,-0.8660254037844386,0.5000000000000001,462.99,257.35,512.52,199.08,410.9533333333334,135.3099894070406,383.7283333333333,0.7990673868635171,-0.2585714285714289,35.3428571428571,27.68,9.5,5.29,1472.0,0.07201086907601312,288.83,344572.3
2022-11-01,2022,11,Post-Monsoon,Post-Monsoon,0,Kasaragod,Indian Mackerel,Rastrelliger kanagurta,3.2,Intermediate Predator,344572.3,1193,14964,288.83,28.33,162.5,4.0,1.43,1.67,1.77,0.947,736.77,163.69,0.2232,-126.439,0.955,-0.5000000000000004,0.8660254037844384,275.83,462.99,257.35,250.76,332.0566666666667,113.76744232570886,404.71666666666664,-0.4042419835365347,-0.6857142857142904,-5.657142857142844,28.54,1.19,1.57,1578.0,-0.2439797196199004,279.58,530930.1
2022-12-01,2022,12,Winter / Post-Monsoon,Northeast/Dry,0,Kasaragod,Indian Mackerel,Rastrelliger kanagurta,3.2,Intermediate Predator,530930.1,1899,25439,279.58,28.0,33.7,4.7,1.33,1.36,0.98,1.507,622.38,142.53,0.2302,-94.086,0.968,-2.4492935982947064e-16,1.0,288.83,275.83,462.99,237.03,342.55,104.50643616543506,403.22666666666663,0.047130477209495814,-0.4985714285714309,-1.6785714285714235,28.33,1.67,1.77,1193.0,0.5917854099598876,305.34,469910.8
2023-01-01,2023,1,Winter / Post-Monsoon,Northeast/Dry,0,Kasaragod,Indian Mackerel,Rastrelliger kanagurta,3.2,Intermediate Predator,469910.8,1539,15271,305.34,28.72,7.3,3.4,1.12,0.95,0.81,1.221,592.06,162.89,0.2763,-101.339,1.009,0.49999999999999994,0.8660254037844387,279.58,288.83,275.83,202.29,281.41333333333336,6.691101055395847,346.18333333333334,-0.03202575798823675,0.4435714285714276,-1.1571428571428575,28.0,1.36,0.98,1899.0,-0.18957345871735937,324.11,521172.8
2023-02-01,2023,2,Winter / Post-Monsoon,Northeast/Dry,0,Kasaragod,Indian Mackerel,Rastrelliger kanagurta,3.2,Intermediate Predator,521172.8,1608,16555,324.11,29.13,7.9,4.6,0.5,1.39,1.1,1.276,638.84,184.23,0.2895,-123.079,1.041,0.8660254037844386,0.5000000000000001,305.34,279.58,288.83,241.84,291.25,13.049394621980756,311.6533333333333,0.0921382040153729,0.47857142857142776,-2.7571428571428562,28.72,0.95,0.81,1539.0,0.04483430770088169,217.21,308440.7
2023-03-01,2023,3,Pre-Monsoon / Summer,Pre-Monsoon,0,Kasaragod,Indian Mackerel,Rastrelliger kanagurta,3.2,Intermediate Predator,308440.7,1420,16841,217.21,29.72,30.8,3.5,1.22,1.55,1.15,1.127,451.11,133.29,0.297,-55.962,0.786,1.0,6.123233995736766e-17,324.11,305.34,279.58,265.39,303.01,22.35624968549454,322.78,0.061472454920008815,0.18428571428571416,6.064285714285713,29.13,1.39,1.1,1608.0,-0.11691542215848619,158.46,252586.1
2023-04-01,2023,4,Pre-Monsoon / Summer,Pre-Monsoon,0,Kasaragod,Indian Mackerel,Rastrelliger kanagurta,3.2,Intermediate Predator,252586.1,1594,15446,158.46,30.67,70.9,4.3,1.33,0.58,0.55,1.265,95.18,104.39,1.0958,-6.134,0.475,0.8660254037844387,-0.4999999999999998,217.21,324.11,305.34,149.9,282.22,57.077169691569175,281.81666666666666,-0.32982628336594727,0.36857142857142833,-18.507142857142853,29.72,1.55,1.15,1420.0,0.12253521040468161,208.39,325300.4
2023-05-01,2023,5,Pre-Monsoon / Summer,Pre-Monsoon,0,Kasaragod,Indian Mackerel,Rastrelliger kanagurta,3.2,Intermediate Predator,325300.4,1561,17555,208.39,30.46,217.2,4.1,2.3,1.71,1.21,1.239,170.9,126.3,0.7405,-15.641,0.677,0.49999999999999994,-0.8660254037844387,158.46,217.21,324.11,297.77,233.26,83.9832274921618,262.25499999999994,-0.27047556417864904,0.33000000000000185,-43.85714285714289,30.67,0.58,0.55,1594.0,-0.0207026347509245,670.77,189156.2
2023-06-01,2023,6,Southwest Monsoon,Southwest Monsoon,1,Kasaragod,Indian Mackerel,Rastrelliger kanagurta,3.2,Intermediate Predator,189156.2,282,2917,670.77,28.81,607.3,7.0,3.43,10.31,6.2,0.224,2509.49,374.74,0.1497,-1071.625,2.703,1.2246467991473532e-16,-1.0,208.39,158.46,217.21,621.84,194.68666666666664,31.68164505409322,248.84833333333333,0.3150952723024565,0.2192857142857143,-62.42142857142869,30.46,1.71,1.21,1561.0,-0.8193465674609445,895.21,281991.7
2023-07-01,2023,7,Southwest Monsoon,Southwest Monsoon,1,Kasaragod,Indian Mackerel,Rastrelliger kanagurta,3.2,Intermediate Predator,281991.7,315,4092,895.21,28.14,556.0,8.9,3.02,13.72,7.63,0.25,4060.19,466.08,0.115,-2270.919,3.173,-0.4999999999999997,-0.8660254037844388,670.77,208.39,158.46,512.52,345.8733333333333,282.47413020192397,314.0466666666667,2.2188203743547974,0.4557142857142864,-51.94999999999993,28.81,10.31,6.2,282.0,0.11702127244605418,734.32,1121309.9
2023-08-01,2023,8,Southwest Monsoon,Southwest Monsoon,0,Kasaragod,Indian Mackerel,Rastrelliger kanagurta,3.2,Intermediate Predator,1121309.9,1527,16923,734.32,27.62,454.9,7.7,3.29,11.31,6.55,1.212,2713.74,373.64,0.138,-1167.452,2.301,-0.8660254037844385,-0.5000000000000004,895.21,670.77,208.39,257.35,591.4566666666666,350.21190975369956,412.35833333333335,0.33460052872667945,0.24285714285714732,37.8857142857143,28.14,13.72,7.63,315.0,3.8476189254724154,632.22,1041272.2
2023-09-01,2023,9,Southwest Monsoon,Southwest Monsoon,0,Kasaragod,Indian Mackerel,Rastrelliger kanagurta,3.2,Intermediate Predator,1041272.2,1647,21602,632.22,28.66,216.2,5.3,2.04,7.82,4.6,1.307,1870.54,342.32,0.1834,-719.44,2.059,-1.0,-1.8369701987210297e-16,734.32,895.21,670.77,462.99,766.7666666666668,115.6845626405413,480.7266666666667,-0.1797231914330359,0.6371428571428588,-33.77857142857144,27.62,11.31,6.55,1527.0,0.07858546117494787,277.0,391125.3
2023-10-01,2023,10,Post-Monsoon,Post-Monsoon,0,Kasaragod,Indian Mackerel,Rastrelliger kanagurta,3.2,Intermediate Predator,391125.3,1412,18546,277.0,29.22,267.5,4.4,1.04,1.36,1.55,1.121,630.99,162.15,0.2582,-103.58,1.006,-0.8660254037844386,0.5000000000000001,632.22,734.32,895.21,275.83,753.9166666666666,132.5856592295461,549.895,-0.13904019856411107,0.4214285714285708,-35.05714285714288,28.66,7.82,4.6,1647.0,-0.14268366640750657,300.51,470300.0
2023-11-01,2023,11,Post-Monsoon,Post-Monsoon,0,Kasaragod,Indian Mackerel,Rastrelliger kanagurta,3.2,Intermediate Predator,470300.0,1565,19333,300.51,29.29,139.2,3.7,1.47,1.01,0.91,1.242,460.06,168.26,0.3671,-74.706,1.009,-0.5000000000000004,0.8660254037844384,277.0,632.22,734.32,288.83,547.8466666666667,240.05111983353342,569.6516666666666,-0.5618613684815197,0.27428571428571047,-28.957142857142856,29.22,1.36,1.55,1412.0,0.10835693974251459,309.66,504134.6
2023-12-01,2023,12,Winter / Post-Monsoon,Northeast/Dry,0,Kasaragod,Indian Mackerel,Rastrelliger kanagurta,3.2,Intermediate Predator,504134.6,1628,18184,309.66,28.79,35.8,4.1,1.28,1.32,1.23,1.292,755.22,183.66,0.2442,-151.506,0.977,-2.4492935982947064e-16,1.0,300.51,277.0,632.22,279.58,403.24333333333334,198.64771690944113,585.005,0.08487364314535582,0.29142857142856826,0.4214285714285708,29.29,1.01,0.91,1565.0,0.040255590797088875,170.86,196492.4
2024-01-01,2024,1,Winter / Post-Monsoon,Northeast/Dry,0,Kasaragod,Indian Mackerel,Rastrelliger kanagurta,3.2,Intermediate Predator,196492.4,1150,12349,170.86,28.07,8.9,3.0,1.0,0.37,0.51,0.913,590.7,98.94,0.1689,-66.187,0.61,0.49999999999999994,0.8660254037844387,309.66,300.51,277.0,305.34,295.72333333333336,16.84793854848377,524.82,0.030448236982189163,-0.20642857142857096,0.44285714285714306,28.79,1.32,1.23,1628.0,-0.2936117918082814,282.97,395882.0
2024-02-01,2024,2,Winter / Post-Monsoon,Northeast/Dry,0,Kasaragod,Indian Mackerel,Rastrelliger kanagurta,3.2,Intermediate Predator,395882.0,1399,19343,282.97,28.2,10.9,4.1,1.59,1.24,1.06,1.11,712.5,158.97,0.2242,-124.531,0.971,0.8660254037844386,0.5000000000000001,170.86,309.66,300.51,324.11,260.3433333333333,77.62976770114348,404.095,-0.4482335319953003,-0.45142857142857196,0.24285714285714377,28.07,0.37,0.51,1150.0,0.21652173724763707,283.52,440586.6
2024-03-01,2024,3,Pre-Monsoon / Summer,Pre-Monsoon,0,Kasaragod,Indian Mackerel,Rastrelliger kanagurta,3.2,Intermediate Predator,440586.6,1554,19966,283.52,29.67,29.2,3.5,0.63,1.03,0.77,1.233,343.41,159.13,0.4649,-49.207,0.797,1.0,6.123233995736766e-17,282.97,170.86,309.66,217.21,254.49666666666667,73.65058067207279,328.87,0.6561511965263259,0.134285714285717,4.464285714285712,28.2,1.24,1.06,1399.0,0.11079342308224858,196.36,286097.6
2024-04-01,2024,4,Pre-Monsoon / Summer,Pre-Monsoon,0,Kasaragod,Indian Mackerel,Rastrelliger kanagurta,3.2,Intermediate Predator,286097.6,1457,17889,196.36,30.3,106.9,4.1,1.86,1.27,0.87,1.156,261.68,113.54,0.436,-23.262,0.591,0.8660254037844387,-0.4999999999999998,283.52,282.97,170.86,158.46,245.78333333333333,64.8860927574893,270.75333333333333,0.001943668871482015,-0.001428571428572667,17.492857142857147,29.67,1.03,0.77,1554.0,-0.06241956201789214,180.29,266834.8
2024-05-01,2024,5,Pre-Monsoon / Summer,Pre-Monsoon,0,Kasaragod,Indian Mackerel,Rastrelliger kanagurta,3.2,Intermediate Predator,266834.8,1480,19007,180.29,30.43,238.3,5.3,1.45,1.36,1.18,1.175,188.01,111.5,0.5952,-14.734,0.647,0.49999999999999994,-0.8660254037844387,196.36,283.52,282.97,208.39,254.28333333333333,50.163831924340684,257.31333333333333,-0.3074209823849822,0.3000000000000007,-22.757142857142867,30.3,1.27,0.87,1457.0,0.015785861250611797,661.66,155490.6
2024-06-01,2024,6,Southwest Monsoon,Southwest Monsoon,1,Kasaragod,Indian Mackerel,Rastrelliger kanagurta,3.2,Intermediate Predator,155490.6,235,2709,661.66,28.07,555.8,7.7,3.7,11.28,6.5,0.187,3100.69,349.17,0.1129,-1307.144,2.429,1.2246467991473532e-16,-1.0,180.29,196.36,283.52,670.77,220.05666666666664,55.54509189238517,237.27666666666664,-0.08183947434103318,-0.5207142857142841,-113.92142857142869,30.43,1.36,1.18,1480.0,-0.8412162105323229,828.1,308054.9
2024-07-01,2024,7,Southwest Monsoon,Southwest Monsoon,1,Kasaragod,Indian Mackerel,Rastrelliger kanagurta,3.2,Intermediate Predator,308054.9,372,4393,828.1,28.14,586.5,8.3,3.26,12.54,7.02,0.295,3140.08,419.27,0.1338,-1528.553,2.701,-0.4999999999999997,-0.8660254037844388,661.66,180.29,196.36,895.21,346.1033333333333,273.39818696058217,295.9433333333333,2.669976001443452,0.4557142857142864,-21.449999999999932,28.07,11.28,6.5,235.0,0.5829786985966511,576.97,912187.1
2024-08-01,2024,8,Southwest Monsoon,Southwest Monsoon,0,Kasaragod,Indian Mackerel,Rastrelliger kanagurta,3.2,Intermediate Predator,912187.1,1581,15349,576.97,27.59,528.2,7.3,3.14,11.14,6.56,1.255,2258.19,296.27,0.1316,-756.154,2.087,-0.8660254037844385,-0.5000000000000004,828.1,661.66,180.29,734.32,556.6833333333333,336.42164679659567,405.48333333333335,0.251549130194524,0.2128571428571462,111.18571428571437,28.14,12.54,7.02,372.0,3.249999912634411,618.71,1109355.2
2024-09-01,2024,9,Southwest Monsoon,Southwest Monsoon,0,Kasaragod,Indian Mackerel,Rastrelliger kanagurta,3.2,Intermediate Predator,1109355.2,1793,24489,618.71,28.01,235.8,5.2,1.94,8.04,4.47,1.423,1752.95,317.0,0.1813,-622.296,1.856,-1.0,-1.8369701987210297e-16,576.97,828.1,661.66,632.22,688.91,127.76341847336401,454.48333333333335,-0.3032604721258245,-0.012857142857139792,-14.178571428571416,27.59,11.14,6.56,1581.0,0.13409234576791684,269.56,358244.2
2024-10-01,2024,10,Post-Monsoon,Post-Monsoon,0,Kasaragod,Indian Mackerel,Rastrelliger kanagurta,3.2,Intermediate Predator,358244.2,1329,19004,269.56,28.65,356.4,4.4,1.23,1.23,1.57,1.055,710.29,163.6,0.2314,-122.088,1.118,-0.8660254037844386,0.5000000000000001,618.71,576.97,828.1,277.0,674.5933333333334,134.56886502208926,510.34833333333336,0.07234344814559773,-0.14857142857142946,53.8428571428571,28.01,8.04,4.47,1793.0,-0.2587841591813488,246.54,338742.4
2024-11-01,2024,11,Post-Monsoon,Post-Monsoon,0,Kasaragod,Indian Mackerel,Rastrelliger kanagurta,3.2,Intermediate Predator,338742.4,1374,15613,246.54,29.19,160.4,4.1,1.38,1.39,1.31,1.09,575.03,158.36,0.2767,-91.08,0.857,-0.5000000000000004,0.8660254037844384,269.56,618.71,576.97,300.51,488.41333333333336,190.6781136715313,522.5483333333333,-0.5643193004102197,0.1742857142857126,-7.7571428571428385,28.65,1.23,1.57,1329.0,0.0338600448919485,290.28,480126.4
2024-12-01,2024,12,Winter / Post-Monsoon,Northeast/Dry,0,Kasaragod,Indian Mackerel,Rastrelliger kanagurta,3.2,Intermediate Predator,480126.4,1654,17253,290.28,28.88,38.5,3.2,0.63,1.38,1.12,1.313,726.93,165.76,0.2291,-132.247,0.947,-2.4492935982947064e-16,1.0,246.54,269.56,618.71,309.66,378.27,208.54501983984215,533.59,-0.08539842389826299,0.3814285714285681,3.1214285714285737,29.19,1.39,1.31,1374.0,0.20378456911364942,216.59,371236.1
2025-01-01,2025,1,Winter / Post-Monsoon,Northeast/Dry,0,Kasaragod,Indian Mackerel,Rastrelliger kanagurta,3.2,Intermediate Predator,371236.1,1714,19093,216.59,28.27,8.2,3.3,1.34,1.16,0.74,1.36,550.64,123.45,0.2256,-70.846,0.846,0.49999999999999994,0.8660254037844387,290.28,246.54,269.56,170.86,268.79333333333335,21.880076172937454,471.6933333333334,0.17741542234868887,-0.006428571428571672,-0.257142857142858,28.88,1.38,1.12,1654.0,0.0362756950648386,277.32,476984.9
2025-02-01,2025,2,Winter / Post-Monsoon,Northeast/Dry,0,Kasaragod,Indian Mackerel,Rastrelliger kanagurta,3.2,Intermediate Predator,476984.9,1720,24132,277.32,29.05,11.8,3.5,1.3,1.05,0.93,1.365,469.37,162.14,0.3468,-73.657,0.877,0.8660254037844386,0.5000000000000001,216.59,290.28,246.54,282.97,251.13666666666666,37.05942570161546,369.77500000000003,-0.25385833492289045,0.39857142857142946,1.1428571428571441,28.27,1.16,0.74,1714.0,0.0035005834101482884,262.24,423774.7
2025-03-01,2025,3,Pre-Monsoon / Summer,Pre-Monsoon,0,Kasaragod,Indian Mackerel,Rastrelliger kanagurta,3.2,Intermediate Predator,423774.7,1616,18820,262.24,29.46,20.8,4.2,0.97,1.05,0.73,1.283,354.45,148.18,0.4197,-47.431,0.869,1.0,6.123233995736766e-17,277.32,216.59,290.28,283.52,261.39666666666665,39.34105277357927,319.8333333333333,0.28039151020861947,-0.07571428571428385,-3.935714285714287,29.05,1.05,0.93,1720.0,-0.060465115927528394,189.22,330374.6
2025-04-01,2025,4,Pre-Monsoon / Summer,Pre-Monsoon,0,Kasaragod,Indian Mackerel,Rastrelliger kanagurta,3.2,Intermediate Predator,330374.6,1746,23277,189.22,29.88,87.4,3.2,1.37,0.0,0.54,1.386,255.24,114.24,0.4497,-23.298,0.614,0.8660254037844387,-0.4999999999999998,262.24,277.32,216.59,196.36,252.04999999999998,31.621358288350343,260.4216666666667,-0.05437761234755467,-0.4214285714285744,-2.0071428571428527,29.46,1.05,0.73,1616.0,0.08044554405664886,199.36,261954.5
2025-05-01,2025,5,Pre-Monsoon / Summer,Pre-Monsoon,0,Kasaragod,Indian Mackerel,Rastrelliger kanagurta,3.2,Intermediate Predator,261954.5,1314,15816,199.36,29.7,258.8,5.7,2.3,1.8,1.59,1.043,486.3,121.33,0.251,-54.009,0.705,0.49999999999999994,-0.8660254037844387,189.22,262.24,277.32,180.29,242.92666666666665,47.11853280115545,247.03166666666664,-0.27844721329899286,-0.4299999999999997,-2.257142857142867,29.88,0.0,0.54,1746.0,-0.24742267899528822,818.78,285753.6
2025-06-01,2025,6,Southwest Monsoon,Southwest Monsoon,1,Kasaragod,Indian Mackerel,Rastrelliger kanagurta,3.2,Intermediate Predator,285753.6,349,5055,818.78,28.49,572.2,8.5,3.26,12.44,7.31,0.277,2610.83,432.21,0.1659,-1245.816,2.724,1.2246467991473532e-16,-1.0,199.36,189.22,262.24,661.66,216.94000000000003,39.55720414792032,239.16833333333332,0.05358841276881877,-0.10071428571428598,-97.5214285714286,29.7,1.8,1.59,1314.0,-0.734398776754956,676.78,245669.5
2025-07-01,2025,7,Southwest Monsoon,Southwest Monsoon,1,Kasaragod,Indian Mackerel,Rastrelliger kanagurta,3.2,Intermediate Predator,245669.5,363,4748,676.78,27.83,707.7,7.6,3.22,11.18,6.95,0.288,2677.03,335.08,0.1255,-1033.262,2.205,-0.4999999999999997,-0.8660254037844388,818.78,199.36,189.22,828.1,402.4533333333334,360.5851146863019,327.25166666666667,3.1070423802647276,0.14571428571428413,99.75000000000011,28.49,12.44,7.31,349.0,0.04011461203109994,450.53,696063.7
2025-08-01,2025,8,Southwest Monsoon,Southwest Monsoon,0,Kasaragod,Indian Mackerel,Rastrelliger kanagurta,3.2,Intermediate Predator,696063.7,1545,20358,450.53,27.35,339.2,6.5,2.71,10.01,5.62,1.226,1923.21,229.74,0.1199,-506.586,1.483,-0.8660254037844385,-0.5000000000000004,676.78,818.78,199.36,576.97,564.9733333333334,324.4931927380502,403.95,-0.17342875774409786,-0.02714285714285225,-77.81428571428569,27.83,11.18,6.95,363.0,3.256198257405007,463.71,709471.7
2025-09-01,2025,9,Southwest Monsoon,Southwest Monsoon,0,Kasaragod,Indian Mackerel,Rastrelliger kanagurta,3.2,Intermediate Predator,709471.7,1530,17531,463.71,28.46,276.5,5.3,2.21,8.2,4.81,1.214,1656.23,260.83,0.158,-480.894,1.874,-1.0,-1.8369701987210297e-16,450.53,676.78,818.78,618.71,648.6966666666667,185.72431406074264,432.8183333333333,-0.3343036092333756,0.4371428571428595,26.521428571428572,27.35,10.01,5.62,1545.0,-0.009708737801237943,298.89,533520.3
2025-10-01,2025,10,Post-Monsoon,Post-Monsoon,0,Kasaragod,Indian Mackerel,Rastrelliger kanagurta,3.2,Intermediate Predator,533520.3,1785,20496,298.89,28.44,287.7,3.2,0.99,0.82,1.27,1.417,646.86,158.87,0.2468,-107.171,1.053,-0.8660254037844386,0.5000000000000001,463.71,450.53,676.78,269.56,530.3399999999999,126.99186312516287,466.3966666666667,0.029254433017680683,-0.35857142857142676,-14.85714285714289,28.46,8.2,4.81,1530.0,0.16666666557734205,252.38,262984.3
2025-11-01,2025,11,Post-Monsoon,Post-Monsoon,0,Kasaragod,Indian Mackerel,Rastrelliger kanagurta,3.2,Intermediate Predator,262984.3,1042,12618,252.38,28.76,178.7,3.9,1.21,0.9,1.11,0.827,498.04,154.75,0.3121,-74.801,0.935,-0.5000000000000004,0.8660254037844384,298.89,463.71,450.53,246.54,404.3766666666666,91.59151561871602,484.67499999999995,-0.35543765811740835,-0.2557142857142871,10.542857142857144,28.44,0.82,1.27,1785.0,-0.41624649626752663,292.68,543499.6
2012-04-01,2012,4,Pre-Monsoon / Summer,Pre-Monsoon,0,Kollam,Indian Mackerel,Rastrelliger kanagurta,3.2,Intermediate Predator,2096596.6,3273,43122,640.57,30.52,77.2,5.0,1.47,1.52,0.98,1.347,639.62,373.11,0.584,-245.215,1.087,0.8660254037844387,-0.4999999999999998,1300.14,933.12,1077.94,1103.7333333333333,1103.7333333333333,184.86452372841404,1103.7333333333333,0.3933256130687843,0.2185714285714262,-12.207142857142856,29.29,1.05,0.79,3436.0,-0.047438882283355986,676.25,1978018.2
2012-05-01,2012,5,Pre-Monsoon / Summer,Pre-Monsoon,0,Kollam,Indian Mackerel,Rastrelliger kanagurta,3.2,Intermediate Predator,1978018.2,2925,40453,676.25,30.32,246.6,6.3,1.7,1.64,1.33,1.204,946.42,422.48,0.447,-430.096,1.081,0.49999999999999994,-0.8660254037844387,640.57,1300.14,933.12,957.9433333333335,957.9433333333335,330.4849385877265,987.9425000000001,-0.507306901508246,0.19000000000000128,-14.457142857142884,30.52,1.52,0.98,3273.0,-0.10632447263573334,3104.91,2310054.0
2012-06-01,2012,6,Southwest Monsoon,Southwest Monsoon,1,Kollam,Indian Mackerel,Rastrelliger kanagurta,3.2,Intermediate Predator,2310054.0,744,10003,3104.91,28.42,588.9,6.7,3.61,9.75,5.97,0.306,8290.71,1593.66,0.1923,-15671.611,4.622,1.2246467991473532e-16,-1.0,676.25,640.57,1300.14,872.3200000000002,872.3200000000002,370.9322443519841,925.604,0.05570039096897457,-0.1707142857142827,-80.82142857142867,30.32,1.64,1.33,2925.0,-0.7456410230918256,2485.86,1526320.7
2012-07-01,2012,7,Southwest Monsoon,Southwest Monsoon,1,Kollam,Indian Mackerel,Rastrelliger kanagurta,3.2,Intermediate Predator,1526320.7,614,8253,2485.86,27.6,763.4,8.4,3.55,12.85,7.49,0.253,10142.35,1290.04,0.1273,-16254.253,4.727,-0.4999999999999997,-0.8660254037844388,3104.91,676.25,640.57,1473.9099999999999,1473.9099999999999,1412.600090471468,1288.8216666666667,3.591364087373544,-0.08428571428571274,155.45000000000005,28.42,9.75,5.97,744.0,-0.17473118044716157,1272.54,3552927.2
2012-08-01,2012,8,Southwest Monsoon,Southwest Monsoon,0,Kollam,Indian Mackerel,Rastrelliger kanagurta,3.2,Intermediate Predator,3552927.2,2792,35636,1272.54,26.74,289.1,6.5,2.51,9.81,5.42,1.149,4826.31,636.3,0.132,-3867.074,2.116,-0.8660254037844385,-0.5000000000000004,2485.86,3104.91,676.25,2089.0066666666667,2089.0066666666667,1262.0288328851022,1523.4750000000001,-0.1993777590996912,-0.6371428571428552,-127.91428571428565,27.6,12.85,7.49,614.0,3.547231212585811,2134.13,7102386.9
2012-09-01,2012,9,Southwest Monsoon,Southwest Monsoon,0,Kollam,Indian Mackerel,Rastrelliger kanagurta,3.2,Intermediate Predator,7102386.9,3328,45746,2134.13,27.84,330.7,5.8,1.86,8.89,5.16,1.37,6578.54,1101.44,0.1676,-8905.781,3.718,-1.0,-1.8369701987210297e-16,1272.54,2485.86,3104.91,2287.77,2287.77,932.1076602517544,1580.045,-0.4880886273237888,-0.1828571428571415,80.72142857142856,26.74,9.81,5.42,2792.0,0.19197707667629985,1184.64,3751757.2
2012-10-01,2012,10,Post-Monsoon,Post-Monsoon,0,Kollam,Indian Mackerel,Rastrelliger kanagurta,3.2,Intermediate Predator,3751757.2,3167,42713,1184.64,28.49,328.5,3.6,1.19,1.08,1.61,1.303,2863.21,670.24,0.2344,-2442.741,2.032,-0.8660254037844386,0.5000000000000001,2134.13,1272.54,2485.86,1964.176666666667,1964.176666666667,624.2591266720362,1719.0433333333333,0.6770631911211972,-0.3085714285714296,25.94285714285712,27.84,8.89,5.16,3328.0,-0.04837740370078905,1081.65,3202767.6
2012-11-01,2012,11,Post-Monsoon,Post-Monsoon,0,Kollam,Indian Mackerel,Rastrelliger kanagurta,3.2,Intermediate Predator,3202767.6,2961,29202,1081.65,29.06,191.9,3.8,1.38,1.11,1.43,1.219,1752.2,627.19,0.3583,-1271.246,1.806,-0.5000000000000004,0.8660254037844384,1184.64,2134.13,1272.54,1530.4366666666667,1530.4366666666667,524.6578247137209,1809.7216666666666,-0.4449072903482576,0.04428571428571004,23.74285714285716,28.49,1.08,1.61,3167.0,-0.06504578444886079,1009.26,2981352.2
2012-12-01,2012,12,Winter / Post-Monsoon,Northeast/Dry,0,Kollam,Indian Mackerel,Rastrelliger kanagurta,3.2,Intermediate Predator,2981352.2,2954,31549,1009.26,28.23,36.7,3.8,0.69,1.12,0.96,1.216,2071.19,553.59,0.2676,-1449.264,1.826,-2.4492935982947064e-16,1.0,1081.65,1184.64,2134.13,1466.8066666666666,1466.8066666666666,580.2086335391205,1877.2883333333332,-0.08693780315591401,-0.26857142857143046,1.3214285714285765,29.06,1.11,1.43,2961.0,-0.002364066185869415,1066.42,2614866.1
2013-01-01,2013,1,Winter / Post-Monsoon,Northeast/Dry,0,Kollam,Indian Mackerel,Rastrelliger kanagurta,3.2,Intermediate Predator,2614866.1,2452,28183,1066.42,28.6,7.0,3.3,0.56,0.8,0.64,1.009,2545.46,595.03,0.2341,-2054.869,1.807,0.49999999999999994,0.8660254037844387,1009.26,1081.65,1184.64,1077.94,1091.8500000000001,88.13379658224271,1528.0133333333333,-0.0669255298208707,0.3235714285714302,-1.4571428571428573,28.23,1.12,0.96,2954.0,-0.16993906509837825,871.54,3080014.8
2013-02-01,2013,2,Winter / Post-Monsoon,Northeast/Dry,0,Kollam,Indian Mackerel,Rastrelliger kanagurta,3.2,Intermediate Predator,3080014.8,3534,41793,871.54,28.47,9.1,3.9,0.72,0.96,0.79,1.454,2238.88,510.92,0.2285,-1527.913,1.677,0.8660254037844386,0.5000000000000001,1066.42,1009.26,1081.65,933.12,1052.4433333333334,38.16527784955161,1291.4399999999998,0.056635554201736465,-0.18142857142857238,-1.557142857142857,28.6,0.8,0.64,2452.0,0.4412724288691989,950.49,2721246.6
2013-03-01,2013,3,Pre-Monsoon / Summer,Pre-Monsoon,0,Kollam,Indian Mackerel,Rastrelliger kanagurta,3.2,Intermediate Predator,2721246.6,2863,37700,950.49,29.4,25.6,3.6,1.1,1.21,1.11,1.178,1292.87,560.39,0.4339,-812.378,1.632,1.0,6.123233995736766e-17,871.54,1066.42,1009.26,1300.14,982.4066666666668,100.17674247715132,1224.6066666666668,-0.182742257433823,-0.13571428571428612,0.8642857142857139,28.47,0.96,0.79,3534.0,-0.18986983534275653,749.15,2270684.4
2013-04-01,2013,4,Pre-Monsoon / Summer,Pre-Monsoon,0,Kollam,Indian Mackerel,Rastrelliger kanagurta,3.2,Intermediate Predator,2270684.4,3031,43717,749.15,30.12,87.7,3.8,0.96,1.41,1.05,1.247,831.45,453.78,0.5463,-399.733,1.246,0.8660254037844387,-0.4999999999999998,950.49,871.54,1066.42,640.57,962.8166666666666,98.0230260364038,1027.3333333333333,0.09058677638907255,-0.18142857142857238,-1.7071428571428555,29.4,1.21,1.11,2863.0,0.05867970639650818,860.4,2604445.8
2013-05-01,2013,5,Pre-Monsoon / Summer,Pre-Monsoon,0,Kollam,Indian Mackerel,Rastrelliger kanagurta,3.2,Intermediate Predator,2604445.8,3027,42993,860.4,29.84,306.7,5.8,2.05,1.67,1.57,1.246,1177.28,517.99,0.4405,-664.685,1.592,0.49999999999999994,-0.8660254037844387,749.15,950.49,871.54,676.25,857.06,101.44802462345031,954.7516666666667,-0.21182758143875707,-0.28999999999999915,45.64285714285711,30.12,1.41,1.05,3031.0,-0.0013196964654579463,3211.63,2187123.4
2013-06-01,2013,6,Southwest Monsoon,Southwest Monsoon,1,Kollam,Indian Mackerel,Rastrelliger kanagurta,3.2,Intermediate Predator,2187123.4,681,8436,3211.63,28.52,614.9,8.1,3.48,12.14,7.09,0.28,11351.35,1689.01,0.1489,-23393.869,5.361,1.2246467991473532e-16,-1.0,860.4,749.15,950.49,3104.91,853.3466666666667,100.85514876957701,917.8766666666667,0.14850163320427642,-0.07071428571428484,-54.82142857142867,29.84,1.67,1.57,3027.0,-0.7750247744465649,2735.68,1827435.5
2013-07-01,2013,7,Southwest Monsoon,Southwest Monsoon,1,Kollam,Indian Mackerel,Rastrelliger kanagurta,3.2,Intermediate Predator,1827435.5,668,9387,2735.68,27.7,587.9,8.5,4.07,12.71,7.2,0.275,10992.07,1417.81,0.1291,-19477.181,4.458,-0.4999999999999997,-0.8660254037844388,3211.63,860.4,749.15,2485.86,1607.0600000000002,1390.7112584213878,1284.9383333333333,2.732717309010724,0.015714285714285126,-20.049999999999955,28.52,12.14,7.09,681.0,-0.019089573875336656,2056.24,4612146.0
2013-08-01,2013,8,Southwest Monsoon,Southwest Monsoon,0,Kollam,Indian Mackerel,Rastrelliger kanagurta,3.2,Intermediate Predator,4612146.0,2243,22665,2056.24,27.67,394.9,6.8,2.46,9.64,5.61,0.923,8487.2,1084.26,0.1279,-11915.278,3.499,-0.8660254037844385,-0.5000000000000004,2735.68,3211.63,860.4,1272.54,2269.2366666666667,1243.079911201743,1563.1483333333333,-0.14819577551525004,0.29285714285714803,-22.1142857142857,27.7,12.71,7.2,668.0,2.357784395841551,1918.84,5138656.8
2013-09-01,2013,9,Southwest Monsoon,Southwest Monsoon,0,Kollam,Indian Mackerel,Rastrelliger kanagurta,3.2,Intermediate Predator,5138656.8,2678,38381,1918.84,28.29,274.4,5.3,2.11,7.48,4.2,1.102,6369.54,1012.54,0.1591,-8244.012,3.335,-1.0,-1.8369701987210297e-16,2056.24,2735.68,3211.63,2134.13,2667.85,580.6739142582526,1760.5983333333334,-0.24836238065723193,0.2671428571428578,24.42142857142855,27.67,9.64,5.61,2243.0,0.19393669106581946,1032.84,2799004.2
2013-10-01,2013,10,Post-Monsoon,Post-Monsoon,0,Kollam,Indian Mackerel,Rastrelliger kanagurta,3.2,Intermediate Predator,2799004.2,2710,36632,1032.84,28.79,218.6,3.3,1.35,0.83,1.22,1.115,2079.12,578.8,0.2787,-1483.568,1.871,-0.8660254037844386,0.5000000000000001,1918.84,2056.24,2735.68,1184.64,2236.92,437.36808662727145,1921.99,-0.06682099333336086,-0.008571428571428896,-83.95714285714288,28.29,7.48,4.2,2678.0,0.011949215788091053,1042.77,2829036.2
2013-11-01,2013,11,Post-Monsoon,Post-Monsoon,0,Kollam,Indian Mackerel,Rastrelliger kanagurta,3.2,Intermediate Predator,2829036.2,2713,28475,1042.77,28.98,167.2,4.0,0.92,1.51,1.41,1.116,2343.54,596.49,0.2548,-1747.743,1.871,-0.5000000000000004,0.8660254037844384,1032.84,1918.84,2056.24,1081.65,1669.3066666666666,555.4611177511294,1969.2716666666665,-0.461737297212184,-0.03571428571428825,-0.9571428571428555,28.79,0.83,1.22,2710.0,0.0011070110660257894,1069.99,3828428.5
2013-12-01,2013,12,Winter / Post-Monsoon,Northeast/Dry,0,Kollam,Indian Mackerel,Rastrelliger kanagurta,3.2,Intermediate Predator,3828428.5,3578,38415,1069.99,28.38,33.9,3.3,1.21,1.1,0.97,1.472,2559.37,589.54,0.2306,-1999.621,1.861,-2.4492935982947064e-16,1.0,1042.77,1032.84,1918.84,1009.26,1331.4833333333333,508.6900250971454,1999.6666666666667,0.009614267363635598,-0.11857142857143188,-1.4785714285714278,28.98,1.51,1.41,2713.0,0.3188352365689818,924.28,2816289.9
2014-01-01,2014,1,Winter / Post-Monsoon,Northeast/Dry,0,Kollam,Indian Mackerel,Rastrelliger kanagurta,3.2,Intermediate Predator,2816289.9,3047,37241,924.28,27.93,6.7,4.1,0.81,1.43,1.1,1.254,2108.12,479.02,0.2276,-1310.905,1.472,0.49999999999999994,0.8660254037844387,1069.99,1042.77,1032.84,1066.42,1048.5333333333335,19.233892828407743,1642.7266666666667,0.02610355086832621,-0.34642857142857153,-1.7571428571428571,28.38,1.1,0.97,3578.0,-0.1484069308317302,788.77,2579262.3
2014-02-01,2014,2,Winter / Post-Monsoon,Northeast/Dry,0,Kollam,Indian Mackerel,Rastrelliger kanagurta,3.2,Intermediate Predator,2579262.3,3270,37976,788.77,28.56,14.5,4.2,0.7,1.42,1.22,1.346,2013.66,455.96,0.2268,-1177.788,1.496,0.8660254037844386,0.5000000000000001,924.28,1069.99,1042.77,871.54,1012.3466666666668,77.47280447573009,1340.8266666666666,-0.13617884152021198,-0.09142857142857252,3.8428571428571434,27.93,1.43,1.1,3047.0,0.07318674081658437,816.1,2424621.4
2014-03-01,2014,3,Pre-Monsoon / Summer,Pre-Monsoon,0,Kollam,Indian Mackerel,Rastrelliger kanagurta,3.2,Intermediate Predator,2424621.4,2971,35519,816.1,29.3,19.8,3.7,1.28,1.04,1.05,1.223,1622.29,483.77,0.2986,-947.388,1.357,1.0,6.123233995736766e-17,788.77,924.28,1069.99,950.49,927.6800000000002,140.64082657607443,1129.5816666666667,-0.1466114148676655,-0.235714285714284,-4.935714285714287,28.56,1.42,1.22,3270.0,-0.09143730858887672,686.3,2025953.7
2014-04-01,2014,4,Pre-Monsoon / Summer,Pre-Monsoon,0,Kollam,Indian Mackerel,Rastrelliger kanagurta,3.2,Intermediate Predator,2025953.7,2952,32968,686.3,30.0,79.0,3.3,1.27,1.04,0.61,1.215,908.76,407.16,0.4486,-410.36,1.184,0.8660254037844387,-0.4999999999999998,816.1,788.77,924.28,749.15,843.0500000000002,71.66217202961069,945.7916666666666,0.03464888326573172,-0.3014285714285734,-10.407142857142858,29.3,1.04,1.05,2971.0,-0.006395153125563267,620.05,1827273.8
2014-05-01,2014,5,Pre-Monsoon / Summer,Pre-Monsoon,0,Kollam,Indian Mackerel,Rastrelliger kanagurta,3.2,Intermediate Predator,1827273.8,2947,31821,620.05,30.14,259.9,4.6,1.68,1.56,1.33,1.213,785.24,390.33,0.4977,-320.642,1.122,0.49999999999999994,-0.8660254037844387,686.3,816.1,788.77,860.4,763.7233333333335,68.42888011165257,888.0349999999999,-0.15904913418638492,0.010000000000001563,-1.157142857142901,30.0,1.04,0.61,2952.0,-0.0016937669319316837,2706.05,1634454.9
2014-06-01,2014,6,Southwest Monsoon,Southwest Monsoon,1,Kollam,Indian Mackerel,Rastrelliger kanagurta,3.2,Intermediate Predator,1634454.9,604,8297,2706.05,28.69,480.4,8.4,3.2,12.56,7.11,0.249,8790.59,1431.91,0.163,-15014.068,4.665,1.2246467991473532e-16,-1.0,620.05,686.3,816.1,3211.63,707.4833333333335,99.72688119727283,817.5816666666666,-0.09653212740008559,0.09928571428571686,-189.32142857142867,30.14,1.56,1.33,2947.0,-0.7950458065997766,2057.13,1108792.6
2014-07-01,2014,7,Southwest Monsoon,Southwest Monsoon,1,Kollam,Indian Mackerel,Rastrelliger kanagurta,3.2,Intermediate Predator,1108792.6,539,7398,2057.13,27.65,509.6,7.9,3.39,11.67,6.62,0.222,8275.6,1038.46,0.1256,-10849.755,3.456,-0.4999999999999997,-0.8660254037844388,2706.05,620.05,686.3,2735.68,1337.466666666667,1185.6907357457656,1090.2583333333334,3.3642447647085763,-0.034285714285715585,-98.34999999999991,28.69,12.56,7.11,604.0,-0.10761589225801503,1621.39,4711769.7
2014-08-01,2014,8,Southwest Monsoon,Southwest Monsoon,0,Kollam,Indian Mackerel,Rastrelliger kanagurta,3.2,Intermediate Predator,4711769.7,2906,37224,1621.39,27.15,482.4,7.6,2.53,11.02,6.31,1.196,6397.22,816.24,0.1277,-6550.212,2.686,-0.8660254037844385,-0.5000000000000004,2057.13,2706.05,620.05,2056.24,1794.41,1067.5276805778858,1279.0666666666668,-0.23980340259860902,-0.2271428571428551,65.3857142857143,27.65,11.67,6.62,539.0,4.391465595705648,1662.24,4965124.7
2014-09-01,2014,9,Southwest Monsoon,Southwest Monsoon,0,Kollam,Indian Mackerel,Rastrelliger kanagurta,3.2,Intermediate Predator,4965124.7,2987,36772,1662.24,27.89,281.5,6.0,1.88,8.88,5.07,1.229,6314.58,881.18,0.1397,-7101.43,2.994,-1.0,-1.8369701987210297e-16,1621.39,2057.13,2706.05,1918.84,2128.19,545.8103806268253,1417.8366666666668,-0.21181937839699297,-0.1328571428571408,31.521428571428572,27.15,11.02,6.31,2906.0,0.02787336535487486,797.82,2344798.6
2014-10-01,2014,10,Post-Monsoon,Post-Monsoon,0,Kollam,Indian Mackerel,Rastrelliger kanagurta,3.2,Intermediate Predator,2344798.6,2939,36566,797.82,28.72,355.1,3.9,1.19,1.1,1.49,1.209,2136.93,471.05,0.2208,-1281.141,1.641,-0.8660254037844386,0.5000000000000001,1662.24,1621.39,2057.13,1032.84,1780.2533333333333,240.6505703989368,1558.86,0.025194431782640567,-0.07857142857142918,52.542857142857144,27.89,8.88,5.07,2987.0,-0.01606963503157136,979.25,2654748.9
2014-11-01,2014,11,Post-Monsoon,Post-Monsoon,0,Kollam,Indian Mackerel,Rastrelliger kanagurta,3.2,Intermediate Predator,2654748.9,2711,28821,979.25,28.96,190.7,3.2,1.03,0.73,1.19,1.116,1762.01,543.47,0.3088,-1147.364,1.643,-0.5000000000000004,0.8660254037844384,797.82,1662.24,1621.39,1042.77,1360.4833333333336,487.70862267683356,1577.4466666666667,-0.5200332050724732,-0.055714285714287826,22.542857142857144,28.72,1.1,1.49,2939.0,-0.07757740701742971,875.81,2251715.1
2014-12-01,2014,12,Winter / Post-Monsoon,Northeast/Dry,0,Kollam,Indian Mackerel,Rastrelliger kanagurta,3.2,Intermediate Predator,2251715.1,2571,24754,875.81,28.65,30.7,3.1,1.4,1.27,0.95,1.058,1909.81,509.01,0.2669,-1222.892,1.432,-2.4492935982947064e-16,1.0,979.25,797.82,1662.24,1069.99,1146.4366666666667,455.8168713785549,1637.3133333333333,0.22740718172761792,0.1514285714285677,-4.678571428571427,28.96,0.73,1.19,2711.0,-0.051641460525114494,517.77,1694663.7
2015-01-01,2015,1,Winter / Post-Monsoon,Northeast/Dry,0,Kollam,Indian Mackerel,Rastrelliger kanagurta,3.2,Intermediate Predator,1694663.7,3273,46491,517.77,29.02,8.2,3.0,0.9,0.88,0.8,1.347,774.54,293.06,0.3792,-247.462,0.908,0.49999999999999994,0.8660254037844387,875.81,979.25,797.82,924.28,884.2933333333335,91.01201257709923,1332.2733333333333,-0.1056318600395011,0.7435714285714283,-0.257142857142858,28.65,1.27,0.95,2571.0,0.27304550652257675,390.66,1136036.9
2015-02-01,2015,2,Winter / Post-Monsoon,Northeast/Dry,0,Kollam,Indian Mackerel,Rastrelliger kanagurta,3.2,Intermediate Predator,1136036.9,2908,32714,390.66,29.64,7.2,3.4,1.03,1.17,0.81,1.197,664.77,228.42,0.3446,-162.104,0.721,0.8660254037844386,0.5000000000000001,517.77,875.81,979.25,788.77,790.9433333333335,242.16257128907037,1075.7133333333334,-0.4088101253832438,0.9885714285714293,-3.4571428571428564,29.02,0.88,0.8,3273.0,-0.11151848423000768,419.33,1351906.3
2015-03-01,2015,3,Pre-Monsoon / Summer,Pre-Monsoon,0,Kollam,Indian Mackerel,Rastrelliger kanagurta,3.2,Intermediate Predator,1351906.3,3224,41574,419.33,29.9,21.0,4.6,1.43,1.96,1.08,1.327,573.15,257.61,0.4504,-149.185,0.757,1.0,6.123233995736766e-17,390.66,517.77,875.81,816.1,594.7466666666668,251.5684519834196,870.5916666666667,-0.24549509926231528,0.3642857142857139,-3.7357142857142875,29.64,1.17,0.81,2908.0,0.1086657492824424,265.56,897868.3
2015-04-01,2015,4,Pre-Monsoon / Summer,Pre-Monsoon,0,Kollam,Indian Mackerel,Rastrelliger kanagurta,3.2,Intermediate Predator,897868.3,3381,38255,265.56,30.71,82.4,4.8,1.21,1.75,1.02,1.391,357.55,160.23,0.4497,-51.338,0.479,0.8660254037844387,-0.4999999999999998,419.33,390.66,517.77,686.3,442.5866666666668,66.67002649867575,663.4399999999999,0.0733886225006751,0.4085714285714275,-7.007142857142853,29.9,1.96,1.08,3224.0,0.048697270320417894,239.98,786896.6
2015-05-01,2015,5,Pre-Monsoon / Summer,Pre-Monsoon,0,Kollam,Indian Mackerel,Rastrelliger kanagurta,3.2,Intermediate Predator,786896.6,3279,36563,239.98,30.46,286.9,5.5,1.76,1.95,1.51,1.349,357.62,167.41,0.4696,-52.622,0.469,0.49999999999999994,-0.8660254037844387,265.56,419.33,390.66,620.05,358.5166666666668,81.76917899388582,574.7299999999999,-0.36670401910895906,0.33000000000000185,25.8428571428571,30.71,1.75,1.02,3381.0,-0.03016858908557057,1488.83,814392.6
2015-06-01,2015,6,Southwest Monsoon,Southwest Monsoon,1,Kollam,Indian Mackerel,Rastrelliger kanagurta,3.2,Intermediate Predator,814392.6,547,7800,1488.83,28.75,597.7,7.7,3.13,11.54,6.84,0.225,5053.81,795.3,0.1575,-4739.966,2.689,1.2246467991473532e-16,-1.0,239.98,265.56,419.33,2706.05,308.29000000000013,97.01028450633886,451.51833333333326,-0.09632474407573646,0.15928571428571558,-72.0214285714286,30.46,1.95,1.51,3279.0,-0.8331808452784969,1336.74,735206.2
2015-07-01,2015,7,Southwest Monsoon,Southwest Monsoon,1,Kollam,Indian Mackerel,Rastrelliger kanagurta,3.2,Intermediate Predator,735206.2,550,6689,1336.74,28.75,662.2,7.9,3.45,11.82,7.02,0.226,5552.2,750.07,0.1352,-5040.631,2.597,-0.4999999999999997,-0.8660254037844388,1488.83,239.98,265.56,2057.13,664.7900000000001,713.7541770805974,553.6883333333334,5.203975114427239,1.0657142857142858,54.250000000000114,28.75,11.54,6.84,547.0,0.005484460594433993,1183.3,3134562.0
2015-08-01,2015,8,Southwest Monsoon,Southwest Monsoon,0,Kollam,Indian Mackerel,Rastrelliger kanagurta,3.2,Intermediate Predator,3134562.0,2649,29267,1183.3,28.29,360.8,7.1,3.14,10.16,5.72,1.09,4540.96,642.82,0.1417,-3578.74,2.261,-0.8660254037844385,-0.5000000000000004,1336.74,1488.83,239.98,1621.39,1021.85,681.3760816905747,690.1833333333334,-0.10215403973486532,0.9128571428571455,-56.214285714285666,28.75,11.82,7.02,550.0,3.816363566975208,976.45,2936177.6
2015-09-01,2015,9,Southwest Monsoon,Southwest Monsoon,0,Kollam,Indian Mackerel,Rastrelliger kanagurta,3.2,Intermediate Predator,2936177.6,3007,35624,976.45,28.22,157.4,5.6,1.98,8.25,4.45,1.237,3511.52,516.01,0.1472,-2257.08,1.764,-1.0,-1.8369701987210297e-16,1183.3,1336.74,1488.83,1662.24,1336.2900000000002,152.76549708622275,822.29,-0.11478671907187102,0.1971428571428575,-92.57857142857142,28.29,10.16,5.72,2649.0,0.13514533735316972,334.4,1019266.1
2015-10-01,2015,10,Post-Monsoon,Post-Monsoon,0,Kollam,Indian Mackerel,Rastrelliger kanagurta,3.2,Intermediate Predator,1019266.1,3048,39898,334.4,29.74,336.7,3.8,1.21,0.92,1.24,1.254,710.17,214.98,0.3037,-161.77,0.723,-0.8660254037844386,0.5000000000000001,976.45,1183.3,1336.74,797.82,1165.496666666667,180.80359518918328,915.1433333333334,-0.17480773958583837,0.9414285714285704,34.14285714285711,28.22,8.25,4.45,3007.0,0.013634851966628359,452.67,1138911.9
2015-11-01,2015,11,Post-Monsoon,Post-Monsoon,0,Kollam,Indian Mackerel,Rastrelliger kanagurta,3.2,Intermediate Predator,1138911.9,2516,27962,452.67,29.69,164.8,3.9,1.04,0.67,1.02,1.035,537.5,270.18,0.5036,-145.297,0.758,-0.5000000000000004,0.8660254037844384,334.4,976.45,1183.3,979.25,831.3833333333336,442.65229676726415,926.6166666666667,-0.6575349412920791,0.6742857142857126,-3.357142857142833,29.74,0.92,1.24,3048.0,-0.17454068184205812,485.69,1298239.4
2015-12-01,2015,12,Winter / Post-Monsoon,Northeast/Dry,0,Kollam,Indian Mackerel,Rastrelliger kanagurta,3.2,Intermediate Predator,1298239.4,2673,35506,485.69,29.24,30.8,3.9,1.35,1.33,1.01,1.1,829.36,280.27,0.3387,-255.301,0.896,-2.4492935982947064e-16,1.0,452.67,334.4,976.45,875.81,587.8400000000001,341.7019860931463,962.065,0.35367821908857017,0.7414285714285676,-4.578571428571426,29.69,0.67,1.02,2516.0,0.06240063568203245,411.96,1242479.8
2016-01-01,2016,1,Winter / Post-Monsoon,Northeast/Dry,0,Kollam,Indian Mackerel,Rastrelliger kanagurta,3.2,Intermediate Predator,1242479.8,3016,40424,411.96,28.92,10.5,4.4,1.39,0.9,0.9,1.241,839.56,230.68,0.2756,-219.467,0.631,0.49999999999999994,0.8660254037844387,485.69,452.67,334.4,517.77,424.2533333333335,79.54744642874464,794.875,0.07294496933870212,0.6435714285714305,2.0428571428571427,29.24,1.33,1.01,2673.0,0.12832023895128977,365.11,1219116.9
2016-02-01,2016,2,Winter / Post-Monsoon,Northeast/Dry,0,Kollam,Indian Mackerel,Rastrelliger kanagurta,3.2,Intermediate Predator,1219116.9,3339,38659,365.11,29.46,11.0,3.8,0.71,1.82,1.22,1.374,791.23,219.11,0.2778,-189.437,0.679,0.8660254037844386,0.5000000000000001,411.96,485.69,452.67,390.66,450.1066666666668,36.93177809602465,640.745,-0.15180464593043622,0.8085714285714296,0.3428571428571434,28.92,0.9,0.9,3016.0,0.10709549036108922,175.64,552203.0
2016-03-01,2016,3,Pre-Monsoon / Summer,Pre-Monsoon,0,Kollam,Indian Mackerel,Rastrelliger kanagurta,3.2,Intermediate Predator,552203.0,3144,42800,175.64,30.34,24.9,3.2,1.25,1.08,0.72,1.294,277.52,132.84,0.4805,-30.754,0.417,1.0,6.123233995736766e-17,365.11,411.96,485.69,419.33,420.92000000000013,60.787295547677246,504.38000000000005,-0.11372463069898452,0.8042857142857152,0.16428571428571104,29.46,1.82,1.22,3339.0,-0.05840071860317245,183.38,585345.0
2016-04-01,2016,4,Pre-Monsoon / Summer,Pre-Monsoon,0,Kollam,Indian Mackerel,Rastrelliger kanagurta,3.2,Intermediate Predator,585345.0,3192,31158,183.38,30.77,112.4,4.8,1.11,0.83,0.61,1.314,165.45,123.45,0.7477,-14.996,0.334,0.8660254037844387,-0.4999999999999998,175.64,365.11,411.96,265.56,317.57000000000016,125.12723244761962,370.91166666666663,-0.5189394834723924,0.4685714285714262,22.992857142857147,30.34,1.08,0.72,3144.0,0.015267175523959365,185.73,523585.5
2016-05-01,2016,5,Pre-Monsoon / Summer,Pre-Monsoon,0,Kollam,Indian Mackerel,Rastrelliger kanagurta,3.2,Intermediate Predator,523585.5,2819,36748,185.73,30.76,262.9,4.8,1.6,1.27,1.11,1.16,154.57,125.89,0.8156,-13.91,0.352,0.49999999999999994,-0.8660254037844387,183.38,175.64,365.11,239.98,241.37666666666678,107.22607067935458,345.7416666666666,0.044067408103654795,0.6300000000000026,1.842857142857099,30.77,0.83,0.61,3192.0,-0.11685463622539273,1040.93,576675.5
2016-06-01,2016,6,Southwest Monsoon,Southwest Monsoon,1,Kollam,Indian Mackerel,Rastrelliger kanagurta,3.2,Intermediate Predator,576675.5,554,5367,1040.93,29.39,849.2,7.9,3.17,11.56,7.31,0.228,3098.83,594.0,0.1919,-2035.039,2.12,1.2246467991473532e-16,-1.0,185.73,183.38,175.64,1488.83,181.58333333333348,5.279491768524813,301.25166666666667,0.012814919139768802,0.7992857142857162,179.4785714285714,30.76,1.27,1.11,2819.0,-0.8034764072242766,1000.13,610081.6
2016-07-01,2016,7,Southwest Monsoon,Southwest Monsoon,1,Kollam,Indian Mackerel,Rastrelliger kanagurta,3.2,Intermediate Predator,610081.6,610,7271,1000.13,27.91,589.9,8.5,3.21,12.81,7.35,0.251,4271.33,536.41,0.1258,-2738.642,1.878,-0.4999999999999997,-0.8660254037844388,1040.93,185.73,183.38,1336.74,470.0133333333335,494.42973295841955,393.7916666666667,4.604533214637742,0.22571428571428598,-18.049999999999955,29.39,11.56,7.31,554.0,0.1010830306663713,1021.95,3109790.4
2016-08-01,2016,8,Southwest Monsoon,Southwest Monsoon,0,Kollam,Indian Mackerel,Rastrelliger kanagurta,3.2,Intermediate Predator,3109790.4,3043,42906,1021.95,27.83,580.7,7.4,2.58,11.52,6.65,1.252,3657.13,523.51,0.1434,-2251.426,1.677,-0.8660254037844385,-0.5000000000000004,1000.13,1040.93,185.73,1183.3,742.2633333333334,482.40353785325226,491.82,-0.03919571883608204,0.4528571428571446,163.68571428571437,27.91,12.81,7.35,610.0,3.9885245247782866,855.18,2430408.7
2016-09-01,2016,9,Southwest Monsoon,Southwest Monsoon,0,Kollam,Indian Mackerel,Rastrelliger kanagurta,3.2,Intermediate Predator,2430408.7,2842,31395,855.18,28.91,229.6,5.5,2.1,8.61,4.65,1.17,2137.36,485.22,0.2274,-1154.158,1.505,-1.0,-1.8369701987210297e-16,1021.95,1000.13,1040.93,976.45,1021.0033333333336,20.416467209935114,601.2933333333333,0.021817163550566843,0.8871428571428588,-20.378571428571433,27.83,11.52,6.65,3043.0,-0.06605323672016682,342.49,960694.3
2016-10-01,2016,10,Post-Monsoon,Post-Monsoon,0,Kollam,Indian Mackerel,Rastrelliger kanagurta,3.2,Intermediate Predator,960694.3,2805,31327,342.49,29.49,345.5,4.2,1.19,0.78,1.41,1.154,874.0,212.14,0.2436,-206.666,0.612,-0.8660254037844386,0.5000000000000001,855.18,1021.95,1000.13,334.4,959.0866666666669,90.64477168228915,714.5500000000001,-0.1631880213005723,0.6914285714285704,42.94285714285712,28.91,8.61,4.65,2842.0,-0.013019000657920476,461.66,1280180.6
2016-11-01,2016,11,Post-Monsoon,Post-Monsoon,0,Kollam,Indian Mackerel,Rastrelliger kanagurta,3.2,Intermediate Predator,1280180.6,2773,38366,461.66,29.58,126.2,3.5,1.23,1.56,1.22,1.141,621.92,261.01,0.4206,-165.602,0.794,-0.5000000000000004,0.8660254037844384,342.49,855.18,1021.95,452.67,739.8733333333336,354.10195344467417,741.0683333333333,-0.5995112070030729,0.5642857142857096,-41.95714285714284,29.49,0.78,1.41,2805.0,-0.011408199602822817,374.64,1104438.8
2016-12-01,2016,12,Winter / Post-Monsoon,Northeast/Dry,0,Kollam,Indian Mackerel,Rastrelliger kanagurta,3.2,Intermediate Predator,1104438.8,2948,40951,374.64,28.77,38.4,3.1,0.77,1.57,1.13,1.213,868.61,211.5,0.2444,-208.787,0.778,-2.4492935982947064e-16,1.0,461.66,342.49,855.18,485.69,553.1100000000002,268.3003650761599,787.0566666666667,0.34795175485556507,0.2714285714285687,3.0214285714285722,29.58,1.56,1.22,2773.0,0.06310854647274235,607.59,2011733.2
2017-01-01,2017,1,Winter / Post-Monsoon,Northeast/Dry,0,Kollam,Indian Mackerel,Rastrelliger kanagurta,3.2,Intermediate Predator,2011733.2,3311,32314,607.59,28.0,8.8,4.8,0.85,1.34,1.04,1.363,1891.55,348.04,0.1844,-895.87,1.15,0.49999999999999994,0.8660254037844387,374.64,461.66,342.49,411.96,392.93000000000023,61.65440211372213,676.0083333333333,-0.18849369257692483,-0.27642857142857125,0.3428571428571434,28.77,1.57,1.13,2948.0,0.12313432794052127,682.9,2032306.8
2017-02-01,2017,2,Winter / Post-Monsoon,Northeast/Dry,0,Kollam,Indian Mackerel,Rastrelliger kanagurta,3.2,Intermediate Predator,2032306.8,2976,36379,682.9,28.0,9.5,3.0,1.03,1.0,0.86,1.225,1511.92,356.96,0.2366,-686.175,1.164,0.8660254037844386,0.5000000000000001,607.59,374.64,461.66,365.11,481.2966666666669,117.70991731087899,610.585,0.6217969084508621,-0.6514285714285712,-1.1571428571428566,28.0,1.34,1.04,3311.0,-0.10117789156998522,446.82,1145655.9
2017-03-01,2017,3,Pre-Monsoon / Summer,Pre-Monsoon,0,Kollam,Indian Mackerel,Rastrelliger kanagurta,3.2,Intermediate Predator,1145655.9,2564,27137,446.82,29.51,26.0,2.9,1.4,0.69,0.59,1.055,910.8,305.06,0.3357,-318.962,0.953,1.0,6.123233995736766e-17,682.9,607.59,374.64,175.64,555.0433333333335,160.707563709161,554.0766666666667,0.1239487133766402,-0.025714285714283136,1.2642857142857125,28.0,1.0,0.86,2976.0,-0.1384408597498627,605.99,2141560.5
2017-04-01,2017,4,Pre-Monsoon / Summer,Pre-Monsoon,0,Kollam,Indian Mackerel,Rastrelliger kanagurta,3.2,Intermediate Predator,2141560.5,3534,39843,605.99,30.32,91.4,4.9,1.34,1.15,0.84,1.454,630.88,342.52,0.5436,-223.413,0.92,0.8660254037844387,-0.4999999999999998,446.82,682.9,607.59,183.38,579.1033333333336,120.5904607891274,486.01666666666665,-0.3457021475222998,0.018571428571426907,1.9928571428571473,29.51,0.69,0.59,2564.0,0.37831513112981613,488.7,1476373.8
2017-05-01,2017,5,Pre-Monsoon / Summer,Pre-Monsoon,0,Kollam,Indian Mackerel,Rastrelliger kanagurta,3.2,Intermediate Predator,1476373.8,3021,29060,488.7,30.15,279.4,5.4,1.68,2.27,1.8,1.243,627.03,312.92,0.4998,-195.575,0.896,0.49999999999999994,-0.8660254037844387,605.99,446.82,682.9,185.73,578.5700000000003,120.40487490131262,529.9333333333334,0.3562284509147207,0.019999999999999574,18.3428571428571,30.32,1.15,0.84,3534.0,-0.1451612899118243,1828.49,1192172.8
2017-06-01,2017,6,Southwest Monsoon,Southwest Monsoon,1,Kollam,Indian Mackerel,Rastrelliger kanagurta,3.2,Intermediate Predator,1192172.8,652,9101,1828.49,28.32,699.7,7.4,3.31,10.54,6.43,0.268,6969.5,978.1,0.1405,-8400.018,3.292,1.2246467991473532e-16,-1.0,488.7,605.99,446.82,1040.93,513.8366666666669,82.50855248599383,534.44,-0.19355104550320892,-0.27071428571428413,29.9785714285714,30.15,2.27,1.8,3021.0,-0.7841774220980555,1733.68,1054078.9
2017-07-01,2017,7,Southwest Monsoon,Southwest Monsoon,1,Kollam,Indian Mackerel,Rastrelliger kanagurta,3.2,Intermediate Predator,1054078.9,608,7118,1733.68,27.31,754.8,8.0,3.63,11.98,7.23,0.25,6484.26,851.05,0.1314,-6735.478,2.669,-0.4999999999999997,-0.8660254037844388,1828.49,488.7,605.99,1000.13,974.3933333333335,741.9906151922237,776.7483333333333,2.7415387202468033,-0.37428571428571544,146.85000000000002,28.32,10.54,6.43,652.0,-0.0674846615416463,1109.88,3226423.5
2017-08-01,2017,8,Southwest Monsoon,Southwest Monsoon,0,Kollam,Indian Mackerel,Rastrelliger kanagurta,3.2,Intermediate Predator,3226423.5,2907,36870,1109.88,27.17,374.5,6.9,2.58,10.15,5.8,1.196,5142.24,580.09,0.113,-3852.667,1.99,-0.8660254037844385,-0.5000000000000004,1733.68,1828.49,488.7,1021.95,1350.2900000000002,747.6631795802183,964.43,-0.05185152747977001,-0.20714285714285197,-42.51428571428568,27.31,11.98,7.23,608.0,3.7812499378083895,1048.27,3141663.0
2017-09-01,2017,9,Southwest Monsoon,Southwest Monsoon,0,Kollam,Indian Mackerel,Rastrelliger kanagurta,3.2,Intermediate Predator,3141663.0,2997,34069,1048.27,27.51,259.9,4.6,1.83,6.63,3.98,1.233,3705.61,535.41,0.1447,-2536.466,1.872,-1.0,-1.8369701987210297e-16,1109.88,1733.68,1828.49,855.18,1557.3500000000004,390.40912476529303,1035.5933333333335,-0.3598126507786174,-0.5128571428571398,9.92142857142855,27.17,10.15,5.8,2907.0,0.030959752215480727,869.67,2711639.7
2017-10-01,2017,10,Post-Monsoon,Post-Monsoon,0,Kollam,Indian Mackerel,Rastrelliger kanagurta,3.2,Intermediate Predator,2711639.7,3118,43857,869.67,28.83,351.2,4.0,1.19,1.26,1.85,1.283,1539.09,492.84,0.3207,-864.725,1.594,-0.8660254037844386,0.5000000000000001,1048.27,1109.88,1733.68,342.49,1297.2766666666669,379.18972828036243,1135.835,-0.055510505140100794,0.03142857142857025,48.64285714285711,27.51,6.63,3.98,2997.0,0.040373706905659966,870.62,2158256.7
2017-11-01,2017,11,Post-Monsoon,Post-Monsoon,0,Kollam,Indian Mackerel,Rastrelliger kanagurta,3.2,Intermediate Predator,2158256.7,2479,28799,870.62,28.83,165.9,3.6,0.81,1.56,1.44,1.02,1647.18,471.46,0.2867,-923.376,1.492,-0.5000000000000004,0.8660254037844384,869.67,1048.27,1109.88,461.66,1009.2733333333335,124.76283915226799,1179.7816666666665,-0.17037595113495618,-0.18571428571429038,-2.2571428571428385,28.83,1.26,1.85,3118.0,-0.2049390628449677,684.65,1627414.4
2017-12-01,2017,12,Winter / Post-Monsoon,Northeast/Dry,0,Kollam,Indian Mackerel,Rastrelliger kanagurta,3.2,Intermediate Predator,1627414.4,2377,25916,684.65,28.38,35.8,4.1,1.03,1.28,0.89,0.978,1726.26,387.55,0.225,-869.972,1.304,-2.4492935982947064e-16,1.0,870.62,869.67,1048.27,374.64,929.5200000000001,102.8416136590691,1243.4350000000002,0.0010923683570507917,-0.11857142857143188,0.4214285714285708,28.83,1.56,1.44,2479.0,-0.04114562306919877,683.12,2257713.2
2018-01-01,2018,1,Winter / Post-Monsoon,Northeast/Dry,0,Kollam,Indian Mackerel,Rastrelliger kanagurta,3.2,Intermediate Predator,2257713.2,3305,46452,683.12,28.27,10.0,2.7,1.2,1.45,1.1,1.36,1799.6,377.3,0.2101,-885.219,1.236,0.49999999999999994,0.8660254037844387,684.65,870.62,869.67,607.59,808.3133333333335,107.0966415595484,1052.795,-0.21360639298883108,-0.006428571428571672,1.5428571428571427,28.38,1.28,0.89,2377.0,0.3904080757660577,612.56,1903822.5
2018-02-01,2018,2,Winter / Post-Monsoon,Northeast/Dry,0,Kollam,Indian Mackerel,Rastrelliger kanagurta,3.2,Intermediate Predator,1903822.5,3108,35801,612.56,28.61,10.6,3.6,1.21,1.27,1.09,1.279,1571.2,346.29,0.2209,-691.876,1.162,0.8660254037844386,0.5000000000000001,683.12,684.65,870.62,682.9,746.1300000000001,107.81421659503431,877.7016666666667,-0.0022347184366505344,-0.041428571428571814,-0.05714285714285694,28.27,1.45,1.1,3305.0,-0.059606656400585,649.11,1961606.7
2018-03-01,2018,3,Pre-Monsoon / Summer,Pre-Monsoon,0,Kollam,Indian Mackerel,Rastrelliger kanagurta,3.2,Intermediate Predator,1961606.7,3022,29451,649.11,29.04,28.4,3.3,1.28,0.59,0.84,1.244,1360.73,374.95,0.2761,-622.988,1.182,1.0,6.123233995736766e-17,612.56,683.12,684.65,446.82,660.1100000000002,41.186613116410236,794.8149999999999,-0.10329078195206148,-0.49571428571428555,3.664285714285711,28.61,1.27,1.09,3108.0,-0.027670527581497656,441.15,1120518.6
2018-04-01,2018,4,Pre-Monsoon / Summer,Pre-Monsoon,0,Kollam,Indian Mackerel,Rastrelliger kanagurta,3.2,Intermediate Predator,1120518.6,2540,32320,441.15,30.26,81.9,4.3,1.2,0.71,0.76,1.045,403.89,268.74,0.6662,-104.616,0.811,0.8660254037844387,-0.4999999999999998,649.11,612.56,683.12,605.99,648.2633333333337,35.287618697415304,728.2883333333333,0.059667623421907796,-0.041428571428571814,-7.507142857142853,29.04,0.59,0.84,3022.0,-0.15949702131205484,423.39,1223176.6
2018-05-01,2018,5,Pre-Monsoon / Summer,Pre-Monsoon,0,Kollam,Indian Mackerel,Rastrelliger kanagurta,3.2,Intermediate Predator,1223176.6,2889,34740,423.39,30.11,262.5,5.3,2.23,1.57,1.43,1.189,774.4,289.78,0.375,-236.45,0.952,0.49999999999999994,-0.8660254037844387,441.15,649.11,612.56,488.7,567.6066666666669,111.02901437612636,656.8683333333333,-0.3203771268293953,-0.019999999999999574,1.4428571428571217,30.26,0.71,0.76,2540.0,0.1374015742621985,1986.07,1318752.0
2018-06-01,2018,6,Southwest Monsoon,Southwest Monsoon,1,Kollam,Indian Mackerel,Rastrelliger kanagurta,3.2,Intermediate Predator,1318752.0,664,8177,1986.07,28.5,809.8,8.3,3.6,12.39,7.72,0.273,7560.48,1110.96,0.1471,-10020.93,3.802,1.2246467991473532e-16,-1.0,423.39,441.15,649.11,1828.49,504.5500000000002,125.50716951632951,582.33,-0.04025841459235146,-0.09071428571428442,140.0785714285713,30.11,1.57,1.43,2889.0,-0.7701626833846913,1328.69,1050990.9
2018-07-01,2018,7,Southwest Monsoon,Southwest Monsoon,1,Kollam,Indian Mackerel,Rastrelliger kanagurta,3.2,Intermediate Predator,1050990.9,791,9749,1328.69,27.37,723.8,8.4,3.15,12.79,7.59,0.326,6771.54,706.02,0.1044,-6065.982,2.734,-0.4999999999999997,-0.8660254037844388,1986.07,423.39,441.15,1733.68,950.2033333333335,897.1307974500343,799.2333333333332,3.6908759372947886,-0.31428571428571317,115.85000000000002,28.5,12.39,7.72,664.0,0.191265057360466,1308.17,3685120.1
2018-08-01,2018,8,Southwest Monsoon,Southwest Monsoon,0,Kollam,Indian Mackerel,Rastrelliger kanagurta,3.2,Intermediate Predator,3685120.1,2817,33350,1308.17,27.42,371.4,7.8,2.58,10.79,6.05,1.159,5402.22,680.45,0.1261,-4615.111,2.281,-0.8660254037844385,-0.5000000000000004,1328.69,1986.07,423.39,1109.88,1246.0500000000002,784.6108734908034,906.8283333333333,-0.3309953811749063,0.042857142857148034,-45.6142857142857,27.37,12.79,7.59,791.0,2.5613147590225696,1090.67,3320013.4
2018-09-01,2018,9,Southwest Monsoon,Southwest Monsoon,0,Kollam,Indian Mackerel,Rastrelliger kanagurta,3.2,Intermediate Predator,3320013.4,3044,35929,1090.67,27.8,240.5,6.3,2.6,9.52,5.12,1.253,4986.63,607.19,0.1219,-3926.891,2.311,-1.0,-1.8369701987210297e-16,1308.17,1328.69,1986.07,1048.27,1540.9766666666667,385.59865680955807,1022.7633333333333,-0.01544378285797451,-0.22285714285714064,-9.478571428571428,27.42,10.79,6.05,2817.0,0.08058217933765643,745.92,1884181.6
2018-10-01,2018,10,Post-Monsoon,Post-Monsoon,0,Kollam,Indian Mackerel,Rastrelliger kanagurta,3.2,Intermediate Predator,1884181.6,2526,27625,745.92,28.71,262.1,4.3,1.09,1.58,1.63,1.04,1732.54,424.65,0.2455,-892.214,1.31,-0.8660254037844386,0.5000000000000001,1090.67,1308.17,1328.69,869.67,1242.5100000000004,131.89695523400704,1096.3566666666666,-0.16626279331996,-0.08857142857142719,-40.457142857142856,27.8,9.52,5.12,3044.0,-0.17017082729904456,739.86,1994664.1
2018-11-01,2018,11,Post-Monsoon,Post-Monsoon,0,Kollam,Indian Mackerel,Rastrelliger kanagurta,3.2,Intermediate Predator,1994664.1,2696,38979,739.86,29.05,194.9,4.2,0.85,1.39,1.5,1.109,1374.65,435.75,0.3175,-687.743,1.277,-0.5000000000000004,0.8660254037844384,745.92,1090.67,1308.17,870.62,1048.2533333333338,283.5148070795151,1147.1516666666666,-0.3160901068509256,0.03428571428571203,26.74285714285716,28.71,1.58,1.63,2526.0,0.06730007891013429,646.44,1884359.8
2018-12-01,2018,12,Winter / Post-Monsoon,Northeast/Dry,0,Kollam,Indian Mackerel,Rastrelliger kanagurta,3.2,Intermediate Predator,1884359.8,2915,38196,646.44,28.57,36.0,3.8,1.29,1.15,1.05,1.2,1265.99,376.25,0.2978,-561.43,1.36,-2.4492935982947064e-16,1.0,739.86,745.92,1090.67,684.65,858.816666666667,200.8137371629098,1199.8966666666668,-0.008124195515280448,0.0714285714285694,0.6214285714285737,29.05,1.39,1.5,2696.0,0.0812314537046311,548.41,2074080.3
2019-01-01,2019,1,Winter / Post-Monsoon,Northeast/Dry,0,Kollam,Indian Mackerel,Rastrelliger kanagurta,3.2,Intermediate Predator,2074080.3,3782,52299,548.41,28.24,9.3,3.2,0.85,0.38,0.53,1.556,1066.46,296.59,0.2788,-383.8,0.914,0.49999999999999994,0.8660254037844387,646.44,739.86,745.92,683.12,710.7400000000002,55.76780791819355,976.625,-0.12626712991286007,-0.03642857142857281,0.8428571428571434,28.57,1.15,1.05,2915.0,0.29742710018035295,448.63,1515485.3
2019-02-01,2019,2,Winter / Post-Monsoon,Northeast/Dry,0,Kollam,Indian Mackerel,Rastrelliger kanagurta,3.2,Intermediate Predator,1515485.3,3378,42237,448.63,28.35,10.7,3.2,0.5,1.0,0.82,1.39,1275.96,270.2,0.2124,-440.79,0.832,0.8660254037844386,0.5000000000000001,548.41,646.44,739.86,612.56,644.9033333333335,95.7342500536444,846.5783333333333,-0.1516459354055144,-0.3014285714285698,0.042857142857142705,28.24,0.38,0.53,3782.0,-0.10682178713161875,476.29,1136898.1
2019-03-01,2019,3,Pre-Monsoon / Summer,Pre-Monsoon,0,Kollam,Indian Mackerel,Rastrelliger kanagurta,3.2,Intermediate Predator,1136898.1,2387,25230,476.29,29.51,23.6,4.0,1.27,1.01,0.82,0.982,598.63,279.9,0.4685,-172.804,0.88,1.0,6.123233995736766e-17,448.63,548.41,646.44,649.11,547.8266666666669,98.90629016060345,703.3216666666667,-0.18194416254364135,-0.025714285714283136,-1.1357142857142861,28.35,1.0,0.82,3378.0,-0.2933688564435498,281.43,907597.9
2019-04-01,2019,4,Pre-Monsoon / Summer,Pre-Monsoon,0,Kollam,Indian Mackerel,Rastrelliger kanagurta,3.2,Intermediate Predator,907597.9,3225,38752,281.43,30.4,119.2,3.7,1.13,1.21,0.89,1.327,348.89,192.42,0.5528,-61.423,0.558,0.8660254037844387,-0.4999999999999998,476.29,448.63,548.41,441.15,491.1100000000002,51.514429046627434,600.9250000000001,0.06165436859651905,0.0985714285714252,29.792857142857144,29.51,1.01,0.82,2387.0,0.3510682850814064,417.1,1096982.6
2019-05-01,2019,5,Pre-Monsoon / Summer,Pre-Monsoon,0,Kollam,Indian Mackerel,Rastrelliger kanagurta,3.2,Intermediate Predator,1096982.6,2630,27175,417.1,30.02,249.7,4.9,2.33,1.41,1.37,1.082,885.21,251.25,0.2846,-245.391,0.677,0.49999999999999994,-0.8660254037844387,281.43,476.29,448.63,423.39,402.11666666666696,105.42875572315714,523.51,-0.4091204852270574,-0.10999999999999943,-11.35714285714289,30.4,1.21,0.89,3225.0,-0.18449612345892674,1486.36,970591.9
2019-06-01,2019,6,Southwest Monsoon,Southwest Monsoon,1,Kollam,Indian Mackerel,Rastrelliger kanagurta,3.2,Intermediate Predator,970591.9,653,7955,1486.36,28.94,709.7,7.6,3.51,11.95,7.12,0.269,4840.78,828.2,0.1713,-4635.418,2.903,1.2246467991473532e-16,-1.0,417.1,281.43,476.29,1986.07,391.60666666666685,99.90013730387518,469.71666666666664,0.48207367792795097,0.34928571428571686,39.9785714285714,30.02,1.41,1.37,2630.0,-0.7517110237577527,1045.91,744685.2
2019-07-01,2019,7,Southwest Monsoon,Southwest Monsoon,1,Kollam,Indian Mackerel,Rastrelliger kanagurta,3.2,Intermediate Predator,744685.2,712,7511,1045.91,27.38,552.8,7.6,3.78,11.7,6.77,0.293,5245.96,533.17,0.1018,-3590.989,1.945,-0.4999999999999997,-0.8660254037844388,1486.36,417.1,281.43,1328.69,728.296666666667,659.9974244141669,609.7033333333333,2.5635578383227555,-0.30428571428571516,-55.14999999999998,28.94,11.95,7.12,653.0,0.09035221913702575,622.2,1828036.1
2019-08-01,2019,8,Southwest Monsoon,Southwest Monsoon,0,Kollam,Indian Mackerel,Rastrelliger kanagurta,3.2,Intermediate Predator,1828036.1,2938,40671,622.2,26.7,444.6,6.7,2.69,10.05,5.66,1.209,2541.52,314.91,0.1243,-952.979,1.079,-0.8660254037844385,-0.5000000000000004,1045.91,1486.36,417.1,1308.17,983.1233333333336,537.3879985944368,692.62,-0.29632794009305985,-0.6771428571428544,27.585714285714346,27.38,11.7,6.77,712.0,3.126404450471848,1042.92,3009878.8
2019-09-01,2019,9,Southwest Monsoon,Southwest Monsoon,0,Kollam,Indian Mackerel,Rastrelliger kanagurta,3.2,Intermediate Predator,3009878.8,2886,35741,1042.92,27.72,214.5,6.0,1.72,9.15,4.88,1.188,3863.35,542.81,0.1407,-2614.183,1.868,-1.0,-1.8369701987210297e-16,622.2,1045.91,1486.36,1090.67,1051.4900000000005,432.1070222757336,721.5483333333333,-0.40511133457839266,-0.3028571428571425,-35.47857142857143,26.7,10.05,5.66,2938.0,-0.017699114984005733,532.75,1950940.7
2019-10-01,2019,10,Post-Monsoon,Post-Monsoon,0,Kollam,Indian Mackerel,Rastrelliger kanagurta,3.2,Intermediate Predator,1950940.7,3662,52234,532.75,28.86,279.9,4.5,1.38,1.3,1.3,1.507,1143.98,314.58,0.2756,-416.804,0.865,-0.8660254037844386,0.5000000000000001,1042.92,622.2,1045.91,745.92,903.6766666666668,243.77052822959223,815.9866666666667,0.6761812813214195,0.06142857142857139,-22.6571428571429,27.72,9.15,4.88,2886.0,0.26888426795258397,573.02,1638274.6
2019-11-01,2019,11,Post-Monsoon,Post-Monsoon,0,Kollam,Indian Mackerel,Rastrelliger kanagurta,3.2,Intermediate Predator,1638274.6,2859,37315,573.02,28.63,168.1,4.0,0.89,1.09,1.17,1.177,1245.81,310.53,0.2499,-464.143,0.963,-0.5000000000000004,0.8660254037844384,532.75,1042.92,622.2,739.86,732.6233333333336,272.4212576751933,857.8733333333333,-0.4891746204006576,-0.3857142857142897,-0.057142857142849834,28.86,1.3,1.3,3662.0,-0.2192790818698004,421.78,1111806.0
2019-12-01,2019,12,Winter / Post-Monsoon,Northeast/Dry,0,Kollam,Indian Mackerel,Rastrelliger kanagurta,3.2,Intermediate Predator,1111806.0,2636,36072,421.78,28.04,36.2,3.2,1.21,0.73,0.49,1.085,1026.07,234.77,0.2296,-302.712,0.874,-2.4492935982947064e-16,1.0,573.02,532.75,1042.92,646.44,716.2300000000001,283.63741872327194,883.86,0.07558892396829797,-0.45857142857143174,0.8214285714285765,28.63,1.09,1.17,2859.0,-0.07799930018188422,551.93,2299360.8
2020-01-01,2020,1,Winter / Post-Monsoon,Northeast/Dry,0,Kollam,Indian Mackerel,Rastrelliger kanagurta,3.2,Intermediate Predator,2299360.8,4166,58957,551.93,27.64,9.1,3.8,1.27,1.01,0.98,1.714,1717.15,304.98,0.1781,-715.66,1.145,0.49999999999999994,0.8660254037844387,421.78,573.02,532.75,548.41,509.18333333333356,78.32576353495398,706.43,-0.2639349365827557,-0.6364285714285707,0.6428571428571423,28.04,0.73,0.49,2636.0,0.5804248839892834,922.45,2916777.5
2020-02-01,2020,2,Winter / Post-Monsoon,Northeast/Dry,0,Kollam,Indian Mackerel,Rastrelliger kanagurta,3.2,Intermediate Predator,2916777.5,3162,42880,922.45,28.37,12.4,4.2,0.93,0.97,1.12,1.301,1886.11,488.24,0.2593,-1150.362,1.502,0.8660254037844386,0.5000000000000001,551.93,421.78,573.02,448.63,515.5766666666668,81.91189189204177,624.1,0.30857318249862054,-0.28142857142857025,1.7428571428571438,27.64,1.01,0.98,4166.0,-0.24099855919107405,617.5,503882.5
2020-03-01,2020,3,Pre-Monsoon / Summer,Pre-Monsoon,0,Kollam,Indian Mackerel,Rastrelliger kanagurta,3.2,Intermediate Predator,503882.5,816,11150,617.5,29.62,23.2,3.3,1.03,0.65,0.53,0.336,832.7,361.28,0.4345,-332.863,1.111,1.0,6.123233995736766e-17,922.45,551.93,421.78,476.29,632.0533333333336,259.7737931996486,674.1416666666667,0.6713170026757562,0.0842857142857163,-1.5357142857142883,28.37,0.97,1.12,3162.0,-0.7419354815245557,460.3,582743.8
2020-04-01,2020,4,Pre-Monsoon / Summer,Pre-Monsoon,0,Kollam,Indian Mackerel,Rastrelliger kanagurta,3.2,Intermediate Predator,582743.8,1266,17206,460.3,30.09,81.4,3.7,1.11,0.99,0.94,0.521,621.95,292.13,0.4706,-187.41,0.838,0.8660254037844387,-0.4999999999999998,617.5,922.45,551.93,281.43,697.2933333333335,197.72834807718883,603.2383333333333,-0.33058702010312735,-0.21142857142857352,-8.007142857142853,29.62,0.65,0.53,816.0,0.5514705814770762,690.05,683835.2
2020-05-01,2020,5,Pre-Monsoon / Summer,Pre-Monsoon,0,Kollam,Indian Mackerel,Rastrelliger kanagurta,3.2,Intermediate Predator,683835.2,991,10597,690.05,29.6,302.9,5.7,2.1,1.67,1.88,0.408,1629.88,425.66,0.2616,-816.418,1.265,0.49999999999999994,-0.8660254037844387,460.3,617.5,922.45,417.1,666.7500000000003,234.9783553861941,591.1633333333333,-0.25457489466275474,-0.5299999999999976,41.8428571428571,30.09,0.99,0.94,1266.0,-0.21721958754170942,2110.25,1494057.3
2020-06-01,2020,6,Southwest Monsoon,Southwest Monsoon,1,Kollam,Indian Mackerel,Rastrelliger kanagurta,3.2,Intermediate Predator,1494057.3,708,9379,2110.25,28.27,668.3,8.4,3.53,12.23,7.34,0.291,9489.4,1148.97,0.1212,-13694.356,4.072,1.2246467991473532e-16,-1.0,690.05,460.3,617.5,1486.36,589.2833333333335,117.44530996737883,610.6683333333334,0.49913099067714545,-0.32071428571428484,-1.4214285714286916,29.6,1.67,1.88,991.0,-0.28557012829898965,1635.04,1203388.0
2020-07-01,2020,7,Southwest Monsoon,Southwest Monsoon,1,Kollam,Indian Mackerel,Rastrelliger kanagurta,3.2,Intermediate Predator,1203388.0,736,8325,1635.04,27.18,358.8,8.4,3.39,12.12,6.65,0.303,6010.96,798.19,0.1329,-5901.419,2.655,-0.4999999999999997,-0.8660254037844388,2110.25,690.05,460.3,1045.91,1086.866666666667,893.6897396934435,892.08,2.0581117012084387,-0.5042857142857144,-249.14999999999992,28.27,12.23,7.34,708.0,0.039548022040282176,1412.68,4185767.2
2020-08-01,2020,8,Southwest Monsoon,Southwest Monsoon,0,Kollam,Indian Mackerel,Rastrelliger kanagurta,3.2,Intermediate Predator,4185767.2,2963,31947,1412.68,27.4,511.6,6.8,3.21,10.49,6.12,1.219,5935.2,720.49,0.1215,-5427.954,2.681,-0.8660254037844385,-0.5000000000000004,1635.04,2110.25,690.05,622.2,1478.4466666666667,722.9336857785338,1072.5983333333334,-0.22519132697457017,0.022857142857144908,94.58571428571435,27.18,12.12,6.65,736.0,3.025815176279685,1044.13,3375684.6
2020-09-01,2020,9,Southwest Monsoon,Southwest Monsoon,0,Kollam,Indian Mackerel,Rastrelliger kanagurta,3.2,Intermediate Predator,3375684.6,3233,35058,1044.13,27.34,251.7,5.2,2.4,7.92,4.48,1.33,4400.86,550.27,0.1252,-3172.586,2.003,-1.0,-1.8369701987210297e-16,1412.68,1635.04,2110.25,1042.92,1719.3233333333335,356.3407588718084,1154.3033333333335,-0.1359966720325088,-0.6828571428571415,1.7214285714285609,27.4,10.49,6.12,2963.0,0.09112386064419892,773.68,2260691.1
2020-10-01,2020,10,Post-Monsoon,Post-Monsoon,0,Kollam,Indian Mackerel,Rastrelliger kanagurta,3.2,Intermediate Predator,2260691.1,2922,29942,773.68,28.52,238.6,2.9,1.39,0.95,1.25,1.202,2064.25,438.47,0.2128,-1177.881,1.484,-0.8660254037844386,0.5000000000000001,1044.13,1412.68,1635.04,532.75,1363.95,298.453709476029,1225.4083333333335,-0.2608871063447694,-0.27857142857142847,-63.957142857142884,27.34,7.92,4.48,3233.0,-0.09619548377298025,709.56,2032174.5
2020-11-01,2020,11,Post-Monsoon,Post-Monsoon,0,Kollam,Indian Mackerel,Rastrelliger kanagurta,3.2,Intermediate Predator,2032174.5,2864,30130,709.56,29.0,172.0,3.5,1.2,1.07,1.15,1.179,1666.15,403.07,0.2424,-839.116,1.298,-0.5000000000000004,0.8660254037844384,773.68,1044.13,1412.68,573.02,1076.8300000000002,320.7525798805074,1277.6383333333333,-0.2590194682748369,-0.015714285714288678,3.842857142857156,28.52,0.95,1.25,2922.0,-0.019849418138776803,668.08,2190624.9
2020-12-01,2020,12,Winter / Post-Monsoon,Northeast/Dry,0,Kollam,Indian Mackerel,Rastrelliger kanagurta,3.2,Intermediate Predator,2190624.9,3279,34648,668.08,28.05,38.9,4.0,1.3,1.56,1.14,1.349,1775.97,402.43,0.227,-911.6,1.313,-2.4492935982947064e-16,1.0,709.56,773.68,1044.13,421.78,842.4566666666668,177.57236168203104,1280.89,-0.08287664043433152,-0.4485714285714302,3.5214285714285722,29.0,1.07,1.15,2864.0,0.14490223413092795,806.95,2059329.5
2021-01-01,2021,1,Winter / Post-Monsoon,Northeast/Dry,0,Kollam,Indian Mackerel,Rastrelliger kanagurta,3.2,Intermediate Predator,2059329.5,2552,32732,806.95,28.22,9.3,3.3,0.94,1.14,1.05,1.05,2179.08,465.92,0.2142,-1345.989,1.453,0.49999999999999994,0.8660254037844387,668.08,709.56,773.68,551.93,717.1066666666669,53.20295229903806,1040.5283333333334,-0.05845876235330668,-0.05642857142857238,0.8428571428571434,28.05,1.56,1.14,3279.0,-0.221713936499805,868.19,2801638.7
2021-02-01,2021,2,Winter / Post-Monsoon,Northeast/Dry,0,Kollam,Indian Mackerel,Rastrelliger kanagurta,3.2,Intermediate Predator,2801638.7,3227,36569,868.19,28.2,11.4,3.7,0.8,1.29,0.91,1.328,2112.18,469.15,0.2225,-1313.195,1.389,0.8660254037844386,0.5000000000000001,806.95,668.08,709.56,922.45,728.1966666666668,71.28613633332748,902.5133333333333,0.2078643245140653,-0.45142857142857196,0.7428571428571438,28.22,1.14,1.05,2552.0,0.264498431565445,732.61,2314305.8
2021-03-01,2021,3,Pre-Monsoon / Summer,Pre-Monsoon,0,Kollam,Indian Mackerel,Rastrelliger kanagurta,3.2,Intermediate Predator,2314305.8,3159,33208,732.61,29.7,24.2,3.6,0.72,1.04,0.77,1.3,1036.58,429.91,0.4153,-500.687,1.137,1.0,6.123233995736766e-17,868.19,806.95,668.08,617.5,781.0733333333336,102.53391845303614,811.765,0.07589069860721609,0.1642857142857146,-0.5357142857142883,28.2,1.29,0.91,3227.0,-0.02107220321948496,690.43,1859336.8
2021-04-01,2021,4,Pre-Monsoon / Summer,Pre-Monsoon,0,Kollam,Indian Mackerel,Rastrelliger kanagurta,3.2,Intermediate Predator,1859336.8,2693,34581,690.43,30.14,98.4,4.4,1.01,1.7,1.2,1.108,1008.0,416.69,0.414,-460.344,1.241,0.8660254037844387,-0.4999999999999998,732.61,868.19,806.95,460.3,802.5833333333335,67.89539699665883,759.8449999999999,-0.1561639715250813,-0.1614285714285728,8.992857142857147,29.7,1.04,0.77,3159.0,-0.14751503593695778,690.91,2033359.3
2021-05-01,2021,5,Pre-Monsoon / Summer,Pre-Monsoon,0,Kollam,Indian Mackerel,Rastrelliger kanagurta,3.2,Intermediate Predator,2033359.3,2943,31595,690.91,30.03,256.1,5.4,2.13,1.5,1.5,1.211,979.1,438.54,0.4485,-460.306,1.383,0.49999999999999994,-0.8660254037844387,690.43,732.61,868.19,690.05,763.7433333333335,92.87958728016525,745.9699999999999,-0.057574970890719966,-0.09999999999999787,-4.9571428571428555,30.14,1.7,1.2,2693.0,0.09283327109976505,2663.0,1925350.9
2021-06-01,2021,6,Southwest Monsoon,Southwest Monsoon,1,Kollam,Indian Mackerel,Rastrelliger kanagurta,3.2,Intermediate Predator,1925350.9,723,7685,2663.0,28.95,690.0,8.2,3.43,12.25,7.29,0.298,7468.68,1447.3,0.1939,-12468.828,4.683,1.2246467991473532e-16,-1.0,690.91,690.43,732.61,2110.25,704.6500000000001,24.215259651723194,742.8616666666667,0.000695218911472313,0.3592857142857149,20.278571428571354,30.03,1.5,1.5,2943.0,-0.7543323114022007,1750.19,1104367.1
2021-07-01,2021,7,Southwest Monsoon,Southwest Monsoon,1,Kollam,Indian Mackerel,Rastrelliger kanagurta,3.2,Intermediate Predator,1104367.1,631,7334,1750.19,27.21,640.8,7.9,3.47,11.55,6.56,0.26,6411.57,851.17,0.1329,-6749.267,2.85,-0.4999999999999997,-0.8660254037844388,2663.0,690.91,690.43,1635.04,1348.1133333333335,1138.7252817222136,1075.3483333333334,2.8543369924543436,-0.4742857142857133,32.85000000000002,28.95,12.25,7.29,723.0,-0.12724757776974305,1846.09,4685369.6
2021-08-01,2021,8,Southwest Monsoon,Southwest Monsoon,0,Kollam,Indian Mackerel,Rastrelliger kanagurta,3.2,Intermediate Predator,4685369.6,2538,36249,1846.09,27.73,445.8,6.9,2.75,10.28,5.95,1.044,7447.01,960.28,0.1291,-9102.522,3.366,-0.8660254037844385,-0.5000000000000004,1750.19,2663.0,690.91,1412.68,1701.3666666666668,986.9511286955071,1232.555,-0.34277506442818223,0.35285714285714675,28.785714285714334,27.21,11.55,6.56,631.0,3.022186956859161,1577.2,3387823.3
2021-09-01,2021,9,Southwest Monsoon,Southwest Monsoon,0,Kollam,Indian Mackerel,Rastrelliger kanagurta,3.2,Intermediate Predator,3387823.3,2148,21978,1577.2,27.99,239.4,4.9,1.93,7.84,4.27,0.884,5009.27,816.3,0.1631,-5132.936,2.886,-1.0,-1.8369701987210297e-16,1846.09,1750.19,2663.0,1044.13,2086.4266666666667,501.6241711015688,1395.5383333333332,0.05479405061853819,-0.03285714285714292,-10.578571428571422,27.73,10.28,5.95,2538.0,-0.1536643019950185,805.6,2228296.4
2021-10-01,2021,10,Post-Monsoon,Post-Monsoon,0,Kollam,Indian Mackerel,Rastrelliger kanagurta,3.2,Intermediate Predator,2228296.4,2766,34570,805.6,28.18,270.1,4.2,1.82,0.92,1.22,1.138,2097.93,439.69,0.21,-1208.654,1.484,-0.8660254037844386,0.5000000000000001,1577.2,1846.09,1750.19,773.68,1724.4933333333336,136.2743447364012,1536.3033333333333,-0.14565378640448842,-0.6185714285714283,-32.457142857142856,27.99,7.84,4.27,2148.0,0.2877094958672742,857.98,2035983.7
2021-11-01,2021,11,Post-Monsoon,Post-Monsoon,0,Kollam,Indian Mackerel,Rastrelliger kanagurta,3.2,Intermediate Predator,2035983.7,2373,25502,857.98,28.87,171.7,3.9,1.18,1.5,1.52,0.977,2306.56,490.78,0.2131,-1458.075,1.703,-0.5000000000000004,0.8660254037844384,805.6,1577.2,1846.09,709.56,1409.63,540.1061365139279,1555.4983333333332,-0.4892214019197223,-0.14571428571428768,3.5428571428571445,28.18,0.92,1.22,2766.0,-0.14208242898740986,892.48,2708684.5
2021-12-01,2021,12,Winter / Post-Monsoon,Northeast/Dry,0,Kollam,Indian Mackerel,Rastrelliger kanagurta,3.2,Intermediate Predator,2708684.5,3035,42924,892.48,28.52,31.7,5.0,1.03,1.79,1.22,1.249,2203.24,505.74,0.2299,-1435.467,1.524,-2.4492935982947064e-16,1.0,857.98,805.6,1577.2,668.08,1080.26,431.1588324504109,1583.3433333333332,0.06501986016608911,0.021428571428568688,-3.678571428571427,28.87,1.5,1.52,2373.0,0.27897176452182143,852.56,2855208.0
2022-01-01,2022,1,Winter / Post-Monsoon,Northeast/Dry,0,Kollam,Indian Mackerel,Rastrelliger kanagurta,3.2,Intermediate Predator,2855208.0,3349,46159,852.56,27.65,7.3,3.7,0.82,0.96,0.73,1.378,1897.98,461.49,0.2435,-1143.164,1.431,0.49999999999999994,0.8660254037844387,892.48,857.98,805.6,806.95,852.0200000000001,43.74556891847822,1288.2566666666667,0.04021072705411866,-0.6264285714285727,-1.1571428571428575,28.52,1.79,1.22,3035.0,0.10345963722089081,1047.65,3252968.7
2022-02-01,2022,2,Winter / Post-Monsoon,Northeast/Dry,0,Kollam,Indian Mackerel,Rastrelliger kanagurta,3.2,Intermediate Predator,3252968.7,3105,30270,1047.65,28.31,10.7,3.5,0.88,1.02,0.84,1.278,2182.63,572.83,0.2628,-1606.366,1.717,0.8660254037844386,0.5000000000000001,852.56,892.48,857.98,868.19,867.6733333333335,21.653455459456715,1138.6516666666669,-0.0447292931524596,-0.3414285714285725,0.042857142857142705,27.65,0.96,0.73,3349.0,-0.07285756920615834,1138.27,4262804.3
2022-03-01,2022,3,Pre-Monsoon / Summer,Pre-Monsoon,0,Kollam,Indian Mackerel,Rastrelliger kanagurta,3.2,Intermediate Predator,4262804.3,3745,48847,1138.27,29.04,29.5,3.1,1.15,1.0,1.04,1.541,2004.55,622.11,0.3107,-1519.802,1.858,1.0,6.123233995736766e-17,1047.65,852.56,892.48,732.61,930.8966666666669,103.06263742663847,1005.5783333333334,0.22882846686651437,-0.49571428571428555,4.7642857142857125,28.31,1.02,0.84,3105.0,0.20611916197707192,613.24,1591983.9
2022-04-01,2022,4,Pre-Monsoon / Summer,Pre-Monsoon,0,Kollam,Indian Mackerel,Rastrelliger kanagurta,3.2,Intermediate Predator,1591983.9,2596,36767,613.24,30.04,75.5,3.7,0.99,0.96,0.82,1.068,1040.29,397.61,0.3828,-467.852,1.11,0.8660254037844387,-0.4999999999999998,1138.27,1047.65,852.56,690.43,1012.8266666666668,146.00359390554334,932.4233333333335,0.08649835263209694,-0.26142857142857423,-13.907142857142858,29.04,1.0,1.04,3745.0,-0.3068090779524457,717.68,1754726.0
2022-05-01,2022,5,Pre-Monsoon / Summer,Pre-Monsoon,0,Kollam,Indian Mackerel,Rastrelliger kanagurta,3.2,Intermediate Predator,1754726.0,2445,32521,717.68,29.8,226.9,4.6,1.66,1.08,1.22,1.006,1130.88,458.45,0.4059,-575.553,1.41,0.49999999999999994,-0.8660254037844387,613.24,1138.27,1047.65,690.91,933.0533333333336,280.6482179407785,900.3633333333333,-0.4612525985815966,-0.3299999999999983,-34.15714285714287,30.04,0.96,0.82,2596.0,-0.05816640963726344,2947.37,1517896.8
2022-06-01,2022,6,Southwest Monsoon,Southwest Monsoon,1,Kollam,Indian Mackerel,Rastrelliger kanagurta,3.2,Intermediate Predator,1517896.8,515,6911,2947.37,28.15,932.2,7.9,3.26,11.79,7.53,0.212,11784.5,1554.15,0.132,-22671.327,4.982,1.2246467991473532e-16,-1.0,717.68,613.24,1138.27,2663.0,823.0633333333335,277.9268976427698,876.9799999999999,0.170308522433166,-0.44071428571428584,262.4785714285714,29.8,1.08,1.22,2445.0,-0.789366049941243,2125.33,1417595.4
2022-07-01,2022,7,Southwest Monsoon,Southwest Monsoon,1,Kollam,Indian Mackerel,Rastrelliger kanagurta,3.2,Intermediate Predator,1417595.4,667,7798,2125.33,27.41,517.1,8.5,4.01,12.7,7.04,0.274,9077.43,1087.62,0.1199,-12496.602,3.962,-0.4999999999999997,-0.8660254037844388,2947.37,717.68,613.24,1750.19,1426.096666666667,1318.4958643975092,1219.4616666666668,3.1068024313509865,-0.274285714285714,-90.84999999999991,28.15,11.79,7.53,515.0,0.2951456253369782,1128.35,3380537.6
2022-08-01,2022,8,Southwest Monsoon,Southwest Monsoon,0,Kollam,Indian Mackerel,Rastrelliger kanagurta,3.2,Intermediate Predator,3380537.6,2996,28620,1128.35,26.62,260.1,7.8,2.32,11.68,6.21,1.233,4908.61,569.56,0.1162,-3531.362,2.27,-0.8660254037844385,-0.5000000000000004,2125.33,2947.37,717.68,1846.09,1930.126666666667,1127.5893002478053,1431.59,-0.2789062782110618,-0.7571428571428527,-156.91428571428565,27.41,12.7,7.04,667.0,3.491754070588395,2002.44,5865150.3
2022-09-01,2022,9,Southwest Monsoon,Southwest Monsoon,0,Kollam,Indian Mackerel,Rastrelliger kanagurta,3.2,Intermediate Predator,5865150.3,2929,33417,2002.44,27.68,291.6,6.2,2.06,9.5,5.29,1.205,7415.86,1044.33,0.1409,-9861.522,3.502,-1.0,-1.8369701987210297e-16,1128.35,2125.33,2947.37,1577.2,2067.016666666667,910.9109581805105,1445.04,-0.4690942090447403,-0.34285714285714164,41.621428571428595,26.62,11.68,6.21,2996.0,-0.0223631507931804,1063.87,3009690.3
2022-10-01,2022,10,Post-Monsoon,Post-Monsoon,0,Kollam,Indian Mackerel,Rastrelliger kanagurta,3.2,Intermediate Predator,3009690.3,2829,35575,1063.87,28.54,337.9,3.5,1.24,1.19,1.57,1.164,2644.04,592.37,0.2243,-2007.703,1.949,-0.8660254037844386,0.5000000000000001,2002.44,1128.35,2125.33,805.6,1752.0400000000002,543.615121294471,1589.0683333333334,0.7746621103854116,-0.2585714285714289,35.3428571428571,27.68,9.5,5.29,2929.0,-0.03414134505243651,1124.92,4008090.8
2022-11-01,2022,11,Post-Monsoon,Post-Monsoon,0,Kollam,Indian Mackerel,Rastrelliger kanagurta,3.2,Intermediate Predator,4008090.8,3563,39192,1124.92,28.33,162.5,4.0,1.43,1.67,1.77,1.466,3200.34,612.85,0.1917,-2606.514,1.885,-0.5000000000000004,0.8660254037844384,1063.87,2002.44,1128.35,857.98,1398.22,524.2621232742283,1664.1733333333332,-0.468713167591972,-0.6857142857142904,-5.657142857142844,28.54,1.19,1.57,2829.0,0.25945563711751274,899.01,2732988.4
2022-12-01,2022,12,Winter / Post-Monsoon,Northeast/Dry,0,Kollam,Indian Mackerel,Rastrelliger kanagurta,3.2,Intermediate Predator,2732988.4,3040,32601,899.01,28.0,33.7,4.7,1.33,1.36,0.98,1.251,2092.73,494.66,0.2367,-1343.196,1.596,-2.4492935982947064e-16,1.0,1124.92,1063.87,2002.44,892.48,1397.0766666666668,525.1479311901888,1732.0466666666664,0.0573848303139969,-0.4985714285714309,-1.6785714285714235,28.33,1.67,1.77,3563.0,-0.146786415529648,929.44,2788315.4
2023-01-01,2023,1,Winter / Post-Monsoon,Northeast/Dry,0,Kollam,Indian Mackerel,Rastrelliger kanagurta,3.2,Intermediate Predator,2788315.4,3000,43451,929.44,28.72,7.3,3.4,1.12,0.95,0.81,1.235,2180.2,547.42,0.2514,-1552.317,1.861,0.49999999999999994,0.8660254037844387,899.01,1124.92,1063.87,852.56,1029.2666666666667,116.86263317816636,1390.6533333333334,-0.20082316786239768,0.4435714285714276,-1.1571428571428575,28.0,1.36,0.98,3040.0,-0.013157894693559557,1017.93,2780988.4
2023-02-01,2023,2,Winter / Post-Monsoon,Northeast/Dry,0,Kollam,Indian Mackerel,Rastrelliger kanagurta,3.2,Intermediate Predator,2780988.4,2732,35246,1017.93,29.13,7.9,4.6,0.5,1.39,1.1,1.124,1985.08,592.06,0.2986,-1436.448,1.921,0.8660254037844386,0.5000000000000001,929.44,899.01,1124.92,1047.65,984.4566666666669,122.59264755006551,1191.3383333333334,0.03384834391332313,0.47857142857142776,-2.7571428571428562,28.72,0.95,0.81,3000.0,-0.08933333303555555,1031.5,2502424.6
2023-03-01,2023,3,Pre-Monsoon / Summer,Pre-Monsoon,0,Kollam,Indian Mackerel,Rastrelliger kanagurta,3.2,Intermediate Predator,2502424.6,2426,35054,1031.5,29.72,30.8,3.5,1.22,1.55,1.15,0.998,1371.87,609.98,0.445,-938.282,1.842,1.0,6.123233995736766e-17,1017.93,929.44,899.01,1138.27,948.7933333333335,61.77706073725504,1172.935,0.09520786607841414,0.18428571428571416,6.064285714285713,29.13,1.39,1.1,2732.0,-0.11200585610539583,509.55,1278964.1
2023-04-01,2023,4,Pre-Monsoon / Summer,Pre-Monsoon,0,Kollam,Indian Mackerel,Rastrelliger kanagurta,3.2,Intermediate Predator,1278964.1,2510,35066,509.55,30.67,70.9,4.3,1.33,0.58,0.55,1.033,448.17,337.13,0.7528,-149.9,0.89,0.8660254037844387,-0.4999999999999998,1031.5,1017.93,929.44,613.24,992.9566666666669,55.423924737739334,1011.1116666666667,0.013330975476398471,0.36857142857142833,-18.507142857142853,29.72,1.55,1.15,2426.0,0.03462489680698723,691.22,2233341.5
2023-05-01,2023,5,Pre-Monsoon / Summer,Pre-Monsoon,0,Kollam,Indian Mackerel,Rastrelliger kanagurta,3.2,Intermediate Predator,2233341.5,3231,36146,691.22,30.46,217.2,4.1,2.3,1.71,1.21,1.33,847.17,419.89,0.4962,-377.288,1.165,0.49999999999999994,-0.8660254037844387,509.55,1031.5,1017.93,717.68,852.9933333333335,297.5080312081243,918.7249999999999,-0.5060106591758541,0.33000000000000185,-43.85714285714289,30.67,0.58,0.55,2510.0,0.28725099487150996,3150.51,1839897.2
2023-06-01,2023,6,Southwest Monsoon,Southwest Monsoon,1,Kollam,Indian Mackerel,Rastrelliger kanagurta,3.2,Intermediate Predator,1839897.2,584,5667,3150.51,28.81,607.3,7.0,3.43,10.31,6.2,0.24,8127.5,1609.83,0.1982,-15370.029,5.191,1.2246467991473532e-16,-1.0,691.22,509.55,1031.5,2947.37,744.0900000000001,264.9610882752422,846.4416666666667,0.3565302648114952,0.2192857142857143,-62.42142857142869,30.46,1.71,1.21,3231.0,-0.8192510033449365,3345.12,1953548.0
2023-07-01,2023,7,Southwest Monsoon,Southwest Monsoon,1,Kollam,Indian Mackerel,Rastrelliger kanagurta,3.2,Intermediate Predator,1953548.0,584,6811,3345.12,28.14,556.0,8.9,3.02,13.72,7.63,0.24,12690.26,1774.2,0.1399,-27561.733,6.092,-0.4999999999999997,-0.8660254037844388,3150.51,691.22,509.55,2125.33,1450.426666666667,1475.1147421246037,1221.6916666666668,3.5578975788041785,0.4557142857142864,-51.94999999999993,28.81,10.31,6.2,584.0,0.0,2222.55,6867685.5
2023-08-01,2023,8,Southwest Monsoon,Southwest Monsoon,0,Kollam,Indian Mackerel,Rastrelliger kanagurta,3.2,Intermediate Predator,6867685.5,3090,32941,2222.55,27.62,454.9,7.7,3.29,11.31,6.55,1.272,9679.78,1163.4,0.1203,-14456.713,4.29,-0.8660254037844385,-0.5000000000000004,3345.12,3150.51,691.22,1128.35,2395.616666666667,1479.254630222038,1624.305,0.0617709511737116,0.24285714285714732,37.8857142857143,28.14,13.72,7.63,584.0,4.291095816933291,2559.92,6320445.3
2023-09-01,2023,9,Southwest Monsoon,Southwest Monsoon,0,Kollam,Indian Mackerel,Rastrelliger kanagurta,3.2,Intermediate Predator,6320445.3,2469,32868,2559.92,28.66,216.2,5.3,2.04,7.82,4.6,1.016,7256.7,1338.31,0.1845,-11947.219,4.06,-1.0,-1.8369701987210297e-16,2222.55,3345.12,3150.51,2002.44,2906.06,599.8814075298604,1825.075,-0.3355843726515509,0.6371428571428588,-33.77857142857144,27.62,11.31,6.55,3090.0,-0.20097087313601658,1171.34,3216487.6
2023-10-01,2023,10,Post-Monsoon,Post-Monsoon,0,Kollam,Indian Mackerel,Rastrelliger kanagurta,3.2,Intermediate Predator,3216487.6,2746,34221,1171.34,29.22,267.5,4.4,1.04,1.36,1.55,1.13,2237.73,699.17,0.3128,-1865.368,2.028,-0.8660254037844386,0.5000000000000001,2559.92,2222.55,3345.12,1063.87,2709.196666666667,575.9804628920491,2079.8116666666665,0.15179410968574777,0.4214285714285708,-35.05714285714288,28.66,7.82,4.6,2469.0,0.11219117005997906,1165.16,3394108.0
2023-11-01,2023,11,Post-Monsoon,Post-Monsoon,0,Kollam,Indian Mackerel,Rastrelliger kanagurta,3.2,Intermediate Predator,3394108.0,2913,40952,1165.16,29.29,139.2,3.7,1.47,1.01,0.91,1.199,2059.68,659.59,0.3206,-1662.429,1.88,-0.5000000000000004,0.8660254037844384,1171.34,2559.92,2222.55,1124.92,1984.6033333333337,724.2254940509456,2190.11,-0.5424310113502335,0.27428571428571047,-28.957142857142856,29.22,1.36,1.55,2746.0,0.06081573175230978,1121.55,3197548.5
2023-12-01,2023,12,Winter / Post-Monsoon,Northeast/Dry,0,Kollam,Indian Mackerel,Rastrelliger kanagurta,3.2,Intermediate Predator,3197548.5,2851,37623,1121.55,28.79,35.8,4.1,1.28,1.32,1.23,1.173,2401.86,653.9,0.2726,-1961.913,2.118,-2.4492935982947064e-16,1.0,1165.16,1171.34,2559.92,899.01,1632.14,803.486990809435,2269.1,-0.005276008628783914,0.29142857142856826,0.4214285714285708,29.29,1.01,0.91,2913.0,-0.02128389968663268,797.43,2227229.5
2024-01-01,2024,1,Winter / Post-Monsoon,Northeast/Dry,0,Kollam,Indian Mackerel,Rastrelliger kanagurta,3.2,Intermediate Predator,2227229.5,2793,36548,797.43,28.07,8.9,3.0,1.0,0.37,0.51,1.149,1667.29,445.65,0.2677,-956.656,1.547,0.49999999999999994,0.8660254037844387,1121.55,1165.16,1171.34,929.44,1152.6833333333334,27.138744136977802,1930.9400000000003,-0.03742833570129147,-0.20642857142857096,0.44285714285714306,28.79,1.32,1.23,2851.0,-0.020343738967577202,1088.84,3764102.6
2024-02-01,2024,2,Winter / Post-Monsoon,Northeast/Dry,0,Kollam,Indian Mackerel,Rastrelliger kanagurta,3.2,Intermediate Predator,3764102.6,3457,40331,1088.84,28.2,10.9,4.1,1.59,1.24,1.06,1.423,2429.99,615.09,0.2534,-1918.562,1.836,0.8660254037844386,0.5000000000000001,797.43,1121.55,1165.16,1017.93,1028.0466666666669,200.9066779211976,1506.325,-0.2889929090188319,-0.45142857142857196,0.24285714285714377,28.07,0.37,0.51,2793.0,0.23773719929202577,848.34,2266759.7
2024-03-01,2024,3,Pre-Monsoon / Summer,Pre-Monsoon,0,Kollam,Indian Mackerel,Rastrelliger kanagurta,3.2,Intermediate Predator,2266759.7,2672,38420,848.34,29.67,29.2,3.5,0.63,1.03,0.77,1.1,1319.37,502.97,0.3817,-770.785,1.492,1.0,6.123233995736766e-17,1088.84,797.43,1121.55,1031.5,1002.6066666666667,178.43930181810197,1317.3733333333332,0.365436460059987,0.134285714285717,4.464285714285712,28.2,1.24,1.06,3457.0,-0.22707549833070437,685.32,2028536.2
2024-04-01,2024,4,Pre-Monsoon / Summer,Pre-Monsoon,0,Kollam,Indian Mackerel,Rastrelliger kanagurta,3.2,Intermediate Predator,2028536.2,2960,40803,685.32,30.3,106.9,4.1,1.86,1.27,0.87,1.218,757.22,416.39,0.5505,-332.998,1.238,0.8660254037844387,-0.4999999999999998,848.34,1088.84,797.43,509.55,911.5366666666667,155.64482334254262,1032.11,-0.22087726184859785,-0.001428571428572667,17.492857142857147,29.67,1.03,0.77,2672.0,0.1077844307343397,808.73,2638078.5
2024-05-01,2024,5,Pre-Monsoon / Summer,Pre-Monsoon,0,Kollam,Indian Mackerel,Rastrelliger kanagurta,3.2,Intermediate Predator,2638078.5,3262,38297,808.73,30.43,238.3,5.3,1.45,1.36,1.18,1.342,674.22,481.04,0.7139,-331.397,1.357,0.49999999999999994,-0.8660254037844387,685.32,848.34,1088.84,691.22,874.1666666666669,202.9959608793513,951.1066666666666,-0.19216351707848836,0.3000000000000007,-22.757142857142867,30.3,1.27,0.87,2960.0,0.10202702668234112,2675.35,1805862.7
2024-06-01,2024,6,Southwest Monsoon,Southwest Monsoon,1,Kollam,Indian Mackerel,Rastrelliger kanagurta,3.2,Intermediate Predator,1805862.7,675,7376,2675.35,28.07,555.8,7.7,3.7,11.28,6.5,0.278,10826.09,1383.32,0.1279,-19061.125,4.849,1.2246467991473532e-16,-1.0,808.73,685.32,848.34,3150.51,780.7966666666667,85.0240168030819,891.7016666666667,0.18007645800390384,-0.5207142857142841,-113.92142857142869,30.43,1.36,1.18,3262.0,-0.7930717327005771,3027.06,2103804.9
2024-07-01,2024,7,Southwest Monsoon,Southwest Monsoon,1,Kollam,Indian Mackerel,Rastrelliger kanagurta,3.2,Intermediate Predator,2103804.9,695,7940,3027.06,28.14,586.5,8.3,3.26,12.54,7.02,0.286,10788.36,1586.12,0.1471,-20928.081,5.381,-0.4999999999999997,-0.8660254037844388,2675.35,808.73,685.32,3345.12,1389.8,1115.0276269671529,1150.6683333333333,2.308087961271525,0.4557142857142864,-21.449999999999932,28.07,11.28,6.5,675.0,0.02962962919067216,2345.48,5976283.8
2024-08-01,2024,8,Southwest Monsoon,Southwest Monsoon,0,Kollam,Indian Mackerel,Rastrelliger kanagurta,3.2,Intermediate Predator,5976283.8,2548,32661,2345.48,27.59,528.2,7.3,3.14,11.14,6.56,1.049,8678.04,1203.11,0.1387,-12960.777,4.131,-0.8660254037844385,-0.5000000000000004,3027.06,2675.35,808.73,2222.55,2170.38,1192.2638226919426,1522.2733333333333,0.13146317255139264,0.2128571428571462,111.18571428571437,28.14,12.54,7.02,695.0,2.6661870119973092,1938.39,6929736.8
2024-09-01,2024,9,Southwest Monsoon,Southwest Monsoon,0,Kollam,Indian Mackerel,Rastrelliger kanagurta,3.2,Intermediate Predator,6929736.8,3575,41683,1938.39,28.01,235.8,5.2,1.94,8.04,4.47,1.471,5430.7,1011.57,0.1864,-6702.546,3.641,-1.0,-1.8369701987210297e-16,2345.48,3027.06,2675.35,2559.92,2682.6299999999997,340.8483136235335,1731.7133333333331,-0.2251623680232226,-0.012857142857139792,-14.178571428571416,27.59,11.14,6.56,2548.0,0.40306122290792296,1235.9,3560613.9
2024-10-01,2024,10,Post-Monsoon,Post-Monsoon,0,Kollam,Indian Mackerel,Rastrelliger kanagurta,3.2,Intermediate Predator,3560613.9,2881,29849,1235.9,28.65,356.4,4.4,1.23,1.23,1.57,1.186,2644.95,677.39,0.2564,-2233.466,1.988,-0.8660254037844386,0.5000000000000001,1938.39,2345.48,3027.06,1171.34,2436.976666666667,550.0721063945515,1913.3883333333333,-0.1735636194997884,-0.14857142857142946,53.8428571428571,28.01,8.04,4.47,3575.0,-0.19412587358286468,1110.97,2832967.3
2024-11-01,2024,11,Post-Monsoon,Post-Monsoon,0,Kollam,Indian Mackerel,Rastrelliger kanagurta,3.2,Intermediate Predator,2832967.3,2550,34933,1110.97,29.19,160.4,4.1,1.38,1.39,1.31,1.049,2378.54,666.13,0.2804,-1957.728,1.944,-0.5000000000000004,0.8660254037844384,1235.9,1938.39,2345.48,1165.16,1839.9233333333339,561.3053602392694,2005.1516666666666,-0.3624090076692048,0.1742857142857126,-7.7571428571428385,28.65,1.23,1.57,2881.0,-0.11489066256546107,1060.68,2777929.9
2024-12-01,2024,12,Winter / Post-Monsoon,Northeast/Dry,0,Kollam,Indian Mackerel,Rastrelliger kanagurta,3.2,Intermediate Predator,2777929.9,2619,34483,1060.68,28.88,38.5,3.2,0.63,1.38,1.12,1.078,2767.99,619.73,0.2242,-2274.377,1.839,-2.4492935982947064e-16,1.0,1110.97,1235.9,1938.39,1121.55,1428.42,446.0425169196326,2055.525,-0.10108422929780546,0.3814285714285681,3.1214285714285737,29.19,1.39,1.31,2550.0,0.02705882342329873,819.91,2299848.5
2025-01-01,2025,1,Winter / Post-Monsoon,Northeast/Dry,0,Kollam,Indian Mackerel,Rastrelliger kanagurta,3.2,Intermediate Predator,2299848.5,2805,35145,819.91,28.27,8.2,3.3,1.34,1.16,0.74,1.154,2216.57,461.03,0.2083,-1403.709,1.521,0.49999999999999994,0.8660254037844387,1060.68,1110.97,1235.9,797.43,1135.8500000000001,90.2206899774066,1786.4133333333332,-0.04526674846965488,-0.006428571428571672,-0.257142857142858,28.88,1.38,1.12,2619.0,0.07101947281015855,989.74,3110741.8
2025-02-01,2025,2,Winter / Post-Monsoon,Northeast/Dry,0,Kollam,Indian Mackerel,Rastrelliger kanagurta,3.2,Intermediate Predator,3110741.8,3143,30653,989.74,29.05,11.8,3.5,1.3,1.05,0.93,1.293,1519.05,558.41,0.368,-992.483,1.704,0.8660254037844386,0.5000000000000001,819.91,1060.68,1110.97,1088.84,997.186666666667,155.5716344110713,1418.555,-0.226995887289325,0.39857142857142946,1.1428571428571441,28.27,1.16,0.74,2805.0,0.120499108304816,845.66,2222404.2
2025-03-01,2025,3,Pre-Monsoon / Summer,Pre-Monsoon,0,Kollam,Indian Mackerel,Rastrelliger kanagurta,3.2,Intermediate Predator,2222404.2,2628,26149,845.66,29.46,20.8,4.2,0.97,1.05,0.73,1.081,1338.52,506.48,0.3789,-791.132,1.373,1.0,6.123233995736766e-17,989.74,819.91,1060.68,848.34,956.7766666666668,123.72341828987683,1192.5983333333334,0.2071324876250749,-0.07571428571428385,-3.935714285714287,29.05,1.05,0.93,3143.0,-0.16385618783373787,590.64,2000509.9
2025-04-01,2025,4,Pre-Monsoon / Summer,Pre-Monsoon,0,Kollam,Indian Mackerel,Rastrelliger kanagurta,3.2,Intermediate Predator,2000509.9,3387,46746,590.64,29.88,87.4,3.2,1.37,0.0,0.54,1.394,991.0,375.92,0.38,-427.021,1.065,0.8660254037844387,-0.4999999999999998,845.66,989.74,819.91,685.32,885.1033333333335,91.52808111902874,1010.4766666666666,-0.14557358351108798,-0.4214285714285744,-2.0071428571428527,29.46,1.05,0.73,2628.0,0.28881278428914464,964.33,2440720.1
2025-05-01,2025,5,Pre-Monsoon / Summer,Pre-Monsoon,0,Kollam,Indian Mackerel,Rastrelliger kanagurta,3.2,Intermediate Predator,2440720.1,2531,29915,964.33,29.7,258.8,5.7,2.3,1.8,1.59,1.042,1369.59,578.61,0.4229,-877.229,1.682,0.49999999999999994,-0.8660254037844387,590.64,845.66,989.74,808.73,808.6800000000002,202.10354474871988,902.9333333333334,-0.30156327245508513,-0.4299999999999997,-2.257142857142867,29.88,0.0,0.54,3387.0,-0.25273102966421307,2858.72,1643764.6
2025-06-01,2025,6,Southwest Monsoon,Southwest Monsoon,1,Kollam,Indian Mackerel,Rastrelliger kanagurta,3.2,Intermediate Predator,1643764.6,575,5884,2858.72,28.49,572.2,8.5,3.26,12.44,7.31,0.237,10933.11,1547.3,0.1416,-20717.85,5.168,1.2246467991473532e-16,-1.0,964.33,590.64,845.66,2675.35,800.21,190.9458847422426,878.4933333333333,0.6326865665602303,-0.10071428571428598,-97.5214285714286,29.7,1.8,1.59,2531.0,-0.7728170652990238,1907.64,1178923.3
2025-07-01,2025,7,Southwest Monsoon,Southwest Monsoon,1,Kollam,Indian Mackerel,Rastrelliger kanagurta,3.2,Intermediate Predator,1178923.3,618,8598,1907.64,27.83,707.7,7.6,3.22,11.18,6.95,0.254,7149.31,1037.99,0.1453,-8989.802,4.096,-0.4999999999999997,-0.8660254037844388,2858.72,964.33,590.64,3027.06,1471.2300000000002,1216.0417053292213,1178.1666666666667,1.9644623524679066,0.14571428571428413,99.75000000000011,28.49,12.44,7.31,575.0,0.07478260739508509,1423.13,5096241.9
2025-08-01,2025,8,Southwest Monsoon,Southwest Monsoon,0,Kollam,Indian Mackerel,Rastrelliger kanagurta,3.2,Intermediate Predator,5096241.9,3581,36983,1423.13,27.35,339.2,6.5,2.71,10.01,5.62,1.474,7597.72,773.16,0.1019,-8005.621,2.881,-0.8660254037844385,-0.5000000000000004,1907.64,2858.72,964.33,2345.48,1910.2300000000002,947.1976557720162,1359.455,-0.3326943515535121,-0.02714285714285225,-77.81428571428569,27.83,11.18,6.95,618.0,4.794498304296144,1905.47,5792637.2
2025-09-01,2025,9,Southwest Monsoon,Southwest Monsoon,0,Kollam,Indian Mackerel,Rastrelliger kanagurta,3.2,Intermediate Predator,5792637.2,3040,41183,1905.47,28.46,276.5,5.3,2.21,8.2,4.81,1.251,6010.26,1057.74,0.1761,-7791.249,3.669,-1.0,-1.8369701987210297e-16,1423.13,1907.64,2858.72,1938.39,2063.1633333333334,730.322047067824,1431.6866666666667,-0.25398397887450475,0.4371428571428595,26.521428571428572,27.35,10.01,5.62,3581.0,-0.1510751182600527,936.17,3387995.9
2025-10-01,2025,10,Post-Monsoon,Post-Monsoon,0,Kollam,Indian Mackerel,Rastrelliger kanagurta,3.2,Intermediate Predator,3387995.9,3619,47249,936.17,28.44,287.7,3.2,0.99,0.82,1.27,1.489,2064.35,528.1,0.2562,-1361.223,1.577,-0.8660254037844386,0.5000000000000001,1905.47,1423.13,1907.64,1235.9,1745.4133333333336,279.1076627993856,1608.3216666666667,0.3389289781050994,-0.35857142857142676,-14.85714285714289,28.46,8.2,4.81,3040.0,0.19046052568927457,1078.29,3285552.3
2025-11-01,2025,11,Post-Monsoon,Post-Monsoon,0,Kollam,Indian Mackerel,Rastrelliger kanagurta,3.2,Intermediate Predator,3285552.3,3047,41074,1078.29,28.76,178.7,3.9,1.21,0.9,1.11,1.254,2118.36,601.27,0.2842,-1577.227,1.782,-0.5000000000000004,0.8660254037844384,936.17,1905.47,1423.13,1110.97,1421.5900000000001,484.6518350321193,1665.91,-0.5086933905614185,-0.2557142857142871,10.542857142857144,28.44,0.82,1.27,3619.0,-0.15805471080946473,878.8,2585432.1
2012-04-01,2012,4,Pre-Monsoon / Summer,Pre-Monsoon,0,Kozhikode,Indian Mackerel,Rastrelliger kanagurta,3.2,Intermediate Predator,1654605.1,3175,31488,521.14,30.52,77.2,5.0,1.47,1.52,0.98,1.411,648.09,320.15,0.4948,-214.656,1.01,0.8660254037844387,-0.4999999999999998,805.5,872.19,949.83,875.84,875.84,72.23419619543087,875.84,-0.0764626964713802,0.2185714285714262,-12.207142857142856,29.29,1.05,0.79,2355.0,0.3481953276085124,646.3,1513640.2
2012-05-01,2012,5,Pre-Monsoon / Summer,Pre-Monsoon,0,Kozhikode,Indian Mackerel,Rastrelliger kanagurta,3.2,Intermediate Predator,1513640.2,2342,23137,646.3,30.32,246.6,6.3,1.7,1.64,1.33,1.041,736.38,397.48,0.5404,-302.839,1.167,0.49999999999999994,-0.8660254037844387,521.14,805.5,872.19,732.9433333333333,732.9433333333333,186.43330719947372,787.165,-0.3530229627185231,0.19000000000000128,-14.457142857142884,30.52,1.52,0.98,3175.0,-0.2623622038980718,1997.78,1236623.9
2012-06-01,2012,6,Southwest Monsoon,Southwest Monsoon,1,Kozhikode,Indian Mackerel,Rastrelliger kanagurta,3.2,Intermediate Predator,1236623.9,619,7989,1997.78,28.42,588.9,6.7,3.61,9.75,5.97,0.275,8496.76,1094.74,0.1289,-11895.088,4.082,1.2246467991473532e-16,-1.0,646.3,521.14,805.5,657.6466666666666,657.6466666666666,142.51916549479702,758.992,0.24016578577415304,-0.1707142857142827,-80.82142857142867,30.32,1.64,1.33,2342.0,-0.7356959831951495,2513.91,1221762.5
2012-07-01,2012,7,Southwest Monsoon,Southwest Monsoon,1,Kozhikode,Indian Mackerel,Rastrelliger kanagurta,3.2,Intermediate Predator,1221762.5,486,5922,2513.91,27.6,763.4,8.4,3.55,12.85,7.49,0.216,9056.67,1228.44,0.1357,-13604.937,4.366,-0.4999999999999997,-0.8660254037844388,1997.78,646.3,521.14,1055.0733333333335,1055.0733333333335,818.8028767251208,965.4566666666666,2.0911031704919827,-0.08428571428571274,155.45000000000005,28.42,9.75,5.97,619.0,-0.21486267827362396,1009.15,3269657.6
2012-08-01,2012,8,Southwest Monsoon,Southwest Monsoon,0,Kozhikode,Indian Mackerel,Rastrelliger kanagurta,3.2,Intermediate Predator,3269657.6,3240,41553,1009.15,26.74,289.1,6.5,2.51,9.81,5.42,1.44,3648.27,503.81,0.1383,-2248.401,1.927,-0.8660254037844385,-0.5000000000000004,2513.91,1997.78,646.3,1719.33,1719.33,964.4389975006195,1226.1366666666665,0.25835176917202207,-0.6371428571428552,-127.91428571428565,27.6,12.85,7.49,486.0,5.66666655006859,1618.46,4424859.1
2012-09-01,2012,9,Southwest Monsoon,Southwest Monsoon,0,Kozhikode,Indian Mackerel,Rastrelliger kanagurta,3.2,Intermediate Predator,4424859.1,2734,34358,1618.46,27.84,330.7,5.8,1.86,8.89,5.16,1.215,7179.63,863.17,0.1203,-8207.152,3.541,-1.0,-1.8369701987210297e-16,1009.15,2513.91,1997.78,1840.28,1840.28,764.6439379868252,1248.9633333333331,-0.5985735344599705,-0.1828571428571415,80.72142857142856,26.74,9.81,5.42,3240.0,-0.1561728390241579,946.2,2480927.4
2012-10-01,2012,10,Post-Monsoon,Post-Monsoon,0,Kozhikode,Indian Mackerel,Rastrelliger kanagurta,3.2,Intermediate Predator,2480927.4,2622,37981,946.2,28.49,328.5,3.6,1.19,1.08,1.61,1.165,1805.15,529.12,0.2935,-1129.951,1.886,-0.8660254037844386,0.5000000000000001,1618.46,1009.15,2513.91,1713.8400000000001,1713.8400000000001,756.9007020078657,1384.4566666666667,0.6037853579370227,-0.3085714285714296,25.94285714285712,27.84,8.89,5.16,2734.0,-0.040965617992078936,920.55,3027698.7
2012-11-01,2012,11,Post-Monsoon,Post-Monsoon,0,Kozhikode,Indian Mackerel,Rastrelliger kanagurta,3.2,Intermediate Predator,3027698.7,3289,35002,920.55,29.06,191.9,3.8,1.38,1.11,1.43,1.462,1760.88,547.75,0.3115,-1138.952,1.835,-0.5000000000000004,0.8660254037844384,946.2,1618.46,1009.15,1191.2700000000002,1191.2700000000002,371.29388319766304,1455.3,-0.4153701641352263,0.04428571428571004,23.74285714285716,28.49,1.08,1.61,2622.0,0.2543859639420825,818.13,2267045.1
2012-12-01,2012,12,Winter / Post-Monsoon,Northeast/Dry,0,Kozhikode,Indian Mackerel,Rastrelliger kanagurta,3.2,Intermediate Predator,2267045.1,2771,39222,818.13,28.23,36.7,3.8,0.69,1.12,0.96,1.232,2396.98,454.6,0.19,-1513.901,1.723,-2.4492935982947064e-16,1.0,920.55,946.2,1618.46,1161.7366666666667,1161.7366666666667,395.74187677491653,1501.0083333333332,-0.02710843344844193,-0.26857142857143046,1.3214285714285765,29.06,1.11,1.43,3289.0,-0.15749467875495687,801.66,2024180.1
2013-01-01,2013,1,Winter / Post-Monsoon,Northeast/Dry,0,Kozhikode,Indian Mackerel,Rastrelliger kanagurta,3.2,Intermediate Predator,2024180.1,2525,34373,801.66,28.6,7.0,3.3,0.56,0.8,0.64,1.122,2086.73,459.71,0.2207,-1303.557,1.505,0.49999999999999994,0.8660254037844387,818.13,920.55,946.2,949.83,894.96,67.76147356721114,1304.3999999999999,-0.11125957187268942,0.3235714285714302,-1.4571428571428573,28.23,1.12,0.96,2771.0,-0.08877661462007717,891.59,2817409.9
2013-02-01,2013,2,Winter / Post-Monsoon,Northeast/Dry,0,Kozhikode,Indian Mackerel,Rastrelliger kanagurta,3.2,Intermediate Predator,2817409.9,3160,45434,891.59,28.47,9.1,3.9,0.72,0.96,0.79,1.404,2038.04,488.96,0.2403,-1305.595,1.601,0.8660254037844386,0.5000000000000001,801.66,818.13,920.55,872.19,846.7800000000001,64.41525362831271,1019.025,-0.020131274734684318,-0.18142857142857238,-1.557142857142857,28.6,0.8,0.64,2525.0,0.2514851475188707,779.32,2431464.1
2013-03-01,2013,3,Pre-Monsoon / Summer,Pre-Monsoon,0,Kozhikode,Indian Mackerel,Rastrelliger kanagurta,3.2,Intermediate Predator,2431464.1,3120,33774,779.32,29.4,25.6,3.6,1.1,1.21,1.11,1.387,1576.64,465.99,0.296,-882.672,1.657,1.0,6.123233995736766e-17,891.59,801.66,818.13,805.5,837.1266666666667,47.880123572660004,999.4316666666667,0.11217972566699451,-0.13571428571428612,0.8642857142857139,28.47,0.96,0.79,3160.0,-0.012658227808043583,702.7,1767283.8
2013-04-01,2013,4,Pre-Monsoon / Summer,Pre-Monsoon,0,Kozhikode,Indian Mackerel,Rastrelliger kanagurta,3.2,Intermediate Predator,1767283.8,2515,23932,702.7,30.12,87.7,3.8,0.96,1.41,1.05,1.118,760.73,433.1,0.5699,-345.02,1.116,0.8660254037844387,-0.4999999999999998,779.32,891.59,801.66,521.14,824.1899999999999,59.42927645529481,859.5749999999999,-0.1259211058230677,-0.18142857142857238,-1.7071428571428555,29.4,1.21,1.11,3120.0,-0.19391025578874918,841.6,2120823.4
2013-05-01,2013,5,Pre-Monsoon / Summer,Pre-Monsoon,0,Kozhikode,Indian Mackerel,Rastrelliger kanagurta,3.2,Intermediate Predator,2120823.4,2520,34657,841.6,29.84,306.7,5.8,2.05,1.67,1.57,1.12,1216.65,500.81,0.4121,-669.942,1.649,0.49999999999999994,-0.8660254037844387,702.7,779.32,891.59,646.3,791.2033333333334,95.00404324729132,818.9916666666667,-0.09831647977318073,-0.28999999999999915,45.64285714285711,30.12,1.41,1.05,2515.0,0.0019880715626716837,2944.15,1563341.7
2013-06-01,2013,6,Southwest Monsoon,Southwest Monsoon,1,Kozhikode,Indian Mackerel,Rastrelliger kanagurta,3.2,Intermediate Predator,1563341.7,531,5968,2944.15,28.52,614.9,8.1,3.48,12.14,7.09,0.236,8841.06,1523.44,0.1724,-15931.789,5.021,1.2246467991473532e-16,-1.0,841.6,702.7,779.32,1997.78,774.54,69.57326210549473,805.8333333333334,0.19766614205683586,-0.07071428571428484,-54.82142857142867,29.84,1.67,1.57,2520.0,-0.7892857111536281,2180.06,1244816.4
2013-07-01,2013,7,Southwest Monsoon,Southwest Monsoon,1,Kozhikode,Indian Mackerel,Rastrelliger kanagurta,3.2,Intermediate Predator,1244816.4,571,7547,2180.06,27.7,587.9,8.5,4.07,12.71,7.2,0.254,10614.66,1106.42,0.1043,-15355.856,4.206,-0.4999999999999997,-0.8660254037844388,2944.15,841.6,702.7,2513.91,1496.1499999999999,1255.9264717729297,1160.17,2.498277061569902,0.015714285714285126,-20.049999999999955,28.52,12.14,7.09,531.0,0.0753295654363547,1964.67,4656275.8
2013-08-01,2013,8,Southwest Monsoon,Southwest Monsoon,0,Kozhikode,Indian Mackerel,Rastrelliger kanagurta,3.2,Intermediate Predator,4656275.8,2370,24204,1964.67,27.67,394.9,6.8,2.46,9.64,5.61,1.053,6923.45,969.93,0.1402,-8456.814,3.381,-0.8660254037844385,-0.5000000000000004,2180.06,2944.15,841.6,1009.15,1988.6033333333335,1064.270109997144,1389.9033333333334,-0.25952821609113597,0.29285714285714803,-22.1142857142857,27.7,12.71,7.2,571.0,3.1506129045426814,2014.6,5417257.3
2013-09-01,2013,9,Southwest Monsoon,Southwest Monsoon,0,Kozhikode,Indian Mackerel,Rastrelliger kanagurta,3.2,Intermediate Predator,5417257.3,2689,36932,2014.6,28.29,274.4,5.3,2.11,7.48,4.2,1.195,5343.56,1055.07,0.1976,-6857.82,3.248,-1.0,-1.8369701987210297e-16,1964.67,2180.06,2944.15,1618.46,2362.96,514.7179568462703,1568.75,-0.0988000325734152,0.2671428571428578,24.42142857142855,27.67,9.64,5.61,2370.0,0.1345991555502145,848.16,2582633.6
2013-10-01,2013,10,Post-Monsoon,Post-Monsoon,0,Kozhikode,Indian Mackerel,Rastrelliger kanagurta,3.2,Intermediate Predator,2582633.6,3045,42781,848.16,28.79,218.6,3.3,1.35,0.83,1.22,1.353,1895.12,491.72,0.2599,-1156.26,1.702,-0.8660254037844386,0.5000000000000001,2014.6,1964.67,2180.06,946.2,2053.11,112.7407561620878,1774.63,0.025413937071294652,-0.008571428571428896,-83.95714285714288,28.29,7.48,4.2,2689.0,0.13239122301081732,1011.65,2662668.9
2013-11-01,2013,11,Post-Monsoon,Post-Monsoon,0,Kozhikode,Indian Mackerel,Rastrelliger kanagurta,3.2,Intermediate Predator,2662668.9,2632,33194,1011.65,28.98,167.2,4.0,0.92,1.51,1.41,1.17,1975.85,554.13,0.2808,-1328.057,1.886,-0.5000000000000004,0.8660254037844384,848.16,2014.6,1964.67,920.55,1609.1433333333334,659.5035833362344,1798.8733333333332,-0.5789933456815579,-0.03571428571428825,-0.9571428571428555,28.79,0.83,1.22,3045.0,-0.13563218346262007,952.51,2532719.7
2013-12-01,2013,12,Winter / Post-Monsoon,Northeast/Dry,0,Kozhikode,Indian Mackerel,Rastrelliger kanagurta,3.2,Intermediate Predator,2532719.7,2659,37843,952.51,28.38,33.9,3.3,1.21,1.1,0.97,1.182,2118.77,505.06,0.2387,-1388.209,1.626,-2.4492935982947064e-16,1.0,1011.65,848.16,2014.6,818.13,1291.47,631.5615509987927,1827.215,0.19275843953076735,-0.11857142857143188,-1.4785714285714278,28.98,1.51,1.41,2632.0,0.010258358623638454,673.71,1399289.7
2014-01-01,2014,1,Winter / Post-Monsoon,Northeast/Dry,0,Kozhikode,Indian Mackerel,Rastrelliger kanagurta,3.2,Intermediate Predator,1399289.7,2077,21099,673.71,27.93,6.7,4.1,0.81,1.43,1.1,0.923,1722.7,375.5,0.2184,-832.174,1.251,0.49999999999999994,0.8660254037844387,952.51,1011.65,848.16,801.66,937.4399999999999,82.78027361637048,1495.2749999999999,-0.05845895261741755,-0.34642857142857153,-1.7571428571428571,28.38,1.1,0.97,2659.0,-0.2188792771008677,775.06,2012044.4
2014-02-01,2014,2,Winter / Post-Monsoon,Northeast/Dry,0,Kozhikode,Indian Mackerel,Rastrelliger kanagurta,3.2,Intermediate Predator,2012044.4,2596,24779,775.06,28.56,14.5,4.2,0.7,1.42,1.22,1.154,2177.56,434.9,0.2001,-1259.508,1.405,0.8660254037844386,0.5000000000000001,673.71,952.51,1011.65,891.59,879.29,180.47641729600366,1244.2166666666667,-0.2927003360311142,-0.09142857142857252,3.8428571428571434,27.93,1.43,1.1,2077.0,0.24987963288454676,568.94,1438287.3
2014-03-01,2014,3,Pre-Monsoon / Summer,Pre-Monsoon,0,Kozhikode,Indian Mackerel,Rastrelliger kanagurta,3.2,Intermediate Predator,1438287.3,2528,25347,568.94,29.3,19.8,3.7,1.28,1.04,1.05,1.124,1189.4,353.86,0.2981,-492.399,1.228,1.0,6.123233995736766e-17,775.06,673.71,952.51,779.32,800.4266666666666,141.1203771017308,1045.9483333333333,0.15043564515242977,-0.235714285714284,-4.935714285714287,28.56,1.42,1.22,2596.0,-0.026194144737310687,539.06,1571368.7
2014-04-01,2014,4,Pre-Monsoon / Summer,Pre-Monsoon,0,Kozhikode,Indian Mackerel,Rastrelliger kanagurta,3.2,Intermediate Predator,1571368.7,2915,30534,539.06,30.0,79.0,3.3,1.27,1.04,0.61,1.296,750.79,343.42,0.4581,-278.851,1.006,0.8660254037844387,-0.4999999999999998,568.94,775.06,673.71,702.7,672.57,103.06472869028266,805.0050000000001,-0.26594069793382824,-0.3014285714285734,-10.407142857142858,29.3,1.04,1.05,2528.0,0.15308544243241518,529.22,1280175.2
2014-05-01,2014,5,Pre-Monsoon / Summer,Pre-Monsoon,0,Kozhikode,Indian Mackerel,Rastrelliger kanagurta,3.2,Intermediate Predator,1280175.2,2419,34370,529.22,30.14,259.9,4.6,1.68,1.56,1.33,1.075,867.02,334.1,0.3861,-311.423,0.93,0.49999999999999994,-0.8660254037844387,539.06,568.94,775.06,841.6,627.6866666666666,128.50049857232062,753.4883333333333,-0.052518718098240456,0.010000000000001563,-1.157142857142901,30.0,1.04,0.61,2915.0,-0.17015437334423886,1939.61,1328633.1
2014-06-01,2014,6,Southwest Monsoon,Southwest Monsoon,1,Kozhikode,Indian Mackerel,Rastrelliger kanagurta,3.2,Intermediate Predator,1328633.1,685,8792,1939.61,28.69,480.4,8.4,3.2,12.56,7.11,0.304,7879.02,1080.25,0.1372,-10419.992,4.387,1.2246467991473532e-16,-1.0,529.22,539.06,568.94,2944.15,545.74,20.685415151786394,673.0833333333334,-0.018253997361072877,0.09928571428571686,-189.32142857142867,30.14,1.56,1.33,2419.0,-0.7168251313897266,1888.57,846077.6
2014-07-01,2014,7,Southwest Monsoon,Southwest Monsoon,1,Kozhikode,Indian Mackerel,Rastrelliger kanagurta,3.2,Intermediate Predator,846077.6,448,4644,1888.57,27.65,509.6,7.9,3.39,11.67,6.62,0.199,7612.6,955.97,0.1257,-9155.818,3.242,-0.4999999999999997,-0.8660254037844388,1939.61,529.22,539.06,2180.06,1002.63,811.4633982503468,837.5999999999999,2.665035284663556,-0.034285714285715585,-98.34999999999991,28.69,12.56,7.11,685.0,-0.3459853964089723,1236.31,3136514.9
2014-08-01,2014,8,Southwest Monsoon,Southwest Monsoon,0,Kozhikode,Indian Mackerel,Rastrelliger kanagurta,3.2,Intermediate Predator,3136514.9,2537,33474,1236.31,27.15,482.4,7.6,2.53,11.02,6.31,1.128,5188.52,622.73,0.1202,-4055.969,2.351,-0.8660254037844385,-0.5000000000000004,1888.57,1939.61,529.22,1964.67,1452.4666666666665,799.9622341294205,1040.0766666666666,-0.026314568256945614,-0.2271428571428551,65.3857142857143,27.65,11.67,6.62,448.0,4.662946324487805,1448.94,3899090.9
2014-09-01,2014,9,Southwest Monsoon,Southwest Monsoon,0,Kozhikode,Indian Mackerel,Rastrelliger kanagurta,3.2,Intermediate Predator,3899090.9,2691,36923,1448.94,27.89,281.5,6.0,1.88,8.88,5.07,1.196,6407.73,766.47,0.1198,-6498.893,2.63,-1.0,-1.8369701987210297e-16,1236.31,1888.57,1939.61,2014.6,1688.1633333333332,392.1477355963358,1116.9516666666666,-0.34537242280999686,-0.1328571428571408,31.521428571428572,27.15,11.02,6.31,2537.0,0.060701615842721254,872.38,2564809.4
2014-10-01,2014,10,Post-Monsoon,Post-Monsoon,0,Kozhikode,Indian Mackerel,Rastrelliger kanagurta,3.2,Intermediate Predator,2564809.4,2940,31310,872.38,28.72,355.1,3.9,1.19,1.1,1.49,1.307,1595.85,480.23,0.3014,-899.283,1.603,-0.8660254037844386,0.5000000000000001,1448.94,1236.31,1888.57,848.16,1524.6066666666666,332.6482530141018,1263.618333333333,0.1719876068948112,-0.07857142857142918,52.542857142857144,27.89,8.88,5.07,2691.0,0.09253065740419673,846.89,2504248.9
2014-11-01,2014,11,Post-Monsoon,Post-Monsoon,0,Kozhikode,Indian Mackerel,Rastrelliger kanagurta,3.2,Intermediate Predator,2504248.9,2957,33158,846.89,28.96,190.7,3.2,1.03,0.73,1.19,1.314,1567.81,458.66,0.293,-860.692,1.443,-0.5000000000000004,0.8660254037844384,872.38,1448.94,1236.31,1011.65,1185.8766666666668,291.5698873912295,1319.1716666666666,-0.39791847558961396,-0.055714285714287826,22.542857142857144,28.72,1.1,1.49,2940.0,0.005782312905502337,610.91,1683662.5
2014-12-01,2014,12,Winter / Post-Monsoon,Northeast/Dry,0,Kozhikode,Indian Mackerel,Rastrelliger kanagurta,3.2,Intermediate Predator,1683662.5,2756,35250,610.91,28.65,30.7,3.1,1.4,1.27,0.95,1.225,1356.22,372.65,0.2753,-612.205,1.311,-2.4492935982947064e-16,1.0,846.89,872.38,1448.94,952.51,1056.07,340.474026468982,1372.1166666666668,-0.02921891802633122,0.1514285714285677,-4.678571428571427,28.96,0.73,1.19,2957.0,-0.06797429804540311,417.64,1290506.1
2015-01-01,2015,1,Winter / Post-Monsoon,Northeast/Dry,0,Kozhikode,Indian Mackerel,Rastrelliger kanagurta,3.2,Intermediate Predator,1290506.1,3090,31600,417.64,29.02,8.2,3.0,0.9,0.88,0.8,1.373,722.5,242.73,0.3369,-190.761,0.791,0.49999999999999994,0.8660254037844387,610.91,846.89,872.38,673.71,776.7266666666666,144.16591217529435,1150.6666666666667,-0.2786430318147218,0.7435714285714283,-0.257142857142858,28.65,1.27,0.95,2756.0,0.12119013018436091,452.45,1589010.1
2015-02-01,2015,2,Winter / Post-Monsoon,Northeast/Dry,0,Kozhikode,Indian Mackerel,Rastrelliger kanagurta,3.2,Intermediate Predator,1589010.1,3512,35702,452.45,29.64,7.2,3.4,1.03,1.17,0.81,1.561,464.38,250.43,0.5403,-114.301,0.721,0.8660254037844386,0.5000000000000001,417.64,610.91,846.89,775.06,625.1466666666666,214.9788422922936,905.5116666666668,-0.3163641073748325,0.9885714285714293,-3.4571428571428564,29.02,0.88,0.8,3090.0,0.13656957884605314,365.83,913111.4
2015-03-01,2015,3,Pre-Monsoon / Summer,Pre-Monsoon,0,Kozhikode,Indian Mackerel,Rastrelliger kanagurta,3.2,Intermediate Predator,913111.4,2496,33806,365.83,29.9,21.0,4.6,1.43,1.96,1.08,1.109,423.66,218.53,0.517,-87.896,0.733,1.0,6.123233995736766e-17,452.45,417.64,610.91,568.94,493.6666666666667,103.01666580381539,774.8683333333333,0.08334929404871914,0.3642857142857139,-3.7357142857142875,29.64,1.17,0.81,3512.0,-0.2892938488345847,164.19,486326.8
2015-04-01,2015,4,Pre-Monsoon / Summer,Pre-Monsoon,0,Kozhikode,Indian Mackerel,Rastrelliger kanagurta,3.2,Intermediate Predator,486326.8,2962,30624,164.19,30.71,82.4,4.8,1.21,1.75,1.02,1.316,245.91,112.25,0.4587,-20.949,0.319,0.8660254037844387,-0.4999999999999998,365.83,452.45,417.64,539.06,411.97333333333336,43.58714757052909,594.35,-0.19144656445029146,0.4085714285714275,-7.007142857142853,29.9,1.96,1.08,2496.0,0.18669871720072628,196.28,612189.5
2015-05-01,2015,5,Pre-Monsoon / Summer,Pre-Monsoon,0,Kozhikode,Indian Mackerel,Rastrelliger kanagurta,3.2,Intermediate Predator,612189.5,3119,30707,196.28,30.46,286.9,5.5,1.76,1.95,1.51,1.386,330.3,140.34,0.4266,-38.911,0.423,0.49999999999999994,-0.8660254037844387,164.19,365.83,452.45,529.22,327.49,147.90511688241835,476.3183333333333,-0.5511849615617921,0.33000000000000185,25.8428571428571,30.71,1.75,1.02,2962.0,0.053004726357175125,1330.64,832983.6
2015-06-01,2015,6,Southwest Monsoon,Southwest Monsoon,1,Kozhikode,Indian Mackerel,Rastrelliger kanagurta,3.2,Intermediate Predator,832983.6,626,7345,1330.64,28.75,597.7,7.7,3.13,11.54,6.84,0.278,3905.76,721.14,0.1848,-3202.675,2.455,1.2246467991473532e-16,-1.0,196.28,164.19,365.83,1939.61,242.1,108.34794275851263,367.88333333333327,0.19544429042911932,0.15928571428571558,-72.0214285714286,30.46,1.95,1.51,3119.0,-0.7992946431571187,1417.51,745610.0
2015-07-01,2015,7,Southwest Monsoon,Southwest Monsoon,1,Kozhikode,Indian Mackerel,Rastrelliger kanagurta,3.2,Intermediate Predator,745610.0,526,6106,1417.51,28.75,662.2,7.9,3.45,11.82,7.02,0.234,4195.65,737.86,0.1761,-3544.833,2.39,-0.4999999999999997,-0.8660254037844388,1330.64,196.28,164.19,1888.57,563.7033333333334,664.3804106333471,487.83833333333337,5.779294590417027,1.0657142857142858,54.250000000000114,28.75,11.54,6.84,626.0,-0.15974440639385934,883.38,2820644.3
2015-08-01,2015,8,Southwest Monsoon,Southwest Monsoon,0,Kozhikode,Indian Mackerel,Rastrelliger kanagurta,3.2,Intermediate Predator,2820644.3,3193,40043,883.38,28.29,360.8,7.1,3.14,10.16,5.72,1.419,3668.48,481.25,0.1314,-2160.777,1.991,-0.8660254037844385,-0.5000000000000004,1417.51,1330.64,196.28,1236.31,981.4766666666668,681.386053007643,654.4833333333335,0.0652843739457375,0.9128571428571455,-56.214285714285666,28.75,11.82,7.02,526.0,5.070342108928857,843.01,2528193.8
2015-09-01,2015,9,Southwest Monsoon,Southwest Monsoon,0,Kozhikode,Indian Mackerel,Rastrelliger kanagurta,3.2,Intermediate Predator,2528193.8,2999,42129,843.01,28.22,157.4,5.6,1.98,8.25,4.45,1.333,2638.71,464.69,0.1764,-1444.723,1.658,-1.0,-1.8369701987210297e-16,883.38,1417.51,1330.64,1448.94,1210.51,286.6132008474153,726.305,-0.37680862655777647,0.1971428571428575,-92.57857142857142,28.29,10.16,5.72,3193.0,-0.060757907733298123,265.62,673876.8
2015-10-01,2015,10,Post-Monsoon,Post-Monsoon,0,Kozhikode,Indian Mackerel,Rastrelliger kanagurta,3.2,Intermediate Predator,673876.8,2537,29316,265.62,29.74,336.7,3.8,1.21,0.92,1.24,1.128,512.9,177.32,0.347,-88.569,0.583,-0.8660254037844386,0.5000000000000001,843.01,883.38,1417.51,872.38,1047.9666666666667,320.66983118674295,805.835,-0.045699471963373955,0.9414285714285704,34.14285714285711,28.22,8.25,4.45,2999.0,-0.15405134993647432,378.57,936964.9
2015-11-01,2015,11,Post-Monsoon,Post-Monsoon,0,Kozhikode,Indian Mackerel,Rastrelliger kanagurta,3.2,Intermediate Predator,936964.9,2475,31558,378.57,29.69,164.8,3.9,1.04,0.67,1.02,1.1,555.57,228.32,0.412,-127.862,0.667,-0.5000000000000004,0.8660254037844384,265.62,843.01,883.38,846.89,664.0033333333333,345.60004981674155,822.7400000000001,-0.6849147615696758,0.6742857142857126,-3.357142857142833,29.74,0.92,1.24,2537.0,-0.024438312871744923,298.24,737852.6
2015-12-01,2015,12,Winter / Post-Monsoon,Northeast/Dry,0,Kozhikode,Indian Mackerel,Rastrelliger kanagurta,3.2,Intermediate Predator,737852.6,2474,30846,298.24,29.24,30.8,3.9,1.35,1.33,1.01,1.1,777.94,184.43,0.2381,-161.174,0.631,-2.4492935982947064e-16,1.0,378.57,265.62,843.01,610.91,495.73333333333335,306.00692481271443,853.1216666666666,0.42523151776103013,0.7414285714285676,-4.578571428571426,29.69,0.67,1.02,2475.0,-0.0004040404024079175,409.04,1100727.0
2016-01-01,2016,1,Winter / Post-Monsoon,Northeast/Dry,0,Kozhikode,Indian Mackerel,Rastrelliger kanagurta,3.2,Intermediate Predator,1100727.0,2691,35098,409.04,28.92,10.5,4.4,1.39,0.9,0.9,1.196,746.61,216.47,0.2909,-177.887,0.706,0.49999999999999994,0.8660254037844387,298.24,378.57,265.62,417.64,314.1433333333334,58.13013532871125,681.055,-0.21219324795432157,0.6435714285714305,2.0428571428571427,29.24,1.33,1.01,2474.0,0.08771220659776795,318.95,949840.6
2016-02-01,2016,2,Winter / Post-Monsoon,Northeast/Dry,0,Kozhikode,Indian Mackerel,Rastrelliger kanagurta,3.2,Intermediate Predator,949840.6,2978,38318,318.95,29.46,11.0,3.8,0.71,1.82,1.22,1.324,700.4,193.14,0.2768,-143.848,0.64,0.8660254037844386,0.5000000000000001,409.04,298.24,378.57,452.45,361.95,57.2392199457762,512.9766666666666,0.3715128630796385,0.8085714285714296,0.3428571428571434,28.92,0.9,0.9,2691.0,0.10665180190764845,206.37,633767.8
2016-03-01,2016,3,Pre-Monsoon / Summer,Pre-Monsoon,0,Kozhikode,Indian Mackerel,Rastrelliger kanagurta,3.2,Intermediate Predator,633767.8,3071,30799,206.37,30.34,24.9,3.2,1.25,1.08,0.72,1.365,342.42,137.86,0.4043,-41.905,0.394,1.0,6.123233995736766e-17,318.95,409.04,298.24,365.83,342.07666666666665,58.90918462628965,418.90500000000003,-0.22024740318190397,0.8042857142857152,0.16428571428571104,29.46,1.82,1.22,2978.0,0.031229012655376046,153.11,381243.5
2016-04-01,2016,4,Pre-Monsoon / Summer,Pre-Monsoon,0,Kozhikode,Indian Mackerel,Rastrelliger kanagurta,3.2,Intermediate Predator,381243.5,2490,28290,153.11,30.77,112.4,4.8,1.11,0.83,0.61,1.107,136.42,114.97,0.8439,-10.796,0.294,0.8660254037844387,-0.4999999999999998,206.37,318.95,409.04,164.19,311.4533333333334,101.542760615094,312.79833333333335,-0.3529706739937083,0.4685714285714262,22.992857142857147,30.34,1.08,0.72,3071.0,-0.1891891885731384,162.51,427235.1
2016-05-01,2016,5,Pre-Monsoon / Summer,Pre-Monsoon,0,Kozhikode,Indian Mackerel,Rastrelliger kanagurta,3.2,Intermediate Predator,427235.1,2629,35844,162.51,30.76,262.9,4.8,1.6,1.27,1.11,1.168,221.79,111.14,0.5033,-18.048,0.336,0.49999999999999994,-0.8660254037844387,153.11,206.37,318.95,196.28,226.14333333333335,84.66974036416018,294.0466666666667,-0.25808013480253256,0.6300000000000026,1.842857142857099,30.77,0.83,0.61,2490.0,0.05582329294850083,888.38,636078.8
2016-06-01,2016,6,Southwest Monsoon,Southwest Monsoon,1,Kozhikode,Indian Mackerel,Rastrelliger kanagurta,3.2,Intermediate Predator,636078.8,716,9460,888.38,29.39,849.2,7.9,3.17,11.56,7.31,0.318,2280.6,510.05,0.224,-1238.368,1.818,1.2246467991473532e-16,-1.0,162.51,153.11,206.37,1330.64,173.99666666666667,28.427355370035883,258.0366666666667,0.06139376517577117,0.7992857142857162,179.4785714285714,30.76,1.27,1.11,2629.0,-0.727653097270243,926.25,547415.4
2016-07-01,2016,7,Southwest Monsoon,Southwest Monsoon,1,Kozhikode,Indian Mackerel,Rastrelliger kanagurta,3.2,Intermediate Predator,547415.4,591,7117,926.25,27.91,589.9,8.5,3.21,12.81,7.35,0.263,4097.75,483.04,0.1181,-2382.879,1.837,-0.4999999999999997,-0.8660254037844388,888.38,162.51,153.11,1417.51,401.3333333333333,421.82097106869196,356.3933333333334,4.466617164075001,0.22571428571428598,-18.049999999999955,29.39,11.56,7.31,716.0,-0.17458100314831002,884.95,2893801.6
2016-08-01,2016,8,Southwest Monsoon,Southwest Monsoon,0,Kozhikode,Indian Mackerel,Rastrelliger kanagurta,3.2,Intermediate Predator,2893801.6,3270,33327,884.95,27.83,580.7,7.4,2.58,11.52,6.65,1.453,3970.53,456.42,0.1152,-2226.337,1.544,-0.8660254037844385,-0.5000000000000004,926.25,888.38,162.51,883.38,659.0466666666666,430.43005266051557,442.595,0.04262815413867767,0.4528571428571446,163.68571428571437,27.91,12.81,7.35,591.0,4.532994847157448,623.51,1752676.2
2016-09-01,2016,9,Southwest Monsoon,Southwest Monsoon,0,Kozhikode,Indian Mackerel,Rastrelliger kanagurta,3.2,Intermediate Predator,1752676.2,2811,36250,623.51,28.91,229.6,5.5,2.1,8.61,4.65,1.249,1874.98,365.09,0.1951,-763.118,1.395,-1.0,-1.8369701987210297e-16,884.95,926.25,888.38,843.01,899.86,22.918667064225723,536.9283333333333,-0.04458839358069206,0.8871428571428588,-20.378571428571433,27.83,11.52,6.65,3270.0,-0.1403669720478074,294.5,713569.3
2016-10-01,2016,10,Post-Monsoon,Post-Monsoon,0,Kozhikode,Indian Mackerel,Rastrelliger kanagurta,3.2,Intermediate Predator,713569.3,2423,28657,294.5,29.49,345.5,4.2,1.19,0.78,1.41,1.077,469.55,185.09,0.3955,-82.18,0.623,-0.8660254037844386,0.5000000000000001,623.51,884.95,926.25,265.62,811.57,164.16864865132086,606.4516666666667,-0.29542911695091123,0.6914285714285704,42.94285714285712,28.91,8.61,4.65,2811.0,-0.13802917062245046,291.05,908937.7
2016-11-01,2016,11,Post-Monsoon,Post-Monsoon,0,Kozhikode,Indian Mackerel,Rastrelliger kanagurta,3.2,Intermediate Predator,908937.7,3123,30274,291.05,29.58,126.2,3.5,1.23,1.56,1.22,1.388,440.67,174.64,0.3977,-72.181,0.589,-0.5000000000000004,0.8660254037844384,294.5,623.51,884.95,378.57,600.9866666666667,295.86868038596816,630.0166666666667,-0.5276739662928587,0.5642857142857096,-41.95714285714284,29.49,0.78,1.41,2423.0,0.2888980590635656,413.54,1057020.1
2016-12-01,2016,12,Winter / Post-Monsoon,Northeast/Dry,0,Kozhikode,Indian Mackerel,Rastrelliger kanagurta,3.2,Intermediate Predator,1057020.1,2556,36017,413.54,28.77,38.4,3.1,0.77,1.57,1.13,1.136,686.11,238.43,0.3485,-172.027,0.789,-2.4492935982947064e-16,1.0,291.05,294.5,623.51,298.24,403.02,190.95773275780385,651.44,-0.011714770400177538,0.2714285714285687,3.0214285714285722,29.58,1.56,1.22,3123.0,-0.18155619538406598,561.79,1474691.5
2017-01-01,2017,1,Winter / Post-Monsoon,Northeast/Dry,0,Kozhikode,Indian Mackerel,Rastrelliger kanagurta,3.2,Intermediate Predator,1474691.5,2625,36685,561.79,28.0,8.8,4.8,0.85,1.34,1.04,1.167,1416.35,313.31,0.2218,-559.144,1.128,0.49999999999999994,0.8660254037844387,413.54,291.05,294.5,409.04,333.03000000000003,69.74504068391416,572.3000000000001,0.4208555086460915,-0.27642857142857125,0.3428571428571434,28.77,1.57,1.13,2556.0,0.026995305058703813,680.75,1816239.5
2017-02-01,2017,2,Winter / Post-Monsoon,Northeast/Dry,0,Kozhikode,Indian Mackerel,Rastrelliger kanagurta,3.2,Intermediate Predator,1816239.5,2668,37894,680.75,28.0,9.5,3.0,1.03,1.0,0.86,1.186,1362.85,353.71,0.2601,-594.354,1.33,0.8660254037844386,0.5000000000000001,561.79,413.54,291.05,318.95,422.1266666666667,135.5740942559978,511.5566666666667,0.35849010111500446,-0.6514285714285712,-1.1571428571428566,28.0,1.34,1.04,2625.0,0.01638095231854875,551.34,1476480.1
2017-03-01,2017,3,Pre-Monsoon / Summer,Pre-Monsoon,0,Kozhikode,Indian Mackerel,Rastrelliger kanagurta,3.2,Intermediate Predator,1476480.1,2678,30441,551.34,29.51,26.0,2.9,1.4,0.69,0.59,1.19,974.67,318.5,0.3275,-360.931,0.963,1.0,6.123233995736766e-17,680.75,561.79,413.54,206.37,552.0266666666666,133.87228254322926,477.52333333333337,0.2117517184045335,-0.025714285714283136,1.2642857142857125,28.0,1.0,0.86,2668.0,0.003748125922983036,343.59,833544.3
2017-04-01,2017,4,Pre-Monsoon / Summer,Pre-Monsoon,0,Kozhikode,Indian Mackerel,Rastrelliger kanagurta,3.2,Intermediate Predator,833544.3,2426,31236,343.59,30.32,91.4,4.9,1.34,1.15,0.84,1.078,560.5,227.89,0.4076,-130.387,0.655,0.8660254037844387,-0.4999999999999998,551.34,680.75,561.79,153.11,597.96,71.88837666828259,465.49500000000006,-0.19009915255087542,0.018571428571426907,1.9928571428571473,29.51,0.69,0.59,2678.0,-0.09410007433121705,530.96,1743138.3
2017-05-01,2017,5,Pre-Monsoon / Summer,Pre-Monsoon,0,Kozhikode,Indian Mackerel,Rastrelliger kanagurta,3.2,Intermediate Predator,1743138.3,3283,36834,530.96,30.15,279.4,5.4,1.68,2.27,1.8,1.459,690.85,319.03,0.4626,-223.146,1.053,0.49999999999999994,-0.8660254037844387,343.59,551.34,680.75,162.51,525.2266666666667,170.09011150955902,473.6766666666667,-0.3768092215908656,0.019999999999999574,18.3428571428571,30.32,1.15,0.84,2426.0,0.3532563876617626,1827.59,972278.0
2017-06-01,2017,6,Southwest Monsoon,Southwest Monsoon,1,Kozhikode,Indian Mackerel,Rastrelliger kanagurta,3.2,Intermediate Predator,972278.0,532,7385,1827.59,28.32,699.7,7.4,3.31,10.54,6.43,0.236,5216.56,957.36,0.1837,-5815.449,3.267,1.2246467991473532e-16,-1.0,530.96,343.59,551.34,888.38,475.2966666666666,114.51559122379025,513.6616666666666,0.5453301741805592,-0.27071428571428413,29.9785714285714,30.15,2.27,1.8,3283.0,-0.8379530891320344,1225.52,696096.3
2017-07-01,2017,7,Southwest Monsoon,Southwest Monsoon,1,Kozhikode,Indian Mackerel,Rastrelliger kanagurta,3.2,Intermediate Predator,696096.3,568,7296,1225.52,27.31,754.8,8.0,3.63,11.98,7.23,0.252,5437.68,638.03,0.1175,-4281.403,2.499,-0.4999999999999997,-0.8660254037844388,1827.59,530.96,343.59,926.25,900.7133333333333,808.1473539109895,749.3366666666666,2.442048319232177,-0.37428571428571544,146.85000000000002,28.32,10.54,6.43,532.0,0.06766917166035392,1215.57,3124010.3
2017-08-01,2017,8,Southwest Monsoon,Southwest Monsoon,0,Kozhikode,Indian Mackerel,Rastrelliger kanagurta,3.2,Intermediate Predator,3124010.3,2570,33228,1215.57,27.17,374.5,6.9,2.58,10.15,5.8,1.142,4261.16,577.44,0.1357,-3021.263,2.035,-0.8660254037844385,-0.5000000000000004,1225.52,1827.59,530.96,884.95,1194.6899999999998,648.8645512739934,859.9583333333334,-0.3294338427687072,-0.20714285714285197,-42.51428571428568,27.31,11.98,7.23,568.0,3.524647825270285,989.85,2505312.7
2017-09-01,2017,9,Southwest Monsoon,Southwest Monsoon,0,Kozhikode,Indian Mackerel,Rastrelliger kanagurta,3.2,Intermediate Predator,2505312.7,2531,26465,989.85,27.51,259.9,4.6,1.83,6.63,3.98,1.125,3342.87,493.01,0.1477,-2081.289,1.689,-1.0,-1.8369701987210297e-16,1215.57,1225.52,1827.59,623.51,1422.8933333333332,350.5129022351875,949.0949999999999,-0.008119002479608672,-0.5128571428571398,9.92142857142855,27.17,10.15,5.8,2570.0,-0.015175097217217519,612.9,1766368.9
2017-10-01,2017,10,Post-Monsoon,Post-Monsoon,0,Kozhikode,Indian Mackerel,Rastrelliger kanagurta,3.2,Intermediate Predator,1766368.9,2882,34511,612.9,28.83,351.2,4.0,1.19,1.26,1.85,1.281,1512.47,378.45,0.2507,-673.644,1.321,-0.8660254037844386,0.5000000000000001,989.85,1215.57,1225.52,294.5,1143.6466666666668,133.28470142268463,1022.18,-0.18569066211167873,0.03142857142857025,48.64285714285711,27.51,6.63,3.98,2531.0,0.13868036294476346,706.67,1754672.9
2017-11-01,2017,11,Post-Monsoon,Post-Monsoon,0,Kozhikode,Indian Mackerel,Rastrelliger kanagurta,3.2,Intermediate Predator,1754672.9,2483,31708,706.67,28.83,165.9,3.6,0.81,1.56,1.44,1.104,1305.66,413.07,0.3169,-618.028,1.288,-0.5000000000000004,0.8660254037844384,612.9,989.85,1215.57,291.05,939.4399999999999,304.48096541491867,1067.0649999999998,-0.3808152711944712,-0.18571428571429038,-2.2571428571428385,28.83,1.26,1.85,2882.0,-0.1384455234613271,685.38,1988288.9
2017-12-01,2017,12,Winter / Post-Monsoon,Northeast/Dry,0,Kozhikode,Indian Mackerel,Rastrelliger kanagurta,3.2,Intermediate Predator,1988288.9,2901,39572,685.38,28.38,35.8,4.1,1.03,1.28,0.89,1.289,1556.27,351.4,0.2263,-702.541,1.429,-2.4492935982947064e-16,1.0,706.67,612.9,989.85,413.54,769.8066666666667,196.24603087281605,1096.3500000000001,0.15299396062989132,-0.11857142857143188,0.4214285714285708,28.83,1.56,1.44,2483.0,0.16834474358298532,592.02,1350994.8
2018-01-01,2018,1,Winter / Post-Monsoon,Northeast/Dry,0,Kozhikode,Indian Mackerel,Rastrelliger kanagurta,3.2,Intermediate Predator,1350994.8,2282,22364,592.02,28.27,10.0,2.7,1.2,1.45,1.1,1.014,1347.15,325.87,0.2425,-537.627,1.107,0.49999999999999994,0.8660254037844387,685.38,706.67,612.9,561.79,668.3166666666667,49.15863335503015,905.9816666666667,-0.03012721595472824,-0.006428571428571672,1.5428571428571427,28.38,1.28,0.89,2901.0,-0.2133746976443478,680.4,2041884.5
2018-02-01,2018,2,Winter / Post-Monsoon,Northeast/Dry,0,Kozhikode,Indian Mackerel,Rastrelliger kanagurta,3.2,Intermediate Predator,2041884.5,3001,38395,680.4,28.61,10.6,3.6,1.21,1.27,1.09,1.334,1532.46,367.53,0.2403,-701.923,1.305,0.8660254037844386,0.5000000000000001,592.02,685.38,706.67,680.75,661.3566666666667,60.983571831553796,800.3983333333332,-0.13621640351022204,-0.041428571428571814,-0.05714285714285694,28.27,1.45,1.1,2282.0,0.31507449467539655,651.31,1935028.2
2018-03-01,2018,3,Pre-Monsoon / Summer,Pre-Monsoon,0,Kozhikode,Indian Mackerel,Rastrelliger kanagurta,3.2,Intermediate Predator,1935028.2,2971,37237,651.31,29.04,28.4,3.3,1.28,0.59,0.84,1.32,1254.89,379.66,0.3031,-567.471,1.165,1.0,6.123233995736766e-17,680.4,592.02,685.38,551.34,652.6,52.52287501651971,711.2033333333334,0.14928549458995483,-0.49571428571428555,3.664285714285711,28.61,1.27,1.09,3001.0,-0.009996667744096409,338.68,1219259.0
2018-04-01,2018,4,Pre-Monsoon / Summer,Pre-Monsoon,0,Kozhikode,Indian Mackerel,Rastrelliger kanagurta,3.2,Intermediate Predator,1219259.0,3600,44631,338.68,30.26,81.9,4.3,1.2,0.71,0.76,1.6,313.62,217.09,0.6932,-62.212,0.655,0.8660254037844387,-0.4999999999999998,651.31,680.4,592.02,343.59,641.2433333333333,45.04175211217126,654.78,-0.04275426157033718,-0.041428571428571814,-7.507142857142853,29.04,0.59,0.84,2971.0,0.21171322715680502,516.37,1540317.3
2018-05-01,2018,5,Pre-Monsoon / Summer,Pre-Monsoon,0,Kozhikode,Indian Mackerel,Rastrelliger kanagurta,3.2,Intermediate Predator,1540317.3,2983,34199,516.37,30.11,262.5,5.3,2.23,1.57,1.43,1.326,635.89,316.62,0.4987,-203.77,0.877,0.49999999999999994,-0.8660254037844387,338.68,651.31,680.4,530.96,556.7966666666666,189.45373375400726,609.0766666666667,-0.480001835070829,-0.019999999999999574,1.4428571428571217,30.26,0.71,0.76,3600.0,-0.17138888841280864,1674.95,1179164.7
2018-06-01,2018,6,Southwest Monsoon,Southwest Monsoon,1,Kozhikode,Indian Mackerel,Rastrelliger kanagurta,3.2,Intermediate Predator,1179164.7,704,9908,1674.95,28.5,809.8,8.3,3.6,12.39,7.72,0.313,5965.29,898.59,0.1508,-6306.886,3.476,1.2246467991473532e-16,-1.0,516.37,338.68,651.31,1827.59,502.12000000000006,156.80139061883645,577.36,0.5246545256686392,-0.09071428571428442,140.0785714285713,30.11,1.57,1.43,2983.0,-0.7639959746429903,1373.57,738978.7
2018-07-01,2018,7,Southwest Monsoon,Southwest Monsoon,1,Kozhikode,Indian Mackerel,Rastrelliger kanagurta,3.2,Intermediate Predator,738978.7,538,7409,1373.57,27.37,723.8,8.4,3.15,12.79,7.59,0.239,5772.49,705.58,0.1224,-4964.274,2.691,-0.4999999999999997,-0.8660254037844388,1674.95,516.37,338.68,1225.52,843.3333333333334,725.6604882679877,742.2883333333333,2.2437011785405585,-0.31428571428571317,115.85000000000002,28.5,12.39,7.72,704.0,-0.23579545119608736,1060.55,3031058.6
2018-08-01,2018,8,Southwest Monsoon,Southwest Monsoon,0,Kozhikode,Indian Mackerel,Rastrelliger kanagurta,3.2,Intermediate Predator,3031058.6,2858,30108,1060.55,27.42,371.4,7.8,2.58,10.79,6.05,1.27,4390.99,561.04,0.128,-3042.899,2.136,-0.8660254037844385,-0.5000000000000004,1373.57,1674.95,516.37,1215.57,1188.2966666666669,601.100291243761,872.5466666666667,-0.17993372829079246,0.042857142857148034,-45.6142857142857,27.37,12.79,7.59,538.0,4.312267577838893,1121.54,2826282.1
2018-09-01,2018,9,Southwest Monsoon,Southwest Monsoon,0,Kozhikode,Indian Mackerel,Rastrelliger kanagurta,3.2,Intermediate Predator,2826282.1,2520,30211,1121.54,27.8,240.5,6.3,2.6,9.52,5.12,1.12,3811.3,589.35,0.1549,-2726.469,2.191,-1.0,-1.8369701987210297e-16,1060.55,1373.57,1674.95,989.85,1369.6899999999998,307.2183764034975,935.9049999999999,-0.22788791086083773,-0.22285714285714064,-9.478571428571428,27.42,10.79,6.05,2858.0,-0.11826452023000517,579.74,1796620.3
2018-10-01,2018,10,Post-Monsoon,Post-Monsoon,0,Kozhikode,Indian Mackerel,Rastrelliger kanagurta,3.2,Intermediate Predator,1796620.3,3099,32115,579.74,28.71,262.1,4.3,1.09,1.58,1.63,1.377,1510.51,332.74,0.2208,-611.88,1.322,-0.8660254037844386,0.5000000000000001,1121.54,1060.55,1373.57,612.9,1185.22,165.94196847091163,1014.2766666666666,0.05750789630373019,-0.08857142857142719,-40.457142857142856,27.8,9.52,5.12,2520.0,0.22976190385015116,562.45,1777350.9
2018-11-01,2018,11,Post-Monsoon,Post-Monsoon,0,Kozhikode,Indian Mackerel,Rastrelliger kanagurta,3.2,Intermediate Predator,1777350.9,3160,40740,562.45,29.05,194.9,4.2,0.85,1.39,1.5,1.404,1350.25,342.59,0.2543,-547.001,1.087,-0.5000000000000004,0.8660254037844384,579.74,1121.54,1060.55,706.67,920.61,296.7729986033114,1054.4533333333331,-0.48308575277666643,0.03428571428571203,26.74285714285716,28.71,1.58,1.63,3099.0,0.019683768894211782,533.72,993785.1
2018-12-01,2018,12,Winter / Post-Monsoon,Northeast/Dry,0,Kozhikode,Indian Mackerel,Rastrelliger kanagurta,3.2,Intermediate Predator,993785.1,1862,23951,533.72,28.57,36.0,3.8,1.29,1.15,1.05,0.828,1165.92,313.48,0.2695,-433.064,1.112,-2.4492935982947064e-16,1.0,562.45,579.74,1121.54,685.38,754.5766666666667,317.9171307641889,1062.1333333333334,-0.02982371356429232,0.0714285714285694,0.6214285714285737,29.05,1.39,1.5,3160.0,-0.4107594923710142,364.72,841402.6
2019-01-01,2019,1,Winter / Post-Monsoon,Northeast/Dry,0,Kozhikode,Indian Mackerel,Rastrelliger kanagurta,3.2,Intermediate Predator,841402.6,2307,33254,364.72,28.24,9.3,3.2,0.85,0.38,0.53,1.025,941.13,215.84,0.2302,-250.17,0.737,0.49999999999999994,0.8660254037844387,533.72,562.45,579.74,592.02,558.6366666666667,23.24577882830438,871.9283333333333,-0.051080095100362814,-0.03642857142857281,0.8428571428571434,28.57,1.15,1.05,1862.0,0.23899033169178124,423.13,1161073.6
2019-02-01,2019,2,Winter / Post-Monsoon,Northeast/Dry,0,Kozhikode,Indian Mackerel,Rastrelliger kanagurta,3.2,Intermediate Predator,1161073.6,2744,38068,423.13,28.35,10.7,3.2,0.5,1.0,0.82,1.22,1012.8,239.89,0.2376,-293.017,0.753,0.8660254037844386,0.5000000000000001,364.72,533.72,562.45,680.4,486.96333333333337,106.83598473049446,703.7866666666667,-0.31664542612895474,-0.3014285714285698,0.042857142857142705,28.24,0.38,0.53,2307.0,0.1894234928936996,374.87,1063503.4
2019-03-01,2019,3,Pre-Monsoon / Summer,Pre-Monsoon,0,Kozhikode,Indian Mackerel,Rastrelliger kanagurta,3.2,Intermediate Predator,1063503.4,2837,33730,374.87,29.51,23.6,4.0,1.27,1.01,0.82,1.261,881.6,217.8,0.2479,-224.23,0.704,1.0,6.123233995736766e-17,423.13,364.72,533.72,651.31,440.52333333333337,85.83208044393683,597.55,0.16015024785725349,-0.025714285714283136,-1.1357142857142861,28.35,1.0,0.82,2744.0,0.03389212815636979,230.5,585243.4
2019-04-01,2019,4,Pre-Monsoon / Summer,Pre-Monsoon,0,Kozhikode,Indian Mackerel,Rastrelliger kanagurta,3.2,Intermediate Predator,585243.4,2539,30111,230.5,30.4,119.2,3.7,1.13,1.21,0.89,1.128,313.08,154.89,0.4963,-42.288,0.517,0.8660254037844387,-0.4999999999999998,374.87,423.13,364.72,338.68,387.5733333333333,31.208380818851328,473.105,-0.11405477952272872,0.0985714285714252,29.792857142857144,29.51,1.01,0.82,2837.0,-0.1050405354069773,349.87,1159458.8
2019-05-01,2019,5,Pre-Monsoon / Summer,Pre-Monsoon,0,Kozhikode,Indian Mackerel,Rastrelliger kanagurta,3.2,Intermediate Predator,1159458.8,3314,43910,349.87,30.02,249.7,4.9,2.33,1.41,1.37,1.473,609.54,227.34,0.374,-139.978,0.693,0.49999999999999994,-0.8660254037844387,230.5,374.87,423.13,516.37,342.8333333333333,100.23143335967242,414.89833333333337,-0.3851201647205654,-0.10999999999999943,-11.35714285714289,30.4,1.21,0.89,2539.0,0.30523828158630056,1411.31,827029.2
2019-06-01,2019,6,Southwest Monsoon,Southwest Monsoon,1,Kozhikode,Indian Mackerel,Rastrelliger kanagurta,3.2,Intermediate Predator,827029.2,586,7366,1411.31,28.94,709.7,7.6,3.51,11.95,7.12,0.26,3978.3,752.73,0.1894,-3382.141,2.707,1.2246467991473532e-16,-1.0,349.87,230.5,374.87,1674.95,318.41333333333336,77.1544919841642,379.4683333333333,0.5178741640835504,0.34928571428571686,39.9785714285714,30.02,1.41,1.37,3314.0,-0.8231744091032758,1018.69,539906.8
2019-07-01,2019,7,Southwest Monsoon,Southwest Monsoon,1,Kozhikode,Indian Mackerel,Rastrelliger kanagurta,3.2,Intermediate Predator,539906.8,530,5617,1018.69,27.38,552.8,7.6,3.78,11.7,6.77,0.236,4400.8,505.71,0.1151,-2748.85,1.8,-0.4999999999999997,-0.8660254037844388,1411.31,349.87,230.5,1373.57,663.8933333333333,650.0277335878327,525.7333333333332,3.0338124722379036,-0.30428571428571516,-55.14999999999998,28.94,11.95,7.12,586.0,-0.09556313830097034,405.97,1168783.4
2019-08-01,2019,8,Southwest Monsoon,Southwest Monsoon,0,Kozhikode,Indian Mackerel,Rastrelliger kanagurta,3.2,Intermediate Predator,1168783.4,2879,36797,405.97,26.7,444.6,6.7,2.69,10.05,5.66,1.28,2392.13,216.51,0.0909,-646.103,0.828,-0.8660254037844385,-0.5000000000000004,1018.69,1411.31,349.87,1060.55,926.6233333333333,536.6758069200943,634.7283333333334,-0.2781954334753141,-0.6771428571428544,27.585714285714346,27.38,11.7,6.77,530.0,4.4320753880740495,919.59,2498537.6
2019-09-01,2019,9,Southwest Monsoon,Southwest Monsoon,0,Kozhikode,Indian Mackerel,Rastrelliger kanagurta,3.2,Intermediate Predator,2498537.6,2717,37102,919.59,27.72,214.5,6.0,1.72,9.15,4.88,1.208,3369.45,476.78,0.1418,-1978.299,1.74,-1.0,-1.8369701987210297e-16,405.97,1018.69,1411.31,1121.54,945.3233333333334,506.6696455614193,631.8683333333333,-0.6014783633737608,-0.3028571428571425,-35.47857142857143,26.7,10.05,5.66,2879.0,-0.05626953783859139,420.79,1117191.9
2019-10-01,2019,10,Post-Monsoon,Post-Monsoon,0,Kozhikode,Indian Mackerel,Rastrelliger kanagurta,3.2,Intermediate Predator,1117191.9,2655,29335,420.79,28.86,279.9,4.5,1.38,1.3,1.3,1.18,1280.57,250.13,0.196,-399.291,0.887,-0.8660254037844386,0.5000000000000001,919.59,405.97,1018.69,579.74,781.4166666666666,328.90021607371193,722.6550000000001,1.2651673457357109,0.06142857142857139,-22.6571428571429,27.72,9.15,4.88,2717.0,-0.022819285893193646,486.83,1167906.5
2019-11-01,2019,11,Post-Monsoon,Post-Monsoon,0,Kozhikode,Indian Mackerel,Rastrelliger kanagurta,3.2,Intermediate Predator,1167906.5,2399,31507,486.83,28.63,168.1,4.0,0.89,1.09,1.17,1.066,1287.71,265.55,0.2068,-426.684,0.985,-0.5000000000000004,0.8660254037844384,420.79,919.59,405.97,562.45,582.1166666666667,292.35440159733264,754.37,-0.5424156358549393,-0.3857142857142897,-0.057142857142849834,28.86,1.3,1.3,2655.0,-0.09642184521121715,509.28,1396437.8
2019-12-01,2019,12,Winter / Post-Monsoon,Northeast/Dry,0,Kozhikode,Indian Mackerel,Rastrelliger kanagurta,3.2,Intermediate Predator,1396437.8,2742,37257,509.28,28.04,36.2,3.2,1.21,0.73,0.49,1.219,953.42,268.17,0.282,-305.681,0.864,-2.4492935982947064e-16,1.0,486.83,420.79,919.59,533.72,609.07,270.93785855801167,777.1966666666667,0.15694288939986947,-0.45857142857143174,0.8214285714285765,28.63,1.09,1.17,2399.0,0.14297623950405902,568.1,1536713.1
2020-01-01,2020,1,Winter / Post-Monsoon,Northeast/Dry,0,Kozhikode,Indian Mackerel,Rastrelliger kanagurta,3.2,Intermediate Predator,1536713.1,2705,31319,568.1,27.64,9.1,3.8,1.27,1.01,0.98,1.202,1473.72,293.59,0.1998,-563.618,1.147,0.49999999999999994,0.8660254037844387,509.28,486.83,420.79,364.72,472.3,45.99957282411633,626.8583333333332,0.046114659201062794,-0.6364285714285707,0.6428571428571423,28.04,0.73,0.49,2742.0,-0.013493800096667395,599.19,1940786.6
2020-02-01,2020,2,Winter / Post-Monsoon,Northeast/Dry,0,Kozhikode,Indian Mackerel,Rastrelliger kanagurta,3.2,Intermediate Predator,1940786.6,3239,44317,599.19,28.37,12.4,4.2,0.93,0.97,1.12,1.44,1599.74,341.39,0.2139,-699.082,1.19,0.8660254037844386,0.5000000000000001,568.1,509.28,486.83,423.13,521.4033333333333,41.96944880903847,551.76,0.11549638478839971,-0.28142857142857025,1.7428571428571438,27.64,1.01,0.98,2705.0,0.19741219890050943,504.88,434199.1
2020-03-01,2020,3,Pre-Monsoon / Summer,Pre-Monsoon,0,Kozhikode,Indian Mackerel,Rastrelliger kanagurta,3.2,Intermediate Predator,434199.1,860,9489,504.88,29.62,23.2,3.3,1.03,0.65,0.53,0.382,681.37,316.97,0.466,-231.225,0.903,1.0,6.123233995736766e-17,599.19,568.1,509.28,374.87,558.8566666666667,45.662144423302,583.9633333333334,0.05472627962108297,0.0842857142857163,-1.5357142857142883,28.37,0.97,1.12,3239.0,-0.7344859501868294,575.15,564797.2
2020-04-01,2020,4,Pre-Monsoon / Summer,Pre-Monsoon,0,Kozhikode,Indian Mackerel,Rastrelliger kanagurta,3.2,Intermediate Predator,564797.2,982,9401,575.15,30.09,81.4,3.7,1.11,0.99,0.94,0.436,593.94,328.58,0.554,-199.035,0.988,0.8660254037844387,-0.4999999999999998,504.88,599.19,568.1,230.5,557.39,48.058527859279614,514.8449999999999,-0.15739581506040137,-0.21142857142857352,-8.007142857142853,29.62,0.65,0.53,860.0,0.1418604634667388,658.63,621092.3
2020-05-01,2020,5,Pre-Monsoon / Summer,Pre-Monsoon,0,Kozhikode,Indian Mackerel,Rastrelliger kanagurta,3.2,Intermediate Predator,621092.3,943,12043,658.63,29.6,302.9,5.7,2.1,1.67,1.88,0.419,1195.18,399.18,0.3345,-527.102,1.244,0.49999999999999994,-0.8660254037844387,575.15,504.88,599.19,349.87,559.74,49.007092343875634,540.5716666666666,0.1391815849472828,-0.5299999999999976,41.8428571428571,30.09,0.99,0.94,982.0,-0.03971486721267956,2007.9,1126434.1
2020-06-01,2020,6,Southwest Monsoon,Southwest Monsoon,1,Kozhikode,Indian Mackerel,Rastrelliger kanagurta,3.2,Intermediate Predator,1126434.1,561,7356,2007.9,28.27,668.3,8.4,3.53,12.23,7.34,0.249,7003.36,1039.71,0.1486,-8710.081,3.88,1.2246467991473532e-16,-1.0,658.63,575.15,504.88,1411.31,579.5533333333333,76.9695240555279,569.2049999999999,0.14514474232557176,-0.32071428571428484,-1.4214285714286916,29.6,1.67,1.88,943.0,-0.4050901335621407,1147.05,497817.8
2020-07-01,2020,7,Southwest Monsoon,Southwest Monsoon,1,Kozhikode,Indian Mackerel,Rastrelliger kanagurta,3.2,Intermediate Predator,497817.8,434,5457,1147.05,27.18,358.8,8.4,3.39,12.12,6.65,0.193,5190.62,589.2,0.1137,-3845.772,2.248,-0.4999999999999997,-0.8660254037844388,2007.9,658.63,575.15,1018.69,1080.56,804.1839555101814,818.975,2.048600852548459,-0.5042857142857144,-249.14999999999992,28.27,12.23,7.34,561.0,-0.22638145764025924,1349.86,3975339.9
2020-08-01,2020,8,Southwest Monsoon,Southwest Monsoon,0,Kozhikode,Indian Mackerel,Rastrelliger kanagurta,3.2,Intermediate Predator,3975339.9,2945,32795,1349.86,27.4,511.6,6.8,3.21,10.49,6.12,1.309,5026.51,675.44,0.1345,-4182.67,2.455,-0.8660254037844385,-0.5000000000000004,1147.05,2007.9,658.63,405.97,1271.1933333333334,683.1479039222288,915.4666666666666,-0.42873150839816976,0.022857142857144908,94.58571428571435,27.18,12.12,6.65,434.0,5.7857141524029,830.75,2024538.1
2020-09-01,2020,9,Southwest Monsoon,Southwest Monsoon,0,Kozhikode,Indian Mackerel,Rastrelliger kanagurta,3.2,Intermediate Predator,2024538.1,2437,31455,830.75,27.34,251.7,5.2,2.4,7.92,4.48,1.083,3180.66,439.17,0.1383,-1745.0,1.792,-1.0,-1.8369701987210297e-16,1349.86,1147.05,2007.9,919.59,1501.6033333333332,450.03912055879636,1040.5783333333331,0.17681007648480815,-0.6828571428571415,1.7214285714285609,27.4,10.49,6.12,2945.0,-0.1724957549321027,754.97,2159957.3
2020-10-01,2020,10,Post-Monsoon,Post-Monsoon,0,Kozhikode,Indian Mackerel,Rastrelliger kanagurta,3.2,Intermediate Predator,2159957.3,2861,36316,754.97,28.52,238.6,2.9,1.39,0.95,1.25,1.272,1241.85,416.79,0.3362,-591.574,1.262,-0.8660254037844386,0.5000000000000001,830.75,1349.86,1147.05,420.79,1109.22,261.61446768097716,1094.89,-0.38456580397548035,-0.27857142857142847,-63.957142857142884,27.34,7.92,4.48,2437.0,0.1739844063439294,670.19,2015260.0
2020-11-01,2020,11,Post-Monsoon,Post-Monsoon,0,Kozhikode,Indian Mackerel,Rastrelliger kanagurta,3.2,Intermediate Predator,2015260.0,3007,30684,670.19,29.0,172.0,3.5,1.2,1.07,1.15,1.336,1423.19,387.3,0.2726,-663.066,1.303,-0.5000000000000004,0.8660254037844384,754.97,830.75,1349.86,486.83,978.5266666666666,323.8085629401023,1124.86,-0.09121877711442937,-0.015714285714288678,3.842857142857156,28.52,0.95,1.25,2861.0,0.051031107825826254,598.92,1787183.3
2020-12-01,2020,12,Winter / Post-Monsoon,Northeast/Dry,0,Kozhikode,Indian Mackerel,Rastrelliger kanagurta,3.2,Intermediate Predator,1787183.3,2984,29175,598.92,28.05,38.9,4.0,1.3,1.56,1.14,1.326,1332.24,325.84,0.2451,-528.252,1.262,-2.4492935982947064e-16,1.0,670.19,754.97,830.75,509.28,751.9699999999999,80.32202935683755,1126.7866666666666,-0.11229585132792225,-0.4485714285714302,3.5214285714285722,29.0,1.07,1.15,3007.0,-0.00764881939591347,862.62,2692251.6
2021-01-01,2021,1,Winter / Post-Monsoon,Northeast/Dry,0,Kozhikode,Indian Mackerel,Rastrelliger kanagurta,3.2,Intermediate Predator,2692251.6,3121,36704,862.62,28.22,9.3,3.3,0.94,1.14,1.05,1.387,1830.9,453.79,0.2483,-1049.688,1.501,0.49999999999999994,0.8660254037844387,598.92,670.19,754.97,568.1,674.6933333333333,78.1224080103393,891.9566666666666,-0.10634297577786946,-0.05642857142857238,0.8428571428571434,28.05,1.56,1.14,2984.0,0.045911527996275035,748.6,2406741.1
2021-02-01,2021,2,Winter / Post-Monsoon,Northeast/Dry,0,Kozhikode,Indian Mackerel,Rastrelliger kanagurta,3.2,Intermediate Predator,2406741.1,3215,39552,748.6,28.2,11.4,3.7,0.8,1.29,0.91,1.429,1847.91,404.84,0.2195,-983.216,1.464,0.8660254037844386,0.5000000000000001,862.62,598.92,670.19,599.19,710.5766666666667,136.41017056412608,844.5516666666667,0.4402925191963449,-0.45142857142857196,0.7428571428571438,28.22,1.14,1.05,3121.0,0.03011855164973229,624.36,1507826.5
2021-03-01,2021,3,Pre-Monsoon / Summer,Pre-Monsoon,0,Kozhikode,Indian Mackerel,Rastrelliger kanagurta,3.2,Intermediate Predator,1507826.5,2415,23000,624.36,29.7,24.2,3.6,0.72,1.04,0.77,1.073,1093.65,379.31,0.3474,-479.122,1.193,1.0,6.123233995736766e-17,748.6,862.62,598.92,504.88,736.7133333333333,132.25124624491826,744.3416666666666,-0.13217870983540017,0.1642857142857146,-0.5357142857142883,28.2,1.29,0.91,3215.0,-0.24883359176101524,525.68,1555491.9
2021-04-01,2021,4,Pre-Monsoon / Summer,Pre-Monsoon,0,Kozhikode,Indian Mackerel,Rastrelliger kanagurta,3.2,Intermediate Predator,1555491.9,2959,33126,525.68,30.14,98.4,4.4,1.01,1.7,1.2,1.315,704.29,322.08,0.4581,-235.911,0.994,0.8660254037844387,-0.4999999999999998,624.36,748.6,862.62,575.15,745.1933333333333,119.16652606052595,709.9433333333333,-0.16596312896121923,-0.1614285714285728,8.992857142857147,29.7,1.04,0.77,2415.0,0.22525879823909398,551.65,1481737.9
2021-05-01,2021,5,Pre-Monsoon / Summer,Pre-Monsoon,0,Kozhikode,Indian Mackerel,Rastrelliger kanagurta,3.2,Intermediate Predator,1481737.9,2686,30595,551.65,30.03,256.1,5.4,2.13,1.5,1.5,1.194,966.26,357.86,0.371,-375.278,1.126,0.49999999999999994,-0.8660254037844387,525.68,624.36,748.6,658.63,632.88,111.70395874811481,671.7283333333334,-0.15804984050788273,-0.09999999999999787,-4.9571428571428555,30.14,1.7,1.2,2959.0,-0.0922608986405512,2089.21,1082211.8
2021-06-01,2021,6,Southwest Monsoon,Southwest Monsoon,1,Kozhikode,Indian Mackerel,Rastrelliger kanagurta,3.2,Intermediate Predator,1082211.8,518,5956,2089.21,28.95,690.0,8.2,3.43,12.25,7.29,0.23,6674.38,1196.78,0.1794,-9277.491,4.305,1.2246467991473532e-16,-1.0,551.65,525.68,624.36,2007.9,567.23,51.15161678774624,651.9716666666667,0.04940267749576407,0.3592857142857149,20.278571428571354,30.03,1.5,1.5,2686.0,-0.8071481727209673,1381.27,864674.3
2021-07-01,2021,7,Southwest Monsoon,Southwest Monsoon,1,Kozhikode,Indian Mackerel,Rastrelliger kanagurta,3.2,Intermediate Predator,864674.3,626,7365,1381.27,27.21,640.8,7.9,3.47,11.55,6.56,0.278,5869.08,709.08,0.121,-5219.374,2.601,-0.4999999999999997,-0.8660254037844388,2089.21,551.65,525.68,1147.05,1055.5133333333333,895.3017420028482,900.3533333333334,2.787201979747993,-0.4742857142857133,32.85000000000002,28.95,12.25,7.29,518.0,0.20849420446922387,1659.15,4994040.5
2021-08-01,2021,8,Southwest Monsoon,Southwest Monsoon,0,Kozhikode,Indian Mackerel,Rastrelliger kanagurta,3.2,Intermediate Predator,4994040.5,3010,32400,1659.15,27.73,445.8,6.9,2.75,10.28,5.95,1.338,6574.46,855.74,0.1303,-7108.347,3.058,-0.8660254037844385,-0.5000000000000004,1381.27,2089.21,551.65,1349.86,1340.71,769.5820447489673,986.7950000000001,-0.33885535518758114,0.35285714285714675,28.785714285714334,27.21,11.55,6.56,626.0,3.8083066484296064,1318.0,3457123.6
2021-09-01,2021,9,Southwest Monsoon,Southwest Monsoon,0,Kozhikode,Indian Mackerel,Rastrelliger kanagurta,3.2,Intermediate Predator,3457123.6,2623,36049,1318.0,27.99,239.4,4.9,1.93,7.84,4.27,1.166,4812.83,714.77,0.1487,-4394.232,2.535,-1.0,-1.8369701987210297e-16,1659.15,1381.27,2089.21,830.75,1709.8766666666668,356.68565563158734,1138.5533333333333,0.20117717606856614,-0.03285714285714292,-10.578571428571422,27.73,10.28,5.95,3010.0,-0.12857142814428096,732.14,2115888.0
2021-10-01,2021,10,Post-Monsoon,Post-Monsoon,0,Kozhikode,Indian Mackerel,Rastrelliger kanagurta,3.2,Intermediate Predator,2115888.0,2890,39697,732.14,28.18,270.1,4.2,1.82,0.92,1.22,1.284,1894.24,400.53,0.2119,-982.84,1.405,-0.8660254037844386,0.5000000000000001,1318.0,1659.15,1381.27,754.97,1452.8066666666666,181.4771380459122,1254.16,-0.20561733293784573,-0.6185714285714283,-32.457142857142856,27.99,7.84,4.27,2623.0,0.10179184101489958,766.64,2290717.9
2021-11-01,2021,11,Post-Monsoon,Post-Monsoon,0,Kozhikode,Indian Mackerel,Rastrelliger kanagurta,3.2,Intermediate Predator,2290717.9,2988,30932,766.64,28.87,171.7,3.9,1.18,1.5,1.52,1.328,1917.69,441.59,0.2307,-1056.053,1.511,-0.5000000000000004,0.8660254037844384,732.14,1318.0,1659.15,670.19,1236.43,468.8572636741396,1288.57,-0.44450682515548695,-0.14571428571428768,3.5428571428571445,28.18,0.92,1.22,2890.0,0.033910034484740365,771.43,2178507.7
2021-12-01,2021,12,Winter / Post-Monsoon,Northeast/Dry,0,Kozhikode,Indian Mackerel,Rastrelliger kanagurta,3.2,Intermediate Predator,2178507.7,2824,29388,771.43,28.52,31.7,5.0,1.03,1.79,1.22,1.255,2012.62,419.89,0.209,-1104.398,1.518,-2.4492935982947064e-16,1.0,766.64,732.14,1318.0,598.92,938.9266666666666,328.7400287968211,1324.4016666666666,0.04712213446714926,0.021428571428568688,-3.678571428571427,28.87,1.5,1.52,2988.0,-0.05488621132902874,643.01,1508495.1
2022-01-01,2022,1,Winter / Post-Monsoon,Northeast/Dry,0,Kozhikode,Indian Mackerel,Rastrelliger kanagurta,3.2,Intermediate Predator,1508495.1,2346,26070,643.01,27.65,7.3,3.7,0.82,0.96,0.73,1.043,1684.82,365.76,0.2176,-817.383,1.278,0.49999999999999994,0.8660254037844387,771.43,766.64,732.14,862.62,756.7366666666667,21.435555354006468,1104.7716666666668,0.0062480433287064735,-0.6264285714285727,-1.1571428571428575,28.52,1.79,1.22,2824.0,-0.1692634554912767,823.73,2433301.0
2022-02-01,2022,2,Winter / Post-Monsoon,Northeast/Dry,0,Kozhikode,Indian Mackerel,Rastrelliger kanagurta,3.2,Intermediate Predator,2433301.0,2954,34075,823.73,28.31,10.7,3.5,0.88,1.02,0.84,1.313,2183.91,460.81,0.2114,-1362.94,1.562,0.8660254037844386,0.5000000000000001,643.01,771.43,766.64,748.6,727.0266666666666,72.7999741300411,981.7283333333335,-0.16647005993453634,-0.3414285714285725,0.042857142857142705,27.65,0.96,0.73,2346.0,0.25916453427466096,778.71,2245787.2
2022-03-01,2022,3,Pre-Monsoon / Summer,Pre-Monsoon,0,Kozhikode,Indian Mackerel,Rastrelliger kanagurta,3.2,Intermediate Predator,2245787.2,2884,32159,778.71,29.04,29.5,3.1,1.15,1.0,1.04,1.282,1571.11,476.74,0.3039,-899.576,1.642,1.0,6.123233995736766e-17,823.73,643.01,771.43,624.36,746.0566666666667,92.9934628526902,842.4916666666667,0.28105316743047287,-0.49571428571428555,4.7642857142857125,28.31,1.02,0.84,2954.0,-0.023696682384236008,644.67,1698708.9
2022-04-01,2022,4,Pre-Monsoon / Summer,Pre-Monsoon,0,Kozhikode,Indian Mackerel,Rastrelliger kanagurta,3.2,Intermediate Predator,1698708.9,2635,36348,644.67,30.04,75.5,3.7,0.99,0.96,0.82,1.171,891.86,384.56,0.4318,-376.465,1.264,0.8660254037844387,-0.4999999999999998,778.71,823.73,643.01,525.68,748.4833333333335,94.07533222548128,752.61,-0.054653830082019204,-0.26142857142857423,-13.907142857142858,29.04,1.0,1.04,2884.0,-0.08633841856332032,657.99,1805535.5
2022-05-01,2022,5,Pre-Monsoon / Summer,Pre-Monsoon,0,Kozhikode,Indian Mackerel,Rastrelliger kanagurta,3.2,Intermediate Predator,1805535.5,2744,27950,657.99,29.8,226.9,4.6,1.66,1.08,1.22,1.22,1141.77,410.59,0.3602,-527.556,1.28,0.49999999999999994,-0.8660254037844387,644.67,778.71,823.73,551.65,749.0366666666665,93.1450531876743,738.0316666666668,-0.17213082954975764,-0.3299999999999983,-34.15714285714287,30.04,0.96,0.82,2635.0,0.04136622375193084,2545.37,1272683.9
2022-06-01,2022,6,Southwest Monsoon,Southwest Monsoon,1,Kozhikode,Indian Mackerel,Rastrelliger kanagurta,3.2,Intermediate Predator,1272683.9,500,6163,2545.37,28.15,932.2,7.9,3.26,11.79,7.53,0.222,9271.83,1325.93,0.1431,-14891.703,4.739,1.2246467991473532e-16,-1.0,657.99,644.67,778.71,2089.21,693.79,73.84382438634456,719.9233333333333,0.020661733589871896,-0.44071428571428584,262.4785714285714,29.8,1.08,1.22,2744.0,-0.8177842535795034,2052.94,1077794.3
2022-07-01,2022,7,Southwest Monsoon,Southwest Monsoon,1,Kozhikode,Indian Mackerel,Rastrelliger kanagurta,3.2,Intermediate Predator,1077794.3,525,6335,2052.94,27.41,517.1,8.5,4.01,12.7,7.04,0.233,7214.26,1022.36,0.1418,-8958.79,3.681,-0.4999999999999997,-0.8660254037844388,2545.37,657.99,644.67,1381.27,1282.6766666666665,1093.5447846948634,1015.5799999999999,2.8684022117600234,-0.274285714285714,-90.84999999999991,28.15,11.79,7.53,500.0,0.049999999000000024,993.29,2530914.2
2022-08-01,2022,8,Southwest Monsoon,Southwest Monsoon,0,Kozhikode,Indian Mackerel,Rastrelliger kanagurta,3.2,Intermediate Predator,2530914.2,2548,27665,993.29,26.62,260.1,7.8,2.32,11.68,6.21,1.132,4192.32,499.43,0.1193,-2599.771,2.018,-0.8660254037844385,-0.5000000000000004,2052.94,2545.37,657.99,1659.15,1752.0999999999997,978.9940476325698,1250.5683333333334,-0.1934610677682966,-0.7571428571428527,-156.91428571428565,27.41,12.7,7.04,525.0,3.8533332599365093,1502.94,4363024.5
2022-09-01,2022,9,Southwest Monsoon,Southwest Monsoon,0,Kozhikode,Indian Mackerel,Rastrelliger kanagurta,3.2,Intermediate Predator,4363024.5,2903,39625,1502.94,27.68,291.6,6.2,2.06,9.5,5.29,1.29,6469.15,786.95,0.1218,-6660.53,3.179,-1.0,-1.8369701987210297e-16,993.29,2052.94,2545.37,1318.0,1863.8666666666668,793.1264877895177,1278.8283333333334,-0.5161621843981695,-0.34285714285714164,41.621428571428595,26.62,11.68,6.21,2548.0,0.1393249602067309,948.84,3196653.5
2022-10-01,2022,10,Post-Monsoon,Post-Monsoon,0,Kozhikode,Indian Mackerel,Rastrelliger kanagurta,3.2,Intermediate Predator,3196653.5,3369,35217,948.84,28.54,337.9,3.5,1.24,1.19,1.57,1.497,2218.27,527.43,0.2381,-1462.848,1.88,-0.8660254037844386,0.5000000000000001,1502.94,993.29,2052.94,732.14,1516.39,529.9530238615519,1399.5333333333335,0.5130928478783353,-0.2585714285714289,35.3428571428571,27.68,9.5,5.29,2903.0,0.160523595726753,1018.83,3213391.3
2022-11-01,2022,11,Post-Monsoon,Post-Monsoon,0,Kozhikode,Indian Mackerel,Rastrelliger kanagurta,3.2,Intermediate Predator,3213391.3,3154,34135,1018.83,28.33,162.5,4.0,1.43,1.67,1.77,1.402,2605.04,569.44,0.2189,-1886.671,1.787,-0.5000000000000004,0.8660254037844384,948.84,1502.94,993.29,766.64,1148.3566666666668,307.88139897261686,1450.2283333333335,-0.368677389858029,-0.6857142857142904,-5.657142857142844,28.54,1.19,1.57,3369.0,-0.06381715623681461,722.26,2325690.5
2022-12-01,2022,12,Winter / Post-Monsoon,Northeast/Dry,0,Kozhikode,Indian Mackerel,Rastrelliger kanagurta,3.2,Intermediate Predator,2325690.5,3220,31731,722.26,28.0,33.7,4.7,1.33,1.36,0.98,1.431,2159.62,412.3,0.1913,-1221.874,1.439,-2.4492935982947064e-16,1.0,1018.83,948.84,1502.94,771.43,1156.8700000000001,301.7415843068408,1510.3683333333336,0.07376375285860891,-0.4985714285714309,-1.6785714285714235,28.33,1.67,1.77,3154.0,0.02092580843079959,949.03,2606046.7
2023-01-01,2023,1,Winter / Post-Monsoon,Northeast/Dry,0,Kozhikode,Indian Mackerel,Rastrelliger kanagurta,3.2,Intermediate Predator,2606046.7,2746,39012,949.03,28.72,7.3,3.4,1.12,0.95,0.81,1.22,2056.41,542.53,0.2642,-1429.066,1.844,0.49999999999999994,0.8660254037844387,722.26,1018.83,948.84,643.01,896.6433333333334,155.02196693802955,1206.5166666666667,-0.29108879507779717,0.4435714285714276,-1.1571428571428575,28.0,1.36,0.98,3220.0,-0.1472049684869411,1031.17,3062574.1
2023-02-01,2023,2,Winter / Post-Monsoon,Northeast/Dry,0,Kozhikode,Indian Mackerel,Rastrelliger kanagurta,3.2,Intermediate Predator,3062574.1,2970,35408,1031.17,29.13,7.9,4.6,0.5,1.39,1.1,1.32,1800.18,585.15,0.3254,-1259.767,1.931,0.8660254037844386,0.5000000000000001,949.03,722.26,1018.83,823.73,896.7066666666666,155.05398941444724,1022.5316666666668,0.31397280322913074,0.47857142857142776,-2.7571428571428562,28.72,0.95,0.81,2746.0,0.08157319708094246,849.3,2507128.7
2023-03-01,2023,3,Pre-Monsoon / Summer,Pre-Monsoon,0,Kozhikode,Indian Mackerel,Rastrelliger kanagurta,3.2,Intermediate Predator,2507128.7,2952,36486,849.3,29.72,30.8,3.5,1.22,1.55,1.15,1.312,1390.55,524.95,0.378,-835.167,1.634,1.0,6.123233995736766e-17,1031.17,949.03,722.26,778.71,900.82,159.9984378048804,1028.8450000000003,0.08655153065180743,0.18428571428571416,6.064285714285713,29.13,1.39,1.1,2970.0,-0.006060606040199979,401.38,1192105.1
2023-04-01,2023,4,Pre-Monsoon / Summer,Pre-Monsoon,0,Kozhikode,Indian Mackerel,Rastrelliger kanagurta,3.2,Intermediate Predator,1192105.1,2970,39651,401.38,30.67,70.9,4.3,1.33,0.58,0.55,1.32,398.55,252.63,0.6348,-97.537,0.697,0.8660254037844387,-0.4999999999999998,849.3,1031.17,949.03,644.67,943.1666666666666,91.07666129879561,919.9050000000001,-0.17637246839636087,0.36857142857142833,-18.507142857142853,29.72,1.55,1.15,2952.0,0.006097560954954061,578.4,1679688.0
2023-05-01,2023,5,Pre-Monsoon / Summer,Pre-Monsoon,0,Kozhikode,Indian Mackerel,Rastrelliger kanagurta,3.2,Intermediate Predator,1679688.0,2904,38426,578.4,30.46,217.2,4.1,2.3,1.71,1.21,1.291,573.66,361.16,0.6302,-207.813,1.112,0.49999999999999994,-0.8660254037844387,401.38,849.3,1031.17,657.99,760.6166666666667,324.1256102706719,828.6616666666667,-0.5273990282891907,0.33000000000000185,-43.85714285714289,30.67,0.58,0.55,2970.0,-0.022222222147399925,2520.85,1121776.1
2023-06-01,2023,6,Southwest Monsoon,Southwest Monsoon,1,Kozhikode,Indian Mackerel,Rastrelliger kanagurta,3.2,Intermediate Predator,1121776.1,445,4794,2520.85,28.81,607.3,7.0,3.43,10.31,6.2,0.198,7176.3,1378.99,0.1923,-11636.386,4.731,1.2246467991473532e-16,-1.0,578.4,401.38,849.3,2545.37,609.6933333333333,225.59374134345,755.2566666666668,0.4410284408533449,0.2192857142857143,-62.42142857142869,30.46,1.71,1.21,2904.0,-0.8467630824835981,3172.49,1694109.5
2023-07-01,2023,7,Southwest Monsoon,Southwest Monsoon,1,Kozhikode,Indian Mackerel,Rastrelliger kanagurta,3.2,Intermediate Predator,1694109.5,534,5488,3172.49,28.14,556.0,8.9,3.02,13.72,7.63,0.237,12229.13,1658.09,0.1357,-24941.351,5.481,-0.4999999999999997,-0.8660254037844388,2520.85,578.4,401.38,2052.94,1166.8766666666668,1175.9110768392886,1055.0216666666668,3.3583159861978564,0.4557142857142864,-51.94999999999993,28.81,10.31,6.2,445.0,0.1999999955056181,2354.49,6863345.9
2023-08-01,2023,8,Southwest Monsoon,Southwest Monsoon,0,Kozhikode,Indian Mackerel,Rastrelliger kanagurta,3.2,Intermediate Predator,6863345.9,2915,32772,2354.49,27.62,454.9,7.7,3.29,11.31,6.55,1.296,8778.33,1182.88,0.1348,-12970.675,3.914,-0.8660254037844385,-0.5000000000000004,3172.49,2520.85,578.4,993.29,2090.58,1349.5091465788596,1425.5983333333334,0.25850010806473955,0.24285714285714732,37.8857142857143,28.14,13.72,7.63,534.0,4.458801414629187,1639.99,3911384.0
2023-09-01,2023,9,Southwest Monsoon,Southwest Monsoon,0,Kozhikode,Indian Mackerel,Rastrelliger kanagurta,3.2,Intermediate Predator,3911384.0,2385,23534,1639.99,28.66,216.2,5.3,2.04,7.82,4.6,1.06,3853.91,956.3,0.2483,-4225.658,3.658,-1.0,-1.8369701987210297e-16,2354.49,3172.49,2520.85,1502.94,2682.61,432.32594555497394,1646.1516666666666,-0.2578416314697867,0.6371428571428588,-33.77857142857144,27.62,11.31,6.55,2915.0,-0.18181818119444876,908.82,2741923.3
2023-10-01,2023,10,Post-Monsoon,Post-Monsoon,0,Kozhikode,Indian Mackerel,Rastrelliger kanagurta,3.2,Intermediate Predator,2741923.3,3017,38645,908.82,29.22,267.5,4.4,1.04,1.36,1.55,1.341,1812.58,527.31,0.2913,-1135.941,1.809,-0.8660254037844386,0.5000000000000001,1639.99,2354.49,3172.49,948.84,2388.99,766.8322828363465,1777.9333333333334,-0.30346274435880904,0.4214285714285708,-35.05714285714288,28.66,7.82,4.6,2385.0,0.2649895167086393,899.09,2191975.1
2023-11-01,2023,11,Post-Monsoon,Post-Monsoon,0,Kozhikode,Indian Mackerel,Rastrelliger kanagurta,3.2,Intermediate Predator,2191975.1,2438,28876,899.09,29.29,139.2,3.7,1.47,1.01,0.91,1.084,1595.12,506.2,0.3178,-971.723,1.644,-0.5000000000000004,0.8660254037844384,908.82,1639.99,2354.49,1018.83,1634.4333333333332,722.8510182833919,1862.5066666666664,-0.4458380816600218,0.27428571428571047,-28.957142857142856,29.22,1.36,1.55,3017.0,-0.19191249522070766,1115.5,3300762.9
2023-12-01,2023,12,Winter / Post-Monsoon,Northeast/Dry,0,Kozhikode,Indian Mackerel,Rastrelliger kanagurta,3.2,Intermediate Predator,3300762.9,2959,31409,1115.5,28.79,35.8,4.1,1.28,1.32,1.23,1.315,2136.62,636.19,0.2981,-1657.177,2.041,-2.4492935982947064e-16,1.0,899.09,908.82,1639.99,722.26,1149.3,424.9778527170611,1915.955,-0.010706190326949357,0.29142857142856826,0.4214285714285708,29.29,1.01,0.91,2438.0,0.21369975302009944,690.63,2435177.9
2024-01-01,2024,1,Winter / Post-Monsoon,Northeast/Dry,0,Kozhikode,Indian Mackerel,Rastrelliger kanagurta,3.2,Intermediate Predator,2435177.9,3526,33669,690.63,28.07,8.9,3.0,1.0,0.37,0.51,1.567,1860.4,394.16,0.2123,-1010.05,1.497,0.49999999999999994,0.8660254037844387,1115.5,899.09,908.82,949.03,974.4699999999999,122.23241754953669,1681.7299999999998,0.24069892623987665,-0.20642857142857096,0.44285714285714306,28.79,1.32,1.23,2959.0,0.19161878948422173,787.45,2160755.3
2024-02-01,2024,2,Winter / Post-Monsoon,Northeast/Dry,0,Kozhikode,Indian Mackerel,Rastrelliger kanagurta,3.2,Intermediate Predator,2160755.3,2744,28691,787.45,28.2,10.9,4.1,1.59,1.24,1.06,1.22,2168.2,432.84,0.2,-1264.288,1.645,0.8660254037844386,0.5000000000000001,690.63,1115.5,899.09,1031.17,901.7399999999998,212.447396077251,1268.0866666666666,-0.38087852639284153,-0.45142857142857196,0.24285714285714377,28.07,0.37,0.51,3526.0,-0.22178105439086485,577.49,1515324.6
2024-03-01,2024,3,Pre-Monsoon / Summer,Pre-Monsoon,0,Kozhikode,Indian Mackerel,Rastrelliger kanagurta,3.2,Intermediate Predator,1515324.6,2624,30885,577.49,29.67,29.2,3.5,0.63,1.03,0.77,1.166,1329.64,397.26,0.2993,-637.587,1.42,1.0,6.123233995736766e-17,787.45,690.63,1115.5,849.3,864.5266666666665,222.6751863889143,1006.9133333333335,0.1401908382174126,0.134285714285717,4.464285714285712,28.2,1.24,1.06,2744.0,-0.043731778266283605,408.95,1125012.3
2024-04-01,2024,4,Pre-Monsoon / Summer,Pre-Monsoon,0,Kozhikode,Indian Mackerel,Rastrelliger kanagurta,3.2,Intermediate Predator,1125012.3,2751,31520,408.95,30.3,106.9,4.1,1.86,1.27,0.87,1.223,630.79,292.53,0.4646,-191.541,0.94,0.8660254037844387,-0.4999999999999998,577.49,787.45,690.63,401.38,685.1899999999999,105.08565839354365,829.83,-0.26663279869664364,-0.001428571428572667,17.492857142857147,29.67,1.03,0.77,2624.0,0.04839939005945354,525.46,1542755.3
2024-05-01,2024,5,Pre-Monsoon / Summer,Pre-Monsoon,0,Kozhikode,Indian Mackerel,Rastrelliger kanagurta,3.2,Intermediate Predator,1542755.3,2936,41109,525.46,30.43,238.3,5.3,1.45,1.36,1.18,1.305,472.99,330.58,0.6996,-152.782,0.967,0.49999999999999994,-0.8660254037844387,408.95,577.49,787.45,578.4,591.2966666666665,189.62734648076994,746.5183333333334,-0.291849204456368,0.3000000000000007,-22.757142857142867,30.3,1.27,0.87,2751.0,0.0672482731106933,2160.92,1158252.2
2024-06-01,2024,6,Southwest Monsoon,Southwest Monsoon,1,Kozhikode,Indian Mackerel,Rastrelliger kanagurta,3.2,Intermediate Predator,1158252.2,536,7008,2160.92,28.07,555.8,7.7,3.7,11.28,6.5,0.238,8836.03,1176.31,0.1332,-13034.034,4.278,1.2246467991473532e-16,-1.0,525.46,408.95,577.49,2520.85,503.9666666666665,86.30124815631602,684.2466666666668,0.28490034759994276,-0.5207142857142841,-113.92142857142869,30.43,1.36,1.18,2936.0,-0.8174386893139008,2688.58,1599703.6
2024-07-01,2024,7,Southwest Monsoon,Southwest Monsoon,1,Kozhikode,Indian Mackerel,Rastrelliger kanagurta,3.2,Intermediate Predator,1599703.6,595,5880,2688.58,28.14,586.5,8.3,3.26,12.54,7.02,0.264,9665.38,1376.74,0.1425,-16319.688,4.911,-0.4999999999999997,-0.8660254037844388,2160.92,525.46,408.95,3172.49,1031.7766666666666,979.6005029772788,858.4833333333335,3.112434759783147,0.4557142857142864,-21.449999999999932,28.07,11.28,6.5,536.0,0.11007462481204058,1641.93,5070279.5
2024-08-01,2024,8,Southwest Monsoon,Southwest Monsoon,0,Kozhikode,Indian Mackerel,Rastrelliger kanagurta,3.2,Intermediate Predator,5070279.5,3088,35210,1641.93,27.59,528.2,7.3,3.14,11.14,6.56,1.372,7683.71,896.05,0.1167,-8816.679,3.745,-0.8660254037844385,-0.5000000000000004,2688.58,2160.92,525.46,2354.49,1791.6533333333334,1127.8477011251728,1191.4750000000001,0.24418303202255034,0.2128571428571462,111.18571428571437,28.14,12.54,7.02,595.0,4.1899158959678005,1804.51,5384653.2
2024-09-01,2024,9,Southwest Monsoon,Southwest Monsoon,0,Kozhikode,Indian Mackerel,Rastrelliger kanagurta,3.2,Intermediate Predator,5384653.2,2984,38354,1804.51,28.01,235.8,5.2,1.94,8.04,4.47,1.326,6404.78,937.32,0.1465,-7742.387,3.263,-1.0,-1.8369701987210297e-16,1641.93,2688.58,2160.92,1639.99,2163.81,523.3309848461134,1333.8883333333335,-0.38929471918524,-0.012857142857139792,-14.178571428571416,27.59,11.14,6.56,3088.0,-0.033678756367620605,907.55,2995833.8
2024-10-01,2024,10,Post-Monsoon,Post-Monsoon,0,Kozhikode,Indian Mackerel,Rastrelliger kanagurta,3.2,Intermediate Predator,2995833.8,3301,36102,907.55,28.65,356.4,4.4,1.23,1.23,1.57,1.467,2271.63,518.16,0.2284,-1486.925,1.759,-0.8660254037844386,0.5000000000000001,1804.51,1641.93,2688.58,908.82,2045.006666666667,563.2477613211938,1538.3916666666667,0.09901761890569252,-0.14857142857142946,53.8428571428571,28.01,8.04,4.47,2984.0,0.10623324361181888,823.47,2078430.7
2024-11-01,2024,11,Post-Monsoon,Post-Monsoon,0,Kozhikode,Indian Mackerel,Rastrelliger kanagurta,3.2,Intermediate Predator,2078430.7,2524,28130,823.47,29.19,160.4,4.1,1.38,1.39,1.31,1.122,1633.11,505.34,0.3099,-975.672,1.742,-0.5000000000000004,0.8660254037844384,907.55,1804.51,1641.93,899.09,1451.33,477.89180825789845,1621.4916666666668,-0.49706568266695295,0.1742857142857126,-7.7571428571428385,28.65,1.23,1.57,3301.0,-0.23538321649384059,1107.9,3155287.5
2024-12-01,2024,12,Winter / Post-Monsoon,Northeast/Dry,0,Kozhikode,Indian Mackerel,Rastrelliger kanagurta,3.2,Intermediate Predator,3155287.5,2848,32377,1107.9,28.88,38.5,3.2,0.63,1.38,1.12,1.266,2171.5,593.18,0.2735,-1608.709,1.805,-2.4492935982947064e-16,1.0,823.47,907.55,1804.51,1115.5,1178.51,543.7594703543142,1671.16,-0.09264503231067116,0.3814285714285681,3.1214285714285737,29.19,1.39,1.31,2524.0,0.12836766985591255,868.69,2664264.3
2025-01-01,2025,1,Winter / Post-Monsoon,Northeast/Dry,0,Kozhikode,Indian Mackerel,Rastrelliger kanagurta,3.2,Intermediate Predator,2664264.3,3067,31842,868.69,28.27,8.2,3.3,1.34,1.16,0.74,1.363,2004.56,462.54,0.2311,-1229.862,1.621,0.49999999999999994,0.8660254037844387,1107.9,823.47,907.55,690.63,946.3066666666667,146.12209153080843,1495.6566666666668,0.3454041999659466,-0.006428571428571672,-0.257142857142858,28.88,1.38,1.12,2848.0,0.0768960671457301,769.45,2396845.6
2025-02-01,2025,2,Winter / Post-Monsoon,Northeast/Dry,0,Kozhikode,Indian Mackerel,Rastrelliger kanagurta,3.2,Intermediate Predator,2396845.6,3115,44539,769.45,29.05,11.8,3.5,1.3,1.05,0.93,1.384,1545.89,444.28,0.2879,-837.546,1.474,0.8660254037844386,0.5000000000000001,868.69,1107.9,823.47,787.45,933.3533333333335,152.8434369979227,1192.341666666667,-0.21591298658802252,0.39857142857142946,1.1428571428571441,28.27,1.16,0.74,3067.0,0.015650472723669796,799.12,2385375.6
2025-03-01,2025,3,Pre-Monsoon / Summer,Pre-Monsoon,0,Kozhikode,Indian Mackerel,Rastrelliger kanagurta,3.2,Intermediate Predator,2385375.6,2985,35813,799.12,29.46,20.8,4.2,0.97,1.05,0.73,1.327,1104.56,468.12,0.4243,-584.498,1.437,1.0,6.123233995736766e-17,769.45,868.69,1107.9,577.49,915.3466666666667,173.98199341695678,1046.9283333333335,-0.11424098223484809,-0.07571428571428385,-3.935714285714287,29.05,1.05,0.93,3115.0,-0.0417335472175488,545.71,1424311.9
2025-04-01,2025,4,Pre-Monsoon / Summer,Pre-Monsoon,0,Kozhikode,Indian Mackerel,Rastrelliger kanagurta,3.2,Intermediate Predator,1424311.9,2610,24852,545.71,29.88,87.4,3.2,1.37,0.0,0.54,1.16,778.09,348.87,0.4491,-296.682,1.027,0.8660254037844387,-0.4999999999999998,799.12,769.45,868.69,408.95,812.4200000000001,50.93929622604558,879.3633333333333,0.038560009895899486,-0.4214285714285744,-2.0071428571428527,29.46,1.05,0.73,2985.0,-0.1256281402826528,708.64,1829715.7
2025-05-01,2025,5,Pre-Monsoon / Summer,Pre-Monsoon,0,Kozhikode,Indian Mackerel,Rastrelliger kanagurta,3.2,Intermediate Predator,1829715.7,2582,36190,708.64,29.7,258.8,5.7,2.3,1.8,1.59,1.148,1427.56,448.28,0.3145,-735.066,1.514,0.49999999999999994,-0.8660254037844387,545.71,799.12,769.45,525.46,704.7600000000001,138.53791574874,819.0566666666667,-0.3171113184864436,-0.4299999999999997,-2.257142857142867,29.88,0.0,0.54,2610.0,-0.010727969307555672,2426.77,1443928.0
2025-06-01,2025,6,Southwest Monsoon,Southwest Monsoon,1,Kozhikode,Indian Mackerel,Rastrelliger kanagurta,3.2,Intermediate Predator,1443928.0,595,5730,2426.77,28.49,572.2,8.5,3.26,12.44,7.31,0.264,8650.68,1323.84,0.1531,-13741.488,4.797,1.2246467991473532e-16,-1.0,708.64,545.71,799.12,2160.92,684.4900000000001,128.41952304850307,799.9183333333334,0.2985651665066579,-0.10071428571428598,-97.5214285714286,29.7,1.8,1.59,2582.0,-0.7695584788165821,1929.94,1177266.1
2025-07-01,2025,7,Southwest Monsoon,Southwest Monsoon,1,Kozhikode,Indian Mackerel,Rastrelliger kanagurta,3.2,Intermediate Predator,1177266.1,610,7362,1929.94,27.83,707.7,7.6,3.22,11.18,6.95,0.271,7254.68,1003.53,0.1384,-8901.112,3.912,-0.4999999999999997,-0.8660254037844388,2426.77,708.64,545.71,2688.58,1227.04,1042.1854925587884,1019.7300000000001,2.4245455742754354,0.14571428571428413,99.75000000000011,28.49,12.44,7.31,595.0,0.02521008360991456,1350.24,3285136.9
2025-08-01,2025,8,Southwest Monsoon,Southwest Monsoon,0,Kozhikode,Indian Mackerel,Rastrelliger kanagurta,3.2,Intermediate Predator,3285136.9,2433,33964,1350.24,27.35,339.2,6.5,2.71,10.01,5.62,1.081,5431.06,705.93,0.1301,-4845.592,2.754,-0.8660254037844385,-0.5000000000000004,1929.94,2426.77,708.64,1641.93,1688.45,884.1553818758349,1196.605,-0.20472891866666834,-0.02714285714285225,-77.81428571428569,27.83,11.18,6.95,610.0,2.988524541171729,1927.85,5012406.7
2025-09-01,2025,9,Southwest Monsoon,Southwest Monsoon,0,Kozhikode,Indian Mackerel,Rastrelliger kanagurta,3.2,Intermediate Predator,5012406.7,2600,32713,1927.85,28.46,276.5,5.3,2.21,8.2,4.81,1.156,4240.53,1024.65,0.2418,-4996.449,3.373,-1.0,-1.8369701987210297e-16,1350.24,1929.94,2426.77,1804.51,1902.3166666666666,538.7963405901496,1293.4033333333334,-0.3003720307347792,0.4371428571428595,26.521428571428572,27.35,10.01,5.62,2433.0,0.06863953938084857,911.55,2720073.0
2025-10-01,2025,10,Post-Monsoon,Post-Monsoon,0,Kozhikode,Indian Mackerel,Rastrelliger kanagurta,3.2,Intermediate Predator,2720073.0,2984,31376,911.55,28.44,287.7,3.2,0.99,0.82,1.27,1.326,2051.03,494.42,0.2414,-1280.962,1.795,-0.8660254037844386,0.5000000000000001,1927.85,1350.24,1929.94,907.55,1736.01,334.0882543580415,1481.5249999999999,0.4277832057428071,-0.35857142857142676,-14.85714285714289,28.46,8.2,4.81,2600.0,0.14769230712426035,770.42,2151790.4
2025-11-01,2025,11,Post-Monsoon,Post-Monsoon,0,Kozhikode,Indian Mackerel,Rastrelliger kanagurta,3.2,Intermediate Predator,2151790.4,2793,39839,770.42,28.76,178.7,3.9,1.21,0.9,1.11,1.241,1783.59,462.83,0.2599,-1026.574,1.575,-0.5000000000000004,0.8660254037844384,911.55,1927.85,1350.24,823.47,1396.5466666666664,509.7299805125626,1542.4983333333337,-0.5271675673565497,-0.2557142857142871,10.542857142857144,28.44,0.82,1.27,2984.0,-0.0640080426809382,833.0,2224951.4
2012-04-01,2012,4,Pre-Monsoon / Summer,Pre-Monsoon,0,Malappuram,Indian Mackerel,Rastrelliger kanagurta,3.2,Intermediate Predator,477006.0,1957,24640,243.74,30.52,77.2,5.0,1.47,1.52,0.98,1.279,215.96,153.22,0.7108,-26.686,0.656,0.8660254037844387,-0.4999999999999998,341.25,392.06,451.02,394.77666666666664,394.77666666666664,54.935402367993355,394.77666666666664,-0.12959750727956162,0.2185714285714262,-12.207142857142856,29.29,1.05,0.79,1515.0,0.2917491729917546,223.13,314161.7
2012-05-01,2012,5,Pre-Monsoon / Summer,Pre-Monsoon,0,Malappuram,Indian Mackerel,Rastrelliger kanagurta,3.2,Intermediate Predator,314161.7,1408,18892,223.13,30.32,246.6,6.3,1.7,1.64,1.33,0.92,391.85,146.07,0.3744,-50.943,0.631,0.49999999999999994,-0.8660254037844387,243.74,341.25,392.06,325.68333333333334,325.68333333333334,75.37537020362373,357.0175,-0.28574358137015143,0.19000000000000128,-14.457142857142884,30.52,1.52,0.98,1957.0,-0.2805314242180305,1274.15,503291.2
2012-06-01,2012,6,Southwest Monsoon,Southwest Monsoon,1,Malappuram,Indian Mackerel,Rastrelliger kanagurta,3.2,Intermediate Predator,503291.2,395,4322,1274.15,28.42,588.9,6.7,3.61,9.75,5.97,0.258,3135.9,640.44,0.2045,-2262.676,2.932,1.2246467991473532e-16,-1.0,223.13,243.74,341.25,269.3733333333334,269.3733333333334,63.09425039837885,330.24,-0.0845573117027443,-0.1707142857142827,-80.82142857142867,30.32,1.64,1.33,1408.0,-0.7194602221629246,1136.1,543054.0
2012-07-01,2012,7,Southwest Monsoon,Southwest Monsoon,1,Malappuram,Indian Mackerel,Rastrelliger kanagurta,3.2,Intermediate Predator,543054.0,478,6301,1136.1,27.6,763.4,8.4,3.55,12.85,7.49,0.312,4231.01,571.77,0.1353,-2847.561,2.939,-0.4999999999999997,-0.8660254037844388,1274.15,223.13,243.74,580.34,580.34,600.9454468585315,487.5583333333334,4.710348016387397,-0.08428571428571274,155.45000000000005,28.42,9.75,5.97,395.0,0.21012657695882084,572.61,1072489.8
2012-08-01,2012,8,Southwest Monsoon,Southwest Monsoon,0,Malappuram,Indian Mackerel,Rastrelliger kanagurta,3.2,Intermediate Predator,1072489.8,1873,19401,572.61,26.74,289.1,6.5,2.51,9.81,5.42,1.224,1713.87,281.98,0.165,-528.404,1.388,-0.8660254037844385,-0.5000000000000004,1136.1,1274.15,223.13,877.7933333333334,877.7933333333334,571.1414103646603,601.7383333333333,-0.10834674011421949,-0.6371428571428552,-127.91428571428565,27.6,12.85,7.49,478.0,2.9184099807864023,838.97,1424564.2
2012-09-01,2012,9,Southwest Monsoon,Southwest Monsoon,0,Malappuram,Indian Mackerel,Rastrelliger kanagurta,3.2,Intermediate Predator,1424564.2,1698,18569,838.97,27.84,330.7,5.8,1.86,8.89,5.16,1.11,2771.34,437.37,0.1581,-1426.49,2.317,-1.0,-1.8369701987210297e-16,572.61,1136.1,1274.15,994.2866666666667,994.2866666666667,371.64883833174196,631.83,-0.49598626444867294,-0.1828571428571415,80.72142857142856,26.74,9.81,5.42,1873.0,-0.09343299469603313,427.84,908296.7
2012-10-01,2012,10,Post-Monsoon,Post-Monsoon,0,Malappuram,Indian Mackerel,Rastrelliger kanagurta,3.2,Intermediate Predator,908296.7,2123,20654,427.84,28.49,328.5,3.6,1.19,1.08,1.61,1.388,1010.92,236.42,0.2346,-271.587,1.216,-0.8660254037844386,0.5000000000000001,838.97,572.61,1136.1,849.2266666666666,849.2266666666666,281.88498440557845,714.7833333333333,0.46516825648926396,-0.3085714285714296,25.94285714285712,27.84,8.89,5.16,1698.0,0.25029446260132826,437.83,1021461.4
2012-11-01,2012,11,Post-Monsoon,Post-Monsoon,0,Malappuram,Indian Mackerel,Rastrelliger kanagurta,3.2,Intermediate Predator,1021461.4,2333,30697,437.83,29.06,191.9,3.8,1.38,1.11,1.43,1.525,808.22,258.76,0.321,-224.019,1.191,-0.5000000000000004,0.8660254037844384,427.84,838.97,572.61,613.14,613.14,208.54011580508887,745.4666666666667,-0.49004135439835333,0.04428571428571004,23.74285714285716,28.49,1.08,1.61,2123.0,0.0989166269481082,377.01,654871.1
2012-12-01,2012,12,Winter / Post-Monsoon,Northeast/Dry,0,Malappuram,Indian Mackerel,Rastrelliger kanagurta,3.2,Intermediate Predator,654871.1,1737,24041,377.01,28.23,36.7,3.8,0.69,1.12,0.96,1.135,1125.92,218.13,0.1945,-309.348,1.063,-2.4492935982947064e-16,1.0,437.83,427.84,838.97,568.2133333333333,568.2133333333333,234.53534793999222,781.25,0.023349849865607498,-0.26857142857143046,1.3214285714285765,29.06,1.11,1.43,2333.0,-0.25546506534305585,340.69,646971.2
2013-01-01,2013,1,Winter / Post-Monsoon,Northeast/Dry,0,Malappuram,Indian Mackerel,Rastrelliger kanagurta,3.2,Intermediate Predator,646971.2,1899,23752,340.69,28.6,7.0,3.3,0.56,0.8,0.64,1.241,812.92,193.2,0.2386,-184.491,1.012,0.49999999999999994,0.8660254037844387,377.01,437.83,427.84,451.02,414.22666666666663,32.61533739413432,631.7266666666667,-0.13891236007326221,0.3235714285714302,-1.4571428571428573,28.23,1.12,0.96,1737.0,0.09326424816773606,388.08,801381.6
2013-02-01,2013,2,Winter / Post-Monsoon,Northeast/Dry,0,Malappuram,Indian Mackerel,Rastrelliger kanagurta,3.2,Intermediate Predator,801381.6,2065,28580,388.08,28.47,9.1,3.9,0.72,0.96,0.79,1.35,887.7,209.62,0.237,-219.664,1.138,0.8660254037844386,0.5000000000000001,340.69,377.01,437.83,392.06,385.1766666666667,49.08223439629885,499.15833333333336,-0.09633696463390984,-0.18142857142857238,-1.557142857142857,28.6,0.8,0.64,1899.0,0.08741442818633792,310.64,586808.4
2013-03-01,2013,3,Pre-Monsoon / Summer,Pre-Monsoon,0,Malappuram,Indian Mackerel,Rastrelliger kanagurta,3.2,Intermediate Predator,586808.4,1889,18746,310.64,29.4,25.6,3.6,1.1,1.21,1.11,1.235,655.97,195.01,0.2984,-134.383,0.948,1.0,6.123233995736766e-17,388.08,340.69,377.01,341.25,368.5933333333333,24.790789284192353,468.40333333333336,0.1391000575567214,-0.13571428571428612,0.8642857142857139,28.47,0.96,0.79,2065.0,-0.08523002380033885,231.26,388740.5
2013-04-01,2013,4,Pre-Monsoon / Summer,Pre-Monsoon,0,Malappuram,Indian Mackerel,Rastrelliger kanagurta,3.2,Intermediate Predator,388740.5,1681,18538,231.26,30.12,87.7,3.8,0.96,1.41,1.05,1.099,330.67,160.65,0.4874,-46.713,0.621,0.8660254037844387,-0.4999999999999998,310.64,388.08,340.69,243.74,346.46999999999997,39.04221689402254,380.3483333333333,-0.19954648011888065,-0.18142857142857238,-1.7071428571428555,29.4,1.21,1.11,1889.0,-0.11011116934827332,316.86,530415.3
2013-05-01,2013,5,Pre-Monsoon / Summer,Pre-Monsoon,0,Malappuram,Indian Mackerel,Rastrelliger kanagurta,3.2,Intermediate Predator,530415.3,1674,24116,316.86,29.84,306.7,5.8,2.05,1.67,1.57,1.094,537.24,197.91,0.3696,-103.147,1.0,0.49999999999999994,-0.8660254037844387,231.26,310.64,388.08,223.13,309.9933333333333,78.4119999319826,347.585,-0.2555369477357408,-0.28999999999999915,45.64285714285711,30.12,1.41,1.05,1681.0,-0.0041641879585711606,1081.52,485602.3
2013-06-01,2013,6,Southwest Monsoon,Southwest Monsoon,1,Malappuram,Indian Mackerel,Rastrelliger kanagurta,3.2,Intermediate Predator,485602.3,449,5296,1081.52,28.52,614.9,8.1,3.48,12.14,7.09,0.293,4096.65,591.98,0.1447,-2844.034,3.169,1.2246467991473532e-16,-1.0,316.86,231.26,310.64,1274.15,286.25333333333333,47.72705871236198,327.42333333333335,0.3701461398362822,-0.07071428571428484,-54.82142857142867,29.84,1.67,1.57,1674.0,-0.7317801628925916,886.42,288086.4
2013-07-01,2013,7,Southwest Monsoon,Southwest Monsoon,1,Malappuram,Indian Mackerel,Rastrelliger kanagurta,3.2,Intermediate Predator,288086.4,325,4113,886.42,27.7,587.9,8.5,4.07,12.71,7.2,0.212,4470.91,471.48,0.1057,-2619.29,2.86,-0.4999999999999997,-0.8660254037844388,1081.52,316.86,231.26,1136.1,543.2133333333333,468.147829785991,444.8416666666667,2.4132423652956394,0.015714285714285126,-20.049999999999955,28.52,12.14,7.09,449.0,-0.2761692588826446,929.86,1711879.6
2013-08-01,2013,8,Southwest Monsoon,Southwest Monsoon,0,Malappuram,Indian Mackerel,Rastrelliger kanagurta,3.2,Intermediate Predator,1711879.6,1841,20424,929.86,27.67,394.9,6.8,2.46,9.64,5.61,1.203,2620.69,465.96,0.1781,-1389.232,2.321,-0.8660254037844385,-0.5000000000000004,886.42,1081.52,316.86,572.61,761.5999999999999,397.3175722265501,535.7966666666666,-0.18039425826249855,0.29285714285714803,-22.1142857142857,27.7,12.71,7.2,325.0,4.664615241088762,820.72,1487137.8
2013-09-01,2013,9,Southwest Monsoon,Southwest Monsoon,0,Malappuram,Indian Mackerel,Rastrelliger kanagurta,3.2,Intermediate Predator,1487137.8,1812,25056,820.72,28.29,274.4,5.3,2.11,7.48,4.2,1.184,2506.65,432.33,0.1728,-1285.622,2.196,-1.0,-1.8369701987210297e-16,929.86,886.42,1081.52,838.97,965.9333333333333,102.43030085542652,626.0933333333334,0.0490061139301222,0.2671428571428578,24.42142857142855,27.67,9.64,5.61,1841.0,-0.015752308442410056,406.52,831325.3
2013-10-01,2013,10,Post-Monsoon,Post-Monsoon,0,Malappuram,Indian Mackerel,Rastrelliger kanagurta,3.2,Intermediate Predator,831325.3,2045,22661,406.52,28.79,218.6,3.3,1.35,0.83,1.22,1.337,800.95,230.25,0.2884,-201.378,1.081,-0.8660254037844386,0.5000000000000001,820.72,929.86,886.42,427.84,879.0,54.947039956669904,711.1066666666667,-0.11737250642706959,-0.008571428571428896,-83.95714285714288,28.29,7.48,4.2,1812.0,0.12858719575834882,479.89,878673.4
2013-11-01,2013,11,Post-Monsoon,Post-Monsoon,0,Malappuram,Indian Mackerel,Rastrelliger kanagurta,3.2,Intermediate Predator,878673.4,1831,19483,479.89,28.98,167.2,4.0,0.92,1.51,1.41,1.197,774.93,261.2,0.3379,-214.73,1.192,-0.5000000000000004,0.8660254037844384,406.52,820.72,929.86,437.83,719.0333333333332,276.09114895869675,740.3166666666666,-0.5046788124490836,-0.03571428571428825,-0.9571428571428555,28.79,0.83,1.22,2045.0,-0.10464547626090231,471.66,840960.9
2013-12-01,2013,12,Winter / Post-Monsoon,Northeast/Dry,0,Malappuram,Indian Mackerel,Rastrelliger kanagurta,3.2,Intermediate Predator,840960.9,1783,25411,471.66,28.38,33.9,3.3,1.21,1.1,0.97,1.165,840.87,258.45,0.3082,-242.067,1.271,-2.4492935982947064e-16,1.0,479.89,406.52,820.72,377.01,569.0433333333332,221.02408835539464,767.4883333333333,0.1804831206217869,-0.11857142857143188,-1.4785714285714278,28.98,1.51,1.41,1831.0,-0.02621518281695695,305.16,505656.2
2014-01-01,2014,1,Winter / Post-Monsoon,Northeast/Dry,0,Malappuram,Indian Mackerel,Rastrelliger kanagurta,3.2,Intermediate Predator,505656.2,1657,22511,305.16,27.93,6.7,4.1,0.81,1.43,1.1,1.083,864.15,170.07,0.1977,-172.059,0.906,0.49999999999999994,0.8660254037844387,471.66,479.89,406.52,340.69,452.6899999999999,40.1955830906827,665.8449999999999,-0.01714976313009717,-0.34642857142857153,-1.7571428571428571,28.38,1.1,0.97,1783.0,-0.07066741407365444,369.76,735448.9
2014-02-01,2014,2,Winter / Post-Monsoon,Northeast/Dry,0,Malappuram,Indian Mackerel,Rastrelliger kanagurta,3.2,Intermediate Predator,735448.9,1989,28611,369.76,28.56,14.5,4.2,0.7,1.42,1.22,1.3,726.4,205.72,0.2842,-160.004,1.015,0.8660254037844386,0.5000000000000001,305.16,471.66,479.89,388.08,418.90333333333325,98.5905301402387,568.9683333333334,-0.3530085156042803,-0.09142857142857252,3.8428571428571434,27.93,1.43,1.1,1657.0,0.20036209897186422,306.97,597368.5
2014-03-01,2014,3,Pre-Monsoon / Summer,Pre-Monsoon,0,Malappuram,Indian Mackerel,Rastrelliger kanagurta,3.2,Intermediate Predator,597368.5,1946,25041,306.97,29.3,19.8,3.7,1.28,1.04,1.05,1.272,580.05,184.55,0.3193,-109.199,0.884,1.0,6.123233995736766e-17,369.76,305.16,471.66,310.64,382.1933333333333,83.94345318923523,475.61833333333334,0.21169222009135458,-0.235714285714284,-4.935714285714287,28.56,1.42,1.22,1989.0,-0.021618903863152822,233.6,459488.3
2014-04-01,2014,4,Pre-Monsoon / Summer,Pre-Monsoon,0,Malappuram,Indian Mackerel,Rastrelliger kanagurta,3.2,Intermediate Predator,459488.3,1967,26377,233.6,30.0,79.0,3.3,1.27,1.04,0.61,1.286,430.9,149.7,0.3489,-62.248,0.723,0.8660254037844387,-0.4999999999999998,306.97,369.76,305.16,231.26,327.29666666666657,36.78545953679714,389.99333333333334,-0.16981284698688745,-0.3014285714285734,-10.407142857142858,29.3,1.04,1.05,1946.0,0.010791366851020726,286.1,501247.5
2014-05-01,2014,5,Pre-Monsoon / Summer,Pre-Monsoon,0,Malappuram,Indian Mackerel,Rastrelliger kanagurta,3.2,Intermediate Predator,501247.5,1752,21872,286.1,30.14,259.9,4.6,1.68,1.56,1.33,1.145,303.08,172.34,0.57,-45.034,0.752,0.49999999999999994,-0.8660254037844387,233.6,306.97,369.76,316.86,303.44333333333327,68.14847344829779,361.17333333333335,-0.23901357660313471,0.010000000000001563,-1.157142857142901,30.0,1.04,0.61,1967.0,-0.10930350732433397,893.37,357347.8
2014-06-01,2014,6,Southwest Monsoon,Southwest Monsoon,1,Malappuram,Indian Mackerel,Rastrelliger kanagurta,3.2,Intermediate Predator,357347.8,400,4347,893.37,28.69,480.4,8.4,3.2,12.56,7.11,0.261,3228.17,493.27,0.1531,-1817.49,2.96,1.2246467991473532e-16,-1.0,286.1,233.6,306.97,1081.52,275.5566666666666,37.804240943753385,328.87500000000006,0.224743141064078,0.09928571428571686,-189.32142857142867,30.14,1.56,1.33,1752.0,-0.7716894933122745,802.96,306732.4
2014-07-01,2014,7,Southwest Monsoon,Southwest Monsoon,1,Malappuram,Indian Mackerel,Rastrelliger kanagurta,3.2,Intermediate Predator,306732.4,382,3695,802.96,27.65,509.6,7.9,3.39,11.67,6.62,0.25,3480.4,409.77,0.118,-1724.331,2.208,-0.4999999999999997,-0.8660254037844388,893.37,286.1,233.6,886.42,471.02333333333326,366.70368505556814,399.16,2.122579443461047,-0.034285714285715585,-98.34999999999991,28.69,12.56,7.11,400.0,-0.04499999887500003,609.47,1234184.2
2014-08-01,2014,8,Southwest Monsoon,Southwest Monsoon,0,Malappuram,Indian Mackerel,Rastrelliger kanagurta,3.2,Intermediate Predator,1234184.2,2025,23282,609.47,27.15,482.4,7.6,2.53,11.02,6.31,1.324,2545.95,301.2,0.1187,-900.627,1.691,-0.8660254037844385,-0.5000000000000004,802.96,893.37,286.1,929.86,660.81,327.64184729670893,482.1266666666667,-0.10120106897253017,-0.2271428571428551,65.3857142857143,27.65,11.67,6.62,382.0,4.301047007825995,680.14,1322191.0
2014-09-01,2014,9,Southwest Monsoon,Southwest Monsoon,0,Malappuram,Indian Mackerel,Rastrelliger kanagurta,3.2,Intermediate Predator,1322191.0,1944,22632,680.14,27.89,281.5,6.0,1.88,8.88,5.07,1.271,2638.06,350.79,0.1333,-1116.892,1.952,-1.0,-1.8369701987210297e-16,609.47,802.96,893.37,820.72,768.5999999999999,145.03537396097516,522.0783333333334,-0.24097090464069312,-0.1328571428571408,31.521428571428572,27.15,11.02,6.31,2025.0,-0.039999999802469134,358.57,640759.4
2014-10-01,2014,10,Post-Monsoon,Post-Monsoon,0,Malappuram,Indian Mackerel,Rastrelliger kanagurta,3.2,Intermediate Predator,640759.4,1787,17286,358.57,28.72,355.1,3.9,1.19,1.1,1.49,1.168,939.54,201.19,0.215,-215.774,0.968,-0.8660254037844386,0.5000000000000001,680.14,609.47,802.96,406.52,697.5233333333332,97.90929594953306,584.2733333333333,0.11595320334137517,-0.07857142857142918,52.542857142857144,27.89,8.88,5.07,1944.0,-0.08076131645698911,420.28,889308.4
2014-11-01,2014,11,Post-Monsoon,Post-Monsoon,0,Malappuram,Indian Mackerel,Rastrelliger kanagurta,3.2,Intermediate Predator,889308.4,2116,30109,420.28,28.96,190.7,3.2,1.03,0.73,1.19,1.383,609.22,228.21,0.3756,-141.786,1.061,-0.5000000000000004,0.8660254037844384,358.57,680.14,609.47,479.89,549.3933333333333,168.9932561770831,605.1016666666667,-0.4727997107536726,-0.055714285714287826,22.542857142857144,28.72,1.1,1.49,1787.0,0.18410744161103837,321.41,581439.5
2014-12-01,2014,12,Winter / Post-Monsoon,Northeast/Dry,0,Malappuram,Indian Mackerel,Rastrelliger kanagurta,3.2,Intermediate Predator,581439.5,1809,20914,321.41,28.65,30.7,3.1,1.4,1.27,0.95,1.182,875.79,181.65,0.2083,-188.115,0.911,-2.4492935982947064e-16,1.0,420.28,358.57,680.14,471.66,486.32999999999987,170.65687240776418,627.465,0.1721002824525118,0.1514285714285677,-4.678571428571427,28.96,0.73,1.19,2116.0,-0.14508506547691366,159.6,306275.1
2015-01-01,2015,1,Winter / Post-Monsoon,Northeast/Dry,0,Malappuram,Indian Mackerel,Rastrelliger kanagurta,3.2,Intermediate Predator,306275.1,1919,22469,159.6,29.02,8.2,3.0,0.9,0.88,0.8,1.254,335.71,90.01,0.2703,-24.554,0.499,0.49999999999999994,0.8660254037844387,321.41,420.28,358.57,305.16,366.7533333333333,49.940408822247626,532.1383333333333,-0.2352479243540514,0.7435714285714283,-0.257142857142858,28.65,1.27,0.95,1809.0,0.060807075396312464,188.69,350767.9
2015-02-01,2015,2,Winter / Post-Monsoon,Northeast/Dry,0,Malappuram,Indian Mackerel,Rastrelliger kanagurta,3.2,Intermediate Predator,350767.9,1859,24912,188.69,29.64,7.2,3.4,1.03,1.17,0.81,1.215,223.68,115.8,0.5199,-19.643,0.506,0.8660254037844386,0.5000000000000001,159.6,321.41,420.28,369.76,300.42999999999995,131.60028837354383,424.9116666666667,-0.503437960752996,0.9885714285714293,-3.4571428571428564,29.02,0.88,0.8,1919.0,-0.03126628436025907,165.63,285216.3
2015-03-01,2015,3,Pre-Monsoon / Summer,Pre-Monsoon,0,Malappuram,Indian Mackerel,Rastrelliger kanagurta,3.2,Intermediate Predator,285216.3,1722,24082,165.63,29.9,21.0,4.6,1.43,1.96,1.08,1.125,232.61,95.9,0.4148,-15.65,0.45,1.0,6.123233995736766e-17,188.69,159.6,321.41,306.97,223.23333333333326,86.25862526920562,354.7816666666667,0.18226815900575447,0.3642857142857139,-3.7357142857142875,29.64,1.17,0.81,1859.0,-0.07369553483757109,95.11,137055.7
2015-04-01,2015,4,Pre-Monsoon / Summer,Pre-Monsoon,0,Malappuram,Indian Mackerel,Rastrelliger kanagurta,3.2,Intermediate Predator,137055.7,1441,17984,95.11,30.71,82.4,4.8,1.21,1.75,1.02,0.942,107.97,61.18,0.5706,-2.295,0.273,0.8660254037844387,-0.4999999999999998,165.63,188.69,159.6,233.6,171.3066666666666,15.35335251120217,269.03000000000003,-0.12221102749424838,0.4085714285714275,-7.007142857142853,29.9,1.96,1.08,1722.0,-0.1631823451615427,124.16,228575.1
2015-05-01,2015,5,Pre-Monsoon / Summer,Pre-Monsoon,0,Malappuram,Indian Mackerel,Rastrelliger kanagurta,3.2,Intermediate Predator,228575.1,1841,18789,124.16,30.46,286.9,5.5,1.76,1.95,1.51,1.203,130.88,75.2,0.5778,-4.722,0.344,0.49999999999999994,-0.8660254037844387,95.11,165.63,188.69,286.1,149.80999999999992,48.75457311883579,225.12,-0.425768252987487,0.33000000000000185,25.8428571428571,30.71,1.75,1.02,1441.0,0.27758500848310197,578.11,179212.8
2015-06-01,2015,6,Southwest Monsoon,Southwest Monsoon,1,Malappuram,Indian Mackerel,Rastrelliger kanagurta,3.2,Intermediate Predator,179212.8,310,3397,578.11,28.75,597.7,7.7,3.13,11.54,6.84,0.203,1861.17,305.98,0.1649,-608.433,1.75,1.2246467991473532e-16,-1.0,124.16,95.11,165.63,893.37,128.29999999999993,35.4418156984078,175.76666666666668,0.3054357790520682,0.15928571428571558,-72.0214285714286,30.46,1.95,1.51,1841.0,-0.8316132491493033,522.71,157335.6
2015-07-01,2015,7,Southwest Monsoon,Southwest Monsoon,1,Malappuram,Indian Mackerel,Rastrelliger kanagurta,3.2,Intermediate Predator,157335.6,301,3505,522.71,28.75,662.2,7.9,3.45,11.82,7.02,0.197,1990.6,288.31,0.1453,-622.677,1.657,-0.4999999999999997,-0.8660254037844388,578.11,124.16,95.11,802.96,265.79333333333324,270.8638972497687,218.54999999999998,3.656169164290499,1.0657142857142858,54.250000000000114,28.75,11.54,6.84,310.0,-0.029032257127991706,511.73,793699.9
2015-08-01,2015,8,Southwest Monsoon,Southwest Monsoon,0,Malappuram,Indian Mackerel,Rastrelliger kanagurta,3.2,Intermediate Predator,793699.9,1551,17095,511.73,28.29,360.8,7.1,3.14,10.16,5.72,1.014,1799.62,261.84,0.146,-520.508,1.328,-0.8660254037844385,-0.5000000000000004,522.71,578.11,124.16,609.47,408.3266666666666,247.64957264920375,279.0683333333333,-0.0958295117567675,0.9128571428571455,-56.214285714285666,28.75,11.82,7.02,301.0,4.1528237822982135,319.65,490983.0
2015-09-01,2015,9,Southwest Monsoon,Southwest Monsoon,0,Malappuram,Indian Mackerel,Rastrelliger kanagurta,3.2,Intermediate Predator,490983.0,1536,22262,319.65,28.22,157.4,5.6,1.98,8.25,4.45,1.004,1264.18,174.93,0.1391,-238.378,1.165,-1.0,-1.8369701987210297e-16,511.73,522.71,578.11,680.14,537.5166666666665,35.58095183287334,332.90833333333336,-0.02100591109781888,0.1971428571428575,-92.57857142857142,28.29,10.16,5.72,1551.0,-0.009671179821591361,143.0,222217.7
2015-10-01,2015,10,Post-Monsoon,Post-Monsoon,0,Malappuram,Indian Mackerel,Rastrelliger kanagurta,3.2,Intermediate Predator,222217.7,1554,15802,143.0,29.74,336.7,3.8,1.21,0.92,1.24,1.016,239.13,92.58,0.3897,-15.24,0.378,-0.8660254037844386,0.5000000000000001,319.65,511.73,522.71,358.57,451.36333333333323,114.19913192898298,358.5783333333333,-0.37535418335149046,0.9414285714285704,34.14285714285711,28.22,8.25,4.45,1536.0,0.011718749923706055,126.32,245195.8
2015-11-01,2015,11,Post-Monsoon,Post-Monsoon,0,Malappuram,Indian Mackerel,Rastrelliger kanagurta,3.2,Intermediate Predator,245195.8,1941,25581,126.32,29.69,164.8,3.9,1.04,0.67,1.02,1.269,270.08,90.56,0.3378,-17.759,0.385,-0.5000000000000004,0.8660254037844384,143.0,319.65,511.73,420.28,324.79333333333324,184.41879956591535,366.55999999999995,-0.5526356780029508,0.6742857142857126,-3.357142857142833,29.74,0.92,1.24,1554.0,0.24903474743220883,183.87,342359.7
2015-12-01,2015,12,Winter / Post-Monsoon,Northeast/Dry,0,Malappuram,Indian Mackerel,Rastrelliger kanagurta,3.2,Intermediate Predator,342359.7,1862,26206,183.87,29.24,30.8,3.9,1.35,1.33,1.01,1.217,261.3,113.66,0.4371,-23.019,0.517,-2.4492935982947064e-16,1.0,126.32,143.0,319.65,321.41,196.32333333333327,107.12915398402653,366.92,-0.11664334848647917,0.7414285714285676,-4.578571428571426,29.69,0.67,1.02,1941.0,-0.040700669548167596,153.41,265247.9
2016-01-01,2016,1,Winter / Post-Monsoon,Northeast/Dry,0,Malappuram,Indian Mackerel,Rastrelliger kanagurta,3.2,Intermediate Predator,265247.9,1729,24909,153.41,28.92,10.5,4.4,1.39,0.9,0.9,1.13,291.21,89.5,0.3097,-19.657,0.405,0.49999999999999994,0.8660254037844387,183.87,126.32,143.0,159.6,151.06333333333325,29.610194753383034,301.2133333333333,0.45558894430106534,0.6435714285714305,2.0428571428571427,29.24,1.33,1.01,1862.0,-0.07142857104495934,172.55,299027.1
2016-02-01,2016,2,Winter / Post-Monsoon,Northeast/Dry,0,Malappuram,Indian Mackerel,Rastrelliger kanagurta,3.2,Intermediate Predator,299027.1,1733,20945,172.55,29.46,11.0,3.8,0.71,1.82,1.22,1.133,341.75,101.82,0.3,-28.088,0.524,0.8660254037844386,0.5000000000000001,153.41,183.87,126.32,188.69,154.53333333333327,28.79144027889664,239.66333333333333,-0.1656605120106319,0.8085714285714296,0.3428571428571434,28.92,0.9,0.9,1729.0,0.002313475984306096,117.35,204650.6
2016-03-01,2016,3,Pre-Monsoon / Summer,Pre-Monsoon,0,Malappuram,Indian Mackerel,Rastrelliger kanagurta,3.2,Intermediate Predator,204650.6,1744,18605,117.35,30.34,24.9,3.2,1.25,1.08,0.72,1.14,112.95,63.29,0.5642,-2.787,0.32,1.0,6.123233995736766e-17,172.55,153.41,183.87,165.63,169.94333333333327,15.396393517095827,183.13333333333333,0.12476369697127335,0.8042857142857152,0.16428571428571104,29.46,1.82,1.22,1733.0,0.006347374458468699,65.2,129220.6
2016-04-01,2016,4,Pre-Monsoon / Summer,Pre-Monsoon,0,Malappuram,Indian Mackerel,Rastrelliger kanagurta,3.2,Intermediate Predator,129220.6,1982,24574,65.2,30.77,112.4,4.8,1.11,0.83,0.61,1.295,101.76,43.97,0.4376,-0.462,0.194,0.8660254037844387,-0.4999999999999998,117.35,172.55,153.41,95.11,147.76999999999992,28.028863694412195,149.41666666666666,-0.3199072547141551,0.4685714285714262,22.992857142857147,30.34,1.08,0.72,1744.0,0.13646788912575752,71.93,125382.3
2016-05-01,2016,5,Pre-Monsoon / Summer,Pre-Monsoon,0,Malappuram,Indian Mackerel,Rastrelliger kanagurta,3.2,Intermediate Predator,125382.3,1743,22120,71.93,30.76,262.9,4.8,1.6,1.27,1.11,1.139,106.29,49.4,0.4698,-0.967,0.215,0.49999999999999994,-0.8660254037844387,65.2,117.35,172.55,124.16,118.36666666666657,53.682220830860494,136.45000000000002,-0.4443970648149071,0.6300000000000026,1.842857142857099,30.77,0.83,0.61,1982.0,-0.12058526679825798,450.71,143775.3
2016-06-01,2016,6,Southwest Monsoon,Southwest Monsoon,1,Malappuram,Indian Mackerel,Rastrelliger kanagurta,3.2,Intermediate Predator,143775.3,319,4522,450.71,29.39,849.2,7.9,3.17,11.56,7.31,0.208,1295.65,249.48,0.1932,-319.515,1.317,1.2246467991473532e-16,-1.0,71.93,65.2,117.35,578.11,84.8266666666666,28.366329218516654,127.385,0.10322084306428793,0.7992857142857162,179.4785714285714,30.76,1.27,1.11,1743.0,-0.8169822098853574,444.52,148469.7
2016-07-01,2016,7,Southwest Monsoon,Southwest Monsoon,1,Malappuram,Indian Mackerel,Rastrelliger kanagurta,3.2,Intermediate Predator,148469.7,334,3216,444.52,27.91,589.9,8.5,3.21,12.81,7.35,0.218,1731.98,235.34,0.1364,-429.692,1.252,-0.4999999999999997,-0.8660254037844388,450.71,71.93,65.2,522.71,195.9466666666666,220.65717806890686,171.85833333333335,5.265952277776687,0.22571428571428598,-18.049999999999955,29.39,11.56,7.31,319.0,0.047021942099625645,419.52,764361.0
2016-08-01,2016,8,Southwest Monsoon,Southwest Monsoon,0,Malappuram,Indian Mackerel,Rastrelliger kanagurta,3.2,Intermediate Predator,764361.0,1822,21728,419.52,27.83,580.7,7.4,2.58,11.52,6.65,1.191,1669.81,218.59,0.1314,-389.866,1.14,-0.8660254037844385,-0.5000000000000004,444.52,450.71,71.93,511.73,322.38666666666654,216.92391623178221,220.37666666666667,-0.013733886229862076,0.4528571428571446,163.68571428571437,27.91,12.81,7.35,334.0,4.455089686973363,360.2,623144.5
2016-09-01,2016,9,Southwest Monsoon,Southwest Monsoon,0,Malappuram,Indian Mackerel,Rastrelliger kanagurta,3.2,Intermediate Predator,623144.5,1730,17210,360.2,28.91,229.6,5.5,2.1,8.61,4.65,1.131,893.09,199.09,0.2238,-172.249,0.971,-1.0,-1.8369701987210297e-16,419.52,444.52,450.71,319.65,438.24999999999994,16.51328858828372,261.53833333333336,-0.056240437860153925,0.8871428571428588,-20.378571428571433,27.83,11.52,6.65,1822.0,-0.0504939624012406,148.44,229193.9
2016-10-01,2016,10,Post-Monsoon,Post-Monsoon,0,Malappuram,Indian Mackerel,Rastrelliger kanagurta,3.2,Intermediate Predator,229193.9,1544,21275,148.44,29.49,345.5,4.2,1.19,0.78,1.41,1.009,292.71,85.02,0.2929,-17.536,0.399,-0.8660254037844386,0.5000000000000001,360.2,419.52,444.52,143.0,408.0799999999999,43.30843797691094,302.0133333333333,-0.14139969151888607,0.6914285714285704,42.94285714285712,28.91,8.61,4.65,1730.0,-0.10751445024558122,142.37,274915.3
2016-11-01,2016,11,Post-Monsoon,Post-Monsoon,0,Malappuram,Indian Mackerel,Rastrelliger kanagurta,3.2,Intermediate Predator,274915.3,1931,21271,142.37,29.58,126.2,3.5,1.23,1.56,1.22,1.262,156.11,89.64,0.5769,-8.354,0.405,-0.5000000000000004,0.8660254037844384,148.44,360.2,419.52,126.32,309.38666666666654,142.5046937238675,315.88666666666666,-0.5878955972266631,0.5642857142857096,-41.95714285714284,29.49,0.78,1.41,1544.0,0.25064766677041667,161.3,275668.8
2016-12-01,2016,12,Winter / Post-Monsoon,Northeast/Dry,0,Malappuram,Indian Mackerel,Rastrelliger kanagurta,3.2,Intermediate Predator,275668.8,1709,19283,161.3,28.77,38.4,3.1,0.77,1.57,1.13,1.117,435.45,96.26,0.2228,-37.361,0.513,-2.4492935982947064e-16,1.0,142.37,148.44,360.2,183.87,217.00333333333325,124.04908396813447,327.62666666666667,-0.040891940117762,0.2714285714285687,3.0214285714285722,29.58,1.56,1.22,1931.0,-0.11496633808924735,236.66,373445.0
2017-01-01,2017,1,Winter / Post-Monsoon,Northeast/Dry,0,Malappuram,Indian Mackerel,Rastrelliger kanagurta,3.2,Intermediate Predator,373445.0,1578,21260,236.66,28.0,8.8,4.8,0.85,1.34,1.04,1.031,611.65,138.75,0.2281,-89.01,0.774,0.49999999999999994,0.8660254037844387,161.3,142.37,148.44,153.41,150.70333333333326,9.665828124546696,279.39166666666665,0.1329633958724875,-0.27642857142857125,0.3428571428571434,28.77,1.57,1.13,1709.0,-0.07665301300963714,290.62,571650.3
2017-02-01,2017,2,Winter / Post-Monsoon,Northeast/Dry,0,Malappuram,Indian Mackerel,Rastrelliger kanagurta,3.2,Intermediate Predator,571650.3,1967,27971,290.62,28.0,9.5,3.0,1.03,1.0,0.86,1.286,864.67,145.53,0.1693,-155.237,0.667,0.8660254037844386,0.5000000000000001,236.66,161.3,142.37,172.55,180.10999999999993,49.87998696872266,244.74833333333333,0.4672039387970278,-0.6514285714285712,-1.1571428571428566,28.0,1.34,1.04,1578.0,0.24651457384971753,224.58,371462.5
2017-03-01,2017,3,Pre-Monsoon / Summer,Pre-Monsoon,0,Malappuram,Indian Mackerel,Rastrelliger kanagurta,3.2,Intermediate Predator,371462.5,1654,19328,224.58,29.51,26.0,2.9,1.4,0.69,0.59,1.081,373.84,127.12,0.3418,-43.429,0.557,1.0,6.123233995736766e-17,290.62,236.66,161.3,117.35,229.5266666666666,64.95443736445783,223.265,0.2280064130817877,-0.025714285714283136,1.2642857142857125,28.0,1.0,0.86,1967.0,-0.15912557112798387,144.66,291494.6
2017-04-01,2017,4,Pre-Monsoon / Summer,Pre-Monsoon,0,Malappuram,Indian Mackerel,Rastrelliger kanagurta,3.2,Intermediate Predator,291494.6,2015,20634,144.66,30.32,91.4,4.9,1.34,1.15,0.84,1.317,109.73,103.63,0.9449,-7.061,0.393,0.8660254037844387,-0.4999999999999998,224.58,290.62,236.66,65.2,250.61999999999992,35.163640312117046,200.66166666666666,-0.22723831025950345,0.018571428571426907,1.9928571428571473,29.51,0.69,0.59,1654.0,0.21825876530677893,244.34,454723.8
2017-05-01,2017,5,Pre-Monsoon / Summer,Pre-Monsoon,0,Malappuram,Indian Mackerel,Rastrelliger kanagurta,3.2,Intermediate Predator,454723.8,1861,24826,244.34,30.15,279.4,5.4,1.68,2.27,1.8,1.216,308.72,147.72,0.4802,-37.614,0.716,0.49999999999999994,-0.8660254037844387,144.66,224.58,290.62,71.93,219.95333333333326,73.08990992834289,200.03166666666667,-0.35586426414354516,0.019999999999999574,18.3428571428571,30.32,1.15,0.84,2015.0,-0.07642679862815485,687.9,267594.2
2017-06-01,2017,6,Southwest Monsoon,Southwest Monsoon,1,Malappuram,Indian Mackerel,Rastrelliger kanagurta,3.2,Intermediate Predator,267594.2,389,4384,687.9,28.32,699.7,7.4,3.31,10.54,6.43,0.254,2439.87,370.74,0.1523,-1019.294,1.993,1.2246467991473532e-16,-1.0,244.34,144.66,224.58,450.71,204.5266666666666,52.77904634732687,217.02666666666667,0.6890639645331146,-0.27071428571428413,29.9785714285714,30.15,2.27,1.8,1861.0,-0.7909725911285729,678.82,268813.8
2017-07-01,2017,7,Southwest Monsoon,Southwest Monsoon,1,Malappuram,Indian Mackerel,Rastrelliger kanagurta,3.2,Intermediate Predator,268813.8,396,4086,678.82,27.31,754.8,8.0,3.63,11.98,7.23,0.259,2411.02,334.92,0.1393,-900.035,1.798,-0.4999999999999997,-0.8660254037844388,687.9,244.34,144.66,444.52,358.9666666666665,289.1917684397903,304.79333333333335,1.8153392070336738,-0.37428571428571544,146.85000000000002,28.32,10.54,6.43,389.0,0.017994858149232438,433.3,1065918.5
2017-08-01,2017,8,Southwest Monsoon,Southwest Monsoon,0,Malappuram,Indian Mackerel,Rastrelliger kanagurta,3.2,Intermediate Predator,1065918.5,2460,31140,433.3,27.17,374.5,6.9,2.58,10.15,5.8,1.608,1826.88,224.65,0.1234,-461.287,1.28,-0.8660254037844385,-0.5000000000000004,678.82,687.9,244.34,419.52,537.02,253.5089710444187,378.4866666666667,-0.013199592772211078,-0.20714285714285197,-42.51428571428568,27.31,11.98,7.23,396.0,5.212121080501993,360.95,731285.4
2017-09-01,2017,9,Southwest Monsoon,Southwest Monsoon,0,Malappuram,Indian Mackerel,Rastrelliger kanagurta,3.2,Intermediate Predator,731285.4,2026,22942,360.95,27.51,259.9,4.6,1.83,6.63,3.98,1.324,1560.5,186.19,0.1199,-343.353,1.068,-1.0,-1.8369701987210297e-16,433.3,678.82,687.9,360.2,600.0066666666667,144.44357421960055,402.2666666666667,-0.3616864505806186,-0.5128571428571398,9.92142857142855,27.17,10.15,5.8,2460.0,-0.17642276351047656,314.06,552753.9
2017-10-01,2017,10,Post-Monsoon,Post-Monsoon,0,Malappuram,Indian Mackerel,Rastrelliger kanagurta,3.2,Intermediate Predator,552753.9,1760,20402,314.06,28.83,351.2,4.0,1.19,1.26,1.85,1.15,495.47,185.78,0.3762,-86.256,1.009,-0.8660254037844386,0.5000000000000001,360.95,433.3,678.82,148.44,491.02333333333326,166.61128903328637,424.99500000000006,-0.16697437879126756,0.03142857142857025,48.64285714285711,27.51,6.63,3.98,2026.0,-0.13129318790082337,293.94,527618.4
2017-11-01,2017,11,Post-Monsoon,Post-Monsoon,0,Malappuram,Indian Mackerel,Rastrelliger kanagurta,3.2,Intermediate Predator,527618.4,1795,25900,293.94,28.83,165.9,3.6,0.81,1.56,1.44,1.173,632.35,170.43,0.2707,-109.926,0.924,-0.5000000000000004,0.8660254037844384,314.06,360.95,433.3,142.37,369.43666666666655,60.07130790430077,453.2283333333333,-0.1299071857623719,-0.18571428571429038,-2.2571428571428385,28.83,1.26,1.85,1760.0,0.019886363523372936,231.7,408489.4
2017-12-01,2017,12,Winter / Post-Monsoon,Northeast/Dry,0,Malappuram,Indian Mackerel,Rastrelliger kanagurta,3.2,Intermediate Predator,408489.4,1763,20169,231.7,28.38,35.8,4.1,1.03,1.28,0.89,1.152,752.91,136.27,0.1821,-119.601,0.756,-2.4492935982947064e-16,1.0,293.94,314.06,360.95,161.3,322.9833333333333,34.384654038296155,461.49500000000006,-0.06406418951588266,-0.11857142857143188,0.4214285714285708,28.83,1.56,1.44,1795.0,-0.017827297950822853,381.05,793353.4
2018-01-01,2018,1,Winter / Post-Monsoon,Northeast/Dry,0,Malappuram,Indian Mackerel,Rastrelliger kanagurta,3.2,Intermediate Predator,793353.4,2082,24068,381.05,28.27,10.0,2.7,1.2,1.45,1.1,1.361,640.39,193.63,0.3035,-129.488,0.935,0.49999999999999994,0.8660254037844387,231.7,293.94,314.06,236.66,279.8999999999999,42.93755465789818,385.46166666666664,-0.2117438861079171,-0.006428571428571672,1.5428571428571427,28.38,1.28,0.89,1763.0,0.18094157583130133,294.54,496896.6
2018-02-01,2018,2,Winter / Post-Monsoon,Northeast/Dry,0,Malappuram,Indian Mackerel,Rastrelliger kanagurta,3.2,Intermediate Predator,496896.6,1687,20718,294.54,28.61,10.6,3.6,1.21,1.27,1.09,1.103,607.0,158.25,0.2619,-99.49,0.783,0.8660254037844386,0.5000000000000001,381.05,231.7,293.94,290.62,302.22999999999996,75.01932217768956,335.8333333333333,0.644583485343829,-0.041428571428571814,-0.05714285714285694,28.27,1.45,1.1,2082.0,-0.1897214207986483,263.64,555760.1
2018-03-01,2018,3,Pre-Monsoon / Summer,Pre-Monsoon,0,Malappuram,Indian Mackerel,Rastrelliger kanagurta,3.2,Intermediate Predator,555760.1,2108,21076,263.64,29.04,28.4,3.3,1.28,0.59,0.84,1.378,510.87,151.4,0.2977,-77.289,0.719,1.0,6.123233995736766e-17,294.54,381.05,231.7,224.58,302.4299999999999,74.9869635336702,312.70666666666665,-0.2270305674575366,-0.49571428571428555,3.664285714285711,28.61,1.27,1.09,1687.0,0.2495554223499975,195.01,370332.4
2018-04-01,2018,4,Pre-Monsoon / Summer,Pre-Monsoon,0,Malappuram,Indian Mackerel,Rastrelliger kanagurta,3.2,Intermediate Predator,370332.4,1899,19610,195.01,30.26,81.9,4.3,1.2,0.71,0.76,1.241,122.39,108.76,0.8895,-8.686,0.473,0.8660254037844387,-0.4999999999999998,263.64,294.54,381.05,144.66,313.0766666666666,60.86035682883657,296.48833333333334,-0.10490934661134843,-0.041428571428571814,-7.507142857142853,29.04,0.59,0.84,2108.0,-0.0991461095865934,162.93,308109.6
2018-05-01,2018,5,Pre-Monsoon / Summer,Pre-Monsoon,0,Malappuram,Indian Mackerel,Rastrelliger kanagurta,3.2,Intermediate Predator,308109.6,1891,22954,162.93,30.11,262.5,5.3,2.23,1.57,1.43,1.236,194.75,111.58,0.5751,-15.203,0.547,0.49999999999999994,-0.8660254037844387,195.01,263.64,294.54,244.34,251.06333333333328,50.942954697714114,276.6466666666667,-0.26031708920053526,-0.019999999999999574,1.4428571428571217,30.26,0.71,0.76,1899.0,-0.00421274352705243,753.62,257738.6
2018-06-01,2018,6,Southwest Monsoon,Southwest Monsoon,1,Malappuram,Indian Mackerel,Rastrelliger kanagurta,3.2,Intermediate Predator,257738.6,342,3281,753.62,28.5,809.8,8.3,3.6,12.39,7.72,0.224,3098.5,425.68,0.1377,-1499.89,2.322,1.2246467991473532e-16,-1.0,162.93,195.01,263.64,687.9,207.19333333333324,51.44852994336549,254.81166666666664,-0.16450437595485476,-0.09071428571428442,140.0785714285713,30.11,1.57,1.43,1891.0,-0.8191433060859687,659.15,256408.2
2018-07-01,2018,7,Southwest Monsoon,Southwest Monsoon,1,Malappuram,Indian Mackerel,Rastrelliger kanagurta,3.2,Intermediate Predator,256408.2,389,5177,659.15,27.37,723.8,8.4,3.15,12.79,7.59,0.254,2729.31,326.86,0.1201,-1019.416,1.798,-0.4999999999999997,-0.8660254037844388,753.62,162.93,195.01,678.82,370.52,332.1618417277938,341.79833333333335,3.6254217378370015,-0.31428571428571317,115.85000000000002,28.5,12.39,7.72,342.0,0.13742689656646503,522.35,839409.3
2018-08-01,2018,8,Southwest Monsoon,Southwest Monsoon,0,Malappuram,Indian Mackerel,Rastrelliger kanagurta,3.2,Intermediate Predator,839409.3,1607,20760,522.35,27.42,371.4,7.8,2.58,10.79,6.05,1.05,2414.8,262.48,0.1091,-754.723,1.466,-0.8660254037844385,-0.5000000000000004,659.15,753.62,162.93,433.3,525.2333333333332,317.2994236259076,388.1483333333333,-0.12535495176143216,0.042857142857148034,-45.6142857142857,27.37,12.79,7.59,389.0,3.1311053179664445,550.27,1046608.8
2018-09-01,2018,9,Southwest Monsoon,Southwest Monsoon,0,Malappuram,Indian Mackerel,Rastrelliger kanagurta,3.2,Intermediate Predator,1046608.8,1902,19342,550.27,27.8,240.5,6.3,2.6,9.52,5.12,1.243,1791.12,285.07,0.1596,-569.196,1.624,-1.0,-1.8369701987210297e-16,522.35,659.15,753.62,360.95,645.04,116.27885577352279,426.1166666666666,-0.2075400105053476,-0.22285714285714064,-9.478571428571428,27.42,10.79,6.05,1607.0,0.18357187191305618,368.74,808286.5
2018-10-01,2018,10,Post-Monsoon,Post-Monsoon,0,Malappuram,Indian Mackerel,Rastrelliger kanagurta,3.2,Intermediate Predator,808286.5,2192,23355,368.74,28.71,262.1,4.3,1.09,1.58,1.63,1.433,588.97,196.25,0.3343,-114.232,0.992,-0.8660254037844386,0.5000000000000001,550.27,522.35,659.15,314.06,577.2566666666667,72.28257143553405,473.8883333333333,0.05345075038861387,-0.08857142857142719,-40.457142857142856,27.8,9.52,5.12,1902.0,0.15247108226881662,294.58,556175.0
2018-11-01,2018,11,Post-Monsoon,Post-Monsoon,0,Malappuram,Indian Mackerel,Rastrelliger kanagurta,3.2,Intermediate Predator,556175.0,1888,25754,294.58,29.05,194.9,4.2,0.85,1.39,1.5,1.234,606.99,163.87,0.2712,-99.821,0.821,-0.5000000000000004,0.8660254037844384,368.74,550.27,522.35,293.94,480.4533333333332,97.74857151556289,502.8433333333333,-0.3298925921839716,0.03428571428571203,26.74285714285716,28.71,1.58,1.63,2192.0,-0.1386861307541691,285.26,555113.5
2018-12-01,2018,12,Winter / Post-Monsoon,Northeast/Dry,0,Malappuram,Indian Mackerel,Rastrelliger kanagurta,3.2,Intermediate Predator,555113.5,1946,27619,285.26,28.57,36.0,3.8,1.29,1.15,1.05,1.272,588.21,151.97,0.2596,-92.016,0.858,-2.4492935982947064e-16,1.0,294.58,368.74,550.27,231.7,404.53,131.54861116712635,524.785,-0.20111731298157753,0.0714285714285694,0.6214285714285737,29.05,1.39,1.5,1888.0,0.03072033882033719,187.21,316007.1
2019-01-01,2019,1,Winter / Post-Monsoon,Northeast/Dry,0,Malappuram,Indian Mackerel,Rastrelliger kanagurta,3.2,Intermediate Predator,316007.1,1688,16354,187.21,28.24,9.3,3.2,0.85,0.38,0.53,1.103,359.1,110.47,0.3096,-35.414,0.57,0.49999999999999994,0.8660254037844387,285.26,294.58,368.74,381.05,316.1933333333333,45.744723557293014,446.7250000000001,-0.031638263573960754,-0.03642857142857281,0.8428571428571434,28.57,1.15,1.05,1946.0,-0.13257964988396892,197.35,351488.9
2019-02-01,2019,2,Winter / Post-Monsoon,Northeast/Dry,0,Malappuram,Indian Mackerel,Rastrelliger kanagurta,3.2,Intermediate Predator,351488.9,1781,22499,197.35,28.35,10.7,3.2,0.5,1.0,0.82,1.164,610.66,109.03,0.1799,-72.654,0.683,0.8660254037844386,0.5000000000000001,187.21,285.26,294.58,294.54,255.68333333333328,59.482464923145024,368.0683333333334,-0.3437215051629564,-0.3014285714285698,0.042857142857142705,28.24,0.38,0.53,1688.0,0.055094786403466905,197.93,455227.8
2019-03-01,2019,3,Pre-Monsoon / Summer,Pre-Monsoon,0,Malappuram,Indian Mackerel,Rastrelliger kanagurta,3.2,Intermediate Predator,455227.8,2300,33100,197.93,29.51,23.6,4.0,1.27,1.01,0.82,1.503,315.77,116.21,0.37,-30.695,0.602,1.0,6.123233995736766e-17,197.35,187.21,285.26,263.64,223.2733333333333,53.92091461884888,313.90166666666664,0.05416377040949886,-0.025714285714283136,-1.1357142857142861,28.35,1.0,0.82,1781.0,0.2914093189701891,101.73,185461.4
2019-04-01,2019,4,Pre-Monsoon / Summer,Pre-Monsoon,0,Malappuram,Indian Mackerel,Rastrelliger kanagurta,3.2,Intermediate Predator,185461.4,1823,22796,101.73,30.4,119.2,3.7,1.13,1.21,0.89,1.192,116.65,72.75,0.6269,-3.966,0.297,0.8660254037844387,-0.4999999999999998,197.93,197.35,187.21,195.01,194.1633333333333,6.028742267936422,255.1783333333333,0.002938940818903493,0.0985714285714252,29.792857142857144,29.51,1.01,0.82,2300.0,-0.20739130344612475,172.59,320852.6
2019-05-01,2019,5,Pre-Monsoon / Summer,Pre-Monsoon,0,Malappuram,Indian Mackerel,Rastrelliger kanagurta,3.2,Intermediate Predator,320852.6,1859,23353,172.59,30.02,249.7,4.9,2.33,1.41,1.37,1.215,309.03,95.28,0.3106,-22.188,0.455,0.49999999999999994,-0.8660254037844387,101.73,197.93,197.35,162.93,165.66999999999996,55.37442369903168,210.67666666666665,-0.48603039023743794,-0.10999999999999943,-11.35714285714289,30.4,1.21,0.89,1823.0,0.019747668569678176,644.28,313765.7
2019-06-01,2019,6,Southwest Monsoon,Southwest Monsoon,1,Malappuram,Indian Mackerel,Rastrelliger kanagurta,3.2,Intermediate Predator,313765.7,487,5772,644.28,28.94,709.7,7.6,3.51,11.95,7.12,0.318,2225.26,348.0,0.1568,-846.617,1.701,1.2246467991473532e-16,-1.0,172.59,101.73,197.93,753.62,157.41666666666663,49.86263664642312,190.34500000000003,0.696549621886403,0.34928571428571686,39.9785714285714,30.02,1.41,1.37,1859.0,-0.738031195599617,450.47,157665.8
2019-07-01,2019,7,Southwest Monsoon,Southwest Monsoon,1,Malappuram,Indian Mackerel,Rastrelliger kanagurta,3.2,Intermediate Predator,157665.8,350,3335,450.47,27.38,552.8,7.6,3.78,11.7,6.77,0.229,1786.17,231.71,0.1302,-447.022,1.21,-0.4999999999999997,-0.8660254037844388,644.28,172.59,101.73,659.15,306.2,294.92176877945076,250.1816666666667,2.7330087065873623,-0.30428571428571516,-55.14999999999998,28.94,11.95,7.12,487.0,-0.2813141626013519,196.99,364238.4
2019-08-01,2019,8,Southwest Monsoon,Southwest Monsoon,0,Malappuram,Indian Mackerel,Rastrelliger kanagurta,3.2,Intermediate Predator,364238.4,1849,25139,196.99,26.7,444.6,6.7,2.69,10.05,5.66,1.208,1117.32,98.58,0.089,-108.338,0.573,-0.8660254037844385,-0.5000000000000004,450.47,644.28,172.59,522.35,422.44666666666666,237.09037186974317,294.05833333333334,-0.3008164105541626,-0.6771428571428544,27.585714285714346,27.38,11.7,6.77,350.0,4.2828570204898,419.01,585363.2
2019-09-01,2019,9,Southwest Monsoon,Southwest Monsoon,0,Malappuram,Indian Mackerel,Rastrelliger kanagurta,3.2,Intermediate Predator,585363.2,1397,17991,419.01,27.72,214.5,6.0,1.72,9.15,4.88,0.913,1558.87,221.0,0.1423,-382.211,1.19,-1.0,-1.8369701987210297e-16,196.99,450.47,644.28,550.27,430.58,224.30736746705347,293.9983333333334,-0.5627011662774177,-0.3028571428571425,-35.47857142857143,26.7,10.05,5.66,1849.0,-0.2444564616308466,308.47,617874.6
2019-10-01,2019,10,Post-Monsoon,Post-Monsoon,0,Malappuram,Indian Mackerel,Rastrelliger kanagurta,3.2,Intermediate Predator,617874.6,2003,25920,308.47,28.86,279.9,4.5,1.38,1.3,1.3,1.309,460.97,165.68,0.3608,-71.856,0.809,-0.8660254037844386,0.5000000000000001,419.01,196.99,450.47,368.74,355.49,138.1633829927445,330.845,1.1270622302115725,0.06142857142857139,-22.6571428571429,27.72,9.15,4.88,1397.0,0.43378668265005954,217.93,421482.6
2019-11-01,2019,11,Post-Monsoon,Post-Monsoon,0,Malappuram,Indian Mackerel,Rastrelliger kanagurta,3.2,Intermediate Predator,421482.6,1934,27092,217.93,28.63,168.1,4.0,0.89,1.09,1.17,1.264,515.53,119.5,0.2333,-59.73,0.626,-0.5000000000000004,0.8660254037844384,308.47,419.01,196.99,294.58,308.1566666666667,111.0103316513069,365.3016666666667,-0.263812313218961,-0.3857142857142897,-0.057142857142849834,28.86,1.3,1.3,2003.0,-0.03444832733675324,155.12,282623.7
2019-12-01,2019,12,Winter / Post-Monsoon,Northeast/Dry,0,Malappuram,Indian Mackerel,Rastrelliger kanagurta,3.2,Intermediate Predator,282623.7,1822,19384,155.12,28.04,36.2,3.2,1.21,0.73,0.49,1.191,519.14,92.96,0.1806,-51.261,0.417,-2.4492935982947064e-16,1.0,217.93,308.47,419.01,285.26,315.1366666666667,100.70563506245888,372.85833333333335,-0.293513136009559,-0.45857142857143174,0.8214285714285765,28.63,1.09,1.17,1934.0,-0.057911064850511555,217.34,460108.6
2020-01-01,2020,1,Winter / Post-Monsoon,Northeast/Dry,0,Malappuram,Indian Mackerel,Rastrelliger kanagurta,3.2,Intermediate Predator,460108.6,2117,24230,217.34,27.64,9.1,3.8,1.27,1.01,0.98,1.384,870.3,117.93,0.1365,-130.485,0.674,0.49999999999999994,0.8660254037844387,155.12,217.93,308.47,187.21,227.17333333333332,77.09173129028297,291.3316666666667,-0.28821179790704365,-0.6364285714285707,0.6428571428571423,28.04,0.73,0.49,1822.0,0.1619099881344128,298.17,616910.2
2020-02-01,2020,2,Winter / Post-Monsoon,Northeast/Dry,0,Malappuram,Indian Mackerel,Rastrelliger kanagurta,3.2,Intermediate Predator,616910.2,2069,23133,298.17,28.37,12.4,4.2,0.93,0.97,1.12,1.352,760.58,165.98,0.2193,-140.865,0.834,0.8660254037844386,0.5000000000000001,217.34,155.12,217.93,197.35,196.79666666666665,36.09425762269128,252.47666666666666,0.4011087931208875,-0.28142857142857025,1.7428571428571438,27.64,1.01,0.98,2117.0,-0.022673594602392086,315.66,202338.7
2020-03-01,2020,3,Pre-Monsoon / Summer,Pre-Monsoon,0,Malappuram,Indian Mackerel,Rastrelliger kanagurta,3.2,Intermediate Predator,202338.7,641,8318,315.66,29.62,23.2,3.3,1.03,0.65,0.53,0.419,297.43,173.0,0.5831,-45.982,0.906,1.0,6.123233995736766e-17,298.17,217.34,155.12,197.93,223.54333333333338,71.72647093879075,269.34,0.37190575264996084,0.0842857142857163,-1.5357142857142883,28.37,0.97,1.12,2069.0,-0.6901884935225302,257.13,179732.4
2020-04-01,2020,4,Pre-Monsoon / Summer,Pre-Monsoon,0,Malappuram,Indian Mackerel,Rastrelliger kanagurta,3.2,Intermediate Predator,179732.4,699,9718,257.13,30.09,81.4,3.7,1.11,0.99,0.94,0.457,272.45,147.8,0.5442,-33.711,0.718,0.8660254037844387,-0.4999999999999998,315.66,298.17,217.34,101.73,277.0566666666667,52.450312042285944,252.11500000000004,0.05865781068994836,-0.21142857142857352,-8.007142857142853,29.62,0.65,0.53,641.0,0.09048361793317289,297.38,184674.5
2020-05-01,2020,5,Pre-Monsoon / Summer,Pre-Monsoon,0,Malappuram,Indian Mackerel,Rastrelliger kanagurta,3.2,Intermediate Predator,184674.5,621,5911,297.38,29.6,302.9,5.7,2.1,1.67,1.88,0.406,489.65,176.65,0.3621,-80.438,0.972,0.49999999999999994,-0.8660254037844387,257.13,315.66,298.17,172.59,290.32,30.04425236213785,243.55833333333337,-0.1854210167452001,-0.5299999999999976,41.8428571428571,30.09,0.99,0.94,699.0,-0.11158798123622345,971.98,295482.6
2020-06-01,2020,6,Southwest Monsoon,Southwest Monsoon,1,Malappuram,Indian Mackerel,Rastrelliger kanagurta,3.2,Intermediate Predator,295482.6,304,4376,971.98,28.27,668.3,8.4,3.53,12.23,7.34,0.199,3156.89,498.93,0.1583,-1778.657,2.639,1.2246467991473532e-16,-1.0,297.38,257.13,315.66,644.28,290.0566666666667,29.944342259150712,256.8,0.15653559847020582,-0.32071428571428484,-1.4214285714286916,29.6,1.67,1.88,621.0,-0.5104669805077782,505.68,118328.7
2020-07-01,2020,7,Southwest Monsoon,Southwest Monsoon,1,Malappuram,Indian Mackerel,Rastrelliger kanagurta,3.2,Intermediate Predator,118328.7,234,3021,505.68,27.18,358.8,8.4,3.39,12.12,6.65,0.153,2262.68,263.64,0.1169,-682.352,1.603,-0.4999999999999997,-0.8660254037844388,971.98,297.38,257.13,450.47,508.83,401.6042299329027,392.9433333333333,2.268477965280854,-0.5042857142857144,-249.14999999999992,28.27,12.23,7.34,304.0,-0.23026315032029113,620.23,991132.7
2020-08-01,2020,8,Southwest Monsoon,Southwest Monsoon,0,Malappuram,Indian Mackerel,Rastrelliger kanagurta,3.2,Intermediate Predator,991132.7,1598,17907,620.23,27.4,511.6,6.8,3.21,10.49,6.12,1.044,2331.63,310.75,0.1336,-831.513,1.803,-0.8660254037844385,-0.5000000000000004,505.68,971.98,297.38,196.99,591.6800000000001,345.4247964463462,441.0,-0.4797423765947615,0.022857142857144908,94.58571428571435,27.18,12.12,6.65,234.0,5.829059579954719,419.81,736761.1
2020-09-01,2020,9,Southwest Monsoon,Southwest Monsoon,0,Malappuram,Indian Mackerel,Rastrelliger kanagurta,3.2,Intermediate Predator,736761.1,1755,23361,419.81,27.34,251.7,5.2,2.4,7.92,4.48,1.147,1506.18,231.08,0.154,-386.471,1.215,-1.0,-1.8369701987210297e-16,620.23,505.68,971.98,419.01,699.2966666666667,242.99706959824223,494.6766666666667,0.22652665269485345,-0.6828571428571415,1.7214285714285609,27.4,10.49,6.12,1598.0,0.09824780914738543,310.29,525013.9
2020-10-01,2020,10,Post-Monsoon,Post-Monsoon,0,Malappuram,Indian Mackerel,Rastrelliger kanagurta,3.2,Intermediate Predator,525013.9,1692,22858,310.29,28.52,238.6,2.9,1.39,0.95,1.25,1.106,722.93,173.6,0.2412,-135.468,0.91,-0.8660254037844386,0.5000000000000001,419.81,620.23,505.68,308.47,515.24,100.55142614602613,512.035,-0.3231381854612292,-0.27857142857142847,-63.957142857142884,27.34,7.92,4.48,1755.0,-0.0358974356928921,372.97,578481.5
2020-11-01,2020,11,Post-Monsoon,Post-Monsoon,0,Malappuram,Indian Mackerel,Rastrelliger kanagurta,3.2,Intermediate Predator,578481.5,1551,20427,372.97,29.0,172.0,3.5,1.2,1.07,1.15,1.014,710.43,198.85,0.2809,-151.354,0.938,-0.5000000000000004,0.8660254037844384,310.29,419.81,620.23,217.93,450.10999999999996,157.17591545780732,520.895,-0.2608799156551793,-0.015714285714288678,3.842857142857156,28.52,0.95,1.25,1692.0,-0.08333333284081955,314.99,570136.2
2020-12-01,2020,12,Winter / Post-Monsoon,Northeast/Dry,0,Malappuram,Indian Mackerel,Rastrelliger kanagurta,3.2,Intermediate Predator,570136.2,1810,24589,314.99,28.05,38.9,4.0,1.3,1.56,1.14,1.183,743.16,161.56,0.2184,-132.933,0.902,-2.4492935982947064e-16,1.0,372.97,310.29,419.81,155.12,367.69000000000005,54.95058143459307,533.4933333333335,0.20200456985386028,-0.4485714285714302,3.5214285714285722,29.0,1.07,1.15,1551.0,0.16698903825281083,352.8,670316.2
2021-01-01,2021,1,Winter / Post-Monsoon,Northeast/Dry,0,Malappuram,Indian Mackerel,Rastrelliger kanagurta,3.2,Intermediate Predator,670316.2,1900,22861,352.8,28.22,9.3,3.3,0.94,1.14,1.05,1.242,824.82,181.95,0.2215,-171.828,1.002,0.49999999999999994,0.8660254037844387,314.99,372.97,310.29,217.34,332.75000000000006,34.91072614541077,423.99500000000006,-0.1554548581533406,-0.05642857142857238,0.8428571428571434,28.05,1.56,1.14,1810.0,0.04972375663136046,292.67,553439.1
2021-02-01,2021,2,Winter / Post-Monsoon,Northeast/Dry,0,Malappuram,Indian Mackerel,Rastrelliger kanagurta,3.2,Intermediate Predator,553439.1,1891,20560,292.67,28.2,11.4,3.7,0.8,1.29,0.91,1.236,829.6,169.29,0.205,-164.97,0.887,0.8660254037844386,0.5000000000000001,352.8,314.99,372.97,298.17,346.92,29.433839368995983,398.51500000000004,0.12003555287356575,-0.45142857142857196,0.7428571428571438,28.22,1.14,1.05,1900.0,-0.00473684208033241,265.5,419232.3
2021-03-01,2021,3,Pre-Monsoon / Summer,Pre-Monsoon,0,Malappuram,Indian Mackerel,Rastrelliger kanagurta,3.2,Intermediate Predator,419232.3,1579,21704,265.5,29.7,24.2,3.6,0.72,1.04,0.77,1.032,440.41,166.3,0.379,-70.513,0.795,1.0,6.123233995736766e-17,292.67,352.8,314.99,315.66,320.15333333333336,30.39571077196925,343.9216666666667,-0.1704365031055413,0.1642857142857146,-0.5357142857142883,28.2,1.29,0.91,1891.0,-0.16499206681654116,311.56,556449.7
2021-04-01,2021,4,Pre-Monsoon / Summer,Pre-Monsoon,0,Malappuram,Indian Mackerel,Rastrelliger kanagurta,3.2,Intermediate Predator,556449.7,1786,18632,311.56,30.14,98.4,4.4,1.01,1.7,1.2,1.167,231.54,185.12,0.8004,-36.072,0.881,0.8660254037844387,-0.4999999999999998,265.5,292.67,352.8,257.13,303.6566666666667,44.67496651742693,318.2033333333334,-0.09283493037089799,-0.1614285714285728,8.992857142857147,29.7,1.04,0.77,1579.0,0.13109562931541716,233.04,491491.2
2021-05-01,2021,5,Pre-Monsoon / Summer,Pre-Monsoon,0,Malappuram,Indian Mackerel,Rastrelliger kanagurta,3.2,Intermediate Predator,491491.2,2109,28201,233.04,30.03,256.1,5.4,2.13,1.5,1.5,1.378,310.13,153.11,0.4953,-39.993,0.77,0.49999999999999994,-0.8660254037844387,311.56,265.5,292.67,297.38,289.91,23.153705966861786,318.415,0.1734839859328066,-0.09999999999999787,-4.9571428571428555,30.14,1.7,1.2,1786.0,0.1808510628171833,1020.68,425622.5
2021-06-01,2021,6,Southwest Monsoon,Southwest Monsoon,1,Malappuram,Indian Mackerel,Rastrelliger kanagurta,3.2,Intermediate Predator,425622.5,417,5176,1020.68,28.95,690.0,8.2,3.43,12.25,7.29,0.273,3471.8,571.19,0.1648,-2248.731,2.939,1.2246467991473532e-16,-1.0,233.04,311.56,265.5,971.98,270.03333333333336,39.45580988058966,295.0933333333333,-0.25202207433489304,0.3592857142857149,20.278571428571354,30.03,1.5,1.5,2109.0,-0.8022759563666384,561.16,173397.9
2021-07-01,2021,7,Southwest Monsoon,Southwest Monsoon,1,Malappuram,Indian Mackerel,Rastrelliger kanagurta,3.2,Intermediate Predator,173397.9,309,3998,561.16,27.21,640.8,7.9,3.47,11.55,6.56,0.202,2685.92,290.8,0.1086,-929.752,1.638,-0.4999999999999997,-0.8660254037844388,1020.68,233.04,311.56,505.68,521.76,433.8573756431942,412.7083333333333,3.379848807936457,-0.4742857142857133,32.85000000000002,28.95,12.25,7.29,417.0,-0.2589927995445372,753.52,1515319.3
2021-08-01,2021,8,Southwest Monsoon,Southwest Monsoon,0,Malappuram,Indian Mackerel,Rastrelliger kanagurta,3.2,Intermediate Predator,1515319.3,2011,29114,753.52,27.73,445.8,6.9,2.75,10.28,5.95,1.314,2670.47,382.0,0.1434,-1185.398,2.003,-0.8660254037844385,-0.5000000000000004,561.16,1020.68,233.04,620.23,604.96,395.6425437184425,447.43499999999995,-0.45020965973459204,0.35285714285714675,28.785714285714334,27.21,11.55,6.56,309.0,5.508090436631378,624.12,1265718.5
2021-09-01,2021,9,Southwest Monsoon,Southwest Monsoon,0,Malappuram,Indian Mackerel,Rastrelliger kanagurta,3.2,Intermediate Predator,1265718.5,2028,26328,624.12,27.99,239.4,4.9,1.93,7.84,4.27,1.325,2149.37,328.0,0.153,-835.822,1.843,-1.0,-1.8369701987210297e-16,753.52,561.16,1020.68,419.81,778.4533333333334,230.77242238476597,524.2433333333333,0.3427899290257694,-0.03285714285714292,-10.578571428571422,27.73,10.28,5.95,2011.0,0.008453505676511658,291.58,501817.0
2021-10-01,2021,10,Post-Monsoon,Post-Monsoon,0,Malappuram,Indian Mackerel,Rastrelliger kanagurta,3.2,Intermediate Predator,501817.0,1721,20858,291.58,28.18,270.1,4.2,1.82,0.92,1.22,1.125,756.35,163.48,0.2172,-136.666,0.861,-0.8660254037844386,0.5000000000000001,624.12,753.52,561.16,310.29,646.2666666666667,98.07368930214136,584.0133333333333,-0.1717273573133114,-0.6185714285714283,-32.457142857142856,27.99,7.84,4.27,2028.0,-0.15138066986498683,414.08,862104.7
2021-11-01,2021,11,Post-Monsoon,Post-Monsoon,0,Malappuram,Indian Mackerel,Rastrelliger kanagurta,3.2,Intermediate Predator,862104.7,2082,21543,414.08,28.87,171.7,3.9,1.18,1.5,1.52,1.361,896.5,218.46,0.2445,-217.704,1.084,-0.5000000000000004,0.8660254037844384,291.58,624.12,753.52,372.97,556.4066666666666,238.2980539856191,580.6833333333333,-0.5328141938599277,-0.14571428571428768,3.5428571428571445,28.18,0.92,1.22,1721.0,0.20976176519603856,389.39,668574.3
2021-12-01,2021,12,Winter / Post-Monsoon,Northeast/Dry,0,Malappuram,Indian Mackerel,Rastrelliger kanagurta,3.2,Intermediate Predator,668574.3,1717,22905,389.39,28.52,31.7,5.0,1.03,1.79,1.22,1.122,970.48,211.6,0.2188,-240.523,1.095,-2.4492935982947064e-16,1.0,414.08,291.58,624.12,314.99,443.26,168.17941966840004,610.8566666666667,0.42012482268588996,0.021428571428568688,-3.678571428571427,28.87,1.5,1.52,2082.0,-0.17531219896583958,291.23,571972.4
2022-01-01,2022,1,Winter / Post-Monsoon,Northeast/Dry,0,Malappuram,Indian Mackerel,Rastrelliger kanagurta,3.2,Intermediate Predator,571972.4,1964,19634,291.23,27.65,7.3,3.7,0.82,0.96,0.73,1.284,840.63,160.84,0.1923,-164.22,0.813,0.49999999999999994,0.8660254037844387,389.39,414.08,291.58,352.8,365.01666666666665,64.78508341688872,505.64166666666665,-0.05962615775632347,-0.6264285714285727,-1.1571428571428575,28.52,1.79,1.22,1717.0,0.14385556118896003,394.03,584742.9
2022-02-01,2022,2,Winter / Post-Monsoon,Northeast/Dry,0,Malappuram,Indian Mackerel,Rastrelliger kanagurta,3.2,Intermediate Predator,584742.9,1484,17992,394.03,28.31,10.7,3.5,0.88,1.02,0.84,0.97,923.22,216.9,0.2358,-237.321,1.239,0.8660254037844386,0.5000000000000001,291.23,389.39,414.08,292.67,364.90000000000003,64.98346481990548,460.65333333333325,-0.25208659051114324,-0.3414285714285725,0.042857142857142705,27.65,0.96,0.73,1964.0,-0.24439918409165384,402.95,788567.1
2022-03-01,2022,3,Pre-Monsoon / Summer,Pre-Monsoon,0,Malappuram,Indian Mackerel,Rastrelliger kanagurta,3.2,Intermediate Predator,788567.1,1957,23936,402.95,29.04,29.5,3.1,1.15,1.0,1.04,1.279,696.98,240.91,0.3466,-178.152,1.227,1.0,6.123233995736766e-17,394.03,291.23,389.39,265.5,358.2166666666667,58.05852679265323,400.7383333333333,0.3529856006254299,-0.49571428571428555,4.7642857142857125,28.31,1.02,0.84,1484.0,0.3187331514910165,338.8,659980.8
2022-04-01,2022,4,Pre-Monsoon / Summer,Pre-Monsoon,0,Malappuram,Indian Mackerel,Rastrelliger kanagurta,3.2,Intermediate Predator,659980.8,1948,20447,338.8,30.04,75.5,3.7,0.99,0.96,0.82,1.273,369.89,196.77,0.5332,-67.72,0.866,0.8660254037844387,-0.4999999999999998,402.95,394.03,291.23,311.56,362.7366666666667,62.08698843826482,363.8766666666667,0.02263786963840652,-0.26142857142857423,-13.907142857142858,29.04,1.0,1.04,1957.0,-0.00459887580685296,302.15,478909.5
2022-05-01,2022,5,Pre-Monsoon / Summer,Pre-Monsoon,0,Malappuram,Indian Mackerel,Rastrelliger kanagurta,3.2,Intermediate Predator,478909.5,1585,18755,302.15,29.8,226.9,4.6,1.66,1.08,1.22,1.036,550.92,189.1,0.3444,-103.604,0.858,0.49999999999999994,-0.8660254037844387,338.8,402.95,394.03,233.04,378.5933333333333,34.74944076288446,371.74666666666667,-0.1592008894602087,-0.3299999999999983,-34.15714285714287,30.04,0.96,0.82,1948.0,-0.1863449682425823,1136.42,476159.0
2022-06-01,2022,6,Southwest Monsoon,Southwest Monsoon,1,Malappuram,Indian Mackerel,Rastrelliger kanagurta,3.2,Intermediate Predator,476159.0,419,4352,1136.42,28.15,932.2,7.9,3.26,11.79,7.53,0.274,4454.66,596.64,0.1341,-3141.79,3.198,1.2246467991473532e-16,-1.0,302.15,338.8,402.95,1020.68,347.9666666666667,51.0213762391142,353.0916666666667,-0.10817591180118334,-0.44071428571428584,262.4785714285714,29.8,1.08,1.22,1585.0,-0.7356466830558569,862.05,255165.9
2022-07-01,2022,7,Southwest Monsoon,Southwest Monsoon,1,Malappuram,Indian Mackerel,Rastrelliger kanagurta,3.2,Intermediate Predator,255165.9,296,3029,862.05,27.41,517.1,8.5,4.01,12.7,7.04,0.193,3991.59,441.38,0.1108,-2157.328,2.526,-0.4999999999999997,-0.8660254037844388,1136.42,302.15,338.8,561.16,592.4566666666667,471.4423470938234,477.59666666666664,2.761111939066294,-0.274285714285714,-90.84999999999991,28.15,11.79,7.53,419.0,-0.29355607891274277,465.81,860813.7
2022-08-01,2022,8,Southwest Monsoon,Southwest Monsoon,0,Malappuram,Indian Mackerel,Rastrelliger kanagurta,3.2,Intermediate Predator,860813.7,1848,21028,465.81,26.62,260.1,7.8,2.32,11.68,6.21,1.208,1719.62,239.26,0.1396,-445.858,1.498,-0.8660254037844385,-0.5000000000000004,862.05,1136.42,302.15,753.52,766.8733333333333,425.20060751759627,572.7333333333333,-0.24143362276769495,-0.7571428571428527,-156.91428571428565,27.41,12.7,7.04,296.0,5.243243066106654,711.52,1436555.1
2022-09-01,2022,9,Southwest Monsoon,Southwest Monsoon,0,Malappuram,Indian Mackerel,Rastrelliger kanagurta,3.2,Intermediate Predator,1436555.1,2019,22401,711.52,27.68,291.6,6.2,2.06,9.5,5.29,1.32,3160.67,381.34,0.1209,-1499.149,2.208,-1.0,-1.8369701987210297e-16,465.81,862.05,1136.42,624.12,821.4266666666667,337.14556860995947,584.6966666666666,-0.45964850693522985,-0.34285714285714164,41.621428571428595,26.62,11.68,6.21,1848.0,0.09253246703175072,471.05,749433.8
2022-10-01,2022,10,Post-Monsoon,Post-Monsoon,0,Malappuram,Indian Mackerel,Rastrelliger kanagurta,3.2,Intermediate Predator,749433.8,1591,19999,471.05,28.54,337.9,3.5,1.24,1.19,1.57,1.04,1125.79,255.4,0.2275,-335.236,1.289,-0.8660254037844386,0.5000000000000001,711.52,465.81,862.05,291.58,679.7933333333333,200.01617542922105,636.125,0.5274897377151685,-0.2585714285714289,35.3428571428571,27.68,9.5,5.29,2019.0,-0.21198613069843422,412.73,752826.7
2022-11-01,2022,11,Post-Monsoon,Post-Monsoon,0,Malappuram,Indian Mackerel,Rastrelliger kanagurta,3.2,Intermediate Predator,752826.7,1824,22893,412.73,28.33,162.5,4.0,1.43,1.67,1.77,1.192,1306.7,232.47,0.1785,-372.668,1.223,-0.5000000000000004,0.8660254037844384,471.05,711.52,465.81,414.08,549.4599999999999,140.3725297200264,658.1666666666666,-0.3379666019512227,-0.6857142857142904,-5.657142857142844,28.54,1.19,1.57,1591.0,0.14644877343526855,335.42,603751.7
2022-12-01,2022,12,Winter / Post-Monsoon,Northeast/Dry,0,Malappuram,Indian Mackerel,Rastrelliger kanagurta,3.2,Intermediate Predator,603751.7,1800,20867,335.42,28.0,33.7,4.7,1.33,1.36,0.98,1.176,869.37,188.43,0.2176,-191.56,1.008,-2.4492935982947064e-16,1.0,412.73,471.05,711.52,389.39,531.7666666666667,158.37850622269755,676.5966666666667,-0.12380851026836831,-0.4985714285714309,-1.6785714285714235,28.33,1.67,1.77,1824.0,-0.013157894664704526,435.47,716784.4
2023-01-01,2023,1,Winter / Post-Monsoon,Northeast/Dry,0,Malappuram,Indian Mackerel,Rastrelliger kanagurta,3.2,Intermediate Predator,716784.4,1646,20251,435.47,28.72,7.3,3.4,1.12,0.95,0.81,1.076,877.79,247.75,0.2831,-249.421,1.13,0.49999999999999994,0.8660254037844387,335.42,412.73,471.05,291.23,406.40000000000003,68.03621021191464,543.0966666666667,-0.18731373567916712,0.4435714285714276,-1.1571428571428575,28.0,1.36,0.98,1800.0,-0.08555555508024691,483.51,936554.7
2023-02-01,2023,2,Winter / Post-Monsoon,Northeast/Dry,0,Malappuram,Indian Mackerel,Rastrelliger kanagurta,3.2,Intermediate Predator,936554.7,1937,20701,483.51,29.13,7.9,4.6,0.5,1.39,1.1,1.266,754.92,268.68,0.3568,-217.211,1.398,0.8660254037844386,0.5000000000000001,435.47,335.42,412.73,394.03,394.54,52.44671295705621,472.0,0.29828274109228015,0.47857142857142776,-2.7571428571428562,28.72,0.95,0.81,1646.0,0.17679222249822465,378.49,724804.2
2023-03-01,2023,3,Pre-Monsoon / Summer,Pre-Monsoon,0,Malappuram,Indian Mackerel,Rastrelliger kanagurta,3.2,Intermediate Predator,724804.2,1915,20138,378.49,29.72,30.8,3.5,1.22,1.55,1.15,1.252,552.69,222.91,0.4044,-123.168,1.054,1.0,6.123233995736766e-17,483.51,435.47,335.42,402.95,418.1333333333334,75.55184996631887,474.95,0.11031758536024092,0.18428571428571416,6.064285714285713,29.13,1.39,1.1,1937.0,-0.011357769688395613,281.88,562071.6
2023-04-01,2023,4,Pre-Monsoon / Summer,Pre-Monsoon,0,Malappuram,Indian Mackerel,Rastrelliger kanagurta,3.2,Intermediate Predator,562071.6,1994,25632,281.88,30.67,70.9,4.3,1.33,0.58,0.55,1.303,181.36,161.53,0.8913,-23.702,0.692,0.8660254037844387,-0.4999999999999998,378.49,483.51,435.47,338.8,432.49,52.573381097279714,419.445,-0.2172033625529283,0.36857142857142833,-18.507142857142853,29.72,1.55,1.15,1915.0,0.04125326349215006,240.65,418727.9
2023-05-01,2023,5,Pre-Monsoon / Summer,Pre-Monsoon,0,Malappuram,Indian Mackerel,Rastrelliger kanagurta,3.2,Intermediate Predator,418727.9,1740,20899,240.65,30.46,217.2,4.1,2.3,1.71,1.21,1.137,382.64,158.17,0.4149,-54.432,0.766,0.49999999999999994,-0.8660254037844387,281.88,378.49,483.51,302.15,381.29333333333335,100.84422756575206,387.9166666666667,-0.2552511227442965,0.33000000000000185,-43.85714285714289,30.67,0.58,0.55,1994.0,-0.12738214580049073,1221.27,530033.0
2023-06-01,2023,6,Southwest Monsoon,Southwest Monsoon,1,Malappuram,Indian Mackerel,Rastrelliger kanagurta,3.2,Intermediate Predator,530033.0,434,5871,1221.27,28.81,607.3,7.0,3.43,10.31,6.2,0.284,3241.36,654.04,0.202,-2386.162,3.118,1.2246467991473532e-16,-1.0,240.65,281.88,378.49,1136.42,300.34,70.74987703169475,359.2366666666667,-0.14626791023599012,0.2192857142857143,-62.42142857142869,30.46,1.71,1.21,1740.0,-0.7505747083300304,1531.76,465653.7
2023-07-01,2023,7,Southwest Monsoon,Southwest Monsoon,1,Malappuram,Indian Mackerel,Rastrelliger kanagurta,3.2,Intermediate Predator,465653.7,304,4124,1531.76,28.14,556.0,8.9,3.02,13.72,7.63,0.199,5019.95,790.42,0.1576,-4605.861,3.826,-0.4999999999999997,-0.8660254037844388,1221.27,240.65,281.88,862.05,581.2666666666667,554.6423876997981,506.87833333333333,4.074880362564706,0.4557142857142864,-51.94999999999993,28.81,10.31,6.2,434.0,-0.2995391636050884,886.97,1773048.7
2023-08-01,2023,8,Southwest Monsoon,Southwest Monsoon,0,Malappuram,Indian Mackerel,Rastrelliger kanagurta,3.2,Intermediate Predator,1773048.7,1999,27699,886.97,27.62,454.9,7.7,3.29,11.31,6.55,1.307,4746.01,466.96,0.0986,-2863.371,2.77,-0.8660254037844385,-0.5000000000000004,1531.76,1221.27,240.65,465.81,997.8933333333334,673.9169900168216,689.5933333333334,0.2542353430917378,0.24285714285714732,37.8857142857143,28.14,13.72,7.63,304.0,5.575657711327049,906.37,1543550.8
2023-09-01,2023,9,Southwest Monsoon,Southwest Monsoon,0,Malappuram,Indian Mackerel,Rastrelliger kanagurta,3.2,Intermediate Predator,1543550.8,1703,20983,906.37,28.66,216.2,5.3,2.04,7.82,4.6,1.113,2987.25,487.64,0.1635,-1747.652,2.375,-1.0,-1.8369701987210297e-16,886.97,1531.76,1221.27,711.52,1213.3333333333333,322.46826050532906,756.8366666666667,-0.42094714301883357,0.6371428571428588,-33.77857142857144,27.62,11.31,6.55,1999.0,-0.14807403627776872,484.31,662541.2
2023-10-01,2023,10,Post-Monsoon,Post-Monsoon,0,Malappuram,Indian Mackerel,Rastrelliger kanagurta,3.2,Intermediate Predator,662541.2,1368,19649,484.31,29.22,267.5,4.4,1.04,1.36,1.55,0.894,837.83,274.55,0.3285,-245.988,1.304,-0.8660254037844386,0.5000000000000001,906.37,886.97,1531.76,471.05,1108.3666666666666,366.7976636148775,844.8166666666667,0.0218722164010934,0.4214285714285708,-35.05714285714288,28.66,7.82,4.6,1703.0,-0.19671168410621442,387.8,813988.5
2023-11-01,2023,11,Post-Monsoon,Post-Monsoon,0,Malappuram,Indian Mackerel,Rastrelliger kanagurta,3.2,Intermediate Predator,813988.5,2099,23940,387.8,29.29,139.2,3.7,1.47,1.01,0.91,1.372,760.78,235.01,0.3098,-196.262,1.069,-0.5000000000000004,0.8660254037844384,484.31,906.37,886.97,412.73,759.2166666666667,238.2736799005147,878.555,-0.4656597144029512,0.27428571428571047,-28.957142857142856,29.22,1.36,1.55,1368.0,0.5343567212400825,454.7,864381.5
2023-12-01,2023,12,Winter / Post-Monsoon,Northeast/Dry,0,Malappuram,Indian Mackerel,Rastrelliger kanagurta,3.2,Intermediate Predator,864381.5,1901,19673,454.7,28.79,35.8,4.1,1.28,1.32,1.23,1.242,902.57,253.46,0.2816,-255.856,1.405,-2.4492935982947064e-16,1.0,387.8,484.31,906.37,335.42,592.8266666666667,275.7908835210711,903.0799999999999,-0.19927318867516283,0.29142857142856826,0.4214285714285708,29.29,1.01,0.91,2099.0,-0.0943306331856568,301.84,610630.3
2024-01-01,2024,1,Winter / Post-Monsoon,Northeast/Dry,0,Malappuram,Indian Mackerel,Rastrelliger kanagurta,3.2,Intermediate Predator,610630.3,2023,26918,301.84,28.07,8.9,3.0,1.0,0.37,0.51,1.322,934.5,166.97,0.1796,-202.609,0.952,0.49999999999999994,0.8660254037844387,454.7,387.8,484.31,435.47,442.27,49.44111345833277,775.3183333333333,0.17251159947107783,-0.20642857142857096,0.44285714285714306,28.79,1.32,1.23,1901.0,0.0641767487418372,409.39,681635.8
2024-02-01,2024,2,Winter / Post-Monsoon,Northeast/Dry,0,Malappuram,Indian Mackerel,Rastrelliger kanagurta,3.2,Intermediate Predator,681635.8,1665,18048,409.39,28.2,10.9,4.1,1.59,1.24,1.06,1.088,900.38,231.13,0.2575,-237.964,1.093,0.8660254037844386,0.5000000000000001,301.84,454.7,387.8,483.51,381.4466666666667,76.62779217316064,570.3316666666666,-0.33617769218874666,-0.45142857142857196,0.24285714285714377,28.07,0.37,0.51,2023.0,-0.1769649027337375,329.32,474216.0
2024-03-01,2024,3,Pre-Monsoon / Summer,Pre-Monsoon,0,Malappuram,Indian Mackerel,Rastrelliger kanagurta,3.2,Intermediate Predator,474216.0,1440,16476,329.32,29.67,29.2,3.5,0.63,1.03,0.77,0.941,565.81,202.23,0.3586,-117.978,0.895,1.0,6.123233995736766e-17,409.39,301.84,454.7,378.49,388.64333333333326,78.51345765748121,490.73499999999996,0.35631459195883286,0.134285714285717,4.464285714285712,28.2,1.24,1.06,1665.0,-0.1351351343235127,257.2,449079.2
2024-04-01,2024,4,Pre-Monsoon / Summer,Pre-Monsoon,0,Malappuram,Indian Mackerel,Rastrelliger kanagurta,3.2,Intermediate Predator,449079.2,1746,23417,257.2,30.3,106.9,4.1,1.86,1.27,0.87,1.141,266.83,162.08,0.6089,-36.805,0.766,0.8660254037844387,-0.4999999999999998,329.32,409.39,301.84,281.88,346.84999999999997,55.87688520309433,394.56,-0.19558366849254577,-0.001428571428572667,17.492857142857147,29.67,1.03,0.77,1440.0,0.21249999852430557,270.01,586725.8
2024-05-01,2024,5,Pre-Monsoon / Summer,Pre-Monsoon,0,Malappuram,Indian Mackerel,Rastrelliger kanagurta,3.2,Intermediate Predator,586725.8,2173,31208,270.01,30.43,238.3,5.3,1.45,1.36,1.18,1.42,299.11,154.64,0.5186,-39.325,0.698,0.49999999999999994,-0.8660254037844387,257.2,329.32,409.39,240.65,331.96999999999997,76.12959936844399,356.7083333333333,-0.2189967138650336,0.3000000000000007,-22.757142857142867,30.3,1.27,0.87,1746.0,0.2445589905809909,943.92,377568.2
2024-06-01,2024,6,Southwest Monsoon,Southwest Monsoon,1,Malappuram,Indian Mackerel,Rastrelliger kanagurta,3.2,Intermediate Predator,377568.2,400,4235,943.92,28.07,555.8,7.7,3.7,11.28,6.5,0.261,3828.66,504.46,0.132,-2318.603,2.94,1.2246467991473532e-16,-1.0,270.01,257.2,329.32,1221.27,285.51,38.47741025588663,337.07666666666665,0.04980559681937806,-0.5207142857142841,-113.92142857142869,30.43,1.36,1.18,2173.0,-0.8159226837739406,1348.5,400503.9
2024-07-01,2024,7,Southwest Monsoon,Southwest Monsoon,1,Malappuram,Indian Mackerel,Rastrelliger kanagurta,3.2,Intermediate Predator,400503.9,297,3673,1348.5,28.14,586.5,8.3,3.26,12.54,7.02,0.194,4221.95,687.73,0.1631,-3359.562,3.365,-0.4999999999999997,-0.8660254037844388,943.92,270.01,257.2,1531.76,490.3766666666667,392.83226755618364,418.6133333333333,2.4958704308777295,0.4557142857142864,-21.449999999999932,28.07,11.28,6.5,400.0,-0.2574999935625002,853.67,1563063.7
2024-08-01,2024,8,Southwest Monsoon,Southwest Monsoon,0,Malappuram,Indian Mackerel,Rastrelliger kanagurta,3.2,Intermediate Predator,1563063.7,1831,21180,853.67,27.59,528.2,7.3,3.14,11.14,6.56,1.197,3473.92,457.06,0.1318,-1887.477,2.558,-0.8660254037844385,-0.5000000000000004,1348.5,943.92,270.01,886.97,854.1433333333334,544.8211242539453,593.0566666666667,0.4286168273940925,0.2128571428571462,111.18571428571437,28.14,12.54,7.02,297.0,5.1649829910780145,757.61,1229606.3
2024-09-01,2024,9,Southwest Monsoon,Southwest Monsoon,0,Malappuram,Indian Mackerel,Rastrelliger kanagurta,3.2,Intermediate Predator,1229606.3,1623,18095,757.61,28.01,235.8,5.2,1.94,8.04,4.47,1.061,2610.36,413.17,0.1586,-1290.072,2.342,-1.0,-1.8369701987210297e-16,853.67,1348.5,943.92,906.37,1048.6966666666665,263.5294948071903,667.1033333333334,-0.36694845853208413,-0.012857142857139792,-14.178571428571416,27.59,11.14,6.56,1831.0,-0.11359912554014677,433.71,851809.2
2024-10-01,2024,10,Post-Monsoon,Post-Monsoon,0,Malappuram,Indian Mackerel,Rastrelliger kanagurta,3.2,Intermediate Predator,851809.2,1964,24904,433.71,28.65,356.4,4.4,1.23,1.23,1.57,1.284,971.71,255.39,0.2636,-277.059,1.242,-0.8660254037844386,0.5000000000000001,757.61,853.67,1348.5,484.31,986.5933333333334,317.07918164605655,738.485,-0.11252591619096465,-0.14857142857142946,53.8428571428571,28.01,8.04,4.47,1623.0,0.21010474300613222,403.76,614930.4
2024-11-01,2024,11,Post-Monsoon,Post-Monsoon,0,Malappuram,Indian Mackerel,Rastrelliger kanagurta,3.2,Intermediate Predator,614930.4,1523,17317,403.76,29.19,160.4,4.1,1.38,1.39,1.31,0.995,754.23,237.1,0.3153,-190.611,1.304,-0.5000000000000004,0.8660254037844384,433.71,757.61,853.67,387.8,681.6633333333334,220.03982033562238,767.9033333333333,-0.42752867006073486,0.1742857142857126,-7.7571428571428385,28.65,1.23,1.57,1964.0,-0.22454175038420698,383.39,521409.9
2024-12-01,2024,12,Winter / Post-Monsoon,Northeast/Dry,0,Malappuram,Indian Mackerel,Rastrelliger kanagurta,3.2,Intermediate Predator,521409.9,1360,18737,383.39,28.88,38.5,3.2,0.63,1.38,1.12,0.889,832.24,230.68,0.278,-213.411,1.317,-2.4492935982947064e-16,1.0,403.76,433.71,757.61,454.7,531.6933333333334,196.22182812656962,790.195,-0.06905535797986306,0.3814285714285681,3.1214285714285737,29.19,1.39,1.31,1523.0,-0.1070256066511779,335.9,730240.8
2025-01-01,2025,1,Winter / Post-Monsoon,Northeast/Dry,0,Malappuram,Indian Mackerel,Rastrelliger kanagurta,3.2,Intermediate Predator,730240.8,2174,31100,335.9,28.27,8.2,3.3,1.34,1.16,0.74,1.421,716.1,188.08,0.2637,-150.296,1.031,0.49999999999999994,0.8660254037844387,383.39,403.76,433.71,301.84,406.9533333333334,25.31153162756133,696.7733333333334,-0.050450761579880106,-0.006428571428571672,-0.257142857142858,28.88,1.38,1.12,1360.0,0.5985294073637544,376.74,720326.8
2025-02-01,2025,2,Winter / Post-Monsoon,Northeast/Dry,0,Malappuram,Indian Mackerel,Rastrelliger kanagurta,3.2,Intermediate Predator,720326.8,1912,24778,376.74,29.05,11.8,3.5,1.3,1.05,0.93,1.25,672.65,215.49,0.3214,-154.49,1.083,0.8660254037844386,0.5000000000000001,335.9,383.39,403.76,409.39,374.3500000000001,34.821489054888346,528.0066666666667,-0.12386864227369934,0.39857142857142946,1.1428571428571441,28.27,1.16,0.74,2174.0,-0.12051517883847662,280.43,534226.4
2025-03-01,2025,3,Pre-Monsoon / Summer,Pre-Monsoon,0,Malappuram,Indian Mackerel,Rastrelliger kanagurta,3.2,Intermediate Predator,534226.4,1905,18745,280.43,29.46,20.8,4.2,0.97,1.05,0.73,1.245,548.16,179.54,0.3288,-101.218,0.879,1.0,6.123233995736766e-17,376.74,335.9,383.39,329.32,365.3433333333334,25.714549059492434,448.51833333333326,0.12158380108413822,-0.07571428571428385,-3.935714285714287,29.05,1.05,0.93,1912.0,-0.0036610878469608378,348.18,577288.2
2025-04-01,2025,4,Pre-Monsoon / Summer,Pre-Monsoon,0,Malappuram,Indian Mackerel,Rastrelliger kanagurta,3.2,Intermediate Predator,577288.2,1658,17245,348.18,29.88,87.4,3.2,1.37,0.0,0.54,1.084,479.75,184.67,0.3862,-88.989,1.005,0.8660254037844387,-0.4999999999999998,280.43,376.74,335.9,257.2,331.0233333333334,48.339843124828676,368.9883333333333,-0.25564048798533506,-0.4214285714285744,-2.0071428571428527,29.46,1.05,0.73,1905.0,-0.12965879197029506,310.4,634769.8
2025-05-01,2025,5,Pre-Monsoon / Summer,Pre-Monsoon,0,Malappuram,Indian Mackerel,Rastrelliger kanagurta,3.2,Intermediate Predator,634769.8,2045,28650,310.4,29.7,258.8,5.7,2.3,1.8,1.59,1.337,510.51,200.5,0.3939,-98.124,0.961,0.49999999999999994,-0.8660254037844387,348.18,280.43,376.74,270.01,335.1166666666668,49.466069515709925,354.73333333333335,0.24159325886698077,-0.4299999999999997,-2.257142857142867,29.88,0.0,0.54,1658.0,0.2334137501000377,1065.04,418561.7
2025-06-01,2025,6,Southwest Monsoon,Southwest Monsoon,1,Malappuram,Indian Mackerel,Rastrelliger kanagurta,3.2,Intermediate Predator,418561.7,393,5354,1065.04,28.49,572.2,8.5,3.26,12.44,7.31,0.257,3655.96,577.64,0.1582,-2415.187,3.293,1.2246467991473532e-16,-1.0,310.4,348.18,280.43,943.92,313.0033333333334,33.94994305345808,339.17333333333335,-0.10850709091541479,-0.10071428571428598,-97.5214285714286,29.7,1.8,1.59,2045.0,-0.8078239569299562,781.11,297603.3
2025-07-01,2025,7,Southwest Monsoon,Southwest Monsoon,1,Malappuram,Indian Mackerel,Rastrelliger kanagurta,3.2,Intermediate Predator,297603.3,381,4463,781.11,27.83,707.7,7.6,3.22,11.18,6.95,0.249,3433.74,424.85,0.124,-1731.506,2.595,-0.4999999999999997,-0.8660254037844388,1065.04,310.4,348.18,1348.5,574.5400000000001,425.2052676061289,452.7816666666667,2.431185488686035,0.14571428571428413,99.75000000000011,28.49,12.44,7.31,393.0,-0.03053435036808269,666.05,1224191.5
2025-08-01,2025,8,Southwest Monsoon,Southwest Monsoon,0,Malappuram,Indian Mackerel,Rastrelliger kanagurta,3.2,Intermediate Predator,1224191.5,1838,26022,666.05,27.35,339.2,6.5,2.71,10.01,5.62,1.201,3109.83,330.23,0.1065,-1292.192,1.86,-0.8660254037844385,-0.5000000000000004,781.11,1065.04,310.4,853.67,718.85,381.15300484188725,526.9833333333333,-0.2665909236592905,-0.02714285714285225,-77.81428571428569,27.83,11.18,6.95,381.0,3.8241468812559876,952.99,1769702.6
2025-09-01,2025,9,Southwest Monsoon,Southwest Monsoon,0,Malappuram,Indian Mackerel,Rastrelliger kanagurta,3.2,Intermediate Predator,1769702.6,1857,25553,952.99,28.46,276.5,5.3,2.21,8.2,4.81,1.214,2777.53,498.13,0.1796,-1615.117,2.362,-1.0,-1.8369701987210297e-16,666.05,781.11,1065.04,757.61,837.4000000000001,205.3647440531109,575.2016666666667,-0.14730319484703577,0.4371428571428595,26.521428571428572,27.35,10.01,5.62,1838.0,0.010337323121124467,362.77,843444.7
2025-10-01,2025,10,Post-Monsoon,Post-Monsoon,0,Malappuram,Indian Mackerel,Rastrelliger kanagurta,3.2,Intermediate Predator,843444.7,2325,27046,362.77,28.44,287.7,3.2,0.99,0.82,1.27,1.52,911.41,214.37,0.236,-222.759,1.104,-0.8660254037844386,0.5000000000000001,952.99,666.05,781.11,433.71,800.0500000000001,144.40458302976313,687.295,0.43080849139241073,-0.35857142857142676,-14.85714285714289,28.46,8.2,4.81,1857.0,0.25201938474949176,334.53,730939.8
2025-11-01,2025,11,Post-Monsoon,Post-Monsoon,0,Malappuram,Indian Mackerel,Rastrelliger kanagurta,3.2,Intermediate Predator,730939.8,2185,21876,334.53,28.76,178.7,3.9,1.21,0.9,1.11,1.428,858.17,199.21,0.233,-195.242,0.993,-0.5000000000000004,0.8660254037844384,362.77,952.99,666.05,403.76,660.6033333333334,295.1476947789581,689.7266666666666,-0.6193349288100093,-0.2557142857142871,10.542857142857144,28.44,0.82,1.27,2325.0,-0.06021505350445138,340.06,613800.7
2012-04-01,2012,4,Pre-Monsoon / Summer,Pre-Monsoon,0,Thiruvananthapuram,Indian Mackerel,Rastrelliger kanagurta,3.2,Intermediate Predator,467218.2,1955,27422,238.99,30.52,77.2,5.0,1.47,1.52,0.98,1.207,288.82,155.96,0.5416,-38.463,0.661,0.8660254037844387,-0.4999999999999998,441.43,455.91,422.43,439.92333333333335,439.92333333333335,16.790775245155704,439.92333333333335,-0.03176065381850251,0.2185714285714262,-12.207142857142856,29.29,1.05,0.79,2018.0,-0.03121902858662523,330.95,497085.1
2012-05-01,2012,5,Pre-Monsoon / Summer,Pre-Monsoon,0,Thiruvananthapuram,Indian Mackerel,Rastrelliger kanagurta,3.2,Intermediate Predator,497085.1,1502,18652,330.95,30.32,246.6,6.3,1.7,1.64,1.33,0.927,302.88,213.27,0.7051,-57.396,0.841,0.49999999999999994,-0.8660254037844387,238.99,441.43,455.91,378.77666666666664,378.77666666666664,121.27510764098847,389.69,-0.4586004472147238,0.19000000000000128,-14.457142857142884,30.52,1.52,0.98,1955.0,-0.2317135538019767,1129.47,516168.1
2012-06-01,2012,6,Southwest Monsoon,Southwest Monsoon,1,Thiruvananthapuram,Indian Mackerel,Rastrelliger kanagurta,3.2,Intermediate Predator,516168.1,457,5557,1129.47,28.42,588.9,6.7,3.61,9.75,5.97,0.282,3618.89,589.74,0.1632,-2500.767,2.953,1.2246467991473532e-16,-1.0,330.95,238.99,441.43,337.12333333333333,337.12333333333333,101.36109181206238,377.942,0.38478595820804384,-0.1707142857142827,-80.82142857142867,30.32,1.64,1.33,1502.0,-0.6957390100150532,1103.48,460152.3
2012-07-01,2012,7,Southwest Monsoon,Southwest Monsoon,1,Thiruvananthapuram,Indian Mackerel,Rastrelliger kanagurta,3.2,Intermediate Predator,460152.3,417,4205,1103.48,27.6,763.4,8.4,3.55,12.85,7.49,0.257,4966.53,583.3,0.1176,-3530.434,3.153,-0.4999999999999997,-0.8660254037844388,1129.47,330.95,238.99,566.47,566.47,489.73555149692777,503.1966666666667,2.4128115300555515,-0.08428571428571274,155.45000000000005,28.42,9.75,5.97,457.0,-0.0875273503823337,572.56,1100453.0
2012-08-01,2012,8,Southwest Monsoon,Southwest Monsoon,0,Thiruvananthapuram,Indian Mackerel,Rastrelliger kanagurta,3.2,Intermediate Predator,1100453.0,1922,27351,572.56,26.74,289.1,6.5,2.51,9.81,5.42,1.186,1971.17,288.42,0.1468,-643.015,1.334,-0.8660254037844385,-0.5000000000000004,1103.48,1129.47,330.95,854.6333333333333,854.6333333333333,453.7092077898941,616.705,-0.023010792468938602,-0.6371428571428552,-127.91428571428565,27.6,12.85,7.49,417.0,3.609112623282671,995.71,2109909.4
2012-09-01,2012,9,Southwest Monsoon,Southwest Monsoon,0,Thiruvananthapuram,Indian Mackerel,Rastrelliger kanagurta,3.2,Intermediate Predator,2109909.4,2119,23955,995.71,27.84,330.7,5.8,1.86,8.89,5.16,1.308,2933.44,523.0,0.1786,-1782.971,2.438,-1.0,-1.8369701987210297e-16,572.56,1103.48,1129.47,935.17,935.17,314.29823273445237,636.1466666666666,-0.4811324130828614,-0.1828571428571415,80.72142857142856,26.74,9.81,5.42,1922.0,0.10249739800989907,553.05,962858.2
2012-10-01,2012,10,Post-Monsoon,Post-Monsoon,0,Thiruvananthapuram,Indian Mackerel,Rastrelliger kanagurta,3.2,Intermediate Predator,962858.2,1741,17202,553.05,28.49,328.5,3.6,1.19,1.08,1.61,1.075,1311.53,311.05,0.2377,-482.297,1.535,-0.8660254037844386,0.5000000000000001,995.71,572.56,1103.48,890.5833333333334,890.5833333333334,280.63806518954857,728.5266666666666,0.7390491697106127,-0.3085714285714296,25.94285714285712,27.84,8.89,5.16,2119.0,-0.1783860303049267,422.84,772533.4
2012-11-01,2012,11,Post-Monsoon,Post-Monsoon,0,Thiruvananthapuram,Indian Mackerel,Rastrelliger kanagurta,3.2,Intermediate Predator,772533.4,1827,19188,422.84,29.06,191.9,3.8,1.38,1.11,1.43,1.128,1028.59,256.42,0.25,-301.881,1.287,-0.5000000000000004,0.8660254037844384,553.05,995.71,572.56,707.1066666666666,707.1066666666666,250.12811324066178,780.87,-0.44456718879425555,0.04428571428571004,23.74285714285716,28.49,1.08,1.61,1741.0,0.04939689805056348,402.45,893035.7
2012-12-01,2012,12,Winter / Post-Monsoon,Northeast/Dry,0,Thiruvananthapuram,Indian Mackerel,Rastrelliger kanagurta,3.2,Intermediate Predator,893035.7,2219,26792,402.45,28.23,36.7,3.8,0.69,1.12,0.96,1.37,995.27,228.12,0.23,-271.081,1.175,-2.4492935982947064e-16,1.0,422.84,553.05,995.71,657.1999999999999,657.1999999999999,300.30055960653823,796.1850000000001,-0.23543982939264388,-0.26857142857143046,1.3214285714285765,29.06,1.11,1.43,1827.0,0.2145593857987992,407.07,956214.1
2013-01-01,2013,1,Winter / Post-Monsoon,Northeast/Dry,0,Thiruvananthapuram,Indian Mackerel,Rastrelliger kanagurta,3.2,Intermediate Predator,956214.1,2349,29591,407.07,28.6,7.0,3.3,0.56,0.8,0.64,1.45,792.54,229.98,0.2911,-207.351,1.077,0.49999999999999994,0.8660254037844387,402.45,422.84,553.05,422.43,459.44666666666666,81.70144449967431,675.015,-0.048221548381857215,0.3235714285714302,-1.4571428571428573,28.23,1.12,0.96,2219.0,0.058584947910838445,473.95,917094.2
2013-02-01,2013,2,Winter / Post-Monsoon,Northeast/Dry,0,Thiruvananthapuram,Indian Mackerel,Rastrelliger kanagurta,3.2,Intermediate Predator,917094.2,1935,23404,473.95,28.47,9.1,3.9,0.72,0.96,0.79,1.194,862.12,254.07,0.2955,-249.473,1.181,0.8660254037844386,0.5000000000000001,407.07,402.45,422.84,455.91,410.78666666666663,10.691035185302454,558.9466666666666,0.011479686632384491,-0.18142857142857238,-1.557142857142857,28.6,0.8,0.64,2349.0,-0.17624520997767043,410.01,899161.6
2013-03-01,2013,3,Pre-Monsoon / Summer,Pre-Monsoon,0,Thiruvananthapuram,Indian Mackerel,Rastrelliger kanagurta,3.2,Intermediate Predator,899161.6,2193,26612,410.01,29.4,25.6,3.6,1.1,1.21,1.11,1.354,603.25,245.18,0.4074,-150.946,1.101,1.0,6.123233995736766e-17,473.95,407.07,402.45,441.43,427.8233333333333,40.01359935488649,542.5116666666667,0.16429606297943689,-0.13571428571428612,0.8642857142857139,28.47,0.96,0.79,1935.0,0.1333333326442722,346.33,706160.7
2013-04-01,2013,4,Pre-Monsoon / Summer,Pre-Monsoon,0,Thiruvananthapuram,Indian Mackerel,Rastrelliger kanagurta,3.2,Intermediate Predator,706160.7,2039,28000,346.33,30.12,87.7,3.8,0.96,1.41,1.05,1.259,423.94,216.51,0.5119,-87.231,0.815,0.8660254037844387,-0.4999999999999998,410.01,473.95,407.07,238.99,430.3433333333333,37.793080495421016,444.895,-0.13490874280179888,-0.18142857142857238,-1.7071428571428555,29.4,1.21,1.11,2193.0,-0.07022343789227797,354.51,672150.0
2013-05-01,2013,5,Pre-Monsoon / Summer,Pre-Monsoon,0,Thiruvananthapuram,Indian Mackerel,Rastrelliger kanagurta,3.2,Intermediate Predator,672150.0,1896,23433,354.51,29.84,306.7,5.8,2.05,1.67,1.57,1.17,615.85,212.91,0.3468,-131.45,1.062,0.49999999999999994,-0.8660254037844387,346.33,410.01,473.95,330.95,410.09666666666664,63.81004414144672,410.44166666666666,-0.15531328125379185,-0.28999999999999915,45.64285714285711,30.12,1.41,1.05,2039.0,-0.07013241750793321,1262.47,460801.0
2013-06-01,2013,6,Southwest Monsoon,Southwest Monsoon,1,Thiruvananthapuram,Indian Mackerel,Rastrelliger kanagurta,3.2,Intermediate Predator,460801.0,365,5126,1262.47,28.52,614.9,8.1,3.48,12.14,7.09,0.225,5804.15,679.76,0.1173,-4907.259,3.569,1.2246467991473532e-16,-1.0,354.51,346.33,410.01,1129.47,370.2833333333333,34.6465601948215,399.05333333333334,0.023619090935838936,-0.07071428571428484,-54.82142857142867,29.84,1.67,1.57,1896.0,-0.8074894472178826,1118.5,518984.2
2013-07-01,2013,7,Southwest Monsoon,Southwest Monsoon,1,Thiruvananthapuram,Indian Mackerel,Rastrelliger kanagurta,3.2,Intermediate Predator,518984.2,464,5676,1118.5,27.7,587.9,8.5,4.07,12.71,7.2,0.286,4712.5,573.0,0.1218,-3281.095,3.017,-0.4999999999999997,-0.8660254037844388,1262.47,354.51,346.33,1103.48,654.4366666666666,526.5881967280822,542.39,2.5611688651612408,0.015714285714285126,-20.049999999999955,28.52,12.14,7.09,365.0,0.27123286928129126,883.49,1713095.8
2013-08-01,2013,8,Southwest Monsoon,Southwest Monsoon,0,Thiruvananthapuram,Indian Mackerel,Rastrelliger kanagurta,3.2,Intermediate Predator,1713095.8,1939,25343,883.49,27.67,394.9,6.8,2.46,9.64,5.61,1.197,3532.1,460.71,0.1307,-1994.037,2.32,-0.8660254037844385,-0.5000000000000004,1118.5,1262.47,354.51,572.56,911.8266666666667,487.988975729302,660.9616666666666,-0.1140383524833196,0.29285714285714803,-22.1142857142857,27.7,12.71,7.2,464.0,3.1788792418344993,850.69,1455539.1
2013-09-01,2013,9,Southwest Monsoon,Southwest Monsoon,0,Thiruvananthapuram,Indian Mackerel,Rastrelliger kanagurta,3.2,Intermediate Predator,1455539.1,1711,20991,850.69,28.29,274.4,5.3,2.11,7.48,4.2,1.056,3106.86,445.9,0.1438,-1732.744,2.301,-1.0,-1.8369701987210297e-16,883.49,1118.5,1262.47,995.71,1088.1533333333334,191.30381656760872,729.2183333333332,-0.21011175493865217,0.2671428571428578,24.42142857142855,27.67,9.64,5.61,1939.0,-0.1175863841279712,425.7,829680.7
2013-10-01,2013,10,Post-Monsoon,Post-Monsoon,0,Thiruvananthapuram,Indian Mackerel,Rastrelliger kanagurta,3.2,Intermediate Predator,829680.7,1949,27750,425.7,28.79,218.6,3.3,1.35,0.83,1.22,1.203,873.59,244.31,0.2805,-237.564,1.21,-0.8660254037844386,0.5000000000000001,850.69,883.49,1118.5,553.05,950.8933333333334,146.07517254254165,802.665,-0.03712549053044749,-0.008571428571428896,-83.95714285714288,28.29,7.48,4.2,1711.0,0.1390999407416719,515.62,1098265.1
2013-11-01,2013,11,Post-Monsoon,Post-Monsoon,0,Thiruvananthapuram,Indian Mackerel,Rastrelliger kanagurta,3.2,Intermediate Predator,1098265.1,2130,26707,515.62,28.98,167.2,4.0,0.92,1.51,1.41,1.315,886.08,295.61,0.3344,-284.394,1.243,-0.5000000000000004,0.8660254037844384,425.7,850.69,883.49,422.84,719.96,255.36380068443538,815.8933333333333,-0.499582685824652,-0.03571428571428825,-0.9571428571428555,28.79,0.83,1.22,1949.0,0.09286813702992233,425.22,873407.6
2013-12-01,2013,12,Winter / Post-Monsoon,Northeast/Dry,0,Thiruvananthapuram,Indian Mackerel,Rastrelliger kanagurta,3.2,Intermediate Predator,873407.6,2054,22178,425.22,28.38,33.9,3.3,1.21,1.1,0.97,1.268,1027.93,239.1,0.2333,-294.19,1.193,-2.4492935982947064e-16,1.0,515.62,425.7,850.69,402.45,597.3366666666667,223.96949621172382,842.7449999999999,0.21122855975502566,-0.11857142857143188,-1.4785714285714278,28.98,1.51,1.41,2130.0,-0.03568075100619365,364.5,579911.7
2014-01-01,2014,1,Winter / Post-Monsoon,Northeast/Dry,0,Thiruvananthapuram,Indian Mackerel,Rastrelliger kanagurta,3.2,Intermediate Predator,579911.7,1591,17702,364.5,27.93,6.7,4.1,0.81,1.43,1.1,0.982,953.46,190.22,0.2003,-216.842,1.005,0.49999999999999994,0.8660254037844387,425.22,515.62,425.7,407.07,455.5133333333333,52.054453539859274,703.2033333333334,-0.17532290882194423,-0.34642857142857153,-1.7571428571428571,28.38,1.1,0.97,2054.0,-0.22541382558221115,417.51,779914.1
2014-02-01,2014,2,Winter / Post-Monsoon,Northeast/Dry,0,Thiruvananthapuram,Indian Mackerel,Rastrelliger kanagurta,3.2,Intermediate Predator,779914.1,1868,18692,417.51,28.56,14.5,4.2,0.7,1.42,1.22,1.153,814.36,227.03,0.2797,-203.098,1.114,0.8660254037844386,0.5000000000000001,364.5,425.22,515.62,473.95,435.1133333333333,76.04421170170265,577.5366666666667,-0.14279666660089685,-0.09142857142857252,3.8428571428571434,27.93,1.43,1.1,1591.0,0.17410433580072698,317.6,532934.0
2014-03-01,2014,3,Pre-Monsoon / Summer,Pre-Monsoon,0,Thiruvananthapuram,Indian Mackerel,Rastrelliger kanagurta,3.2,Intermediate Predator,532934.0,1678,21859,317.6,29.3,19.8,3.7,1.28,1.04,1.05,1.036,616.7,187.4,0.305,-119.949,0.809,1.0,6.123233995736766e-17,417.51,364.5,425.22,410.01,402.41,33.05657423267033,499.8733333333333,0.14543209477552552,-0.235714285714284,-4.935714285714287,28.56,1.42,1.22,1868.0,-0.1017130615539986,337.39,687594.1
2014-04-01,2014,4,Pre-Monsoon / Summer,Pre-Monsoon,0,Thiruvananthapuram,Indian Mackerel,Rastrelliger kanagurta,3.2,Intermediate Predator,687594.1,2038,19545,337.39,30.0,79.0,3.3,1.27,1.04,0.61,1.258,474.7,199.46,0.4214,-94.357,0.83,0.8660254037844387,-0.4999999999999998,317.6,417.51,364.5,346.33,366.5366666666667,49.986128409123495,411.02500000000003,-0.23929965176164272,-0.3014285714285734,-10.407142857142858,29.3,1.04,1.05,1678.0,0.2145411191028539,312.63,651522.5
2014-05-01,2014,5,Pre-Monsoon / Summer,Pre-Monsoon,0,Thiruvananthapuram,Indian Mackerel,Rastrelliger kanagurta,3.2,Intermediate Predator,651522.5,2084,22555,312.63,30.14,259.9,4.6,1.68,1.56,1.33,1.286,327.29,189.12,0.5791,-54.81,0.786,0.49999999999999994,-0.8660254037844387,337.39,317.6,417.51,354.51,357.5,52.90379097947567,396.3066666666667,0.06231108116148978,0.010000000000001563,-1.157142857142901,30.0,1.04,0.61,2038.0,0.02257114807374314,1122.08,470151.3
2014-06-01,2014,6,Southwest Monsoon,Southwest Monsoon,1,Thiruvananthapuram,Indian Mackerel,Rastrelliger kanagurta,3.2,Intermediate Predator,470151.3,419,5830,1122.08,28.69,480.4,8.4,3.2,12.56,7.11,0.259,4071.17,617.97,0.152,-2927.081,3.186,1.2246467991473532e-16,-1.0,312.63,337.39,317.6,1262.47,322.54,13.098362493077513,362.47499999999997,-0.07338687947518065,0.09928571428571686,-189.32142857142867,30.14,1.56,1.33,2084.0,-0.7989443339781941,877.27,328977.7
2014-07-01,2014,7,Southwest Monsoon,Southwest Monsoon,1,Thiruvananthapuram,Indian Mackerel,Rastrelliger kanagurta,3.2,Intermediate Predator,328977.7,375,5300,877.27,27.65,509.6,7.9,3.39,11.67,6.62,0.231,3632.38,452.33,0.1248,-1975.742,2.398,-0.4999999999999997,-0.8660254037844388,1122.08,312.63,337.39,1118.5,590.6999999999999,460.3550724169334,478.61833333333334,2.5891628254114183,-0.034285714285715585,-98.34999999999991,28.69,12.56,7.11,419.0,-0.10501193066797303,666.56,1199806.2
2014-08-01,2014,8,Southwest Monsoon,Southwest Monsoon,0,Thiruvananthapuram,Indian Mackerel,Rastrelliger kanagurta,3.2,Intermediate Predator,1199806.2,1800,19449,666.56,27.15,482.4,7.6,2.53,11.02,6.31,1.111,2689.13,325.81,0.1215,-1032.965,1.798,-0.8660254037844385,-0.5000000000000004,877.27,1122.08,312.63,883.49,770.66,415.1223852070615,564.0799999999999,-0.2181751727312208,-0.2271428571428551,65.3857142857143,27.65,11.67,6.62,375.0,3.7999998986666697,827.66,1290329.3
2014-09-01,2014,9,Southwest Monsoon,Southwest Monsoon,0,Thiruvananthapuram,Indian Mackerel,Rastrelliger kanagurta,3.2,Intermediate Predator,1290329.3,1559,22079,827.66,27.89,281.5,6.0,1.88,8.88,5.07,0.962,2833.2,420.36,0.1487,-1422.307,2.204,-1.0,-1.8369701987210297e-16,666.56,877.27,1122.08,850.69,888.6366666666667,227.97262650005445,605.5883333333333,-0.24018830872834698,-0.1328571428571408,31.521428571428572,27.15,11.02,6.31,1800.0,-0.13388888814506172,433.19,891067.8
2014-10-01,2014,10,Post-Monsoon,Post-Monsoon,0,Thiruvananthapuram,Indian Mackerel,Rastrelliger kanagurta,3.2,Intermediate Predator,891067.8,2057,21946,433.19,28.72,355.1,3.9,1.19,1.1,1.49,1.27,928.17,238.9,0.2582,-247.283,1.087,-0.8660254037844386,0.5000000000000001,827.66,666.56,877.27,425.7,790.4966666666666,110.16129553220287,690.5983333333332,0.24168866656131988,-0.07857142857142918,52.542857142857144,27.89,8.88,5.07,1559.0,0.3194355335507663,492.19,1073957.5
2014-11-01,2014,11,Post-Monsoon,Post-Monsoon,0,Thiruvananthapuram,Indian Mackerel,Rastrelliger kanagurta,3.2,Intermediate Predator,1073957.5,2182,24267,492.19,28.96,190.7,3.2,1.03,0.73,1.19,1.347,866.36,270.9,0.3135,-258.555,1.157,-0.5000000000000004,0.8660254037844384,433.19,827.66,666.56,515.62,642.4699999999999,198.33530018632592,706.5649999999999,-0.47660874662773667,-0.055714285714287826,22.542857142857144,28.72,1.1,1.49,2057.0,0.060768108601030095,463.52,876059.4
2014-12-01,2014,12,Winter / Post-Monsoon,Northeast/Dry,0,Thiruvananthapuram,Indian Mackerel,Rastrelliger kanagurta,3.2,Intermediate Predator,876059.4,1890,23931,463.52,28.65,30.7,3.1,1.4,1.27,0.95,1.167,804.27,256.95,0.3203,-227.854,1.135,-2.4492935982947064e-16,1.0,492.19,433.19,827.66,425.22,584.3466666666667,212.77049521334803,736.4916666666667,0.13619889341400093,0.1514285714285677,-4.678571428571427,28.96,0.73,1.19,2182.0,-0.13382218087157569,222.86,539985.0
2015-01-01,2015,1,Winter / Post-Monsoon,Northeast/Dry,0,Thiruvananthapuram,Indian Mackerel,Rastrelliger kanagurta,3.2,Intermediate Predator,539985.0,2423,23995,222.86,29.02,8.2,3.0,0.9,0.88,0.8,1.496,361.94,126.41,0.351,-40.584,0.594,0.49999999999999994,0.8660254037844387,463.52,492.19,433.19,364.5,462.9666666666667,29.503891833678217,626.7316666666666,-0.058249861674356244,0.7435714285714283,-0.257142857142858,28.65,1.27,0.95,1890.0,0.28201058051846256,194.05,433702.8
2015-02-01,2015,2,Winter / Post-Monsoon,Northeast/Dry,0,Thiruvananthapuram,Indian Mackerel,Rastrelliger kanagurta,3.2,Intermediate Predator,433702.8,2235,25625,194.05,29.64,7.2,3.4,1.03,1.17,0.81,1.38,273.87,121.43,0.4454,-26.945,0.539,0.8660254037844386,0.5000000000000001,222.86,463.52,492.19,417.51,392.8566666666666,147.9176873579809,517.6633333333333,-0.51920088627889,0.9885714285714293,-3.4571428571428564,29.02,0.88,0.8,2423.0,-0.07758976443421475,150.56,300513.2
2015-03-01,2015,3,Pre-Monsoon / Summer,Pre-Monsoon,0,Thiruvananthapuram,Indian Mackerel,Rastrelliger kanagurta,3.2,Intermediate Predator,300513.2,1996,21097,150.56,29.9,21.0,4.6,1.43,1.96,1.08,1.232,185.4,107.59,0.5826,-13.836,0.361,1.0,6.123233995736766e-17,194.05,222.86,463.52,317.6,293.4766666666667,147.96471009444582,438.91166666666663,-0.12927397786619502,0.3642857142857139,-3.7357142857142875,29.64,1.17,0.81,2235.0,-0.10693512256404866,186.64,355364.7
2015-04-01,2015,4,Pre-Monsoon / Summer,Pre-Monsoon,0,Thiruvananthapuram,Indian Mackerel,Rastrelliger kanagurta,3.2,Intermediate Predator,355364.7,1904,23313,186.64,30.71,82.4,4.8,1.21,1.75,1.02,1.175,138.19,106.92,0.7753,-9.647,0.486,0.8660254037844387,-0.4999999999999998,150.56,194.05,222.86,337.39,189.15666666666667,36.397541583648284,326.06166666666667,-0.22411748394138195,0.4085714285714275,-7.007142857142853,29.9,1.96,1.08,1996.0,-0.04609218413781471,93.5,168675.0
2015-05-01,2015,5,Pre-Monsoon / Summer,Pre-Monsoon,0,Thiruvananthapuram,Indian Mackerel,Rastrelliger kanagurta,3.2,Intermediate Predator,168675.0,1804,17753,93.5,30.46,286.9,5.5,1.76,1.95,1.51,1.114,125.6,65.65,0.5265,-3.277,0.262,0.49999999999999994,-0.8660254037844387,186.64,150.56,194.05,312.63,177.08333333333334,23.266766714208625,284.96999999999997,0.23963866633643277,0.33000000000000185,25.8428571428571,30.71,1.75,1.02,1904.0,-0.052521008127515714,700.27,275207.9
2015-06-01,2015,6,Southwest Monsoon,Southwest Monsoon,1,Thiruvananthapuram,Indian Mackerel,Rastrelliger kanagurta,3.2,Intermediate Predator,275207.9,393,4051,700.27,28.75,597.7,7.7,3.13,11.54,6.84,0.243,2390.87,359.71,0.1508,-958.322,1.723,1.2246467991473532e-16,-1.0,93.5,186.64,150.56,1122.08,143.56666666666666,46.96216491318738,218.52166666666662,-0.4990355497730631,0.15928571428571558,-72.0214285714286,30.46,1.95,1.51,1804.0,-0.7821507717175677,674.52,313653.1
2015-07-01,2015,7,Southwest Monsoon,Southwest Monsoon,1,Thiruvananthapuram,Indian Mackerel,Rastrelliger kanagurta,3.2,Intermediate Predator,313653.1,465,5968,674.52,28.75,662.2,7.9,3.45,11.82,7.02,0.287,2268.68,357.02,0.1577,-889.154,1.746,-0.4999999999999997,-0.8660254037844388,700.27,93.5,186.64,877.27,326.80333333333334,326.76716210986285,257.97999999999996,6.489518022511441,1.0657142857142858,54.250000000000114,28.75,11.54,6.84,393.0,0.18320610220849615,609.94,1133272.2
2015-08-01,2015,8,Southwest Monsoon,Southwest Monsoon,0,Thiruvananthapuram,Indian Mackerel,Rastrelliger kanagurta,3.2,Intermediate Predator,1133272.2,1858,26314,609.94,28.29,360.8,7.1,3.14,10.16,5.72,1.147,1857.57,320.25,0.1728,-650.398,1.564,-0.8660254037844385,-0.5000000000000004,674.52,700.27,93.5,666.56,489.43,343.1270745656775,333.2566666666666,-0.03677153045580233,0.9128571428571455,-56.214285714285666,28.75,11.82,7.02,465.0,2.9956988603075514,478.64,941014.4
2015-09-01,2015,9,Southwest Monsoon,Southwest Monsoon,0,Thiruvananthapuram,Indian Mackerel,Rastrelliger kanagurta,3.2,Intermediate Predator,941014.4,1966,19352,478.64,28.22,157.4,5.6,1.98,8.25,4.45,1.214,1280.03,250.57,0.1964,-339.209,1.298,-1.0,-1.8369701987210297e-16,609.94,674.52,700.27,827.66,661.5766666666667,46.53519778977296,402.57166666666666,-0.09574215596658123,0.1971428571428575,-92.57857142857142,28.29,10.16,5.72,1858.0,0.05812701798639926,200.14,397675.9
2015-10-01,2015,10,Post-Monsoon,Post-Monsoon,0,Thiruvananthapuram,Indian Mackerel,Rastrelliger kanagurta,3.2,Intermediate Predator,397675.9,1987,18966,200.14,29.74,336.7,3.8,1.21,0.92,1.24,1.227,357.57,119.83,0.337,-36.277,0.534,-0.8660254037844386,0.5000000000000001,478.64,609.94,674.52,433.19,587.6999999999999,99.81586447053377,457.2516666666666,-0.21526707192072883,0.9414285714285704,34.14285714285711,28.22,8.25,4.45,1966.0,0.010681586924305255,216.41,327861.2
2015-11-01,2015,11,Post-Monsoon,Post-Monsoon,0,Thiruvananthapuram,Indian Mackerel,Rastrelliger kanagurta,3.2,Intermediate Predator,327861.2,1515,18780,216.41,29.69,164.8,3.9,1.04,0.67,1.02,0.935,270.27,125.6,0.4667,-27.246,0.56,-0.5000000000000004,0.8660254037844384,200.14,478.64,609.94,492.19,429.5733333333333,209.25979865548308,459.5016666666666,-0.5818569158060982,0.6742857142857126,-3.357142857142833,29.74,0.92,1.24,1987.0,-0.2375440350400401,180.28,295480.8
2015-12-01,2015,12,Winter / Post-Monsoon,Northeast/Dry,0,Thiruvananthapuram,Indian Mackerel,Rastrelliger kanagurta,3.2,Intermediate Predator,295480.8,1639,22444,180.28,29.24,30.8,3.9,1.35,1.33,1.01,1.012,401.21,107.44,0.2696,-38.099,0.471,-2.4492935982947064e-16,1.0,216.41,200.14,478.64,463.52,298.39666666666665,156.30714197800856,479.9866666666667,0.08129309077180526,0.7414285714285676,-4.578571428571426,29.69,0.67,1.02,1515.0,0.0818481842782298,203.3,400087.6
2016-01-01,2016,1,Winter / Post-Monsoon,Northeast/Dry,0,Thiruvananthapuram,Indian Mackerel,Rastrelliger kanagurta,3.2,Intermediate Predator,400087.6,1968,27463,203.3,28.92,10.5,4.4,1.39,0.9,0.9,1.215,358.92,115.9,0.3248,-36.04,0.497,0.49999999999999994,0.8660254037844387,180.28,216.41,200.14,222.86,198.9433333333333,18.094701802830166,393.32166666666666,-0.16695161189632585,0.6435714285714305,2.0428571428571427,29.24,1.33,1.01,1639.0,0.20073215252756466,161.0,318937.8
2016-02-01,2016,2,Winter / Post-Monsoon,Northeast/Dry,0,Thiruvananthapuram,Indian Mackerel,Rastrelliger kanagurta,3.2,Intermediate Predator,318937.8,1981,23006,161.0,29.46,11.0,3.8,0.71,1.82,1.22,1.223,331.09,97.57,0.2968,-25.491,0.403,0.8660254037844386,0.5000000000000001,203.3,180.28,216.41,194.05,199.99666666666667,18.29011299400157,314.785,0.12769025251329869,0.8085714285714296,0.3428571428571434,28.92,0.9,0.9,1968.0,0.006605691023345066,81.36,162553.3
2016-03-01,2016,3,Pre-Monsoon / Summer,Pre-Monsoon,0,Thiruvananthapuram,Indian Mackerel,Rastrelliger kanagurta,3.2,Intermediate Predator,162553.3,1998,19479,81.36,30.34,24.9,3.2,1.25,1.08,0.72,1.233,124.3,58.93,0.4783,-2.668,0.188,1.0,6.123233995736766e-17,161.0,203.3,180.28,150.56,181.52666666666667,21.177538415343466,239.96166666666667,-0.20806688597801845,0.8042857142857152,0.16428571428571104,29.46,1.82,1.22,1981.0,0.008581524439265398,59.4,122603.1
2016-04-01,2016,4,Pre-Monsoon / Summer,Pre-Monsoon,0,Thiruvananthapuram,Indian Mackerel,Rastrelliger kanagurta,3.2,Intermediate Predator,122603.1,2064,22272,59.4,30.77,112.4,4.8,1.11,0.83,0.61,1.274,99.03,46.37,0.4736,-0.659,0.15,0.8660254037844387,-0.4999999999999998,81.36,161.0,203.3,186.64,148.55333333333334,61.91551124987465,173.7483333333333,-0.4946583543690463,0.4685714285714262,22.992857142857147,30.34,1.08,0.72,1998.0,0.03303303286770254,60.9,105961.7
2016-05-01,2016,5,Pre-Monsoon / Summer,Pre-Monsoon,0,Thiruvananthapuram,Indian Mackerel,Rastrelliger kanagurta,3.2,Intermediate Predator,105961.7,1740,20018,60.9,30.76,262.9,4.8,1.6,1.27,1.11,1.074,124.5,40.92,0.334,-0.284,0.168,0.49999999999999994,-0.8660254037844387,59.4,81.36,161.0,93.5,100.58666666666666,53.45922308950405,150.29166666666663,-0.2699114712498192,0.6300000000000026,1.842857142857099,30.77,0.83,0.61,2064.0,-0.15697674342550025,598.14,251216.9
2016-06-01,2016,6,Southwest Monsoon,Southwest Monsoon,1,Thiruvananthapuram,Indian Mackerel,Rastrelliger kanagurta,3.2,Intermediate Predator,251216.9,420,5202,598.14,29.39,849.2,7.9,3.17,11.56,7.31,0.259,1339.64,318.02,0.238,-424.326,1.334,1.2246467991473532e-16,-1.0,60.9,59.4,81.36,700.27,67.22,12.268545146024278,124.37333333333329,0.02525252100125909,0.7992857142857162,179.4785714285714,30.76,1.27,1.11,1740.0,-0.7586206852952835,490.53,199646.3
2016-07-01,2016,7,Southwest Monsoon,Southwest Monsoon,1,Thiruvananthapuram,Indian Mackerel,Rastrelliger kanagurta,3.2,Intermediate Predator,199646.3,407,5442,490.53,27.91,589.9,8.5,3.21,12.81,7.35,0.251,2361.6,257.12,0.1093,-691.205,1.513,-0.4999999999999997,-0.8660254037844388,598.14,60.9,59.4,674.52,239.48,310.60957680020107,194.01666666666665,8.821673428296645,0.22571428571428598,-18.049999999999955,29.39,11.56,7.31,420.0,-0.03095238021541952,532.42,987629.9
2016-08-01,2016,8,Southwest Monsoon,Southwest Monsoon,0,Thiruvananthapuram,Indian Mackerel,Rastrelliger kanagurta,3.2,Intermediate Predator,987629.9,1855,22973,532.42,27.83,580.7,7.4,2.58,11.52,6.65,1.145,1590.04,259.34,0.1636,-431.106,1.236,-0.8660254037844385,-0.5000000000000004,490.53,598.14,60.9,609.94,383.19,284.25008548811377,241.8883333333333,-0.17990771090534474,0.4528571428571446,163.68571428571437,27.91,12.81,7.35,407.0,3.557739470325812,434.61,967015.1
2016-09-01,2016,9,Southwest Monsoon,Southwest Monsoon,0,Thiruvananthapuram,Indian Mackerel,Rastrelliger kanagurta,3.2,Intermediate Predator,967015.1,2225,23878,434.61,28.91,229.6,5.5,2.1,8.61,4.65,1.373,1114.14,235.87,0.2124,-267.934,1.122,-1.0,-1.8369701987210297e-16,532.42,490.53,598.14,478.64,540.3633333333332,54.24297588935635,303.7916666666666,0.08539742553162036,0.8871428571428588,-20.378571428571433,27.83,11.52,6.65,1855.0,0.19946091536678753,157.26,242024.3
2016-10-01,2016,10,Post-Monsoon,Post-Monsoon,0,Thiruvananthapuram,Indian Mackerel,Rastrelliger kanagurta,3.2,Intermediate Predator,242024.3,1539,16818,157.26,29.49,345.5,4.2,1.19,0.78,1.41,0.95,293.48,97.26,0.3337,-21.194,0.451,-0.8660254037844386,0.5000000000000001,434.61,532.42,490.53,200.14,485.8533333333333,49.072420292189555,362.6666666666667,-0.18370834709987696,0.6914285714285704,42.94285714285712,28.91,8.61,4.65,2225.0,-0.3083146053558894,120.16,264224.9
2016-11-01,2016,11,Post-Monsoon,Post-Monsoon,0,Thiruvananthapuram,Indian Mackerel,Rastrelliger kanagurta,3.2,Intermediate Predator,264224.9,2199,24415,120.16,29.58,126.2,3.5,1.23,1.56,1.22,1.357,367.01,87.05,0.2393,-25.567,0.379,-0.5000000000000004,0.8660254037844384,157.26,434.61,532.42,216.41,374.7633333333333,194.60851480172525,378.97666666666663,-0.6381583341810283,0.5642857142857096,-41.95714285714284,29.49,0.78,1.41,1539.0,0.428849899747564,198.51,425600.2
2016-12-01,2016,12,Winter / Post-Monsoon,Northeast/Dry,0,Thiruvananthapuram,Indian Mackerel,Rastrelliger kanagurta,3.2,Intermediate Predator,425600.2,2144,25177,198.51,28.77,38.4,3.1,0.77,1.57,1.13,1.323,565.92,109.99,0.1958,-63.029,0.477,-2.4492935982947064e-16,1.0,120.16,157.26,434.61,180.28,237.34333333333333,171.84209563821472,388.85333333333324,-0.23591503014657061,0.2714285714285687,3.0214285714285722,29.58,1.56,1.22,2199.0,-0.025011368690262076,331.91,715605.4
2017-01-01,2017,1,Winter / Post-Monsoon,Northeast/Dry,0,Thiruvananthapuram,Indian Mackerel,Rastrelliger kanagurta,3.2,Intermediate Predator,715605.4,2156,26069,331.91,28.0,8.8,4.8,0.85,1.34,1.04,1.331,627.87,178.91,0.2861,-117.531,0.782,0.49999999999999994,0.8660254037844387,198.51,120.16,157.26,203.3,158.64333333333332,39.1933136304311,322.2483333333333,0.6520472160413435,-0.27642857142857125,0.3428571428571434,28.77,1.57,1.13,2144.0,0.005597014899267654,345.71,654425.8
2017-02-01,2017,2,Winter / Post-Monsoon,Northeast/Dry,0,Thiruvananthapuram,Indian Mackerel,Rastrelliger kanagurta,3.2,Intermediate Predator,654425.8,1893,26265,345.71,28.0,9.5,3.0,1.03,1.0,0.86,1.169,674.69,178.38,0.2655,-130.84,0.825,0.8660254037844386,0.5000000000000001,331.91,198.51,120.16,161.0,216.86,107.06099896787812,295.81166666666667,0.6720064141853604,-0.6514285714285712,-1.1571428571428566,28.0,1.34,1.04,2156.0,-0.12198515713364953,284.95,557085.8
2017-03-01,2017,3,Pre-Monsoon / Summer,Pre-Monsoon,0,Thiruvananthapuram,Indian Mackerel,Rastrelliger kanagurta,3.2,Intermediate Predator,557085.8,1955,26492,284.95,29.51,26.0,2.9,1.4,0.69,0.59,1.207,373.83,170.36,0.4572,-59.592,0.739,1.0,6.123233995736766e-17,345.71,331.91,198.51,81.36,292.04333333333335,81.2955923364442,264.69333333333327,0.04157753482638247,-0.025714285714283136,1.2642857142857125,28.0,1.0,0.86,1893.0,0.032752244940558665,237.81,503197.1
2017-04-01,2017,4,Pre-Monsoon / Summer,Pre-Monsoon,0,Thiruvananthapuram,Indian Mackerel,Rastrelliger kanagurta,3.2,Intermediate Predator,503197.1,2116,23561,237.81,30.32,91.4,4.9,1.34,1.15,0.84,1.306,279.48,132.26,0.4751,-30.618,0.612,0.8660254037844387,-0.4999999999999998,284.95,345.71,331.91,59.4,320.8566666666667,31.852418013917298,239.74999999999997,-0.17575423980346996,0.018571428571426907,1.9928571428571473,29.51,0.69,0.59,1955.0,0.08235294075522792,267.34,520249.0
2017-05-01,2017,5,Pre-Monsoon / Summer,Pre-Monsoon,0,Thiruvananthapuram,Indian Mackerel,Rastrelliger kanagurta,3.2,Intermediate Predator,520249.0,1946,27255,267.34,30.15,279.4,5.4,1.68,2.27,1.8,1.201,427.52,162.64,0.3819,-62.435,0.817,0.49999999999999994,-0.8660254037844387,237.81,284.95,345.71,60.9,289.49,54.093079039744,253.17499999999995,-0.16543252621749335,0.019999999999999574,18.3428571428571,30.32,1.15,0.84,2116.0,-0.08034026427060366,804.87,341263.8
2017-06-01,2017,6,Southwest Monsoon,Southwest Monsoon,1,Thiruvananthapuram,Indian Mackerel,Rastrelliger kanagurta,3.2,Intermediate Predator,341263.8,424,5600,804.87,28.32,699.7,7.4,3.31,10.54,6.43,0.262,2753.87,427.39,0.1555,-1340.866,2.299,1.2246467991473532e-16,-1.0,267.34,237.81,284.95,598.14,263.3666666666666,23.819853763894653,277.7049999999999,0.12417475614251887,-0.27071428571428413,29.9785714285714,30.15,2.27,1.8,1946.0,-0.782117159393026,600.02,274808.4
2017-07-01,2017,7,Southwest Monsoon,Southwest Monsoon,1,Thiruvananthapuram,Indian Mackerel,Rastrelliger kanagurta,3.2,Intermediate Predator,274808.4,458,4590,600.02,27.31,754.8,8.0,3.63,11.98,7.23,0.283,2733.75,309.75,0.1136,-984.043,1.829,-0.4999999999999997,-0.8660254037844388,804.87,267.34,237.81,490.53,436.67333333333335,319.2093266703423,378.76499999999993,2.0106605068205097,-0.37428571428571544,146.85000000000002,28.32,10.54,6.43,424.0,0.08018867735404063,498.75,976560.3
2017-08-01,2017,8,Southwest Monsoon,Southwest Monsoon,0,Thiruvananthapuram,Indian Mackerel,Rastrelliger kanagurta,3.2,Intermediate Predator,976560.3,1958,19623,498.75,27.17,374.5,6.9,2.58,10.15,5.8,1.209,2371.11,255.07,0.108,-725.824,1.229,-0.8660254037844385,-0.5000000000000004,600.02,804.87,267.34,532.42,557.41,271.2864432661536,423.45,-0.25451314802995334,-0.20714285714285197,-42.51428571428568,27.31,11.98,7.23,458.0,3.2751090987967446,421.19,844906.4
2017-09-01,2017,9,Southwest Monsoon,Southwest Monsoon,0,Thiruvananthapuram,Indian Mackerel,Rastrelliger kanagurta,3.2,Intermediate Predator,844906.4,2006,21965,421.19,27.51,259.9,4.6,1.83,6.63,3.98,1.238,1453.22,225.51,0.1558,-368.514,1.248,-1.0,-1.8369701987210297e-16,498.75,600.02,804.87,434.61,634.5466666666666,155.95329952692026,448.95666666666665,-0.16877770459688501,-0.5128571428571398,9.92142857142855,27.17,10.15,5.8,1958.0,0.02451481090646164,431.25,895711.3
2017-10-01,2017,10,Post-Monsoon,Post-Monsoon,0,Thiruvananthapuram,Indian Mackerel,Rastrelliger kanagurta,3.2,Intermediate Predator,895711.3,2077,27963,431.25,28.83,351.2,4.0,1.19,1.26,1.85,1.282,777.5,233.01,0.3006,-189.03,1.047,-0.8660254037844386,0.5000000000000001,421.19,498.75,600.02,157.26,506.65333333333336,89.67658129820349,471.66333333333336,-0.15550876881185427,0.03142857142857025,48.64285714285711,27.51,6.63,3.98,2006.0,0.03539381836792713,331.69,763554.9
2017-11-01,2017,11,Post-Monsoon,Post-Monsoon,0,Thiruvananthapuram,Indian Mackerel,Rastrelliger kanagurta,3.2,Intermediate Predator,763554.9,2302,28986,331.69,28.83,165.9,3.6,0.81,1.56,1.44,1.421,640.49,193.04,0.3025,-126.263,0.846,-0.5000000000000004,0.8660254037844384,431.25,421.19,498.75,120.16,450.3966666666667,42.17623185318123,503.90333333333325,0.02388470704706411,-0.18571428571429038,-2.2571428571428385,28.83,1.26,1.85,2077.0,0.1083293206146879,343.62,686560.7
2017-12-01,2017,12,Winter / Post-Monsoon,Northeast/Dry,0,Thiruvananthapuram,Indian Mackerel,Rastrelliger kanagurta,3.2,Intermediate Predator,686560.7,1998,20791,343.62,28.38,35.8,4.1,1.03,1.28,0.89,1.233,747.12,184.12,0.2474,-154.014,0.917,-2.4492935982947064e-16,1.0,331.69,431.25,421.19,198.51,394.71000000000004,54.808222010935204,514.6283333333333,-0.23086376276257944,-0.11857142857143188,0.4214285714285708,28.83,1.56,1.44,2302.0,-0.13205907848801443,309.91,728605.7
2018-01-01,2018,1,Winter / Post-Monsoon,Northeast/Dry,0,Thiruvananthapuram,Indian Mackerel,Rastrelliger kanagurta,3.2,Intermediate Predator,728605.7,2351,32458,309.91,28.27,10.0,2.7,1.2,1.45,1.1,1.451,703.14,165.23,0.2361,-126.243,0.726,0.49999999999999994,0.8660254037844387,343.62,331.69,431.25,331.91,368.8533333333333,54.36533117100726,437.7533333333333,0.03596731779772327,-0.006428571428571672,1.5428571428571427,28.38,1.28,0.89,1998.0,0.17667667579240903,341.31,579536.6
2018-02-01,2018,2,Winter / Post-Monsoon,Northeast/Dry,0,Thiruvananthapuram,Indian Mackerel,Rastrelliger kanagurta,3.2,Intermediate Predator,579536.6,1698,19752,341.31,28.61,10.6,3.6,1.21,1.27,1.09,1.048,840.79,183.97,0.2197,-177.457,0.838,0.8660254037844386,0.5000000000000001,309.91,343.62,331.69,345.71,328.4066666666667,17.0931633506876,389.40166666666664,-0.09810255229315656,-0.041428571428571814,-0.05714285714285694,28.27,1.45,1.1,2351.0,-0.2777541459899866,281.87,465085.0
2018-03-01,2018,3,Pre-Monsoon / Summer,Pre-Monsoon,0,Thiruvananthapuram,Indian Mackerel,Rastrelliger kanagurta,3.2,Intermediate Predator,465085.0,1650,18505,281.87,29.04,28.4,3.3,1.28,0.59,0.84,1.019,573.17,163.96,0.2873,-97.401,0.71,1.0,6.123233995736766e-17,341.31,309.91,343.62,284.95,331.61333333333334,18.83109219703652,363.16166666666663,0.10131973471912048,-0.49571428571428555,3.664285714285711,28.61,1.27,1.09,1698.0,-0.028268551070267663,172.15,328982.2
2018-04-01,2018,4,Pre-Monsoon / Summer,Pre-Monsoon,0,Thiruvananthapuram,Indian Mackerel,Rastrelliger kanagurta,3.2,Intermediate Predator,328982.2,1911,27033,172.15,30.26,81.9,4.3,1.2,0.71,0.76,1.18,258.99,111.67,0.4334,-22.662,0.521,0.8660254037844387,-0.4999999999999998,281.87,341.31,309.91,237.81,311.03000000000003,29.735823513061767,339.9416666666666,-0.17415252485562904,-0.041428571428571814,-7.507142857142853,29.04,0.59,0.84,1650.0,0.1581818172231405,212.88,449822.8
2018-05-01,2018,5,Pre-Monsoon / Summer,Pre-Monsoon,0,Thiruvananthapuram,Indian Mackerel,Rastrelliger kanagurta,3.2,Intermediate Predator,449822.8,2113,29150,212.88,30.11,262.5,5.3,2.23,1.57,1.43,1.304,306.47,125.92,0.4128,-31.218,0.548,0.49999999999999994,-0.8660254037844387,172.15,281.87,341.31,267.34,265.11,85.81637139846895,296.75833333333327,-0.38925744530253503,-0.019999999999999574,1.4428571428571217,30.26,0.71,0.76,1911.0,0.10570381943640074,853.52,374694.8
2018-06-01,2018,6,Southwest Monsoon,Southwest Monsoon,1,Thiruvananthapuram,Indian Mackerel,Rastrelliger kanagurta,3.2,Intermediate Predator,374694.8,439,4979,853.52,28.5,809.8,8.3,3.6,12.39,7.72,0.271,3447.87,462.72,0.1345,-1838.856,2.464,1.2246467991473532e-16,-1.0,212.88,172.15,281.87,804.87,222.29999999999998,55.46324819193301,276.95666666666665,0.23659597812396285,-0.09071428571428442,140.0785714285713,30.11,1.57,1.43,2113.0,-0.7922385196770538,709.61,269652.5
2018-07-01,2018,7,Southwest Monsoon,Southwest Monsoon,1,Thiruvananthapuram,Indian Mackerel,Rastrelliger kanagurta,3.2,Intermediate Predator,269652.5,380,5218,709.61,27.37,723.8,8.4,3.15,12.79,7.59,0.235,3109.17,360.66,0.1163,-1308.208,1.942,-0.4999999999999997,-0.8660254037844388,853.52,212.88,172.15,600.02,412.84999999999997,382.17439723246764,361.94,3.009394822933351,-0.31428571428571317,115.85000000000002,28.5,12.39,7.72,439.0,-0.13439635229165486,518.49,820254.0
2018-08-01,2018,8,Southwest Monsoon,Southwest Monsoon,0,Thiruvananthapuram,Indian Mackerel,Rastrelliger kanagurta,3.2,Intermediate Predator,820254.0,1582,17409,518.49,27.42,371.4,7.8,2.58,10.79,6.05,0.977,2120.04,267.56,0.1266,-647.475,1.574,-0.8660254037844385,-0.5000000000000004,709.61,853.52,212.88,498.75,592.0033333333332,336.1225943511285,428.5566666666666,-0.16860764635148973,0.042857142857148034,-45.6142857142857,27.37,12.79,7.59,380.0,3.1631578114958474,577.24,989973.3
2018-09-01,2018,9,Southwest Monsoon,Southwest Monsoon,0,Thiruvananthapuram,Indian Mackerel,Rastrelliger kanagurta,3.2,Intermediate Predator,989973.3,1715,20317,577.24,27.8,240.5,6.3,2.6,9.52,5.12,1.059,2321.0,302.37,0.1307,-834.537,1.763,-1.0,-1.8369701987210297e-16,518.49,709.61,853.52,421.19,693.8733333333333,168.0684599600212,458.0866666666666,-0.2693310371988693,-0.22285714285714064,-9.478571428571428,27.42,10.79,6.05,1582.0,0.08407079592875603,307.77,585683.0
2018-10-01,2018,10,Post-Monsoon,Post-Monsoon,0,Thiruvananthapuram,Indian Mackerel,Rastrelliger kanagurta,3.2,Intermediate Predator,585683.0,1903,18284,307.77,28.71,262.1,4.3,1.09,1.58,1.63,1.175,564.0,184.3,0.328,-101.509,0.844,-0.8660254037844386,0.5000000000000001,577.24,518.49,709.61,431.25,601.7800000000001,97.8947000608302,507.315,0.11330980128238151,-0.08857142857142719,-40.457142857142856,27.8,9.52,5.12,1715.0,0.10962099061445486,341.15,743705.9
2018-11-01,2018,11,Post-Monsoon,Post-Monsoon,0,Thiruvananthapuram,Indian Mackerel,Rastrelliger kanagurta,3.2,Intermediate Predator,743705.9,2180,29347,341.15,29.05,194.9,4.2,0.85,1.39,1.5,1.346,593.63,189.69,0.3207,-112.291,0.908,-0.5000000000000004,0.8660254037844384,307.77,577.24,518.49,331.69,467.8333333333333,141.69718992744083,529.9183333333333,-0.46682488277276557,0.03428571428571203,26.74285714285716,28.71,1.58,1.63,1903.0,0.1455596419045736,269.21,591187.1
2018-12-01,2018,12,Winter / Post-Monsoon,Northeast/Dry,0,Thiruvananthapuram,Indian Mackerel,Rastrelliger kanagurta,3.2,Intermediate Predator,591187.1,2196,20917,269.21,28.57,36.0,3.8,1.29,1.15,1.05,1.356,601.95,152.47,0.2545,-95.232,0.838,-2.4492935982947064e-16,1.0,341.15,307.77,577.24,343.62,408.71999999999997,146.89383547310592,551.2966666666666,0.10845761092836823,0.0714285714285694,0.6214285714285737,29.05,1.39,1.5,2180.0,0.007339449507617203,220.73,503047.9
2019-01-01,2019,1,Winter / Post-Monsoon,Northeast/Dry,0,Thiruvananthapuram,Indian Mackerel,Rastrelliger kanagurta,3.2,Intermediate Predator,503047.9,2279,23070,220.73,28.24,9.3,3.2,0.85,0.38,0.53,1.407,469.02,114.86,0.2465,-53.79,0.614,0.49999999999999994,0.8660254037844387,269.21,341.15,307.77,309.91,306.0433333333333,36.00106850266019,453.91166666666663,-0.21087497549831527,-0.03642857142857281,0.8428571428571434,28.57,1.15,1.05,2196.0,0.0377959925419126,226.05,410278.5
2019-02-01,2019,2,Winter / Post-Monsoon,Northeast/Dry,0,Thiruvananthapuram,Indian Mackerel,Rastrelliger kanagurta,3.2,Intermediate Predator,410278.5,1815,17566,226.05,28.35,10.7,3.2,0.5,1.0,0.82,1.12,618.46,128.63,0.2093,-86.178,0.644,0.8660254037844386,0.5000000000000001,220.73,269.21,341.15,341.31,277.03,60.589672387296304,372.4316666666666,-0.18008245681503446,-0.3014285714285698,0.042857142857142705,28.24,0.38,0.53,2279.0,-0.20359806843528708,232.29,351452.7
2019-03-01,2019,3,Pre-Monsoon / Summer,Pre-Monsoon,0,Thiruvananthapuram,Indian Mackerel,Rastrelliger kanagurta,3.2,Intermediate Predator,351452.7,1513,20883,232.29,29.51,23.6,4.0,1.27,1.01,0.82,0.934,402.37,135.92,0.3394,-50.465,0.553,1.0,6.123233995736766e-17,226.05,220.73,269.21,281.87,238.66333333333333,26.58758607570888,323.6916666666666,0.024101842789750347,-0.025714285714283136,-1.1357142857142861,28.35,1.0,0.82,1815.0,-0.16639118365624692,138.71,314310.8
2019-04-01,2019,4,Pre-Monsoon / Summer,Pre-Monsoon,0,Thiruvananthapuram,Indian Mackerel,Rastrelliger kanagurta,3.2,Intermediate Predator,314310.8,2266,22346,138.71,30.4,119.2,3.7,1.13,1.21,0.89,1.399,144.39,96.13,0.6681,-8.671,0.393,0.8660254037844387,-0.4999999999999998,232.29,226.05,220.73,172.15,226.35666666666665,5.786098282368632,266.2,0.027604511054876664,0.0985714285714252,29.792857142857144,29.51,1.01,0.82,1513.0,0.49768671184608915,212.69,314999.2
2019-05-01,2019,5,Pre-Monsoon / Summer,Pre-Monsoon,0,Thiruvananthapuram,Indian Mackerel,Rastrelliger kanagurta,3.2,Intermediate Predator,314999.2,1481,15931,212.69,30.02,249.7,4.9,2.33,1.41,1.37,0.914,280.63,123.16,0.4409,-27.289,0.557,0.49999999999999994,-0.8660254037844387,138.71,232.29,226.05,212.88,199.01666666666665,52.32021534104411,238.02333333333328,-0.4028584785027991,-0.10999999999999943,-11.35714285714289,30.4,1.21,0.89,2266.0,-0.3464254177121561,755.18,314152.8
2019-06-01,2019,6,Southwest Monsoon,Southwest Monsoon,1,Thiruvananthapuram,Indian Mackerel,Rastrelliger kanagurta,3.2,Intermediate Predator,314152.8,416,4937,755.18,28.94,709.7,7.6,3.51,11.95,7.12,0.257,2103.6,407.78,0.1942,-916.601,1.966,1.2246467991473532e-16,-1.0,212.69,138.71,232.29,853.52,194.56333333333336,49.35317754038971,216.61333333333332,0.5333429072638665,0.34928571428571686,39.9785714285714,30.02,1.41,1.37,1481.0,-0.7191087054752957,440.48,157692.9
2019-07-01,2019,7,Southwest Monsoon,Southwest Monsoon,1,Thiruvananthapuram,Indian Mackerel,Rastrelliger kanagurta,3.2,Intermediate Predator,157692.9,358,4067,440.48,27.38,552.8,7.6,3.78,11.7,6.77,0.221,1949.91,233.38,0.1201,-503.512,1.318,-0.4999999999999997,-0.8660254037844388,755.18,212.69,138.71,709.61,368.85999999999996,336.6015699606879,297.6083333333333,2.5506134491225048,-0.30428571428571516,-55.14999999999998,28.94,11.95,7.12,416.0,-0.13942307357156075,294.68,592603.6
2019-08-01,2019,8,Southwest Monsoon,Southwest Monsoon,0,Thiruvananthapuram,Indian Mackerel,Rastrelliger kanagurta,3.2,Intermediate Predator,592603.6,2011,20327,294.68,26.7,444.6,6.7,2.69,10.05,5.66,1.241,1005.62,148.93,0.1489,-143.277,0.782,-0.8660254037844385,-0.5000000000000004,440.48,755.18,212.69,518.49,469.45,272.4028188180143,334.2333333333333,-0.4167218356322752,-0.6771428571428544,27.585714285714346,27.38,11.7,6.77,358.0,4.617318306778818,413.79,969500.2
2019-09-01,2019,9,Southwest Monsoon,Southwest Monsoon,0,Thiruvananthapuram,Indian Mackerel,Rastrelliger kanagurta,3.2,Intermediate Predator,969500.2,2343,28784,413.79,27.72,214.5,6.0,1.72,9.15,4.88,1.446,1582.49,227.42,0.1443,-399.941,1.283,-1.0,-1.8369701987210297e-16,294.68,440.48,755.18,577.24,496.78,235.35575200109287,345.6716666666666,-0.3310025351661248,-0.3028571428571425,-35.47857142857143,26.7,10.05,5.66,2011.0,0.16509199321187473,266.63,577263.4
2019-10-01,2019,10,Post-Monsoon,Post-Monsoon,0,Thiruvananthapuram,Indian Mackerel,Rastrelliger kanagurta,3.2,Intermediate Predator,577263.4,2165,23531,266.63,28.86,279.9,4.5,1.38,1.3,1.3,1.336,553.23,152.91,0.2777,-83.624,0.804,-0.8660254037844386,0.5000000000000001,413.79,294.68,440.48,307.77,382.9833333333334,77.6285903088113,375.9216666666666,0.40420115365137943,0.06142857142857139,-22.6571428571429,27.72,9.15,4.88,2343.0,-0.07597097705518148,210.78,394156.3
2019-11-01,2019,11,Post-Monsoon,Post-Monsoon,0,Thiruvananthapuram,Indian Mackerel,Rastrelliger kanagurta,3.2,Intermediate Predator,394156.3,1870,22328,210.78,28.63,168.1,4.0,0.89,1.09,1.17,1.154,694.16,124.25,0.1802,-94.874,0.544,-0.5000000000000004,0.8660254037844384,266.63,413.79,294.68,341.15,325.03333333333336,78.13456362796988,397.2416666666666,-0.35563932536698994,-0.3857142857142897,-0.057142857142849834,28.86,1.3,1.3,2165.0,-0.13625865987871288,220.55,475939.0
2019-12-01,2019,12,Winter / Post-Monsoon,Northeast/Dry,0,Thiruvananthapuram,Indian Mackerel,Rastrelliger kanagurta,3.2,Intermediate Predator,475939.0,2158,30768,220.55,28.04,36.2,3.2,1.21,0.73,0.49,1.332,508.57,124.72,0.2467,-65.792,0.593,-2.4492935982947064e-16,1.0,210.78,266.63,413.79,269.21,297.06666666666666,104.87162644554186,396.92333333333335,-0.20946629376040604,-0.45857142857143174,0.8214285714285765,28.63,1.09,1.17,1870.0,0.15401069436357917,279.6,572067.8
2020-01-01,2020,1,Winter / Post-Monsoon,Northeast/Dry,0,Thiruvananthapuram,Indian Mackerel,Rastrelliger kanagurta,3.2,Intermediate Predator,572067.8,2046,19516,279.6,27.64,9.1,3.8,1.27,1.01,0.98,1.263,618.48,148.39,0.2412,-96.893,0.733,0.49999999999999994,0.8660254037844387,220.55,210.78,266.63,220.73,232.6533333333334,29.82739736103843,307.8183333333333,0.04635164406719598,-0.6364285714285707,0.6428571428571423,28.04,0.73,0.49,2158.0,-0.05189990708109403,246.99,498666.6
2020-02-01,2020,2,Winter / Post-Monsoon,Northeast/Dry,0,Thiruvananthapuram,Indian Mackerel,Rastrelliger kanagurta,3.2,Intermediate Predator,498666.6,2019,26329,246.99,28.37,12.4,4.2,0.93,0.97,1.12,1.246,895.27,155.8,0.1749,-167.672,0.74,0.8660254037844386,0.5000000000000001,279.6,220.55,210.78,226.05,236.97666666666672,37.234723489416204,281.005,0.26773972941556434,-0.28142857142857025,1.7428571428571438,27.64,1.01,0.98,2046.0,-0.013196480873917494,293.91,227778.7
2020-03-01,2020,3,Pre-Monsoon / Summer,Pre-Monsoon,0,Thiruvananthapuram,Indian Mackerel,Rastrelliger kanagurta,3.2,Intermediate Predator,227778.7,775,7649,293.91,29.62,23.2,3.3,1.03,0.65,0.53,0.478,320.72,177.26,0.5541,-51.742,0.735,1.0,6.123233995736766e-17,246.99,279.6,220.55,232.29,249.04666666666674,29.578675314038005,273.0566666666667,-0.11663089711620545,0.0842857142857163,-1.5357142857142883,28.37,0.97,1.12,2019.0,-0.6161466041795611,286.98,202030.6
2020-04-01,2020,4,Pre-Monsoon / Summer,Pre-Monsoon,0,Thiruvananthapuram,Indian Mackerel,Rastrelliger kanagurta,3.2,Intermediate Predator,202030.6,704,9074,286.98,30.09,81.4,3.7,1.11,0.99,0.94,0.435,300.52,172.96,0.5769,-45.548,0.709,0.8660254037844387,-0.4999999999999998,293.91,246.99,279.6,138.71,273.50000000000006,24.04743437458444,253.07666666666663,0.1899671974587151,-0.21142857142857352,-8.007142857142853,29.62,0.65,0.53,775.0,-0.0916129020437045,364.65,246138.9
2020-05-01,2020,5,Pre-Monsoon / Summer,Pre-Monsoon,0,Thiruvananthapuram,Indian Mackerel,Rastrelliger kanagurta,3.2,Intermediate Predator,246138.9,675,9539,364.65,29.6,302.9,5.7,2.1,1.67,1.88,0.417,543.52,212.18,0.3915,-110.849,0.943,0.49999999999999994,-0.8660254037844387,286.98,293.91,246.99,212.69,275.96000000000004,25.32690071840503,256.4683333333333,-0.023578645722205947,-0.5299999999999976,41.8428571428571,30.09,0.99,0.94,704.0,-0.04119318123305141,1023.54,390992.2
2020-06-01,2020,6,Southwest Monsoon,Southwest Monsoon,1,Thiruvananthapuram,Indian Mackerel,Rastrelliger kanagurta,3.2,Intermediate Predator,390992.2,382,4494,1023.54,28.27,668.3,8.4,3.53,12.23,7.34,0.236,3820.88,531.5,0.1393,-2369.219,2.729,1.2246467991473532e-16,-1.0,364.65,286.98,293.91,755.18,315.18000000000006,42.9821695590153,282.1133333333333,0.2706460286205996,-0.32071428571428484,-1.4214285714286916,29.6,1.67,1.88,675.0,-0.43407406764334716,666.27,230528.6
2020-07-01,2020,7,Southwest Monsoon,Southwest Monsoon,1,Thiruvananthapuram,Indian Mackerel,Rastrelliger kanagurta,3.2,Intermediate Predator,230528.6,346,3938,666.27,27.18,358.8,8.4,3.39,12.12,6.65,0.214,2853.13,335.47,0.1179,-1130.818,1.874,-0.4999999999999997,-0.8660254037844388,1023.54,364.65,286.98,440.48,558.39,404.6993317266535,415.945,1.8069106867705833,-0.5042857142857144,-249.14999999999992,28.27,12.23,7.34,382.0,-0.0942408352292975,640.11,916642.4
2020-08-01,2020,8,Southwest Monsoon,Southwest Monsoon,0,Thiruvananthapuram,Indian Mackerel,Rastrelliger kanagurta,3.2,Intermediate Predator,916642.4,1432,20691,640.11,27.4,511.6,6.8,3.21,10.49,6.12,0.884,2318.01,319.95,0.1384,-846.683,1.813,-0.8660254037844385,-0.5000000000000004,666.27,1023.54,364.65,294.68,684.82,329.8364517454066,480.3899999999999,-0.3490532822454102,0.022857142857144908,94.58571428571435,27.18,12.12,6.65,346.0,3.1387282329847332,452.78,981622.6
2020-09-01,2020,9,Southwest Monsoon,Southwest Monsoon,0,Thiruvananthapuram,Indian Mackerel,Rastrelliger kanagurta,3.2,Intermediate Predator,981622.6,2168,29565,452.78,27.34,251.7,5.2,2.4,7.92,4.48,1.338,2076.13,228.82,0.1106,-587.346,1.191,-1.0,-1.8369701987210297e-16,640.11,666.27,1023.54,413.79,776.64,214.22136658139382,545.91,-0.03926336111091053,-0.6828571428571415,1.7214285714285609,27.4,10.49,6.12,1432.0,0.513966476857776,348.86,701198.6
2020-10-01,2020,10,Post-Monsoon,Post-Monsoon,0,Thiruvananthapuram,Indian Mackerel,Rastrelliger kanagurta,3.2,Intermediate Predator,701198.6,2010,27559,348.86,28.52,238.6,2.9,1.39,0.95,1.25,1.241,850.32,192.91,0.2278,-185.317,0.945,-0.8660254037844386,0.5000000000000001,452.78,640.11,666.27,266.63,586.3866666666668,116.44373076011144,572.3883333333333,-0.2926528207237378,-0.27857142857142847,-63.957142857142884,27.34,7.92,4.48,2168.0,-0.07287822844613362,369.87,656146.5
2020-11-01,2020,11,Post-Monsoon,Post-Monsoon,0,Thiruvananthapuram,Indian Mackerel,Rastrelliger kanagurta,3.2,Intermediate Predator,656146.5,1774,23256,369.87,29.0,172.0,3.5,1.2,1.07,1.15,1.095,726.0,214.32,0.2962,-166.924,1.03,-0.5000000000000004,0.8660254037844384,348.86,452.78,640.11,210.78,480.5833333333334,147.60220063851813,582.7016666666667,-0.22951543289201298,-0.015714285714288678,3.842857142857156,28.52,0.95,1.25,2010.0,-0.11741293473923914,335.1,862878.5
2020-12-01,2020,12,Winter / Post-Monsoon,Northeast/Dry,0,Thiruvananthapuram,Indian Mackerel,Rastrelliger kanagurta,3.2,Intermediate Predator,862878.5,2575,26864,335.1,28.05,38.9,4.0,1.3,1.56,1.14,1.59,874.93,183.6,0.2107,-186.23,0.916,-2.4492935982947064e-16,1.0,369.87,348.86,452.78,220.55,390.5033333333334,54.946723590523426,583.5716666666666,0.06022473025784753,-0.4485714285714302,3.5214285714285722,29.0,1.07,1.15,1774.0,0.45152198167124025,411.9,677161.1
2021-01-01,2021,1,Winter / Post-Monsoon,Northeast/Dry,0,Thiruvananthapuram,Indian Mackerel,Rastrelliger kanagurta,3.2,Intermediate Predator,677161.1,1644,18365,411.9,28.22,9.3,3.3,0.94,1.14,1.05,1.015,907.4,218.79,0.242,-229.398,1.05,0.49999999999999994,0.8660254037844387,335.1,369.87,348.86,279.6,351.2766666666668,17.510523502551234,468.83166666666665,-0.09400599956725332,-0.05642857142857238,0.8428571428571434,28.05,1.56,1.14,2575.0,-0.36155339665416153,360.27,715133.3
2021-02-01,2021,2,Winter / Post-Monsoon,Northeast/Dry,0,Thiruvananthapuram,Indian Mackerel,Rastrelliger kanagurta,3.2,Intermediate Predator,715133.3,1985,27997,360.27,28.2,11.4,3.7,0.8,1.29,0.91,1.225,924.87,203.11,0.2205,-223.645,0.96,0.8660254037844386,0.5000000000000001,411.9,335.1,369.87,246.99,372.29000000000013,38.45714888028044,426.43666666666667,0.22918531097626632,-0.45142857142857196,0.7428571428571438,28.22,1.14,1.05,1644.0,0.2074209233125248,329.38,703555.8
2021-03-01,2021,3,Pre-Monsoon / Summer,Pre-Monsoon,0,Thiruvananthapuram,Indian Mackerel,Rastrelliger kanagurta,3.2,Intermediate Predator,703555.8,2136,23826,329.38,29.7,24.2,3.6,0.72,1.04,0.77,1.319,667.53,196.26,0.2951,-141.956,0.835,1.0,6.123233995736766e-17,360.27,411.9,335.1,293.91,369.0900000000001,39.15232177023551,379.7966666666666,-0.12534595471362092,0.1642857142857146,-0.5357142857142883,28.2,1.29,0.91,1985.0,0.07607052858402756,221.14,377707.5
2021-04-01,2021,4,Pre-Monsoon / Summer,Pre-Monsoon,0,Thiruvananthapuram,Indian Mackerel,Rastrelliger kanagurta,3.2,Intermediate Predator,377707.5,1708,20356,221.14,30.14,98.4,4.4,1.01,1.7,1.2,1.054,401.74,143.46,0.3587,-51.957,0.638,0.8660254037844387,-0.4999999999999998,329.38,360.27,411.9,286.98,367.1833333333334,41.692124356206556,359.23,-0.0857412472384254,-0.1614285714285728,8.992857142857147,29.7,1.04,0.77,2136.0,-0.20037453089712295,246.17,449021.1
2021-05-01,2021,5,Pre-Monsoon / Summer,Pre-Monsoon,0,Thiruvananthapuram,Indian Mackerel,Rastrelliger kanagurta,3.2,Intermediate Predator,449021.1,1824,20576,246.17,30.03,256.1,5.4,2.13,1.5,1.5,1.126,311.89,169.77,0.5458,-45.461,0.717,0.49999999999999994,-0.8660254037844387,221.14,329.38,360.27,364.65,303.59666666666675,73.06075850505121,337.9433333333333,-0.32861739241552645,-0.09999999999999787,-4.9571428571428555,30.14,1.7,1.2,1708.0,0.06791569046887769,1180.94,493631.5
2021-06-01,2021,6,Southwest Monsoon,Southwest Monsoon,1,Thiruvananthapuram,Indian Mackerel,Rastrelliger kanagurta,3.2,Intermediate Predator,493631.5,418,5398,1180.94,28.95,690.0,8.2,3.43,12.25,7.29,0.258,3177.35,641.46,0.2021,-2247.189,3.08,1.2246467991473532e-16,-1.0,246.17,221.14,329.38,1023.54,265.5633333333334,56.66613127198136,317.32666666666665,0.11318621175788136,0.3592857142857149,20.278571428571354,30.03,1.5,1.5,1824.0,-0.7708333291072734,629.45,305914.1
2021-07-01,2021,7,Southwest Monsoon,Southwest Monsoon,1,Thiruvananthapuram,Indian Mackerel,Rastrelliger kanagurta,3.2,Intermediate Predator,305914.1,486,5172,629.45,27.21,640.8,7.9,3.47,11.55,6.56,0.3,3258.83,323.92,0.0997,-1309.237,1.717,-0.4999999999999997,-0.8660254037844388,1180.94,246.17,221.14,666.27,549.4166666666667,547.0584206767439,458.29999999999995,3.7972537759575187,-0.4742857142857133,32.85000000000002,28.95,12.25,7.29,418.0,0.1626794219454684,859.98,1425841.3
2021-08-01,2021,8,Southwest Monsoon,Southwest Monsoon,0,Thiruvananthapuram,Indian Mackerel,Rastrelliger kanagurta,3.2,Intermediate Predator,1425841.3,1658,22275,859.98,27.73,445.8,6.9,2.75,10.28,5.95,1.023,3086.01,433.21,0.1407,-1581.617,2.329,-0.8660254037844385,-0.5000000000000004,629.45,1180.94,246.17,640.11,685.5200000000001,469.90065109552677,494.5583333333332,-0.46699239193360886,0.35285714285714675,28.785714285714334,27.21,11.55,6.56,486.0,2.41152258412505,698.56,1648604.4
2021-09-01,2021,9,Southwest Monsoon,Southwest Monsoon,0,Thiruvananthapuram,Indian Mackerel,Rastrelliger kanagurta,3.2,Intermediate Predator,1648604.4,2360,23931,698.56,27.99,239.4,4.9,1.93,7.84,4.27,1.457,2061.59,372.25,0.181,-883.578,1.895,-1.0,-1.8369701987210297e-16,859.98,629.45,1180.94,452.78,890.1233333333334,276.9779240902301,577.8433333333332,0.366240362757322,-0.03285714285714292,-10.578571428571422,27.73,10.28,5.95,1658.0,0.42340168622797536,428.36,765053.8
2021-10-01,2021,10,Post-Monsoon,Post-Monsoon,0,Thiruvananthapuram,Indian Mackerel,Rastrelliger kanagurta,3.2,Intermediate Predator,765053.8,1786,22123,428.36,28.18,270.1,4.2,1.82,0.92,1.22,1.102,1044.91,226.68,0.2177,-281.638,1.009,-0.8660254037844386,0.5000000000000001,698.56,859.98,629.45,348.86,729.33,118.30517697886243,639.3733333333333,-0.18770203739968336,-0.6185714285714283,-32.457142857142856,27.99,7.84,4.27,2360.0,-0.24322033795245618,410.38,850726.5
2021-11-01,2021,11,Post-Monsoon,Post-Monsoon,0,Thiruvananthapuram,Indian Mackerel,Rastrelliger kanagurta,3.2,Intermediate Predator,850726.5,2073,26833,410.38,28.87,171.7,3.9,1.18,1.5,1.52,1.28,949.92,240.42,0.2539,-255.747,1.175,-0.5000000000000004,0.8660254037844384,428.36,698.56,859.98,369.87,662.3000000000001,218.08266047533434,673.91,-0.3867956884620406,-0.14571428571428768,3.5428571428571445,28.18,0.92,1.22,1786.0,0.16069428801402974,559.78,1026083.2
2021-12-01,2021,12,Winter / Post-Monsoon,Northeast/Dry,0,Thiruvananthapuram,Indian Mackerel,Rastrelliger kanagurta,3.2,Intermediate Predator,1026083.2,1833,21890,559.78,28.52,31.7,5.0,1.03,1.79,1.22,1.131,802.92,287.91,0.3594,-248.311,1.328,-2.4492935982947064e-16,1.0,410.38,428.36,698.56,335.1,512.4333333333334,161.44092459266102,701.2783333333333,-0.0419740395467822,0.021428571428568688,-3.678571428571427,28.87,1.5,1.52,2073.0,-0.11577423967306202,351.8,686357.8
2022-01-01,2022,1,Winter / Post-Monsoon,Northeast/Dry,0,Thiruvananthapuram,Indian Mackerel,Rastrelliger kanagurta,3.2,Intermediate Predator,686357.8,1951,21184,351.8,27.65,7.3,3.7,0.82,0.96,0.73,1.204,790.62,189.64,0.2408,-173.245,0.913,0.49999999999999994,0.8660254037844387,559.78,410.38,428.36,411.9,466.1733333333334,81.56271288605636,597.7516666666667,0.364052820214123,-0.6264285714285727,-1.1571428571428575,28.52,1.79,1.22,1833.0,0.06437534061988358,456.56,957409.5
2022-02-01,2022,2,Winter / Post-Monsoon,Northeast/Dry,0,Thiruvananthapuram,Indian Mackerel,Rastrelliger kanagurta,3.2,Intermediate Predator,957409.5,2097,23363,456.56,28.31,10.7,3.5,0.88,1.02,0.84,1.294,1071.58,243.94,0.2284,-319.959,1.082,0.8660254037844386,0.5000000000000001,351.8,559.78,410.38,360.27,440.6533333333334,107.24400278492621,551.4766666666666,-0.3715388121844508,-0.3414285714285725,0.042857142857142705,27.65,0.96,0.73,1951.0,0.07483341837604604,467.6,1058647.4
2022-03-01,2022,3,Pre-Monsoon / Summer,Pre-Monsoon,0,Thiruvananthapuram,Indian Mackerel,Rastrelliger kanagurta,3.2,Intermediate Predator,1058647.4,2264,32103,467.6,29.04,29.5,3.1,1.15,1.0,1.04,1.398,844.27,267.12,0.3172,-249.471,1.159,1.0,6.123233995736766e-17,456.56,351.8,559.78,329.38,456.0466666666668,103.9909502472848,484.23999999999995,0.2977828226895161,-0.49571428571428555,4.7642857142857125,28.31,1.02,0.84,2097.0,0.07963757711188565,313.47,600302.2
2022-04-01,2022,4,Pre-Monsoon / Summer,Pre-Monsoon,0,Thiruvananthapuram,Indian Mackerel,Rastrelliger kanagurta,3.2,Intermediate Predator,600302.2,1915,23685,313.47,30.04,75.5,3.7,0.99,0.96,0.82,1.182,449.4,187.12,0.4177,-81.448,0.693,0.8660254037844387,-0.4999999999999998,467.6,456.56,351.8,221.14,425.3200000000001,63.909022837154446,445.7466666666666,0.024180830029331787,-0.26142857142857423,-13.907142857142858,29.04,1.0,1.04,2264.0,-0.15415194278201438,452.86,1095477.6
2022-05-01,2022,5,Pre-Monsoon / Summer,Pre-Monsoon,0,Thiruvananthapuram,Indian Mackerel,Rastrelliger kanagurta,3.2,Intermediate Predator,1095477.6,2419,30602,452.86,29.8,226.9,4.6,1.66,1.08,1.22,1.493,562.04,253.44,0.4519,-142.412,1.084,0.49999999999999994,-0.8660254037844387,313.47,467.6,456.56,246.17,412.54333333333346,85.97740652830406,426.5983333333333,-0.3296193257138724,-0.3299999999999983,-34.15714285714287,30.04,0.96,0.82,1915.0,0.26318537721574214,1188.38,547843.3
2022-06-01,2022,6,Southwest Monsoon,Southwest Monsoon,1,Thiruvananthapuram,Indian Mackerel,Rastrelliger kanagurta,3.2,Intermediate Predator,547843.3,461,6133,1188.38,28.15,932.2,7.9,3.26,11.79,7.53,0.285,4748.66,624.35,0.1317,-3530.447,3.386,1.2246467991473532e-16,-1.0,452.86,313.47,467.6,1180.94,411.3100000000001,85.05184360141719,433.67833333333334,0.44466773711462854,-0.44071428571428584,262.4785714285714,29.8,1.08,1.22,2419.0,-0.8094253790433014,983.89,394540.1
2022-07-01,2022,7,Southwest Monsoon,Southwest Monsoon,1,Thiruvananthapuram,Indian Mackerel,Rastrelliger kanagurta,3.2,Intermediate Predator,394540.1,401,5554,983.89,27.41,517.1,8.5,4.01,12.7,7.04,0.248,3986.73,496.64,0.1248,-2374.284,2.629,-0.4999999999999997,-0.8660254037844388,1188.38,452.86,313.47,629.45,651.5700000000002,470.086295375647,538.445,1.6241663731800917,-0.274285714285714,-90.84999999999991,28.15,11.79,7.53,461.0,-0.13015184099453708,535.48,901744.0
2022-08-01,2022,8,Southwest Monsoon,Southwest Monsoon,0,Thiruvananthapuram,Indian Mackerel,Rastrelliger kanagurta,3.2,Intermediate Predator,901744.0,1684,22617,535.48,26.62,260.1,7.8,2.32,11.68,6.21,1.04,2405.62,258.51,0.1078,-737.223,1.419,-0.8660254037844385,-0.5000000000000004,983.89,1188.38,452.86,859.98,875.0433333333335,379.64867342496194,643.7933333333333,-0.17207458748822282,-0.7571428571428527,-156.91428571428565,27.41,12.7,7.04,401.0,3.199501167094734,916.32,2023242.6
2022-09-01,2022,9,Southwest Monsoon,Southwest Monsoon,0,Thiruvananthapuram,Indian Mackerel,Rastrelliger kanagurta,3.2,Intermediate Predator,2023242.6,2208,28677,916.32,27.68,291.6,6.2,2.06,9.5,5.29,1.363,2952.72,461.13,0.1565,-1608.338,2.395,-1.0,-1.8369701987210297e-16,535.48,983.89,1188.38,698.56,902.5833333333335,333.95760664092296,656.9466666666666,-0.4557521627849438,-0.34285714285714164,41.621428571428595,26.62,11.68,6.21,1684.0,0.3111638936391693,465.84,660564.0
2022-10-01,2022,10,Post-Monsoon,Post-Monsoon,0,Thiruvananthapuram,Indian Mackerel,Rastrelliger kanagurta,3.2,Intermediate Predator,660564.0,1418,15992,465.84,28.54,337.9,3.5,1.24,1.19,1.57,0.875,1103.39,264.07,0.24,-336.104,1.34,-0.8660254037844386,0.5000000000000001,916.32,535.48,983.89,428.36,811.8966666666669,241.7561921302811,731.7333333333332,0.7112123569281327,-0.2585714285714289,35.3428571428571,27.68,9.5,5.29,2208.0,-0.3577898534520387,474.6,966294.4
2022-11-01,2022,11,Post-Monsoon,Post-Monsoon,0,Thiruvananthapuram,Indian Mackerel,Rastrelliger kanagurta,3.2,Intermediate Predator,966294.4,2036,28618,474.6,28.33,162.5,4.0,1.43,1.67,1.77,1.257,1202.62,268.39,0.2238,-376.343,1.29,-0.5000000000000004,0.8660254037844384,465.84,916.32,535.48,410.38,639.2133333333335,242.49435237409838,757.1283333333332,-0.4916186431419304,-0.6857142857142904,-5.657142857142844,28.54,1.19,1.57,1418.0,0.4358251027092729,396.62,710345.5
2022-12-01,2022,12,Winter / Post-Monsoon,Northeast/Dry,0,Thiruvananthapuram,Indian Mackerel,Rastrelliger kanagurta,3.2,Intermediate Predator,710345.5,1791,25425,396.62,28.0,33.7,4.7,1.33,1.36,0.98,1.106,1127.4,217.5,0.1936,-308.597,1.082,-2.4492935982947064e-16,1.0,474.6,465.84,916.32,559.78,618.9200000000002,257.5931955623053,760.7516666666667,0.018804739421158883,-0.4985714285714309,-1.6785714285714235,28.33,1.67,1.77,2036.0,-0.12033398762114937,432.53,987469.2
2023-01-01,2023,1,Winter / Post-Monsoon,Northeast/Dry,0,Thiruvananthapuram,Indian Mackerel,Rastrelliger kanagurta,3.2,Intermediate Predator,987469.2,2283,27975,432.53,28.72,7.3,3.4,1.12,0.95,0.81,1.409,1041.56,253.56,0.2442,-318.796,1.166,0.49999999999999994,0.8660254037844387,396.62,474.6,465.84,351.8,445.6866666666667,42.718119496689084,628.7916666666666,-0.1643067811987615,0.4435714285714276,-1.1571428571428575,28.0,1.36,0.98,1791.0,0.27470686613787343,515.94,937984.6
2023-02-01,2023,2,Winter / Post-Monsoon,Northeast/Dry,0,Thiruvananthapuram,Indian Mackerel,Rastrelliger kanagurta,3.2,Intermediate Predator,937984.6,1818,19129,515.94,29.13,7.9,4.6,0.5,1.39,1.1,1.122,989.78,297.93,0.3017,-335.0,1.369,0.8660254037844386,0.5000000000000001,432.53,396.62,474.6,456.56,434.5833333333334,39.03052950362589,536.8983333333334,0.0905400612540955,0.47857142857142776,-2.7571428571428562,28.72,0.95,0.81,2283.0,-0.20367936835882886,378.87,784270.9
2023-03-01,2023,3,Pre-Monsoon / Summer,Pre-Monsoon,0,Thiruvananthapuram,Indian Mackerel,Rastrelliger kanagurta,3.2,Intermediate Predator,784270.9,2070,19710,378.87,29.72,30.8,3.5,1.22,1.55,1.15,1.278,686.21,229.36,0.3352,-165.628,1.004,1.0,6.123233995736766e-17,515.94,432.53,396.62,467.6,448.3633333333334,61.21549177563968,533.6416666666668,0.19284211053933598,0.18428571428571416,6.064285714285713,29.13,1.39,1.1,1818.0,0.13861386062368614,218.81,436749.5
2023-04-01,2023,4,Pre-Monsoon / Summer,Pre-Monsoon,0,Thiruvananthapuram,Indian Mackerel,Rastrelliger kanagurta,3.2,Intermediate Predator,436749.5,1996,22760,218.81,30.67,70.9,4.3,1.33,0.58,0.55,1.232,214.56,141.35,0.6604,-24.463,0.577,0.8660254037844387,-0.4999999999999998,378.87,515.94,432.53,313.47,442.4466666666667,69.07098836221623,444.06666666666666,-0.265670421644563,0.36857142857142833,-18.507142857142853,29.72,1.55,1.15,2070.0,-0.03574879209783192,271.94,524309.0
2023-05-01,2023,5,Pre-Monsoon / Summer,Pre-Monsoon,0,Thiruvananthapuram,Indian Mackerel,Rastrelliger kanagurta,3.2,Intermediate Predator,524309.0,1928,21581,271.94,30.46,217.2,4.1,2.3,1.71,1.21,1.19,323.82,183.86,0.5691,-52.687,0.751,0.49999999999999994,-0.8660254037844387,218.81,378.87,515.94,452.86,371.20666666666676,148.71316092845797,402.895,-0.4224667980450604,0.33000000000000185,-43.85714285714289,30.67,0.58,0.55,1996.0,-0.034068136101863045,1300.27,630630.5
2023-06-01,2023,6,Southwest Monsoon,Southwest Monsoon,1,Thiruvananthapuram,Indian Mackerel,Rastrelliger kanagurta,3.2,Intermediate Predator,630630.5,485,5626,1300.27,28.81,607.3,7.0,3.43,10.31,6.2,0.299,3583.09,731.9,0.2045,-2966.619,3.443,1.2246467991473532e-16,-1.0,271.94,218.81,378.87,1188.38,289.8733333333334,81.5230288527939,369.11833333333334,0.24281338865621366,0.2192857142857143,-62.42142857142869,30.46,1.71,1.21,1928.0,-0.7484439795205188,1557.73,623092.4
2023-07-01,2023,7,Southwest Monsoon,Southwest Monsoon,1,Thiruvananthapuram,Indian Mackerel,Rastrelliger kanagurta,3.2,Intermediate Predator,623092.4,400,4564,1557.73,28.14,556.0,8.9,3.02,13.72,7.63,0.247,5935.11,798.9,0.1348,-5687.473,4.034,-0.4999999999999997,-0.8660254037844388,1300.27,271.94,218.81,983.89,597.0066666666668,609.6229869627075,519.7266666666667,3.781459006344819,0.4557142857142864,-51.94999999999993,28.81,10.31,6.2,485.0,-0.17525772834520148,1094.42,2489796.0
2023-08-01,2023,8,Southwest Monsoon,Southwest Monsoon,0,Thiruvananthapuram,Indian Mackerel,Rastrelliger kanagurta,3.2,Intermediate Predator,2489796.0,2275,30418,1094.42,27.62,454.9,7.7,3.29,11.31,6.55,1.404,4208.59,548.47,0.1305,-2793.362,2.899,-0.8660254037844385,-0.5000000000000004,1557.73,1300.27,271.94,535.48,1043.3133333333335,680.3190629648218,707.2599999999999,0.19800502820179636,0.24285714285714732,37.8857142857143,28.14,13.72,7.63,400.0,4.687499882812503,960.91,1720989.2
2023-09-01,2023,9,Southwest Monsoon,Southwest Monsoon,0,Thiruvananthapuram,Indian Mackerel,Rastrelliger kanagurta,3.2,Intermediate Predator,1720989.2,1791,21431,960.91,28.66,216.2,5.3,2.04,7.82,4.6,1.106,3083.09,527.49,0.1714,-1941.163,2.719,-1.0,-1.8369701987210297e-16,1094.42,1557.73,1300.27,916.32,1317.4733333333334,232.13359307375816,803.6733333333335,-0.297426381353467,0.6371428571428588,-33.77857142857144,27.62,11.31,6.55,2275.0,-0.21274725181209997,471.81,822364.4
2023-10-01,2023,10,Post-Monsoon,Post-Monsoon,0,Thiruvananthapuram,Indian Mackerel,Rastrelliger kanagurta,3.2,Intermediate Predator,822364.4,1743,17248,471.81,29.22,267.5,4.4,1.04,1.36,1.55,1.076,975.62,285.23,0.2931,-307.943,1.357,-0.8660254037844386,0.5000000000000001,960.91,1094.42,1557.73,465.84,1204.3533333333335,313.229199522224,900.6800000000002,-0.12199155605716684,0.4214285714285708,-35.05714285714288,28.66,7.82,4.6,1791.0,-0.026800669867109606,459.78,890600.5
2023-11-01,2023,11,Post-Monsoon,Post-Monsoon,0,Thiruvananthapuram,Indian Mackerel,Rastrelliger kanagurta,3.2,Intermediate Predator,890600.5,1937,26830,459.78,29.29,139.2,3.7,1.47,1.01,0.91,1.196,834.3,264.21,0.3175,-245.473,1.199,-0.5000000000000004,0.8660254037844384,471.81,960.91,1094.42,474.6,842.3800000000001,327.7923484463907,942.8466666666667,-0.5089966749331709,0.27428571428571047,-28.957142857142856,29.22,1.36,1.55,1743.0,0.11130235162763998,450.28,1113540.5
2023-12-01,2023,12,Winter / Post-Monsoon,Northeast/Dry,0,Thiruvananthapuram,Indian Mackerel,Rastrelliger kanagurta,3.2,Intermediate Predator,1113540.5,2473,35336,450.28,28.79,35.8,4.1,1.28,1.32,1.23,1.527,1195.54,261.98,0.2198,-380.143,1.428,-2.4492935982947064e-16,1.0,459.78,471.81,960.91,396.62,630.8333333333334,285.91805580154147,974.1533333333333,-0.025497551440250347,0.29142857142856826,0.4214285714285708,29.29,1.01,0.91,1937.0,0.2767165705900022,420.98,894155.9
2024-01-01,2024,1,Winter / Post-Monsoon,Northeast/Dry,0,Thiruvananthapuram,Indian Mackerel,Rastrelliger kanagurta,3.2,Intermediate Predator,894155.9,2124,30535,420.98,28.07,8.9,3.0,1.0,0.37,0.51,1.311,900.84,219.0,0.2439,-238.942,1.218,0.49999999999999994,0.8660254037844387,450.28,459.78,471.81,432.53,460.6233333333334,10.789746676057112,832.4883333333333,-0.020662055316410997,-0.20642857142857096,0.44285714285714306,28.79,1.32,1.23,2473.0,-0.14112414014911387,461.45,815839.1
2024-02-01,2024,2,Winter / Post-Monsoon,Northeast/Dry,0,Thiruvananthapuram,Indian Mackerel,Rastrelliger kanagurta,3.2,Intermediate Predator,815839.1,1768,21632,461.45,28.2,10.9,4.1,1.59,1.24,1.06,1.091,1180.54,262.24,0.2228,-379.284,1.258,0.8660254037844386,0.5000000000000001,420.98,450.28,459.78,515.94,443.68000000000006,20.224490104824902,643.03,-0.06507062127852391,-0.45142857142857196,0.24285714285714377,28.07,0.37,0.51,2124.0,-0.1676082854632378,433.56,786913.9
2024-03-01,2024,3,Pre-Monsoon / Summer,Pre-Monsoon,0,Thiruvananthapuram,Indian Mackerel,Rastrelliger kanagurta,3.2,Intermediate Predator,786913.9,1815,18718,433.56,29.67,29.2,3.5,0.63,1.03,0.77,1.12,524.44,245.3,0.4688,-129.781,1.083,1.0,6.123233995736766e-17,461.45,420.98,450.28,378.87,444.23666666666674,20.90087637716404,537.535,0.0961328306301289,0.134285714285717,4.464285714285712,28.2,1.24,1.06,1768.0,0.026583710256879466,335.41,486340.4
2024-04-01,2024,4,Pre-Monsoon / Summer,Pre-Monsoon,0,Thiruvananthapuram,Indian Mackerel,Rastrelliger kanagurta,3.2,Intermediate Predator,486340.4,1450,20345,335.41,30.3,106.9,4.1,1.86,1.27,0.87,0.895,355.55,204.46,0.5762,-67.168,0.884,0.8660254037844387,-0.4999999999999998,433.56,461.45,420.98,218.81,438.6633333333334,20.712031125254157,449.6433333333334,-0.0604399163411005,-0.001428571428572667,17.492857142857147,29.67,1.03,0.77,1815.0,-0.20110192726665604,221.17,448091.4
2024-05-01,2024,5,Pre-Monsoon / Summer,Pre-Monsoon,0,Thiruvananthapuram,Indian Mackerel,Rastrelliger kanagurta,3.2,Intermediate Predator,448091.4,2026,22767,221.17,30.43,238.3,5.3,1.45,1.36,1.18,1.251,311.91,153.75,0.4946,-41.089,0.608,0.49999999999999994,-0.8660254037844387,335.41,433.56,461.45,271.94,410.1400000000001,66.2034190959967,426.91,-0.22638157979560888,0.3000000000000007,-22.757142857142867,30.3,1.27,0.87,1450.0,0.39724137657074915,1068.73,447797.3
2024-06-01,2024,6,Southwest Monsoon,Southwest Monsoon,1,Thiruvananthapuram,Indian Mackerel,Rastrelliger kanagurta,3.2,Intermediate Predator,447797.3,419,4322,1068.73,28.07,555.8,7.7,3.7,11.28,6.5,0.259,4752.16,572.22,0.1206,-3373.108,3.292,1.2246467991473532e-16,-1.0,221.17,335.41,433.56,1300.27,330.04666666666674,106.29652879249431,387.14166666666665,-0.3405980638443082,-0.5207142857142841,-113.92142857142869,30.43,1.36,1.18,2026.0,-0.793188544949711,1230.44,543854.8
2024-07-01,2024,7,Southwest Monsoon,Southwest Monsoon,1,Thiruvananthapuram,Indian Mackerel,Rastrelliger kanagurta,3.2,Intermediate Predator,543854.8,442,4981,1230.44,28.14,586.5,8.3,3.26,12.54,7.02,0.273,5214.11,656.16,0.126,-4178.06,3.559,-0.4999999999999997,-0.8660254037844388,1068.73,221.17,335.41,1557.73,541.7700000000001,459.9215428744343,490.2166666666667,3.83216512944047,0.4557142857142864,-21.449999999999932,28.07,11.28,6.5,419.0,0.05489260012189499,1057.14,2354257.9
2024-08-01,2024,8,Southwest Monsoon,Southwest Monsoon,0,Thiruvananthapuram,Indian Mackerel,Rastrelliger kanagurta,3.2,Intermediate Predator,2354257.9,2227,30304,1057.14,27.59,528.2,7.3,3.14,11.14,6.56,1.375,4587.12,541.8,0.1183,-3081.325,2.862,-0.8660254037844385,-0.5000000000000004,1230.44,1068.73,221.17,1094.42,840.1133333333333,542.0845583793484,625.1266666666667,0.15131043246366782,0.2128571428571462,111.18571428571437,28.14,12.54,7.02,442.0,4.038461447093633,967.13,2093828.5
2024-09-01,2024,9,Southwest Monsoon,Southwest Monsoon,0,Thiruvananthapuram,Indian Mackerel,Rastrelliger kanagurta,3.2,Intermediate Predator,2093828.5,2165,30005,967.13,28.01,235.8,5.2,1.94,8.04,4.47,1.336,2686.9,497.84,0.1856,-1565.723,2.46,-1.0,-1.8369701987210297e-16,1057.14,1230.44,1068.73,960.91,1118.7700000000002,96.88252525610412,724.4083333333334,-0.14084392460547504,-0.012857142857139792,-14.178571428571416,27.59,11.14,6.56,2227.0,-0.027840143566052338,497.89,1104821.2
2024-10-01,2024,10,Post-Monsoon,Post-Monsoon,0,Thiruvananthapuram,Indian Mackerel,Rastrelliger kanagurta,3.2,Intermediate Predator,1104821.2,2219,22926,497.89,28.65,356.4,4.4,1.23,1.23,1.57,1.37,1066.86,277.28,0.2606,-335.872,1.212,-0.8660254037844386,0.5000000000000001,967.13,1057.14,1230.44,471.81,1084.9033333333334,133.8325111224213,813.3366666666667,-0.08514482391031639,-0.14857142857142946,53.8428571428571,28.01,8.04,4.47,2165.0,0.024942263164238965,423.09,853792.7
2024-11-01,2024,11,Post-Monsoon,Post-Monsoon,0,Thiruvananthapuram,Indian Mackerel,Rastrelliger kanagurta,3.2,Intermediate Predator,853792.7,2018,20630,423.09,29.19,160.4,4.1,1.38,1.39,1.31,1.246,806.43,251.42,0.3126,-219.014,1.27,-0.5000000000000004,0.8660254037844384,497.89,967.13,1057.14,459.78,840.7200000000001,300.29111991532466,840.4166666666666,-0.48518812894659324,0.1742857142857126,-7.7571428571428385,28.65,1.23,1.57,2219.0,-0.09058134253906559,537.22,1260846.2
2024-12-01,2024,12,Winter / Post-Monsoon,Northeast/Dry,0,Thiruvananthapuram,Indian Mackerel,Rastrelliger kanagurta,3.2,Intermediate Predator,1260846.2,2347,27718,537.22,28.88,38.5,3.2,0.63,1.38,1.12,1.449,913.18,306.44,0.3363,-310.077,1.273,-2.4492935982947064e-16,1.0,423.09,497.89,967.13,450.28,629.37,294.8900188205766,874.07,-0.15023398440952856,0.3814285714285681,3.1214285714285737,29.19,1.39,1.31,2018.0,0.16303270484126509,447.38,913551.7
2025-01-01,2025,1,Winter / Post-Monsoon,Northeast/Dry,0,Thiruvananthapuram,Indian Mackerel,Rastrelliger kanagurta,3.2,Intermediate Predator,913551.7,2042,22718,447.38,28.27,8.2,3.3,1.34,1.16,0.74,1.26,981.2,240.98,0.2464,-283.922,1.116,0.49999999999999994,0.8660254037844387,537.22,423.09,497.89,420.98,486.0666666666668,57.976354087968,785.485,0.2697534739711771,-0.006428571428571672,-0.257142857142858,28.88,1.38,1.12,2347.0,-0.1299531311037361,355.32,783119.8
2025-02-01,2025,2,Winter / Post-Monsoon,Northeast/Dry,0,Thiruvananthapuram,Indian Mackerel,Rastrelliger kanagurta,3.2,Intermediate Predator,783119.8,2204,31166,355.32,29.05,11.8,3.5,1.3,1.05,0.93,1.36,875.56,211.52,0.2424,-214.57,0.972,0.8660254037844386,0.5000000000000001,447.38,537.22,423.09,461.45,469.23,60.12055472132739,654.975,-0.16723129877459336,0.39857142857142946,1.1428571428571441,28.27,1.16,0.74,2042.0,0.0793339858994418,338.29,713118.5
2025-03-01,2025,3,Pre-Monsoon / Summer,Pre-Monsoon,0,Thiruvananthapuram,Indian Mackerel,Rastrelliger kanagurta,3.2,Intermediate Predator,713118.5,2108,20643,338.29,29.46,20.8,4.2,0.97,1.05,0.73,1.301,548.0,209.14,0.3828,-117.4,0.942,1.0,6.123233995736766e-17,355.32,447.38,537.22,433.56,446.6400000000001,90.95225780595078,538.005,-0.20577584590782233,-0.07571428571428385,-3.935714285714287,29.05,1.05,0.93,2204.0,-0.043557168586401226,354.06,612873.1
2025-04-01,2025,4,Pre-Monsoon / Summer,Pre-Monsoon,0,Thiruvananthapuram,Indian Mackerel,Rastrelliger kanagurta,3.2,Intermediate Predator,612873.1,1731,22539,354.06,29.88,87.4,3.2,1.37,0.0,0.54,1.069,435.33,201.87,0.4649,-86.189,0.877,0.8660254037844387,-0.4999999999999998,338.29,355.32,447.38,335.41,380.3300000000001,58.68800644084081,433.19833333333327,-0.04792862636697543,-0.4214285714285744,-2.0071428571428527,29.46,1.05,0.73,2108.0,-0.17884250389543402,358.04,572146.5
2025-05-01,2025,5,Pre-Monsoon / Summer,Pre-Monsoon,0,Thiruvananthapuram,Indian Mackerel,Rastrelliger kanagurta,3.2,Intermediate Predator,572146.5,1598,18853,358.04,29.7,258.8,5.7,2.3,1.8,1.59,0.986,679.8,219.05,0.3232,-152.676,0.95,0.49999999999999994,-0.8660254037844387,354.06,338.29,355.32,221.17,349.2233333333334,9.489480140319863,409.2266666666667,0.046616806686073826,-0.4299999999999997,-2.257142857142867,29.88,0.0,0.54,1731.0,-0.0768341994405881,1440.08,619233.0
2025-06-01,2025,6,Southwest Monsoon,Southwest Monsoon,1,Thiruvananthapuram,Indian Mackerel,Rastrelliger kanagurta,3.2,Intermediate Predator,619233.0,430,5121,1440.08,28.49,572.2,8.5,3.26,12.44,7.31,0.265,4555.86,762.3,0.1675,-4000.081,3.642,1.2246467991473532e-16,-1.0,358.04,354.06,338.29,1068.73,350.1300000000001,10.44506103381839,398.385,0.01124103227585634,-0.10071428571428598,-97.5214285714286,29.7,1.8,1.59,1598.0,-0.730913637478638,919.37,432103.4
2025-07-01,2025,7,Southwest Monsoon,Southwest Monsoon,1,Thiruvananthapuram,Indian Mackerel,Rastrelliger kanagurta,3.2,Intermediate Predator,432103.4,470,6127,919.37,27.83,707.7,7.6,3.22,11.18,6.95,0.29,4574.48,508.1,0.1113,-2884.233,2.816,-0.4999999999999997,-0.8660254037844388,1440.08,358.04,354.06,1230.44,717.3933333333334,625.8681760030089,548.8616666666667,3.022120349063782,0.14571428571428413,99.75000000000011,28.49,12.44,7.31,430.0,0.09302325365062201,697.9,1245752.9
2025-08-01,2025,8,Southwest Monsoon,Southwest Monsoon,0,Thiruvananthapuram,Indian Mackerel,Rastrelliger kanagurta,3.2,Intermediate Predator,1245752.9,1785,25852,697.9,27.35,339.2,6.5,2.71,10.01,5.62,1.102,2688.3,357.01,0.1331,-1139.733,1.844,-0.8660254037844385,-0.5000000000000004,919.37,1440.08,358.04,1057.14,905.83,541.1470586633543,627.5266666666666,-0.36158407615143545,-0.02714285714285225,-77.81428571428569,27.83,11.18,6.95,470.0,2.7978722808963346,938.55,1847996.3
2025-09-01,2025,9,Southwest Monsoon,Southwest Monsoon,0,Thiruvananthapuram,Indian Mackerel,Rastrelliger kanagurta,3.2,Intermediate Predator,1847996.3,1969,26047,938.55,28.46,276.5,5.3,2.21,8.2,4.81,1.215,2974.16,494.53,0.1666,-1746.829,2.323,-1.0,-1.8369701987210297e-16,697.9,919.37,1440.08,967.13,1019.1166666666668,381.01159593027234,684.6233333333333,-0.2408932177372199,0.4371428571428595,26.521428571428572,27.35,10.01,5.62,1785.0,0.1030812319155113,328.11,677881.9
2025-10-01,2025,10,Post-Monsoon,Post-Monsoon,0,Thiruvananthapuram,Indian Mackerel,Rastrelliger kanagurta,3.2,Intermediate Predator,677881.9,2066,20175,328.11,28.44,287.7,3.2,0.99,0.82,1.27,1.275,1150.14,184.94,0.1615,-271.373,0.882,-0.8660254037844386,0.5000000000000001,938.55,697.9,919.37,497.89,851.9400000000002,133.74681042925837,784.6666666666666,0.3448201698693198,-0.35857142857142676,-14.85714285714289,28.46,8.2,4.81,1969.0,0.04926358532623878,458.33,656792.3
2025-11-01,2025,11,Post-Monsoon,Post-Monsoon,0,Thiruvananthapuram,Indian Mackerel,Rastrelliger kanagurta,3.2,Intermediate Predator,656792.3,1433,14756,458.33,28.76,178.7,3.9,1.21,0.9,1.11,0.885,1048.2,245.46,0.2349,-305.13,1.177,-0.5000000000000004,0.8660254037844384,328.11,938.55,697.9,423.09,654.8533333333335,307.4882274711236,780.3416666666666,-0.6504075366213037,-0.2557142857142871,10.542857142857144,28.44,0.82,1.27,2066.0,-0.3063891563098298,459.22,761837.7
2012-04-01,2012,4,Pre-Monsoon / Summer,Pre-Monsoon,0,Thrissur,Indian Mackerel,Rastrelliger kanagurta,3.2,Intermediate Predator,154297.7,1420,19096,108.66,30.52,77.2,5.0,1.47,1.52,0.98,1.315,117.92,69.88,0.596,-3.654,0.458,0.8660254037844387,-0.4999999999999998,208.6,193.62,172.18,191.46666666666667,191.46666666666667,18.30523786606809,191.46666666666667,0.07736803649581461,0.2185714285714262,-12.207142857142856,29.29,1.05,0.79,1326.0,0.07088989388469161,111.08,157294.3
2012-05-01,2012,5,Pre-Monsoon / Summer,Pre-Monsoon,0,Thrissur,Indian Mackerel,Rastrelliger kanagurta,3.2,Intermediate Predator,157294.3,1416,18436,111.08,30.32,246.6,6.3,1.7,1.64,1.33,1.311,220.4,78.8,0.3604,-10.554,0.514,0.49999999999999994,-0.8660254037844387,108.66,208.6,193.62,170.29333333333332,170.29333333333332,53.89898824034951,170.765,-0.479098730628057,0.19000000000000128,-14.457142857142884,30.52,1.52,0.98,1420.0,-0.0028169013886133703,525.07,145443.1
2012-06-01,2012,6,Southwest Monsoon,Southwest Monsoon,1,Thrissur,Indian Mackerel,Rastrelliger kanagurta,3.2,Intermediate Predator,145443.1,277,3402,525.07,28.42,588.9,6.7,3.61,9.75,5.97,0.256,1750.5,271.0,0.1553,-514.965,2.001,1.2246467991473532e-16,-1.0,111.08,108.66,208.6,142.78,142.78,57.01463320937883,158.828,0.02227130293840394,-0.1707142857142827,-80.82142857142867,30.32,1.64,1.33,1416.0,-0.8043785253928071,540.8,193606.4
2012-07-01,2012,7,Southwest Monsoon,Southwest Monsoon,1,Thrissur,Indian Mackerel,Rastrelliger kanagurta,3.2,Intermediate Predator,193606.4,358,3433,540.8,27.6,763.4,8.4,3.55,12.85,7.49,0.331,2471.42,270.64,0.1099,-763.642,2.119,-0.4999999999999997,-0.8660254037844388,525.07,111.08,108.66,248.27,248.27,239.7188855722469,219.86833333333334,3.726953211473424,-0.08428571428571274,155.45000000000005,28.42,9.75,5.97,277.0,0.29241876200654293,210.81,277215.4
2012-08-01,2012,8,Southwest Monsoon,Southwest Monsoon,0,Thrissur,Indian Mackerel,Rastrelliger kanagurta,3.2,Intermediate Predator,277215.4,1315,17751,210.81,26.74,289.1,6.5,2.51,9.81,5.42,1.218,953.05,107.04,0.1132,-94.815,0.973,-0.8660254037844385,-0.5000000000000004,540.8,525.07,111.08,392.31666666666666,392.31666666666666,243.68505336465205,281.305,0.029957909803303952,-0.6371428571428552,-127.91428571428565,27.6,12.85,7.49,358.0,2.6731842828719476,361.01,448375.3
2012-09-01,2012,9,Southwest Monsoon,Southwest Monsoon,0,Thrissur,Indian Mackerel,Rastrelliger kanagurta,3.2,Intermediate Predator,448375.3,1242,14779,361.01,27.84,330.7,5.8,1.86,8.89,5.16,1.15,1671.29,191.22,0.1149,-364.384,1.662,-1.0,-1.8369701987210297e-16,210.81,540.8,525.07,425.56,425.56,186.14518554074928,284.17,-0.6101885981843824,-0.1828571428571415,80.72142857142856,26.74,9.81,5.42,1315.0,-0.05551330756263644,217.25,288286.9
2012-10-01,2012,10,Post-Monsoon,Post-Monsoon,0,Thrissur,Indian Mackerel,Rastrelliger kanagurta,3.2,Intermediate Predator,288286.9,1327,14874,217.25,28.49,328.5,3.6,1.19,1.08,1.61,1.229,565.59,121.55,0.2163,-66.49,0.853,-0.8660254037844386,0.5000000000000001,361.01,210.81,540.8,370.8733333333333,370.8733333333333,165.21596179949833,309.57166666666666,0.7124898860352977,-0.3085714285714296,25.94285714285712,27.84,8.89,5.16,1242.0,0.0684380026695813,239.57,341150.6
2012-11-01,2012,11,Post-Monsoon,Post-Monsoon,0,Thrissur,Indian Mackerel,Rastrelliger kanagurta,3.2,Intermediate Predator,341150.6,1424,18612,239.57,29.06,191.9,3.8,1.38,1.11,1.43,1.319,432.35,138.72,0.3224,-54.181,0.946,-0.5000000000000004,0.8660254037844384,217.25,361.01,210.81,263.0233333333333,263.0233333333333,84.92001256084039,327.67,-0.3982161048664551,0.04428571428571004,23.74285714285716,28.49,1.08,1.61,1327.0,0.07309721120499464,240.52,333598.2
2012-12-01,2012,12,Winter / Post-Monsoon,Northeast/Dry,0,Thrissur,Indian Mackerel,Rastrelliger kanagurta,3.2,Intermediate Predator,333598.2,1387,19195,240.52,28.23,36.7,3.8,0.69,1.12,0.96,1.284,402.0,126.62,0.3167,-46.105,0.969,-2.4492935982947064e-16,1.0,239.57,217.25,361.01,272.61,272.61,77.3657908897722,349.085,0.10273877547807704,-0.26857142857143046,1.3214285714285765,29.06,1.11,1.43,1424.0,-0.025983145884949817,189.45,252909.6
2013-01-01,2013,1,Winter / Post-Monsoon,Northeast/Dry,0,Thrissur,Indian Mackerel,Rastrelliger kanagurta,3.2,Intermediate Predator,252909.6,1335,17415,189.45,28.6,7.0,3.3,0.56,0.8,0.64,1.236,352.98,106.59,0.3039,-32.811,0.679,0.49999999999999994,0.8660254037844387,240.52,239.57,217.25,172.18,232.4466666666667,13.169268519295006,301.66,0.003965437911030755,0.3235714285714302,-1.4571428571428573,28.23,1.12,0.96,1387.0,-0.03749098747302821,240.91,343531.6
2013-02-01,2013,2,Winter / Post-Monsoon,Northeast/Dry,0,Thrissur,Indian Mackerel,Rastrelliger kanagurta,3.2,Intermediate Predator,343531.6,1426,15725,240.91,28.47,9.1,3.9,0.72,0.96,0.79,1.32,320.19,127.82,0.4011,-35.061,0.8,0.8660254037844386,0.5000000000000001,189.45,240.52,239.57,193.62,223.17999999999998,29.21489859643469,243.10166666666666,-0.21233160600650242,-0.18142857142857238,-1.557142857142857,28.6,0.8,0.64,1335.0,0.06816479349689293,172.16,246363.7
2013-03-01,2013,3,Pre-Monsoon / Summer,Pre-Monsoon,0,Thrissur,Indian Mackerel,Rastrelliger kanagurta,3.2,Intermediate Predator,246363.7,1431,18149,172.16,29.4,25.6,3.6,1.1,1.21,1.11,1.325,326.93,107.63,0.3313,-28.593,0.758,1.0,6.123233995736766e-17,240.91,189.45,240.52,208.6,223.62666666666667,29.598503903631606,248.11833333333334,0.2716283836564591,-0.13571428571428612,0.8642857142857139,28.47,0.96,0.79,1426.0,0.0035063113358603693,137.18,210715.3
2013-04-01,2013,4,Pre-Monsoon / Summer,Pre-Monsoon,0,Thrissur,Indian Mackerel,Rastrelliger kanagurta,3.2,Intermediate Predator,210715.3,1536,16036,137.18,30.12,87.7,3.8,0.96,1.41,1.05,1.422,225.49,85.31,0.3811,-12.67,0.546,0.8660254037844387,-0.4999999999999998,172.16,240.91,189.45,108.66,200.84,35.76226642705915,216.64333333333335,-0.28537626975317465,-0.18142857142857238,-1.7071428571428555,29.4,1.21,1.11,1431.0,0.0733752615417522,184.51,176390.9
2013-05-01,2013,5,Pre-Monsoon / Summer,Pre-Monsoon,0,Thrissur,Indian Mackerel,Rastrelliger kanagurta,3.2,Intermediate Predator,176390.9,956,10742,184.51,29.84,306.7,5.8,2.05,1.67,1.57,0.885,316.74,109.57,0.348,-27.1,0.696,0.49999999999999994,-0.8660254037844387,137.18,172.16,240.91,111.08,183.41666666666666,52.773218902520014,203.29833333333332,-0.20318307369986788,-0.28999999999999915,45.64285714285711,30.12,1.41,1.05,1536.0,-0.3776041642083062,585.62,162803.7
2013-06-01,2013,6,Southwest Monsoon,Southwest Monsoon,1,Thrissur,Indian Mackerel,Rastrelliger kanagurta,3.2,Intermediate Predator,162803.7,278,3878,585.62,28.52,614.9,8.1,3.48,12.14,7.09,0.257,2009.03,319.96,0.1597,-692.365,2.391,1.2246467991473532e-16,-1.0,184.51,137.18,172.16,525.07,164.61666666666667,24.550124914820643,194.12166666666667,0.3450211149569094,-0.07071428571428484,-54.82142857142867,29.84,1.67,1.57,956.0,-0.7092050135020396,549.71,151719.8
2013-07-01,2013,7,Southwest Monsoon,Southwest Monsoon,1,Thrissur,Indian Mackerel,Rastrelliger kanagurta,3.2,Intermediate Predator,151719.8,276,3336,549.71,27.7,587.9,8.5,4.07,12.71,7.2,0.256,1792.96,284.57,0.1592,-538.762,1.96,-0.4999999999999997,-0.8660254037844388,585.62,184.51,137.18,540.8,302.43666666666667,246.38310094917892,251.63833333333332,2.1739199949097614,0.015714285714285126,-20.049999999999955,28.52,12.14,7.09,278.0,-0.00719424434553078,392.41,567423.5
2013-08-01,2013,8,Southwest Monsoon,Southwest Monsoon,0,Thrissur,Indian Mackerel,Rastrelliger kanagurta,3.2,Intermediate Predator,567423.5,1446,16845,392.41,27.67,394.9,6.8,2.46,9.64,5.61,1.339,1566.6,205.98,0.132,-351.25,1.653,-0.8660254037844385,-0.5000000000000004,549.71,585.62,184.51,210.81,439.9466666666667,221.9421096442342,311.6816666666667,-0.06131962601482823,0.29285714285714803,-22.1142857142857,27.7,12.71,7.2,276.0,4.239130281190932,383.23,570239.8
2013-09-01,2013,9,Southwest Monsoon,Southwest Monsoon,0,Thrissur,Indian Mackerel,Rastrelliger kanagurta,3.2,Intermediate Predator,570239.8,1488,18516,383.23,28.29,274.4,5.3,2.11,7.48,4.2,1.378,1079.18,204.35,0.1901,-227.229,1.453,-1.0,-1.8369701987210297e-16,392.41,549.71,585.62,361.01,509.24666666666667,102.76423032034667,336.9316666666667,-0.2861508743491864,0.2671428571428578,24.42142857142855,27.67,9.64,5.61,1446.0,0.02904564295265807,202.58,266390.7
2013-10-01,2013,10,Post-Monsoon,Post-Monsoon,0,Thrissur,Indian Mackerel,Rastrelliger kanagurta,3.2,Intermediate Predator,266390.7,1315,13372,202.58,28.79,218.6,3.3,1.35,0.83,1.22,1.218,416.57,114.8,0.2773,-42.414,0.741,-0.8660254037844386,0.5000000000000001,383.23,392.41,549.71,217.25,441.78333333333336,93.57987034257562,372.11000000000007,-0.023393898641882266,-0.008571428571428896,-83.95714285714288,28.29,7.48,4.2,1488.0,-0.11626344007887474,196.42,262220.5
2013-11-01,2013,11,Post-Monsoon,Post-Monsoon,0,Thrissur,Indian Mackerel,Rastrelliger kanagurta,3.2,Intermediate Predator,262220.5,1335,15006,196.42,28.98,167.2,4.0,0.92,1.51,1.41,1.236,550.37,110.91,0.203,-59.28,0.743,-0.5000000000000004,0.8660254037844384,202.58,383.23,392.41,239.57,326.0733333333333,107.04681514801489,383.01000000000005,-0.47138792705717386,-0.03571428571428825,-0.9571428571428555,28.79,0.83,1.22,1315.0,0.015209125359626423,168.72,237553.4
2013-12-01,2013,12,Winter / Post-Monsoon,Northeast/Dry,0,Thrissur,Indian Mackerel,Rastrelliger kanagurta,3.2,Intermediate Predator,237553.4,1408,15890,168.72,28.38,33.9,3.3,1.21,1.1,0.97,1.304,457.91,95.54,0.2104,-40.659,0.628,-2.4492935982947064e-16,1.0,196.42,202.58,383.23,240.52,260.74333333333334,106.12127040953327,384.99500000000006,-0.030407738651015096,-0.11857142857143188,-1.4785714285714278,28.98,1.51,1.41,1335.0,0.05468164753047455,141.17,186200.2
2014-01-01,2014,1,Winter / Post-Monsoon,Northeast/Dry,0,Thrissur,Indian Mackerel,Rastrelliger kanagurta,3.2,Intermediate Predator,186200.2,1319,15040,141.17,27.93,6.7,4.1,0.81,1.43,1.1,1.221,457.65,82.94,0.183,-34.231,0.597,0.49999999999999994,0.8660254037844387,168.72,196.42,202.58,189.45,189.24,18.035775558593482,315.5116666666667,-0.14102432842763826,-0.34642857142857153,-1.7571428571428571,28.38,1.1,0.97,1408.0,-0.063210226823791,157.16,224428.1
2014-02-01,2014,2,Winter / Post-Monsoon,Northeast/Dry,0,Thrissur,Indian Mackerel,Rastrelliger kanagurta,3.2,Intermediate Predator,224428.1,1428,18421,157.16,28.56,14.5,4.2,0.7,1.42,1.22,1.322,407.2,94.39,0.2337,-32.81,0.602,0.8660254037844386,0.5000000000000001,141.17,168.72,196.42,240.91,168.76999999999998,27.62503393663006,247.4216666666667,-0.16328827861022538,-0.09142857142857252,3.8428571428571434,27.93,1.43,1.1,1319.0,0.08263836176923153,182.08,245079.5
2014-03-01,2014,3,Pre-Monsoon / Summer,Pre-Monsoon,0,Thrissur,Indian Mackerel,Rastrelliger kanagurta,3.2,Intermediate Predator,245079.5,1346,14091,182.08,29.3,19.8,3.7,1.28,1.04,1.05,1.246,430.54,104.46,0.2444,-40.611,0.716,1.0,6.123233995736766e-17,157.16,141.17,168.72,172.16,155.6833333333333,13.834234107217464,208.21333333333334,0.11326768341236224,-0.235714285714284,-4.935714285714287,28.56,1.42,1.22,1428.0,-0.05742296878555344,115.18,168733.7
2014-04-01,2014,4,Pre-Monsoon / Summer,Pre-Monsoon,0,Thrissur,Indian Mackerel,Rastrelliger kanagurta,3.2,Intermediate Predator,168733.7,1465,13978,115.18,30.0,79.0,3.3,1.27,1.04,0.61,1.356,170.3,72.05,0.4264,-6.768,0.459,0.8660254037844387,-0.4999999999999998,182.08,157.16,141.17,137.18,160.13666666666666,20.616799783994093,174.68833333333336,0.1585645101447882,-0.3014285714285734,-10.407142857142858,29.3,1.04,1.05,1346.0,0.08841010335505124,148.01,203958.7
2014-05-01,2014,5,Pre-Monsoon / Summer,Pre-Monsoon,0,Thrissur,Indian Mackerel,Rastrelliger kanagurta,3.2,Intermediate Predator,203958.7,1378,16972,148.01,30.14,259.9,4.6,1.68,1.56,1.33,1.276,231.7,88.79,0.3859,-13.637,0.522,0.49999999999999994,-0.8660254037844387,115.18,182.08,157.16,184.51,151.47333333333333,33.810592028731165,160.12166666666667,-0.36742089370491576,0.010000000000001563,-1.157142857142901,30.0,1.04,0.61,1465.0,-0.05938566512364734,459.49,117629.1
2014-06-01,2014,6,Southwest Monsoon,Southwest Monsoon,1,Thrissur,Indian Mackerel,Rastrelliger kanagurta,3.2,Intermediate Predator,117629.1,256,2630,459.49,28.69,480.4,8.4,3.2,12.56,7.11,0.237,1633.74,266.1,0.1634,-452.054,2.137,1.2246467991473532e-16,-1.0,148.01,115.18,182.08,585.62,148.42333333333332,33.45191524163153,152.0533333333333,0.28503209888590897,0.09928571428571686,-189.32142857142867,30.14,1.56,1.33,1378.0,-0.8142235064279861,444.79,113866.4
2014-07-01,2014,7,Southwest Monsoon,Southwest Monsoon,1,Thrissur,Indian Mackerel,Rastrelliger kanagurta,3.2,Intermediate Predator,113866.4,256,2470,444.79,27.65,509.6,7.9,3.39,11.67,6.62,0.237,1522.09,224.0,0.1477,-355.154,1.486,-0.4999999999999997,-0.8660254037844388,459.49,148.01,115.18,549.71,240.89333333333335,190.0206021286463,200.51500000000001,2.1044522596816257,-0.034285714285715585,-98.34999999999991,28.69,12.56,7.11,256.0,0.0,296.12,380222.4
2014-08-01,2014,8,Southwest Monsoon,Southwest Monsoon,0,Thrissur,Indian Mackerel,Rastrelliger kanagurta,3.2,Intermediate Predator,380222.4,1284,12946,296.12,27.15,482.4,7.6,2.53,11.02,6.31,1.189,1262.06,152.49,0.1215,-193.505,1.266,-0.8660254037844385,-0.5000000000000004,444.79,459.49,148.01,392.41,350.7633333333333,175.7433018164086,251.11833333333334,-0.031991990424340214,-0.2271428571428551,65.3857142857143,27.65,11.67,6.62,256.0,4.015624843139655,374.3,408730.4
2014-09-01,2014,9,Southwest Monsoon,Southwest Monsoon,0,Thrissur,Indian Mackerel,Rastrelliger kanagurta,3.2,Intermediate Predator,408730.4,1092,13117,374.3,27.89,281.5,6.0,1.88,8.88,5.07,1.011,1285.01,198.95,0.1555,-268.133,1.344,-1.0,-1.8369701987210297e-16,296.12,444.79,459.49,383.23,400.1333333333334,90.37755602655604,274.27833333333336,-0.33424761495879823,-0.1328571428571408,31.521428571428572,27.15,11.02,6.31,1284.0,-0.14953270911578886,177.72,171319.2
2014-10-01,2014,10,Post-Monsoon,Post-Monsoon,0,Thrissur,Indian Mackerel,Rastrelliger kanagurta,3.2,Intermediate Predator,171319.2,964,9935,177.72,28.72,355.1,3.9,1.19,1.1,1.49,0.893,476.75,95.68,0.2024,-40.761,0.683,-0.8660254037844386,0.5000000000000001,374.3,296.12,444.79,202.58,371.7366666666667,74.3681399077137,306.315,0.26401457976446785,-0.07857142857142918,52.542857142857144,27.89,8.88,5.07,1092.0,-0.11721611614270956,221.0,285978.6
2014-11-01,2014,11,Post-Monsoon,Post-Monsoon,0,Thrissur,Indian Mackerel,Rastrelliger kanagurta,3.2,Intermediate Predator,285978.6,1294,13220,221.0,28.96,190.7,3.2,1.03,0.73,1.19,1.198,347.98,120.84,0.3491,-35.488,0.765,-0.5000000000000004,0.8660254037844384,177.72,374.3,296.12,196.42,282.7133333333333,98.97337082939674,316.73833333333334,-0.5251936808657847,-0.055714285714287826,22.542857142857144,28.72,1.1,1.49,964.0,0.342323647901207,185.65,305214.2
2014-12-01,2014,12,Winter / Post-Monsoon,Northeast/Dry,0,Thrissur,Indian Mackerel,Rastrelliger kanagurta,3.2,Intermediate Predator,305214.2,1644,17179,185.65,28.65,30.7,3.1,1.4,1.27,0.95,1.522,461.92,102.05,0.2226,-44.3,0.755,-2.4492935982947064e-16,1.0,221.0,177.72,374.3,168.72,257.67333333333335,103.29387268049004,328.90333333333336,0.24352913326979894,0.1514285714285677,-4.678571428571427,28.96,0.73,1.19,1294.0,0.27047913237651366,149.03,247389.7
2015-01-01,2015,1,Winter / Post-Monsoon,Northeast/Dry,0,Thrissur,Indian Mackerel,Rastrelliger kanagurta,3.2,Intermediate Predator,247389.7,1660,17600,149.03,29.02,8.2,3.0,0.9,0.88,0.8,1.537,239.33,76.11,0.3209,-11.901,0.534,0.49999999999999994,0.8660254037844387,185.65,221.0,177.72,141.17,194.79,23.042228624852086,283.2633333333333,-0.15995474389345046,0.7435714285714283,-0.257142857142858,28.65,1.27,0.95,1644.0,0.00973236003812433,73.32,90989.8
2015-02-01,2015,2,Winter / Post-Monsoon,Northeast/Dry,0,Thrissur,Indian Mackerel,Rastrelliger kanagurta,3.2,Intermediate Predator,90989.8,1241,14009,73.32,29.64,7.2,3.4,1.03,1.17,0.81,1.149,221.77,51.31,0.2348,-5.131,0.324,0.8660254037844386,0.5000000000000001,149.03,185.65,221.0,157.16,185.22666666666666,35.986867512097895,233.97,-0.1972528846079782,0.9885714285714293,-3.4571428571428564,29.02,0.88,0.8,1660.0,-0.2524096370336769,49.38,79198.0
2015-03-01,2015,3,Pre-Monsoon / Summer,Pre-Monsoon,0,Thrissur,Indian Mackerel,Rastrelliger kanagurta,3.2,Intermediate Predator,79198.0,1604,21214,49.38,29.9,21.0,4.6,1.43,1.96,1.08,1.485,80.61,36.87,0.464,0.461,0.211,1.0,6.123233995736766e-17,73.32,149.03,185.65,182.08,136.0,57.287371208670045,196.83666666666667,-0.508018485672785,0.3642857142857139,-3.7357142857142875,29.64,1.17,0.81,1241.0,0.2925060411562769,62.91,99456.8
2015-04-01,2015,4,Pre-Monsoon / Summer,Pre-Monsoon,0,Thrissur,Indian Mackerel,Rastrelliger kanagurta,3.2,Intermediate Predator,99456.8,1581,18356,62.91,30.71,82.4,4.8,1.21,1.75,1.02,1.464,79.21,35.71,0.4577,0.547,0.231,0.8660254037844387,-0.4999999999999998,49.38,73.32,149.03,115.18,90.57666666666667,52.01802604226052,142.68333333333334,-0.3265138670875794,0.4085714285714275,-7.007142857142853,29.9,1.96,1.08,1604.0,-0.01433915203030454,44.83,52450.7
2015-05-01,2015,5,Pre-Monsoon / Summer,Pre-Monsoon,0,Thrissur,Indian Mackerel,Rastrelliger kanagurta,3.2,Intermediate Predator,52450.7,1170,14315,44.83,30.46,286.9,5.5,1.76,1.95,1.51,1.083,90.57,33.33,0.3749,0.828,0.186,0.49999999999999994,-0.8660254037844387,62.91,49.38,73.32,148.01,61.87,12.003836886594359,123.54833333333333,0.273997514378794,0.33000000000000185,25.8428571428571,30.71,1.75,1.02,1581.0,-0.25996204769157466,310.59,95972.2
2015-06-01,2015,6,Southwest Monsoon,Southwest Monsoon,1,Thrissur,Indian Mackerel,Rastrelliger kanagurta,3.2,Intermediate Predator,95972.2,309,3014,310.59,28.75,597.7,7.7,3.13,11.54,6.84,0.286,922.04,164.5,0.1793,-137.973,1.271,1.2246467991473532e-16,-1.0,44.83,62.91,49.38,459.49,52.373333333333335,9.404341196133704,94.18666666666667,-0.2873946451447075,0.15928571428571558,-72.0214285714286,30.46,1.95,1.51,1170.0,-0.7358974296077143,285.26,55625.5
2015-07-01,2015,7,Southwest Monsoon,Southwest Monsoon,1,Thrissur,Indian Mackerel,Rastrelliger kanagurta,3.2,Intermediate Predator,55625.5,195,2750,285.26,28.75,662.2,7.9,3.45,11.82,7.02,0.181,947.22,162.82,0.1728,-140.444,1.147,-0.4999999999999997,-0.8660254037844388,310.59,44.83,62.91,444.79,139.44333333333333,148.4927868057344,115.00999999999999,5.928171776004511,1.0657142857142858,54.250000000000114,28.75,11.54,6.84,309.0,-0.36893202689540366,244.88,338418.2
2015-08-01,2015,8,Southwest Monsoon,Southwest Monsoon,0,Thrissur,Indian Mackerel,Rastrelliger kanagurta,3.2,Intermediate Predator,338418.2,1382,15640,244.88,28.29,360.8,7.1,3.14,10.16,5.72,1.28,849.84,129.75,0.1537,-98.834,1.064,-0.8660254037844385,-0.5000000000000004,285.26,310.59,44.83,296.12,213.55999999999997,146.67229424809565,137.715,-0.08155445823901415,0.9128571428571455,-56.214285714285666,28.75,11.82,7.02,195.0,6.087179175016453,181.32,269075.3
2015-09-01,2015,9,Southwest Monsoon,Southwest Monsoon,0,Thrissur,Indian Mackerel,Rastrelliger kanagurta,3.2,Intermediate Predator,269075.3,1484,20975,181.32,28.22,157.4,5.6,1.98,8.25,4.45,1.374,597.3,97.19,0.1641,-46.145,0.84,-1.0,-1.8369701987210297e-16,244.88,285.26,310.59,374.3,280.24333333333334,33.14100531567026,166.3083333333333,-0.1415550676030615,0.1971428571428575,-92.57857142857142,28.29,10.16,5.72,1382.0,0.07380607761355949,74.67,86096.6
2015-10-01,2015,10,Post-Monsoon,Post-Monsoon,0,Thrissur,Indian Mackerel,Rastrelliger kanagurta,3.2,Intermediate Predator,86096.6,1153,15081,74.67,29.74,336.7,3.8,1.21,0.92,1.24,1.068,100.92,50.37,0.504,-0.938,0.293,-0.8660254037844386,0.5000000000000001,181.32,244.88,285.26,177.72,237.15333333333334,52.39901653021066,188.29833333333332,-0.2595556901520871,0.9414285714285704,34.14285714285711,28.22,8.25,4.45,1484.0,-0.22304582059942168,71.74,96353.1
2015-11-01,2015,11,Post-Monsoon,Post-Monsoon,0,Thrissur,Indian Mackerel,Rastrelliger kanagurta,3.2,Intermediate Predator,96353.1,1343,16962,71.74,29.69,164.8,3.9,1.04,0.67,1.02,1.244,129.8,45.88,0.3584,-1.037,0.273,-0.5000000000000004,0.8660254037844384,74.67,181.32,244.88,221.0,166.95666666666668,86.00924388304607,190.2583333333333,-0.5881865989308075,0.6742857142857126,-3.357142857142833,29.74,0.92,1.24,1153.0,0.16478750941207712,74.69,109502.1
2015-12-01,2015,12,Winter / Post-Monsoon,Northeast/Dry,0,Thrissur,Indian Mackerel,Rastrelliger kanagurta,3.2,Intermediate Predator,109502.1,1466,20043,74.69,29.24,30.8,3.9,1.35,1.33,1.01,1.357,171.81,44.53,0.2635,-1.821,0.275,-2.4492935982947064e-16,1.0,71.74,74.67,181.32,185.65,109.24333333333334,62.43741373033725,194.7433333333333,-0.03923931441819824,0.7414285714285676,-4.578571428571426,29.69,0.67,1.02,1343.0,0.09158600080725242,61.22,94097.6
2016-01-01,2016,1,Winter / Post-Monsoon,Northeast/Dry,0,Thrissur,Indian Mackerel,Rastrelliger kanagurta,3.2,Intermediate Predator,94097.6,1537,15644,61.22,28.92,10.5,4.4,1.39,0.9,0.9,1.423,154.24,39.48,0.2608,-0.665,0.25,0.49999999999999994,0.8660254037844387,74.69,71.74,74.67,149.03,73.7,1.697439247801969,155.42666666666665,0.04112070795641098,0.6435714285714305,2.0428571428571427,29.24,1.33,1.01,1466.0,0.048431104717386736,106.54,142556.9
2016-02-01,2016,2,Winter / Post-Monsoon,Northeast/Dry,0,Thrissur,Indian Mackerel,Rastrelliger kanagurta,3.2,Intermediate Predator,142556.9,1338,15225,106.54,29.46,11.0,3.8,0.71,1.82,1.22,1.239,141.72,57.88,0.4126,-2.902,0.434,0.8660254037844386,0.5000000000000001,61.22,74.69,71.74,73.32,69.21666666666667,7.080652041536318,118.08666666666666,-0.18034540362225146,0.8085714285714296,0.3428571428571434,28.92,0.9,0.9,1537.0,-0.12947299850700716,41.02,48773.5
2016-03-01,2016,3,Pre-Monsoon / Summer,Pre-Monsoon,0,Thrissur,Indian Mackerel,Rastrelliger kanagurta,3.2,Intermediate Predator,48773.5,1189,13780,41.02,30.34,24.9,3.2,1.25,1.08,0.72,1.101,79.22,25.19,0.3265,1.333,0.159,1.0,6.123233995736766e-17,106.54,61.22,74.69,49.38,80.81666666666666,23.27289482065587,95.02999999999999,0.7402808330152185,0.8042857142857152,0.16428571428571104,29.46,1.82,1.22,1338.0,-0.11136023833064097,36.04,42782.1
2016-04-01,2016,4,Pre-Monsoon / Summer,Pre-Monsoon,0,Thrissur,Indian Mackerel,Rastrelliger kanagurta,3.2,Intermediate Predator,42782.1,1187,16814,36.04,30.77,112.4,4.8,1.11,0.83,0.61,1.099,82.11,22.07,0.2776,1.593,0.15,0.8660254037844387,-0.4999999999999998,41.02,106.54,61.22,62.91,69.59333333333333,33.55297502954563,71.64666666666666,-0.6149802313703556,0.4685714285714262,22.992857142857147,30.34,1.08,0.72,1189.0,-0.0016820857722280424,37.08,57478.3
2016-05-01,2016,5,Pre-Monsoon / Summer,Pre-Monsoon,0,Thrissur,Indian Mackerel,Rastrelliger kanagurta,3.2,Intermediate Predator,57478.3,1550,21206,37.08,30.76,262.9,4.8,1.6,1.27,1.11,1.435,79.99,24.48,0.3146,1.458,0.15,0.49999999999999994,-0.8660254037844387,36.04,41.02,106.54,44.83,61.20000000000001,39.344463397026786,65.20833333333333,-0.12140416348021375,0.6300000000000026,1.842857142857099,30.77,0.83,0.61,1187.0,0.3058129713073886,239.97,66231.7
2016-06-01,2016,6,Southwest Monsoon,Southwest Monsoon,1,Thrissur,Indian Mackerel,Rastrelliger kanagurta,3.2,Intermediate Predator,66231.7,276,3264,239.97,29.39,849.2,7.9,3.17,11.56,7.31,0.256,514.99,132.26,0.2583,-52.01,1.061,1.2246467991473532e-16,-1.0,37.08,36.04,41.02,310.59,38.04666666666667,2.626962758266236,59.431666666666665,0.0288568177422814,0.7992857142857162,179.4785714285714,30.76,1.27,1.11,1550.0,-0.8219354785681582,198.75,53265.0
2016-07-01,2016,7,Southwest Monsoon,Southwest Monsoon,1,Thrissur,Indian Mackerel,Rastrelliger kanagurta,3.2,Intermediate Predator,53265.0,268,3819,198.75,27.91,589.9,8.5,3.21,12.81,7.35,0.248,754.04,104.19,0.1393,-61.462,0.747,-0.4999999999999997,-0.8660254037844388,239.97,37.08,36.04,285.26,104.36333333333334,117.43996948796142,86.97833333333334,5.471681372254214,0.22571428571428598,-18.049999999999955,29.39,11.56,7.31,276.0,-0.028985506196177315,196.98,261786.5
2016-08-01,2016,8,Southwest Monsoon,Southwest Monsoon,0,Thrissur,Indian Mackerel,Rastrelliger kanagurta,3.2,Intermediate Predator,261786.5,1329,14674,196.98,27.83,580.7,7.4,2.58,11.52,6.65,1.231,825.53,104.22,0.1273,-71.243,0.818,-0.8660254037844385,-0.5000000000000004,198.75,239.97,37.08,244.88,158.6,107.23854204529249,109.89999999999999,-0.17177146427589013,0.4528571428571446,163.68571428571437,27.91,12.81,7.35,268.0,3.958955076158393,180.9,231733.4
2016-09-01,2016,9,Southwest Monsoon,Southwest Monsoon,0,Thrissur,Indian Mackerel,Rastrelliger kanagurta,3.2,Intermediate Predator,231733.4,1281,12741,180.9,28.91,229.6,5.5,2.1,8.61,4.65,1.186,474.91,96.05,0.2039,-32.925,0.669,-1.0,-1.8369701987210297e-16,196.98,198.75,239.97,181.32,211.9,24.32543730336533,124.97333333333334,-0.008905659929275023,0.8871428571428588,-20.378571428571433,27.83,11.52,6.65,1329.0,-0.0361173812180784,49.21,63087.8
2016-10-01,2016,10,Post-Monsoon,Post-Monsoon,0,Thrissur,Indian Mackerel,Rastrelliger kanagurta,3.2,Intermediate Predator,63087.8,1282,16242,49.21,29.49,345.5,4.2,1.19,0.78,1.41,1.187,77.57,33.45,0.4385,0.772,0.203,-0.8660254037844386,0.5000000000000001,180.9,196.98,198.75,74.67,192.21,9.834647934723435,148.28666666666666,-0.0816326489170144,0.6914285714285704,42.94285714285712,28.91,8.61,4.65,1281.0,0.00078064011880843,69.54,90404.9
2016-11-01,2016,11,Post-Monsoon,Post-Monsoon,0,Thrissur,Indian Mackerel,Rastrelliger kanagurta,3.2,Intermediate Predator,90404.9,1300,15902,69.54,29.58,126.2,3.5,1.23,1.56,1.22,1.204,113.99,44.2,0.3931,-0.494,0.266,-0.5000000000000004,0.8660254037844384,49.21,180.9,196.98,71.74,142.36333333333332,81.07280205675204,150.48166666666665,-0.7279712145952894,0.5642857142857096,-41.95714285714284,29.49,0.78,1.41,1282.0,0.014040561512944139,57.32,93140.6
2016-12-01,2016,12,Winter / Post-Monsoon,Northeast/Dry,0,Thrissur,Indian Mackerel,Rastrelliger kanagurta,3.2,Intermediate Predator,93140.6,1625,21436,57.32,28.77,38.4,3.1,0.77,1.57,1.13,1.505,221.17,38.82,0.1792,-1.969,0.293,-2.4492935982947064e-16,1.0,69.54,49.21,180.9,74.69,99.88333333333333,70.89500993252842,155.89166666666665,0.41312732917550726,0.2714285714285687,3.0214285714285722,29.58,1.56,1.22,1300.0,0.2499999980769231,146.97,197826.8
2017-01-01,2017,1,Winter / Post-Monsoon,Northeast/Dry,0,Thrissur,Indian Mackerel,Rastrelliger kanagurta,3.2,Intermediate Predator,197826.8,1346,13669,146.97,28.0,8.8,4.8,0.85,1.34,1.04,1.246,394.59,73.44,0.1882,-23.702,0.583,0.49999999999999994,0.8660254037844387,57.32,69.54,49.21,61.22,58.69,10.234007035368585,125.45,-0.1757261754779731,-0.27642857142857125,0.3428571428571434,28.77,1.57,1.13,1625.0,-0.17169230663573964,135.41,166142.9
2017-02-01,2017,2,Winter / Post-Monsoon,Northeast/Dry,0,Thrissur,Indian Mackerel,Rastrelliger kanagurta,3.2,Intermediate Predator,166142.9,1227,16185,135.41,28.0,9.5,3.0,1.03,1.0,0.86,1.136,299.76,70.59,0.238,-14.902,0.555,0.8660254037844386,0.5000000000000001,146.97,57.32,69.54,106.54,91.27666666666666,48.617307960574124,116.82000000000001,1.5640262449361053,-0.6514285714285712,-1.1571428571428566,28.0,1.34,1.04,1346.0,-0.08841010335505124,149.93,183067.0
2017-03-01,2017,3,Pre-Monsoon / Summer,Pre-Monsoon,0,Thrissur,Indian Mackerel,Rastrelliger kanagurta,3.2,Intermediate Predator,183067.0,1221,15502,149.93,29.51,26.0,2.9,1.4,0.69,0.59,1.131,157.68,84.62,0.5396,-8.056,0.575,1.0,6.123233995736766e-17,135.41,146.97,57.32,41.02,113.23333333333333,48.76611562687049,106.55833333333334,-0.07865550257498113,-0.025714285714283136,1.2642857142857125,28.0,1.0,0.86,1227.0,-0.0048899755102691485,113.82,146484.9
2017-04-01,2017,4,Pre-Monsoon / Summer,Pre-Monsoon,0,Thrissur,Indian Mackerel,Rastrelliger kanagurta,3.2,Intermediate Predator,146484.9,1287,15494,113.82,30.32,91.4,4.9,1.34,1.15,0.84,1.192,161.32,67.58,0.4225,-5.377,0.413,0.8660254037844387,-0.4999999999999998,149.93,135.41,146.97,36.04,144.10333333333332,7.672739623713208,101.39666666666666,0.1072298864758965,0.018571428571426907,1.9928571428571473,29.51,0.69,0.59,1221.0,0.05405405361135091,191.4,262416.0
2017-05-01,2017,5,Pre-Monsoon / Summer,Pre-Monsoon,0,Thrissur,Indian Mackerel,Rastrelliger kanagurta,3.2,Intermediate Predator,262416.0,1371,19076,191.4,30.15,279.4,5.4,1.68,2.27,1.8,1.269,257.68,104.4,0.4075,-19.205,0.679,0.49999999999999994,-0.8660254037844387,113.82,149.93,135.41,37.08,133.05333333333334,18.16998715831413,112.165,-0.2408457119425258,0.019999999999999574,18.3428571428571,30.32,1.15,0.84,1287.0,0.0652680647609319,406.78,122440.8
2017-06-01,2017,6,Southwest Monsoon,Southwest Monsoon,1,Thrissur,Indian Mackerel,Rastrelliger kanagurta,3.2,Intermediate Predator,122440.8,301,2860,406.78,28.32,699.7,7.4,3.31,10.54,6.43,0.279,1211.83,207.3,0.1717,-249.02,1.565,1.2246467991473532e-16,-1.0,191.4,113.82,149.93,239.97,151.71666666666667,38.820847921359196,132.475,0.681602470426773,-0.27071428571428413,29.9785714285714,30.15,2.27,1.8,1371.0,-0.7804522189609612,237.26,49587.6
2017-07-01,2017,7,Southwest Monsoon,Southwest Monsoon,1,Thrissur,Indian Mackerel,Rastrelliger kanagurta,3.2,Intermediate Predator,49587.6,209,2259,237.26,27.31,754.8,8.0,3.63,11.98,7.23,0.194,1306.11,125.46,0.0967,-161.093,1.105,-0.4999999999999997,-0.8660254037844388,406.78,191.4,113.82,198.75,237.33333333333334,151.7853541463513,190.71833333333333,1.125287297529399,-0.37428571428571544,146.85000000000002,28.32,10.54,6.43,301.0,-0.30564783037714854,233.68,371783.6
2017-08-01,2017,8,Southwest Monsoon,Southwest Monsoon,0,Thrissur,Indian Mackerel,Rastrelliger kanagurta,3.2,Intermediate Predator,371783.6,1591,15915,233.68,27.17,374.5,6.9,2.58,10.15,5.8,1.473,922.68,115.93,0.1266,-97.111,0.926,-0.8660254037844385,-0.5000000000000004,237.26,406.78,191.4,196.98,278.48,113.45242350871112,205.76666666666665,-0.41673630914164145,-0.20714285714285197,-42.51428571428568,27.31,11.98,7.23,209.0,6.6124398750028766,162.98,227361.5
2017-09-01,2017,9,Southwest Monsoon,Southwest Monsoon,0,Thrissur,Indian Mackerel,Rastrelliger kanagurta,3.2,Intermediate Predator,227361.5,1395,16645,162.98,27.51,259.9,4.6,1.83,6.63,3.98,1.292,808.07,86.63,0.1083,-64.681,0.704,-1.0,-1.8369701987210297e-16,233.68,237.26,406.78,180.9,292.5733333333333,98.92207101215219,222.145,-0.015088931337396404,-0.5128571428571398,9.92142857142855,27.17,10.15,5.8,1591.0,-0.12319295962795122,212.04,280101.6
2017-10-01,2017,10,Post-Monsoon,Post-Monsoon,0,Thrissur,Indian Mackerel,Rastrelliger kanagurta,3.2,Intermediate Predator,280101.6,1321,17128,212.04,28.83,351.2,4.0,1.19,1.26,1.85,1.223,400.52,110.55,0.2778,-36.655,0.768,-0.8660254037844386,0.5000000000000001,162.98,233.68,237.26,49.21,211.30666666666664,41.89038234885543,224.32000000000002,-0.30255048345812724,0.03142857142857025,48.64285714285711,27.51,6.63,3.98,1395.0,-0.05304659460181653,169.56,207037.2
2017-11-01,2017,11,Post-Monsoon,Post-Monsoon,0,Thrissur,Indian Mackerel,Rastrelliger kanagurta,3.2,Intermediate Predator,207037.2,1221,12414,169.56,28.83,165.9,3.6,0.81,1.56,1.44,1.131,296.28,89.62,0.3048,-19.153,0.663,-0.5000000000000004,0.8660254037844384,212.04,162.98,233.68,69.54,202.89999999999998,36.22536680283538,240.69000000000003,0.3010185114113075,-0.18571428571429038,-2.2571428571428385,28.83,1.26,1.85,1321.0,-0.07570022652762887,191.1,240589.8
2017-12-01,2017,12,Winter / Post-Monsoon,Northeast/Dry,0,Thrissur,Indian Mackerel,Rastrelliger kanagurta,3.2,Intermediate Predator,240589.8,1259,17547,191.1,28.38,35.8,4.1,1.03,1.28,0.89,1.166,373.44,98.6,0.266,-31.593,0.713,-2.4492935982947064e-16,1.0,169.56,212.04,162.98,57.32,181.52666666666664,26.62933970892453,237.04999999999998,-0.20033954912565788,-0.11857142857143188,0.4214285714285708,28.83,1.56,1.44,1221.0,0.031122030867141433,183.01,231144.9
2018-01-01,2018,1,Winter / Post-Monsoon,Northeast/Dry,0,Thrissur,Indian Mackerel,Rastrelliger kanagurta,3.2,Intermediate Predator,231144.9,1263,13436,183.01,28.27,10.0,2.7,1.2,1.45,1.1,1.169,240.07,88.98,0.3733,-14.629,0.642,0.49999999999999994,0.8660254037844387,191.1,169.56,212.04,146.97,190.89999999999998,21.24070620294837,201.10333333333332,0.12703467049807315,-0.006428571428571672,1.5428571428571427,28.38,1.28,0.89,1259.0,0.003177124676909256,143.22,175160.2
2018-02-01,2018,2,Winter / Post-Monsoon,Northeast/Dry,0,Thrissur,Indian Mackerel,Rastrelliger kanagurta,3.2,Intermediate Predator,175160.2,1223,14626,143.22,28.61,10.6,3.6,1.21,1.27,1.09,1.132,353.9,76.9,0.2195,-21.003,0.593,0.8660254037844386,0.5000000000000001,183.01,191.1,169.56,135.41,181.22333333333333,10.88058056048963,192.06166666666664,-0.042333854404298585,-0.041428571428571814,-0.05714285714285694,28.27,1.45,1.1,1263.0,-0.0316706252440964,136.19,154033.1
2018-03-01,2018,3,Pre-Monsoon / Summer,Pre-Monsoon,0,Thrissur,Indian Mackerel,Rastrelliger kanagurta,3.2,Intermediate Predator,154033.1,1131,14053,136.19,29.04,28.4,3.3,1.28,0.59,0.84,1.047,212.6,77.82,0.369,-10.328,0.503,1.0,6.123233995736766e-17,143.22,183.01,191.1,149.93,172.4433333333333,25.62936661982317,176.98499999999999,-0.21741980124475155,-0.49571428571428555,3.664285714285711,28.61,1.27,1.09,1223.0,-0.0752248562941549,96.58,127868.6
2018-04-01,2018,4,Pre-Monsoon / Summer,Pre-Monsoon,0,Thrissur,Indian Mackerel,Rastrelliger kanagurta,3.2,Intermediate Predator,127868.6,1324,17188,96.58,30.26,81.9,4.3,1.2,0.71,0.76,1.226,119.46,53.4,0.4516,-1.829,0.35,0.8660254037844387,-0.4999999999999998,136.19,143.22,183.01,113.82,154.13999999999996,25.248027645738496,172.51999999999998,-0.04908531985160454,-0.041428571428571814,-7.507142857142853,29.04,0.59,0.84,1131.0,0.170645444998714,102.59,156549.4
2018-05-01,2018,5,Pre-Monsoon / Summer,Pre-Monsoon,0,Thrissur,Indian Mackerel,Rastrelliger kanagurta,3.2,Intermediate Predator,156549.4,1526,16971,102.59,30.11,262.5,5.3,2.23,1.57,1.43,1.413,147.57,63.5,0.4341,-3.836,0.435,0.49999999999999994,-0.8660254037844387,96.58,136.19,143.22,191.4,125.32999999999998,25.145120799073123,153.27666666666667,-0.29084365292285386,-0.019999999999999574,1.4428571428571217,30.26,0.71,0.76,1324.0,0.15256797467848962,428.0,110851.4
2018-06-01,2018,6,Southwest Monsoon,Southwest Monsoon,1,Thrissur,Indian Mackerel,Rastrelliger kanagurta,3.2,Intermediate Predator,110851.4,259,3661,428.0,28.5,809.8,8.3,3.6,12.39,7.72,0.24,1514.68,228.01,0.1511,-349.884,1.808,1.2246467991473532e-16,-1.0,102.59,96.58,136.19,406.78,111.78666666666665,21.34647589962602,142.11499999999998,0.0622281981540487,-0.09071428571428442,140.0785714285713,30.11,1.57,1.43,1526.0,-0.8302752239169383,350.32,107548.2
2018-07-01,2018,7,Southwest Monsoon,Southwest Monsoon,1,Thrissur,Indian Mackerel,Rastrelliger kanagurta,3.2,Intermediate Predator,107548.2,307,3593,350.32,27.37,723.8,8.4,3.15,12.79,7.59,0.284,1248.84,173.99,0.14,-210.07,1.336,-0.4999999999999997,-0.8660254037844388,428.0,102.59,96.58,237.26,209.05666666666664,189.63429920068074,181.59833333333333,3.1719462743009768,-0.31428571428571317,115.85000000000002,28.5,12.39,7.72,259.0,0.18532817817265723,246.57,369117.5
2018-08-01,2018,8,Southwest Monsoon,Southwest Monsoon,0,Thrissur,Indian Mackerel,Rastrelliger kanagurta,3.2,Intermediate Predator,369117.5,1497,16606,246.57,27.42,371.4,7.8,2.58,10.79,6.05,1.386,1055.59,129.05,0.1231,-129.616,1.012,-0.8660254037844385,-0.5000000000000004,350.32,428.0,102.59,233.68,293.6366666666666,169.9490136285977,209.48333333333335,-0.18149532286225883,0.042857142857148034,-45.6142857142857,27.37,12.79,7.59,307.0,3.876221372110053,286.45,340585.5
2018-09-01,2018,9,Southwest Monsoon,Southwest Monsoon,0,Thrissur,Indian Mackerel,Rastrelliger kanagurta,3.2,Intermediate Predator,340585.5,1189,11661,286.45,27.8,240.5,6.3,2.6,9.52,5.12,1.101,979.89,141.67,0.1454,-134.17,1.038,-1.0,-1.8369701987210297e-16,246.57,350.32,428.0,162.98,341.62999999999994,91.02663511302588,226.70833333333334,-0.2961577901302298,-0.22285714285714064,-9.478571428571428,27.42,10.79,6.05,1497.0,-0.205744821604911,168.81,255585.1
2018-10-01,2018,10,Post-Monsoon,Post-Monsoon,0,Thrissur,Indian Mackerel,Rastrelliger kanagurta,3.2,Intermediate Predator,255585.1,1514,17793,168.81,28.71,262.1,4.3,1.09,1.58,1.63,1.402,282.82,94.45,0.3363,-19.05,0.694,-0.8660254037844386,0.5000000000000001,286.45,246.57,350.32,212.04,294.44666666666666,52.33522363889634,251.75166666666664,0.16173905334229413,-0.08857142857142719,-40.457142857142856,27.8,9.52,5.12,1189.0,0.2733389379870569,146.03,208245.1
2018-11-01,2018,11,Post-Monsoon,Post-Monsoon,0,Thrissur,Indian Mackerel,Rastrelliger kanagurta,3.2,Intermediate Predator,208245.1,1426,19143,146.03,29.05,194.9,4.2,0.85,1.39,1.5,1.32,284.21,87.96,0.3119,-17.52,0.554,-0.5000000000000004,0.8660254037844384,168.81,286.45,246.57,169.56,233.9433333333333,59.827810701489874,263.79,-0.41068247824463333,0.03428571428571203,26.74285714285716,28.71,1.58,1.63,1514.0,-0.0581241739886118,121.06,150723.9
2018-12-01,2018,12,Winter / Post-Monsoon,Northeast/Dry,0,Thrissur,Indian Mackerel,Rastrelliger kanagurta,3.2,Intermediate Predator,150723.9,1245,17242,121.06,28.57,36.0,3.8,1.29,1.15,1.05,1.153,418.88,73.02,0.1763,-25.889,0.48,-2.4492935982947064e-16,1.0,146.03,168.81,286.45,191.1,200.42999999999998,75.36121283525087,271.03000000000003,-0.13494460429212699,0.0714285714285694,0.6214285714285737,29.05,1.39,1.5,1426.0,-0.12692847035814536,35.24,45569.8
2019-01-01,2019,1,Winter / Post-Monsoon,Northeast/Dry,0,Thrissur,Indian Mackerel,Rastrelliger kanagurta,3.2,Intermediate Predator,45569.8,1293,18126,35.24,28.24,9.3,3.2,0.85,0.38,0.53,1.197,283.67,29.0,0.1054,-2.591,0.179,0.49999999999999994,0.8660254037844387,121.06,146.03,168.81,183.01,145.29999999999998,23.88336869036679,219.87333333333333,-0.17099225015460862,-0.03642857142857281,0.8428571428571434,28.57,1.15,1.05,1245.0,0.038554216557797456,41.07,68628.2
2019-02-01,2019,2,Winter / Post-Monsoon,Northeast/Dry,0,Thrissur,Indian Mackerel,Rastrelliger kanagurta,3.2,Intermediate Predator,68628.2,1671,19146,41.07,28.35,10.7,3.2,0.5,1.0,0.82,1.547,154.86,27.51,0.1829,1.129,0.165,0.8660254037844386,0.5000000000000001,35.24,121.06,146.03,143.22,100.77666666666664,58.11339117048095,167.35999999999999,-0.7089046168094649,-0.3014285714285698,0.042857142857142705,28.24,0.38,0.53,1293.0,0.29234338521002795,76.88,81185.6
2019-03-01,2019,3,Pre-Monsoon / Summer,Pre-Monsoon,0,Thrissur,Indian Mackerel,Rastrelliger kanagurta,3.2,Intermediate Predator,81185.6,1056,14918,76.88,29.51,23.6,4.0,1.27,1.01,0.82,0.978,103.76,45.46,0.4435,-0.586,0.301,1.0,6.123233995736766e-17,41.07,35.24,121.06,136.19,65.78999999999998,47.953903907815544,133.10999999999999,0.1654369564594334,-0.025714285714283136,-1.1357142857142861,28.35,1.0,0.82,1671.0,-0.3680430857687428,42.83,65653.6
2019-04-01,2019,4,Pre-Monsoon / Summer,Pre-Monsoon,0,Thrissur,Indian Mackerel,Rastrelliger kanagurta,3.2,Intermediate Predator,65653.6,1533,15743,42.83,30.4,119.2,3.7,1.13,1.21,0.89,1.419,103.08,32.21,0.3191,0.809,0.185,0.8660254037844387,-0.4999999999999998,76.88,41.07,35.24,96.58,51.06333333333331,22.547115853992118,98.18166666666667,0.871925767731734,0.0985714285714252,29.792857142857144,29.51,1.01,0.82,1056.0,0.45170454117704034,60.87,87895.5
2019-05-01,2019,5,Pre-Monsoon / Summer,Pre-Monsoon,0,Thrissur,Indian Mackerel,Rastrelliger kanagurta,3.2,Intermediate Predator,87895.5,1444,20599,60.87,30.02,249.7,4.9,2.33,1.41,1.37,1.337,154.22,38.71,0.2558,-0.3,0.284,0.49999999999999994,-0.8660254037844387,42.83,76.88,41.07,102.59,53.593333333333305,20.186035602201393,77.185,-0.4428979652838234,-0.10999999999999943,-11.35714285714289,30.4,1.21,0.89,1533.0,-0.0580560987732805,355.07,74919.5
2019-06-01,2019,6,Southwest Monsoon,Southwest Monsoon,1,Thrissur,Indian Mackerel,Rastrelliger kanagurta,3.2,Intermediate Predator,74919.5,211,2947,355.07,28.94,709.7,7.6,3.51,11.95,7.12,0.195,1020.87,186.93,0.1839,-178.406,1.294,1.2246467991473532e-16,-1.0,60.87,42.83,76.88,428.0,60.19333333333331,17.035082428134622,62.991666666666674,0.42119999505019956,0.34928571428571686,39.9785714285714,30.02,1.41,1.37,1444.0,-0.853878110430207,168.91,48814.2
2019-07-01,2019,7,Southwest Monsoon,Southwest Monsoon,1,Thrissur,Indian Mackerel,Rastrelliger kanagurta,3.2,Intermediate Predator,48814.2,289,3594,168.91,27.38,552.8,7.6,3.78,11.7,6.77,0.268,952.43,97.74,0.1036,-80.287,0.712,-0.4999999999999997,-0.8660254037844388,355.07,60.87,42.83,350.32,152.92333333333332,175.29636771289165,101.99333333333334,4.833250397034599,-0.30428571428571516,-55.14999999999998,28.94,11.95,7.12,211.0,0.36966822892567636,107.96,138292.0
2019-08-01,2019,8,Southwest Monsoon,Southwest Monsoon,0,Thrissur,Indian Mackerel,Rastrelliger kanagurta,3.2,Intermediate Predator,138292.0,1281,14117,107.96,26.7,444.6,6.7,2.69,10.05,5.66,1.186,485.74,60.62,0.1266,-15.376,0.438,-0.8660254037844385,-0.5000000000000004,168.91,355.07,60.87,246.57,194.94999999999996,148.81858486089692,124.27166666666666,-0.5242909701103735,-0.6771428571428544,27.585714285714346,27.38,11.7,6.77,289.0,3.4325258327845733,202.94,233582.3
2019-09-01,2019,9,Southwest Monsoon,Southwest Monsoon,0,Thrissur,Indian Mackerel,Rastrelliger kanagurta,3.2,Intermediate Predator,233582.3,1151,14337,202.94,27.72,214.5,6.0,1.72,9.15,4.88,1.066,734.18,108.26,0.1486,-68.425,0.799,-1.0,-1.8369701987210297e-16,107.96,168.91,355.07,286.45,210.64666666666665,128.73344566713544,135.42,-0.36084303115013733,-0.3028571428571425,-35.47857142857143,26.7,10.05,5.66,1281.0,-0.1014832154450959,107.56,150266.0
2019-10-01,2019,10,Post-Monsoon,Post-Monsoon,0,Thrissur,Indian Mackerel,Rastrelliger kanagurta,3.2,Intermediate Predator,150266.0,1397,16059,107.56,28.86,279.9,4.5,1.38,1.3,1.3,1.294,287.81,61.05,0.2148,-10.404,0.398,-0.8660254037844386,0.5000000000000001,202.94,107.96,168.91,168.81,159.93666666666664,48.12162334474308,156.43,0.8797702038004629,0.06142857142857139,-22.6571428571429,27.72,9.15,4.88,1151.0,0.2137271918876873,128.07,163668.8
2019-11-01,2019,11,Post-Monsoon,Post-Monsoon,0,Thrissur,Indian Mackerel,Rastrelliger kanagurta,3.2,Intermediate Predator,163668.8,1278,13337,128.07,28.63,168.1,4.0,0.89,1.09,1.17,1.183,198.14,70.21,0.3576,-7.535,0.569,-0.5000000000000004,0.8660254037844384,107.56,202.94,107.96,146.03,139.48666666666665,54.95256257294401,167.21833333333333,-0.46999110722424814,-0.3857142857142897,-0.057142857142849834,28.86,1.3,1.3,1397.0,-0.08518253339167836,103.54,126210.4
2019-12-01,2019,12,Winter / Post-Monsoon,Northeast/Dry,0,Thrissur,Indian Mackerel,Rastrelliger kanagurta,3.2,Intermediate Predator,126210.4,1219,16023,103.54,28.04,36.2,3.2,1.21,0.73,0.49,1.129,229.72,55.41,0.2445,-6.913,0.42,-2.4492935982947064e-16,1.0,128.07,107.56,202.94,121.06,146.18999999999997,50.20544691564842,178.41833333333332,0.1906842515168973,-0.45857142857143174,0.8214285714285765,28.63,1.09,1.17,1278.0,-0.04616588383281781,116.2,161282.4
2020-01-01,2020,1,Winter / Post-Monsoon,Northeast/Dry,0,Thrissur,Indian Mackerel,Rastrelliger kanagurta,3.2,Intermediate Predator,161282.4,1388,13592,116.2,27.64,9.1,3.8,1.27,1.01,0.98,1.285,356.45,63.44,0.1803,-16.762,0.448,0.49999999999999994,0.8660254037844387,103.54,128.07,107.56,35.24,113.05666666666666,13.1563761474554,136.49666666666667,-0.19153586386071172,-0.6364285714285707,0.6428571428571423,28.04,0.73,0.49,1219.0,0.1386382269184723,198.53,263051.0
2020-02-01,2020,2,Winter / Post-Monsoon,Northeast/Dry,0,Thrissur,Indian Mackerel,Rastrelliger kanagurta,3.2,Intermediate Predator,263051.0,1325,14248,198.53,28.37,12.4,4.2,0.93,0.97,1.12,1.227,390.4,104.77,0.2702,-35.255,0.722,0.8660254037844386,0.5000000000000001,116.2,103.54,128.07,41.07,115.93666666666665,12.267120009738742,127.71166666666666,0.12227157405142221,-0.28142857142857025,1.7428571428571438,27.64,1.01,0.98,1388.0,-0.04538904866434403,130.79,62908.0
2020-03-01,2020,3,Pre-Monsoon / Summer,Pre-Monsoon,0,Thrissur,Indian Mackerel,Rastrelliger kanagurta,3.2,Intermediate Predator,62908.0,481,6853,130.79,29.62,23.2,3.3,1.03,0.65,0.53,0.445,158.64,73.05,0.4639,-6.33,0.507,1.0,6.123233995736766e-17,198.53,116.2,103.54,76.88,139.42333333333332,51.57778042271038,142.80666666666667,0.708519732485393,0.0842857142857163,-1.5357142857142883,28.37,0.97,1.12,1325.0,-0.636981127268067,138.11,68642.9
2020-04-01,2020,4,Pre-Monsoon / Summer,Pre-Monsoon,0,Thrissur,Indian Mackerel,Rastrelliger kanagurta,3.2,Intermediate Predator,68642.9,497,7006,138.11,30.09,81.4,3.7,1.11,0.99,0.94,0.46,104.11,79.91,0.7698,-4.146,0.532,0.8660254037844387,-0.4999999999999998,130.79,198.53,116.2,42.83,148.50666666666663,43.931394620855414,130.78166666666667,-0.3412078607158686,-0.21142857142857352,-8.007142857142853,29.62,0.65,0.53,481.0,0.03326403257247334,157.4,70202.4
2020-05-01,2020,5,Pre-Monsoon / Summer,Pre-Monsoon,0,Thrissur,Indian Mackerel,Rastrelliger kanagurta,3.2,Intermediate Predator,70202.4,446,5100,157.4,29.6,302.9,5.7,2.1,1.67,1.88,0.413,223.61,95.04,0.4276,-13.914,0.636,0.49999999999999994,-0.8660254037844387,138.11,130.79,198.53,60.87,155.80999999999997,37.17720269197224,135.87333333333333,0.055967577340196105,-0.5299999999999976,41.8428571428571,30.09,0.99,0.94,497.0,-0.1026156921002879,445.08,138864.2
2020-06-01,2020,6,Southwest Monsoon,Southwest Monsoon,1,Thrissur,Indian Mackerel,Rastrelliger kanagurta,3.2,Intermediate Predator,138864.2,312,3820,445.08,28.27,668.3,8.4,3.53,12.23,7.34,0.289,1530.73,240.98,0.158,-377.317,1.713,1.2246467991473532e-16,-1.0,157.4,138.11,130.79,355.07,142.1,13.746384979331575,140.76166666666668,0.13967126640567176,-0.32071428571428484,-1.4214285714286916,29.6,1.67,1.88,446.0,-0.30044842375676184,319.34,97718.6
2020-07-01,2020,7,Southwest Monsoon,Southwest Monsoon,1,Thrissur,Indian Mackerel,Rastrelliger kanagurta,3.2,Intermediate Predator,97718.6,306,3106,319.34,27.18,358.8,8.4,3.39,12.12,6.65,0.283,1004.1,155.32,0.1555,-144.931,1.216,-0.4999999999999997,-0.8660254037844388,445.08,157.4,138.11,168.91,246.86333333333332,171.93141432947408,197.68500000000003,1.8277000109466317,-0.5042857142857144,-249.14999999999992,28.27,12.23,7.34,312.0,-0.019230768614398444,268.44,380647.3
2020-08-01,2020,8,Southwest Monsoon,Southwest Monsoon,0,Thrissur,Indian Mackerel,Rastrelliger kanagurta,3.2,Intermediate Predator,380647.3,1418,14269,268.44,27.4,511.6,6.8,3.21,10.49,6.12,1.313,1175.66,137.19,0.1174,-159.339,1.096,-0.8660254037844385,-0.5000000000000004,319.34,445.08,157.4,107.96,307.2733333333333,144.21910044558336,231.54166666666666,-0.2825110029093421,0.022857142857144908,94.58571428571435,27.18,12.12,6.65,306.0,3.6339868093468364,231.89,268064.2
2020-09-01,2020,9,Southwest Monsoon,Southwest Monsoon,0,Thrissur,Indian Mackerel,Rastrelliger kanagurta,3.2,Intermediate Predator,268064.2,1156,16050,231.89,27.34,251.7,5.2,2.4,7.92,4.48,1.07,836.39,111.75,0.1346,-86.718,0.956,-1.0,-1.8369701987210297e-16,268.44,319.34,445.08,202.94,344.28666666666663,90.9240041646498,243.1933333333333,-0.15939123945039016,-0.6828571428571415,1.7214285714285609,27.4,10.49,6.12,1418.0,-0.18476727655312217,139.32,200895.3
2020-10-01,2020,10,Post-Monsoon,Post-Monsoon,0,Thrissur,Indian Mackerel,Rastrelliger kanagurta,3.2,Intermediate Predator,200895.3,1442,19316,139.32,28.52,238.6,2.9,1.39,0.95,1.25,1.335,357.39,78.42,0.2216,-21.427,0.545,-0.8660254037844386,0.5000000000000001,231.89,268.44,319.34,107.56,273.2233333333333,43.92079044522393,260.04333333333335,-0.13615705050823093,-0.27857142857142847,-63.957142857142884,27.34,7.92,4.48,1156.0,0.24740484215047714,128.02,186647.8
2020-11-01,2020,11,Post-Monsoon,Post-Monsoon,0,Thrissur,Indian Mackerel,Rastrelliger kanagurta,3.2,Intermediate Predator,186647.8,1458,16748,128.02,29.0,172.0,3.5,1.2,1.07,1.15,1.35,350.75,80.15,0.2307,-21.692,0.502,-0.5000000000000004,0.8660254037844384,139.32,231.89,268.44,128.07,213.2166666666666,66.55459137680353,260.24499999999995,-0.39919787833895903,-0.015714285714288678,3.842857142857156,28.52,0.95,1.25,1442.0,0.011095700339142162,164.46,203606.9
2020-12-01,2020,12,Winter / Post-Monsoon,Northeast/Dry,0,Thrissur,Indian Mackerel,Rastrelliger kanagurta,3.2,Intermediate Predator,203606.9,1238,17675,164.46,28.05,38.9,4.0,1.3,1.56,1.14,1.146,402.49,86.34,0.2165,-29.3,0.593,-2.4492935982947064e-16,1.0,128.02,139.32,231.89,103.54,166.40999999999997,56.98811542769219,255.34833333333333,-0.08110823420124635,-0.4485714285714302,3.5214285714285722,29.0,1.07,1.15,1458.0,-0.15089163133819183,181.79,247229.1
2021-01-01,2021,1,Winter / Post-Monsoon,Northeast/Dry,0,Thrissur,Indian Mackerel,Rastrelliger kanagurta,3.2,Intermediate Predator,247229.1,1360,16826,181.79,28.22,9.3,3.3,0.94,1.14,1.05,1.259,468.24,96.15,0.207,-41.91,0.717,0.49999999999999994,0.8660254037844387,164.46,128.02,139.32,116.2,143.9333333333333,18.652896111148788,208.5783333333333,0.2846430022931571,-0.05642857142857238,0.8428571428571434,28.05,1.56,1.14,1238.0,0.09854604120722099,153.72,205986.8
2021-02-01,2021,2,Winter / Post-Monsoon,Northeast/Dry,0,Thrissur,Indian Mackerel,Rastrelliger kanagurta,3.2,Intermediate Predator,205986.8,1340,18355,153.72,28.2,11.4,3.7,0.8,1.29,0.91,1.241,440.72,87.01,0.1992,-34.94,0.682,0.8660254037844386,0.5000000000000001,181.79,164.46,128.02,198.53,158.09,27.445143468380202,185.6533333333333,0.10537516080656922,-0.45142857142857196,0.7428571428571438,28.22,1.14,1.05,1360.0,-0.01470588224480969,134.27,199119.8
2021-03-01,2021,3,Pre-Monsoon / Summer,Pre-Monsoon,0,Thrissur,Indian Mackerel,Rastrelliger kanagurta,3.2,Intermediate Predator,199119.8,1483,15715,134.27,29.7,24.2,3.6,0.72,1.04,0.77,1.373,214.27,79.97,0.3761,-10.988,0.619,1.0,6.123233995736766e-17,153.72,181.79,164.46,130.79,166.65666666666667,14.163341178313258,166.53333333333333,-0.1544089248908672,0.1642857142857146,-0.5357142857142883,28.2,1.29,0.91,1340.0,0.10671641711405659,171.12,202611.7
2021-04-01,2021,4,Pre-Monsoon / Summer,Pre-Monsoon,0,Thrissur,Indian Mackerel,Rastrelliger kanagurta,3.2,Intermediate Predator,202611.7,1184,12511,171.12,30.14,98.4,4.4,1.01,1.7,1.2,1.096,221.71,97.86,0.4439,-15.0,0.616,0.8660254037844387,-0.4999999999999998,134.27,153.72,181.79,138.11,156.59333333333333,23.889948374437857,150.26333333333335,-0.12652874534681588,-0.1614285714285728,8.992857142857147,29.7,1.04,0.77,1483.0,-0.20161833984073946,138.13,176527.9
2021-05-01,2021,5,Pre-Monsoon / Summer,Pre-Monsoon,0,Thrissur,Indian Mackerel,Rastrelliger kanagurta,3.2,Intermediate Predator,176527.9,1278,12378,138.13,30.03,256.1,5.4,2.13,1.5,1.5,1.183,168.51,84.01,0.5015,-8.097,0.527,0.49999999999999994,-0.8660254037844387,171.12,134.27,153.72,157.4,153.03666666666666,18.43450116855098,155.56333333333333,0.2744469893165271,-0.09999999999999787,-4.9571428571428555,30.14,1.7,1.2,1184.0,0.07939189122135228,520.5,112427.5
2021-06-01,2021,6,Southwest Monsoon,Southwest Monsoon,1,Thrissur,Indian Mackerel,Rastrelliger kanagurta,3.2,Intermediate Predator,112427.5,216,2378,520.5,28.95,690.0,8.2,3.43,12.25,7.29,0.2,1520.14,287.57,0.1897,-445.353,2.162,1.2246467991473532e-16,-1.0,138.13,171.12,134.27,445.08,147.84,20.25323924709268,157.24833333333333,-0.19278867503572497,0.3592857142857149,20.278571428571354,30.03,1.5,1.5,1278.0,-0.8309859089907206,340.26,72474.5
2021-07-01,2021,7,Southwest Monsoon,Southwest Monsoon,1,Thrissur,Indian Mackerel,Rastrelliger kanagurta,3.2,Intermediate Predator,72474.5,213,2025,340.26,27.21,640.8,7.9,3.47,11.55,6.56,0.197,1519.54,167.86,0.1111,-269.666,1.364,-0.4999999999999997,-0.8660254037844388,520.5,138.13,171.12,319.34,276.5833333333333,211.8810756847654,216.58833333333334,2.768189186404895,-0.4742857142857133,32.85000000000002,28.95,12.25,7.29,216.0,-0.013888888245884802,402.47,529647.4
2021-08-01,2021,8,Southwest Monsoon,Southwest Monsoon,0,Thrissur,Indian Mackerel,Rastrelliger kanagurta,3.2,Intermediate Predator,529647.4,1316,16400,402.47,27.73,445.8,6.9,2.75,10.28,5.95,1.219,1452.02,205.39,0.142,-313.969,1.569,-0.8660254037844385,-0.5000000000000004,340.26,520.5,138.13,268.44,332.9633333333333,191.2894017799556,243.0,-0.34628241409639937,0.35285714285714675,28.785714285714334,27.21,11.55,6.56,213.0,5.178403512751009,356.12,429832.6
2021-09-01,2021,9,Southwest Monsoon,Southwest Monsoon,0,Thrissur,Indian Mackerel,Rastrelliger kanagurta,3.2,Intermediate Predator,429832.6,1207,12996,356.12,27.99,239.4,4.9,1.93,7.84,4.27,1.118,1110.26,184.79,0.1672,-213.236,1.305,-1.0,-1.8369701987210297e-16,402.47,340.26,520.5,231.89,421.07666666666665,91.54927871552717,284.4583333333333,0.1828307710917896,-0.03285714285714292,-10.578571428571422,27.73,10.28,5.95,1316.0,-0.08282674709098217,187.61,210685.6
2021-10-01,2021,10,Post-Monsoon,Post-Monsoon,0,Thrissur,Indian Mackerel,Rastrelliger kanagurta,3.2,Intermediate Predator,210685.6,1123,11885,187.61,28.18,270.1,4.2,1.82,0.92,1.22,1.04,367.11,103.47,0.2838,-31.605,0.768,-0.8660254037844386,0.5000000000000001,356.12,402.47,340.26,139.32,366.2833333333333,32.32632106091385,321.43333333333334,-0.115163860283652,-0.6185714285714283,-32.457142857142856,27.99,7.84,4.27,1207.0,-0.06959403422043053,199.99,205590.9
2021-11-01,2021,11,Post-Monsoon,Post-Monsoon,0,Thrissur,Indian Mackerel,Rastrelliger kanagurta,3.2,Intermediate Predator,205590.9,1028,12394,199.99,28.87,171.7,3.9,1.18,1.5,1.52,0.952,562.9,109.22,0.1955,-59.623,0.847,-0.5000000000000004,0.8660254037844384,187.61,356.12,402.47,128.02,315.40000000000003,113.06986203228495,324.1816666666667,-0.47318318338809434,-0.14571428571428768,3.5428571428571445,28.18,0.92,1.22,1123.0,-0.08459483450939595,203.8,252717.7
2021-12-01,2021,12,Winter / Post-Monsoon,Northeast/Dry,0,Thrissur,Indian Mackerel,Rastrelliger kanagurta,3.2,Intermediate Predator,252717.7,1240,14811,203.8,28.52,31.7,5.0,1.03,1.79,1.22,1.148,496.89,116.79,0.2366,-55.127,0.763,-2.4492935982947064e-16,1.0,199.99,187.61,356.12,164.46,247.90666666666667,93.91970098617907,334.4916666666667,0.0659879502165156,0.021428571428568688,-3.678571428571427,28.87,1.5,1.52,1028.0,0.20622567892776578,143.83,219625.3
2022-01-01,2022,1,Winter / Post-Monsoon,Northeast/Dry,0,Thrissur,Indian Mackerel,Rastrelliger kanagurta,3.2,Intermediate Predator,219625.3,1527,19167,143.83,27.65,7.3,3.7,0.82,0.96,0.73,1.414,429.92,82.04,0.1927,-32.357,0.516,0.49999999999999994,0.8660254037844387,203.8,199.99,187.61,181.79,197.13333333333335,8.464598828845002,281.7083333333333,0.019050951595032183,-0.6264285714285727,-1.1571428571428575,28.52,1.79,1.22,1240.0,0.23145161103668055,195.54,255957.2
2022-02-01,2022,2,Winter / Post-Monsoon,Northeast/Dry,0,Thrissur,Indian Mackerel,Rastrelliger kanagurta,3.2,Intermediate Predator,255957.2,1309,13424,195.54,28.31,10.7,3.5,0.88,1.02,0.84,1.212,407.77,104.76,0.2587,-38.567,0.731,0.8660254037844386,0.5000000000000001,143.83,203.8,199.99,153.72,182.54,33.57792578465727,248.97000000000003,-0.29425906308836786,-0.3414285714285725,0.042857142857142705,27.65,0.96,0.73,1527.0,-0.14276358780115528,234.11,342971.5
2022-03-01,2022,3,Pre-Monsoon / Summer,Pre-Monsoon,0,Thrissur,Indian Mackerel,Rastrelliger kanagurta,3.2,Intermediate Predator,342971.5,1465,17816,234.11,29.04,29.5,3.1,1.15,1.0,1.04,1.356,470.75,131.38,0.2806,-58.879,0.846,1.0,6.123233995736766e-17,195.54,143.83,203.8,134.27,181.0566666666667,32.50269886229888,214.48166666666668,0.35952163251605124,-0.49571428571428555,4.7642857142857125,28.31,1.02,0.84,1309.0,0.11917494179392711,159.7,245943.8
2022-04-01,2022,4,Pre-Monsoon / Summer,Pre-Monsoon,0,Thrissur,Indian Mackerel,Rastrelliger kanagurta,3.2,Intermediate Predator,245943.8,1540,20573,159.7,30.04,75.5,3.7,0.99,0.96,0.82,1.426,292.74,94.05,0.3236,-21.308,0.627,0.8660254037844387,-0.4999999999999998,234.11,195.54,143.83,171.12,191.16,45.299093809920215,194.14666666666668,0.19724863469118173,-0.26142857142857423,-13.907142857142858,29.04,1.0,1.04,1465.0,0.05119453889969598,173.66,219856.9
2022-05-01,2022,5,Pre-Monsoon / Summer,Pre-Monsoon,0,Thrissur,Indian Mackerel,Rastrelliger kanagurta,3.2,Intermediate Predator,219856.9,1266,14459,173.66,29.8,226.9,4.6,1.66,1.08,1.22,1.172,213.25,105.04,0.4949,-15.778,0.709,0.49999999999999994,-0.8660254037844387,159.7,234.11,195.54,138.13,196.44999999999996,37.21334572434939,189.495,-0.317842026490025,-0.3299999999999983,-34.15714285714287,30.04,0.96,0.82,1540.0,-0.17792207676673977,608.66,149731.3
2022-06-01,2022,6,Southwest Monsoon,Southwest Monsoon,1,Thrissur,Indian Mackerel,Rastrelliger kanagurta,3.2,Intermediate Predator,149731.3,246,2893,608.66,28.15,932.2,7.9,3.26,11.79,7.53,0.228,2310.14,311.76,0.1353,-794.757,2.347,1.2246467991473532e-16,-1.0,173.66,159.7,234.11,520.5,189.15666666666667,39.551511138429156,185.10666666666668,0.08741389559086445,-0.44071428571428584,262.4785714285714,29.8,1.08,1.22,1266.0,-0.8056871974274313,451.37,117808.2
2022-07-01,2022,7,Southwest Monsoon,Southwest Monsoon,1,Thrissur,Indian Mackerel,Rastrelliger kanagurta,3.2,Intermediate Predator,117808.2,261,2875,451.37,27.41,517.1,8.5,4.01,12.7,7.04,0.242,2243.15,233.16,0.1043,-598.793,1.804,-0.4999999999999997,-0.8660254037844388,608.66,173.66,159.7,340.26,314.00666666666666,255.272717957351,252.58333333333334,2.504894477433233,-0.274285714285714,-90.84999999999991,28.15,11.79,7.53,246.0,0.060975607277414336,211.55,283048.0
2022-08-01,2022,8,Southwest Monsoon,Southwest Monsoon,0,Thrissur,Indian Mackerel,Rastrelliger kanagurta,3.2,Intermediate Predator,283048.0,1338,13364,211.55,26.62,260.1,7.8,2.32,11.68,6.21,1.239,871.96,107.48,0.1243,-81.078,0.912,-0.8660254037844385,-0.5000000000000004,451.37,608.66,173.66,402.47,411.23,220.26044742531496,303.84,-0.25842013179081696,-0.7571428571428527,-156.91428571428565,27.41,12.7,7.04,261.0,4.126436623508176,374.75,563994.5
2022-09-01,2022,9,Southwest Monsoon,Southwest Monsoon,0,Thrissur,Indian Mackerel,Rastrelliger kanagurta,3.2,Intermediate Predator,563994.5,1505,16010,374.75,27.68,291.6,6.2,2.06,9.5,5.29,1.394,1612.09,199.76,0.1245,-358.985,1.518,-1.0,-1.8369701987210297e-16,211.55,451.37,608.66,356.12,423.86000000000007,199.97921917039267,306.5083333333333,-0.5313157602118935,-0.34285714285714164,41.621428571428595,26.62,11.68,6.21,1338.0,0.1248131530283023,204.29,277833.3
2022-10-01,2022,10,Post-Monsoon,Post-Monsoon,0,Thrissur,Indian Mackerel,Rastrelliger kanagurta,3.2,Intermediate Predator,277833.3,1360,17203,204.29,28.54,337.9,3.5,1.24,1.19,1.57,1.259,557.43,117.87,0.2129,-63.33,0.803,-0.8660254037844386,0.5000000000000001,374.75,211.55,451.37,187.61,345.89000000000004,122.48707197088171,329.9483333333333,0.7714487935973152,-0.2585714285714289,35.3428571428571,27.68,9.5,5.29,1505.0,-0.09634551430999659,207.5,269541.5
2022-11-01,2022,11,Post-Monsoon,Post-Monsoon,0,Thrissur,Indian Mackerel,Rastrelliger kanagurta,3.2,Intermediate Predator,269541.5,1299,13680,207.5,28.33,162.5,4.0,1.43,1.67,1.77,1.203,541.79,113.99,0.2118,-57.746,0.893,-0.5000000000000004,0.8660254037844384,204.29,374.75,211.55,199.99,263.53000000000003,96.38772328465889,337.38,-0.454863230023663,-0.6857142857142904,-5.657142857142844,28.54,1.19,1.57,1360.0,-0.044852940846669555,219.67,275021.2
2022-12-01,2022,12,Winter / Post-Monsoon,Northeast/Dry,0,Thrissur,Indian Mackerel,Rastrelliger kanagurta,3.2,Intermediate Predator,275021.2,1252,15151,219.67,28.0,33.7,4.7,1.33,1.36,0.98,1.159,518.22,112.15,0.2179,-57.511,0.736,-2.4492935982947064e-16,1.0,207.5,204.29,374.75,203.8,262.18,97.50169075457089,343.02,0.015712956301681163,-0.4985714285714309,-1.6785714285714235,28.33,1.67,1.77,1299.0,-0.03618167793547592,238.66,369438.2
2023-01-01,2023,1,Winter / Post-Monsoon,Northeast/Dry,0,Thrissur,Indian Mackerel,Rastrelliger kanagurta,3.2,Intermediate Predator,369438.2,1548,17591,238.66,28.72,7.3,3.4,1.12,0.95,0.81,1.433,524.72,129.22,0.2477,-68.668,0.928,0.49999999999999994,0.8660254037844387,219.67,207.5,204.29,143.83,210.48666666666668,8.113336757051083,278.18833333333333,0.05865059958310357,0.4435714285714276,-1.1571428571428575,28.0,1.36,0.98,1252.0,0.23642172335126418,223.15,282503.6
2023-02-01,2023,2,Winter / Post-Monsoon,Northeast/Dry,0,Thrissur,Indian Mackerel,Rastrelliger kanagurta,3.2,Intermediate Predator,282503.6,1266,12225,223.15,29.13,7.9,4.6,0.5,1.39,1.1,1.172,368.54,123.48,0.3369,-39.503,0.915,0.8660254037844386,0.5000000000000001,238.66,219.67,207.5,195.54,221.94333333333336,15.703898666678732,242.73666666666668,0.08644784966322899,0.47857142857142776,-2.7571428571428562,28.72,0.95,0.81,1548.0,-0.18217054145884665,212.36,322997.6
2023-03-01,2023,3,Pre-Monsoon / Summer,Pre-Monsoon,0,Thrissur,Indian Mackerel,Rastrelliger kanagurta,3.2,Intermediate Predator,322997.6,1521,20845,212.36,29.72,30.8,3.5,1.22,1.55,1.15,1.408,310.13,121.41,0.3934,-30.837,0.85,1.0,6.123233995736766e-17,223.15,238.66,219.67,234.11,227.16,10.110148366862866,244.67,-0.06498784609956226,0.18428571428571416,6.064285714285713,29.13,1.39,1.1,1266.0,0.20142179935685783,71.94,99348.8
2023-04-01,2023,4,Pre-Monsoon / Summer,Pre-Monsoon,0,Thrissur,Indian Mackerel,Rastrelliger kanagurta,3.2,Intermediate Predator,99348.8,1381,19627,71.94,30.67,70.9,4.3,1.33,0.58,0.55,1.279,88.95,49.54,0.5619,-0.795,0.282,0.8660254037844387,-0.4999999999999998,212.36,223.15,238.66,159.7,224.72333333333336,13.22040216231387,217.605,-0.048353123533357634,0.36857142857142833,-18.507142857142853,29.72,1.55,1.15,1521.0,-0.09204470682416366,138.28,149897.7
2023-05-01,2023,5,Pre-Monsoon / Summer,Pre-Monsoon,0,Thrissur,Indian Mackerel,Rastrelliger kanagurta,3.2,Intermediate Predator,149897.7,1084,13736,138.28,30.46,217.2,4.1,2.3,1.71,1.21,1.004,92.78,82.21,0.8873,-3.755,0.568,0.49999999999999994,-0.8660254037844387,71.94,212.36,223.15,173.66,169.15,84.35901907917132,195.54666666666665,-0.6612356064590504,0.33000000000000185,-43.85714285714289,30.67,0.58,0.55,1381.0,-0.21506154804444932,618.33,140360.4
2023-06-01,2023,6,Southwest Monsoon,Southwest Monsoon,1,Thrissur,Indian Mackerel,Rastrelliger kanagurta,3.2,Intermediate Predator,140360.4,227,2449,618.33,28.81,607.3,7.0,3.43,10.31,6.2,0.21,1658.28,325.67,0.1969,-569.226,2.42,1.2246467991473532e-16,-1.0,138.28,71.94,212.36,608.66,140.86,70.24554363089516,184.01,0.9221572251658013,0.2192857142857143,-62.42142857142869,30.46,1.71,1.21,1084.0,-0.7905903986107897,677.33,228259.8
2023-07-01,2023,7,Southwest Monsoon,Southwest Monsoon,1,Thrissur,Indian Mackerel,Rastrelliger kanagurta,3.2,Intermediate Predator,228259.8,337,3384,677.33,28.14,556.0,8.9,3.02,13.72,7.63,0.312,2269.91,364.06,0.1608,-894.655,2.768,-0.4999999999999997,-0.8660254037844388,618.33,138.28,71.94,451.37,276.18333333333334,298.15852332833504,250.45333333333335,3.471579153053287,0.4557142857142864,-51.94999999999993,28.81,10.31,6.2,227.0,0.4845814764501552,492.29,728089.7
2023-08-01,2023,8,Southwest Monsoon,Southwest Monsoon,0,Thrissur,Indian Mackerel,Rastrelliger kanagurta,3.2,Intermediate Predator,728089.7,1479,16194,492.29,27.62,454.9,7.7,3.29,11.31,6.55,1.369,2123.34,250.23,0.1183,-602.195,1.962,-0.8660254037844385,-0.5000000000000004,677.33,618.33,138.28,211.55,477.98,295.66419718998776,323.565,0.09541830259863984,0.24285714285714732,37.8857142857143,28.14,13.72,7.63,337.0,3.3887239350527025,502.05,729976.8
2023-09-01,2023,9,Southwest Monsoon,Southwest Monsoon,0,Thrissur,Indian Mackerel,Rastrelliger kanagurta,3.2,Intermediate Predator,729976.8,1454,17588,502.05,28.66,216.2,5.3,2.04,7.82,4.6,1.346,1269.61,265.98,0.2101,-353.745,1.799,-1.0,-1.8369701987210297e-16,492.29,677.33,618.33,374.75,595.9833333333335,94.52238112390769,368.4216666666667,-0.27319031678516653,0.6371428571428588,-33.77857142857144,27.62,11.31,6.55,1479.0,-0.016903312935068877,196.58,294089.2
2023-10-01,2023,10,Post-Monsoon,Post-Monsoon,0,Thrissur,Indian Mackerel,Rastrelliger kanagurta,3.2,Intermediate Predator,294089.2,1496,18859,196.58,29.22,267.5,4.4,1.04,1.36,1.55,1.385,406.78,126.01,0.3115,-44.557,0.839,-0.8660254037844386,0.5000000000000001,502.05,492.29,677.33,204.29,557.2233333333334,104.1298369024617,416.7033333333334,0.01982571208381822,0.4214285714285708,-35.05714285714288,28.66,7.82,4.6,1454.0,0.028885831988405556,207.22,337355.2
2023-11-01,2023,11,Post-Monsoon,Post-Monsoon,0,Thrissur,Indian Mackerel,Rastrelliger kanagurta,3.2,Intermediate Predator,337355.2,1628,21192,207.22,29.29,139.2,3.7,1.47,1.01,0.91,1.507,391.41,121.85,0.3131,-42.816,0.781,-0.5000000000000004,0.8660254037844384,196.58,502.05,492.29,207.5,396.97333333333336,173.6143151739894,437.4766666666667,-0.608445361847518,0.27428571428571047,-28.957142857142856,29.22,1.36,1.55,1496.0,0.08823529352783895,233.67,333213.5
2023-12-01,2023,12,Winter / Post-Monsoon,Northeast/Dry,0,Thrissur,Indian Mackerel,Rastrelliger kanagurta,3.2,Intermediate Predator,333213.5,1426,18043,233.67,28.79,35.8,4.1,1.28,1.32,1.23,1.32,524.42,127.62,0.2448,-65.086,0.822,-2.4492935982947064e-16,1.0,207.22,196.58,502.05,219.67,301.95000000000005,173.37332522622972,448.9666666666667,0.05412554409779502,0.29142857142856826,0.4214285714285708,29.29,1.01,0.91,1628.0,-0.12407862331647038,155.0,208474.6
2024-01-01,2024,1,Winter / Post-Monsoon,Northeast/Dry,0,Thrissur,Indian Mackerel,Rastrelliger kanagurta,3.2,Intermediate Predator,208474.6,1345,19311,155.0,28.07,8.9,3.0,1.0,0.37,0.51,1.245,442.87,90.13,0.2053,-38.727,0.612,0.49999999999999994,0.8660254037844387,233.67,207.22,196.58,238.66,212.49,19.09834286005066,384.85666666666674,0.1276421133267969,-0.20642857142857096,0.44285714285714306,28.79,1.32,1.23,1426.0,-0.056802243640937986,229.66,325653.6
2024-02-01,2024,2,Winter / Post-Monsoon,Northeast/Dry,0,Thrissur,Indian Mackerel,Rastrelliger kanagurta,3.2,Intermediate Predator,325653.6,1418,15290,229.66,28.2,10.9,4.1,1.59,1.24,1.06,1.313,546.03,123.93,0.2284,-67.906,0.957,0.8660254037844386,0.5000000000000001,155.0,233.67,207.22,223.15,198.63,40.032278226451865,297.8016666666667,-0.33667135975215645,-0.45142857142857196,0.24285714285714377,28.07,0.37,0.51,1345.0,0.05427509253327069,138.56,174304.9
2024-03-01,2024,3,Pre-Monsoon / Summer,Pre-Monsoon,0,Thrissur,Indian Mackerel,Rastrelliger kanagurta,3.2,Intermediate Predator,174304.9,1258,15838,138.56,29.67,29.2,3.5,0.63,1.03,0.77,1.165,242.38,92.82,0.3855,-16.222,0.618,1.0,6.123233995736766e-17,229.66,155.0,233.67,212.36,206.10999999999999,44.30794623992462,254.02999999999997,0.4816773882788781,0.134285714285717,4.464285714285712,28.2,1.24,1.06,1418.0,-0.1128349780477082,165.4,211544.5
2024-04-01,2024,4,Pre-Monsoon / Summer,Pre-Monsoon,0,Thrissur,Indian Mackerel,Rastrelliger kanagurta,3.2,Intermediate Predator,211544.5,1279,16833,165.4,30.3,106.9,4.1,1.86,1.27,0.87,1.184,101.85,96.72,0.9501,-5.764,0.569,0.8660254037844387,-0.4999999999999998,138.56,229.66,155.0,71.94,174.40666666666667,48.551689294332384,193.44833333333335,-0.39667332593079657,-0.001428571428572667,17.492857142857147,29.67,1.03,0.77,1258.0,0.016693163619291226,148.94,199876.3
2024-05-01,2024,5,Pre-Monsoon / Summer,Pre-Monsoon,0,Thrissur,Indian Mackerel,Rastrelliger kanagurta,3.2,Intermediate Predator,199876.3,1342,13586,148.94,30.43,238.3,5.3,1.45,1.36,1.18,1.243,124.47,86.33,0.696,-5.912,0.58,0.49999999999999994,-0.8660254037844387,165.4,138.56,229.66,138.28,177.87333333333333,46.813358492351185,188.25166666666667,0.1937066834795985,0.3000000000000007,-22.757142857142867,30.3,1.27,0.87,1279.0,0.049257231827543144,550.96,119008.2
2024-06-01,2024,6,Southwest Monsoon,Southwest Monsoon,1,Thrissur,Indian Mackerel,Rastrelliger kanagurta,3.2,Intermediate Predator,119008.2,216,2184,550.96,28.07,555.8,7.7,3.7,11.28,6.5,0.2,2007.34,291.24,0.1455,-643.307,2.102,1.2246467991473532e-16,-1.0,148.94,165.4,138.56,618.33,150.96666666666667,13.534287322699843,178.53833333333333,-0.09951631804617186,-0.5207142857142841,-113.92142857142869,30.43,1.36,1.18,1342.0,-0.8390461934497303,678.35,171623.7
2024-07-01,2024,7,Southwest Monsoon,Southwest Monsoon,1,Thrissur,Indian Mackerel,Rastrelliger kanagurta,3.2,Intermediate Predator,171623.7,253,3623,678.35,28.14,586.5,8.3,3.26,12.54,7.02,0.234,2379.61,338.01,0.1424,-897.273,2.433,-0.4999999999999997,-0.8660254037844388,550.96,148.94,165.4,677.33,288.43333333333334,227.5036723513126,231.42,2.699207553430405,0.4557142857142864,-21.449999999999932,28.07,11.28,6.5,216.0,0.17129628836591257,447.34,658029.8
2024-08-01,2024,8,Southwest Monsoon,Southwest Monsoon,0,Thrissur,Indian Mackerel,Rastrelliger kanagurta,3.2,Intermediate Predator,658029.8,1471,14423,447.34,27.59,528.2,7.3,3.14,11.14,6.56,1.362,1977.65,232.32,0.1179,-513.982,1.839,-0.8660254037844385,-0.5000000000000004,678.35,550.96,148.94,492.29,459.4166666666667,276.3220465929806,318.645,0.231214603034438,0.2128571428571462,111.18571428571437,28.14,12.54,7.02,253.0,4.8142290587261245,433.52,531923.8
2024-09-01,2024,9,Southwest Monsoon,Southwest Monsoon,0,Thrissur,Indian Mackerel,Rastrelliger kanagurta,3.2,Intermediate Predator,531923.8,1227,17690,433.52,28.01,235.8,5.2,1.94,8.04,4.47,1.136,1272.83,225.63,0.1779,-304.877,1.596,-1.0,-1.8369701987210297e-16,447.34,678.35,550.96,502.05,558.8833333333333,115.70864027086887,354.925,-0.340546910288982,-0.012857142857139792,-14.178571428571416,27.59,11.14,6.56,1471.0,-0.16587355427686232,238.61,312106.2
2024-10-01,2024,10,Post-Monsoon,Post-Monsoon,0,Thrissur,Indian Mackerel,Rastrelliger kanagurta,3.2,Intermediate Predator,312106.2,1308,16035,238.61,28.65,356.4,4.4,1.23,1.23,1.57,1.211,519.92,131.08,0.2536,-64.336,0.894,-0.8660254037844386,0.5000000000000001,433.52,447.34,678.35,196.58,519.7366666666666,137.5368686328628,404.085,-0.030893726675599607,-0.14857142857142946,53.8428571428571,28.01,8.04,4.47,1227.0,0.0660146693886335,225.71,316891.5
2024-11-01,2024,11,Post-Monsoon,Post-Monsoon,0,Thrissur,Indian Mackerel,Rastrelliger kanagurta,3.2,Intermediate Predator,316891.5,1404,18314,225.71,29.19,160.4,4.1,1.38,1.39,1.31,1.3,396.01,130.42,0.331,-45.492,0.887,-0.5000000000000004,0.8660254037844384,238.61,433.52,447.34,207.22,373.1566666666666,116.72554233471526,416.28666666666663,-0.44959862406351203,0.1742857142857126,-7.7571428571428385,28.65,1.23,1.57,1308.0,0.07339449485172404,219.59,240666.9
2024-12-01,2024,12,Winter / Post-Monsoon,Northeast/Dry,0,Thrissur,Indian Mackerel,Rastrelliger kanagurta,3.2,Intermediate Predator,240666.9,1096,12225,219.59,28.88,38.5,3.2,0.63,1.38,1.12,1.015,525.63,128.75,0.2464,-66.541,0.945,-2.4492935982947064e-16,1.0,225.71,238.61,433.52,233.67,299.28,116.43404012573,429.08166666666665,-0.05406311327844127,0.3814285714285681,3.1214285714285737,29.19,1.39,1.31,1404.0,-0.21937321781073207,217.58,288724.9
2025-01-01,2025,1,Winter / Post-Monsoon,Northeast/Dry,0,Thrissur,Indian Mackerel,Rastrelliger kanagurta,3.2,Intermediate Predator,288724.9,1327,13547,217.58,28.27,8.2,3.3,1.34,1.16,0.74,1.229,325.46,118.08,0.3648,-32.778,0.822,0.49999999999999994,0.8660254037844387,219.59,225.71,238.61,155.0,227.96999999999994,9.70931511488515,373.8533333333333,-0.027114437680455572,-0.006428571428571672,-0.257142857142858,28.88,1.38,1.12,1096.0,0.21076642143461294,204.55,310302.3
2025-02-01,2025,2,Winter / Post-Monsoon,Northeast/Dry,0,Thrissur,Indian Mackerel,Rastrelliger kanagurta,3.2,Intermediate Predator,310302.3,1517,15871,204.55,29.05,11.8,3.5,1.3,1.05,0.93,1.405,359.87,118.6,0.3314,-37.045,0.766,0.8660254037844386,0.5000000000000001,217.58,219.59,225.71,229.66,220.95999999999995,4.234607419837164,297.05833333333334,-0.009153421870147876,0.39857142857142946,1.1428571428571441,28.27,1.16,0.74,1327.0,0.14318010442215445,153.52,258684.9
2025-03-01,2025,3,Pre-Monsoon / Summer,Pre-Monsoon,0,Thrissur,Indian Mackerel,Rastrelliger kanagurta,3.2,Intermediate Predator,258684.9,1685,24431,153.52,29.46,20.8,4.2,0.97,1.05,0.73,1.56,249.39,96.02,0.3875,-17.73,0.744,1.0,6.123233995736766e-17,204.55,217.58,219.59,138.56,213.90666666666664,8.165196466312132,256.5933333333333,-0.05988601618319624,-0.07571428571428385,-3.935714285714287,29.05,1.05,0.93,1517.0,0.11074489050267047,129.74,183447.0
2025-04-01,2025,4,Pre-Monsoon / Summer,Pre-Monsoon,0,Thrissur,Indian Mackerel,Rastrelliger kanagurta,3.2,Intermediate Predator,183447.0,1414,17804,129.74,29.88,87.4,3.2,1.37,0.0,0.54,1.309,190.04,80.34,0.4258,-9.592,0.495,0.8660254037844387,-0.4999999999999998,153.52,204.55,217.58,165.4,191.8833333333333,33.85637655351626,209.92666666666665,-0.2494744439269399,-0.4214285714285744,-2.0071428571428527,29.46,1.05,0.73,1685.0,-0.16083085957963883,143.51,181824.9
2025-05-01,2025,5,Pre-Monsoon / Summer,Pre-Monsoon,0,Thrissur,Indian Mackerel,Rastrelliger kanagurta,3.2,Intermediate Predator,181824.9,1267,16105,143.51,29.7,258.8,5.7,2.3,1.8,1.59,1.173,326.46,92.19,0.2846,-22.481,0.562,0.49999999999999994,-0.8660254037844387,129.74,153.52,204.55,148.94,162.6033333333333,38.223215894708545,191.78166666666667,-0.15489837448551494,-0.4299999999999997,-2.257142857142867,29.88,0.0,0.54,1414.0,-0.10396039530438193,640.37,144723.1
2025-06-01,2025,6,Southwest Monsoon,Southwest Monsoon,1,Thrissur,Indian Mackerel,Rastrelliger kanagurta,3.2,Intermediate Predator,144723.1,226,2803,640.37,28.49,572.2,8.5,3.26,12.44,7.31,0.209,2001.82,335.4,0.168,-717.074,2.374,1.2246467991473532e-16,-1.0,143.51,129.74,153.52,550.96,142.25666666666663,11.939440243726196,178.08166666666668,0.10613533943769528,-0.10071428571428598,-97.5214285714286,29.7,1.8,1.59,1267.0,-0.821625881439417,512.64,147640.1
2025-07-01,2025,7,Southwest Monsoon,Southwest Monsoon,1,Thrissur,Indian Mackerel,Rastrelliger kanagurta,3.2,Intermediate Predator,147640.1,288,3002,512.64,27.83,707.7,7.6,3.22,11.18,6.95,0.267,1903.04,258.18,0.1361,-532.666,1.885,-0.4999999999999997,-0.8660254037844388,640.37,143.51,129.74,678.35,304.53999999999996,290.91879433958906,248.21166666666667,3.4621975150026123,0.14571428571428413,99.75000000000011,28.49,12.44,7.31,226.0,0.27433627104706765,348.06,509555.5
2025-08-01,2025,8,Southwest Monsoon,Southwest Monsoon,0,Thrissur,Indian Mackerel,Rastrelliger kanagurta,3.2,Intermediate Predator,509555.5,1464,15511,348.06,27.35,339.2,6.5,2.71,10.01,5.62,1.356,1396.48,176.67,0.1271,-261.731,1.209,-0.8660254037844385,-0.5000000000000004,512.64,640.37,143.51,447.34,432.17333333333335,258.0186586922221,297.3883333333334,-0.1994628074478379,-0.02714285714285225,-77.81428571428569,27.83,11.18,6.95,288.0,4.083333191550931,448.63,722749.4
2025-09-01,2025,9,Southwest Monsoon,Southwest Monsoon,0,Thrissur,Indian Mackerel,Rastrelliger kanagurta,3.2,Intermediate Predator,722749.4,1611,18919,448.63,28.46,276.5,5.3,2.21,8.2,4.81,1.492,1350.7,236.7,0.1759,-339.774,1.609,-1.0,-1.8369701987210297e-16,348.06,512.64,640.37,433.52,500.3566666666666,146.5416126338637,321.3066666666667,-0.32104400122807425,0.4371428571428595,26.521428571428572,27.35,10.01,5.62,1464.0,0.10040983537971424,161.4,205460.0
2025-10-01,2025,10,Post-Monsoon,Post-Monsoon,0,Thrissur,Indian Mackerel,Rastrelliger kanagurta,3.2,Intermediate Predator,205460.0,1273,17993,161.4,28.44,287.7,3.2,0.99,0.82,1.27,1.179,523.31,94.0,0.1812,-47.076,0.797,-0.8660254037844386,0.5000000000000001,448.63,348.06,512.64,238.61,436.4433333333333,82.96402975587304,370.4916666666666,0.2889444265659821,-0.35857142857142676,-14.85714285714289,28.46,8.2,4.81,1611.0,-0.20980757163372085,152.18,218687.1
2025-11-01,2025,11,Post-Monsoon,Post-Monsoon,0,Thrissur,Indian Mackerel,Rastrelliger kanagurta,3.2,Intermediate Predator,218687.1,1437,20243,152.18,28.76,178.7,3.9,1.21,0.9,1.11,1.331,324.42,93.78,0.2913,-23.806,0.711,-0.5000000000000004,0.8660254037844384,161.4,448.63,348.06,225.71,319.3633333333333,145.74941589362692,375.7683333333334,-0.6402380438169976,-0.2557142857142871,10.542857142857144,28.44,0.82,1.27,1273.0,0.12882953551587167,148.09,205406.2
