date,year,month,season,monsoon_phase,is_monsoon_ban,district,species,scientific_name,trophic_level,trophic_role,catch_kg,fishing_effort_trips,fishing_hours,cpue_kg_trip,sea_surface_temperature_c,rainfall_mm,wind_speed_ms,wave_height_m,upwelling_index,chlorophyll_a_mg_m3,fishing_pressure,prey_index,predator_index,trophic_ratio,lotka_volterra_proxy,relative_abundance_proxy,month_sin,month_cos,cpue_lag_1,cpue_lag_2,cpue_lag_3,cpue_lag_12,cpue_rolling_mean_3,cpue_rolling_std_3,cpue_rolling_mean_6,cpue_change_1m,sst_anomaly,rainfall_anomaly,sst_lag_1,upwelling_lag_1,chl_a_lag_1,effort_lag_1,effort_change_1m,target_cpue_next,target_catch_next
2012-04-01,2012,4,Pre-Monsoon / Summer,Pre-Monsoon,0,Alappuzha,Oil Sardine,Sardinella longiceps,2.3,Prey (Small Pelagic),1229291.5,2739,38767,448.81,30.52,77.2,5.0,1.47,1.52,0.98,1.383,448.81,271.29,0.6053,-118.296,0.446,0.8660254037844387,-0.4999999999999998,1222.4,1526.25,1556.72,1435.1233333333332,1435.1233333333332,184.85269171243718,1435.1233333333332,-0.19908271777832776,0.2185714285714262,-12.207142857142856,29.29,1.05,0.79,2333.0,0.1740248599484575,570.56,1381327.2
2012-05-01,2012,5,Pre-Monsoon / Summer,Pre-Monsoon,0,Alappuzha,Oil Sardine,Sardinella longiceps,2.3,Prey (Small Pelagic),1381327.2,2421,32308,570.56,30.32,246.6,6.3,1.7,1.64,1.33,1.223,570.56,252.74,0.4439,-143.869,0.633,0.49999999999999994,-0.8660254037844387,448.81,1222.4,1526.25,1065.82,1065.82,555.5242665266751,1188.545,-0.6328452173360176,0.19000000000000128,-14.457142857142884,30.52,1.52,0.98,2739.0,-0.1161007662792962,6839.93,3077968.6
2012-06-01,2012,6,Southwest Monsoon,Southwest Monsoon,1,Alappuzha,Oil Sardine,Sardinella longiceps,2.3,Prey (Small Pelagic),3077968.6,450,5091,6839.93,28.42,588.9,6.7,3.61,9.75,5.97,0.227,6839.93,920.1,0.1346,-7907.303,6.415,1.2246467991473532e-16,-1.0,570.56,448.81,1222.4,747.2566666666667,747.2566666666667,415.9647293140775,1064.9479999999999,0.2712729156820721,-0.1707142857142827,-80.82142857142867,30.32,1.64,1.33,2421.0,-0.8141263906892755,7957.74,4480207.5
2012-07-01,2012,7,Southwest Monsoon,Southwest Monsoon,1,Alappuzha,Oil Sardine,Sardinella longiceps,2.3,Prey (Small Pelagic),4480207.5,563,5659,7957.74,27.6,763.4,8.4,3.55,12.85,7.49,0.284,7957.74,885.02,0.1113,-8908.658,7.8,-0.4999999999999997,-0.8660254037844388,6839.93,570.56,448.81,2619.766666666667,2619.766666666667,3655.2755963994473,2027.445,10.988099218520418,-0.08428571428571274,155.45000000000005,28.42,9.75,5.97,450.0,0.25111110553086435,3229.17,6920121.8
2012-08-01,2012,8,Southwest Monsoon,Southwest Monsoon,0,Alappuzha,Oil Sardine,Sardinella longiceps,2.3,Prey (Small Pelagic),6920121.8,2143,22554,3229.17,26.74,289.1,6.5,2.51,9.81,5.42,1.082,3229.17,375.54,0.1166,-1515.633,3.58,-0.8660254037844385,-0.5000000000000004,7957.74,6839.93,570.56,5122.743333333333,5122.743333333333,3981.727592921612,3094.281666666667,0.1634241868507072,-0.6371428571428552,-127.91428571428565,27.6,12.85,7.49,563.0,2.8063942663162655,4902.01,11808942.3
2012-09-01,2012,9,Southwest Monsoon,Southwest Monsoon,0,Alappuzha,Oil Sardine,Sardinella longiceps,2.3,Prey (Small Pelagic),11808942.3,2409,33268,4902.01,27.84,330.7,5.8,1.86,8.89,5.16,1.217,4902.01,667.68,0.1364,-4132.18,5.504,-1.0,-1.8369701987210297e-16,3229.17,7957.74,6839.93,6008.946666666667,6008.946666666667,2471.3849429891197,3378.101666666667,-0.5942101644509494,-0.1828571428571415,80.72142857142856,26.74,9.81,5.42,2143.0,0.12412505775023304,1799.09,5111216.2
2012-10-01,2012,10,Post-Monsoon,Post-Monsoon,0,Alappuzha,Oil Sardine,Sardinella longiceps,2.3,Prey (Small Pelagic),5111216.2,2841,37681,1799.09,28.49,328.5,3.6,1.19,1.08,1.61,1.435,1799.09,421.16,0.2345,-931.041,1.922,-0.8660254037844386,0.5000000000000001,4902.01,3229.17,7957.74,5362.973333333333,5362.973333333333,2397.7508121640435,3991.3700000000003,0.5180402378380815,-0.3085714285714296,25.94285714285712,27.84,8.89,5.16,2409.0,0.17932752104886873,1442.88,3490316.3
2012-11-01,2012,11,Post-Monsoon,Post-Monsoon,0,Alappuzha,Oil Sardine,Sardinella longiceps,2.3,Prey (Small Pelagic),3490316.3,2419,30457,1442.88,29.06,191.9,3.8,1.38,1.11,1.43,1.222,1442.88,419.92,0.2915,-709.983,1.497,-0.5000000000000004,0.8660254037844384,1799.09,4902.01,3229.17,3310.09,3310.09,1553.0419074835017,4216.416666666667,-0.6329893234958939,0.04428571428571004,23.74285714285716,28.49,1.08,1.61,2841.0,-0.14853924622126277,1865.18,4780447.2
2012-12-01,2012,12,Winter / Post-Monsoon,Northeast/Dry,0,Alappuzha,Oil Sardine,Sardinella longiceps,2.3,Prey (Small Pelagic),4780447.2,2563,26496,1865.18,28.23,36.7,3.8,0.69,1.12,0.96,1.294,1865.18,389.47,0.2092,-962.614,1.729,-2.4492935982947064e-16,1.0,1442.88,1799.09,4902.01,2714.6600000000003,2714.6600000000003,1902.6550943090008,4361.803333333333,-0.1979945405844368,-0.26857142857143046,1.3214285714285765,29.06,1.11,1.43,2419.0,0.05952873063444096,1327.35,3249352.7
2013-01-01,2013,1,Winter / Post-Monsoon,Northeast/Dry,0,Alappuzha,Oil Sardine,Sardinella longiceps,2.3,Prey (Small Pelagic),3249352.7,2448,23993,1327.35,28.6,7.0,3.3,0.56,0.8,0.64,1.236,1327.35,359.99,0.2718,-592.975,1.457,0.49999999999999994,0.8660254037844387,1865.18,1442.88,1799.09,1556.72,1702.3833333333332,227.1529375405985,3532.6783333333333,0.2926785297968054,0.3235714285714302,-1.4571428571428573,28.23,1.12,0.96,2563.0,-0.0448692936212669,1605.14,3748004.5
2013-02-01,2013,2,Winter / Post-Monsoon,Northeast/Dry,0,Alappuzha,Oil Sardine,Sardinella longiceps,2.3,Prey (Small Pelagic),3748004.5,2335,26240,1605.14,28.47,9.1,3.9,0.72,0.96,0.79,1.179,1605.14,354.51,0.2213,-743.709,1.655,0.8660254037844386,0.5000000000000001,1327.35,1865.18,1442.88,1526.25,1545.1366666666665,283.12116952521023,2427.6133333333332,-0.28835286520146663,-0.18142857142857238,-1.557142857142857,28.6,0.8,0.64,2448.0,-0.04616013053039162,945.77,2319038.7
2013-03-01,2013,3,Pre-Monsoon / Summer,Pre-Monsoon,0,Alappuzha,Oil Sardine,Sardinella longiceps,2.3,Prey (Small Pelagic),2319038.7,2452,28864,945.77,29.4,25.6,3.6,1.1,1.21,1.11,1.238,945.77,375.65,0.3978,-389.603,1.13,1.0,6.123233995736766e-17,1605.14,1327.35,1865.18,1222.4,1599.2233333333334,268.9638124977465,2156.9416666666666,0.20928164983401795,-0.13571428571428612,0.8642857142857139,28.47,0.96,0.79,2335.0,0.050107066166565024,787.98,2062929.1
2013-04-01,2013,4,Pre-Monsoon / Summer,Pre-Monsoon,0,Alappuzha,Oil Sardine,Sardinella longiceps,2.3,Prey (Small Pelagic),2062929.1,2618,31968,787.98,30.12,87.7,3.8,0.96,1.41,1.05,1.322,787.98,283.58,0.3607,-241.548,0.705,0.8660254037844387,-0.4999999999999998,945.77,1605.14,1327.35,448.81,1292.7533333333333,331.04364702154055,1497.5683333333334,-0.4107865954945576,-0.18142857142857238,-1.7071428571428555,29.4,1.21,1.11,2452.0,0.06769983659176249,915.46,2632862.3
2013-05-01,2013,5,Pre-Monsoon / Summer,Pre-Monsoon,0,Alappuzha,Oil Sardine,Sardinella longiceps,2.3,Prey (Small Pelagic),2632862.3,2876,38330,915.46,29.84,306.7,5.8,2.05,1.67,1.57,1.453,915.46,337.76,0.3696,-332.202,0.962,0.49999999999999994,-0.8660254037844387,787.98,945.77,1605.14,570.56,1112.9633333333334,433.47759392305613,1329.05,-0.16683760145873094,-0.28999999999999915,45.64285714285711,30.12,1.41,1.05,2618.0,0.09854850993678949,6675.03,3591164.4
2013-06-01,2013,6,Southwest Monsoon,Southwest Monsoon,1,Alappuzha,Oil Sardine,Sardinella longiceps,2.3,Prey (Small Pelagic),3591164.4,538,5963,6675.03,28.52,614.9,8.1,3.48,12.14,7.09,0.272,6675.03,1090.33,0.1635,-8600.181,7.457,1.2246467991473532e-16,-1.0,915.46,787.98,945.77,6839.93,883.07,83.73323772545815,1241.1466666666668,0.1617807538036403,-0.07071428571428484,-54.82142857142867,29.84,1.67,1.57,2876.0,-0.8129346286059296,5846.7,2806416.1
2013-07-01,2013,7,Southwest Monsoon,Southwest Monsoon,1,Alappuzha,Oil Sardine,Sardinella longiceps,2.3,Prey (Small Pelagic),2806416.1,480,4589,5846.7,27.7,587.9,8.5,4.07,12.71,7.2,0.242,5846.7,793.17,0.1358,-5601.853,7.443,-0.4999999999999997,-0.8660254037844388,6675.03,915.46,787.98,7957.74,2792.8233333333333,3362.693747523453,2042.7883333333332,6.291449038828031,0.015714285714285126,-20.049999999999955,28.52,12.14,7.09,538.0,-0.10780668944597233,5214.72,10132201.1
2013-08-01,2013,8,Southwest Monsoon,Southwest Monsoon,0,Alappuzha,Oil Sardine,Sardinella longiceps,2.3,Prey (Small Pelagic),10132201.1,1943,18556,5214.72,27.67,394.9,6.8,2.46,9.64,5.61,0.981,5214.72,709.27,0.1362,-4622.286,5.534,-0.8660254037844385,-0.5000000000000004,5846.7,6675.03,915.46,3229.17,4479.0633333333335,3113.837533532109,2796.013333333334,-0.12409382411151137,0.29285714285714803,-22.1142857142857,27.7,12.71,7.2,480.0,3.0479166031684044,4101.96,11165522.1
2013-09-01,2013,9,Southwest Monsoon,Southwest Monsoon,0,Alappuzha,Oil Sardine,Sardinella longiceps,2.3,Prey (Small Pelagic),11165522.1,2722,34306,4101.96,28.29,274.4,5.3,2.11,7.48,4.2,1.375,4101.96,658.33,0.1607,-3371.703,4.599,-1.0,-1.8369701987210297e-16,5214.72,5846.7,6675.03,4902.01,5912.150000000001,732.3517603583658,3397.61,-0.10809174387587565,0.2671428571428578,24.42142857142855,27.67,9.64,5.61,1943.0,0.40092640040696653,1392.24,3377567.6
2013-10-01,2013,10,Post-Monsoon,Post-Monsoon,0,Alappuzha,Oil Sardine,Sardinella longiceps,2.3,Prey (Small Pelagic),3377567.6,2426,30367,1392.24,28.79,218.6,3.3,1.35,0.83,1.22,1.225,1392.24,355.06,0.2556,-596.962,1.681,-0.8660254037844386,0.5000000000000001,4101.96,5214.72,5846.7,1799.09,5054.46,883.3413086683968,3923.6416666666664,-0.21338825437724704,-0.008571428571428896,-83.95714285714288,28.29,7.48,4.2,2722.0,-0.10874357050424845,1519.68,3581896.7
2013-11-01,2013,11,Post-Monsoon,Post-Monsoon,0,Alappuzha,Oil Sardine,Sardinella longiceps,2.3,Prey (Small Pelagic),3581896.7,2357,28199,1519.68,28.98,167.2,4.0,0.92,1.51,1.41,1.19,1519.68,387.6,0.2555,-709.424,1.547,-0.5000000000000004,0.8660254037844384,1392.24,4101.96,5214.72,1442.88,3569.64,1966.0523325689962,4024.351666666667,-0.6605915204912006,-0.03571428571428825,-0.9571428571428555,28.79,0.83,1.22,2426.0,-0.028441879520025228,1517.91,3585301.3
2013-12-01,2013,12,Winter / Post-Monsoon,Northeast/Dry,0,Alappuzha,Oil Sardine,Sardinella longiceps,2.3,Prey (Small Pelagic),3585301.3,2362,25139,1517.91,28.38,33.9,3.3,1.21,1.1,0.97,1.193,1517.91,367.93,0.2429,-700.226,1.565,-2.4492935982947064e-16,1.0,1519.68,1392.24,4101.96,1865.18,2337.9600000000005,1528.9971348566958,4125.055,0.09153594142147951,-0.11857142857143188,-1.4785714285714278,28.98,1.51,1.41,2357.0,0.00212134067831421,1151.2,2663882.1
2014-01-01,2014,1,Winter / Post-Monsoon,Northeast/Dry,0,Alappuzha,Oil Sardine,Sardinella longiceps,2.3,Prey (Small Pelagic),2663882.1,2314,27928,1151.2,27.93,6.7,4.1,0.81,1.43,1.1,1.169,1151.2,321.27,0.2797,-433.499,1.527,0.49999999999999994,0.8660254037844387,1517.91,1519.68,1392.24,1327.35,1476.6100000000004,73.07192278831593,3265.535,-0.001164718880522737,-0.34642857142857153,-1.7571428571428571,28.38,1.1,0.97,2362.0,-0.020321761133269427,1370.26,2830953.2
2014-02-01,2014,2,Winter / Post-Monsoon,Northeast/Dry,0,Alappuzha,Oil Sardine,Sardinella longiceps,2.3,Prey (Small Pelagic),2830953.2,2066,29631,1370.26,28.56,14.5,4.2,0.7,1.42,1.22,1.043,1370.26,336.64,0.2462,-559.621,1.461,0.8660254037844386,0.5000000000000001,1151.2,1517.91,1519.68,1605.14,1396.2633333333335,212.23291741224935,2482.951666666667,-0.24158876190558887,-0.09142857142857252,3.8428571428571434,27.93,1.43,1.1,2314.0,-0.10717372468809971,980.92,2526851.2
2014-03-01,2014,3,Pre-Monsoon / Summer,Pre-Monsoon,0,Alappuzha,Oil Sardine,Sardinella longiceps,2.3,Prey (Small Pelagic),2526851.2,2576,25894,980.92,29.3,19.8,3.7,1.28,1.04,1.05,1.301,980.92,301.23,0.3078,-335.529,1.153,1.0,6.123233995736766e-17,1370.26,1151.2,1517.91,945.77,1346.456666666667,184.5101759614208,1842.2083333333337,0.19028839306559764,-0.235714285714284,-4.935714285714287,28.56,1.42,1.22,2066.0,0.24685382261929414,540.66,1204041.5
2014-04-01,2014,4,Pre-Monsoon / Summer,Pre-Monsoon,0,Alappuzha,Oil Sardine,Sardinella longiceps,2.3,Prey (Small Pelagic),1204041.5,2227,30103,540.66,30.0,79.0,3.3,1.27,1.04,0.61,1.125,540.66,229.68,0.4259,-127.511,0.582,0.8660254037844387,-0.4999999999999998,980.92,1370.26,1151.2,787.98,1167.4600000000003,195.17863510123357,1322.035,-0.2841358553549264,-0.3014285714285734,-10.407142857142858,29.3,1.04,1.05,2576.0,-0.13548136593369034,564.41,1417788.1
2014-05-01,2014,5,Pre-Monsoon / Summer,Pre-Monsoon,0,Alappuzha,Oil Sardine,Sardinella longiceps,2.3,Prey (Small Pelagic),1417788.1,2512,26991,564.41,30.14,259.9,4.6,1.68,1.56,1.33,1.269,564.41,276.01,0.4899,-155.151,0.647,0.49999999999999994,-0.8660254037844387,540.66,980.92,1370.26,915.46,963.946666666667,415.0603697455503,1180.105,-0.4488235488233134,0.010000000000001563,-1.157142857142901,30.0,1.04,0.61,2227.0,0.12797485348911156,5725.42,2564989.3
2014-06-01,2014,6,Southwest Monsoon,Southwest Monsoon,1,Alappuzha,Oil Sardine,Sardinella longiceps,2.3,Prey (Small Pelagic),2564989.3,448,5306,5725.42,28.69,480.4,8.4,3.2,12.56,7.11,0.226,5725.42,932.64,0.163,-6269.376,6.334,1.2246467991473532e-16,-1.0,564.41,540.66,980.92,6675.03,695.3300000000003,247.61310890172697,1020.8933333333333,0.043927791145492716,0.09928571428571686,-189.32142857142867,30.14,1.56,1.33,2512.0,-0.8216560476844902,5351.17,2836121.9
2014-07-01,2014,7,Southwest Monsoon,Southwest Monsoon,1,Alappuzha,Oil Sardine,Sardinella longiceps,2.3,Prey (Small Pelagic),2836121.9,530,7023,5351.17,27.65,509.6,7.9,3.39,11.67,6.62,0.268,5351.17,636.41,0.1191,-4254.21,5.851,-0.4999999999999997,-0.8660254037844388,5725.42,564.41,540.66,5846.7,2276.8300000000004,2986.5901554615734,1722.1449999999998,9.144079496393058,-0.034285714285715585,-98.34999999999991,28.69,12.56,7.11,448.0,0.18303571020009576,4073.1,8602391.9
2014-08-01,2014,8,Southwest Monsoon,Southwest Monsoon,0,Alappuzha,Oil Sardine,Sardinella longiceps,2.3,Prey (Small Pelagic),8602391.9,2112,24406,4073.1,27.15,482.4,7.6,2.53,11.02,6.31,1.067,4073.1,466.28,0.1147,-2363.789,4.488,-0.8660254037844385,-0.5000000000000004,5351.17,5725.42,564.41,5214.72,3880.3333333333335,2877.76413731795,2422.14,-0.06536638348738366,-0.2271428571428551,65.3857142857143,27.65,11.67,6.62,530.0,2.984905604058385,4134.17,10814977.8
2014-09-01,2014,9,Southwest Monsoon,Southwest Monsoon,0,Alappuzha,Oil Sardine,Sardinella longiceps,2.3,Prey (Small Pelagic),10814977.8,2616,30125,4134.17,27.89,281.5,6.0,1.88,8.88,5.07,1.321,4134.17,544.19,0.1318,-2837.274,4.33,-1.0,-1.8369701987210297e-16,4073.1,5351.17,5725.42,4101.96,5049.8966666666665,866.3801484529341,2872.6133333333332,-0.2388393561803506,-0.1328571428571408,31.521428571428572,27.15,11.02,6.31,2112.0,0.2386363625064566,1309.31,3448723.5
2014-10-01,2014,10,Post-Monsoon,Post-Monsoon,0,Alappuzha,Oil Sardine,Sardinella longiceps,2.3,Prey (Small Pelagic),3448723.5,2634,32264,1309.31,28.72,355.1,3.9,1.19,1.1,1.49,1.33,1309.31,356.0,0.2725,-543.825,1.487,-0.8660254037844386,0.5000000000000001,4134.17,4073.1,5351.17,1392.24,4519.4800000000005,720.9116300213175,3398.155,0.014993493862184877,-0.07857142857142918,52.542857142857144,27.89,8.88,5.07,2616.0,0.006880733918651628,1133.94,2986811.1
2014-11-01,2014,11,Post-Monsoon,Post-Monsoon,0,Alappuzha,Oil Sardine,Sardinella longiceps,2.3,Prey (Small Pelagic),2986811.1,2634,29395,1133.94,28.96,190.7,3.2,1.03,0.73,1.19,1.33,1133.94,331.75,0.2932,-434.567,1.258,-0.5000000000000004,0.8660254037844384,1309.31,4134.17,4073.1,1519.68,3172.193333333333,1613.593232953498,3526.263333333333,-0.6832955570687815,-0.055714285714287826,22.542857142857144,28.72,1.1,1.49,2634.0,0.0,1209.48,2712857.3
2014-12-01,2014,12,Winter / Post-Monsoon,Northeast/Dry,0,Alappuzha,Oil Sardine,Sardinella longiceps,2.3,Prey (Small Pelagic),2712857.3,2243,27380,1209.48,28.65,30.7,3.1,1.4,1.27,0.95,1.133,1209.48,315.22,0.2612,-459.656,1.409,-2.4492935982947064e-16,1.0,1133.94,1309.31,4134.17,1517.91,2192.4733333333334,1683.843258214172,3621.185,-0.13394077694403322,0.1514285714285677,-4.678571428571427,28.96,0.73,1.19,2634.0,-0.1484434314789543,562.88,1670073.7
2015-01-01,2015,1,Winter / Post-Monsoon,Northeast/Dry,0,Alappuzha,Oil Sardine,Sardinella longiceps,2.3,Prey (Small Pelagic),1670073.7,2967,33837,562.88,29.02,8.2,3.0,0.9,0.88,0.8,1.498,562.88,170.62,0.3044,-99.161,0.602,0.49999999999999994,0.8660254037844387,1209.48,1133.94,1309.31,1151.2,1217.5766666666666,87.96491478604501,2868.5283333333336,0.06661728075015182,0.7435714285714283,-0.257142857142858,28.65,1.27,0.95,2243.0,0.3227819869693179,492.45,1337486.5
2015-02-01,2015,2,Winter / Post-Monsoon,Northeast/Dry,0,Alappuzha,Oil Sardine,Sardinella longiceps,2.3,Prey (Small Pelagic),1337486.5,2716,35727,492.45,29.64,7.2,3.4,1.03,1.17,0.81,1.372,492.45,175.89,0.3585,-85.863,0.619,0.8660254037844386,0.5000000000000001,562.88,1209.48,1133.94,1370.26,968.7666666666668,353.53155804442054,2070.48,-0.5346099105846321,0.9885714285714293,-3.4571428571428564,29.02,0.88,0.8,2967.0,-0.08459723598046094,329.58,868439.0
2015-03-01,2015,3,Pre-Monsoon / Summer,Pre-Monsoon,0,Alappuzha,Oil Sardine,Sardinella longiceps,2.3,Prey (Small Pelagic),868439.0,2635,35045,329.58,29.9,21.0,4.6,1.43,1.96,1.08,1.331,329.58,146.68,0.4467,-41.848,0.381,1.0,6.123233995736766e-17,492.45,562.88,1209.48,980.92,754.9366666666666,395.2180760457635,1473.705,-0.12512435820913237,0.3642857142857139,-3.7357142857142875,29.64,1.17,0.81,2716.0,-0.02982326940418531,160.43,423208.1
2015-04-01,2015,4,Pre-Monsoon / Summer,Pre-Monsoon,0,Alappuzha,Oil Sardine,Sardinella longiceps,2.3,Prey (Small Pelagic),423208.1,2638,28342,160.43,30.71,82.4,4.8,1.21,1.75,1.02,1.332,160.43,96.99,0.607,-9.94,0.169,0.8660254037844387,-0.4999999999999998,329.58,492.45,562.88,540.66,461.6366666666666,119.66335543228782,839.6066666666667,-0.33073407796255305,0.4085714285714275,-7.007142857142853,29.9,1.96,1.08,2635.0,0.0011385199197779129,343.64,848449.6
2015-05-01,2015,5,Pre-Monsoon / Summer,Pre-Monsoon,0,Alappuzha,Oil Sardine,Sardinella longiceps,2.3,Prey (Small Pelagic),848449.6,2469,24416,343.64,30.46,286.9,5.5,1.76,1.95,1.51,1.247,343.64,139.39,0.4074,-40.537,0.378,0.49999999999999994,-0.8660254037844387,160.43,329.58,492.45,564.41,327.4866666666667,166.01989830533472,648.1266666666667,-0.5132289424956326,0.33000000000000185,25.8428571428571,30.71,1.75,1.02,2638.0,-0.06406368436670323,3254.52,1776967.2
2015-06-01,2015,6,Southwest Monsoon,Southwest Monsoon,1,Alappuzha,Oil Sardine,Sardinella longiceps,2.3,Prey (Small Pelagic),1776967.2,546,6121,3254.52,28.75,597.7,7.7,3.13,11.54,6.84,0.276,3254.52,495.52,0.1525,-1853.608,3.374,1.2246467991473532e-16,-1.0,343.64,160.43,329.58,5725.42,277.8833333333333,101.96021299170353,516.41,1.141993321573688,0.15928571428571558,-72.0214285714286,30.46,1.95,1.51,2469.0,-0.7788578340264972,3623.92,1913429.6
2015-07-01,2015,7,Southwest Monsoon,Southwest Monsoon,1,Alappuzha,Oil Sardine,Sardinella longiceps,2.3,Prey (Small Pelagic),1913429.6,528,5522,3623.92,28.75,662.2,7.9,3.45,11.82,7.02,0.267,3623.92,535.73,0.1481,-2251.744,3.597,-0.4999999999999997,-0.8660254037844388,3254.52,343.64,160.43,5351.17,1252.8633333333335,1735.904241147338,857.25,8.470724931011382,1.0657142857142858,54.250000000000114,28.75,11.54,6.84,546.0,-0.03296703236324117,2346.28,4821614.3
2015-08-01,2015,8,Southwest Monsoon,Southwest Monsoon,0,Alappuzha,Oil Sardine,Sardinella longiceps,2.3,Prey (Small Pelagic),4821614.3,2055,19936,2346.28,28.29,360.8,7.1,3.14,10.16,5.72,1.038,2346.28,414.17,0.1769,-1091.186,3.022,-0.8660254037844385,-0.5000000000000004,3623.92,3254.52,343.64,4073.1,2407.36,1796.7524227895133,1367.4233333333334,0.11350368068561978,0.9128571428571455,-56.214285714285666,28.75,11.82,7.02,528.0,2.8920453997718676,1918.48,4385652.4
2015-09-01,2015,9,Southwest Monsoon,Southwest Monsoon,0,Alappuzha,Oil Sardine,Sardinella longiceps,2.3,Prey (Small Pelagic),4385652.4,2286,32460,1918.48,28.22,157.4,5.6,1.98,8.25,4.45,1.155,1918.48,356.39,0.1862,-773.066,2.321,-1.0,-1.8369701987210297e-16,2346.28,3623.92,3254.52,4134.17,3074.906666666667,657.4851363592336,1676.3950000000002,-0.3525574506265109,0.1971428571428575,-92.57857142857142,28.29,10.16,5.72,2055.0,0.11240875857708632,452.21,939249.8
2015-10-01,2015,10,Post-Monsoon,Post-Monsoon,0,Alappuzha,Oil Sardine,Sardinella longiceps,2.3,Prey (Small Pelagic),939249.8,2077,29031,452.21,29.74,336.7,3.8,1.21,0.92,1.24,1.049,452.21,150.75,0.3348,-63.646,0.47,-0.8660254037844386,0.5000000000000001,1918.48,2346.28,3623.92,1309.31,2629.56,887.3088905223398,1941.2116666666668,-0.1823311787922534,0.9414285714285704,34.14285714285711,28.22,8.25,4.45,2286.0,-0.09142607134109329,420.42,1052739.7
2015-11-01,2015,11,Post-Monsoon,Post-Monsoon,0,Alappuzha,Oil Sardine,Sardinella longiceps,2.3,Prey (Small Pelagic),1052739.7,2504,34233,420.42,29.69,164.8,3.9,1.04,0.67,1.02,1.265,420.42,187.36,0.447,-74.237,0.396,-0.5000000000000004,0.8660254037844384,452.21,1918.48,2346.28,1133.94,1572.323333333333,993.3496965486602,1989.8416666666665,-0.7642873485035687,0.6742857142857126,-3.357142857142833,29.74,0.92,1.24,2077.0,0.20558497734431883,465.84,1050945.9
2015-12-01,2015,12,Winter / Post-Monsoon,Northeast/Dry,0,Alappuzha,Oil Sardine,Sardinella longiceps,2.3,Prey (Small Pelagic),1050945.9,2256,30675,465.84,29.24,30.8,3.9,1.35,1.33,1.01,1.139,465.84,187.06,0.4028,-84.142,0.564,-2.4492935982947064e-16,1.0,420.42,452.21,1918.48,1209.48,930.37,855.8759723815009,2002.6383333333333,-0.07029919572103228,0.7414285714285676,-4.578571428571426,29.69,0.67,1.02,2504.0,-0.09904153315079259,544.11,1301517.4
2016-01-01,2016,1,Winter / Post-Monsoon,Northeast/Dry,0,Alappuzha,Oil Sardine,Sardinella longiceps,2.3,Prey (Small Pelagic),1301517.4,2392,25929,544.11,28.92,10.5,4.4,1.39,0.9,0.9,1.208,544.11,155.48,0.2871,-85.86,0.577,0.49999999999999994,0.8660254037844387,465.84,420.42,452.21,562.88,446.1566666666667,23.3072141902807,1537.8583333333333,0.10803481975084858,0.6435714285714305,2.0428571428571427,29.24,1.33,1.01,2256.0,0.06028368767604748,252.38,701871.1
2016-02-01,2016,2,Winter / Post-Monsoon,Northeast/Dry,0,Alappuzha,Oil Sardine,Sardinella longiceps,2.3,Prey (Small Pelagic),701871.1,2781,40263,252.38,29.46,11.0,3.8,0.71,1.82,1.22,1.405,252.38,178.37,0.7079,-38.058,0.353,0.8660254037844386,0.5000000000000001,544.11,465.84,420.42,492.45,476.78999999999996,62.56781041380933,1024.5566666666666,0.16801905873220302,0.8085714285714296,0.3428571428571434,28.92,0.9,0.9,2392.0,0.1626254173803285,185.54,388341.2
2016-03-01,2016,3,Pre-Monsoon / Summer,Pre-Monsoon,0,Alappuzha,Oil Sardine,Sardinella longiceps,2.3,Prey (Small Pelagic),388341.2,2093,26667,185.54,30.34,24.9,3.2,1.25,1.08,0.72,1.057,185.54,96.69,0.5237,-12.133,0.198,1.0,6.123233995736766e-17,252.38,544.11,465.84,329.58,420.77666666666664,150.99545103516047,675.5733333333334,-0.5361599577997105,0.8042857142857152,0.16428571428571104,29.46,1.82,1.22,2781.0,-0.24739302320247022,141.43,290492.6
2016-04-01,2016,4,Pre-Monsoon / Summer,Pre-Monsoon,0,Alappuzha,Oil Sardine,Sardinella longiceps,2.3,Prey (Small Pelagic),290492.6,2054,20354,141.43,30.77,112.4,4.8,1.11,0.83,0.61,1.037,141.43,80.94,0.5753,-6.454,0.15,0.8660254037844387,-0.4999999999999998,185.54,252.38,544.11,160.43,327.3433333333333,190.6770495715498,386.75,-0.26483872474686093,0.4685714285714262,22.992857142857147,30.34,1.08,0.72,2093.0,-0.0186335402836429,145.11,300382.7
2016-05-01,2016,5,Pre-Monsoon / Summer,Pre-Monsoon,0,Alappuzha,Oil Sardine,Sardinella longiceps,2.3,Prey (Small Pelagic),300382.7,2070,23584,145.11,30.76,262.9,4.8,1.6,1.27,1.11,1.045,145.11,99.08,0.685,-9.043,0.152,0.49999999999999994,-0.8660254037844387,141.43,185.54,252.38,343.64,193.11666666666665,55.861704532808744,334.9533333333333,-0.23773848023399366,0.6300000000000026,1.842857142857099,30.77,0.83,0.61,2054.0,0.007789678637830191,1853.92,750838.9
2016-06-01,2016,6,Southwest Monsoon,Southwest Monsoon,1,Alappuzha,Oil Sardine,Sardinella longiceps,2.3,Prey (Small Pelagic),750838.9,405,4427,1853.92,29.39,849.2,7.9,3.17,11.56,7.31,0.205,1853.92,451.91,0.2442,-870.122,2.232,1.2246467991473532e-16,-1.0,145.11,141.43,185.54,3254.52,157.35999999999999,24.473861566523972,289.0683333333333,0.02601993735275849,0.7992857142857162,179.4785714285714,30.76,1.27,1.11,2070.0,-0.8043478222012181,3107.75,1718585.8
2016-07-01,2016,7,Southwest Monsoon,Southwest Monsoon,1,Alappuzha,Oil Sardine,Sardinella longiceps,2.3,Prey (Small Pelagic),1718585.8,553,7876,3107.75,27.91,589.9,8.5,3.21,12.81,7.35,0.279,3107.75,392.7,0.1266,-1414.957,3.156,-0.4999999999999997,-0.8660254037844388,1853.92,145.11,141.43,3623.92,713.4866666666667,987.6459519652336,520.415,11.775962250984612,0.22571428571428598,-18.049999999999955,29.39,11.56,7.31,405.0,0.3654320897424176,2533.56,4418527.7
2016-08-01,2016,8,Southwest Monsoon,Southwest Monsoon,0,Alappuzha,Oil Sardine,Sardinella longiceps,2.3,Prey (Small Pelagic),4418527.7,1744,16996,2533.56,27.83,580.7,7.4,2.58,11.52,6.65,0.881,2533.56,313.6,0.1241,-917.287,2.875,-0.8660254037844385,-0.5000000000000004,3107.75,1853.92,145.11,2346.28,1702.26,1487.1313019030908,947.6883333333334,0.676312890112233,0.4528571428571446,163.68571428571437,27.91,12.81,7.35,553.0,2.1537070134953527,1850.19,5300805.6
2016-09-01,2016,9,Southwest Monsoon,Southwest Monsoon,0,Alappuzha,Oil Sardine,Sardinella longiceps,2.3,Prey (Small Pelagic),5300805.6,2865,36698,1850.19,28.91,229.6,5.5,2.1,8.61,4.65,1.447,1850.19,323.71,0.1754,-674.22,1.836,-1.0,-1.8369701987210297e-16,2533.56,3107.75,1853.92,1918.48,2498.41,627.6536139464059,1327.885,-0.18476067835327592,0.8871428571428588,-20.378571428571433,27.83,11.52,6.65,1744.0,0.6427752256721604,462.12,1353544.6
2016-10-01,2016,10,Post-Monsoon,Post-Monsoon,0,Alappuzha,Oil Sardine,Sardinella longiceps,2.3,Prey (Small Pelagic),1353544.6,2929,35445,462.12,29.49,345.5,4.2,1.19,0.78,1.41,1.479,462.12,139.36,0.3031,-59.454,0.523,-0.8660254037844386,0.5000000000000001,1850.19,2533.56,3107.75,452.21,2497.1666666666665,629.5694119263716,1605.3266666666666,-0.2697271812401238,0.6914285714285704,42.94285714285712,28.91,8.61,4.65,2865.0,0.022338568857457,448.23,1061859.5
2016-11-01,2016,11,Post-Monsoon,Post-Monsoon,0,Alappuzha,Oil Sardine,Sardinella longiceps,2.3,Prey (Small Pelagic),1061859.5,2369,32211,448.23,29.58,126.2,3.5,1.23,1.56,1.22,1.196,448.23,131.85,0.2957,-54.541,0.462,-0.5000000000000004,0.8660254037844384,462.12,1850.19,2533.56,420.42,1615.29,1055.5090837600503,1658.7749999999999,-0.7502310532959802,0.5642857142857096,-41.95714285714284,29.49,0.78,1.41,2929.0,-0.19119153229364447,667.96,1569700.3
2016-12-01,2016,12,Winter / Post-Monsoon,Northeast/Dry,0,Alappuzha,Oil Sardine,Sardinella longiceps,2.3,Prey (Small Pelagic),1569700.3,2350,33027,667.96,28.77,38.4,3.1,0.77,1.57,1.13,1.187,667.96,185.25,0.2784,-130.853,0.684,-2.4492935982947064e-16,1.0,448.23,462.12,1850.19,465.84,920.18,805.442228282065,1709.2949999999998,-0.03005712736827818,0.2714285714285687,3.0214285714285722,29.58,1.56,1.22,2369.0,-0.00802026167994824,1029.93,2475963.2
2017-01-01,2017,1,Winter / Post-Monsoon,Northeast/Dry,0,Alappuzha,Oil Sardine,Sardinella longiceps,2.3,Prey (Small Pelagic),2475963.2,2404,34758,1029.93,28.0,8.8,4.8,0.85,1.34,1.04,1.214,1029.93,233.52,0.2275,-287.474,1.18,0.49999999999999994,0.8660254037844387,667.96,448.23,462.12,544.11,526.1033333333334,123.04762668702604,1511.635,0.49021706511797375,-0.27642857142857125,0.3428571428571434,28.77,1.57,1.13,2350.0,0.022978723306473516,979.4,2313351.4
2017-02-01,2017,2,Winter / Post-Monsoon,Northeast/Dry,0,Alappuzha,Oil Sardine,Sardinella longiceps,2.3,Prey (Small Pelagic),2313351.4,2362,29990,979.4,28.0,9.5,3.0,1.03,1.0,0.86,1.193,979.4,243.72,0.2496,-282.918,1.155,0.8660254037844386,0.5000000000000001,1029.93,667.96,448.23,252.38,715.3733333333334,293.7341325643149,1165.3316666666667,0.5419036986959743,-0.6514285714285712,-1.1571428571428566,28.0,1.34,1.04,2404.0,-0.017470881790886513,562.16,1217631.3
2017-03-01,2017,3,Pre-Monsoon / Summer,Pre-Monsoon,0,Alappuzha,Oil Sardine,Sardinella longiceps,2.3,Prey (Small Pelagic),1217631.3,2166,21507,562.16,29.51,26.0,2.9,1.4,0.69,0.59,1.094,562.16,227.24,0.4053,-132.648,0.654,1.0,6.123233995736766e-17,979.4,1029.93,667.96,185.54,892.4300000000002,196.031645149394,906.3050000000002,-0.04906158623341802,-0.025714285714283136,1.2642857142857125,28.0,1.0,0.86,2362.0,-0.08298052462751683,413.52,954397.2
2017-04-01,2017,4,Pre-Monsoon / Summer,Pre-Monsoon,0,Alappuzha,Oil Sardine,Sardinella longiceps,2.3,Prey (Small Pelagic),954397.2,2308,27698,413.52,30.32,91.4,4.9,1.34,1.15,0.84,1.166,413.52,177.62,0.4309,-69.473,0.419,0.8660254037844387,-0.4999999999999998,562.16,979.4,1029.93,141.43,857.1633333333334,256.72659627181434,691.6333333333333,-0.4260159237694923,0.018571428571426907,1.9928571428571473,29.51,0.69,0.59,2166.0,0.06555863312299799,450.15,1196045.9
2017-05-01,2017,5,Pre-Monsoon / Summer,Pre-Monsoon,0,Alappuzha,Oil Sardine,Sardinella longiceps,2.3,Prey (Small Pelagic),1196045.9,2657,26201,450.15,30.15,279.4,5.4,1.68,2.27,1.8,1.342,450.15,267.1,0.5943,-113.558,0.465,0.49999999999999994,-0.8660254037844387,413.52,562.16,979.4,145.11,651.6933333333333,293.3721304645523,683.5333333333334,-0.2644087045608242,0.019999999999999574,18.3428571428571,30.32,1.15,0.84,2308.0,0.15121317092195333,4307.99,2365088.5
2017-06-01,2017,6,Southwest Monsoon,Southwest Monsoon,1,Alappuzha,Oil Sardine,Sardinella longiceps,2.3,Prey (Small Pelagic),2365088.5,549,6253,4307.99,28.32,699.7,7.4,3.31,10.54,6.43,0.277,4307.99,695.09,0.1615,-3517.063,4.871,1.2246467991473532e-16,-1.0,450.15,413.52,562.16,1853.92,475.27666666666664,77.44013451247056,683.8533333333334,0.0885809612937473,-0.27071428571428413,29.9785714285714,30.15,2.27,1.8,2657.0,-0.7933759849703576,4043.86,2220080.4
2017-07-01,2017,7,Southwest Monsoon,Southwest Monsoon,1,Alappuzha,Oil Sardine,Sardinella longiceps,2.3,Prey (Small Pelagic),2220080.4,549,5336,4043.86,27.31,754.8,8.0,3.63,11.98,7.23,0.277,4043.86,561.4,0.139,-2667.473,4.537,-0.4999999999999997,-0.8660254037844388,4307.99,450.15,413.52,3107.75,1723.8866666666665,2237.974076532906,1290.5249999999999,8.570120880370524,-0.37428571428571544,146.85000000000002,28.32,10.54,6.43,549.0,0.0,3460.92,9302942.9
2017-08-01,2017,8,Southwest Monsoon,Southwest Monsoon,0,Alappuzha,Oil Sardine,Sardinella longiceps,2.3,Prey (Small Pelagic),9302942.9,2688,36849,3460.92,27.17,374.5,6.9,2.58,10.15,5.8,1.358,3460.92,359.26,0.1041,-1580.749,3.388,-0.8660254037844385,-0.5000000000000004,4043.86,4307.99,450.15,2533.56,2934.0,2155.1274396424883,1792.8466666666666,-0.061311655641466935,-0.20714285714285197,-42.51428571428568,27.31,11.98,7.23,549.0,3.896174792419403,2512.8,5191435.2
2017-09-01,2017,9,Southwest Monsoon,Southwest Monsoon,0,Alappuzha,Oil Sardine,Sardinella longiceps,2.3,Prey (Small Pelagic),5191435.2,2066,29450,2512.8,27.51,259.9,4.6,1.83,6.63,3.98,1.043,2512.8,359.57,0.1434,-1117.115,2.768,-1.0,-1.8369701987210297e-16,3460.92,4043.86,4307.99,1850.19,3937.59,433.41882850193673,2206.4333333333334,-0.14415434722232137,-0.5128571428571398,9.92142857142855,27.17,10.15,5.8,2688.0,-0.23139880866295084,1258.06,2802964.1
2017-10-01,2017,10,Post-Monsoon,Post-Monsoon,0,Alappuzha,Oil Sardine,Sardinella longiceps,2.3,Prey (Small Pelagic),2802964.1,2228,21410,1258.06,28.83,351.2,4.0,1.19,1.26,1.85,1.125,1258.06,343.47,0.2736,-491.578,1.221,-0.8660254037844386,0.5000000000000001,2512.8,3460.92,4043.86,462.12,3339.193333333333,772.7543056711633,2531.54,-0.2739502783249821,0.03142857142857025,48.64285714285711,27.51,6.63,3.98,2066.0,0.07841239071436402,1268.07,2793557.9
2017-11-01,2017,11,Post-Monsoon,Post-Monsoon,0,Alappuzha,Oil Sardine,Sardinella longiceps,2.3,Prey (Small Pelagic),2793557.9,2203,31494,1268.07,28.83,165.9,3.6,0.81,1.56,1.44,1.113,1268.07,332.9,0.2631,-494.548,1.277,-0.5000000000000004,0.8660254037844384,1258.06,2512.8,3460.92,448.23,2410.5933333333332,1104.9808581750715,2672.2966666666666,-0.4993393803751219,-0.18571428571429038,-2.2571428571428385,28.83,1.26,1.85,2228.0,-0.01122082580241999,1195.08,3273322.2
2017-12-01,2017,12,Winter / Post-Monsoon,Northeast/Dry,0,Alappuzha,Oil Sardine,Sardinella longiceps,2.3,Prey (Small Pelagic),3273322.2,2739,29474,1195.08,28.38,35.8,4.1,1.03,1.28,0.89,1.383,1195.08,211.76,0.1779,-330.998,1.307,-2.4492935982947064e-16,1.0,1268.07,1258.06,2512.8,667.96,1679.6433333333334,721.552197303365,2808.616666666667,0.007956695165916601,-0.11857142857143188,0.4214285714285708,28.83,1.56,1.44,2203.0,0.2433045835528616,1020.32,2160018.1
2018-01-01,2018,1,Winter / Post-Monsoon,Northeast/Dry,0,Alappuzha,Oil Sardine,Sardinella longiceps,2.3,Prey (Small Pelagic),2160018.1,2117,20479,1020.32,28.27,10.0,2.7,1.2,1.45,1.1,1.069,1020.32,258.62,0.2542,-308.077,1.267,0.49999999999999994,0.8660254037844387,1195.08,1268.07,1258.06,1029.93,1240.4033333333334,39.56897058696438,2289.7983333333336,-0.05755991343096271,-0.006428571428571672,1.5428571428571427,28.38,1.28,0.89,2739.0,-0.22709017806830895,986.76,2148167.4
2018-02-01,2018,2,Winter / Post-Monsoon,Northeast/Dry,0,Alappuzha,Oil Sardine,Sardinella longiceps,2.3,Prey (Small Pelagic),2148167.4,2177,31371,986.76,28.61,10.6,3.6,1.21,1.27,1.09,1.099,986.76,252.26,0.2564,-288.857,1.083,0.8660254037844386,0.5000000000000001,1020.32,1195.08,1268.07,979.4,1161.1566666666665,127.31107584696505,1785.875,-0.14623288695122588,-0.041428571428571814,-0.05714285714285694,28.27,1.45,1.1,2117.0,0.02834199325299011,867.6,2084835.8
2018-03-01,2018,3,Pre-Monsoon / Summer,Pre-Monsoon,0,Alappuzha,Oil Sardine,Sardinella longiceps,2.3,Prey (Small Pelagic),2084835.8,2403,23176,867.6,29.04,28.4,3.3,1.28,0.59,0.84,1.214,867.6,269.0,0.3108,-263.513,0.952,1.0,6.123233995736766e-17,986.76,1020.32,1195.08,562.16,1067.3866666666665,111.85150393853128,1373.515,-0.03289164151548891,-0.49571428571428555,3.664285714285711,28.61,1.27,1.09,2177.0,0.10381258565083791,465.73,1093996.3
2018-04-01,2018,4,Pre-Monsoon / Summer,Pre-Monsoon,0,Alappuzha,Oil Sardine,Sardinella longiceps,2.3,Prey (Small Pelagic),1093996.3,2349,30085,465.73,30.26,81.9,4.3,1.2,0.71,0.76,1.186,465.73,158.57,0.3419,-72.197,0.481,0.8660254037844387,-0.4999999999999998,867.6,986.76,1020.32,413.52,958.2266666666668,80.25872496688946,1099.315,-0.12075884591229023,-0.041428571428571814,-7.507142857142853,29.04,0.59,0.84,2403.0,-0.022471910018843487,439.95,958213.3
2018-05-01,2018,5,Pre-Monsoon / Summer,Pre-Monsoon,0,Alappuzha,Oil Sardine,Sardinella longiceps,2.3,Prey (Small Pelagic),958213.3,2178,24371,439.95,30.11,262.5,5.3,2.23,1.57,1.43,1.1,439.95,191.37,0.4363,-78.58,0.568,0.49999999999999994,-0.8660254037844387,465.73,867.6,986.76,450.15,773.3633333333333,272.9990425501708,967.2599999999999,-0.4631973206178271,-0.019999999999999574,1.4428571428571217,30.26,0.71,0.76,2349.0,-0.07279693455599431,5859.78,3258035.9
2018-06-01,2018,6,Southwest Monsoon,Southwest Monsoon,1,Alappuzha,Oil Sardine,Sardinella longiceps,2.3,Prey (Small Pelagic),3258035.9,556,5282,5859.78,28.5,809.8,8.3,3.6,12.39,7.72,0.281,5859.78,812.55,0.1388,-5669.53,5.53,1.2246467991473532e-16,-1.0,439.95,465.73,867.6,4307.99,591.0933333333334,239.80847489884337,829.2400000000001,-0.05535395926064552,-0.09071428571428442,140.0785714285713,30.11,1.57,1.43,2178.0,-0.7447199231188248,3861.9,2127904.4
2018-07-01,2018,7,Southwest Monsoon,Southwest Monsoon,1,Alappuzha,Oil Sardine,Sardinella longiceps,2.3,Prey (Small Pelagic),2127904.4,551,5688,3861.9,27.37,723.8,8.4,3.15,12.79,7.59,0.278,3861.9,549.5,0.1425,-2457.145,4.657,-0.4999999999999997,-0.8660254037844388,5859.78,439.95,465.73,4043.86,2255.153333333333,3121.724876832248,1606.6899999999998,12.319195083095918,-0.31428571428571317,115.85000000000002,28.5,12.39,7.72,556.0,-0.008992805593654576,3442.63,9567066.6
2018-08-01,2018,8,Southwest Monsoon,Southwest Monsoon,0,Alappuzha,Oil Sardine,Sardinella longiceps,2.3,Prey (Small Pelagic),9567066.6,2779,31981,3442.63,27.42,371.4,7.8,2.58,10.79,6.05,1.404,3442.63,458.03,0.1333,-1895.789,3.872,-0.8660254037844385,-0.5000000000000004,3861.9,5859.78,439.95,3460.92,3387.2099999999996,2740.91905285435,2080.286666666667,-0.3409479530955975,0.042857142857148034,-45.6142857142857,27.37,12.79,7.59,551.0,4.043557095398238,2742.52,6236494.8
2018-09-01,2018,9,Southwest Monsoon,Southwest Monsoon,0,Alappuzha,Oil Sardine,Sardinella longiceps,2.3,Prey (Small Pelagic),6236494.8,2274,25559,2742.52,27.8,240.5,6.3,2.6,9.52,5.12,1.148,2742.52,485.77,0.1774,-1542.464,3.546,-1.0,-1.8369701987210297e-16,3442.63,3861.9,5859.78,2512.8,4388.1033333333335,1291.6350071259772,2489.5983333333334,-0.10856573161250747,-0.22285714285714064,-9.478571428571428,27.42,10.79,6.05,2779.0,-0.18172004252709592,1088.35,2290983.4
2018-10-01,2018,10,Post-Monsoon,Post-Monsoon,0,Alappuzha,Oil Sardine,Sardinella longiceps,2.3,Prey (Small Pelagic),2290983.4,2105,28599,1088.35,28.71,262.1,4.3,1.09,1.58,1.63,1.063,1088.35,298.76,0.2752,-366.675,1.141,-0.8660254037844386,0.5000000000000001,2742.52,3442.63,3861.9,1258.06,3349.0166666666664,565.5311558467148,2802.0850000000005,-0.20336486870978043,-0.08857142857142719,-40.457142857142856,27.8,9.52,5.12,2274.0,-0.07431838137942663,1070.4,2501523.0
2018-11-01,2018,11,Post-Monsoon,Post-Monsoon,0,Alappuzha,Oil Sardine,Sardinella longiceps,2.3,Prey (Small Pelagic),2501523.0,2337,31477,1070.4,29.05,194.9,4.2,0.85,1.39,1.5,1.18,1070.4,235.2,0.2205,-293.718,0.984,-0.5000000000000004,0.8660254037844384,1088.35,2742.52,3442.63,1268.07,2424.5,1208.9297415069188,2905.855,-0.6031569483425574,0.03428571428571203,26.74285714285716,28.71,1.58,1.63,2105.0,0.11021377619850936,1029.8,2634230.0
2018-12-01,2018,12,Winter / Post-Monsoon,Northeast/Dry,0,Alappuzha,Oil Sardine,Sardinella longiceps,2.3,Prey (Small Pelagic),2634230.0,2558,28085,1029.8,28.57,36.0,3.8,1.29,1.15,1.05,1.292,1029.8,289.62,0.2819,-344.954,1.093,-2.4492935982947064e-16,1.0,1070.4,1088.35,2742.52,1195.08,1633.756666666667,960.2591564954311,3010.9300000000003,-0.01649285600686476,0.0714285714285694,0.6214285714285737,29.05,1.39,1.5,2337.0,0.09456568209428462,697.94,1624107.1
2019-01-01,2019,1,Winter / Post-Monsoon,Northeast/Dry,0,Alappuzha,Oil Sardine,Sardinella longiceps,2.3,Prey (Small Pelagic),1624107.1,2327,22187,697.94,28.24,9.3,3.2,0.85,0.38,0.53,1.175,697.94,168.22,0.2421,-134.258,0.777,0.49999999999999994,0.8660254037844387,1029.8,1070.4,1088.35,1020.32,1062.8500000000001,29.99629143714174,2205.9333333333334,-0.037929745535036134,-0.03642857142857281,0.8428571428571434,28.57,1.15,1.05,2558.0,-0.09030492537019184,841.94,2050121.9
2019-02-01,2019,2,Winter / Post-Monsoon,Northeast/Dry,0,Alappuzha,Oil Sardine,Sardinella longiceps,2.3,Prey (Small Pelagic),2050121.9,2435,28846,841.94,28.35,10.7,3.2,0.5,1.0,0.82,1.23,841.94,225.22,0.2684,-217.112,0.861,0.8660254037844386,0.5000000000000001,697.94,1029.8,1070.4,986.76,932.7133333333335,204.3305619169949,1678.6066666666666,-0.32225674575396435,-0.3014285714285698,0.042857142857142705,28.24,0.38,0.53,2327.0,0.046411688670340824,735.26,1787418.4
2019-03-01,2019,3,Pre-Monsoon / Summer,Pre-Monsoon,0,Alappuzha,Oil Sardine,Sardinella longiceps,2.3,Prey (Small Pelagic),1787418.4,2431,33710,735.26,29.51,23.6,4.0,1.27,1.01,0.82,1.228,735.26,188.04,0.2568,-154.565,0.779,1.0,6.123233995736766e-17,841.94,697.94,1029.8,867.6,856.5600000000001,166.4123589159811,1245.1583333333335,0.20632145734129784,-0.025714285714283136,-1.1357142857142861,28.35,1.0,0.82,2435.0,-0.0016427104655330163,280.24,728336.0
2019-04-01,2019,4,Pre-Monsoon / Summer,Pre-Monsoon,0,Alappuzha,Oil Sardine,Sardinella longiceps,2.3,Prey (Small Pelagic),728336.0,2599,33891,280.24,30.4,119.2,3.7,1.13,1.21,0.89,1.313,280.24,141.76,0.5076,-33.286,0.313,0.8660254037844387,-0.4999999999999998,735.26,841.94,697.94,465.73,758.3800000000001,74.73219386570315,910.6150000000001,-0.1267073648156952,0.0985714285714252,29.792857142857144,29.51,1.01,0.82,2431.0,0.06910736294073483,402.03,861555.0
2019-05-01,2019,5,Pre-Monsoon / Summer,Pre-Monsoon,0,Alappuzha,Oil Sardine,Sardinella longiceps,2.3,Prey (Small Pelagic),861555.0,2143,21661,402.03,30.02,249.7,4.9,2.33,1.41,1.37,1.082,402.03,206.97,0.516,-76.976,0.513,0.49999999999999994,-0.8660254037844387,280.24,735.26,841.94,439.95,619.1466666666666,298.30932290713605,775.93,-0.6188559064976211,-0.10999999999999943,-11.35714285714289,30.4,1.21,0.89,2599.0,-0.17545209628529396,3472.72,1472433.8
2019-06-01,2019,6,Southwest Monsoon,Southwest Monsoon,1,Alappuzha,Oil Sardine,Sardinella longiceps,2.3,Prey (Small Pelagic),1472433.8,424,4644,3472.72,28.94,709.7,7.6,3.51,11.95,7.12,0.214,3472.72,597.56,0.1723,-2348.402,3.686,1.2246467991473532e-16,-1.0,402.03,280.24,735.26,5859.78,472.51,235.5554561031865,664.535,0.43459176296775026,0.34928571428571686,39.9785714285714,30.02,1.41,1.37,2143.0,-0.8021465198219947,2971.61,1904800.0
2019-07-01,2019,7,Southwest Monsoon,Southwest Monsoon,1,Alappuzha,Oil Sardine,Sardinella longiceps,2.3,Prey (Small Pelagic),1904800.0,641,8900,2971.61,27.38,552.8,7.6,3.78,11.7,6.77,0.324,2971.61,403.06,0.1359,-1388.095,3.25,-0.4999999999999997,-0.8660254037844388,3472.72,402.03,280.24,3861.9,1384.9966666666667,1809.0466379928728,1071.6883333333333,7.637962151133942,-0.30428571428571516,-55.14999999999998,28.94,11.95,7.12,424.0,0.5117924407596123,1509.11,3055942.3
2019-08-01,2019,8,Southwest Monsoon,Southwest Monsoon,0,Alappuzha,Oil Sardine,Sardinella longiceps,2.3,Prey (Small Pelagic),3055942.3,2025,27272,1509.11,26.7,444.6,6.7,2.69,10.05,5.66,1.023,1509.11,206.2,0.1372,-334.341,1.892,-0.8660254037844385,-0.5000000000000004,2971.61,3472.72,402.03,3442.63,2282.1200000000003,1647.3711221518927,1450.6333333333332,-0.14429899288079942,-0.6771428571428544,27.585714285714346,27.38,11.7,6.77,641.0,2.159126331370884,2889.58,7044787.4
2019-09-01,2019,9,Southwest Monsoon,Southwest Monsoon,0,Alappuzha,Oil Sardine,Sardinella longiceps,2.3,Prey (Small Pelagic),7044787.4,2438,28743,2889.58,27.72,214.5,6.0,1.72,9.15,4.88,1.231,2889.58,381.99,0.1325,-1356.663,2.735,-1.0,-1.8369701987210297e-16,1509.11,2971.61,3472.72,2742.52,2651.1466666666665,1020.2762464319753,1561.8283333333331,-0.4921574483456529,-0.3028571428571425,-35.47857142857143,26.7,10.05,5.66,2025.0,0.2039506162767871,805.53,2053303.7
2019-10-01,2019,10,Post-Monsoon,Post-Monsoon,0,Alappuzha,Oil Sardine,Sardinella longiceps,2.3,Prey (Small Pelagic),2053303.7,2549,28831,805.53,28.86,279.9,4.5,1.38,1.3,1.3,1.287,805.53,236.78,0.2948,-207.045,0.851,-0.8660254037844386,0.5000000000000001,2889.58,1509.11,2971.61,1088.35,2456.766666666667,821.718990064925,1920.8816666666664,0.9147576988108376,0.06142857142857139,-22.6571428571429,27.72,9.15,4.88,2438.0,0.045529122044589324,780.34,1855656.4
2019-11-01,2019,11,Post-Monsoon,Post-Monsoon,0,Alappuzha,Oil Sardine,Sardinella longiceps,2.3,Prey (Small Pelagic),1855656.4,2378,31685,780.34,28.63,168.1,4.0,0.89,1.09,1.17,1.201,780.34,243.14,0.3125,-205.475,0.855,-0.5000000000000004,0.8660254037844384,805.53,2889.58,1509.11,1070.4,1734.74,1060.187612312078,2008.43,-0.7212293803209139,-0.3857142857142897,-0.057142857142849834,28.86,1.3,1.3,2549.0,-0.06708513116090571,784.86,1563446.9
2019-12-01,2019,12,Winter / Post-Monsoon,Northeast/Dry,0,Alappuzha,Oil Sardine,Sardinella longiceps,2.3,Prey (Small Pelagic),1563446.9,1992,20616,784.86,28.04,36.2,3.2,1.21,0.73,0.49,1.006,784.86,175.32,0.2244,-164.548,0.869,-2.4492935982947064e-16,1.0,780.34,805.53,2889.58,1029.8,1491.8166666666666,1210.5640776238645,2071.4816666666666,-0.03127133649558251,-0.45857142857143174,0.8214285714285765,28.63,1.09,1.17,2378.0,-0.16232127770260185,1146.58,2712803.2
2020-01-01,2020,1,Winter / Post-Monsoon,Northeast/Dry,0,Alappuzha,Oil Sardine,Sardinella longiceps,2.3,Prey (Small Pelagic),2712803.2,2366,22686,1146.58,27.64,9.1,3.8,1.27,1.01,0.98,1.195,1146.58,222.98,0.1952,-322.203,1.262,0.49999999999999994,0.8660254037844387,784.86,780.34,805.53,697.94,790.2433333333333,13.430161328762912,1623.5049999999999,0.00579234685147053,-0.6364285714285707,0.6428571428571423,28.04,0.73,0.49,1992.0,0.18775100307353915,1298.53,3541088.2
2020-02-01,2020,2,Winter / Post-Monsoon,Northeast/Dry,0,Alappuzha,Oil Sardine,Sardinella longiceps,2.3,Prey (Small Pelagic),3541088.2,2727,29365,1298.53,28.37,12.4,4.2,0.93,0.97,1.12,1.377,1298.53,288.27,0.2226,-462.876,1.295,0.8660254037844386,0.5000000000000001,1146.58,784.86,780.34,841.94,903.9266666666666,210.15610325021936,1319.3333333333333,0.46087199677812596,-0.28142857142857025,1.7428571428571438,27.64,1.01,0.98,2366.0,0.15257819039485127,547.38,437357.2
2020-03-01,2020,3,Pre-Monsoon / Summer,Pre-Monsoon,0,Alappuzha,Oil Sardine,Sardinella longiceps,2.3,Prey (Small Pelagic),437357.2,799,9598,547.38,29.62,23.2,3.3,1.03,0.65,0.53,0.404,547.38,241.49,0.4422,-136.648,0.627,1.0,6.123233995736766e-17,1298.53,1146.58,784.86,735.26,1076.6566666666665,263.8771904377438,1284.2366666666667,0.13252455011839956,0.0842857142857163,-1.5357142857142883,28.37,0.97,1.12,2727.0,-0.7070040311440996,427.02,345456.9
2020-04-01,2020,4,Pre-Monsoon / Summer,Pre-Monsoon,0,Alappuzha,Oil Sardine,Sardinella longiceps,2.3,Prey (Small Pelagic),345456.9,809,9156,427.02,30.09,81.4,3.7,1.11,0.99,0.94,0.409,427.02,199.97,0.4695,-81.395,0.477,0.8660254037844387,-0.4999999999999998,547.38,1298.53,1146.58,280.24,997.4966666666666,397.1472785168206,893.87,-0.5784617946565593,-0.21142857142857352,-8.007142857142853,29.62,0.65,0.53,799.0,0.012515644399053262,842.44,758196.3
2020-05-01,2020,5,Pre-Monsoon / Summer,Pre-Monsoon,0,Alappuzha,Oil Sardine,Sardinella longiceps,2.3,Prey (Small Pelagic),758196.3,900,12710,842.44,29.6,302.9,5.7,2.1,1.67,1.88,0.455,842.44,327.0,0.3889,-287.893,0.949,0.49999999999999994,-0.8660254037844387,427.02,547.38,1298.53,402.03,757.6433333333333,472.2715553929926,830.785,-0.21988380613314693,-0.5299999999999976,41.8428571428571,30.09,0.99,0.94,809.0,0.11248454743529608,5949.09,3480220.2
2020-06-01,2020,6,Southwest Monsoon,Southwest Monsoon,1,Alappuzha,Oil Sardine,Sardinella longiceps,2.3,Prey (Small Pelagic),3480220.2,585,7449,5949.09,28.27,668.3,8.4,3.53,12.23,7.34,0.295,5949.09,827.25,0.1392,-5907.477,6.078,1.2246467991473532e-16,-1.0,842.44,427.02,547.38,3472.72,605.6133333333333,213.74467229223765,841.1350000000001,0.9728349732369688,-0.32071428571428484,-1.4214285714286916,29.6,1.67,1.88,900.0,-0.34999999611111116,3782.99,2012549.3
2020-07-01,2020,7,Southwest Monsoon,Southwest Monsoon,1,Alappuzha,Oil Sardine,Sardinella longiceps,2.3,Prey (Small Pelagic),2012549.3,532,6516,3782.99,27.18,358.8,8.4,3.39,12.12,6.65,0.269,3782.99,533.69,0.1413,-2385.922,4.342,-0.4999999999999997,-0.8660254037844388,5949.09,842.44,427.02,2971.61,2406.1833333333334,3075.269773635042,1701.8400000000001,6.061737262455043,-0.5042857142857144,-249.14999999999992,28.27,12.23,7.34,585.0,-0.0905982890496019,4051.56,10927051.2
2020-08-01,2020,8,Southwest Monsoon,Southwest Monsoon,0,Alappuzha,Oil Sardine,Sardinella longiceps,2.3,Prey (Small Pelagic),10927051.2,2697,34058,4051.56,27.4,511.6,6.8,3.21,10.49,6.12,1.362,4051.56,515.1,0.1274,-2559.345,4.229,-0.8660254037844385,-0.5000000000000004,3782.99,5949.09,842.44,1509.11,3524.84,2563.0937599900617,2141.241666666667,-0.364106106372393,0.022857142857144908,94.58571428571435,27.18,12.12,6.65,532.0,4.069548795685173,2674.54,6386813.4
2020-09-01,2020,9,Southwest Monsoon,Southwest Monsoon,0,Alappuzha,Oil Sardine,Sardinella longiceps,2.3,Prey (Small Pelagic),6386813.4,2388,30793,2674.54,27.34,251.7,5.2,2.4,7.92,4.48,1.206,2674.54,359.12,0.1346,-1185.368,2.928,-1.0,-1.8369701987210297e-16,4051.56,3782.99,5949.09,2889.58,4594.546666666666,1180.7299406017146,2600.08,0.07099410764766999,-0.6828571428571415,1.7214285714285609,27.4,10.49,6.12,2697.0,-0.11457174596006026,1438.1,3155182.5
2020-10-01,2020,10,Post-Monsoon,Post-Monsoon,0,Alappuzha,Oil Sardine,Sardinella longiceps,2.3,Prey (Small Pelagic),3155182.5,2194,21949,1438.1,28.52,238.6,2.9,1.39,0.95,1.25,1.108,1438.1,311.95,0.2175,-559.192,1.445,-0.8660254037844386,0.5000000000000001,2674.54,4051.56,3782.99,805.53,3503.03,729.9515198285366,2954.6066666666666,-0.3398740229939233,-0.27857142857142847,-63.957142857142884,27.34,7.92,4.48,2388.0,-0.08123953064807567,1207.73,3398555.8
2020-11-01,2020,11,Post-Monsoon,Post-Monsoon,0,Alappuzha,Oil Sardine,Sardinella longiceps,2.3,Prey (Small Pelagic),3398555.8,2814,30478,1207.73,29.0,172.0,3.5,1.2,1.07,1.15,1.421,1207.73,307.42,0.2552,-442.696,1.154,-0.5000000000000004,0.8660254037844384,1438.1,2674.54,4051.56,780.34,2721.4,1307.3600068840972,3123.1200000000003,-0.4623000573470576,-0.015714285714288678,3.842857142857156,28.52,0.95,1.25,2194.0,0.2825888774722476,1082.02,2846788.1
2020-12-01,2020,12,Winter / Post-Monsoon,Northeast/Dry,0,Alappuzha,Oil Sardine,Sardinella longiceps,2.3,Prey (Small Pelagic),2846788.1,2631,37297,1082.02,28.05,38.9,4.0,1.3,1.56,1.14,1.329,1082.02,296.01,0.2742,-372.236,1.315,-2.4492935982947064e-16,1.0,1207.73,1438.1,2674.54,784.86,1773.4566666666663,788.8161791148273,3184.001666666667,-0.1601905280565292,-0.4485714285714302,3.5214285714285722,29.0,1.07,1.15,2814.0,-0.06503198271132912,1411.08,2863083.2
2021-01-01,2021,1,Winter / Post-Monsoon,Northeast/Dry,0,Alappuzha,Oil Sardine,Sardinella longiceps,2.3,Prey (Small Pelagic),2863083.2,2029,26936,1411.08,28.22,9.3,3.3,0.94,1.14,1.05,1.025,1411.08,308.01,0.2188,-548.438,1.497,0.49999999999999994,0.8660254037844387,1082.02,1207.73,1438.1,1146.58,1242.6166666666666,180.58530181970067,2372.8233333333333,-0.1040878333395061,-0.05642857142857238,0.8428571428571434,28.05,1.56,1.14,2631.0,-0.22881033740474974,1452.9,3951892.9
2021-02-01,2021,2,Winter / Post-Monsoon,Northeast/Dry,0,Alappuzha,Oil Sardine,Sardinella longiceps,2.3,Prey (Small Pelagic),3951892.9,2720,39129,1452.9,28.2,11.4,3.7,0.8,1.29,0.91,1.374,1452.9,309.29,0.2134,-579.176,1.542,0.8660254037844386,0.5000000000000001,1411.08,1082.02,1207.73,1298.53,1233.61,166.04954591921958,1977.5049999999999,0.3041163721177393,-0.45142857142857196,0.7428571428571438,28.22,1.14,1.05,2029.0,0.3405618514511491,715.31,1758942.7
2021-03-01,2021,3,Pre-Monsoon / Summer,Pre-Monsoon,0,Alappuzha,Oil Sardine,Sardinella longiceps,2.3,Prey (Small Pelagic),1758942.7,2459,32161,715.31,29.7,24.2,3.6,0.72,1.04,0.77,1.242,715.31,273.1,0.3827,-210.481,0.826,1.0,6.123233995736766e-17,1452.9,1411.08,1082.02,547.38,1315.3333333333333,203.1343440516961,1544.3950000000002,0.02963687367380406,0.1642857142857146,-0.5357142857142883,28.2,1.29,0.91,2720.0,-0.0959558820001622,730.94,1918722.6
2021-04-01,2021,4,Pre-Monsoon / Summer,Pre-Monsoon,0,Alappuzha,Oil Sardine,Sardinella longiceps,2.3,Prey (Small Pelagic),1918722.6,2625,29099,730.94,30.14,98.4,4.4,1.01,1.7,1.2,1.326,730.94,270.46,0.3709,-208.846,0.766,0.8660254037844387,-0.4999999999999998,715.31,1452.9,1411.08,427.02,1193.0966666666666,414.3033939437525,1217.8566666666666,-0.5076674202789772,-0.1614285714285728,8.992857142857147,29.7,1.04,0.77,2459.0,0.06750711643958066,640.15,1223328.5
2021-05-01,2021,5,Pre-Monsoon / Summer,Pre-Monsoon,0,Alappuzha,Oil Sardine,Sardinella longiceps,2.3,Prey (Small Pelagic),1223328.5,1911,23957,640.15,30.03,256.1,5.4,2.13,1.5,1.5,0.965,640.15,236.02,0.3697,-153.23,0.667,0.49999999999999994,-0.8660254037844387,730.94,715.31,1452.9,842.44,966.3833333333333,421.40826336619324,1099.9966666666667,0.02185066583927731,-0.09999999999999787,-4.9571428571428555,30.14,1.7,1.2,2625.0,-0.2719999989638095,5905.76,3933239.0
2021-06-01,2021,6,Southwest Monsoon,Southwest Monsoon,1,Alappuzha,Oil Sardine,Sardinella longiceps,2.3,Prey (Small Pelagic),3933239.0,666,9476,5905.76,28.95,690.0,8.2,3.43,12.25,7.29,0.336,5905.76,907.78,0.1539,-6336.907,5.949,1.2246467991473532e-16,-1.0,640.15,730.94,715.31,5949.09,695.4666666666667,48.53889608663724,1005.4000000000001,-0.12420991977166508,0.3592857142857149,20.278571428571354,30.03,1.5,1.5,1911.0,-0.6514913623679154,4860.62,2357403.1
2021-07-01,2021,7,Southwest Monsoon,Southwest Monsoon,1,Alappuzha,Oil Sardine,Sardinella longiceps,2.3,Prey (Small Pelagic),2357403.1,485,4955,4860.62,27.21,640.8,7.9,3.47,11.55,6.56,0.245,4860.62,579.47,0.1194,-3500.29,4.775,-0.4999999999999997,-0.8660254037844388,5905.76,640.15,730.94,3782.99,2425.616666666667,3014.234383957777,1809.3566666666666,8.225587624375732,-0.4742857142857133,32.85000000000002,28.95,12.25,7.29,666.0,-0.2717717676911146,4495.31,10105452.6
2021-08-01,2021,8,Southwest Monsoon,Southwest Monsoon,0,Alappuzha,Oil Sardine,Sardinella longiceps,2.3,Prey (Small Pelagic),10105452.6,2248,28704,4495.31,27.73,445.8,6.9,2.75,10.28,5.95,1.135,4495.31,643.26,0.1433,-3513.584,5.118,-0.8660254037844385,-0.5000000000000004,4860.62,5905.76,640.15,4051.56,3802.1766666666663,2787.810769301483,2384.28,-0.1769696022578473,0.35285714285714675,28.785714285714334,27.21,11.55,6.56,485.0,3.635051471442238,3903.03,10183012.1
2021-09-01,2021,9,Southwest Monsoon,Southwest Monsoon,0,Alappuzha,Oil Sardine,Sardinella longiceps,2.3,Prey (Small Pelagic),10183012.1,2609,34227,3903.03,27.99,239.4,4.9,1.93,7.84,4.27,1.318,3903.03,600.08,0.154,-2932.758,3.888,-1.0,-1.8369701987210297e-16,4495.31,4860.62,5905.76,2674.54,5087.2300000000005,732.0221101169016,2891.3483333333334,-0.07515707857195764,-0.03285714285714292,-10.578571428571422,27.73,10.28,5.95,2248.0,0.16058718789774382,1485.63,3749738.5
2021-10-01,2021,10,Post-Monsoon,Post-Monsoon,0,Alappuzha,Oil Sardine,Sardinella longiceps,2.3,Prey (Small Pelagic),3749738.5,2524,28536,1485.63,28.18,270.1,4.2,1.82,0.92,1.22,1.275,1485.63,333.01,0.2247,-616.576,1.479,-0.8660254037844386,0.5000000000000001,3903.03,4495.31,4860.62,1438.1,4419.653333333334,483.25728182131866,3422.635,-0.1317550955734864,-0.6185714285714283,-32.457142857142856,27.99,7.84,4.27,2609.0,-0.03257953226301444,1651.72,3466960.6
2021-11-01,2021,11,Post-Monsoon,Post-Monsoon,0,Alappuzha,Oil Sardine,Sardinella longiceps,2.3,Prey (Small Pelagic),3466960.6,2099,26720,1651.72,28.87,171.7,3.9,1.18,1.5,1.52,1.06,1651.72,355.37,0.2156,-730.728,1.609,-0.5000000000000004,0.8660254037844384,1485.63,3903.03,4495.31,1207.73,3294.6566666666663,1594.406475818924,3548.4166666666665,-0.619364953332757,-0.14571428571428768,3.5428571428571445,28.18,0.92,1.22,2524.0,-0.16838351755790998,1548.75,4399993.0
2021-12-01,2021,12,Winter / Post-Monsoon,Northeast/Dry,0,Alappuzha,Oil Sardine,Sardinella longiceps,2.3,Prey (Small Pelagic),4399993.0,2841,41131,1548.75,28.52,31.7,5.0,1.03,1.79,1.22,1.435,1548.75,355.52,0.2301,-686.322,1.685,-2.4492935982947064e-16,1.0,1651.72,1485.63,3903.03,1082.02,2346.7933333333335,1350.2965948388205,3717.0116666666668,0.11179768777018707,0.021428571428568688,-3.678571428571427,28.87,1.5,1.52,2099.0,0.3535016657765523,1430.1,3512326.8
2022-01-01,2022,1,Winter / Post-Monsoon,Northeast/Dry,0,Alappuzha,Oil Sardine,Sardinella longiceps,2.3,Prey (Small Pelagic),3512326.8,2456,26993,1430.1,27.65,7.3,3.7,0.82,0.96,0.73,1.24,1430.1,286.03,0.2006,-543.162,1.514,0.49999999999999994,0.8660254037844387,1548.75,1651.72,1485.63,1411.08,1562.0333333333335,83.83798204458085,2990.8433333333337,-0.0623410743810024,-0.6264285714285727,-1.1571428571428575,28.52,1.79,1.22,2841.0,-0.13551566302176815,1438.8,3552407.8
2022-02-01,2022,2,Winter / Post-Monsoon,Northeast/Dry,0,Alappuzha,Oil Sardine,Sardinella longiceps,2.3,Prey (Small Pelagic),3552407.8,2469,32802,1438.8,28.31,10.7,3.5,0.88,1.02,0.84,1.247,1438.8,322.0,0.2243,-593.516,1.599,0.8660254037844386,0.5000000000000001,1430.1,1548.75,1651.72,1452.9,1543.5233333333333,110.9024104035044,2419.09,-0.07661016899686741,-0.3414285714285725,0.042857142857142705,27.65,0.96,0.73,2456.0,0.005293159587568568,1276.6,3074058.0
2022-03-01,2022,3,Pre-Monsoon / Summer,Pre-Monsoon,0,Alappuzha,Oil Sardine,Sardinella longiceps,2.3,Prey (Small Pelagic),3074058.0,2408,33582,1276.6,29.04,29.5,3.1,1.15,1.0,1.04,1.216,1276.6,357.72,0.2808,-544.108,1.531,1.0,6.123233995736766e-17,1438.8,1430.1,1548.75,715.31,1472.55,66.13435189047671,1909.6716666666664,0.006083490622449577,-0.49571428571428555,4.7642857142857125,28.31,1.02,0.84,2469.0,-0.024706358749670476,613.39,1671487.9
2022-04-01,2022,4,Pre-Monsoon / Summer,Pre-Monsoon,0,Alappuzha,Oil Sardine,Sardinella longiceps,2.3,Prey (Small Pelagic),1671487.9,2725,32977,613.39,30.04,75.5,3.7,0.99,0.96,0.82,1.376,613.39,288.7,0.4715,-183.351,0.716,0.8660254037844387,-0.4999999999999998,1276.6,1438.8,1430.1,730.94,1381.8333333333333,91.23849699170837,1471.9333333333334,-0.11273283213279937,-0.26142857142857423,-13.907142857142858,29.04,1.0,1.04,2408.0,0.13164451772572874,1032.62,2027030.8
2022-05-01,2022,5,Pre-Monsoon / Summer,Pre-Monsoon,0,Alappuzha,Oil Sardine,Sardinella longiceps,2.3,Prey (Small Pelagic),2027030.8,1963,26849,1032.62,29.8,226.9,4.6,1.66,1.08,1.22,0.991,1032.62,346.91,0.3366,-401.35,1.04,0.49999999999999994,-0.8660254037844387,613.39,1276.6,1438.8,640.15,1109.5966666666666,437.3133910976243,1326.56,-0.5195127642212692,-0.3299999999999983,-34.15714285714287,30.04,0.96,0.82,2725.0,-0.27963302649675953,7036.1,2343021.4
2022-06-01,2022,6,Southwest Monsoon,Southwest Monsoon,1,Alappuzha,Oil Sardine,Sardinella longiceps,2.3,Prey (Small Pelagic),2343021.4,333,4443,7036.1,28.15,932.2,7.9,3.26,11.79,7.53,0.168,7036.1,927.51,0.1319,-7937.307,7.958,1.2246467991473532e-16,-1.0,1032.62,613.39,1276.6,5905.76,974.2033333333333,335.44188205008413,1223.3766666666668,0.6834640166376363,-0.44071428571428584,262.4785714285714,29.8,1.08,1.22,1963.0,-0.830361687058779,5946.56,2955439.0
2022-07-01,2022,7,Southwest Monsoon,Southwest Monsoon,1,Alappuzha,Oil Sardine,Sardinella longiceps,2.3,Prey (Small Pelagic),2955439.0,497,4828,5946.56,27.41,517.1,8.5,4.01,12.7,7.04,0.251,5946.56,801.51,0.1349,-5789.675,6.752,-0.4999999999999997,-0.8660254037844388,7036.1,1032.62,613.39,4860.62,2894.036666666667,3593.2513050485795,2137.935,5.813832718581544,-0.274285714285714,-90.84999999999991,28.15,11.79,7.53,333.0,0.49249247770292864,2970.32,6879260.6
2022-08-01,2022,8,Southwest Monsoon,Southwest Monsoon,0,Alappuzha,Oil Sardine,Sardinella longiceps,2.3,Prey (Small Pelagic),6879260.6,2316,24815,2970.32,26.62,260.1,7.8,2.32,11.68,6.21,1.17,2970.32,366.46,0.1237,-1299.222,3.608,-0.8660254037844385,-0.5000000000000004,5946.56,7036.1,1032.62,4495.31,4671.76,3198.3244531473038,2890.6783333333333,-0.15484998769936473,-0.7571428571428527,-156.91428571428565,27.41,12.7,7.04,497.0,3.6599596849102682,4839.62,12645934.2
2022-09-01,2022,9,Southwest Monsoon,Southwest Monsoon,0,Alappuzha,Oil Sardine,Sardinella longiceps,2.3,Prey (Small Pelagic),12645934.2,2613,25484,4839.62,27.68,291.6,6.2,2.06,9.5,5.29,1.32,4839.62,757.66,0.1567,-4484.301,5.335,-1.0,-1.8369701987210297e-16,2970.32,5946.56,7036.1,3903.03,5317.660000000001,2104.5850326370764,3145.931666666667,-0.5004977659344264,-0.34285714285714164,41.621428571428595,26.62,11.68,6.21,2316.0,0.12823834141520576,1520.4,4632665.0
2022-10-01,2022,10,Post-Monsoon,Post-Monsoon,0,Alappuzha,Oil Sardine,Sardinella longiceps,2.3,Prey (Small Pelagic),4632665.0,3047,34138,1520.4,28.54,337.9,3.5,1.24,1.19,1.57,1.539,1520.4,354.88,0.2339,-653.224,1.688,-0.8660254037844386,0.5000000000000001,4839.62,2970.32,5946.56,1485.63,4585.500000000001,1504.3051104081242,3739.7683333333334,0.6293261310925214,-0.2585714285714289,35.3428571428571,27.68,9.5,5.29,2613.0,0.16609261321816832,1797.71,3604417.9
2022-11-01,2022,11,Post-Monsoon,Post-Monsoon,0,Alappuzha,Oil Sardine,Sardinella longiceps,2.3,Prey (Small Pelagic),3604417.9,2005,27047,1797.71,28.33,162.5,4.0,1.43,1.67,1.77,1.013,1797.71,395.12,0.2202,-874.495,2.058,-0.5000000000000004,0.8660254037844384,1520.4,4839.62,2970.32,1651.72,3110.113333333334,1664.0198268450176,3890.9366666666665,-0.6858431019670075,-0.6857142857142904,-5.657142857142844,28.54,1.19,1.57,3047.0,-0.34197571269453325,1555.77,4329714.2
2022-12-01,2022,12,Winter / Post-Monsoon,Northeast/Dry,0,Alappuzha,Oil Sardine,Sardinella longiceps,2.3,Prey (Small Pelagic),4329714.2,2783,26886,1555.77,28.0,33.7,4.7,1.33,1.36,0.98,1.406,1555.77,379.31,0.2443,-740.385,1.662,-2.4492935982947064e-16,1.0,1797.71,1520.4,4839.62,1548.75,2719.243333333334,1841.5273865553345,4018.4516666666664,0.182392790171055,-0.4985714285714309,-1.6785714285714235,28.33,1.67,1.77,2005.0,0.3880299232517211,1332.24,3339926.8
2023-01-01,2023,1,Winter / Post-Monsoon,Northeast/Dry,0,Alappuzha,Oil Sardine,Sardinella longiceps,2.3,Prey (Small Pelagic),3339926.8,2507,33827,1332.24,28.72,7.3,3.4,1.12,0.95,0.81,1.266,1332.24,387.35,0.2913,-624.122,1.622,0.49999999999999994,0.8660254037844387,1555.77,1797.71,1520.4,1430.1,1624.626666666667,150.9342222072755,3105.0633333333335,-0.13458232899309497,0.4435714285714276,-1.1571428571428575,28.0,1.36,0.98,2783.0,-0.09917355336265342,1435.01,3303382.2
2023-02-01,2023,2,Winter / Post-Monsoon,Northeast/Dry,0,Alappuzha,Oil Sardine,Sardinella longiceps,2.3,Prey (Small Pelagic),3303382.2,2302,24703,1435.01,29.13,7.9,4.6,0.5,1.39,1.1,1.163,1435.01,447.59,0.3124,-758.892,1.531,0.8660254037844386,0.5000000000000001,1332.24,1555.77,1797.71,1438.8,1561.906666666667,232.79567056394092,2336.01,-0.14367804917386212,0.47857142857142776,-2.7571428571428562,28.72,0.95,0.81,2507.0,-0.08177104075879121,1069.07,2890769.3
2023-03-01,2023,3,Pre-Monsoon / Summer,Pre-Monsoon,0,Alappuzha,Oil Sardine,Sardinella longiceps,2.3,Prey (Small Pelagic),2890769.3,2704,29114,1069.07,29.72,30.8,3.5,1.22,1.55,1.15,1.366,1069.07,396.33,0.3713,-473.526,1.166,1.0,6.123233995736766e-17,1435.01,1332.24,1555.77,1276.6,1441.006666666667,111.8855899270065,2080.125,0.07714075484041347,0.18428571428571416,6.064285714285713,29.13,1.39,1.1,2302.0,0.17463075510586118,236.29,685005.0
2023-04-01,2023,4,Pre-Monsoon / Summer,Pre-Monsoon,0,Alappuzha,Oil Sardine,Sardinella longiceps,2.3,Prey (Small Pelagic),685005.0,2899,31852,236.29,30.67,70.9,4.3,1.33,0.58,0.55,1.464,236.29,207.81,0.88,-43.187,0.22,0.8660254037844387,-0.4999999999999998,1069.07,1435.01,1332.24,613.39,1278.7733333333335,188.73800421036933,1451.7,-0.25500867412067746,0.36857142857142833,-18.507142857142853,29.72,1.55,1.15,2704.0,0.07211538434868571,449.48,1144366.8
2023-05-01,2023,5,Pre-Monsoon / Summer,Pre-Monsoon,0,Alappuzha,Oil Sardine,Sardinella longiceps,2.3,Prey (Small Pelagic),1144366.8,2546,27899,449.48,30.46,217.2,4.1,2.3,1.71,1.21,1.286,449.48,263.49,0.5871,-113.955,0.464,0.49999999999999994,-0.8660254037844387,236.29,1069.07,1435.01,1032.62,913.456666666667,614.3240527061523,1237.6816666666666,-0.7789761121444236,0.33000000000000185,-43.85714285714289,30.67,0.58,0.55,2899.0,-0.12176612583040314,6213.17,2566039.2
2023-06-01,2023,6,Southwest Monsoon,Southwest Monsoon,1,Alappuzha,Oil Sardine,Sardinella longiceps,2.3,Prey (Small Pelagic),2566039.2,413,5934,6213.17,28.81,607.3,7.0,3.43,10.31,6.2,0.209,6213.17,881.48,0.142,-6739.638,6.522,1.2246467991473532e-16,-1.0,449.48,236.29,1069.07,7036.1,584.9466666666669,432.6014857040018,1012.9766666666666,0.902238736203871,0.2192857142857143,-62.42142857142869,30.46,1.71,1.21,2546.0,-0.8377847571178917,7809.0,3521857.4
2023-07-01,2023,7,Southwest Monsoon,Southwest Monsoon,1,Alappuzha,Oil Sardine,Sardinella longiceps,2.3,Prey (Small Pelagic),3521857.4,451,5619,7809.0,28.14,556.0,8.9,3.02,13.72,7.63,0.228,7809.0,1316.26,0.1687,-12039.464,9.319,-0.4999999999999997,-0.8660254037844388,6213.17,449.48,236.29,5946.56,2299.646666666667,3390.8864850409427,1789.21,12.823017424067425,0.4557142857142864,-51.94999999999993,28.81,10.31,6.2,413.0,0.09200968300218686,6484.34,16729587.4
2023-08-01,2023,8,Southwest Monsoon,Southwest Monsoon,0,Alappuzha,Oil Sardine,Sardinella longiceps,2.3,Prey (Small Pelagic),16729587.4,2580,35020,6484.34,27.62,454.9,7.7,3.29,11.31,6.55,1.303,6484.34,843.44,0.1302,-6795.982,7.105,-0.8660254037844385,-0.5000000000000004,7809.0,6213.17,449.48,2970.32,4823.883333333334,3871.462480669719,2868.67,0.25684634372333875,0.24285714285714732,37.8857142857143,28.14,13.72,7.63,451.0,4.72062073790198,5026.72,16442411.8
2023-09-01,2023,9,Southwest Monsoon,Southwest Monsoon,0,Alappuzha,Oil Sardine,Sardinella longiceps,2.3,Prey (Small Pelagic),16442411.8,3271,44699,5026.72,28.66,216.2,5.3,2.04,7.82,4.6,1.652,5026.72,885.22,0.1763,-5445.189,4.925,-1.0,-1.8369701987210297e-16,6484.34,7809.0,6213.17,4839.62,6835.503333333334,853.9057982197701,3710.225,-0.16963247513172944,0.6371428571428588,-33.77857142857144,27.62,11.31,6.55,2580.0,0.2678294563262424,1237.83,3196083.0
2023-10-01,2023,10,Post-Monsoon,Post-Monsoon,0,Alappuzha,Oil Sardine,Sardinella longiceps,2.3,Prey (Small Pelagic),3196083.0,2582,33081,1237.83,29.22,267.5,4.4,1.04,1.36,1.55,1.304,1237.83,437.49,0.354,-605.929,1.521,-0.8660254037844386,0.5000000000000001,5026.72,6484.34,7809.0,1520.4,6440.02,1391.6693919174934,4369.833333333333,-0.22479080334345392,0.4214285714285708,-35.05714285714288,28.66,7.82,4.6,3271.0,-0.21063894768988398,1417.3,3357574.8
2023-11-01,2023,11,Post-Monsoon,Post-Monsoon,0,Alappuzha,Oil Sardine,Sardinella longiceps,2.3,Prey (Small Pelagic),3357574.8,2369,25997,1417.3,29.29,139.2,3.7,1.47,1.01,0.91,1.196,1417.3,396.16,0.28,-683.267,1.459,-0.5000000000000004,0.8660254037844384,1237.83,5026.72,6484.34,1797.71,4249.63,2708.203915162223,4536.756666666667,-0.7537499587131371,0.27428571428571047,-28.957142857142856,29.22,1.36,1.55,2582.0,-0.08249419023046402,1712.44,4438647.8
2023-12-01,2023,12,Winter / Post-Monsoon,Northeast/Dry,0,Alappuzha,Oil Sardine,Sardinella longiceps,2.3,Prey (Small Pelagic),4438647.8,2592,27947,1712.44,28.79,35.8,4.1,1.28,1.32,1.23,1.309,1712.44,424.58,0.2484,-901.415,1.846,-2.4492935982947064e-16,1.0,1417.3,1237.83,5026.72,1555.77,2560.6166666666672,2137.592479457513,4698.06,0.14498759809515366,0.29142857142856826,0.4214285714285708,29.29,1.01,0.91,2369.0,0.09413254498044514,1311.56,3775984.9
2024-01-01,2024,1,Winter / Post-Monsoon,Northeast/Dry,0,Alappuzha,Oil Sardine,Sardinella longiceps,2.3,Prey (Small Pelagic),3775984.9,2879,33375,1311.56,28.07,8.9,3.0,1.0,0.37,0.51,1.454,1311.56,368.2,0.2813,-601.119,1.516,0.49999999999999994,0.8660254037844387,1712.44,1417.3,1237.83,1332.24,1455.8566666666668,239.6427036930416,3947.9383333333335,0.20824102019162485,-0.20642857142857096,0.44285714285714306,28.79,1.32,1.23,2592.0,0.11072530821479433,1853.49,5545641.3
2024-02-01,2024,2,Winter / Post-Monsoon,Northeast/Dry,0,Alappuzha,Oil Sardine,Sardinella longiceps,2.3,Prey (Small Pelagic),5545641.3,2992,39274,1853.49,28.2,10.9,4.1,1.59,1.24,1.06,1.511,1853.49,396.7,0.2145,-959.916,2.009,0.8660254037844386,0.5000000000000001,1311.56,1712.44,1417.3,1435.01,1480.4333333333336,207.7632232453835,2865.0316666666663,-0.2340987115805593,-0.45142857142857196,0.24285714285714377,28.07,0.37,0.51,2879.0,0.03924973935654832,929.5,2432514.4
2024-03-01,2024,3,Pre-Monsoon / Summer,Pre-Monsoon,0,Alappuzha,Oil Sardine,Sardinella longiceps,2.3,Prey (Small Pelagic),2432514.4,2617,31858,929.5,29.67,29.2,3.5,0.63,1.03,0.77,1.322,929.5,333.72,0.3597,-349.656,0.956,1.0,6.123233995736766e-17,1853.49,1311.56,1712.44,1069.07,1625.8300000000002,281.1547621861995,2093.2233333333334,0.41319497077377354,0.134285714285717,4.464285714285712,28.2,1.24,1.06,2992.0,-0.12533422418003268,535.25,1105816.3
2024-04-01,2024,4,Pre-Monsoon / Summer,Pre-Monsoon,0,Alappuzha,Oil Sardine,Sardinella longiceps,2.3,Prey (Small Pelagic),1105816.3,2066,21217,535.25,30.3,106.9,4.1,1.86,1.27,0.87,1.043,535.25,319.41,0.5975,-171.963,0.576,0.8660254037844387,-0.4999999999999998,929.5,1853.49,1311.56,236.29,1364.8500000000004,464.2943550162733,1410.3533333333332,-0.4985136121667038,-0.001428571428572667,17.492857142857147,29.67,1.03,0.77,2617.0,-0.2105464264021917,634.1,1844610.5
2024-05-01,2024,5,Pre-Monsoon / Summer,Pre-Monsoon,0,Alappuzha,Oil Sardine,Sardinella longiceps,2.3,Prey (Small Pelagic),1844610.5,2909,37561,634.1,30.43,238.3,5.3,1.45,1.36,1.18,1.469,634.1,252.23,0.3987,-164.306,0.674,0.49999999999999994,-0.8660254037844387,535.25,929.5,1853.49,449.48,1106.0800000000002,676.6273322146956,1293.2566666666667,-0.4241527657433807,0.3000000000000007,-22.757142857142867,30.3,1.27,0.87,2066.0,0.408034847976598,6163.21,2909035.4
2024-06-01,2024,6,Southwest Monsoon,Southwest Monsoon,1,Alappuzha,Oil Sardine,Sardinella longiceps,2.3,Prey (Small Pelagic),2909035.4,472,5974,6163.21,28.07,555.8,7.7,3.7,11.28,6.5,0.238,6163.21,993.46,0.1613,-7314.156,7.204,1.2246467991473532e-16,-1.0,634.1,535.25,929.5,6213.17,699.6166666666669,205.12823022028854,1162.7233333333334,0.1846800525982242,-0.5207142857142841,-113.92142857142869,30.43,1.36,1.18,2909.0,-0.8377449266492095,7192.81,3898500.4
2024-07-01,2024,7,Southwest Monsoon,Southwest Monsoon,1,Alappuzha,Oil Sardine,Sardinella longiceps,2.3,Prey (Small Pelagic),3898500.4,542,5437,7192.81,28.14,586.5,8.3,3.26,12.54,7.02,0.274,7192.81,982.18,0.1367,-8641.24,8.136,-0.4999999999999997,-0.8660254037844388,6163.21,634.1,535.25,7809.0,2444.186666666667,3221.147892604951,1904.5183333333334,8.719618219214347,0.4557142857142864,-21.449999999999932,28.07,11.28,6.5,472.0,0.1483050816037059,6353.73,14111636.4
2024-08-01,2024,8,Southwest Monsoon,Southwest Monsoon,0,Alappuzha,Oil Sardine,Sardinella longiceps,2.3,Prey (Small Pelagic),14111636.4,2221,24096,6353.73,27.59,528.2,7.3,3.14,11.14,6.56,1.122,6353.73,810.88,0.1278,-6417.973,6.687,-0.8660254037844385,-0.5000000000000004,7192.81,6163.21,634.1,6484.34,4663.373333333334,3527.2229495785105,2884.726666666667,0.16705580344162252,0.2128571428571462,111.18571428571437,28.14,12.54,7.02,542.0,3.097785920705057,5160.85,11157749.9
2024-09-01,2024,9,Southwest Monsoon,Southwest Monsoon,0,Alappuzha,Oil Sardine,Sardinella longiceps,2.3,Prey (Small Pelagic),11157749.9,2162,21111,5160.85,28.01,235.8,5.2,1.94,8.04,4.47,1.092,5160.85,737.48,0.1431,-4885.048,5.008,-1.0,-1.8369701987210297e-16,6353.73,7192.81,6163.21,5026.72,6569.916666666667,547.7878659968054,3634.7666666666664,-0.11665538208759121,-0.012857142857139792,-14.178571428571416,27.59,11.14,6.56,2221.0,-0.026564610416188156,1892.89,3713850.7
2024-10-01,2024,10,Post-Monsoon,Post-Monsoon,0,Alappuzha,Oil Sardine,Sardinella longiceps,2.3,Prey (Small Pelagic),3713850.7,1962,21597,1892.89,28.65,356.4,4.4,1.23,1.23,1.57,0.991,1892.89,473.16,0.2504,-1095.008,2.007,-0.8660254037844386,0.5000000000000001,5160.85,6353.73,7192.81,1237.83,6235.796666666666,1021.1006628796849,4339.991666666667,-0.18774483620212867,-0.14857142857142946,53.8428571428571,28.01,8.04,4.47,2162.0,-0.09250693759247484,1446.51,3516462.2
2024-11-01,2024,11,Post-Monsoon,Post-Monsoon,0,Alappuzha,Oil Sardine,Sardinella longiceps,2.3,Prey (Small Pelagic),3516462.2,2431,27693,1446.51,29.19,160.4,4.1,1.38,1.39,1.31,1.228,1446.51,406.64,0.2816,-697.936,1.545,-0.5000000000000004,0.8660254037844384,1892.89,5160.85,6353.73,1417.3,4469.156666666667,2309.4594880476516,4566.265,-0.6332212704627701,0.1742857142857126,-7.7571428571428385,28.65,1.23,1.57,1962.0,0.23904179286930788,1629.38,2931257.1
2024-12-01,2024,12,Winter / Post-Monsoon,Northeast/Dry,0,Alappuzha,Oil Sardine,Sardinella longiceps,2.3,Prey (Small Pelagic),2931257.1,1799,21246,1629.38,28.88,38.5,3.2,0.63,1.38,1.12,0.909,1629.38,427.38,0.2627,-856.541,1.615,-2.4492935982947064e-16,1.0,1446.51,1892.89,5160.85,1712.44,2833.4166666666665,2027.9357033528736,4701.666666666667,-0.2358193015134567,0.3814285714285681,3.1214285714285737,29.19,1.39,1.31,2431.0,-0.259975317729431,1445.46,3412727.7
2025-01-01,2025,1,Winter / Post-Monsoon,Northeast/Dry,0,Alappuzha,Oil Sardine,Sardinella longiceps,2.3,Prey (Small Pelagic),3412727.7,2361,33946,1445.46,28.27,8.2,3.3,1.34,1.16,0.74,1.192,1445.46,366.92,0.2544,-667.589,1.512,0.49999999999999994,0.8660254037844387,1629.38,1446.51,1892.89,1311.56,1656.2600000000002,224.40070610400096,3946.0283333333336,0.12642152403770793,-0.006428571428571672,-0.257142857142858,28.88,1.38,1.12,1799.0,0.3123957736942981,1013.5,2007751.0
2025-02-01,2025,2,Winter / Post-Monsoon,Northeast/Dry,0,Alappuzha,Oil Sardine,Sardinella longiceps,2.3,Prey (Small Pelagic),2007751.0,1981,25353,1013.5,29.05,11.8,3.5,1.3,1.05,0.93,1.001,1013.5,376.14,0.3717,-428.556,1.167,0.8660254037844386,0.5000000000000001,1445.46,1629.38,1446.51,1853.49,1507.1166666666668,105.88445416257656,2988.1366666666668,-0.11287729005586614,0.39857142857142946,1.1428571428571441,28.27,1.16,0.74,2361.0,-0.1609487498477393,678.31,1574359.1
2025-03-01,2025,3,Pre-Monsoon / Summer,Pre-Monsoon,0,Alappuzha,Oil Sardine,Sardinella longiceps,2.3,Prey (Small Pelagic),1574359.1,2321,27828,678.31,29.46,20.8,4.2,0.97,1.05,0.73,1.172,678.31,348.71,0.5148,-248.875,0.861,1.0,6.123233995736766e-17,1013.5,1445.46,1629.38,929.5,1362.78,316.155073342138,2098.098333333334,-0.2988391218100873,-0.07571428571428385,-3.935714285714287,29.05,1.05,0.93,1981.0,0.17163048878530798,477.49,966447.7
2025-04-01,2025,4,Pre-Monsoon / Summer,Pre-Monsoon,0,Alappuzha,Oil Sardine,Sardinella longiceps,2.3,Prey (Small Pelagic),966447.7,2024,27353,477.49,29.88,87.4,3.2,1.37,0.0,0.54,1.022,477.49,296.42,0.6216,-141.815,0.537,0.8660254037844387,-0.4999999999999998,678.31,1013.5,1445.46,535.25,1045.7566666666667,384.59088657078735,1351.0083333333334,-0.33072520640626346,-0.4214285714285744,-2.0071428571428527,29.46,1.05,0.73,2321.0,-0.1279620847567338,800.08,2086617.2
2025-05-01,2025,5,Pre-Monsoon / Summer,Pre-Monsoon,0,Alappuzha,Oil Sardine,Sardinella longiceps,2.3,Prey (Small Pelagic),2086617.2,2608,29707,800.08,29.7,258.8,5.7,2.3,1.8,1.59,1.317,800.08,345.67,0.4328,-288.858,0.98,0.49999999999999994,-0.8660254037844387,477.49,678.31,1013.5,634.1,723.1,270.797503865839,1115.1083333333333,-0.2960593195432866,-0.4299999999999997,-2.257142857142867,29.88,0.0,0.54,2024.0,0.28853754798153386,5602.21,3355720.8
2025-06-01,2025,6,Southwest Monsoon,Southwest Monsoon,1,Alappuzha,Oil Sardine,Sardinella longiceps,2.3,Prey (Small Pelagic),3355720.8,599,8659,5602.21,28.49,572.2,8.5,3.26,12.44,7.31,0.303,5602.21,1086.36,0.1941,-6947.447,7.337,1.2246467991473532e-16,-1.0,800.08,477.49,678.31,6163.21,651.96,162.90125505952594,1007.3699999999999,0.6755952862762512,-0.10071428571428598,-97.5214285714286,29.7,1.8,1.59,2608.0,-0.7703220829358816,6936.03,3738521.9
2025-07-01,2025,7,Southwest Monsoon,Southwest Monsoon,1,Alappuzha,Oil Sardine,Sardinella longiceps,2.3,Prey (Small Pelagic),3738521.9,539,6064,6936.03,27.83,707.7,7.6,3.22,11.18,6.95,0.272,6936.03,947.28,0.1367,-8036.696,6.738,-0.4999999999999997,-0.8660254037844388,5602.21,800.08,477.49,7192.81,2293.26,2870.170492131082,1669.5083333333332,6.002062218752347,0.14571428571428413,99.75000000000011,28.49,12.44,7.31,599.0,-0.10016694323594419,4056.25,10757178.1
2025-08-01,2025,8,Southwest Monsoon,Southwest Monsoon,0,Alappuzha,Oil Sardine,Sardinella longiceps,2.3,Prey (Small Pelagic),10757178.1,2652,34242,4056.25,27.35,339.2,6.5,2.71,10.01,5.62,1.339,4056.25,591.95,0.1461,-2914.055,4.821,-0.8660254037844385,-0.5000000000000004,6936.03,5602.21,800.08,6353.73,4446.106666666667,3227.2126965282782,2584.603333333333,0.23808818263133977,-0.02714285714285225,-77.81428571428569,27.83,11.18,6.95,539.0,3.920222561776947,3941.92,9555210.5
2025-09-01,2025,9,Southwest Monsoon,Southwest Monsoon,0,Alappuzha,Oil Sardine,Sardinella longiceps,2.3,Prey (Small Pelagic),9555210.5,2424,27960,3941.92,28.46,276.5,5.3,2.21,8.2,4.81,1.224,3941.92,715.91,0.1818,-3371.062,4.75,-1.0,-1.8369701987210297e-16,4056.25,6936.03,5602.21,5160.85,5531.496666666666,1441.191692223254,3091.728333333333,-0.4151913985158781,0.4371428571428595,26.521428571428572,27.35,10.01,5.62,2652.0,-0.08597285035455184,1546.48,3870849.7
2025-10-01,2025,10,Post-Monsoon,Post-Monsoon,0,Alappuzha,Oil Sardine,Sardinella longiceps,2.3,Prey (Small Pelagic),3870849.7,2503,32653,1546.48,28.44,287.7,3.2,0.99,0.82,1.27,1.264,1546.48,343.3,0.2225,-663.618,1.636,-0.8660254037844386,0.5000000000000001,3941.92,4056.25,6936.03,1892.89,4978.066666666667,1696.6093092498706,3635.6633333333325,-0.02818613244206807,-0.35857142857142676,-14.85714285714289,28.46,8.2,4.81,2424.0,0.032590758941457264,1217.51,2784448.1
2025-11-01,2025,11,Post-Monsoon,Post-Monsoon,0,Alappuzha,Oil Sardine,Sardinella longiceps,2.3,Prey (Small Pelagic),2784448.1,2287,25793,1217.51,28.76,178.7,3.9,1.21,0.9,1.11,1.155,1217.51,348.71,0.287,-498.932,1.511,-0.5000000000000004,0.8660254037844384,1546.48,3941.92,4056.25,1446.51,3181.5499999999997,1417.165574624215,3813.8283333333334,-0.6076835638275674,-0.2557142857142871,10.542857142857144,28.44,0.82,1.27,2503.0,-0.08629644392210768,1321.87,3418355.1
2012-04-01,2012,4,Pre-Monsoon / Summer,Pre-Monsoon,0,Ernakulam,Oil Sardine,Sardinella longiceps,2.3,Prey (Small Pelagic),2007807.6,2965,42260,677.17,30.52,77.2,5.0,1.47,1.52,0.98,1.267,677.17,327.81,0.4848,-231.331,0.537,0.8660254037844387,-0.4999999999999998,1701.72,2094.75,2090.74,1962.4033333333334,1962.4033333333334,225.76729221331703,1962.4033333333334,-0.18762620748239067,0.2185714285714262,-12.207142857142856,29.29,1.05,0.79,2886.0,0.027373527278678006,956.94,2642114.1
2012-05-01,2012,5,Pre-Monsoon / Summer,Pre-Monsoon,0,Ernakulam,Oil Sardine,Sardinella longiceps,2.3,Prey (Small Pelagic),2642114.1,2761,35500,956.94,30.32,246.6,6.3,1.7,1.64,1.33,1.18,956.94,444.57,0.4651,-456.887,0.867,0.49999999999999994,-0.8660254037844387,677.17,1701.72,2094.75,1491.2133333333334,1491.2133333333334,731.8593147821057,1641.095,-0.6020673165851768,0.19000000000000128,-14.457142857142884,30.52,1.52,0.98,2965.0,-0.06880269791297572,8372.45,4922999.8
2012-06-01,2012,6,Southwest Monsoon,Southwest Monsoon,1,Ernakulam,Oil Sardine,Sardinella longiceps,2.3,Prey (Small Pelagic),4922999.8,588,6792,8372.45,28.42,588.9,6.7,3.61,9.75,5.97,0.251,8372.45,1309.45,0.1565,-13475.197,7.427,1.2246467991473532e-16,-1.0,956.94,677.17,1701.72,1111.9433333333334,1111.9433333333334,529.5707701840548,1504.264,0.4131458804562242,-0.1707142857142827,-80.82142857142867,30.32,1.64,1.33,2761.0,-0.7870336805974876,9060.16,6006884.5
2012-07-01,2012,7,Southwest Monsoon,Southwest Monsoon,1,Ernakulam,Oil Sardine,Sardinella longiceps,2.3,Prey (Small Pelagic),6006884.5,663,8097,9060.16,27.6,763.4,8.4,3.55,12.85,7.49,0.283,9060.16,1321.87,0.146,-14457.801,9.204,-0.4999999999999997,-0.8660254037844388,8372.45,956.94,677.17,3335.5200000000004,3335.5200000000004,4364.35169090439,2648.9616666666666,7.749190045883858,-0.08428571428571274,155.45000000000005,28.42,9.75,5.97,588.0,0.12755101823892825,4708.89,12389082.3
2012-08-01,2012,8,Southwest Monsoon,Southwest Monsoon,0,Ernakulam,Oil Sardine,Sardinella longiceps,2.3,Prey (Small Pelagic),12389082.3,2631,32759,4708.89,26.74,289.1,6.5,2.51,9.81,5.42,1.124,4708.89,562.72,0.1197,-3401.886,4.062,-0.8660254037844385,-0.5000000000000004,9060.16,8372.45,956.94,6129.850000000001,6129.850000000001,4493.048482055363,3810.531666666667,0.08213963644794567,-0.6371428571428552,-127.91428571428565,27.6,12.85,7.49,663.0,2.9683257470840765,7280.22,21134485.9
2012-09-01,2012,9,Southwest Monsoon,Southwest Monsoon,0,Ernakulam,Oil Sardine,Sardinella longiceps,2.3,Prey (Small Pelagic),21134485.9,2903,32154,7280.22,27.84,330.7,5.8,1.86,8.89,5.16,1.241,7280.22,950.72,0.1307,-8993.175,6.557,-1.0,-1.8369701987210297e-16,4708.89,9060.16,8372.45,7380.500000000001,7380.500000000001,2339.0941099280303,4246.221666666667,-0.4802641449154715,-0.1828571428571415,80.72142857142856,26.74,9.81,5.42,2631.0,0.10338274381078394,2655.92,7760605.0
2012-10-01,2012,10,Post-Monsoon,Post-Monsoon,0,Ernakulam,Oil Sardine,Sardinella longiceps,2.3,Prey (Small Pelagic),7760605.0,2922,36989,2655.92,28.49,328.5,3.6,1.19,1.08,1.61,1.249,2655.92,612.13,0.2308,-2066.772,2.291,-0.8660254037844386,0.5000000000000001,7280.22,4708.89,9060.16,7016.423333333333,7016.423333333333,2187.596663974723,5175.971666666667,0.5460586241214838,-0.3085714285714296,25.94285714285712,27.84,8.89,5.16,2903.0,0.006544953473837569,2324.33,6094403.6
2012-11-01,2012,11,Post-Monsoon,Post-Monsoon,0,Ernakulam,Oil Sardine,Sardinella longiceps,2.3,Prey (Small Pelagic),6094403.6,2622,26648,2324.33,29.06,191.9,3.8,1.38,1.11,1.43,1.121,2324.33,598.35,0.2577,-1731.869,2.023,-0.5000000000000004,0.8660254037844384,2655.92,7280.22,4708.89,4881.676666666667,4881.676666666667,2316.987062249882,5505.763333333333,-0.6351868478765933,0.04428571428571004,23.74285714285716,28.49,1.08,1.61,2922.0,-0.1026694041660869,2240.21,6353241.9
2012-12-01,2012,12,Winter / Post-Monsoon,Northeast/Dry,0,Ernakulam,Oil Sardine,Sardinella longiceps,2.3,Prey (Small Pelagic),6353241.9,2836,34473,2240.21,28.23,36.7,3.8,0.69,1.12,0.96,1.212,2240.21,495.58,0.2216,-1473.433,2.071,-2.4492935982947064e-16,1.0,2324.33,2655.92,7280.22,4086.8233333333333,4086.8233333333333,2770.527871188691,5733.661666666667,-0.12484939258392805,-0.26857142857143046,1.3214285714285765,29.06,1.11,1.43,2622.0,0.08161708588246724,1721.73,4578070.9
2013-01-01,2013,1,Winter / Post-Monsoon,Northeast/Dry,0,Ernakulam,Oil Sardine,Sardinella longiceps,2.3,Prey (Small Pelagic),4578070.9,2659,32428,1721.73,28.6,7.0,3.3,0.56,0.8,0.64,1.136,1721.73,499.75,0.2907,-1079.742,1.801,0.49999999999999994,0.8660254037844387,2240.21,2324.33,2655.92,2090.74,2406.82,219.78887847205988,4711.621666666667,-0.03619107426143841,0.3235714285714302,-1.4571428571428573,28.23,1.12,0.96,2836.0,-0.06241184745270857,2078.4,6073097.8
2013-02-01,2013,2,Winter / Post-Monsoon,Northeast/Dry,0,Ernakulam,Oil Sardine,Sardinella longiceps,2.3,Prey (Small Pelagic),6073097.8,2922,29624,2078.4,28.47,9.1,3.9,0.72,0.96,0.79,1.249,2078.4,476.82,0.2298,-1314.518,1.828,0.8660254037844386,0.5000000000000001,1721.73,2240.21,2324.33,2094.75,2095.4233333333336,326.349619477853,3488.5499999999997,-0.23144258693853437,-0.18142857142857238,-1.557142857142857,28.6,0.8,0.64,2659.0,0.09890936405073575,1627.39,3450058.0
2013-03-01,2013,3,Pre-Monsoon / Summer,Pre-Monsoon,0,Ernakulam,Oil Sardine,Sardinella longiceps,2.3,Prey (Small Pelagic),3450058.0,2120,28461,1627.39,29.4,25.6,3.6,1.1,1.21,1.11,0.906,1627.39,560.67,0.3449,-1072.701,1.374,1.0,6.123233995736766e-17,2078.4,1721.73,2240.21,1701.72,2013.4466666666667,265.2726507451146,3050.1349999999998,0.20715791554333196,-0.13571428571428612,0.8642857142857139,28.47,0.96,0.79,2922.0,-0.27446954047067235,830.64,2338249.1
2013-04-01,2013,4,Pre-Monsoon / Summer,Pre-Monsoon,0,Ernakulam,Oil Sardine,Sardinella longiceps,2.3,Prey (Small Pelagic),2338249.1,2815,26873,830.64,30.12,87.7,3.8,0.96,1.41,1.05,1.203,830.64,413.83,0.4988,-366.097,0.713,0.8660254037844387,-0.4999999999999998,1627.39,2078.4,1721.73,677.17,1809.1733333333334,237.88076305859565,2107.9966666666664,-0.2169986517657878,-0.18142857142857238,-1.7071428571428555,29.4,1.21,1.11,2120.0,0.3278301871328764,1308.11,3360540.9
2013-05-01,2013,5,Pre-Monsoon / Summer,Pre-Monsoon,0,Ernakulam,Oil Sardine,Sardinella longiceps,2.3,Prey (Small Pelagic),3360540.9,2569,27577,1308.11,29.84,306.7,5.8,2.05,1.67,1.57,1.098,1308.11,483.6,0.3702,-707.608,1.162,0.49999999999999994,-0.8660254037844387,830.64,1627.39,2078.4,956.94,1512.1433333333334,631.8129470288972,1803.7833333333335,-0.48958761888921765,-0.28999999999999915,45.64285714285711,30.12,1.41,1.05,2815.0,-0.087388987256167,10600.41,6127037.2
2013-06-01,2013,6,Southwest Monsoon,Southwest Monsoon,1,Ernakulam,Oil Sardine,Sardinella longiceps,2.3,Prey (Small Pelagic),6127037.2,578,8335,10600.41,28.52,614.9,8.1,3.48,12.14,7.09,0.247,10600.41,1433.14,0.1353,-18838.091,8.881,1.2246467991473532e-16,-1.0,1308.11,830.64,1627.39,8372.45,1255.3799999999999,400.98376563148645,1634.4133333333332,0.5748218172153782,-0.07071428571428484,-54.82142857142867,29.84,1.67,1.57,2569.0,-0.7750097283962252,9513.08,6231068.1
2013-07-01,2013,7,Southwest Monsoon,Southwest Monsoon,1,Ernakulam,Oil Sardine,Sardinella longiceps,2.3,Prey (Small Pelagic),6231068.1,655,8165,9513.08,27.7,587.9,8.5,4.07,12.71,7.2,0.28,9513.08,1319.34,0.1388,-15402.491,8.821,-0.4999999999999997,-0.8660254037844388,10600.41,1308.11,830.64,9060.16,4246.386666666666,5507.921912176437,3027.78,7.10360744047819,0.015714285714285126,-20.049999999999955,28.52,12.14,7.09,578.0,0.13321799077477525,8570.86,24418386.5
2013-08-01,2013,8,Southwest Monsoon,Southwest Monsoon,0,Ernakulam,Oil Sardine,Sardinella longiceps,2.3,Prey (Small Pelagic),24418386.5,2849,31268,8570.86,27.67,394.9,6.8,2.46,9.64,5.61,1.218,8570.86,854.79,0.0998,-10097.204,6.457,-0.8660254037844385,-0.5000000000000004,9513.08,10600.41,1308.11,4708.89,7140.533333333333,5080.20108722414,4326.338333333333,-0.10257433429218837,0.29285714285714803,-22.1142857142857,27.7,12.71,7.2,655.0,3.349618269471477,5585.96,19182174.7
2013-09-01,2013,9,Southwest Monsoon,Southwest Monsoon,0,Ernakulam,Oil Sardine,Sardinella longiceps,2.3,Prey (Small Pelagic),19182174.7,3434,47560,5585.96,28.29,274.4,5.3,2.11,7.48,4.2,1.468,5585.96,943.88,0.1691,-6618.332,5.275,-1.0,-1.8369701987210297e-16,8570.86,9513.08,10600.41,7280.22,9561.449999999999,1015.6392289095534,5408.415,-0.099044683636588,0.2671428571428578,24.42142857142855,27.67,9.64,5.61,2849.0,0.20533520461447805,1983.01,6190946.2
2013-10-01,2013,10,Post-Monsoon,Post-Monsoon,0,Ernakulam,Oil Sardine,Sardinella longiceps,2.3,Prey (Small Pelagic),6190946.2,3122,42498,1983.01,28.79,218.6,3.3,1.35,0.83,1.22,1.334,1983.01,513.46,0.2593,-1268.483,1.78,-0.8660254037844386,0.5000000000000001,5585.96,8570.86,9513.08,2655.92,7889.966666666667,2050.1901551156975,6068.176666666666,-0.3482614342688349,-0.008571428571428896,-83.95714285714288,28.29,7.48,4.2,3434.0,-0.09085614417339503,2287.65,6702818.3
2013-11-01,2013,11,Post-Monsoon,Post-Monsoon,0,Ernakulam,Oil Sardine,Sardinella longiceps,2.3,Prey (Small Pelagic),6702818.3,2930,32403,2287.65,28.98,167.2,4.0,0.92,1.51,1.41,1.252,2287.65,582.63,0.255,-1663.483,1.979,-0.5000000000000004,0.8660254037844384,1983.01,5585.96,8570.86,2324.33,5379.943333333334,3298.753409370475,6260.238333333334,-0.6450010371628134,-0.03571428571428825,-0.9571428571428555,28.79,0.83,1.22,3122.0,-0.06149903888052838,2000.73,7086599.1
2013-12-01,2013,12,Winter / Post-Monsoon,Northeast/Dry,0,Ernakulam,Oil Sardine,Sardinella longiceps,2.3,Prey (Small Pelagic),7086599.1,3542,35747,2000.73,28.38,33.9,3.3,1.21,1.1,0.97,1.514,2000.73,445.91,0.2233,-1170.219,1.948,-2.4492935982947064e-16,1.0,2287.65,1983.01,5585.96,2240.21,3285.5399999999995,1998.0366650039227,6423.495,0.1536250439804891,-0.11857142857143188,-1.4785714285714278,28.98,1.51,1.41,2930.0,0.20887371942363916,1919.99,6067165.4
2014-01-01,2014,1,Winter / Post-Monsoon,Northeast/Dry,0,Ernakulam,Oil Sardine,Sardinella longiceps,2.3,Prey (Small Pelagic),6067165.4,3160,43634,1919.99,27.93,6.7,4.1,0.81,1.43,1.1,1.35,1919.99,386.19,0.2016,-982.649,1.848,0.49999999999999994,0.8660254037844387,2000.73,2287.65,1983.01,1721.73,2090.463333333333,170.99835008949938,4990.215,-0.12542128330198554,-0.34642857142857153,-1.7571428571428571,28.38,1.1,0.97,3542.0,-0.10784867276157913,1626.79,5080462.6
2014-02-01,2014,2,Winter / Post-Monsoon,Northeast/Dry,0,Ernakulam,Oil Sardine,Sardinella longiceps,2.3,Prey (Small Pelagic),5080462.6,3123,40702,1626.79,28.56,14.5,4.2,0.7,1.42,1.22,1.335,1626.79,516.73,0.3181,-994.442,1.703,0.8660254037844386,0.5000000000000001,1919.99,2000.73,2287.65,2078.4,2069.4566666666665,193.22521816090926,3724.6999999999994,-0.04035527012462817,-0.09142857142857252,3.8428571428571434,27.93,1.43,1.1,3160.0,-0.011708860722440314,1408.8,3815018.3
2014-03-01,2014,3,Pre-Monsoon / Summer,Pre-Monsoon,0,Ernakulam,Oil Sardine,Sardinella longiceps,2.3,Prey (Small Pelagic),3815018.3,2708,36413,1408.8,29.3,19.8,3.7,1.28,1.04,1.05,1.157,1408.8,436.39,0.3102,-728.116,1.316,1.0,6.123233995736766e-17,1626.79,1919.99,2000.73,1627.39,1849.17,196.77241981537327,2567.355,-0.15270912789801444,-0.235714285714284,-4.935714285714287,28.56,1.42,1.22,3123.0,-0.13288504600421053,728.96,1640159.9
2014-04-01,2014,4,Pre-Monsoon / Summer,Pre-Monsoon,0,Ernakulam,Oil Sardine,Sardinella longiceps,2.3,Prey (Small Pelagic),1640159.9,2250,23851,728.96,30.0,79.0,3.3,1.27,1.04,0.61,0.962,728.96,327.22,0.4496,-257.281,0.741,0.8660254037844387,-0.4999999999999998,1408.8,1626.79,1919.99,830.64,1651.86,256.51546288673796,1871.1616666666666,-0.13400008523534024,-0.3014285714285734,-10.407142857142858,29.3,1.04,1.05,2708.0,-0.16912850749952543,790.87,2132177.0
2014-05-01,2014,5,Pre-Monsoon / Summer,Pre-Monsoon,0,Ernakulam,Oil Sardine,Sardinella longiceps,2.3,Prey (Small Pelagic),2132177.0,2696,27365,790.87,30.14,259.9,4.6,1.68,1.56,1.33,1.152,790.87,403.13,0.5103,-333.449,0.731,0.49999999999999994,-0.8660254037844387,728.96,1408.8,1626.79,1308.11,1254.8500000000001,468.29491679922955,1662.1533333333334,-0.4825667200272095,0.010000000000001563,-1.157142857142901,30.0,1.04,0.61,2250.0,0.19822222134123454,7894.26,3876080.2
2014-06-01,2014,6,Southwest Monsoon,Southwest Monsoon,1,Ernakulam,Oil Sardine,Sardinella longiceps,2.3,Prey (Small Pelagic),3876080.2,491,5235,7894.26,28.69,480.4,8.4,3.2,12.56,7.11,0.21,7894.26,1430.5,0.1813,-13209.574,7.449,1.2246467991473532e-16,-1.0,790.87,728.96,1408.8,10600.41,976.21,375.91061849859636,1412.6899999999998,0.08492921305792889,0.09928571428571686,-189.32142857142867,30.14,1.56,1.33,2696.0,-0.8178783352452583,6009.15,3166824.5
2014-07-01,2014,7,Southwest Monsoon,Southwest Monsoon,1,Ernakulam,Oil Sardine,Sardinella longiceps,2.3,Prey (Small Pelagic),3166824.5,527,7400,6009.15,27.65,509.6,7.9,3.39,11.67,6.62,0.225,6009.15,966.56,0.161,-6915.356,6.62,-0.4999999999999997,-0.8660254037844388,7894.26,790.87,728.96,9513.08,3138.03,4119.132320246583,2394.945,8.981741512742405,-0.034285714285715585,-98.34999999999991,28.69,12.56,7.11,491.0,0.07331975410754066,5783.82,18837909.0
2014-08-01,2014,8,Southwest Monsoon,Southwest Monsoon,0,Ernakulam,Oil Sardine,Sardinella longiceps,2.3,Prey (Small Pelagic),18837909.0,3257,32893,5783.82,27.15,482.4,7.6,2.53,11.02,6.31,1.392,5783.82,705.74,0.1222,-5140.127,5.196,-0.8660254037844385,-0.5000000000000004,6009.15,7894.26,790.87,8570.86,4898.093333333333,3679.724522356711,3076.471666666667,-0.23879502291691057,-0.2271428571428551,65.3857142857143,27.65,11.67,6.62,527.0,5.1802655563516975,5851.11,13334681.7
2014-09-01,2014,9,Southwest Monsoon,Southwest Monsoon,0,Ernakulam,Oil Sardine,Sardinella longiceps,2.3,Prey (Small Pelagic),13334681.7,2279,29351,5851.11,27.89,281.5,6.0,1.88,8.88,5.07,0.974,5851.11,794.23,0.1359,-5945.44,5.266,-1.0,-1.8369701987210297e-16,5783.82,6009.15,7894.26,5585.96,6562.41,1158.9053969586957,3769.31,-0.03749781576845673,-0.1328571428571408,31.521428571428572,27.15,11.02,6.31,3257.0,-0.3002763269871774,2002.24,6273018.2
2014-10-01,2014,10,Post-Monsoon,Post-Monsoon,0,Ernakulam,Oil Sardine,Sardinella longiceps,2.3,Prey (Small Pelagic),6273018.2,3133,31071,2002.24,28.72,355.1,3.9,1.19,1.1,1.49,1.339,2002.24,463.11,0.2317,-1161.97,1.737,-0.8660254037844386,0.5000000000000001,5851.11,5783.82,6009.15,1983.01,5881.36,115.6706492589702,4509.695,0.011634179466798443,-0.07857142857142918,52.542857142857144,27.89,8.88,5.07,2279.0,0.3747257552666706,1544.71,3308759.8
2014-11-01,2014,11,Post-Monsoon,Post-Monsoon,0,Ernakulam,Oil Sardine,Sardinella longiceps,2.3,Prey (Small Pelagic),3308759.8,2142,22219,1544.71,28.96,190.7,3.2,1.03,0.73,1.19,0.915,1544.71,502.55,0.3258,-912.614,1.571,-0.5000000000000004,0.8660254037844384,2002.24,5851.11,5783.82,2287.65,4545.723333333333,2202.9781175112307,4721.908333333334,-0.6578016809497657,-0.055714285714287826,22.542857142857144,28.72,1.1,1.49,3133.0,-0.3163102447612185,1999.07,5007661.8
2014-12-01,2014,12,Winter / Post-Monsoon,Northeast/Dry,0,Ernakulam,Oil Sardine,Sardinella longiceps,2.3,Prey (Small Pelagic),5007661.8,2505,27652,1999.07,28.65,30.7,3.1,1.4,1.27,0.95,1.071,1999.07,478.85,0.2399,-1236.695,1.714,-2.4492935982947064e-16,1.0,1544.71,2002.24,5851.11,2000.73,3132.6866666666665,2365.312345047336,4847.548333333333,-0.22850906870051008,0.1514285714285677,-4.678571428571427,28.96,0.73,1.19,2142.0,0.1694677863236798,984.21,3200655.7
2015-01-01,2015,1,Winter / Post-Monsoon,Northeast/Dry,0,Ernakulam,Oil Sardine,Sardinella longiceps,2.3,Prey (Small Pelagic),3200655.7,3252,36635,984.21,29.02,8.2,3.0,0.9,0.88,0.8,1.39,984.21,289.35,0.2947,-331.163,0.811,0.49999999999999994,0.8660254037844387,1999.07,1544.71,2002.24,1919.99,1848.6733333333334,263.2447401816974,3865.0166666666664,0.2941393511135465,0.7435714285714283,-0.257142857142858,28.65,1.27,0.95,2505.0,0.2982035916239377,417.49,1262071.7
2015-02-01,2015,2,Winter / Post-Monsoon,Northeast/Dry,0,Ernakulam,Oil Sardine,Sardinella longiceps,2.3,Prey (Small Pelagic),1262071.7,3023,43780,417.49,29.64,7.2,3.4,1.03,1.17,0.81,1.292,417.49,198.4,0.4765,-79.111,0.37,0.8660254037844386,0.5000000000000001,984.21,1999.07,1544.71,1626.79,1509.33,508.3542202047669,3027.5266666666666,-0.5076660621805836,0.9885714285714293,-3.4571428571428564,29.02,0.88,0.8,3252.0,-0.07041820396550368,476.52,1525832.9
2015-03-01,2015,3,Pre-Monsoon / Summer,Pre-Monsoon,0,Ernakulam,Oil Sardine,Sardinella longiceps,2.3,Prey (Small Pelagic),1525832.9,3202,45878,476.52,29.9,21.0,4.6,1.43,1.96,1.08,1.368,476.52,252.75,0.5314,-117.485,0.446,1.0,6.123233995736766e-17,417.49,984.21,1999.07,1408.8,1133.5900000000001,801.3018235346761,2133.138333333333,-0.5758120667762767,0.3642857142857139,-3.7357142857142875,29.64,1.17,0.81,3023.0,0.059212702417424073,164.18,484486.4
2015-04-01,2015,4,Pre-Monsoon / Summer,Pre-Monsoon,0,Ernakulam,Oil Sardine,Sardinella longiceps,2.3,Prey (Small Pelagic),484486.4,2951,34536,164.18,30.71,82.4,4.8,1.21,1.75,1.02,1.261,164.18,148.68,0.9062,-18.716,0.15,0.8660254037844387,-0.4999999999999998,476.52,417.49,984.21,728.96,626.0733333333334,311.55663888502136,1237.3733333333332,0.14139260481945418,0.4085714285714275,-7.007142857142853,29.9,1.96,1.08,3202.0,-0.07838850693819954,249.87,595692.7
2015-05-01,2015,5,Pre-Monsoon / Summer,Pre-Monsoon,0,Ernakulam,Oil Sardine,Sardinella longiceps,2.3,Prey (Small Pelagic),595692.7,2384,27336,249.87,30.46,286.9,5.5,1.76,1.95,1.51,1.019,249.87,172.78,0.6927,-35.87,0.226,0.49999999999999994,-0.8660254037844387,164.18,476.52,417.49,790.87,352.73,165.93511412597022,931.0300000000001,-0.6554604076332492,0.33000000000000185,25.8428571428571,30.71,1.75,1.02,2951.0,-0.19213825756645794,4599.24,2400800.7
2015-06-01,2015,6,Southwest Monsoon,Southwest Monsoon,1,Ernakulam,Oil Sardine,Sardinella longiceps,2.3,Prey (Small Pelagic),2400800.7,522,7173,4599.24,28.75,597.7,7.7,3.13,11.54,6.84,0.223,4599.24,732.76,0.1595,-3946.313,3.84,1.2246467991473532e-16,-1.0,249.87,164.18,476.52,7894.26,296.8566666666666,161.3842589391301,715.2233333333334,0.5219271213346862,0.15928571428571558,-72.0214285714286,30.46,1.95,1.51,2384.0,-0.7810402651802002,4376.1,2590650.5
2015-07-01,2015,7,Southwest Monsoon,Southwest Monsoon,1,Ernakulam,Oil Sardine,Sardinella longiceps,2.3,Prey (Small Pelagic),2590650.5,592,8007,4376.1,28.75,662.2,7.9,3.45,11.82,7.02,0.253,4376.1,685.29,0.1568,-3496.794,4.268,-0.4999999999999997,-0.8660254037844388,4599.24,249.87,164.18,6009.15,1671.0966666666666,2536.208435723162,1148.585,17.406530699702618,1.0657142857142858,54.250000000000114,28.75,11.54,6.84,522.0,0.13409961428927944,3946.95,12969674.4
2015-08-01,2015,8,Southwest Monsoon,Southwest Monsoon,0,Ernakulam,Oil Sardine,Sardinella longiceps,2.3,Prey (Small Pelagic),12969674.4,3286,45761,3946.95,28.29,360.8,7.1,3.14,10.16,5.72,1.404,3946.95,584.95,0.1484,-2781.364,3.588,-0.8660254037844385,-0.5000000000000004,4376.1,4599.24,249.87,5783.82,3075.0699999999997,2449.237461925649,1713.9000000000003,-0.04851671135118679,0.9128571428571455,-56.214285714285666,28.75,11.82,7.02,592.0,4.550675598806156,3046.33,7612789.2
2015-09-01,2015,9,Southwest Monsoon,Southwest Monsoon,0,Ernakulam,Oil Sardine,Sardinella longiceps,2.3,Prey (Small Pelagic),7612789.2,2499,31311,3046.33,28.22,157.4,5.6,1.98,8.25,4.45,1.068,3046.33,492.9,0.1621,-1816.34,2.801,-1.0,-1.8369701987210297e-16,3946.95,4376.1,4599.24,5851.11,4307.43,331.52260511161296,2302.1433333333334,-0.09806677155899839,0.1971428571428575,-92.57857142857142,28.29,10.16,5.72,3286.0,-0.23950091223523762,477.55,1154706.5
2015-10-01,2015,10,Post-Monsoon,Post-Monsoon,0,Ernakulam,Oil Sardine,Sardinella longiceps,2.3,Prey (Small Pelagic),1154706.5,2418,28907,477.55,29.74,336.7,3.8,1.21,0.92,1.24,1.033,477.55,206.1,0.4328,-94.715,0.475,-0.8660254037844386,0.5000000000000001,3046.33,3946.95,4376.1,2002.24,3789.793333333333,678.6720317158534,2730.445,-0.22818125330145742,0.9414285714285704,34.14285714285711,28.22,8.25,4.45,2499.0,-0.03241296505637069,506.32,1315422.4
2015-11-01,2015,11,Post-Monsoon,Post-Monsoon,0,Ernakulam,Oil Sardine,Sardinella longiceps,2.3,Prey (Small Pelagic),1315422.4,2598,28482,506.32,29.69,164.8,3.9,1.04,0.67,1.02,1.11,506.32,250.35,0.4954,-125.355,0.458,-0.5000000000000004,0.8660254037844384,477.55,3046.33,3946.95,1544.71,2490.2766666666666,1800.3001339036014,2782.6733333333336,-0.8432375978858573,0.6742857142857126,-3.357142857142833,29.74,0.92,1.24,2418.0,0.07444168703704844,769.66,2055774.3
2015-12-01,2015,12,Winter / Post-Monsoon,Northeast/Dry,0,Ernakulam,Oil Sardine,Sardinella longiceps,2.3,Prey (Small Pelagic),2055774.3,2671,27058,769.66,29.24,30.8,3.9,1.35,1.33,1.01,1.141,769.66,251.48,0.3276,-210.468,0.683,-2.4492935982947064e-16,1.0,506.32,477.55,3046.33,1999.07,1343.3999999999999,1474.8507947924743,2825.4150000000004,0.06024499926196208,0.7414285714285676,-4.578571428571426,29.69,0.67,1.02,2598.0,0.02809853722825813,748.94,2067084.7
2016-01-01,2016,1,Winter / Post-Monsoon,Northeast/Dry,0,Ernakulam,Oil Sardine,Sardinella longiceps,2.3,Prey (Small Pelagic),2067084.7,2760,29463,748.94,28.92,10.5,4.4,1.39,0.9,0.9,1.179,748.94,202.33,0.2711,-168.02,0.602,0.49999999999999994,0.8660254037844387,769.66,506.32,477.55,984.21,584.51,160.98857133347897,2187.1516666666666,0.5201058516332389,0.6435714285714305,2.0428571428571427,29.24,1.33,1.01,2671.0,0.03332085348812859,676.16,1627528.4
2016-02-01,2016,2,Winter / Post-Monsoon,Northeast/Dry,0,Ernakulam,Oil Sardine,Sardinella longiceps,2.3,Prey (Small Pelagic),1627528.4,2407,28449,676.16,29.46,11.0,3.8,0.71,1.82,1.22,1.029,676.16,224.3,0.3327,-158.482,0.605,0.8660254037844386,0.5000000000000001,748.94,769.66,506.32,417.49,674.9733333333334,146.42503110236254,1582.625,-0.026920977744445778,0.8085714285714296,0.3428571428571434,28.92,0.9,0.9,2760.0,-0.12789855026123712,319.09,844951.3
2016-03-01,2016,3,Pre-Monsoon / Summer,Pre-Monsoon,0,Ernakulam,Oil Sardine,Sardinella longiceps,2.3,Prey (Small Pelagic),844951.3,2648,28508,319.09,30.34,24.9,3.2,1.25,1.08,0.72,1.132,319.09,145.92,0.459,-40.871,0.281,1.0,6.123233995736766e-17,676.16,748.94,769.66,476.52,731.5866666666666,49.10617204922146,1037.4933333333333,-0.09717734268195938,0.8042857142857152,0.16428571428571104,29.46,1.82,1.22,2407.0,0.10012463606096951,189.78,579032.5
2016-04-01,2016,4,Pre-Monsoon / Summer,Pre-Monsoon,0,Ernakulam,Oil Sardine,Sardinella longiceps,2.3,Prey (Small Pelagic),579032.5,3051,36760,189.78,30.77,112.4,4.8,1.11,0.83,0.61,1.304,189.78,93.48,0.4952,-11.993,0.186,0.8660254037844387,-0.4999999999999998,319.09,676.16,748.94,164.18,581.3966666666666,230.0604760347331,582.9533333333333,-0.5280850608127505,0.4685714285714262,22.992857142857147,30.34,1.08,0.72,2648.0,0.1521903317515471,204.8,639580.9
2016-05-01,2016,5,Pre-Monsoon / Summer,Pre-Monsoon,0,Ernakulam,Oil Sardine,Sardinella longiceps,2.3,Prey (Small Pelagic),639580.9,3123,39142,204.8,30.76,262.9,4.8,1.6,1.27,1.11,1.335,204.8,101.59,0.4985,-14.393,0.195,0.49999999999999994,-0.8660254037844387,189.78,319.09,676.16,249.87,395.01,251.9211402403438,534.9916666666667,-0.4052461560924455,0.6300000000000026,1.842857142857099,30.77,0.83,0.61,3051.0,0.023598819981649227,2962.28,1732933.3
2016-06-01,2016,6,Southwest Monsoon,Southwest Monsoon,1,Ernakulam,Oil Sardine,Sardinella longiceps,2.3,Prey (Small Pelagic),1732933.3,585,5667,2962.28,29.39,849.2,7.9,3.17,11.56,7.31,0.25,2962.28,587.15,0.1985,-1910.361,2.549,1.2246467991473532e-16,-1.0,204.8,189.78,319.09,4599.24,237.89,70.7211432316758,484.7383333333334,0.07914426814499594,0.7992857142857162,179.4785714285714,30.76,1.27,1.11,3123.0,-0.8126801126715334,4296.69,2865894.8
2016-07-01,2016,7,Southwest Monsoon,Southwest Monsoon,1,Ernakulam,Oil Sardine,Sardinella longiceps,2.3,Prey (Small Pelagic),2865894.8,667,9567,4296.69,27.91,589.9,8.5,3.21,12.81,7.35,0.285,4296.69,540.56,0.126,-2776.681,3.868,-0.4999999999999997,-0.8660254037844388,2962.28,204.8,189.78,4376.1,1118.9533333333334,1596.38538584307,850.1750000000002,13.464257155065567,0.22571428571428598,-18.049999999999955,29.39,11.56,7.31,585.0,0.14017093777485576,3901.24,10736201.8
2016-08-01,2016,8,Southwest Monsoon,Southwest Monsoon,0,Ernakulam,Oil Sardine,Sardinella longiceps,2.3,Prey (Small Pelagic),10736201.8,2752,38813,3901.24,27.83,580.7,7.4,2.58,11.52,6.65,1.176,3901.24,485.24,0.1246,-2289.414,3.304,-0.8660254037844385,-0.5000000000000004,4296.69,2962.28,204.8,3946.95,2487.923333333333,2086.78020606707,1441.4666666666665,0.45046720617069524,0.4528571428571446,163.68571428571437,27.91,12.81,7.35,667.0,3.1259369846186362,2477.27,5578803.8
2016-09-01,2016,9,Southwest Monsoon,Southwest Monsoon,0,Ernakulam,Oil Sardine,Sardinella longiceps,2.3,Prey (Small Pelagic),5578803.8,2252,30604,2477.27,28.91,229.6,5.5,2.1,8.61,4.65,0.962,2477.27,477.11,0.1929,-1358.894,2.136,-1.0,-1.8369701987210297e-16,3901.24,4296.69,2962.28,3046.33,3720.0699999999997,685.4045803027509,1978.9799999999998,-0.09203596235233173,0.8871428571428588,-20.378571428571433,27.83,11.52,6.65,2752.0,-0.1816860458514315,466.71,1539667.3
2016-10-01,2016,10,Post-Monsoon,Post-Monsoon,0,Ernakulam,Oil Sardine,Sardinella longiceps,2.3,Prey (Small Pelagic),1539667.3,3299,33969,466.71,29.49,345.5,4.2,1.19,0.78,1.41,1.41,466.71,199.75,0.4292,-88.412,0.439,-0.8660254037844386,0.5000000000000001,2477.27,3901.24,4296.69,477.55,3558.4,956.9361176692989,2338.6766666666667,-0.36500445918476054,0.6914285714285704,42.94285714285712,28.91,8.61,4.65,2252.0,0.464920068983481,519.8,1466882.0
2016-11-01,2016,11,Post-Monsoon,Post-Monsoon,0,Ernakulam,Oil Sardine,Sardinella longiceps,2.3,Prey (Small Pelagic),1466882.0,2822,35869,519.8,29.58,126.2,3.5,1.23,1.56,1.22,1.206,519.8,214.49,0.4138,-109.512,0.491,-0.5000000000000004,0.8660254037844384,466.71,2477.27,3901.24,506.32,2281.74,1725.593540176826,2384.8316666666665,-0.8116030920666576,0.5642857142857096,-41.95714285714284,29.49,0.78,1.41,3299.0,-0.14458926903731653,982.17,2698992.3
2016-12-01,2016,12,Winter / Post-Monsoon,Northeast/Dry,0,Ernakulam,Oil Sardine,Sardinella longiceps,2.3,Prey (Small Pelagic),2698992.3,2748,31121,982.17,28.77,38.4,3.1,0.77,1.57,1.13,1.174,982.17,204.8,0.2093,-239.63,0.776,-2.4492935982947064e-16,1.0,519.8,466.71,2477.27,769.66,1154.5933333333332,1145.7791281190832,2437.3316666666665,0.11375372043123734,0.2714285714285687,3.0214285714285722,29.58,1.56,1.22,2822.0,-0.026222537114732325,1625.23,5030096.3
2017-01-01,2017,1,Winter / Post-Monsoon,Northeast/Dry,0,Ernakulam,Oil Sardine,Sardinella longiceps,2.3,Prey (Small Pelagic),5030096.3,3095,43673,1625.23,28.0,8.8,4.8,0.85,1.34,1.04,1.323,1625.23,392.88,0.2422,-802.436,1.343,0.49999999999999994,0.8660254037844387,982.17,519.8,466.71,748.94,656.2266666666666,283.5205978995656,2107.313333333333,0.889515181040493,-0.27642857142857125,0.3428571428571434,28.77,1.57,1.13,2748.0,0.12627365310671887,1308.59,3325139.1
2017-02-01,2017,2,Winter / Post-Monsoon,Northeast/Dry,0,Ernakulam,Oil Sardine,Sardinella longiceps,2.3,Prey (Small Pelagic),3325139.1,2541,24983,1308.59,28.0,9.5,3.0,1.03,1.0,0.86,1.086,1308.59,339.02,0.2596,-544.57,1.271,0.8660254037844386,0.5000000000000001,1625.23,982.17,519.8,676.16,1042.3999999999999,555.1707943507056,1662.07,0.6547338988695044,-0.6514285714285712,-1.1571428571428566,28.0,1.34,1.04,3095.0,-0.17899838391276773,1112.03,3085886.2
2017-03-01,2017,3,Pre-Monsoon / Summer,Pre-Monsoon,0,Ernakulam,Oil Sardine,Sardinella longiceps,2.3,Prey (Small Pelagic),3085886.2,2775,30658,1112.03,29.51,26.0,2.9,1.4,0.69,0.59,1.186,1112.03,287.64,0.2593,-393.435,0.926,1.0,6.123233995736766e-17,1308.59,1625.23,982.17,319.09,1305.33,321.5423947164558,1229.9616666666666,-0.19482780778826506,-0.025714285714283136,1.2642857142857125,28.0,1.0,0.86,2541.0,0.09208972809094951,572.85,1504870.8
2017-04-01,2017,4,Pre-Monsoon / Summer,Pre-Monsoon,0,Ernakulam,Oil Sardine,Sardinella longiceps,2.3,Prey (Small Pelagic),1504870.8,2627,35853,572.85,30.32,91.4,4.9,1.34,1.15,0.84,1.123,572.85,276.58,0.4837,-161.843,0.513,0.8660254037844387,-0.4999999999999998,1112.03,1308.59,1625.23,189.78,1348.6166666666666,258.9308025966134,1002.4216666666667,-0.15020747407356408,0.018571428571426907,1.9928571428571473,29.51,0.69,0.59,2775.0,-0.05333333314114114,870.94,2521368.7
2017-05-01,2017,5,Pre-Monsoon / Summer,Pre-Monsoon,0,Ernakulam,Oil Sardine,Sardinella longiceps,2.3,Prey (Small Pelagic),2521368.7,2895,36498,870.94,30.15,279.4,5.4,1.68,2.27,1.8,1.237,870.94,307.08,0.3533,-283.162,0.71,0.49999999999999994,-0.8660254037844387,572.85,1112.03,1308.59,204.8,997.8233333333333,380.93399550752446,1020.1116666666667,-0.4848610155763692,0.019999999999999574,18.3428571428571,30.32,1.15,0.84,2627.0,0.10201751007987243,5259.1,3092350.2
2017-06-01,2017,6,Southwest Monsoon,Southwest Monsoon,1,Ernakulam,Oil Sardine,Sardinella longiceps,2.3,Prey (Small Pelagic),3092350.2,588,6925,5259.1,28.32,699.7,7.4,3.31,10.54,6.43,0.251,5259.1,1026.41,0.1953,-6234.911,5.804,1.2246467991473532e-16,-1.0,870.94,572.85,1112.03,2962.28,851.94,270.0916846183782,1078.635,0.52036308771296,-0.27071428571428413,29.9785714285714,30.15,2.27,1.8,2895.0,-0.7968911889571979,5464.51,2715862.8
2017-07-01,2017,7,Southwest Monsoon,Southwest Monsoon,1,Ernakulam,Oil Sardine,Sardinella longiceps,2.3,Prey (Small Pelagic),2715862.8,497,5022,5464.51,27.31,754.8,8.0,3.63,11.98,7.23,0.212,5464.51,784.64,0.1437,-5109.054,5.405,-0.4999999999999997,-0.8660254037844388,5259.1,870.94,572.85,4296.69,2234.2966666666666,2623.793211370387,1791.456666666667,5.038418202879438,-0.37428571428571544,146.85000000000002,28.32,10.54,6.43,588.0,-0.15476190212989963,4358.99,14332358.7
2017-08-01,2017,8,Southwest Monsoon,Southwest Monsoon,0,Ernakulam,Oil Sardine,Sardinella longiceps,2.3,Prey (Small Pelagic),14332358.7,3288,35274,4358.99,27.17,374.5,6.9,2.58,10.15,5.8,1.405,4358.99,535.93,0.1231,-2927.857,3.932,-0.8660254037844385,-0.5000000000000004,5464.51,5259.1,870.94,3901.24,3864.85,2594.835473223686,2431.3366666666666,0.03905801365431722,-0.20714285714285197,-42.51428571428568,27.31,11.98,7.23,497.0,5.615694051998108,2663.18,6170597.5
2017-09-01,2017,9,Southwest Monsoon,Southwest Monsoon,0,Ernakulam,Oil Sardine,Sardinella longiceps,2.3,Prey (Small Pelagic),6170597.5,2317,31085,2663.18,27.51,259.9,4.6,1.83,6.63,3.98,0.99,2663.18,426.0,0.1603,-1382.401,3.082,-1.0,-1.8369701987210297e-16,4358.99,5464.51,5259.1,2477.27,5027.533333333333,588.0144202596792,2939.736666666667,-0.20230908132237102,-0.5128571428571398,9.92142857142855,27.17,10.15,5.8,3288.0,-0.29531630080499904,1461.35,4983206.2
2017-10-01,2017,10,Post-Monsoon,Post-Monsoon,0,Ernakulam,Oil Sardine,Sardinella longiceps,2.3,Prey (Small Pelagic),4983206.2,3410,41085,1461.35,28.83,351.2,4.0,1.19,1.26,1.85,1.457,1461.35,428.7,0.2938,-718.533,1.57,-0.8660254037844386,0.5000000000000001,2663.18,4358.99,5464.51,466.71,4162.2266666666665,1410.9923101255113,3198.261666666667,-0.3890373678557708,0.03142857142857025,48.64285714285711,27.51,6.63,3.98,2317.0,0.47173068419624214,2050.47,6264191.4
2017-11-01,2017,11,Post-Monsoon,Post-Monsoon,0,Ernakulam,Oil Sardine,Sardinella longiceps,2.3,Prey (Small Pelagic),6264191.4,3055,43251,2050.47,28.83,165.9,3.6,0.81,1.56,1.44,1.306,2050.47,385.55,0.1884,-1043.139,1.577,-0.5000000000000004,0.8660254037844384,1461.35,2663.18,4358.99,519.8,2827.84,1455.8207578888248,3346.345,-0.45127629205958175,-0.18571428571429038,-2.2571428571428385,28.83,1.26,1.85,3410.0,-0.1041055715422124,1630.5,5437704.3
2017-12-01,2017,12,Winter / Post-Monsoon,Northeast/Dry,0,Ernakulam,Oil Sardine,Sardinella longiceps,2.3,Prey (Small Pelagic),5437704.3,3335,43022,1630.5,28.38,35.8,4.1,1.03,1.28,0.89,1.425,1630.5,380.88,0.2341,-795.785,1.409,-2.4492935982947064e-16,1.0,2050.47,1461.35,2663.18,982.17,2058.3333333333335,600.9535849242646,3542.933333333334,0.40313408558432895,-0.11857142857143188,0.4214285714285708,28.83,1.56,1.44,3055.0,0.09165302752323068,1375.75,4099749.7
2018-01-01,2018,1,Winter / Post-Monsoon,Northeast/Dry,0,Ernakulam,Oil Sardine,Sardinella longiceps,2.3,Prey (Small Pelagic),4099749.7,2980,34642,1375.75,28.27,10.0,2.7,1.2,1.45,1.1,1.274,1375.75,338.1,0.2463,-569.465,1.357,0.49999999999999994,0.8660254037844387,1630.5,2050.47,1461.35,1625.23,1714.1066666666666,303.32845173726304,2938.1666666666665,-0.20481645571592622,-0.006428571428571672,1.5428571428571427,28.38,1.28,0.89,3335.0,-0.10644677629251341,1816.24,5790181.2
2018-02-01,2018,2,Winter / Post-Monsoon,Northeast/Dry,0,Ernakulam,Oil Sardine,Sardinella longiceps,2.3,Prey (Small Pelagic),5790181.2,3188,32669,1816.24,28.61,10.6,3.6,1.21,1.27,1.09,1.362,1816.24,335.67,0.1853,-821.296,1.631,0.8660254037844386,0.5000000000000001,1375.75,1630.5,2050.47,1308.59,1685.573333333333,340.71479808385936,2256.7066666666665,-0.15624041609174844,-0.041428571428571814,-0.05714285714285694,28.27,1.45,1.1,2980.0,0.06979865748389712,1266.87,4598740.1
2018-03-01,2018,3,Pre-Monsoon / Summer,Pre-Monsoon,0,Ernakulam,Oil Sardine,Sardinella longiceps,2.3,Prey (Small Pelagic),4598740.1,3630,49315,1266.87,29.04,28.4,3.3,1.28,0.59,0.84,1.551,1266.87,327.38,0.259,-508.139,1.073,1.0,6.123233995736766e-17,1816.24,1375.75,1630.5,1112.03,1607.4966666666667,221.14412728653923,1832.915,0.3201817167350048,-0.49571428571428555,3.664285714285711,28.61,1.27,1.09,3188.0,0.13864491800926937,299.69,1013236.0
2018-04-01,2018,4,Pre-Monsoon / Summer,Pre-Monsoon,0,Ernakulam,Oil Sardine,Sardinella longiceps,2.3,Prey (Small Pelagic),1013236.0,3381,37676,299.69,30.26,81.9,4.3,1.2,0.71,0.76,1.445,299.69,285.44,0.9526,-79.517,0.256,0.8660254037844387,-0.4999999999999998,1266.87,1816.24,1375.75,572.85,1486.2866666666666,290.8876333454639,1600.1966666666667,-0.30247654328460705,-0.041428571428571814,-7.507142857142853,29.04,0.59,0.84,3630.0,-0.068595041133347,824.09,2889256.1
2018-05-01,2018,5,Pre-Monsoon / Summer,Pre-Monsoon,0,Ernakulam,Oil Sardine,Sardinella longiceps,2.3,Prey (Small Pelagic),2889256.1,3506,34552,824.09,30.11,262.5,5.3,2.23,1.57,1.43,1.498,824.09,312.07,0.3794,-273.457,0.761,0.49999999999999994,-0.8660254037844387,299.69,1266.87,1816.24,870.94,1127.6,767.8073165189242,1406.5866666666668,-0.7634405995608026,-0.019999999999999574,1.4428571428571217,30.26,0.71,0.76,3381.0,0.0369713101538855,7001.94,4306195.2
2018-06-01,2018,6,Southwest Monsoon,Southwest Monsoon,1,Ernakulam,Oil Sardine,Sardinella longiceps,2.3,Prey (Small Pelagic),4306195.2,615,8637,7001.94,28.5,809.8,8.3,3.6,12.39,7.72,0.263,7001.94,1108.53,0.1584,-9126.8,6.576,1.2246467991473532e-16,-1.0,824.09,299.69,1266.87,5259.1,796.8833333333332,484.16365015697363,1202.19,1.7498080766856396,-0.09071428571428442,140.0785714285713,30.11,1.57,1.43,3506.0,-0.8245864209224574,6024.34,2921806.0
2018-07-01,2018,7,Southwest Monsoon,Southwest Monsoon,1,Ernakulam,Oil Sardine,Sardinella longiceps,2.3,Prey (Small Pelagic),2921806.0,485,6366,6024.34,27.37,723.8,8.4,3.15,12.79,7.59,0.207,6024.34,795.04,0.1321,-5773.526,5.615,-0.4999999999999997,-0.8660254037844388,7001.94,824.09,299.69,5464.51,2708.5733333333333,3727.3981328580026,2097.43,7.4965718853939265,-0.31428571428571317,115.85000000000002,28.5,12.39,7.72,615.0,-0.21138211038403074,4512.6,11353703.7
2018-08-01,2018,8,Southwest Monsoon,Southwest Monsoon,0,Ernakulam,Oil Sardine,Sardinella longiceps,2.3,Prey (Small Pelagic),11353703.7,2516,33029,4512.6,27.42,371.4,7.8,2.58,10.79,6.05,1.075,4512.6,605.54,0.1344,-3350.724,4.418,-0.8660254037844385,-0.5000000000000004,6024.34,7001.94,824.09,4358.99,4616.79,3320.746212449845,2872.1949999999997,-0.1396184484019879,0.042857142857148034,-45.6142857142857,27.37,12.79,7.59,485.0,4.18762877963652,5447.01,15660160.6
2018-09-01,2018,9,Southwest Monsoon,Southwest Monsoon,0,Ernakulam,Oil Sardine,Sardinella longiceps,2.3,Prey (Small Pelagic),15660160.6,2875,35748,5447.01,27.8,240.5,6.3,2.6,9.52,5.12,1.229,5447.01,600.83,0.1105,-4370.601,4.32,-1.0,-1.8369701987210297e-16,4512.6,6024.34,7001.94,2663.18,5846.293333333334,1254.1845440497693,3321.588333333333,-0.2509386916227525,-0.22285714285714064,-9.478571428571428,27.42,10.79,6.05,2516.0,0.14268680388439267,1685.58,4219016.6
2018-10-01,2018,10,Post-Monsoon,Post-Monsoon,0,Ernakulam,Oil Sardine,Sardinella longiceps,2.3,Prey (Small Pelagic),4219016.6,2503,28761,1685.58,28.71,262.1,4.3,1.09,1.58,1.63,1.07,1685.58,393.85,0.2341,-809.704,1.471,-0.8660254037844386,0.5000000000000001,5447.01,4512.6,6024.34,1461.35,5327.983333333334,762.8662841110018,4018.2783333333336,0.20706687894547068,-0.08857142857142719,-40.457142857142856,27.8,9.52,5.12,2875.0,-0.12939130389776937,1363.72,4215266.4
2018-11-01,2018,11,Post-Monsoon,Post-Monsoon,0,Ernakulam,Oil Sardine,Sardinella longiceps,2.3,Prey (Small Pelagic),4215266.4,3091,41240,1363.72,29.05,194.9,4.2,0.85,1.39,1.5,1.321,1363.72,372.32,0.2736,-594.532,1.247,-0.5000000000000004,0.8660254037844384,1685.58,5447.01,4512.6,2050.47,3881.730000000001,1958.4653759768105,4249.259999999999,-0.6905494928583765,0.03428571428571203,26.74285714285716,28.71,1.58,1.63,2503.0,0.23491809734351538,1533.19,4354273.1
2018-12-01,2018,12,Winter / Post-Monsoon,Northeast/Dry,0,Ernakulam,Oil Sardine,Sardinella longiceps,2.3,Prey (Small Pelagic),4354273.1,2840,29092,1533.19,28.57,36.0,3.8,1.29,1.15,1.05,1.214,1533.19,384.38,0.2512,-730.323,1.316,-2.4492935982947064e-16,1.0,1363.72,1685.58,5447.01,1630.5,2832.103333333333,2270.286572535132,4339.198333333334,-0.19094910837249424,0.0714285714285694,0.6214285714285737,29.05,1.39,1.5,3091.0,-0.08120349375217245,1023.34,3173382.4
2019-01-01,2019,1,Winter / Post-Monsoon,Northeast/Dry,0,Ernakulam,Oil Sardine,Sardinella longiceps,2.3,Prey (Small Pelagic),3173382.4,3101,34805,1023.34,28.24,9.3,3.2,0.85,0.38,0.53,1.325,1023.34,236.94,0.2323,-302.552,0.893,0.49999999999999994,0.8660254037844387,1533.19,1363.72,1685.58,1375.75,1527.4966666666667,161.00551367363485,3427.74,0.12427037717221735,-0.03642857142857281,0.8428571428571434,28.57,1.15,1.05,2840.0,0.09190140812710772,1033.17,2857761.2
2019-02-01,2019,2,Winter / Post-Monsoon,Northeast/Dry,0,Ernakulam,Oil Sardine,Sardinella longiceps,2.3,Prey (Small Pelagic),2857761.2,2766,30152,1033.17,28.35,10.7,3.2,0.5,1.0,0.82,1.182,1033.17,272.27,0.2642,-334.431,1.068,0.8660254037844386,0.5000000000000001,1023.34,1533.19,1363.72,1816.24,1306.75,259.65542801947475,2594.2400000000002,-0.3325419528398832,-0.3014285714285698,0.042857142857142705,28.24,0.38,0.53,3101.0,-0.10802966750071051,532.82,1373079.1
2019-03-01,2019,3,Pre-Monsoon / Summer,Pre-Monsoon,0,Ernakulam,Oil Sardine,Sardinella longiceps,2.3,Prey (Small Pelagic),1373079.1,2577,30296,532.82,29.51,23.6,4.0,1.27,1.01,0.82,1.101,532.82,268.19,0.5043,-144.125,0.579,1.0,6.123233995736766e-17,1033.17,1023.34,1533.19,1266.87,1196.5666666666666,291.5657878306531,2014.3349999999998,0.009605800519809677,-0.025714285714283136,-1.1357142857142861,28.35,1.0,0.82,2766.0,-0.06832971775730398,312.99,1119553.2
2019-04-01,2019,4,Pre-Monsoon / Summer,Pre-Monsoon,0,Ernakulam,Oil Sardine,Sardinella longiceps,2.3,Prey (Small Pelagic),1119553.2,3577,42971,312.99,30.4,119.2,3.7,1.13,1.21,0.89,1.529,312.99,176.8,0.5663,-49.131,0.319,0.8660254037844387,-0.4999999999999998,532.82,1033.17,1023.34,299.69,863.1100000000001,286.0817545737133,1195.3033333333333,-0.4842862211999359,0.0985714285714252,29.792857142857144,29.51,1.01,0.82,2577.0,0.38804811646081444,760.31,2249753.1
2019-05-01,2019,5,Pre-Monsoon / Summer,Pre-Monsoon,0,Ernakulam,Oil Sardine,Sardinella longiceps,2.3,Prey (Small Pelagic),2249753.1,2959,38554,760.31,30.02,249.7,4.9,2.33,1.41,1.37,1.265,760.31,250.5,0.3304,-202.048,0.675,0.49999999999999994,-0.8660254037844387,312.99,532.82,1033.17,824.09,626.3266666666667,369.0832299540395,966.5383333333334,-0.41257834892499634,-0.10999999999999943,-11.35714285714289,30.4,1.21,0.89,3577.0,-0.17277047757123154,4177.49,2974373.3
2019-06-01,2019,6,Southwest Monsoon,Southwest Monsoon,1,Ernakulam,Oil Sardine,Sardinella longiceps,2.3,Prey (Small Pelagic),2974373.3,712,7546,4177.49,28.94,709.7,7.6,3.51,11.95,7.12,0.304,4177.49,811.92,0.1945,-3829.582,4.31,1.2246467991473532e-16,-1.0,760.31,312.99,532.82,7001.94,535.3733333333333,223.67093068457928,865.9699999999999,1.4291829953294675,0.34928571428571686,39.9785714285714,30.02,1.41,1.37,2959.0,-0.7593781657337676,4134.09,2554868.0
2019-07-01,2019,7,Southwest Monsoon,Southwest Monsoon,1,Ernakulam,Oil Sardine,Sardinella longiceps,2.3,Prey (Small Pelagic),2554868.0,618,7868,4134.09,27.38,552.8,7.6,3.78,11.7,6.77,0.264,4134.09,515.85,0.125,-2581.855,4.014,-0.4999999999999997,-0.8660254037844388,4177.49,760.31,312.99,6024.34,1750.263333333333,2113.905334714237,1306.6866666666667,4.494456149538266,-0.30428571428571516,-55.14999999999998,28.94,11.95,7.12,712.0,-0.13202247005586418,2342.12,6710174.6
2019-08-01,2019,8,Southwest Monsoon,Southwest Monsoon,0,Ernakulam,Oil Sardine,Sardinella longiceps,2.3,Prey (Small Pelagic),6710174.6,2865,28446,2342.12,26.7,444.6,6.7,2.69,10.05,5.66,1.224,2342.12,318.39,0.1363,-866.139,2.115,-0.8660254037844385,-0.5000000000000004,4134.09,4177.49,760.31,4512.6,3023.963333333333,1960.5013899850514,1825.1449999999998,-0.010389013473667084,-0.6771428571428544,27.585714285714346,27.38,11.7,6.77,618.0,3.635922271263394,3849.83,12600505.6
2019-09-01,2019,9,Southwest Monsoon,Southwest Monsoon,0,Ernakulam,Oil Sardine,Sardinella longiceps,2.3,Prey (Small Pelagic),12600505.6,3273,41152,3849.83,27.72,214.5,6.0,1.72,9.15,4.88,1.399,3849.83,513.34,0.1336,-2489.103,3.215,-1.0,-1.8369701987210297e-16,2342.12,4134.09,4177.49,5447.01,3551.2333333333336,1047.3476880355067,2043.3033333333333,-0.43346177651318246,-0.3028571428571425,-35.47857142857143,26.7,10.05,5.66,2865.0,0.14240837646628837,1255.54,3564490.6
2019-10-01,2019,10,Post-Monsoon,Post-Monsoon,0,Ernakulam,Oil Sardine,Sardinella longiceps,2.3,Prey (Small Pelagic),3564490.6,2839,35054,1255.54,28.86,279.9,4.5,1.38,1.3,1.3,1.213,1255.54,332.24,0.2652,-491.839,1.016,-0.8660254037844386,0.5000000000000001,3849.83,2342.12,4134.09,1685.58,3442.013333333333,963.0809651495147,2596.1383333333333,0.6437372950842087,0.06142857142857139,-22.6571428571429,27.72,9.15,4.88,3273.0,-0.13260006070088584,1048.34,3083157.3
2019-11-01,2019,11,Post-Monsoon,Post-Monsoon,0,Ernakulam,Oil Sardine,Sardinella longiceps,2.3,Prey (Small Pelagic),3083157.3,2941,37170,1048.34,28.63,168.1,4.0,0.89,1.09,1.17,1.257,1048.34,309.36,0.2958,-370.73,1.077,-0.5000000000000004,0.8660254037844384,1255.54,3849.83,2342.12,1363.72,2482.4966666666664,1302.8293662000847,2753.23,-0.6738713120478792,-0.3857142857142897,-0.057142857142849834,28.86,1.3,1.3,2839.0,0.03592814358602274,1062.08,2911151.5
2019-12-01,2019,12,Winter / Post-Monsoon,Northeast/Dry,0,Ernakulam,Oil Sardine,Sardinella longiceps,2.3,Prey (Small Pelagic),2911151.5,2741,27554,1062.08,28.04,36.2,3.2,1.21,0.73,0.49,1.171,1062.08,262.79,0.2481,-347.205,0.961,-2.4492935982947064e-16,1.0,1048.34,1255.54,3849.83,1533.19,2051.236666666666,1561.0690068133797,2801.235,-0.1650285919602037,-0.45857142857143174,0.8214285714285765,28.63,1.09,1.17,2941.0,-0.06800408001358693,1507.23,3872076.8
2020-01-01,2020,1,Winter / Post-Monsoon,Northeast/Dry,0,Ernakulam,Oil Sardine,Sardinella longiceps,2.3,Prey (Small Pelagic),3872076.8,2569,28350,1507.23,27.64,9.1,3.8,1.27,1.01,0.98,1.098,1507.23,303.73,0.202,-596.476,1.392,0.49999999999999994,0.8660254037844387,1062.08,1048.34,1255.54,1023.34,1121.9866666666665,115.86443170061132,2282.0,0.013106434810210106,-0.6364285714285707,0.6428571428571423,28.04,0.73,0.49,2741.0,-0.0627508206393622,1660.0,4515199.1
2020-02-01,2020,2,Winter / Post-Monsoon,Northeast/Dry,0,Ernakulam,Oil Sardine,Sardinella longiceps,2.3,Prey (Small Pelagic),4515199.1,2720,27023,1660.0,28.37,12.4,4.2,0.93,0.97,1.12,1.162,1660.0,395.6,0.2388,-824.509,1.412,0.8660254037844386,0.5000000000000001,1507.23,1062.08,1048.34,1033.17,1205.883333333333,261.06427758945915,1844.1900000000003,0.41913038171201444,-0.28142857142857025,1.7428571428571438,27.64,1.01,0.98,2569.0,0.05877773429825716,723.35,755175.8
2020-03-01,2020,3,Pre-Monsoon / Summer,Pre-Monsoon,0,Ernakulam,Oil Sardine,Sardinella longiceps,2.3,Prey (Small Pelagic),755175.8,1044,14762,723.35,29.62,23.2,3.3,1.03,0.65,0.53,0.446,723.35,345.24,0.478,-269.146,0.733,1.0,6.123233995736766e-17,1660.0,1507.23,1062.08,532.82,1409.7699999999995,310.64597261186907,1730.5033333333333,0.10135811985325317,0.0842857142857163,-1.5357142857142883,28.37,0.97,1.12,2720.0,-0.6161764683228805,748.71,768172.4
2020-04-01,2020,4,Pre-Monsoon / Summer,Pre-Monsoon,0,Ernakulam,Oil Sardine,Sardinella longiceps,2.3,Prey (Small Pelagic),768172.4,1026,11985,748.71,30.09,81.4,3.7,1.11,0.99,0.94,0.438,748.71,295.78,0.3959,-237.371,0.655,0.8660254037844387,-0.4999999999999998,723.35,1660.0,1507.23,312.99,1296.8599999999997,502.5136399143544,1209.4233333333334,-0.564246984552729,-0.21142857142857352,-8.007142857142853,29.62,0.65,0.53,1044.0,-0.01724137914519752,1346.59,1482597.1
2020-05-01,2020,5,Pre-Monsoon / Summer,Pre-Monsoon,0,Ernakulam,Oil Sardine,Sardinella longiceps,2.3,Prey (Small Pelagic),1482597.1,1101,15711,1346.59,29.6,302.9,5.7,2.1,1.67,1.88,0.471,1346.59,394.65,0.2936,-603.444,1.23,0.49999999999999994,-0.8660254037844387,748.71,723.35,1660.0,760.31,1044.0199999999998,533.6050062546002,1124.9516666666666,0.035059099536060026,-0.5299999999999976,41.8428571428571,30.09,0.99,0.94,1026.0,0.07309941449220844,8026.49,4823920.8
2020-06-01,2020,6,Southwest Monsoon,Southwest Monsoon,1,Ernakulam,Oil Sardine,Sardinella longiceps,2.3,Prey (Small Pelagic),4823920.8,601,5781,8026.49,28.27,668.3,8.4,3.53,12.23,7.34,0.257,8026.49,1139.71,0.1421,-11083.026,7.087,1.2246467991473532e-16,-1.0,1346.59,748.71,723.35,4177.49,939.5499999999996,352.7349622591603,1174.6599999999999,0.798546823221984,-0.32071428571428484,-1.4214285714286916,29.6,1.67,1.88,1101.0,-0.4541326025964341,5941.44,2822185.0
2020-07-01,2020,7,Southwest Monsoon,Southwest Monsoon,1,Ernakulam,Oil Sardine,Sardinella longiceps,2.3,Prey (Small Pelagic),2822185.0,475,5066,5941.44,27.18,358.8,8.4,3.39,12.12,6.65,0.203,5941.44,586.49,0.0989,-4559.312,5.172,-0.4999999999999997,-0.8660254037844388,8026.49,1346.59,748.71,4134.09,3373.93,4040.3095226479845,2335.395,4.960604155974691,-0.5042857142857144,-249.14999999999992,28.27,12.23,7.34,601.0,-0.20965057887436642,5224.83,12654543.8
2020-08-01,2020,8,Southwest Monsoon,Southwest Monsoon,0,Ernakulam,Oil Sardine,Sardinella longiceps,2.3,Prey (Small Pelagic),12654543.8,2422,31294,5224.83,27.4,511.6,6.8,3.21,10.49,6.12,1.035,5224.83,667.22,0.1279,-4347.355,4.935,-0.8660254037844385,-0.5000000000000004,5941.44,8026.49,1346.59,2342.12,5104.839999999999,3417.6293936733387,3074.43,-0.25977108267776944,0.022857142857144908,94.58571428571435,27.18,12.12,6.65,475.0,4.098947282127426,3639.23,11132407.6
2020-09-01,2020,9,Southwest Monsoon,Southwest Monsoon,0,Ernakulam,Oil Sardine,Sardinella longiceps,2.3,Prey (Small Pelagic),11132407.6,3059,34133,3639.23,27.34,251.7,5.2,2.4,7.92,4.48,1.307,3639.23,579.58,0.1595,-2591.234,3.527,-1.0,-1.8369701987210297e-16,5224.83,5941.44,8026.49,3849.83,6397.586666666666,1455.4645392565687,3668.568333333333,-0.1206121746233031,-0.6828571428571415,1.7214285714285609,27.4,10.49,6.12,2422.0,0.2630057792609175,2034.89,6238982.6
2020-10-01,2020,10,Post-Monsoon,Post-Monsoon,0,Ernakulam,Oil Sardine,Sardinella longiceps,2.3,Prey (Small Pelagic),6238982.6,3066,39596,2034.89,28.52,238.6,2.9,1.39,0.95,1.25,1.31,2034.89,451.91,0.2225,-1183.205,1.741,-0.8660254037844386,0.5000000000000001,3639.23,5224.83,5941.44,1255.54,4935.166666666667,1178.1219614425884,4154.548333333333,-0.30347398804655085,-0.27857142857142847,-63.957142857142884,27.34,7.92,4.48,3059.0,0.002288329511970155,1431.45,4614997.0
2020-11-01,2020,11,Post-Monsoon,Post-Monsoon,0,Ernakulam,Oil Sardine,Sardinella longiceps,2.3,Prey (Small Pelagic),4614997.0,3224,32288,1431.45,29.0,172.0,3.5,1.2,1.07,1.15,1.378,1431.45,421.59,0.295,-717.068,1.298,-0.5000000000000004,0.8660254037844384,2034.89,3639.23,5224.83,1048.34,3632.983333333333,1594.9791743258997,4368.911666666666,-0.44084600192665474,-0.015714285714288678,3.842857142857156,28.52,0.95,1.25,3066.0,0.05153294177582211,1982.16,5595627.9
2020-12-01,2020,12,Winter / Post-Monsoon,Northeast/Dry,0,Ernakulam,Oil Sardine,Sardinella longiceps,2.3,Prey (Small Pelagic),5595627.9,2823,36417,1982.16,28.05,38.9,4.0,1.3,1.56,1.14,1.206,1982.16,348.18,0.1761,-946.924,1.774,-2.4492935982947064e-16,1.0,1431.45,2034.89,3639.23,1062.08,2368.523333333333,1141.0769180617608,4383.054999999999,-0.2965467406270278,-0.4485714285714302,3.5214285714285722,29.0,1.07,1.15,3224.0,-0.12437965221966608,2258.2,6383918.6
2021-01-01,2021,1,Winter / Post-Monsoon,Northeast/Dry,0,Ernakulam,Oil Sardine,Sardinella longiceps,2.3,Prey (Small Pelagic),6383918.6,2827,37933,2258.2,28.22,9.3,3.3,0.94,1.14,1.05,1.208,2258.2,417.21,0.1851,-1301.407,1.767,0.49999999999999994,0.8660254037844387,1982.16,1431.45,2034.89,1507.23,1816.1666666666663,334.21594580948,3375.6666666666665,0.3847217829143751,-0.05642857142857238,0.8428571428571434,28.05,1.56,1.14,2823.0,0.001416932336461451,1822.79,4620781.2
2021-02-01,2021,2,Winter / Post-Monsoon,Northeast/Dry,0,Ernakulam,Oil Sardine,Sardinella longiceps,2.3,Prey (Small Pelagic),4620781.2,2535,29412,1822.79,28.2,11.4,3.7,0.8,1.29,0.91,1.083,1822.79,523.7,0.2877,-1182.116,1.612,0.8660254037844386,0.5000000000000001,2258.2,1982.16,1431.45,1660.0,1890.6033333333328,420.9107482986451,2761.7933333333335,0.1392622182908431,-0.45142857142857196,0.7428571428571438,28.22,1.14,1.05,2827.0,-0.10328970603717826,967.18,3481831.3
2021-03-01,2021,3,Pre-Monsoon / Summer,Pre-Monsoon,0,Ernakulam,Oil Sardine,Sardinella longiceps,2.3,Prey (Small Pelagic),3481831.3,3600,35983,967.18,29.7,24.2,3.6,0.72,1.04,0.77,1.538,967.18,368.7,0.3819,-401.288,0.894,1.0,6.123233995736766e-17,1822.79,2258.2,1982.16,723.35,2021.0499999999995,220.29478228045335,2194.7866666666664,-0.19281285894600622,0.1642857142857146,-0.5357142857142883,28.2,1.29,0.91,2535.0,0.42011834153799466,890.96,2477753.6
2021-04-01,2021,4,Pre-Monsoon / Summer,Pre-Monsoon,0,Ernakulam,Oil Sardine,Sardinella longiceps,2.3,Prey (Small Pelagic),2477753.6,2781,30473,890.96,30.14,98.4,4.4,1.01,1.7,1.2,1.188,890.96,333.38,0.3749,-323.356,0.803,0.8660254037844387,-0.4999999999999998,967.18,1822.79,2258.2,748.71,1682.7233333333331,656.808315593922,1749.445,-0.46939581372842837,-0.1614285714285728,8.992857142857147,29.7,1.04,0.77,3600.0,-0.22749999936805554,718.39,2048133.8
2021-05-01,2021,5,Pre-Monsoon / Summer,Pre-Monsoon,0,Ernakulam,Oil Sardine,Sardinella longiceps,2.3,Prey (Small Pelagic),2048133.8,2851,27187,718.39,30.03,256.1,5.4,2.13,1.5,1.5,1.218,718.39,351.47,0.49,-259.58,0.799,0.49999999999999994,-0.8660254037844387,890.96,967.18,1822.79,1346.59,1226.9766666666662,517.3949344875,1558.79,-0.07880642611709884,-0.09999999999999787,-4.9571428571428555,30.14,1.7,1.2,2781.0,0.0251708017793211,7663.79,3594319.5
2021-06-01,2021,6,Southwest Monsoon,Southwest Monsoon,1,Ernakulam,Oil Sardine,Sardinella longiceps,2.3,Prey (Small Pelagic),3594319.5,469,4758,7663.79,28.95,690.0,8.2,3.43,12.25,7.29,0.2,7663.79,1336.5,0.1745,-11999.906,6.909,1.2246467991473532e-16,-1.0,718.39,890.96,967.18,8026.49,858.8433333333329,127.46656908116721,1439.9466666666667,-0.19368995023693605,0.3592857142857149,20.278571428571354,30.03,1.5,1.5,2851.0,-0.8354963141511879,7255.06,5354231.6
2021-07-01,2021,7,Southwest Monsoon,Southwest Monsoon,1,Ernakulam,Oil Sardine,Sardinella longiceps,2.3,Prey (Small Pelagic),5354231.6,738,8766,7255.06,27.21,640.8,7.9,3.47,11.55,6.56,0.315,7255.06,869.36,0.1199,-8009.199,5.719,-0.4999999999999997,-0.8660254037844388,7663.79,718.39,890.96,5941.44,3091.0466666666666,3961.051791586842,2386.8849999999998,9.668007493589728,-0.4742857142857133,32.85000000000002,28.95,12.25,7.29,469.0,0.573560755361178,6288.38,18638766.8
2021-08-01,2021,8,Southwest Monsoon,Southwest Monsoon,0,Ernakulam,Oil Sardine,Sardinella longiceps,2.3,Prey (Small Pelagic),18638766.8,2964,33020,6288.38,27.73,445.8,6.9,2.75,10.28,5.95,1.267,6288.38,870.7,0.1386,-6817.733,5.97,-0.8660254037844385,-0.5000000000000004,7255.06,7663.79,718.39,5224.83,5212.413333333333,3897.3002634687173,3219.695,-0.05333261995261788,0.35285714285714675,28.785714285714334,27.21,11.55,6.56,738.0,3.016260121730893,4939.99,11915252.3
2021-09-01,2021,9,Southwest Monsoon,Southwest Monsoon,0,Ernakulam,Oil Sardine,Sardinella longiceps,2.3,Prey (Small Pelagic),11915252.3,2412,33553,4939.99,27.99,239.4,4.9,1.93,7.84,4.27,1.031,4939.99,734.1,0.1488,-4638.225,4.574,-1.0,-1.8369701987210297e-16,6288.38,7255.06,7663.79,3639.23,7069.076666666667,706.3147437462535,3963.9600000000005,-0.1332421783786183,-0.03285714285714292,-10.578571428571422,27.73,10.28,5.95,2964.0,-0.18623481718544257,1757.6,5851048.7
2021-10-01,2021,10,Post-Monsoon,Post-Monsoon,0,Ernakulam,Oil Sardine,Sardinella longiceps,2.3,Prey (Small Pelagic),5851048.7,3329,39959,1757.6,28.18,270.1,4.2,1.82,0.92,1.22,1.423,1757.6,416.68,0.2375,-918.987,1.635,-0.8660254037844386,0.5000000000000001,4939.99,6288.38,7255.06,2034.89,6161.1433333333325,1162.7678845037535,4626.095,-0.21442565459716872,-0.6185714285714283,-32.457142857142856,27.99,7.84,4.27,2412.0,0.380182419650985,1998.9,4447553.6
2021-11-01,2021,11,Post-Monsoon,Post-Monsoon,0,Ernakulam,Oil Sardine,Sardinella longiceps,2.3,Prey (Small Pelagic),4447553.6,2225,26334,1998.9,28.87,171.7,3.9,1.18,1.5,1.52,0.951,1998.9,502.24,0.2516,-1235.476,1.679,-0.5000000000000004,0.8660254037844384,1757.6,4939.99,6288.38,1431.45,4328.656666666666,2326.4325018004133,4770.535,-0.6442098047886539,-0.14571428571428768,3.5428571428571445,28.18,0.92,1.22,3329.0,-0.33163111946040513,2102.53,5424526.3
2021-12-01,2021,12,Winter / Post-Monsoon,Northeast/Dry,0,Ernakulam,Oil Sardine,Sardinella longiceps,2.3,Prey (Small Pelagic),5424526.3,2580,36750,2102.53,28.52,31.7,5.0,1.03,1.79,1.22,1.103,2102.53,408.72,0.1948,-1147.048,1.923,-2.4492935982947064e-16,1.0,1998.9,1757.6,4939.99,1982.16,2898.8299999999995,1771.8089715598555,4983.953333333334,0.13728948488114778,0.021428571428568688,-3.678571428571427,28.87,1.5,1.52,2225.0,0.15955056108067162,1801.47,6506922.8
2022-01-01,2022,1,Winter / Post-Monsoon,Northeast/Dry,0,Ernakulam,Oil Sardine,Sardinella longiceps,2.3,Prey (Small Pelagic),6506922.8,3612,43826,1801.47,27.65,7.3,3.7,0.82,0.96,0.73,1.544,1801.47,387.21,0.2154,-933.743,1.719,0.49999999999999994,0.8660254037844387,2102.53,1998.9,1757.6,2258.2,1953.0099999999995,176.98473182732684,4057.0766666666664,0.0518435136733028,-0.6264285714285727,-1.1571428571428575,28.52,1.79,1.22,2580.0,0.39999999844961237,1933.18,5358762.9
2022-02-01,2022,2,Winter / Post-Monsoon,Northeast/Dry,0,Ernakulam,Oil Sardine,Sardinella longiceps,2.3,Prey (Small Pelagic),5358762.9,2772,33208,1933.18,28.31,10.7,3.5,0.88,1.02,0.84,1.185,1933.18,496.37,0.2571,-1227.873,1.94,0.8660254037844386,0.5000000000000001,1801.47,2102.53,1998.9,1822.79,1967.6333333333325,152.9460173830105,3148.145,-0.14318939495184665,-0.3414285714285725,0.042857142857142705,27.65,0.96,0.73,3612.0,-0.23255813889103505,1903.56,4652309.6
2022-03-01,2022,3,Pre-Monsoon / Summer,Pre-Monsoon,0,Ernakulam,Oil Sardine,Sardinella longiceps,2.3,Prey (Small Pelagic),4652309.6,2444,24682,1903.56,29.04,29.5,3.1,1.15,1.0,1.04,1.044,1903.56,498.42,0.2622,-1189.938,1.688,1.0,6.123233995736766e-17,1933.18,1801.47,2102.53,967.18,1945.7266666666662,150.92165196990157,2422.278333333333,0.07311251326354305,-0.49571428571428555,4.7642857142857125,28.31,1.02,0.84,2772.0,-0.11832611789925641,874.39,2410688.4
2022-04-01,2022,4,Pre-Monsoon / Summer,Pre-Monsoon,0,Ernakulam,Oil Sardine,Sardinella longiceps,2.3,Prey (Small Pelagic),2410688.4,2757,27754,874.39,30.04,75.5,3.7,0.99,0.96,0.82,1.178,874.39,324.51,0.3718,-315.084,0.907,0.8660254037844387,-0.4999999999999998,1903.56,1933.18,1801.47,890.96,1879.4033333333327,69.09804218155436,1916.2066666666667,-0.015321904761471291,-0.26142857142857423,-13.907142857142858,29.04,1.0,1.04,2444.0,0.12806873924685458,1069.68,3652965.9
2022-05-01,2022,5,Pre-Monsoon / Summer,Pre-Monsoon,0,Ernakulam,Oil Sardine,Sardinella longiceps,2.3,Prey (Small Pelagic),3652965.9,3415,46825,1069.68,29.8,226.9,4.6,1.66,1.08,1.22,1.459,1069.68,450.45,0.4216,-530.031,1.13,0.49999999999999994,-0.8660254037844387,874.39,1903.56,1933.18,718.39,1570.376666666666,602.9240551125183,1769.005,-0.5406554007194132,-0.3299999999999983,-34.15714285714287,30.04,0.96,0.82,2757.0,0.2386652149486209,11456.29,6232219.9
2022-06-01,2022,6,Southwest Monsoon,Southwest Monsoon,1,Ernakulam,Oil Sardine,Sardinella longiceps,2.3,Prey (Small Pelagic),6232219.9,544,5283,11456.29,28.15,932.2,7.9,3.26,11.79,7.53,0.232,11456.29,1514.29,0.1323,-21449.354,9.244,1.2246467991473532e-16,-1.0,1069.68,874.39,1903.56,7663.79,1282.5433333333328,546.6084716077149,1614.1350000000002,0.22334427173979274,-0.44071428571428584,262.4785714285714,29.8,1.08,1.22,3415.0,-0.840702779383008,8808.12,4809235.8
2022-07-01,2022,7,Southwest Monsoon,Southwest Monsoon,1,Ernakulam,Oil Sardine,Sardinella longiceps,2.3,Prey (Small Pelagic),4809235.8,546,5460,8808.12,27.41,517.1,8.5,4.01,12.7,7.04,0.233,8808.12,1057.46,0.1202,-11771.599,7.881,-0.4999999999999997,-0.8660254037844388,11456.29,1069.68,874.39,7255.06,4466.786666666666,6053.874972365496,3173.095,9.71001598880024,-0.274285714285714,-90.84999999999991,28.15,11.79,7.53,544.0,0.0036764705206531155,4507.66,9191119.1
2022-08-01,2022,8,Southwest Monsoon,Southwest Monsoon,0,Ernakulam,Oil Sardine,Sardinella longiceps,2.3,Prey (Small Pelagic),9191119.1,2039,27481,4507.66,26.62,260.1,7.8,2.32,11.68,6.21,0.871,4507.66,602.24,0.1338,-3316.631,4.303,-0.8660254037844385,-0.5000000000000004,8808.12,11456.29,1069.68,6288.38,7111.363333333334,5397.189473460548,4340.87,-0.23115423908511895,-0.7571428571428527,-156.91428571428565,27.41,12.7,7.04,546.0,2.734432184351059,6971.57,21444558.6
2022-09-01,2022,9,Southwest Monsoon,Southwest Monsoon,0,Ernakulam,Oil Sardine,Sardinella longiceps,2.3,Prey (Small Pelagic),21444558.6,3076,39975,6971.57,27.68,291.6,6.2,2.06,9.5,5.29,1.315,6971.57,935.02,0.1342,-8368.537,6.329,-1.0,-1.8369701987210297e-16,4507.66,8808.12,11456.29,4939.99,8257.356666666667,3506.9031789077594,4769.95,-0.48823812517513604,-0.34285714285714164,41.621428571428595,26.62,11.68,6.21,2039.0,0.5085826360540332,2031.6,5741294.0
2022-10-01,2022,10,Post-Monsoon,Post-Monsoon,0,Ernakulam,Oil Sardine,Sardinella longiceps,2.3,Prey (Small Pelagic),5741294.0,2826,39089,2031.6,28.54,337.9,3.5,1.24,1.19,1.57,1.208,2031.6,563.75,0.2778,-1382.416,2.066,-0.8660254037844386,0.5000000000000001,6971.57,4507.66,8808.12,1757.6,6762.45,2157.843236590648,5614.618333333335,0.5466051109741971,-0.2585714285714289,35.3428571428571,27.68,9.5,5.29,3076.0,-0.0812743820504734,2681.14,7552784.2
2022-11-01,2022,11,Post-Monsoon,Post-Monsoon,0,Ernakulam,Oil Sardine,Sardinella longiceps,2.3,Prey (Small Pelagic),7552784.2,2817,34797,2681.14,28.33,162.5,4.0,1.43,1.67,1.77,1.204,2681.14,549.63,0.2053,-1904.713,2.401,-0.5000000000000004,0.8660254037844384,2031.6,6971.57,4507.66,1998.9,4503.61,2469.9874902719616,5807.486666666668,-0.7085878780409751,-0.6857142857142904,-5.657142857142844,28.54,1.19,1.57,2826.0,-0.003184713364526846,2397.36,6657479.4
2022-12-01,2022,12,Winter / Post-Monsoon,Northeast/Dry,0,Ernakulam,Oil Sardine,Sardinella longiceps,2.3,Prey (Small Pelagic),6657479.4,2777,37767,2397.36,28.0,33.7,4.7,1.33,1.36,0.98,1.187,2397.36,486.45,0.2032,-1587.848,2.064,-2.4492935982947064e-16,1.0,2681.14,2031.6,6971.57,2102.53,3894.769999999999,2684.306098957415,6076.063333333334,0.31971844693975954,-0.4985714285714309,-1.6785714285714235,28.33,1.67,1.77,2817.0,-0.01419950296698792,2317.51,5828536.1
2023-01-01,2023,1,Winter / Post-Monsoon,Northeast/Dry,0,Ernakulam,Oil Sardine,Sardinella longiceps,2.3,Prey (Small Pelagic),5828536.1,2515,27368,2317.51,28.72,7.3,3.4,1.12,0.95,0.81,1.075,2317.51,545.54,0.2357,-1677.046,1.805,0.49999999999999994,0.8660254037844387,2397.36,2681.14,2031.6,1801.47,2370.033333333333,325.6310994565732,4566.241666666667,-0.10584303652236339,0.4435714285714276,-1.1571428571428575,28.0,1.36,0.98,2777.0,-0.09434641665701686,1810.17,4920049.6
2023-02-01,2023,2,Winter / Post-Monsoon,Northeast/Dry,0,Ernakulam,Oil Sardine,Sardinella longiceps,2.3,Prey (Small Pelagic),4920049.6,2718,26019,1810.17,29.13,7.9,4.6,0.5,1.39,1.1,1.162,1810.17,598.41,0.331,-1292.415,1.711,0.8660254037844386,0.5000000000000001,2317.51,2397.36,2681.14,1933.18,2465.336666666666,191.10812288675106,3484.473333333334,-0.033307471413106575,0.47857142857142776,-2.7571428571428562,28.72,0.95,0.81,2515.0,0.08071570544447035,1401.26,4408349.8
2023-03-01,2023,3,Pre-Monsoon / Summer,Pre-Monsoon,0,Ernakulam,Oil Sardine,Sardinella longiceps,2.3,Prey (Small Pelagic),4408349.8,3146,42626,1401.26,29.72,30.8,3.5,1.22,1.55,1.15,1.344,1401.26,535.42,0.3825,-857.627,1.154,1.0,6.123233995736766e-17,1810.17,2317.51,2397.36,1903.56,2175.013333333333,318.4760572371103,3034.8916666666664,-0.2189159907878888,0.18428571428571416,6.064285714285713,29.13,1.39,1.1,2718.0,0.1574687264257957,561.82,1323652.7
2023-04-01,2023,4,Pre-Monsoon / Summer,Pre-Monsoon,0,Ernakulam,Oil Sardine,Sardinella longiceps,2.3,Prey (Small Pelagic),1323652.7,2356,27344,561.82,30.67,70.9,4.3,1.33,0.58,0.55,1.007,561.82,315.06,0.5616,-182.258,0.518,0.8660254037844387,-0.4999999999999998,1401.26,1810.17,2317.51,874.39,1842.9799999999993,459.0053242610143,2106.506666666667,-0.22589590908093768,0.36857142857142833,-18.507142857142853,29.72,1.55,1.15,3146.0,-0.25111252304160037,579.78,1561354.0
2023-05-01,2023,5,Pre-Monsoon / Summer,Pre-Monsoon,0,Ernakulam,Oil Sardine,Sardinella longiceps,2.3,Prey (Small Pelagic),1561354.0,2693,36958,579.78,30.46,217.2,4.1,2.3,1.71,1.21,1.151,579.78,390.46,0.674,-227.334,0.585,0.49999999999999994,-0.8660254037844387,561.82,1401.26,1810.17,1069.68,1257.7499999999993,636.4281347488918,1861.5433333333337,-0.5990608409641263,0.33000000000000185,-43.85714285714289,30.67,0.58,0.55,2356.0,0.14303904862886652,8389.86,5646375.9
2023-06-01,2023,6,Southwest Monsoon,Southwest Monsoon,1,Ernakulam,Oil Sardine,Sardinella longiceps,2.3,Prey (Small Pelagic),5646375.9,673,8776,8389.86,28.81,607.3,7.0,3.43,10.31,6.2,0.288,8389.86,1560.82,0.1861,-15544.716,7.475,1.2246467991473532e-16,-1.0,579.78,561.82,1401.26,11456.29,847.6199999999994,479.5503910956072,1511.3166666666668,0.031967533516650506,0.2192857142857143,-62.42142857142869,30.46,1.71,1.21,2693.0,-0.7500928304861015,12445.83,9993998.8
2023-07-01,2023,7,Southwest Monsoon,Southwest Monsoon,1,Ernakulam,Oil Sardine,Sardinella longiceps,2.3,Prey (Small Pelagic),9993998.8,803,11340,12445.83,28.14,556.0,8.9,3.02,13.72,7.63,0.343,12445.83,1647.26,0.1324,-25343.667,11.09,-0.4999999999999997,-0.8660254037844388,8389.86,579.78,561.82,8808.12,3177.153333333333,4514.345327390596,2510.066666666667,13.470764540502184,0.4557142857142864,-51.94999999999993,28.81,10.31,6.2,673.0,0.19316493026500847,8843.51,26194483.5
2023-08-01,2023,8,Southwest Monsoon,Southwest Monsoon,0,Ernakulam,Oil Sardine,Sardinella longiceps,2.3,Prey (Small Pelagic),26194483.5,2962,35383,8843.51,27.62,454.9,7.7,3.29,11.31,6.55,1.266,8843.51,1246.0,0.141,-13647.82,8.23,-0.8660254037844385,-0.5000000000000004,12445.83,8389.86,579.78,4507.66,7138.490000000001,6031.188175500746,4198.12,0.48343714855380515,0.24285714285714732,37.8857142857143,28.14,13.72,7.63,803.0,2.6886674634038923,6572.69,18981931.5
2023-09-01,2023,9,Southwest Monsoon,Southwest Monsoon,0,Ernakulam,Oil Sardine,Sardinella longiceps,2.3,Prey (Small Pelagic),18981931.5,2888,29040,6572.69,28.66,216.2,5.3,2.04,7.82,4.6,1.234,6572.69,1255.69,0.1912,-10056.218,5.774,-1.0,-1.8369701987210297e-16,8843.51,12445.83,8389.86,6971.57,9893.066666666668,2222.36361958015,5370.343333333334,-0.2894399165909868,0.6371428571428588,-33.77857142857144,27.62,11.31,6.55,2962.0,-0.024983119429496558,2110.27,5701941.7
2023-10-01,2023,10,Post-Monsoon,Post-Monsoon,0,Ernakulam,Oil Sardine,Sardinella longiceps,2.3,Prey (Small Pelagic),5701941.7,2702,30785,2110.27,29.22,267.5,4.4,1.04,1.36,1.55,1.155,2110.27,602.72,0.286,-1533.414,1.769,-0.8660254037844386,0.5000000000000001,6572.69,8843.51,12445.83,2031.6,9287.343333333332,2961.6185415636123,6232.248333333333,-0.2567781341833977,0.4214285714285708,-35.05714285714288,28.66,7.82,4.6,2888.0,-0.06440443190995696,1493.23,4204936.9
2023-11-01,2023,11,Post-Monsoon,Post-Monsoon,0,Ernakulam,Oil Sardine,Sardinella longiceps,2.3,Prey (Small Pelagic),4204936.9,2816,38730,1493.23,29.29,139.2,3.7,1.47,1.01,0.91,1.203,1493.23,515.93,0.346,-909.59,1.482,-0.5000000000000004,0.8660254037844384,2110.27,6572.69,8843.51,2681.14,5842.156666666666,3425.549508872019,6490.323333333334,-0.6789335862806042,0.27428571428571047,-28.957142857142856,29.22,1.36,1.55,2702.0,0.04219096949596236,2232.18,6584934.8
2023-12-01,2023,12,Winter / Post-Monsoon,Northeast/Dry,0,Ernakulam,Oil Sardine,Sardinella longiceps,2.3,Prey (Small Pelagic),6584934.8,2950,37357,2232.18,28.79,35.8,4.1,1.28,1.32,1.23,1.261,2232.18,644.06,0.2889,-1767.771,2.149,-2.4492935982947064e-16,1.0,1493.23,2110.27,6572.69,2397.36,3392.063333333333,2771.727635416816,6642.565,-0.29239860163676396,0.29142857142856826,0.4214285714285708,29.29,1.01,0.91,2816.0,0.04758522710374564,1875.52,5778491.4
2024-01-01,2024,1,Winter / Post-Monsoon,Northeast/Dry,0,Ernakulam,Oil Sardine,Sardinella longiceps,2.3,Prey (Small Pelagic),5778491.4,3081,31485,1875.52,28.07,8.9,3.0,1.0,0.37,0.51,1.317,1875.52,470.37,0.2512,-1164.222,1.688,0.49999999999999994,0.8660254037844387,2232.18,1493.23,2110.27,2317.51,1945.2266666666662,396.15811494058255,5616.285,0.4948668289890583,-0.20642857142857096,0.44285714285714306,28.79,1.32,1.23,2950.0,0.04440677951048549,2547.41,5881979.6
2024-02-01,2024,2,Winter / Post-Monsoon,Northeast/Dry,0,Ernakulam,Oil Sardine,Sardinella longiceps,2.3,Prey (Small Pelagic),5881979.6,2309,31011,2547.41,28.2,10.9,4.1,1.59,1.24,1.06,0.987,2547.41,476.1,0.1872,-1684.832,2.17,0.8660254037844386,0.5000000000000001,1875.52,2232.18,1493.23,1810.17,1866.9766666666662,369.54907256449,3854.566666666667,-0.15978102052799936,-0.45142857142857196,0.24285714285714377,28.07,0.37,0.51,3081.0,-0.25056799659017204,1173.95,3338726.8
2024-03-01,2024,3,Pre-Monsoon / Summer,Pre-Monsoon,0,Ernakulam,Oil Sardine,Sardinella longiceps,2.3,Prey (Small Pelagic),3338726.8,2844,29246,1173.95,29.67,29.2,3.5,0.63,1.03,0.77,1.215,1173.95,431.75,0.3683,-585.24,1.066,1.0,6.123233995736766e-17,2547.41,1875.52,2232.18,1401.26,2218.3699999999994,336.157820227265,2805.216666666667,0.3582419789805388,0.134285714285717,4.464285714285712,28.2,1.24,1.06,2309.0,0.23170203450973564,760.23,2351377.6
2024-04-01,2024,4,Pre-Monsoon / Summer,Pre-Monsoon,0,Ernakulam,Oil Sardine,Sardinella longiceps,2.3,Prey (Small Pelagic),2351377.6,3093,41507,760.23,30.3,106.9,4.1,1.86,1.27,0.87,1.322,760.23,376.36,0.4957,-304.112,0.694,0.8660254037844387,-0.4999999999999998,1173.95,2547.41,1875.52,561.82,1865.626666666666,686.7834458060812,1905.4266666666672,-0.5391593793729341,-0.001428571428572667,17.492857142857147,29.67,1.03,0.77,2844.0,0.08755274230818304,687.14,1750144.8
2024-05-01,2024,5,Pre-Monsoon / Summer,Pre-Monsoon,0,Ernakulam,Oil Sardine,Sardinella longiceps,2.3,Prey (Small Pelagic),1750144.8,2547,36538,687.14,30.43,238.3,5.3,1.45,1.36,1.18,1.088,687.14,391.09,0.5698,-276.736,0.637,0.49999999999999994,-0.8660254037844387,760.23,1173.95,2547.41,579.78,1493.8633333333328,935.554110531972,1680.4200000000003,-0.3524170505352268,0.3000000000000007,-22.757142857142867,30.3,1.27,0.87,3093.0,-0.17652764249425268,8253.32,5521471.7
2024-06-01,2024,6,Southwest Monsoon,Southwest Monsoon,1,Ernakulam,Oil Sardine,Sardinella longiceps,2.3,Prey (Small Pelagic),5521471.7,669,9605,8253.32,28.07,555.8,7.7,3.7,11.28,6.5,0.286,8253.32,1250.46,0.1516,-12596.621,8.533,1.2246467991473532e-16,-1.0,687.14,760.23,1173.95,8389.86,873.7733333333327,262.5167812412398,1546.0716666666667,-0.09614195577467408,-0.5207142857142841,-113.92142857142869,30.43,1.36,1.18,2547.0,-0.7373380418636118,10319.78,7192884.0
2024-07-01,2024,7,Southwest Monsoon,Southwest Monsoon,1,Ernakulam,Oil Sardine,Sardinella longiceps,2.3,Prey (Small Pelagic),7192884.0,697,9346,10319.78,28.14,586.5,8.3,3.26,12.54,7.02,0.298,10319.78,1617.2,0.1568,-20158.858,9.682,-0.4999999999999997,-0.8660254037844388,8253.32,687.14,760.23,12445.83,3233.563333333333,4347.390399013331,2549.5950000000003,11.011118389103844,0.4557142857142864,-21.449999999999932,28.07,11.28,6.5,669.0,0.04185351207991761,8608.45,21693286.1
2024-08-01,2024,8,Southwest Monsoon,Southwest Monsoon,0,Ernakulam,Oil Sardine,Sardinella longiceps,2.3,Prey (Small Pelagic),21693286.1,2520,34140,8608.45,27.59,528.2,7.3,3.14,11.14,6.56,1.077,8608.45,1196.41,0.1391,-12775.668,7.906,-0.8660254037844385,-0.5000000000000004,10319.78,8253.32,687.14,8843.51,6420.079999999999,5071.243931778476,3956.971666666667,0.2503792410201239,0.2128571428571462,111.18571428571437,28.14,12.54,7.02,697.0,2.6154949409541617,5378.47,16979814.2
2024-09-01,2024,9,Southwest Monsoon,Southwest Monsoon,0,Ernakulam,Oil Sardine,Sardinella longiceps,2.3,Prey (Small Pelagic),16979814.2,3157,32618,5378.47,28.01,235.8,5.2,1.94,8.04,4.47,1.349,5378.47,972.82,0.181,-6415.565,5.761,-1.0,-1.8369701987210297e-16,8608.45,10319.78,8253.32,6572.69,9060.516666666668,1104.9151262578434,4967.145,-0.1658300853643875,-0.012857142857139792,-14.178571428571416,27.59,11.14,6.56,2520.0,0.2527777767746913,2315.78,7567953.8
2024-10-01,2024,10,Post-Monsoon,Post-Monsoon,0,Ernakulam,Oil Sardine,Sardinella longiceps,2.3,Prey (Small Pelagic),7567953.8,3268,42239,2315.78,28.65,356.4,4.4,1.23,1.23,1.57,1.397,2315.78,597.25,0.2582,-1707.368,2.281,-0.8660254037844386,0.5000000000000001,5378.47,8608.45,10319.78,2110.27,8102.233333333334,2509.2484162062087,5667.8983333333335,-0.3752104032953547,-0.14857142857142946,53.8428571428571,28.01,8.04,4.47,3157.0,0.035159961877858845,2181.92,7200337.4
2024-11-01,2024,11,Post-Monsoon,Post-Monsoon,0,Ernakulam,Oil Sardine,Sardinella longiceps,2.3,Prey (Small Pelagic),7200337.4,3300,37177,2181.92,29.19,160.4,4.1,1.38,1.39,1.31,1.41,2181.92,582.5,0.2673,-1576.093,1.8,-0.5000000000000004,0.8660254037844384,2315.78,5378.47,8608.45,1493.23,5434.233333333333,3146.7055938287767,5927.156666666669,-0.5694351728847885,0.1742857142857126,-7.7571428571428385,28.65,1.23,1.57,3268.0,0.009791921634663641,2094.37,6394104.4
2024-12-01,2024,12,Winter / Post-Monsoon,Northeast/Dry,0,Ernakulam,Oil Sardine,Sardinella longiceps,2.3,Prey (Small Pelagic),6394104.4,3053,33787,2094.37,28.88,38.5,3.2,0.63,1.38,1.12,1.305,2094.37,579.0,0.2768,-1507.168,1.946,-2.4492935982947064e-16,1.0,2181.92,2315.78,5378.47,2232.18,3292.056666666666,1808.1261219929515,6176.286666666667,-0.05780341803710453,0.3814285714285681,3.1214285714285737,29.19,1.39,1.31,3300.0,-0.07484848462167125,2075.77,6503374.9
2025-01-01,2025,1,Winter / Post-Monsoon,Northeast/Dry,0,Ernakulam,Oil Sardine,Sardinella longiceps,2.3,Prey (Small Pelagic),6503374.9,3133,37300,2075.77,28.27,8.2,3.3,1.34,1.16,0.74,1.339,2075.77,483.92,0.2335,-1332.752,1.845,0.49999999999999994,0.8660254037844387,2094.37,2181.92,2315.78,1875.52,2197.356666666666,111.50925985427061,5149.795000000001,-0.04012521063959635,-0.006428571428571672,-0.257142857142858,28.88,1.38,1.12,3053.0,0.026203733946270114,1491.55,4922124.5
2025-02-01,2025,2,Winter / Post-Monsoon,Northeast/Dry,0,Ernakulam,Oil Sardine,Sardinella longiceps,2.3,Prey (Small Pelagic),4922124.5,3300,43710,1491.55,29.05,11.8,3.5,1.3,1.05,0.93,1.41,1491.55,500.29,0.3359,-883.913,1.591,0.8660254037844386,0.5000000000000001,2075.77,2094.37,2181.92,2547.41,2117.3533333333326,56.684484942932514,3775.7933333333344,-0.00888095222486494,0.39857142857142946,1.1428571428571441,28.27,1.16,0.74,3133.0,0.05330354275996316,1390.58,3817135.2
2025-03-01,2025,3,Pre-Monsoon / Summer,Pre-Monsoon,0,Ernakulam,Oil Sardine,Sardinella longiceps,2.3,Prey (Small Pelagic),3817135.2,2745,32817,1390.58,29.46,20.8,4.2,0.97,1.05,0.73,1.173,1390.58,453.36,0.3265,-755.312,1.194,1.0,6.123233995736766e-17,1491.55,2075.77,2094.37,1173.95,1887.2299999999993,342.7951090664907,2589.643333333334,-0.28144736516354235,-0.07571428571428385,-3.935714285714287,29.05,1.05,0.93,3300.0,-0.1681818176721763,779.06,2053602.2
2025-04-01,2025,4,Pre-Monsoon / Summer,Pre-Monsoon,0,Ernakulam,Oil Sardine,Sardinella longiceps,2.3,Prey (Small Pelagic),2053602.2,2636,25201,779.06,29.88,87.4,3.2,1.37,0.0,0.54,1.126,779.06,348.32,0.4478,-296.703,0.738,0.8660254037844387,-0.4999999999999998,1390.58,1491.55,2075.77,760.23,1652.6333333333325,369.9083862704867,1924.9950000000006,-0.06769467957698584,-0.4214285714285744,-2.0071428571428527,29.46,1.05,0.73,2745.0,-0.03970856087537865,1414.38,4120095.7
2025-05-01,2025,5,Pre-Monsoon / Summer,Pre-Monsoon,0,Ernakulam,Oil Sardine,Sardinella longiceps,2.3,Prey (Small Pelagic),4120095.7,2913,30429,1414.38,29.7,258.8,5.7,2.3,1.8,1.59,1.245,1414.38,522.3,0.3697,-831.449,1.329,0.49999999999999994,-0.8660254037844387,779.06,1390.58,1491.55,687.14,1220.3966666666659,385.5285660404768,1668.8750000000002,-0.4397589463406712,-0.4299999999999997,-2.257142857142867,29.88,0.0,0.54,2636.0,0.10508345938890948,10188.58,7295026.3
2025-06-01,2025,6,Southwest Monsoon,Southwest Monsoon,1,Ernakulam,Oil Sardine,Sardinella longiceps,2.3,Prey (Small Pelagic),7295026.3,716,9355,10188.58,28.49,572.2,8.5,3.26,12.44,7.31,0.306,10188.58,1531.86,0.1504,-18873.77,8.869,1.2246467991473532e-16,-1.0,1414.38,779.06,1390.58,8253.32,1194.6733333333325,360.12836896477035,1540.951666666667,0.815495586790548,-0.10071428571428598,-97.5214285714286,29.7,1.8,1.59,2913.0,-0.7542052840569677,8512.13,4673157.4
2025-07-01,2025,7,Southwest Monsoon,Southwest Monsoon,1,Ernakulam,Oil Sardine,Sardinella longiceps,2.3,Prey (Small Pelagic),4673157.4,549,6016,8512.13,27.83,707.7,7.6,3.22,11.18,6.95,0.235,8512.13,1130.53,0.1329,-11928.379,7.723,-0.4999999999999997,-0.8660254037844388,10188.58,1414.38,779.06,10319.78,4127.339999999999,5258.7907953064605,2889.986666666667,6.20356618303733,0.14571428571428413,99.75000000000011,28.49,12.44,7.31,716.0,-0.23324022020614218,6940.97,16352931.4
2025-08-01,2025,8,Southwest Monsoon,Southwest Monsoon,0,Ernakulam,Oil Sardine,Sardinella longiceps,2.3,Prey (Small Pelagic),16352931.4,2356,33280,6940.97,27.35,339.2,6.5,2.71,10.01,5.62,1.007,6940.97,742.59,0.1071,-6903.116,5.698,-0.8660254037844385,-0.5000000000000004,8512.13,10188.58,1414.38,8608.45,6705.029999999999,4657.8808719738645,3962.713333333333,-0.16454206556306963,-0.02714285714285225,-77.81428571428569,27.83,11.18,6.95,549.0,3.2914389200102203,6122.32,19444490.8
2025-09-01,2025,9,Southwest Monsoon,Southwest Monsoon,0,Ernakulam,Oil Sardine,Sardinella longiceps,2.3,Prey (Small Pelagic),19444490.8,3176,37849,6122.32,28.46,276.5,5.3,2.21,8.2,4.81,1.357,6122.32,1004.54,0.1642,-7643.75,5.551,-1.0,-1.8369701987210297e-16,6940.97,8512.13,10188.58,5378.47,8547.226666666666,1624.0894402813492,4870.95,-0.1845789477080601,0.4371428571428595,26.521428571428572,27.35,10.01,5.62,2356.0,0.34804753672305794,2024.61,4903616.3
2025-10-01,2025,10,Post-Monsoon,Post-Monsoon,0,Ernakulam,Oil Sardine,Sardinella longiceps,2.3,Prey (Small Pelagic),4903616.3,2422,31664,2024.61,28.44,287.7,3.2,0.99,0.82,1.27,1.035,2024.61,444.46,0.2199,-1158.614,2.013,-0.8660254037844386,0.5000000000000001,6122.32,6940.97,8512.13,2315.78,7191.806666666666,1214.4905244724441,5659.573333333334,-0.1179446098773737,-0.35857142857142676,-14.85714285714289,28.46,8.2,4.81,3176.0,-0.23740554081421428,2366.1,7453226.0
2025-11-01,2025,11,Post-Monsoon,Post-Monsoon,0,Ernakulam,Oil Sardine,Sardinella longiceps,2.3,Prey (Small Pelagic),7453226.0,3150,32647,2366.1,28.76,178.7,3.9,1.21,0.9,1.11,1.346,2366.1,536.1,0.2269,-1660.967,1.818,-0.5000000000000004,0.8660254037844384,2024.61,6122.32,6940.97,2181.92,5029.299999999999,2634.135238118948,5867.165,-0.6693067323019596,-0.2557142857142871,10.542857142857144,28.44,0.82,1.27,2422.0,0.30057803344104855,1934.74,6353677.6
2012-04-01,2012,4,Pre-Monsoon / Summer,Pre-Monsoon,0,Kannur,Oil Sardine,Sardinella longiceps,2.3,Prey (Small Pelagic),600784.2,2166,28656,277.37,30.52,77.2,5.0,1.47,1.52,0.98,1.267,277.37,168.22,0.6079,-40.039,0.334,0.8660254037844387,-0.4999999999999998,597.49,1007.89,1175.69,927.0233333333334,927.0233333333334,297.4615493359324,927.0233333333334,-0.40718728822403943,0.2185714285714262,-12.207142857142856,29.29,1.05,0.79,2534.0,-0.14522494023194576,374.64,740662.0
2012-05-01,2012,5,Pre-Monsoon / Summer,Pre-Monsoon,0,Kannur,Oil Sardine,Sardinella longiceps,2.3,Prey (Small Pelagic),740662.0,1977,19185,374.64,30.32,246.6,6.3,1.7,1.64,1.33,1.156,374.64,203.31,0.5439,-69.592,0.501,0.49999999999999994,-0.8660254037844387,277.37,597.49,1007.89,627.5833333333334,627.5833333333334,366.18857728407266,764.61,-0.5357746483493506,0.19000000000000128,-14.457142857142884,30.52,1.52,0.98,2166.0,-0.08725761732568042,4322.73,1867421.0
2012-06-01,2012,6,Southwest Monsoon,Southwest Monsoon,1,Kannur,Oil Sardine,Sardinella longiceps,2.3,Prey (Small Pelagic),1867421.0,432,5344,4322.73,28.42,588.9,6.7,3.61,9.75,5.97,0.253,4322.73,670.92,0.1554,-3465.257,5.463,1.2246467991473532e-16,-1.0,374.64,277.37,597.49,416.5,416.5,164.11397959954505,686.616,0.3506867955912032,-0.1707142857142827,-80.82142857142867,30.32,1.64,1.33,1977.0,-0.781487097716302,5214.41,2184839.1
2012-07-01,2012,7,Southwest Monsoon,Southwest Monsoon,1,Kannur,Oil Sardine,Sardinella longiceps,2.3,Prey (Small Pelagic),2184839.1,419,4350,5214.41,27.6,763.4,8.4,3.55,12.85,7.49,0.245,5214.41,697.38,0.1339,-4347.704,6.556,-0.4999999999999997,-0.8660254037844388,4322.73,374.64,277.37,1658.2466666666667,1658.2466666666667,2308.0227335174436,1292.635,10.538356541256766,-0.08428571428571274,155.45000000000005,28.42,9.75,5.97,432.0,-0.030092591896004817,2598.91,5052287.9
2012-08-01,2012,8,Southwest Monsoon,Southwest Monsoon,0,Kannur,Oil Sardine,Sardinella longiceps,2.3,Prey (Small Pelagic),5052287.9,1944,21274,2598.91,26.74,289.1,6.5,2.51,9.81,5.42,1.137,2598.91,297.82,0.1149,-944.878,2.938,-0.8660254037844385,-0.5000000000000004,5214.41,4322.73,374.64,3303.9266666666663,3303.9266666666663,2575.716130949475,1965.7549999999999,0.20627705129333312,-0.6371428571428552,-127.91428571428565,27.6,12.85,7.49,419.0,3.6396180515604284,3675.0,7136853.1
2012-09-01,2012,9,Southwest Monsoon,Southwest Monsoon,0,Kannur,Oil Sardine,Sardinella longiceps,2.3,Prey (Small Pelagic),7136853.1,1942,21848,3675.0,27.84,330.7,5.8,1.86,8.89,5.16,1.136,3675.0,536.53,0.1462,-2408.661,4.82,-1.0,-1.8369701987210297e-16,2598.91,5214.41,4322.73,4045.35,4045.35,1329.6295765362627,2230.9249999999997,-0.501590783038559,-0.1828571428571415,80.72142857142856,26.74,9.81,5.42,1944.0,-0.001028806579069925,1366.54,2439279.3
2012-10-01,2012,10,Post-Monsoon,Post-Monsoon,0,Kannur,Oil Sardine,Sardinella longiceps,2.3,Prey (Small Pelagic),2439279.3,1785,25443,1366.54,28.49,328.5,3.6,1.19,1.08,1.61,1.044,1366.54,301.99,0.2216,-496.26,1.742,-0.8660254037844386,0.5000000000000001,3675.0,2598.91,5214.41,3829.44,3829.44,1314.5717354712908,2743.843333333333,0.4140543519627292,-0.3085714285714296,25.94285714285712,27.84,8.89,5.16,1942.0,-0.08084448979997688,899.11,2065265.5
2012-11-01,2012,11,Post-Monsoon,Post-Monsoon,0,Kannur,Oil Sardine,Sardinella longiceps,2.3,Prey (Small Pelagic),2065265.5,2297,26708,899.11,29.06,191.9,3.8,1.38,1.11,1.43,1.343,899.11,338.98,0.3777,-328.256,1.275,-0.5000000000000004,0.8660254037844384,1366.54,3675.0,2598.91,2546.8166666666666,2546.8166666666666,1155.1113277227155,2925.3716666666664,-0.6281523792431227,0.04428571428571004,23.74285714285716,28.49,1.08,1.61,1785.0,0.28683473228664014,1265.3,2624232.4
2012-12-01,2012,12,Winter / Post-Monsoon,Northeast/Dry,0,Kannur,Oil Sardine,Sardinella longiceps,2.3,Prey (Small Pelagic),2624232.4,2074,28732,1265.3,28.23,36.7,3.8,0.69,1.12,0.96,1.213,1265.3,301.9,0.2392,-470.337,1.542,-2.4492935982947064e-16,1.0,899.11,1366.54,3675.0,1980.2166666666665,1980.2166666666665,1486.216879002972,3012.7833333333333,-0.3420536512502111,-0.26857142857143046,1.3214285714285765,29.06,1.11,1.43,2297.0,-0.09708315151465759,986.48,1889106.5
2013-01-01,2013,1,Winter / Post-Monsoon,Northeast/Dry,0,Kannur,Oil Sardine,Sardinella longiceps,2.3,Prey (Small Pelagic),1889106.5,1915,26453,986.48,28.6,7.0,3.3,0.56,0.8,0.64,1.12,986.48,268.04,0.2725,-315.347,1.248,0.49999999999999994,0.8660254037844387,1265.3,899.11,1366.54,1175.69,1176.9833333333333,245.91172487975172,2503.2116666666666,0.4072805284416753,0.3235714285714302,-1.4571428571428573,28.23,1.12,0.96,2074.0,-0.0766634518965118,1104.98,2029856.4
2013-02-01,2013,2,Winter / Post-Monsoon,Northeast/Dry,0,Kannur,Oil Sardine,Sardinella longiceps,2.3,Prey (Small Pelagic),2029856.4,1837,20827,1104.98,28.47,9.1,3.9,0.72,0.96,0.79,1.074,1104.98,235.3,0.2137,-325.562,1.329,0.8660254037844386,0.5000000000000001,986.48,1265.3,899.11,1007.89,1050.2966666666666,191.25429206513172,1798.5566666666666,-0.22035880644622768,-0.18142857142857238,-1.557142857142857,28.6,0.8,0.64,1915.0,-0.04073107028338867,851.26,2025992.3
2013-03-01,2013,3,Pre-Monsoon / Summer,Pre-Monsoon,0,Kannur,Oil Sardine,Sardinella longiceps,2.3,Prey (Small Pelagic),2025992.3,2380,28920,851.26,29.4,25.6,3.6,1.1,1.21,1.11,1.392,851.26,292.92,0.3449,-272.905,0.992,1.0,6.123233995736766e-17,1104.98,986.48,1265.3,597.49,1118.9199999999998,139.9317362144892,1549.5683333333334,0.12012407631047689,-0.13571428571428612,0.8642857142857139,28.47,0.96,0.79,1837.0,0.29559063529890783,522.9,1348563.5
2013-04-01,2013,4,Pre-Monsoon / Summer,Pre-Monsoon,0,Kannur,Oil Sardine,Sardinella longiceps,2.3,Prey (Small Pelagic),1348563.5,2579,33223,522.9,30.12,87.7,3.8,0.96,1.41,1.05,1.508,522.9,235.14,0.4507,-122.127,0.689,0.8660254037844387,-0.4999999999999998,851.26,1104.98,986.48,277.37,980.9066666666668,126.95178664884818,1078.945,-0.22961501357839045,-0.18142857142857238,-1.7071428571428555,29.4,1.21,1.11,2380.0,0.08361344502683425,768.95,1455627.9
2013-05-01,2013,5,Pre-Monsoon / Summer,Pre-Monsoon,0,Kannur,Oil Sardine,Sardinella longiceps,2.3,Prey (Small Pelagic),1455627.9,1893,22571,768.95,29.84,306.7,5.8,2.05,1.67,1.57,1.107,768.95,226.3,0.2952,-184.085,0.898,0.49999999999999994,-0.8660254037844387,522.9,851.26,1104.98,374.64,826.38,291.8364994307622,938.3383333333333,-0.38573408376131757,-0.28999999999999915,45.64285714285711,30.12,1.41,1.05,2579.0,-0.2659945705079699,5679.49,2129808.2
2013-06-01,2013,6,Southwest Monsoon,Southwest Monsoon,1,Kannur,Oil Sardine,Sardinella longiceps,2.3,Prey (Small Pelagic),2129808.2,375,4830,5679.49,28.52,614.9,8.1,3.48,12.14,7.09,0.219,5679.49,774.56,0.1365,-5313.965,6.489,1.2246467991473532e-16,-1.0,768.95,522.9,851.26,4322.73,714.37,170.84877728564885,916.645,0.47054885311629674,-0.07071428571428484,-54.82142857142867,29.84,1.67,1.57,1893.0,-0.801901739028517,5366.05,1658110.2
2013-07-01,2013,7,Southwest Monsoon,Southwest Monsoon,1,Kannur,Oil Sardine,Sardinella longiceps,2.3,Prey (Small Pelagic),1658110.2,309,3238,5366.05,27.7,587.9,8.5,4.07,12.71,7.2,0.181,5366.05,597.63,0.1115,-3997.231,6.332,-0.4999999999999997,-0.8660254037844388,5679.49,768.95,522.9,5214.41,2323.78,2908.7329464390505,1652.3433333333332,6.386032818960493,0.015714285714285126,-20.049999999999955,28.52,12.14,7.09,375.0,-0.1759999953066668,4469.87,10365620.6
2013-08-01,2013,8,Southwest Monsoon,Southwest Monsoon,0,Kannur,Oil Sardine,Sardinella longiceps,2.3,Prey (Small Pelagic),10365620.6,2319,26257,4469.87,27.67,394.9,6.8,2.46,9.64,5.61,1.356,4469.87,499.48,0.1119,-2879.315,4.86,-0.8660254037844385,-0.5000000000000004,5366.05,5679.49,768.95,2598.91,3938.163333333334,2749.0900353632173,2382.271666666667,-0.05518805375977757,0.29285714285714803,-22.1142857142857,27.7,12.71,7.2,309.0,6.50485415841896,2671.59,6280913.4
2013-09-01,2013,9,Southwest Monsoon,Southwest Monsoon,0,Kannur,Oil Sardine,Sardinella longiceps,2.3,Prey (Small Pelagic),6280913.4,2351,23914,2671.59,28.29,274.4,5.3,2.11,7.48,4.2,1.375,2671.59,540.17,0.2025,-1681.272,3.759,-1.0,-1.8369701987210297e-16,4469.87,5366.05,5679.49,3675.0,5171.803333333333,627.7690353412926,2943.0866666666666,-0.16700925230475075,0.2671428571428578,24.42142857142855,27.67,9.64,5.61,2319.0,0.01379905125571776,1065.51,2470920.4
2013-10-01,2013,10,Post-Monsoon,Post-Monsoon,0,Kannur,Oil Sardine,Sardinella longiceps,2.3,Prey (Small Pelagic),2470920.4,2319,33231,1065.51,28.79,218.6,3.3,1.35,0.83,1.22,1.356,1065.51,305.72,0.2876,-373.359,1.457,-0.8660254037844386,0.5000000000000001,2671.59,4469.87,5366.05,1366.54,4169.17,1372.1676429649563,3246.475,-0.40231147572007353,-0.008571428571428896,-83.95714285714288,28.29,7.48,4.2,2351.0,-0.01361122920624743,1148.21,2630559.7
2013-11-01,2013,11,Post-Monsoon,Post-Monsoon,0,Kannur,Oil Sardine,Sardinella longiceps,2.3,Prey (Small Pelagic),2630559.7,2291,25718,1148.21,28.98,167.2,4.0,0.92,1.51,1.41,1.34,1148.21,323.1,0.282,-425.684,1.386,-0.5000000000000004,0.8660254037844384,1065.51,2671.59,4469.87,899.11,2735.6566666666663,1703.0840131165983,3336.91,-0.6011700874716177,-0.03571428571428825,-0.9571428571428555,28.79,0.83,1.22,2319.0,-0.01207416984875304,1123.06,2583032.3
2013-12-01,2013,12,Winter / Post-Monsoon,Northeast/Dry,0,Kannur,Oil Sardine,Sardinella longiceps,2.3,Prey (Small Pelagic),2583032.3,2300,24231,1123.06,28.38,33.9,3.3,1.21,1.1,0.97,1.345,1123.06,308.4,0.2753,-409.336,1.405,-2.4492935982947064e-16,1.0,1148.21,1065.51,2671.59,1265.3,1628.4366666666667,904.343120797266,3400.1200000000003,0.07761541348635481,-0.11857142857143188,-1.4785714285714278,28.98,1.51,1.41,2291.0,0.0039284155219187445,1027.45,2618973.7
2014-01-01,2014,1,Winter / Post-Monsoon,Northeast/Dry,0,Kannur,Oil Sardine,Sardinella longiceps,2.3,Prey (Small Pelagic),2618973.7,2549,34829,1027.45,27.93,6.7,4.1,0.81,1.43,1.1,1.491,1027.45,191.4,0.1871,-241.835,1.272,0.49999999999999994,0.8660254037844387,1123.06,1148.21,1065.51,986.48,1112.26,42.394604609612294,2640.715,-0.02190365854762065,-0.34642857142857153,-1.7571428571428571,28.38,1.1,0.97,2300.0,0.10826086909451794,1140.36,2170096.2
2014-02-01,2014,2,Winter / Post-Monsoon,Northeast/Dry,0,Kannur,Oil Sardine,Sardinella longiceps,2.3,Prey (Small Pelagic),2170096.2,1903,20655,1140.36,28.56,14.5,4.2,0.7,1.42,1.22,1.113,1140.36,274.34,0.2412,-371.387,1.256,0.8660254037844386,0.5000000000000001,1027.45,1123.06,1148.21,1104.98,1099.5733333333333,63.71390769163898,1917.615,-0.08513347385595174,-0.09142857142857252,3.8428571428571434,27.93,1.43,1.1,2549.0,-0.25343271771897713,942.57,1813508.3
2014-03-01,2014,3,Pre-Monsoon / Summer,Pre-Monsoon,0,Kannur,Oil Sardine,Sardinella longiceps,2.3,Prey (Small Pelagic),1813508.3,1924,27511,942.57,29.3,19.8,3.7,1.28,1.04,1.05,1.125,942.57,202.25,0.2154,-225.769,1.011,1.0,6.123233995736766e-17,1140.36,1027.45,1123.06,851.26,1096.9566666666667,60.81286897802709,1362.6966666666667,0.10989342440125126,-0.235714285714284,-4.935714285714287,28.56,1.42,1.22,1903.0,0.011035207509010997,395.27,728882.2
2014-04-01,2014,4,Pre-Monsoon / Summer,Pre-Monsoon,0,Kannur,Oil Sardine,Sardinella longiceps,2.3,Prey (Small Pelagic),728882.2,1844,21887,395.27,30.0,79.0,3.3,1.27,1.04,0.61,1.078,395.27,185.61,0.4709,-69.832,0.537,0.8660254037844387,-0.4999999999999998,942.57,1140.36,1027.45,522.9,1036.7933333333333,99.22547270403255,1074.5266666666666,-0.17344522630182363,-0.3014285714285734,-10.407142857142858,29.3,1.04,1.05,1924.0,-0.0415800413639291,432.03,797965.3
2014-05-01,2014,5,Pre-Monsoon / Summer,Pre-Monsoon,0,Kannur,Oil Sardine,Sardinella longiceps,2.3,Prey (Small Pelagic),797965.3,1847,23081,432.03,30.14,259.9,4.6,1.68,1.56,1.33,1.08,432.03,219.99,0.5103,-89.606,0.582,0.49999999999999994,-0.8660254037844387,395.27,942.57,1140.36,768.95,826.0666666666666,385.9657329781217,962.82,-0.5806465240709282,0.010000000000001563,-1.157142857142901,30.0,1.04,0.61,1844.0,0.0016268980388996852,4353.01,1845676.8
2014-06-01,2014,6,Southwest Monsoon,Southwest Monsoon,1,Kannur,Oil Sardine,Sardinella longiceps,2.3,Prey (Small Pelagic),1845676.8,424,5052,4353.01,28.69,480.4,8.4,3.2,12.56,7.11,0.248,4353.01,699.08,0.1608,-3528.297,5.641,1.2246467991473532e-16,-1.0,432.03,395.27,942.57,5679.49,589.9566666666666,305.92473998246504,843.4566666666666,0.0929997193563964,0.09928571428571686,-189.32142857142867,30.14,1.56,1.33,1847.0,-0.7704385448270789,4169.74,1513614.0
2014-07-01,2014,7,Southwest Monsoon,Southwest Monsoon,1,Kannur,Oil Sardine,Sardinella longiceps,2.3,Prey (Small Pelagic),1513614.0,363,4475,4169.74,27.65,509.6,7.9,3.39,11.67,6.62,0.212,4169.74,552.53,0.1327,-2773.177,4.955,-0.4999999999999997,-0.8660254037844388,4353.01,432.03,395.27,5366.05,1726.7700000000002,2274.4648222384108,1381.7816666666668,9.075712124720226,-0.034285714285715585,-98.34999999999991,28.69,12.56,7.11,424.0,-0.14386792113519054,3021.14,4942580.3
2014-08-01,2014,8,Southwest Monsoon,Southwest Monsoon,0,Kannur,Oil Sardine,Sardinella longiceps,2.3,Prey (Small Pelagic),4942580.3,1636,15953,3021.14,27.15,482.4,7.6,2.53,11.02,6.31,0.957,3021.14,322.63,0.1071,-1191.294,3.743,-0.8660254037844385,-0.5000000000000004,4169.74,4353.01,432.03,4469.87,2984.9266666666667,2212.7715689228608,1905.4966666666667,-0.04210190180564286,-0.2271428571428551,65.3857142857143,27.65,11.67,6.62,363.0,3.506886955733142,3314.73,6380845.7
2014-09-01,2014,9,Southwest Monsoon,Southwest Monsoon,0,Kannur,Oil Sardine,Sardinella longiceps,2.3,Prey (Small Pelagic),6380845.7,1925,21615,3314.73,27.89,281.5,6.0,1.88,8.88,5.07,1.126,3314.73,475.42,0.1437,-1920.721,3.964,-1.0,-1.8369701987210297e-16,3021.14,4169.74,4353.01,2671.59,3847.963333333333,721.8895979534117,2218.96,-0.2754608194384762,-0.1328571428571408,31.521428571428572,27.15,11.02,6.31,1636.0,0.17665036566839631,1082.91,2061862.8
2014-10-01,2014,10,Post-Monsoon,Post-Monsoon,0,Kannur,Oil Sardine,Sardinella longiceps,2.3,Prey (Small Pelagic),2061862.8,1904,24478,1082.91,28.72,355.1,3.9,1.19,1.1,1.49,1.113,1082.91,272.16,0.252,-338.521,1.398,-0.8660254037844386,0.5000000000000001,3314.73,3021.14,4169.74,1065.51,3501.8700000000003,596.7298590652262,2614.3199999999997,0.09717854817327719,-0.07857142857142918,52.542857142857144,27.89,8.88,5.07,1925.0,-0.010909090852420308,954.85,1823768.8
2014-11-01,2014,11,Post-Monsoon,Post-Monsoon,0,Kannur,Oil Sardine,Sardinella longiceps,2.3,Prey (Small Pelagic),1823768.8,1910,18268,954.85,28.96,190.7,3.2,1.03,0.73,1.19,1.117,954.85,248.85,0.2614,-271.471,1.183,-0.5000000000000004,0.8660254037844384,1082.91,3314.73,3021.14,1148.21,2472.9266666666667,1212.7071048828475,2728.9266666666667,-0.6733037059630687,-0.055714285714287826,22.542857142857144,28.72,1.1,1.49,1904.0,0.003151260487650943,1159.69,2533926.2
2014-12-01,2014,12,Winter / Post-Monsoon,Northeast/Dry,0,Kannur,Oil Sardine,Sardinella longiceps,2.3,Prey (Small Pelagic),2533926.2,2185,22411,1159.69,28.65,30.7,3.1,1.4,1.27,0.95,1.278,1159.69,212.62,0.184,-316.267,1.214,-2.4492935982947064e-16,1.0,954.85,1082.91,3314.73,1123.06,1784.1633333333332,1327.0552293455378,2816.0633333333335,-0.11825544026506879,0.1514285714285677,-4.678571428571427,28.96,0.73,1.19,1910.0,0.14397905683780599,422.05,888838.4
2015-01-01,2015,1,Winter / Post-Monsoon,Northeast/Dry,0,Kannur,Oil Sardine,Sardinella longiceps,2.3,Prey (Small Pelagic),888838.4,2106,20519,422.05,29.02,8.2,3.0,0.9,0.88,0.8,1.232,422.05,131.49,0.3132,-51.971,0.592,0.49999999999999994,0.8660254037844387,1159.69,954.85,1082.91,1027.45,1065.8166666666668,103.48426418223289,2283.8433333333332,0.2145258395085528,0.7435714285714283,-0.257142857142858,28.65,1.27,0.95,2185.0,-0.03615560624185077,266.49,549767.3
2015-02-01,2015,2,Winter / Post-Monsoon,Northeast/Dry,0,Kannur,Oil Sardine,Sardinella longiceps,2.3,Prey (Small Pelagic),549767.3,2063,20541,266.49,29.64,7.2,3.4,1.03,1.17,0.81,1.206,266.49,153.28,0.5768,-34.513,0.312,0.8660254037844386,0.5000000000000001,422.05,1159.69,954.85,1140.36,845.5300000000001,380.7772829358455,1659.2283333333335,-0.6360665295374925,0.9885714285714293,-3.4571428571428564,29.02,0.88,0.8,2106.0,-0.02041785365423621,372.75,887882.7
2015-03-01,2015,3,Pre-Monsoon / Summer,Pre-Monsoon,0,Kannur,Oil Sardine,Sardinella longiceps,2.3,Prey (Small Pelagic),887882.7,2382,28590,372.75,29.9,21.0,4.6,1.43,1.96,1.08,1.393,372.75,117.23,0.3163,-37.83,0.396,1.0,6.123233995736766e-17,266.49,422.05,1159.69,942.57,616.0766666666667,477.1648777239774,1200.1200000000001,-0.3685819128401395,0.3642857142857139,-3.7357142857142875,29.64,1.17,0.81,2063.0,0.15462918005511786,144.32,281433.0
2015-04-01,2015,4,Pre-Monsoon / Summer,Pre-Monsoon,0,Kannur,Oil Sardine,Sardinella longiceps,2.3,Prey (Small Pelagic),281433.0,1950,18872,144.32,30.71,82.4,4.8,1.21,1.75,1.02,1.14,144.32,74.69,0.5209,-5.506,0.182,0.8660254037844387,-0.4999999999999998,372.75,266.49,422.05,395.27,353.7633333333333,79.49904737377847,709.7900000000001,0.3987391497339806,0.4085714285714275,-7.007142857142853,29.9,1.96,1.08,2382.0,-0.18136020074995715,140.87,333851.5
2015-05-01,2015,5,Pre-Monsoon / Summer,Pre-Monsoon,0,Kannur,Oil Sardine,Sardinella longiceps,2.3,Prey (Small Pelagic),333851.5,2370,24082,140.87,30.46,286.9,5.5,1.76,1.95,1.51,1.386,140.87,110.07,0.7829,-10.112,0.187,0.49999999999999994,-0.8660254037844387,144.32,372.75,266.49,432.03,261.18666666666667,114.3073061240544,553.3583333333335,-0.61282359187596,0.33000000000000185,25.8428571428571,30.71,1.75,1.02,1950.0,0.2153846142800789,2025.55,968213.3
2015-06-01,2015,6,Southwest Monsoon,Southwest Monsoon,1,Kannur,Oil Sardine,Sardinella longiceps,2.3,Prey (Small Pelagic),968213.3,478,6872,2025.55,28.75,597.7,7.7,3.13,11.54,6.84,0.28,2025.55,381.46,0.1887,-827.748,2.979,1.2246467991473532e-16,-1.0,140.87,144.32,372.75,4353.01,219.3133333333333,132.89124739176125,417.695,-0.023905208986612383,0.15928571428571558,-72.0214285714286,30.46,1.95,1.51,2370.0,-0.7983122329185137,2664.32,1012440.5
2015-07-01,2015,7,Southwest Monsoon,Southwest Monsoon,1,Kannur,Oil Sardine,Sardinella longiceps,2.3,Prey (Small Pelagic),1012440.5,380,3799,2664.32,28.75,662.2,7.9,3.45,11.82,7.02,0.222,2664.32,363.53,0.1368,-1101.01,3.134,-0.4999999999999997,-0.8660254037844388,2025.55,140.87,144.32,4169.74,770.2466666666666,1087.125944696997,562.005,13.378858992059415,1.0657142857142858,54.250000000000114,28.75,11.54,6.84,478.0,-0.20502091621295154,2403.56,5569049.5
2015-08-01,2015,8,Southwest Monsoon,Southwest Monsoon,0,Kannur,Oil Sardine,Sardinella longiceps,2.3,Prey (Small Pelagic),5569049.5,2317,23769,2403.56,28.29,360.8,7.1,3.14,10.16,5.72,1.355,2403.56,359.32,0.1498,-991.911,2.651,-0.8660254037844385,-0.5000000000000004,2664.32,2025.55,140.87,3021.14,1610.2466666666667,1311.9861354577413,935.7166666666667,0.3153563214171149,0.9128571428571455,-56.214285714285666,28.75,11.82,7.02,380.0,5.097368286911361,1810.13,4762454.2
2015-09-01,2015,9,Southwest Monsoon,Southwest Monsoon,0,Kannur,Oil Sardine,Sardinella longiceps,2.3,Prey (Small Pelagic),4762454.2,2631,30330,1810.13,28.22,157.4,5.6,1.98,8.25,4.45,1.539,1810.13,262.96,0.1457,-550.413,2.071,-1.0,-1.8369701987210297e-16,2403.56,2664.32,2025.55,3314.73,2364.476666666667,321.1734865043155,1291.8950000000002,-0.09787112622406052,0.1971428571428575,-92.57857142857142,28.29,10.16,5.72,2317.0,0.13552006846991768,217.97,457746.7
2015-10-01,2015,10,Post-Monsoon,Post-Monsoon,0,Kannur,Oil Sardine,Sardinella longiceps,2.3,Prey (Small Pelagic),457746.7,2100,28116,217.97,29.74,336.7,3.8,1.21,0.92,1.24,1.228,217.97,129.44,0.5957,-21.518,0.271,-0.8660254037844386,0.5000000000000001,1810.13,2403.56,2664.32,1082.91,2292.67,437.75858997854573,1531.4583333333333,-0.2468962695048333,0.9414285714285704,34.14285714285711,28.22,8.25,4.45,2631.0,-0.20182440060119952,347.45,673698.7
2015-11-01,2015,11,Post-Monsoon,Post-Monsoon,0,Kannur,Oil Sardine,Sardinella longiceps,2.3,Prey (Small Pelagic),673698.7,1939,22967,347.45,29.69,164.8,3.9,1.04,0.67,1.02,1.134,347.45,110.92,0.3212,-32.428,0.415,-0.5000000000000004,0.8660254037844384,217.97,1810.13,2403.56,954.85,1477.2200000000003,1130.1870257174278,1543.7333333333336,-0.8795832294941069,0.6742857142857126,-3.357142857142833,29.74,0.92,1.24,2100.0,-0.07666666630158729,488.25,995532.1
2015-12-01,2015,12,Winter / Post-Monsoon,Northeast/Dry,0,Kannur,Oil Sardine,Sardinella longiceps,2.3,Prey (Small Pelagic),995532.1,2039,28503,488.25,29.24,30.8,3.9,1.35,1.33,1.01,1.192,488.25,132.57,0.273,-62.608,0.597,-2.4492935982947064e-16,1.0,347.45,217.97,1810.13,1159.69,791.8500000000003,884.2295439533824,1578.1633333333332,0.5940266736694648,0.7414285714285676,-4.578571428571426,29.69,0.67,1.02,1939.0,0.05157297549472421,423.5,885952.7
2016-01-01,2016,1,Winter / Post-Monsoon,Northeast/Dry,0,Kannur,Oil Sardine,Sardinella longiceps,2.3,Prey (Small Pelagic),885952.7,2092,24837,423.5,28.92,10.5,4.4,1.39,0.9,0.9,1.223,423.5,137.24,0.3257,-54.192,0.48,0.49999999999999994,0.8660254037844387,488.25,347.45,217.97,422.05,351.2233333333335,135.1795033773264,1321.9466666666667,0.4052381521013628,0.6435714285714305,2.0428571428571427,29.24,1.33,1.01,2039.0,0.025993133761681542,264.11,501816.8
2016-02-01,2016,2,Winter / Post-Monsoon,Northeast/Dry,0,Kannur,Oil Sardine,Sardinella longiceps,2.3,Prey (Small Pelagic),501816.8,1900,21955,264.11,29.46,11.0,3.8,0.71,1.82,1.22,1.111,264.11,98.67,0.376,-19.053,0.368,0.8660254037844386,0.5000000000000001,423.5,488.25,347.45,266.49,419.7333333333334,70.47553357967935,948.4766666666666,-0.1326164847390377,0.8085714285714296,0.3428571428571434,28.92,0.9,0.9,2092.0,-0.0917782022381539,89.38,179825.5
2016-03-01,2016,3,Pre-Monsoon / Summer,Pre-Monsoon,0,Kannur,Oil Sardine,Sardinella longiceps,2.3,Prey (Small Pelagic),179825.5,2012,24073,89.38,30.34,24.9,3.2,1.25,1.08,0.72,1.177,89.38,82.99,0.9293,-3.754,0.15,1.0,6.123233995736766e-17,264.11,423.5,488.25,372.75,391.95333333333355,115.3519788878394,591.9016666666666,-0.37636362747665575,0.8042857142857152,0.16428571428571104,29.46,1.82,1.22,1900.0,0.058947368110803325,128.16,229913.4
2016-04-01,2016,4,Pre-Monsoon / Summer,Pre-Monsoon,0,Kannur,Oil Sardine,Sardinella longiceps,2.3,Prey (Small Pelagic),229913.4,1794,18816,128.16,30.77,112.4,4.8,1.11,0.83,0.61,1.049,128.16,45.76,0.362,-1.163,0.15,0.8660254037844387,-0.4999999999999998,89.38,264.11,423.5,144.32,258.99666666666684,167.1186800849645,305.10999999999996,-0.661580377055758,0.4685714285714262,22.992857142857147,30.34,1.08,0.72,2012.0,-0.10834990005790308,109.96,227941.7
2016-05-01,2016,5,Pre-Monsoon / Summer,Pre-Monsoon,0,Kannur,Oil Sardine,Sardinella longiceps,2.3,Prey (Small Pelagic),227941.7,2073,24380,109.96,30.76,262.9,4.8,1.6,1.27,1.11,1.212,109.96,55.76,0.5115,-1.737,0.15,0.49999999999999994,-0.8660254037844387,128.16,89.38,264.11,140.87,160.55000000000015,91.75770975785905,290.14166666666665,0.43387777647373277,0.6300000000000026,1.842857142857099,30.77,0.83,0.61,1794.0,0.15551839378194876,1460.99,717346.1
2016-06-01,2016,6,Southwest Monsoon,Southwest Monsoon,1,Kannur,Oil Sardine,Sardinella longiceps,2.3,Prey (Small Pelagic),717346.1,491,6344,1460.99,29.39,849.2,7.9,3.17,11.56,7.31,0.287,1460.99,307.79,0.2112,-454.265,1.862,1.2246467991473532e-16,-1.0,109.96,128.16,89.38,2025.55,109.16666666666681,19.40216826390531,250.56000000000003,-0.14200997643492697,0.7992857142857162,179.4785714285714,30.76,1.27,1.11,2073.0,-0.7631451965116005,2320.14,1129907.1
2016-07-01,2016,7,Southwest Monsoon,Southwest Monsoon,1,Kannur,Oil Sardine,Sardinella longiceps,2.3,Prey (Small Pelagic),1129907.1,487,6675,2320.14,27.91,589.9,8.5,3.21,12.81,7.35,0.285,2320.14,295.18,0.1276,-763.89,2.876,-0.4999999999999997,-0.8660254037844388,1460.99,109.96,128.16,2664.32,566.3700000000002,774.8170869953805,412.68333333333334,12.286557631269767,0.22571428571428598,-18.049999999999955,29.39,11.56,7.31,491.0,-0.008146639345282295,1946.74,4415200.7
2016-08-01,2016,8,Southwest Monsoon,Southwest Monsoon,0,Kannur,Oil Sardine,Sardinella longiceps,2.3,Prey (Small Pelagic),4415200.7,2268,27154,1946.74,27.83,580.7,7.4,2.58,11.52,6.65,1.326,1946.74,281.48,0.145,-597.903,2.497,-0.8660254037844385,-0.5000000000000004,2320.14,1460.99,109.96,2403.56,1297.03,1114.1750622321458,728.79,0.5880601469684245,0.4528571428571446,163.68571428571437,27.91,12.81,7.35,487.0,3.6570841138175747,1133.1,2105298.3
2016-09-01,2016,9,Southwest Monsoon,Southwest Monsoon,0,Kannur,Oil Sardine,Sardinella longiceps,2.3,Prey (Small Pelagic),2105298.3,1858,19135,1133.1,28.91,229.6,5.5,2.1,8.61,4.65,1.087,1133.1,239.08,0.2117,-277.184,1.516,-1.0,-1.8369701987210297e-16,1946.74,2320.14,1460.99,1810.13,1909.29,430.79758297836975,1009.2283333333335,-0.16093856335851037,0.8871428571428588,-20.378571428571433,27.83,11.52,6.65,2268.0,-0.18077601331227505,287.9,667350.9
2016-10-01,2016,10,Post-Monsoon,Post-Monsoon,0,Kannur,Oil Sardine,Sardinella longiceps,2.3,Prey (Small Pelagic),667350.9,2318,31370,287.9,29.49,345.5,4.2,1.19,0.78,1.41,1.356,287.9,97.96,0.3425,-20.856,0.408,-0.8660254037844386,0.5000000000000001,1133.1,1946.74,2320.14,217.97,1799.9933333333336,606.9735814130124,1183.1816666666666,-0.4179500065856252,0.6914285714285704,42.94285714285712,28.91,8.61,4.65,1858.0,0.24757803957170055,251.93,479679.7
2016-11-01,2016,11,Post-Monsoon,Post-Monsoon,0,Kannur,Oil Sardine,Sardinella longiceps,2.3,Prey (Small Pelagic),479679.7,1904,25760,251.93,29.58,126.2,3.5,1.23,1.56,1.22,1.113,251.93,128.31,0.5112,-25.369,0.332,-0.5000000000000004,0.8660254037844384,287.9,1133.1,1946.74,347.45,1122.5800000000002,829.4700351429257,1209.805,-0.7459182707093966,0.5642857142857096,-41.95714285714284,29.49,0.78,1.41,2318.0,-0.17860224254269955,284.19,559295.6
2016-12-01,2016,12,Winter / Post-Monsoon,Northeast/Dry,0,Kannur,Oil Sardine,Sardinella longiceps,2.3,Prey (Small Pelagic),559295.6,1968,19389,284.19,28.77,38.4,3.1,0.77,1.57,1.13,1.151,284.19,108.34,0.3834,-23.913,0.385,-2.4492935982947064e-16,1.0,251.93,287.9,1133.1,488.25,557.6433333333334,498.6845111223531,1233.4666666666667,-0.12493921066553619,0.2714285714285687,3.0214285714285722,29.58,1.56,1.22,1904.0,0.033613445201610054,939.49,1839529.1
2017-01-01,2017,1,Winter / Post-Monsoon,Northeast/Dry,0,Kannur,Oil Sardine,Sardinella longiceps,2.3,Prey (Small Pelagic),1839529.1,1958,27106,939.49,28.0,8.8,4.8,0.85,1.34,1.04,1.145,939.49,178.22,0.1906,-202.39,1.021,0.49999999999999994,0.8660254037844387,284.19,251.93,287.9,423.5,274.67333333333346,19.783463633566555,1037.3333333333333,0.12805143777829403,-0.27642857142857125,0.3428571428571434,28.77,1.57,1.13,1968.0,-0.005081300787188513,919.0,1830651.9
2017-02-01,2017,2,Winter / Post-Monsoon,Northeast/Dry,0,Kannur,Oil Sardine,Sardinella longiceps,2.3,Prey (Small Pelagic),1830651.9,1992,24308,919.0,28.0,9.5,3.0,1.03,1.0,0.86,1.165,919.0,185.5,0.2027,-206.574,1.157,0.8660254037844386,0.5000000000000001,939.49,284.19,251.93,264.11,491.8700000000002,387.98572808804073,807.225,2.3058516377827636,-0.6514285714285712,-1.1571428571428566,28.0,1.34,1.04,1958.0,0.017364657725410328,513.06,1110255.5
2017-03-01,2017,3,Pre-Monsoon / Summer,Pre-Monsoon,0,Kannur,Oil Sardine,Sardinella longiceps,2.3,Prey (Small Pelagic),1110255.5,2164,25937,513.06,29.51,26.0,2.9,1.4,0.69,0.59,1.265,513.06,160.61,0.3144,-84.246,0.592,1.0,6.123233995736766e-17,919.0,939.49,284.19,89.38,714.2266666666668,372.56356643308567,635.9350000000001,-0.02180970503347876,-0.025714285714283136,1.2642857142857125,28.0,1.0,0.86,1992.0,0.08634538109264367,288.37,534063.9
2017-04-01,2017,4,Pre-Monsoon / Summer,Pre-Monsoon,0,Kannur,Oil Sardine,Sardinella longiceps,2.3,Prey (Small Pelagic),534063.9,1852,22966,288.37,30.32,91.4,4.9,1.34,1.15,0.84,1.083,288.37,137.86,0.4799,-33.457,0.369,0.8660254037844387,-0.4999999999999998,513.06,919.0,939.49,128.16,790.5166666666668,240.5028304060893,532.595,-0.4417192552587677,0.018571428571426907,1.9928571428571473,29.51,0.69,0.59,2164.0,-0.14417744850195263,397.25,979227.1
2017-05-01,2017,5,Pre-Monsoon / Summer,Pre-Monsoon,0,Kannur,Oil Sardine,Sardinella longiceps,2.3,Prey (Small Pelagic),979227.1,2465,33780,397.25,30.15,279.4,5.4,1.68,2.27,1.8,1.442,397.25,162.69,0.411,-57.095,0.511,0.49999999999999994,-0.8660254037844387,288.37,513.06,919.0,109.96,573.4766666666668,319.62662503824725,532.6733333333334,-0.43794097302574797,0.019999999999999574,18.3428571428571,30.32,1.15,0.84,1852.0,0.3309935187311365,3591.94,1522983.4
2017-06-01,2017,6,Southwest Monsoon,Southwest Monsoon,1,Kannur,Oil Sardine,Sardinella longiceps,2.3,Prey (Small Pelagic),1522983.4,424,5767,3591.94,28.32,699.7,7.4,3.31,10.54,6.43,0.248,3591.94,483.11,0.1347,-2068.776,4.126,1.2246467991473532e-16,-1.0,397.25,288.37,513.06,1460.99,399.5600000000001,112.36281012865032,556.8933333333333,0.37757046927313975,-0.27071428571428413,29.9785714285714,30.15,2.27,1.8,2465.0,-0.8279918830507428,3102.11,1243948.1
2017-07-01,2017,7,Southwest Monsoon,Southwest Monsoon,1,Kannur,Oil Sardine,Sardinella longiceps,2.3,Prey (Small Pelagic),1243948.1,401,5604,3102.11,27.31,754.8,8.0,3.63,11.98,7.23,0.235,3102.11,387.72,0.1253,-1400.397,3.866,-0.4999999999999997,-0.8660254037844388,3591.94,397.25,288.37,2320.14,1425.8533333333335,1876.6758641900149,1108.1850000000002,8.042013642743521,-0.37428571428571544,146.85000000000002,28.32,10.54,6.43,424.0,-0.05424528173949807,2420.88,4909537.0
2017-08-01,2017,8,Southwest Monsoon,Southwest Monsoon,0,Kannur,Oil Sardine,Sardinella longiceps,2.3,Prey (Small Pelagic),4909537.0,2028,26192,2420.88,27.17,374.5,6.9,2.58,10.15,5.8,1.186,2420.88,332.85,0.1378,-934.49,2.937,-0.8660254037844385,-0.5000000000000004,3102.11,3591.94,397.25,1946.74,2363.766666666667,1720.5738017979172,1468.6216666666667,-0.13636920400572056,-0.20714285714285197,-42.51428571428568,27.31,11.98,7.23,401.0,4.057356507297843,1763.44,3539228.3
2017-09-01,2017,9,Southwest Monsoon,Southwest Monsoon,0,Kannur,Oil Sardine,Sardinella longiceps,2.3,Prey (Small Pelagic),3539228.3,2007,20648,1763.44,27.51,259.9,4.6,1.83,6.63,3.98,1.174,1763.44,251.09,0.1429,-521.68,2.331,-1.0,-1.8369701987210297e-16,2420.88,3102.11,3591.94,1133.1,3038.31,588.131117098904,1718.9350000000002,-0.21960214106011022,-0.5128571428571398,9.92142857142855,27.17,10.15,5.8,2028.0,-0.010355029534738514,1051.35,2121626.0
2017-10-01,2017,10,Post-Monsoon,Post-Monsoon,0,Kannur,Oil Sardine,Sardinella longiceps,2.3,Prey (Small Pelagic),2121626.0,2018,27099,1051.35,28.83,351.2,4.0,1.19,1.26,1.85,1.18,1051.35,187.36,0.179,-229.878,1.247,-0.8660254037844386,0.5000000000000001,1763.44,2420.88,3102.11,287.9,2428.81,669.3702308140134,1927.331666666667,-0.2715706673954485,0.03142857142857025,48.64285714285711,27.51,6.63,3.98,2007.0,0.005480817112701459,885.69,1706726.8
2017-11-01,2017,11,Post-Monsoon,Post-Monsoon,0,Kannur,Oil Sardine,Sardinella longiceps,2.3,Prey (Small Pelagic),1706726.8,1927,22560,885.69,28.83,165.9,3.6,0.81,1.56,1.44,1.127,885.69,222.07,0.2516,-218.655,0.987,-0.5000000000000004,0.8660254037844384,1051.35,1763.44,2420.88,251.93,1745.2233333333334,684.9467062723493,2054.4950000000003,-0.4038073288356433,-0.18571428571429038,-2.2571428571428385,28.83,1.26,1.85,2018.0,-0.04509415240290311,790.01,1463094.1
2017-12-01,2017,12,Winter / Post-Monsoon,Northeast/Dry,0,Kannur,Oil Sardine,Sardinella longiceps,2.3,Prey (Small Pelagic),1463094.1,1852,25567,790.01,28.38,35.8,4.1,1.03,1.28,0.89,1.083,790.01,185.68,0.236,-167.354,0.973,-2.4492935982947064e-16,1.0,885.69,1051.35,1763.44,284.19,1233.4933333333336,466.36188848719235,2135.9016666666666,-0.15756883856404763,-0.11857142857143188,0.4214285714285708,28.83,1.56,1.44,1927.0,-0.03892060177000207,783.03,1833068.0
2018-01-01,2018,1,Winter / Post-Monsoon,Northeast/Dry,0,Kannur,Oil Sardine,Sardinella longiceps,2.3,Prey (Small Pelagic),1833068.0,2341,29092,783.03,28.27,10.0,2.7,1.2,1.45,1.1,1.369,783.03,187.23,0.2401,-163.535,1.001,0.49999999999999994,0.8660254037844387,790.01,885.69,1051.35,939.49,909.0166666666668,132.2223465732659,1668.9133333333336,-0.10802876731103703,-0.006428571428571672,1.5428571428571427,28.38,1.28,0.89,1852.0,0.26403887546415294,642.32,1032215.4
2018-02-01,2018,2,Winter / Post-Monsoon,Northeast/Dry,0,Kannur,Oil Sardine,Sardinella longiceps,2.3,Prey (Small Pelagic),1032215.4,1607,16367,642.32,28.61,10.6,3.6,1.21,1.27,1.09,0.94,642.32,208.89,0.3263,-139.886,0.88,0.8660254037844386,0.5000000000000001,783.03,790.01,885.69,919.0,819.5766666666668,57.362093174334035,1282.4000000000003,-0.008835331086501067,-0.041428571428571814,-0.05714285714285694,28.27,1.45,1.1,2341.0,-0.31354122036078075,645.74,931153.6
2018-03-01,2018,3,Pre-Monsoon / Summer,Pre-Monsoon,0,Kannur,Oil Sardine,Sardinella longiceps,2.3,Prey (Small Pelagic),931153.6,1442,19677,645.74,29.04,28.4,3.3,1.28,0.59,0.84,0.843,645.74,179.87,0.2797,-124.583,0.929,1.0,6.123233995736766e-17,642.32,783.03,790.01,513.06,738.4533333333335,83.32702702809625,985.9733333333334,-0.17969937065375047,-0.49571428571428555,3.664285714285711,28.61,1.27,1.09,1607.0,-0.10267579276492973,258.0,420547.4
2018-04-01,2018,4,Pre-Monsoon / Summer,Pre-Monsoon,0,Kannur,Oil Sardine,Sardinella longiceps,2.3,Prey (Small Pelagic),420547.4,1630,19703,258.0,30.26,81.9,4.3,1.2,0.71,0.76,0.953,258.0,94.51,0.3688,-18.122,0.297,0.8660254037844387,-0.4999999999999998,645.74,642.32,783.03,288.37,690.3633333333336,80.26990365847685,799.69,0.005324448789941884,-0.041428571428571814,-7.507142857142853,29.04,0.59,0.84,1442.0,0.1303744789849204,299.64,573813.1
2018-05-01,2018,5,Pre-Monsoon / Summer,Pre-Monsoon,0,Kannur,Oil Sardine,Sardinella longiceps,2.3,Prey (Small Pelagic),573813.1,1915,23480,299.64,30.11,262.5,5.3,2.23,1.57,1.43,1.12,299.64,180.17,0.6026,-46.604,0.343,0.49999999999999994,-0.8660254037844387,258.0,645.74,642.32,397.25,515.3533333333335,222.88108428788073,667.465,-0.6004583795264599,-0.019999999999999574,1.4428571428571217,30.26,0.71,0.76,1630.0,0.1748466246941925,3999.68,1543875.5
2018-06-01,2018,6,Southwest Monsoon,Southwest Monsoon,1,Kannur,Oil Sardine,Sardinella longiceps,2.3,Prey (Small Pelagic),1543875.5,386,4134,3999.68,28.5,809.8,8.3,3.6,12.39,7.72,0.226,3999.68,570.78,0.1429,-2642.565,4.816,1.2246467991473532e-16,-1.0,299.64,258.0,645.74,3591.94,401.12666666666684,212.86200819625267,569.7900000000001,0.16139534258157584,-0.09071428571428442,140.0785714285713,30.11,1.57,1.43,1915.0,-0.7984334161961701,3646.97,1670312.6
2018-07-01,2018,7,Southwest Monsoon,Southwest Monsoon,1,Kannur,Oil Sardine,Sardinella longiceps,2.3,Prey (Small Pelagic),1670312.6,458,6195,3646.97,27.37,723.8,8.4,3.15,12.79,7.59,0.268,3646.97,395.68,0.1087,-1731.662,4.116,-0.4999999999999997,-0.8660254037844388,3999.68,299.64,258.0,3102.11,1519.1066666666668,2148.3404103943444,1104.735,12.348284196092505,-0.31428571428571317,115.85000000000002,28.5,12.39,7.72,386.0,0.18652849257698206,2553.32,5175576.5
2018-08-01,2018,8,Southwest Monsoon,Southwest Monsoon,0,Kannur,Oil Sardine,Sardinella longiceps,2.3,Prey (Small Pelagic),5175576.5,2027,24337,2553.32,27.42,371.4,7.8,2.58,10.79,6.05,1.185,2553.32,325.87,0.128,-974.527,3.228,-0.8660254037844385,-0.5000000000000004,3646.97,3999.68,299.64,2420.88,2648.7633333333333,2042.029973441462,1582.0583333333334,-0.08818455454390213,0.042857142857148034,-45.6142857142857,27.37,12.79,7.59,458.0,3.425764117341395,2777.55,5560659.4
2018-09-01,2018,9,Southwest Monsoon,Southwest Monsoon,0,Kannur,Oil Sardine,Sardinella longiceps,2.3,Prey (Small Pelagic),5560659.4,2002,26766,2777.55,27.8,240.5,6.3,2.6,9.52,5.12,1.171,2777.55,345.04,0.1245,-1175.775,3.135,-1.0,-1.8369701987210297e-16,2553.32,3646.97,3999.68,1763.44,3399.99,754.1476332257521,1900.5583333333334,-0.299879076877849,-0.22285714285714064,-9.478571428571428,27.42,10.79,6.05,2027.0,-0.012333497719124334,605.6,1234821.8
2018-10-01,2018,10,Post-Monsoon,Post-Monsoon,0,Kannur,Oil Sardine,Sardinella longiceps,2.3,Prey (Small Pelagic),1234821.8,2039,21563,605.6,28.71,262.1,4.3,1.09,1.58,1.63,1.192,605.6,222.28,0.3681,-134.037,0.808,-0.8660254037844386,0.5000000000000001,2777.55,2553.32,3646.97,1051.35,2992.6133333333332,577.6735744634143,2255.86,0.08781899609990523,-0.08857142857142719,-40.457142857142856,27.8,9.52,5.12,2002.0,0.018481518389203207,754.35,1887390.3
2018-11-01,2018,11,Post-Monsoon,Post-Monsoon,0,Kannur,Oil Sardine,Sardinella longiceps,2.3,Prey (Small Pelagic),1887390.3,2502,34970,754.35,29.05,194.9,4.2,0.85,1.39,1.5,1.463,754.35,223.28,0.2969,-178.134,0.912,-0.5000000000000004,0.8660254037844384,605.6,2777.55,2553.32,885.69,1978.8233333333337,1194.5193659515699,2313.7933333333335,-0.7819661184066313,0.03428571428571203,26.74285714285716,28.71,1.58,1.63,2039.0,0.22707209305016138,864.99,2120958.2
2018-12-01,2018,12,Winter / Post-Monsoon,Northeast/Dry,0,Kannur,Oil Sardine,Sardinella longiceps,2.3,Prey (Small Pelagic),2120958.2,2452,29231,864.99,28.57,36.0,3.8,1.29,1.15,1.05,1.434,864.99,256.62,0.2975,-248.003,1.127,-2.4492935982947064e-16,1.0,754.35,605.6,2777.55,790.01,1379.166666666667,1213.3171888806908,2389.5783333333334,0.24562417031664183,0.0714285714285694,0.6214285714285737,29.05,1.39,1.5,2502.0,-0.01998401270989603,525.62,1188435.5
2019-01-01,2019,1,Winter / Post-Monsoon,Northeast/Dry,0,Kannur,Oil Sardine,Sardinella longiceps,2.3,Prey (Small Pelagic),1188435.5,2261,27098,525.62,28.24,9.3,3.2,0.85,0.38,0.53,1.322,525.62,131.75,0.2521,-72.319,0.679,0.49999999999999994,0.8660254037844387,864.99,754.35,605.6,783.03,741.6466666666669,130.16076226475943,1867.13,0.14666931601154215,-0.03642857142857281,0.8428571428571434,28.57,1.15,1.05,2452.0,-0.07789559511461829,564.64,1006183.4
2019-02-01,2019,2,Winter / Post-Monsoon,Northeast/Dry,0,Kannur,Oil Sardine,Sardinella longiceps,2.3,Prey (Small Pelagic),1006183.4,1782,19650,564.64,28.35,10.7,3.2,0.5,1.0,0.82,1.042,564.64,141.57,0.2521,-83.002,0.762,0.8660254037844386,0.5000000000000001,525.62,864.99,754.35,642.32,714.9866666666668,173.07542642831558,1346.905,-0.39233979130001745,-0.3014285714285698,0.042857142857142705,28.24,0.38,0.53,2261.0,-0.2118531613805698,489.86,839615.2
2019-03-01,2019,3,Pre-Monsoon / Summer,Pre-Monsoon,0,Kannur,Oil Sardine,Sardinella longiceps,2.3,Prey (Small Pelagic),839615.2,1714,23760,489.86,29.51,23.6,4.0,1.27,1.01,0.82,1.002,489.86,135.24,0.2776,-65.312,0.541,1.0,6.123233995736766e-17,564.64,525.62,864.99,645.74,651.7500000000001,185.6989857269287,1015.4583333333334,0.07423613876496062,-0.025714285714283136,-1.1357142857142861,28.35,1.0,0.82,1782.0,-0.03815937127856694,117.22,270416.7
2019-04-01,2019,4,Pre-Monsoon / Summer,Pre-Monsoon,0,Kannur,Oil Sardine,Sardinella longiceps,2.3,Prey (Small Pelagic),270416.7,2307,26464,117.22,30.4,119.2,3.7,1.13,1.21,0.89,1.349,117.22,113.26,0.9665,-8.74,0.15,0.8660254037844387,-0.4999999999999998,489.86,564.64,525.62,258.0,526.7066666666668,37.401841309535236,634.1766666666666,-0.1324383654640414,0.0985714285714252,29.792857142857144,29.51,1.01,0.82,1714.0,0.34597432703632247,379.27,782056.0
2019-05-01,2019,5,Pre-Monsoon / Summer,Pre-Monsoon,0,Kannur,Oil Sardine,Sardinella longiceps,2.3,Prey (Small Pelagic),782056.0,2062,25674,379.27,30.02,249.7,4.9,2.33,1.41,1.37,1.206,379.27,108.7,0.2885,-34.607,0.46,0.49999999999999994,-0.8660254037844387,117.22,489.86,564.64,299.64,390.5733333333335,239.66548715520963,552.7800000000001,-0.7607071252866712,-0.10999999999999943,-11.35714285714289,30.4,1.21,0.89,2307.0,-0.1061985257642023,2656.0,1017247.2
2019-06-01,2019,6,Southwest Monsoon,Southwest Monsoon,1,Kannur,Oil Sardine,Sardinella longiceps,2.3,Prey (Small Pelagic),1017247.2,383,5167,2656.0,28.94,709.7,7.6,3.51,11.95,7.12,0.224,2656.0,432.48,0.1631,-1277.268,3.121,1.2246467991473532e-16,-1.0,379.27,117.22,489.86,3999.68,328.7833333333335,191.38134714058236,490.26666666666665,2.235539819523987,0.34928571428571686,39.9785714285714,30.02,1.41,1.37,2062.0,-0.8142579979909893,2334.87,765838.8
2019-07-01,2019,7,Southwest Monsoon,Southwest Monsoon,1,Kannur,Oil Sardine,Sardinella longiceps,2.3,Prey (Small Pelagic),765838.8,328,3687,2334.87,27.38,552.8,7.6,3.78,11.7,6.77,0.192,2334.87,288.11,0.1238,-765.204,2.874,-0.4999999999999997,-0.8660254037844388,2656.0,379.27,117.22,3646.97,1050.8300000000002,1396.2791974744912,788.7683333333334,6.002926516652345,-0.30428571428571516,-55.14999999999998,28.94,11.95,7.12,383.0,-0.14360312940983996,1311.05,2736167.2
2019-08-01,2019,8,Southwest Monsoon,Southwest Monsoon,0,Kannur,Oil Sardine,Sardinella longiceps,2.3,Prey (Small Pelagic),2736167.2,2087,26183,1311.05,26.7,444.6,6.7,2.69,10.05,5.66,1.22,1311.05,130.79,0.1004,-180.35,1.525,-0.8660254037844385,-0.5000000000000004,2334.87,2656.0,379.27,2553.32,1790.046666666667,1232.2740042836824,1090.3100000000002,-0.12090737906284875,-0.6771428571428544,27.585714285714346,27.38,11.7,6.77,328.0,5.362804714548637,1954.89,4756259.5
2019-09-01,2019,9,Southwest Monsoon,Southwest Monsoon,0,Kannur,Oil Sardine,Sardinella longiceps,2.3,Prey (Small Pelagic),4756259.5,2433,31575,1954.89,27.72,214.5,6.0,1.72,9.15,4.88,1.423,1954.89,261.13,0.134,-594.601,2.37,-1.0,-1.8369701987210297e-16,1311.05,2334.87,2656.0,2777.55,2100.64,702.4032996078585,1214.7116666666666,-0.43849122033136223,-0.3028571428571425,-35.47857142857143,26.7,10.05,5.66,2087.0,0.16578821195118248,621.98,1171804.6
2019-10-01,2019,10,Post-Monsoon,Post-Monsoon,0,Kannur,Oil Sardine,Sardinella longiceps,2.3,Prey (Small Pelagic),1171804.6,1884,25842,621.98,28.86,279.9,4.5,1.38,1.3,1.3,1.102,621.98,176.24,0.2845,-112.256,0.767,-0.8660254037844386,0.5000000000000001,1954.89,1311.05,2334.87,605.6,1866.9366666666667,517.5458334614824,1458.8833333333332,0.4910872926960278,0.06142857142857139,-22.6571428571429,27.72,9.15,4.88,2433.0,-0.2256473480244663,698.82,1297711.2
2019-11-01,2019,11,Post-Monsoon,Post-Monsoon,0,Kannur,Oil Sardine,Sardinella longiceps,2.3,Prey (Small Pelagic),1297711.2,1857,23251,698.82,28.63,168.1,4.0,0.89,1.09,1.17,1.086,698.82,140.26,0.2019,-106.992,0.829,-0.5000000000000004,0.8660254037844384,621.98,1954.89,1311.05,754.35,1295.9733333333336,666.5828878941771,1543.0100000000002,-0.681833756979504,-0.3857142857142897,-0.057142857142849834,28.86,1.3,1.3,1884.0,-0.014331210115014809,457.54,1010239.6
2019-12-01,2019,12,Winter / Post-Monsoon,Northeast/Dry,0,Kannur,Oil Sardine,Sardinella longiceps,2.3,Prey (Small Pelagic),1010239.6,2208,22601,457.54,28.04,36.2,3.2,1.21,0.73,0.49,1.291,457.54,133.31,0.2929,-60.612,0.53,-2.4492935982947064e-16,1.0,698.82,621.98,1954.89,864.99,1091.896666666667,748.3610201188603,1596.2683333333334,0.12354094788351805,-0.45857142857143174,0.8214285714285765,28.63,1.09,1.17,1857.0,0.1890145385621188,909.86,2061747.4
2020-01-01,2020,1,Winter / Post-Monsoon,Northeast/Dry,0,Kannur,Oil Sardine,Sardinella longiceps,2.3,Prey (Small Pelagic),2061747.4,2266,25389,909.86,27.64,9.1,3.8,1.27,1.01,0.98,1.325,909.86,139.53,0.1543,-159.46,1.125,0.49999999999999994,0.8660254037844387,457.54,698.82,621.98,525.62,592.7800000000002,123.26187407308167,1229.8583333333333,-0.3452677321017182,-0.6364285714285707,0.6428571428571423,28.04,0.73,0.49,2208.0,0.02626811582306107,911.42,1867508.9
2020-02-01,2020,2,Winter / Post-Monsoon,Northeast/Dry,0,Kannur,Oil Sardine,Sardinella longiceps,2.3,Prey (Small Pelagic),1867508.9,2049,28868,911.42,28.37,12.4,4.2,0.93,0.97,1.12,1.198,911.42,192.31,0.2119,-205.313,1.126,0.8660254037844386,0.5000000000000001,909.86,457.54,698.82,564.64,688.7400000000001,226.32841271039777,992.3566666666667,0.9885911398218485,-0.28142857142857025,1.7428571428571438,27.64,1.01,0.98,2266.0,-0.09576345941851959,453.79,287251.9
2020-03-01,2020,3,Pre-Monsoon / Summer,Pre-Monsoon,0,Kannur,Oil Sardine,Sardinella longiceps,2.3,Prey (Small Pelagic),287251.9,633,7399,453.79,29.62,23.2,3.3,1.03,0.65,0.53,0.37,453.79,176.4,0.3901,-79.235,0.551,1.0,6.123233995736766e-17,911.42,909.86,457.54,489.86,759.6066666666667,261.59856982281343,925.7516666666667,0.0017145494722863417,0.0842857142857163,-1.5357142857142883,28.37,0.97,1.12,2049.0,-0.6910688106829243,438.25,308526.8
2020-04-01,2020,4,Pre-Monsoon / Summer,Pre-Monsoon,0,Kannur,Oil Sardine,Sardinella longiceps,2.3,Prey (Small Pelagic),308526.8,704,8922,438.25,30.09,81.4,3.7,1.11,0.99,0.94,0.412,438.25,171.38,0.3924,-71.475,0.55,0.8660254037844387,-0.4999999999999998,453.79,911.42,909.86,117.22,758.3566666666667,263.7636237871732,675.5683333333333,-0.5021065973743543,-0.21142857142857352,-8.007142857142853,29.62,0.65,0.53,633.0,0.11216429522647244,684.96,561668.4
2020-05-01,2020,5,Pre-Monsoon / Summer,Pre-Monsoon,0,Kannur,Oil Sardine,Sardinella longiceps,2.3,Prey (Small Pelagic),561668.4,820,11804,684.96,29.6,302.9,5.7,2.1,1.67,1.88,0.48,684.96,213.47,0.3127,-148.023,0.84,0.49999999999999994,-0.8660254037844387,438.25,453.79,911.42,379.27,601.1533333333335,268.81113487603443,644.9466666666666,-0.034244914294168836,-0.5299999999999976,41.8428571428571,30.09,0.99,0.94,704.0,0.16477272493220563,4142.81,1855978.4
2020-06-01,2020,6,Southwest Monsoon,Southwest Monsoon,1,Kannur,Oil Sardine,Sardinella longiceps,2.3,Prey (Small Pelagic),1855978.4,448,4989,4142.81,28.27,668.3,8.4,3.53,12.23,7.34,0.262,4142.81,686.4,0.1659,-3258.929,5.263,1.2246467991473532e-16,-1.0,684.96,438.25,453.79,2656.0,525.6666666666669,138.1707184368007,642.6366666666667,0.5629435125397945,-0.32071428571428484,-1.4214285714286916,29.6,1.67,1.88,820.0,-0.45365853105294474,3393.2,1462470.9
2020-07-01,2020,7,Southwest Monsoon,Southwest Monsoon,1,Kannur,Oil Sardine,Sardinella longiceps,2.3,Prey (Small Pelagic),1462470.9,431,5772,3393.2,27.18,358.8,8.4,3.39,12.12,6.65,0.252,3393.2,396.39,0.1171,-1622.798,3.787,-0.4999999999999997,-0.8660254037844388,4142.81,684.96,438.25,2334.87,1755.3400000000001,2071.286123812934,1256.8483333333334,5.048250919057304,-0.5042857142857144,-249.14999999999992,28.27,12.23,7.34,448.0,-0.0379464277244101,3006.74,5935305.4
2020-08-01,2020,8,Southwest Monsoon,Southwest Monsoon,0,Kannur,Oil Sardine,Sardinella longiceps,2.3,Prey (Small Pelagic),5935305.4,1974,24760,3006.74,27.4,511.6,6.8,3.21,10.49,6.12,1.154,3006.74,326.63,0.1089,-1203.485,3.681,-0.8660254037844385,-0.5000000000000004,3393.2,4142.81,684.96,1311.05,2740.3233333333337,1819.0293048858064,1670.7383333333335,-0.18094240339059153,0.022857142857144908,94.58571428571435,27.18,12.12,6.65,431.0,3.5800463206485773,2018.96,4146939.7
2020-09-01,2020,9,Southwest Monsoon,Southwest Monsoon,0,Kannur,Oil Sardine,Sardinella longiceps,2.3,Prey (Small Pelagic),4146939.7,2054,21685,2018.96,27.34,251.7,5.2,2.4,7.92,4.48,1.201,2018.96,278.44,0.1383,-665.566,2.559,-1.0,-1.8369701987210297e-16,3006.74,3393.2,4142.81,1954.89,3514.25,577.6275513685321,2019.9583333333333,-0.11389249052843191,-0.6828571428571415,1.7214285714285609,27.4,10.49,6.12,1974.0,0.04052684883218415,1021.5,1565961.3
2020-10-01,2020,10,Post-Monsoon,Post-Monsoon,0,Kannur,Oil Sardine,Sardinella longiceps,2.3,Prey (Small Pelagic),1565961.3,1533,20853,1021.5,28.52,238.6,2.9,1.39,0.95,1.25,0.896,1021.5,204.03,0.2005,-249.412,1.088,-0.8660254037844386,0.5000000000000001,2018.96,3006.74,3393.2,621.98,2806.3000000000006,708.7073017826233,2280.8199999999997,-0.32852191965876015,-0.27857142857142847,-63.957142857142884,27.34,7.92,4.48,2054.0,-0.2536514106443456,779.77,1446474.3
2020-11-01,2020,11,Post-Monsoon,Post-Monsoon,0,Kannur,Oil Sardine,Sardinella longiceps,2.3,Prey (Small Pelagic),1446474.3,1855,22727,779.77,29.0,172.0,3.5,1.2,1.07,1.15,1.085,779.77,222.64,0.2864,-189.563,0.993,-0.5000000000000004,0.8660254037844384,1021.5,2018.96,3006.74,698.82,2015.7333333333336,992.6239332865898,2378.028333333333,-0.49404643730412473,-0.015714285714288678,3.842857142857156,28.52,0.95,1.25,1533.0,0.21004566073029576,804.3,1479920.5
2020-12-01,2020,12,Winter / Post-Monsoon,Northeast/Dry,0,Kannur,Oil Sardine,Sardinella longiceps,2.3,Prey (Small Pelagic),1479920.5,1840,20914,804.3,28.05,38.9,4.0,1.3,1.56,1.14,1.076,804.3,201.17,0.251,-180.182,1.165,-2.4492935982947064e-16,1.0,779.77,1021.5,2018.96,457.54,1273.4100000000003,656.8804686546921,2393.83,-0.23664219053703192,-0.4485714285714302,3.5214285714285722,29.0,1.07,1.15,1855.0,-0.008086253325680574,878.18,1629020.4
2021-01-01,2021,1,Winter / Post-Monsoon,Northeast/Dry,0,Kannur,Oil Sardine,Sardinella longiceps,2.3,Prey (Small Pelagic),1629020.4,1855,23868,878.18,28.22,9.3,3.3,0.94,1.14,1.05,1.085,878.18,213.67,0.2442,-215.139,1.206,0.49999999999999994,0.8660254037844387,804.3,779.77,1021.5,909.86,868.5233333333335,133.0482079298385,1837.4116666666666,0.031457993620452235,-0.05642857142857238,0.8428571428571434,28.05,1.56,1.14,1840.0,0.008152173868738186,1071.13,2369336.7
2021-02-01,2021,2,Winter / Post-Monsoon,Northeast/Dry,0,Kannur,Oil Sardine,Sardinella longiceps,2.3,Prey (Small Pelagic),2369336.7,2212,30297,1071.13,28.2,11.4,3.7,0.8,1.29,0.91,1.294,1071.13,222.48,0.2084,-294.786,1.345,0.8660254037844386,0.5000000000000001,878.18,804.3,779.77,911.42,820.7500000000003,51.22581282916114,1418.2416666666666,0.09185627139305892,-0.45142857142857196,0.7428571428571438,28.22,1.14,1.05,1855.0,0.19245282915119769,496.14,1060743.9
2021-03-01,2021,3,Pre-Monsoon / Summer,Pre-Monsoon,0,Kannur,Oil Sardine,Sardinella longiceps,2.3,Prey (Small Pelagic),1060743.9,2138,29454,496.14,29.7,24.2,3.6,0.72,1.04,0.77,1.25,496.14,205.37,0.4151,-101.57,0.597,1.0,6.123233995736766e-17,1071.13,878.18,804.3,453.79,917.8700000000003,137.77167451986702,1095.64,0.21971577330711523,0.1642857142857146,-0.5357142857142883,28.2,1.29,0.91,2212.0,-0.03345388773302944,356.1,696537.1
2021-04-01,2021,4,Pre-Monsoon / Summer,Pre-Monsoon,0,Kannur,Oil Sardine,Sardinella longiceps,2.3,Prey (Small Pelagic),696537.1,1956,23568,356.1,30.14,98.4,4.4,1.01,1.7,1.2,1.144,356.1,209.02,0.5881,-67.949,0.455,0.8660254037844387,-0.4999999999999998,496.14,1071.13,878.18,438.25,815.1500000000004,292.6311000218676,841.8366666666667,-0.5368069185177624,-0.1614285714285728,8.992857142857147,29.7,1.04,0.77,2138.0,-0.08512628585067218,574.45,1238506.8
2021-05-01,2021,5,Pre-Monsoon / Summer,Pre-Monsoon,0,Kannur,Oil Sardine,Sardinella longiceps,2.3,Prey (Small Pelagic),1238506.8,2156,22512,574.45,30.03,256.1,5.4,2.13,1.5,1.5,1.261,574.45,228.76,0.3993,-130.188,0.649,0.49999999999999994,-0.8660254037844387,356.1,496.14,1071.13,684.96,641.1233333333338,378.9222881190044,730.9366666666666,-0.28225903409805625,-0.09999999999999787,-4.9571428571428555,30.14,1.7,1.2,1956.0,0.10224948822980834,4126.11,1423507.5
2021-06-01,2021,6,Southwest Monsoon,Southwest Monsoon,1,Kannur,Oil Sardine,Sardinella longiceps,2.3,Prey (Small Pelagic),1423507.5,345,3668,4126.11,28.95,690.0,8.2,3.43,12.25,7.29,0.202,4126.11,722.67,0.1753,-3395.947,4.925,1.2246467991473532e-16,-1.0,574.45,356.1,496.14,4142.81,475.56333333333373,110.61975426361191,696.7166666666667,0.613170440517539,0.3592857142857149,20.278571428571354,30.03,1.5,1.5,2156.0,-0.8399814432282864,3183.17,1130026.4
2021-07-01,2021,7,Southwest Monsoon,Southwest Monsoon,1,Kannur,Oil Sardine,Sardinella longiceps,2.3,Prey (Small Pelagic),1130026.4,355,5118,3183.17,27.21,640.8,7.9,3.47,11.55,6.56,0.208,3183.17,390.37,0.1229,-1480.915,4.207,-0.4999999999999997,-0.8660254037844388,4126.11,574.45,356.1,3393.2,1685.5533333333335,2116.401855280169,1250.3516666666667,6.182713792624009,-0.4742857142857133,32.85000000000002,28.95,12.25,7.29,345.0,0.028985506406217207,3563.93,6169168.6
2021-08-01,2021,8,Southwest Monsoon,Southwest Monsoon,0,Kannur,Oil Sardine,Sardinella longiceps,2.3,Prey (Small Pelagic),6169168.6,1731,18968,3563.93,27.73,445.8,6.9,2.75,10.28,5.95,1.012,3563.93,483.08,0.1358,-2075.657,4.385,-0.8660254037844385,-0.5000000000000004,3183.17,4126.11,574.45,3006.74,2627.9100000000003,1839.784617720239,1634.5166666666667,-0.22853001924686922,0.35285714285714675,28.785714285714334,27.21,11.55,6.56,355.0,3.876056228843487,2573.68,5474211.1
2021-09-01,2021,9,Southwest Monsoon,Southwest Monsoon,0,Kannur,Oil Sardine,Sardinella longiceps,2.3,Prey (Small Pelagic),5474211.1,2127,24958,2573.68,27.99,239.4,4.9,1.93,7.84,4.27,1.244,2573.68,412.97,0.1608,-1275.838,3.334,-1.0,-1.8369701987210297e-16,3563.93,3183.17,4126.11,2018.96,3624.4033333333336,474.36982295814227,2049.983333333333,0.1196166082250818,-0.03285714285714292,-10.578571428571422,27.73,10.28,5.95,1731.0,0.22876949607874353,1062.17,2204003.0
2021-10-01,2021,10,Post-Monsoon,Post-Monsoon,0,Kannur,Oil Sardine,Sardinella longiceps,2.3,Prey (Small Pelagic),2204003.0,2075,27999,1062.17,28.18,270.1,4.2,1.82,0.92,1.22,1.213,1062.17,210.29,0.1987,-270.51,1.306,-0.8660254037844386,0.5000000000000001,2573.68,3563.93,3183.17,1021.5,3106.9266666666667,499.5083082725854,2396.24,-0.27785338017903444,-0.6185714285714283,-32.457142857142856,27.99,7.84,4.27,2127.0,-0.024447578634473065,1075.0,2184403.3
2021-11-01,2021,11,Post-Monsoon,Post-Monsoon,0,Kannur,Oil Sardine,Sardinella longiceps,2.3,Prey (Small Pelagic),2184403.3,2032,22506,1075.0,28.87,171.7,3.9,1.18,1.5,1.52,1.188,1075.0,266.14,0.2483,-328.226,1.26,-0.5000000000000004,0.8660254037844384,1062.17,2573.68,3563.93,779.77,2399.9266666666667,1259.8981863759236,2513.918333333333,-0.587295232556902,-0.14571428571428768,3.5428571428571445,28.18,0.92,1.22,2075.0,-0.0207228914663957,1151.93,2192114.6
2021-12-01,2021,12,Winter / Post-Monsoon,Northeast/Dry,0,Kannur,Oil Sardine,Sardinella longiceps,2.3,Prey (Small Pelagic),2192114.6,1903,25461,1151.93,28.52,31.7,5.0,1.03,1.79,1.22,1.113,1151.93,264.36,0.2302,-364.843,1.522,-2.4492935982947064e-16,1.0,1075.0,1062.17,2573.68,804.3,1570.2833333333335,868.9906819024833,2597.343333333333,0.012079045613422965,0.021428571428568688,-3.678571428571427,28.87,1.5,1.52,2032.0,-0.06348425165608144,1035.41,2104987.5
2022-01-01,2022,1,Winter / Post-Monsoon,Northeast/Dry,0,Kannur,Oil Sardine,Sardinella longiceps,2.3,Prey (Small Pelagic),2104987.5,2033,29036,1035.41,27.65,7.3,3.7,0.82,0.96,0.73,1.189,1035.41,179.27,0.1739,-241.63,1.299,0.49999999999999994,0.8660254037844387,1151.93,1075.0,1062.17,878.18,1096.366666666667,48.5449815464388,2101.6466666666665,0.0715627900319741,-0.6264285714285727,-1.1571428571428575,28.52,1.79,1.22,1903.0,0.06831318934149665,1128.96,2046801.3
2022-02-01,2022,2,Winter / Post-Monsoon,Northeast/Dry,0,Kannur,Oil Sardine,Sardinella longiceps,2.3,Prey (Small Pelagic),2046801.3,1813,26152,1128.96,28.31,10.7,3.5,0.88,1.02,0.84,1.06,1128.96,250.27,0.2224,-350.565,1.384,0.8660254037844386,0.5000000000000001,1035.41,1151.93,1075.0,1071.13,1087.446666666667,59.24877410836526,1743.6866666666665,-0.10115197884288124,-0.3414285714285725,0.042857142857142705,27.65,0.96,0.73,2033.0,-0.10821446085482311,964.24,1451178.4
2022-03-01,2022,3,Pre-Monsoon / Summer,Pre-Monsoon,0,Kannur,Oil Sardine,Sardinella longiceps,2.3,Prey (Small Pelagic),1451178.4,1505,20886,964.24,29.04,29.5,3.1,1.15,1.0,1.04,0.88,964.24,281.13,0.2923,-309.167,1.231,1.0,6.123233995736766e-17,1128.96,1035.41,1151.93,496.14,1105.4333333333336,61.71997758703471,1337.8583333333333,0.09035068146578953,-0.49571428571428555,4.7642857142857125,28.31,1.02,0.84,1813.0,-0.1698841689471364,515.37,1256468.9
2022-04-01,2022,4,Pre-Monsoon / Summer,Pre-Monsoon,0,Kannur,Oil Sardine,Sardinella longiceps,2.3,Prey (Small Pelagic),1256468.9,2438,25729,515.37,30.04,75.5,3.7,0.99,0.96,0.82,1.426,515.37,215.74,0.4197,-111.491,0.672,0.8660254037844387,-0.4999999999999998,964.24,1128.96,1035.41,356.1,1042.8700000000001,82.61300321384542,1069.6183333333333,-0.14590419371896088,-0.26142857142857423,-13.907142857142858,29.04,1.0,1.04,1505.0,0.619933550698116,752.79,1539459.9
2022-05-01,2022,5,Pre-Monsoon / Summer,Pre-Monsoon,0,Kannur,Oil Sardine,Sardinella longiceps,2.3,Prey (Small Pelagic),1539459.9,2045,24988,752.79,29.8,226.9,4.6,1.66,1.08,1.22,1.196,752.79,241.94,0.3223,-194.848,0.843,0.49999999999999994,-0.8660254037844387,515.37,964.24,1128.96,574.45,869.5233333333337,317.57142068099336,978.485,-0.4655168789355671,-0.3299999999999983,-34.15714285714287,30.04,0.96,0.82,2438.0,-0.1611977023740865,5257.05,2476069.1
2022-06-01,2022,6,Southwest Monsoon,Southwest Monsoon,1,Kannur,Oil Sardine,Sardinella longiceps,2.3,Prey (Small Pelagic),2476069.1,471,4671,5257.05,28.15,932.2,7.9,3.26,11.79,7.53,0.275,5257.05,757.53,0.1443,-4703.729,6.739,1.2246467991473532e-16,-1.0,752.79,515.37,964.24,4126.11,744.1333333333337,224.56017597371232,924.7833333333333,0.4606787267268423,-0.44071428571428584,262.4785714285714,29.8,1.08,1.22,2045.0,-0.7696821478255151,4688.37,1776891.0
2022-07-01,2022,7,Southwest Monsoon,Southwest Monsoon,1,Kannur,Oil Sardine,Sardinella longiceps,2.3,Prey (Small Pelagic),1776891.0,379,5466,4688.37,27.41,517.1,8.5,4.01,12.7,7.04,0.222,4688.37,562.7,0.1202,-3224.724,5.749,-0.4999999999999997,-0.8660254037844388,5257.05,752.79,515.37,3183.17,2175.07,2671.711549625073,1608.97,5.983421591899181,-0.274285714285714,-90.84999999999991,28.15,11.79,7.53,471.0,-0.195329082901718,2655.86,5893359.9
2022-08-01,2022,8,Southwest Monsoon,Southwest Monsoon,0,Kannur,Oil Sardine,Sardinella longiceps,2.3,Prey (Small Pelagic),5893359.9,2219,28502,2655.86,26.62,260.1,7.8,2.32,11.68,6.21,1.298,2655.86,347.1,0.131,-1076.254,3.255,-0.8660254037844385,-0.5000000000000004,4688.37,5257.05,752.79,3563.93,3566.07,2452.9079690033227,2217.7966666666666,-0.10817473657626481,-0.7571428571428527,-156.91428571428565,27.41,12.7,7.04,379.0,4.854881138393638,3855.64,8837115.5
2022-09-01,2022,9,Southwest Monsoon,Southwest Monsoon,0,Kannur,Oil Sardine,Sardinella longiceps,2.3,Prey (Small Pelagic),8837115.5,2292,31040,3855.64,27.68,291.6,6.2,2.06,9.5,5.29,1.34,3855.64,501.69,0.1303,-2414.019,4.541,-1.0,-1.8369701987210297e-16,2655.86,4688.37,5257.05,2573.68,4200.426666666667,1367.5210698315905,2472.28,-0.43352167078638915,-0.34285714285714164,41.621428571428595,26.62,11.68,6.21,2219.0,0.032897701519163124,1306.36,2902721.3
2022-10-01,2022,10,Post-Monsoon,Post-Monsoon,0,Kannur,Oil Sardine,Sardinella longiceps,2.3,Prey (Small Pelagic),2902721.3,2222,28472,1306.36,28.54,337.9,3.5,1.24,1.19,1.57,1.299,1306.36,292.09,0.2242,-456.293,1.578,-0.8660254037844386,0.5000000000000001,3855.64,2655.86,4688.37,1062.17,3733.2900000000004,1021.7638508481325,2954.18,0.45174820791853393,-0.2585714285714289,35.3428571428571,27.68,9.5,5.29,2292.0,-0.030541012083154396,1470.61,3395643.0
2022-11-01,2022,11,Post-Monsoon,Post-Monsoon,0,Kannur,Oil Sardine,Sardinella longiceps,2.3,Prey (Small Pelagic),3395643.0,2309,26008,1470.61,28.33,162.5,4.0,1.43,1.67,1.77,1.35,1470.61,344.69,0.2349,-603.397,1.736,-0.5000000000000004,0.8660254037844384,1306.36,3855.64,2655.86,1075.0,2605.9533333333334,1275.372547976998,3086.0116666666668,-0.6611820588509765,-0.6857142857142904,-5.657142857142844,28.54,1.19,1.57,2222.0,0.03915391521532891,1110.69,1721569.1
2022-12-01,2022,12,Winter / Post-Monsoon,Northeast/Dry,0,Kannur,Oil Sardine,Sardinella longiceps,2.3,Prey (Small Pelagic),1721569.1,1550,16717,1110.69,28.0,33.7,4.7,1.33,1.36,0.98,0.906,1110.69,234.99,0.2123,-321.701,1.482,-2.4492935982947064e-16,1.0,1470.61,1306.36,3855.64,1151.93,2210.8700000000003,1426.7781117959469,3205.648333333333,0.12573103795484372,-0.4985714285714309,-1.6785714285714235,28.33,1.67,1.77,2309.0,-0.3287137274633446,1010.37,2265252.3
2023-01-01,2023,1,Winter / Post-Monsoon,Northeast/Dry,0,Kannur,Oil Sardine,Sardinella longiceps,2.3,Prey (Small Pelagic),2265252.3,2242,29970,1010.37,28.72,7.3,3.4,1.12,0.95,0.81,1.311,1010.37,290.27,0.288,-343.239,1.394,0.49999999999999994,0.8660254037844387,1110.69,1470.61,1306.36,1035.41,1295.886666666667,180.18842813383807,2514.588333333333,-0.24474197615450738,0.4435714285714276,-1.1571428571428575,28.0,1.36,0.98,1550.0,0.44645161002289285,1320.05,2500171.0
2023-02-01,2023,2,Winter / Post-Monsoon,Northeast/Dry,0,Kannur,Oil Sardine,Sardinella longiceps,2.3,Prey (Small Pelagic),2500171.0,1894,21602,1320.05,29.13,7.9,4.6,0.5,1.39,1.1,1.108,1320.05,357.99,0.2717,-565.94,1.575,0.8660254037844386,0.5000000000000001,1010.37,1110.69,1470.61,1128.96,1197.2233333333336,242.01493287262997,1901.5883333333334,-0.0903222313127675,0.47857142857142776,-2.7571428571428562,28.72,0.95,0.81,2242.0,-0.15521855416940875,593.5,1203016.8
2023-03-01,2023,3,Pre-Monsoon / Summer,Pre-Monsoon,0,Kannur,Oil Sardine,Sardinella longiceps,2.3,Prey (Small Pelagic),1203016.8,2027,29186,593.5,29.72,30.8,3.5,1.22,1.55,1.15,1.185,593.5,295.58,0.4989,-177.581,0.751,1.0,6.123233995736766e-17,1320.05,1010.37,1110.69,964.24,1147.036666666667,158.00707494711665,1678.9533333333336,0.3065015755960531,0.18428571428571416,6.064285714285713,29.13,1.39,1.1,1894.0,0.0702217525331481,194.01,423713.9
2023-04-01,2023,4,Pre-Monsoon / Summer,Pre-Monsoon,0,Kannur,Oil Sardine,Sardinella longiceps,2.3,Prey (Small Pelagic),423713.9,2184,31456,194.01,30.67,70.9,4.3,1.33,0.58,0.55,1.277,194.01,142.58,0.7363,-21.937,0.236,0.8660254037844387,-0.4999999999999998,593.5,1320.05,1010.37,515.37,974.6400000000003,364.5904555799712,1135.2633333333333,-0.550395814170707,0.36857142857142833,-18.507142857142853,29.72,1.55,1.15,2027.0,0.07745436567610081,332.15,759947.9
2023-05-01,2023,5,Pre-Monsoon / Summer,Pre-Monsoon,0,Kannur,Oil Sardine,Sardinella longiceps,2.3,Prey (Small Pelagic),759947.9,2288,30281,332.15,30.46,217.2,4.1,2.3,1.71,1.21,1.338,332.15,193.38,0.5835,-57.451,0.501,0.49999999999999994,-0.8660254037844387,194.01,593.5,1320.05,752.79,702.5200000000004,570.8813718278184,949.8716666666668,-0.6731086659964842,0.33000000000000185,-43.85714285714289,30.67,0.58,0.55,2184.0,0.04761904740101168,4375.12,2152558.2
2023-06-01,2023,6,Southwest Monsoon,Southwest Monsoon,1,Kannur,Oil Sardine,Sardinella longiceps,2.3,Prey (Small Pelagic),2152558.2,492,5278,4375.12,28.81,607.3,7.0,3.43,10.31,6.2,0.288,4375.12,757.4,0.1733,-3875.191,5.603,1.2246467991473532e-16,-1.0,332.15,194.01,593.5,5257.05,373.22000000000025,202.88697272129872,760.1283333333334,0.7120251166421774,0.2192857142857143,-62.42142857142869,30.46,1.71,1.21,2288.0,-0.7849650315342437,6937.87,2969410.4
2023-07-01,2023,7,Southwest Monsoon,Southwest Monsoon,1,Kannur,Oil Sardine,Sardinella longiceps,2.3,Prey (Small Pelagic),2969410.4,428,6010,6937.87,28.14,556.0,8.9,3.02,13.72,7.63,0.25,6937.87,852.38,0.123,-7264.858,8.331,-0.4999999999999997,-0.8660254037844388,4375.12,332.15,194.01,4688.37,1633.7600000000002,2375.0919249789067,1304.2,12.172120663190709,0.4557142857142864,-51.94999999999993,28.81,10.31,6.2,492.0,-0.13008129816907932,4761.76,10161595.8
2023-08-01,2023,8,Southwest Monsoon,Southwest Monsoon,0,Kannur,Oil Sardine,Sardinella longiceps,2.3,Prey (Small Pelagic),10161595.8,2134,21168,4761.76,27.62,454.9,7.7,3.29,11.31,6.55,1.248,4761.76,621.45,0.1307,-3611.462,6.126,-0.8660254037844385,-0.5000000000000004,6937.87,4375.12,332.15,2655.86,3881.713333333333,3330.386131311703,2292.116666666667,0.5857553607998058,0.24285714285714732,37.8857142857143,28.14,13.72,7.63,428.0,3.985981215280813,3225.7,7157829.8
2023-09-01,2023,9,Southwest Monsoon,Southwest Monsoon,0,Kannur,Oil Sardine,Sardinella longiceps,2.3,Prey (Small Pelagic),7157829.8,2219,21553,3225.7,28.66,216.2,5.3,2.04,7.82,4.6,1.298,3225.7,618.14,0.1919,-2346.061,4.179,-1.0,-1.8369701987210297e-16,4761.76,6937.87,4375.12,3855.64,5358.25,1381.5831971691002,2865.735,-0.31365678469954494,0.6371428571428588,-33.77857142857144,27.62,11.31,6.55,2134.0,0.03983130253124975,865.74,1836242.8
2023-10-01,2023,10,Post-Monsoon,Post-Monsoon,0,Kannur,Oil Sardine,Sardinella longiceps,2.3,Prey (Small Pelagic),1836242.8,2121,30136,865.74,29.22,267.5,4.4,1.04,1.36,1.55,1.24,865.74,332.61,0.3849,-306.439,1.417,-0.8660254037844386,0.5000000000000001,3225.7,4761.76,6937.87,1306.36,4975.110000000001,1865.2587472251657,3304.435,-0.3225824058277142,0.4214285714285708,-35.05714285714288,28.66,7.82,4.6,2219.0,-0.044164037655862826,990.52,1911710.0
2023-11-01,2023,11,Post-Monsoon,Post-Monsoon,0,Kannur,Oil Sardine,Sardinella longiceps,2.3,Prey (Small Pelagic),1911710.0,1930,26519,990.52,29.29,139.2,3.7,1.47,1.01,0.91,1.129,990.52,315.02,0.3187,-356.606,1.246,-0.5000000000000004,0.8660254037844384,865.74,3225.7,4761.76,1470.61,2951.066666666667,1962.4756204685275,3416.39,-0.7316117409194539,0.27428571428571047,-28.957142857142856,29.22,1.36,1.55,2121.0,-0.09005186190451737,1234.36,2708190.0
2023-12-01,2023,12,Winter / Post-Monsoon,Northeast/Dry,0,Kannur,Oil Sardine,Sardinella longiceps,2.3,Prey (Small Pelagic),2708190.0,2194,28883,1234.36,28.79,35.8,4.1,1.28,1.32,1.23,1.283,1234.36,311.66,0.2531,-458.058,1.627,-2.4492935982947064e-16,1.0,990.52,865.74,3225.7,1110.69,1693.986666666667,1327.9690560149866,3526.1183333333333,0.14413103074674807,0.29142857142856826,0.4214285714285708,29.29,1.01,0.91,1930.0,0.13678756405809553,1087.89,2477121.4
2024-01-01,2024,1,Winter / Post-Monsoon,Northeast/Dry,0,Kannur,Oil Sardine,Sardinella longiceps,2.3,Prey (Small Pelagic),2477121.4,2277,26060,1087.89,28.07,8.9,3.0,1.0,0.37,0.51,1.332,1087.89,218.08,0.2012,-309.295,1.224,0.49999999999999994,0.8660254037844387,1234.36,990.52,865.74,1010.37,1030.206666666667,187.48719885191167,3002.658333333333,0.24617372444601088,-0.20642857142857096,0.44285714285714306,28.79,1.32,1.23,2194.0,0.037830446500317014,1073.27,2483537.5
2024-02-01,2024,2,Winter / Post-Monsoon,Northeast/Dry,0,Kannur,Oil Sardine,Sardinella longiceps,2.3,Prey (Small Pelagic),2483537.5,2314,24539,1073.27,28.2,10.9,4.1,1.59,1.24,1.06,1.353,1073.27,300.67,0.2808,-375.432,1.63,0.8660254037844386,0.5000000000000001,1087.89,1234.36,990.52,1320.05,1104.2566666666671,122.74113912350708,2027.6616666666666,-0.11866068149761252,-0.45142857142857196,0.24285714285714377,28.07,0.37,0.51,2277.0,0.016249450960696306,825.32,1684483.1
2024-03-01,2024,3,Pre-Monsoon / Summer,Pre-Monsoon,0,Kannur,Oil Sardine,Sardinella longiceps,2.3,Prey (Small Pelagic),1684483.1,2041,20172,825.32,29.67,29.2,3.5,0.63,1.03,0.77,1.194,825.32,277.22,0.3367,-255.283,0.96,1.0,6.123233995736766e-17,1073.27,1087.89,1234.36,593.5,1131.8400000000001,89.08534615750634,1412.9133333333332,-0.013438858584610146,0.134285714285717,4.464285714285712,28.2,1.24,1.06,2314.0,-0.11797752758004525,505.47,952809.6
2024-04-01,2024,4,Pre-Monsoon / Summer,Pre-Monsoon,0,Kannur,Oil Sardine,Sardinella longiceps,2.3,Prey (Small Pelagic),952809.6,1885,21896,505.47,30.3,106.9,4.1,1.86,1.27,0.87,1.102,505.47,216.38,0.4292,-108.858,0.603,0.8660254037844387,-0.4999999999999998,825.32,1073.27,1087.89,194.01,995.4933333333337,147.55561200217463,1012.85,-0.2310229464065617,-0.001428571428572667,17.492857142857147,29.67,1.03,0.77,2041.0,-0.0764331206446197,320.16,850018.6
2024-05-01,2024,5,Pre-Monsoon / Summer,Pre-Monsoon,0,Kannur,Oil Sardine,Sardinella longiceps,2.3,Prey (Small Pelagic),850018.6,2655,33173,320.16,30.43,238.3,5.3,1.45,1.36,1.18,1.553,320.16,197.29,0.6174,-56.352,0.449,0.49999999999999994,-0.8660254037844387,505.47,825.32,1073.27,332.15,801.3533333333336,284.6577081923772,952.805,-0.38754664387696114,0.3000000000000007,-22.757142857142867,30.3,1.27,0.87,1885.0,0.40848806149343203,5318.55,2824148.1
2024-06-01,2024,6,Southwest Monsoon,Southwest Monsoon,1,Kannur,Oil Sardine,Sardinella longiceps,2.3,Prey (Small Pelagic),2824148.1,531,6124,5318.55,28.07,555.8,7.7,3.7,11.28,6.5,0.311,5318.55,682.8,0.1285,-4482.17,6.315,1.2246467991473532e-16,-1.0,320.16,505.47,825.32,4375.12,550.316666666667,255.5485747041781,841.0783333333334,-0.366609287067298,-0.5207142857142841,-113.92142857142869,30.43,1.36,1.18,2655.0,-0.7999999969868172,5413.58,1710692.3
2024-07-01,2024,7,Southwest Monsoon,Southwest Monsoon,1,Kannur,Oil Sardine,Sardinella longiceps,2.3,Prey (Small Pelagic),1710692.3,316,3236,5413.58,28.14,586.5,8.3,3.26,12.54,7.02,0.185,5413.58,767.01,0.1418,-4978.404,7.025,-0.4999999999999997,-0.8660254037844388,5318.55,320.16,505.47,6937.87,2048.0600000000004,2833.842546631694,1521.7766666666666,15.612162181029419,0.4557142857142864,-21.449999999999932,28.07,11.28,6.5,531.0,-0.4048964142204065,4163.49,7331913.3
2024-08-01,2024,8,Southwest Monsoon,Southwest Monsoon,0,Kannur,Oil Sardine,Sardinella longiceps,2.3,Prey (Small Pelagic),7331913.3,1761,20008,4163.49,27.59,528.2,7.3,3.14,11.14,6.56,1.03,4163.49,599.21,0.1441,-2966.598,5.68,-0.8660254037844385,-0.5000000000000004,5413.58,5318.55,320.16,4761.76,3684.096666666667,2913.6420676248713,2242.725,0.017867651864008655,0.2128571428571462,111.18571428571437,28.14,12.54,7.02,316.0,4.572784665418207,3231.44,7454929.0
2024-09-01,2024,9,Southwest Monsoon,Southwest Monsoon,0,Kannur,Oil Sardine,Sardinella longiceps,2.3,Prey (Small Pelagic),7454929.0,2307,24037,3231.44,28.01,235.8,5.2,1.94,8.04,4.47,1.349,3231.44,540.73,0.1676,-2109.972,4.258,-1.0,-1.8369701987210297e-16,4163.49,5413.58,5318.55,3225.7,4965.206666666667,695.9309487537774,2757.7616666666668,-0.2309174331386672,-0.012857142857139792,-14.178571428571416,27.59,11.14,6.56,1761.0,0.31005110556472965,1443.1,2773637.0
2024-10-01,2024,10,Post-Monsoon,Post-Monsoon,0,Kannur,Oil Sardine,Sardinella longiceps,2.3,Prey (Small Pelagic),2773637.0,1922,20728,1443.1,28.65,356.4,4.4,1.23,1.23,1.57,1.124,1443.1,301.84,0.2097,-534.317,1.694,-0.8660254037844386,0.5000000000000001,3231.44,4163.49,5413.58,865.74,4269.503333333333,1094.9259632657051,3158.7816666666663,-0.22386267236413995,-0.14857142857142946,53.8428571428571,28.01,8.04,4.47,2307.0,-0.16688339762946078,756.7,1466475.1
2024-11-01,2024,11,Post-Monsoon,Post-Monsoon,0,Kannur,Oil Sardine,Sardinella longiceps,2.3,Prey (Small Pelagic),1466475.1,1938,24819,756.7,29.19,160.4,4.1,1.38,1.39,1.31,1.133,756.7,307.26,0.4068,-244.488,1.291,-0.5000000000000004,0.8660254037844384,1443.1,3231.44,4163.49,990.52,2946.01,1382.4735627490309,3315.0533333333333,-0.5534189075043359,0.1742857142857126,-7.7571428571428385,28.65,1.23,1.57,1922.0,0.008324661767301447,989.22,2183216.2
2024-12-01,2024,12,Winter / Post-Monsoon,Northeast/Dry,0,Kannur,Oil Sardine,Sardinella longiceps,2.3,Prey (Small Pelagic),2183216.2,2207,28605,989.22,28.88,38.5,3.2,0.63,1.38,1.12,1.291,989.22,286.47,0.2903,-322.988,1.358,-2.4492935982947064e-16,1.0,756.7,1443.1,3231.44,1234.36,1810.4133333333336,1277.6047239006791,3387.81,-0.47564271030668204,0.3814285714285681,3.1214285714285737,29.19,1.39,1.31,1938.0,0.13880288886066622,1239.94,1983905.4
2025-01-01,2025,1,Winter / Post-Monsoon,Northeast/Dry,0,Kannur,Oil Sardine,Sardinella longiceps,2.3,Prey (Small Pelagic),1983905.4,1600,20851,1239.94,28.27,8.2,3.3,1.34,1.16,0.74,0.936,1239.94,211.77,0.1715,-354.741,1.339,0.49999999999999994,0.8660254037844387,989.22,756.7,1443.1,1087.89,1063.006666666667,349.09825856530676,2666.2549999999997,0.30728161348907607,-0.006428571428571672,-0.257142857142858,28.88,1.38,1.12,2207.0,-0.2750339815358678,1007.5,2326308.6
2025-02-01,2025,2,Winter / Post-Monsoon,Northeast/Dry,0,Kannur,Oil Sardine,Sardinella longiceps,2.3,Prey (Small Pelagic),2326308.6,2309,29755,1007.5,29.05,11.8,3.5,1.3,1.05,0.93,1.35,1007.5,289.54,0.2881,-338.193,1.126,0.8660254037844386,0.5000000000000001,1239.94,989.22,756.7,1073.27,995.286666666667,241.67711462471934,1970.6483333333333,0.25345221231422527,0.39857142857142946,1.1428571428571441,28.27,1.16,0.74,1600.0,0.4431249972304688,714.79,1350236.0
2025-03-01,2025,3,Pre-Monsoon / Summer,Pre-Monsoon,0,Kannur,Oil Sardine,Sardinella longiceps,2.3,Prey (Small Pelagic),1350236.0,1889,26844,714.79,29.46,20.8,4.2,0.97,1.05,0.73,1.105,714.79,256.66,0.36,-199.085,0.897,1.0,6.123233995736766e-17,1007.5,1239.94,989.22,825.32,1078.886666666667,139.7754332253341,1444.6499999999999,-0.1874606820696108,-0.07571428571428385,-3.935714285714287,29.05,1.05,0.93,2309.0,-0.18189692428801676,358.61,667736.3
2025-04-01,2025,4,Pre-Monsoon / Summer,Pre-Monsoon,0,Kannur,Oil Sardine,Sardinella longiceps,2.3,Prey (Small Pelagic),667736.3,1862,19241,358.61,29.88,87.4,3.2,1.37,0.0,0.54,1.089,358.61,165.36,0.4626,-54.992,0.533,0.8660254037844387,-0.4999999999999998,714.79,1007.5,1239.94,505.47,987.4100000000003,263.1507870024264,1025.2083333333333,-0.29053101448604457,-0.4214285714285744,-2.0071428571428527,29.46,1.05,0.73,1889.0,-0.014293276790400863,657.52,1424187.9
2025-05-01,2025,5,Pre-Monsoon / Summer,Pre-Monsoon,0,Kannur,Oil Sardine,Sardinella longiceps,2.3,Prey (Small Pelagic),1424187.9,2166,23515,657.52,29.7,258.8,5.7,2.3,1.8,1.59,1.267,657.52,255.68,0.3898,-170.56,0.893,0.49999999999999994,-0.8660254037844387,358.61,714.79,1007.5,320.16,693.6333333333337,324.9619384379181,844.46,-0.4983001930874775,-0.4299999999999997,-2.257142857142867,29.88,0.0,0.54,1862.0,0.16326530524562136,5775.38,2287048.5
2025-06-01,2025,6,Southwest Monsoon,Southwest Monsoon,1,Kannur,Oil Sardine,Sardinella longiceps,2.3,Prey (Small Pelagic),2287048.5,396,5436,5775.38,28.49,572.2,8.5,3.26,12.44,7.31,0.232,5775.38,764.36,0.1325,-5338.904,6.623,1.2246467991473532e-16,-1.0,657.52,358.61,714.79,5318.55,576.9733333333337,191.26388115200717,827.93,0.8335238606418153,-0.10071428571428598,-97.5214285714286,29.7,1.8,1.59,2166.0,-0.8171745114627215,4168.74,1805066.5
2025-07-01,2025,7,Southwest Monsoon,Southwest Monsoon,1,Kannur,Oil Sardine,Sardinella longiceps,2.3,Prey (Small Pelagic),1805066.5,433,4689,4168.74,27.83,707.7,7.6,3.22,11.18,6.95,0.253,4168.74,537.78,0.1292,-2688.393,5.891,-0.4999999999999997,-0.8660254037844388,5775.38,657.52,358.61,5413.58,2263.836666666667,3044.756021988187,1625.6233333333332,7.783580609204579,0.14571428571428413,99.75000000000011,28.49,12.44,7.31,396.0,0.09343434107489039,3269.49,6323200.1
2025-08-01,2025,8,Southwest Monsoon,Southwest Monsoon,0,Kannur,Oil Sardine,Sardinella longiceps,2.3,Prey (Small Pelagic),6323200.1,1934,23810,3269.49,27.35,339.2,6.5,2.71,10.01,5.62,1.131,3269.49,434.24,0.1331,-1721.302,4.164,-0.8660254037844385,-0.5000000000000004,4168.74,5775.38,657.52,4163.49,3533.8800000000006,2617.3284393824174,2113.7566666666667,-0.27818775512920757,-0.02714285714285225,-77.81428571428569,27.83,11.18,6.95,433.0,3.466512622020494,3596.9,6949215.3
2025-09-01,2025,9,Southwest Monsoon,Southwest Monsoon,0,Kannur,Oil Sardine,Sardinella longiceps,2.3,Prey (Small Pelagic),6949215.3,1932,20321,3596.9,28.46,276.5,5.3,2.21,8.2,4.81,1.13,3596.9,507.44,0.1413,-2266.574,4.15,-1.0,-1.8369701987210297e-16,3269.49,4168.74,5775.38,3231.44,4404.536666666667,1269.4767520649345,2490.7549999999997,-0.21571266086224458,0.4371428571428595,26.521428571428572,27.35,10.01,5.62,1934.0,-0.0010341261580448494,1319.05,2696132.8
2025-10-01,2025,10,Post-Monsoon,Post-Monsoon,0,Kannur,Oil Sardine,Sardinella longiceps,2.3,Prey (Small Pelagic),2696132.8,2044,21421,1319.05,28.44,287.7,3.2,0.99,0.82,1.27,1.195,1319.05,259.17,0.1971,-428.707,1.605,-0.8660254037844386,0.5000000000000001,3596.9,3269.49,4168.74,1443.1,3678.376666666667,455.1279776429191,2971.1066666666666,0.10014100027789971,-0.35857142857142676,-14.85714285714289,28.46,8.2,4.81,1932.0,0.05797101419269662,928.11,1725355.2
2025-11-01,2025,11,Post-Monsoon,Post-Monsoon,0,Kannur,Oil Sardine,Sardinella longiceps,2.3,Prey (Small Pelagic),1725355.2,1859,25209,928.11,28.76,178.7,3.9,1.21,0.9,1.11,1.087,928.11,253.67,0.2741,-267.622,1.205,-0.5000000000000004,0.8660254037844384,1319.05,3596.9,3269.49,756.7,2728.48,1231.5311691954853,3131.18,-0.6332814350321626,-0.2557142857142871,10.542857142857144,28.44,0.82,1.27,2044.0,-0.09050880581942855,1108.43,1843320.5
2012-04-01,2012,4,Pre-Monsoon / Summer,Pre-Monsoon,0,Kasaragod,Oil Sardine,Sardinella longiceps,2.3,Prey (Small Pelagic),286191.6,1712,24763,167.17,30.52,77.2,5.0,1.47,1.52,0.98,1.359,167.17,108.88,0.6534,-12.476,0.303,0.8660254037844387,-0.4999999999999998,411.11,538.57,652.48,534.0533333333334,534.0533333333334,120.74837238378555,534.0533333333334,-0.23666375333450154,0.2185714285714262,-12.207142857142856,29.29,1.05,0.79,1792.0,-0.04464285689373406,262.39,371803.8
2012-05-01,2012,5,Pre-Monsoon / Summer,Pre-Monsoon,0,Kasaragod,Oil Sardine,Sardinella longiceps,2.3,Prey (Small Pelagic),371803.8,1417,19650,262.39,30.32,246.6,6.3,1.7,1.64,1.33,1.125,262.39,107.58,0.4122,-21.071,0.417,0.49999999999999994,-0.8660254037844387,167.17,411.11,538.57,372.28333333333336,372.28333333333336,188.7196930193915,442.33250000000004,-0.5933691568346877,0.19000000000000128,-14.457142857142884,30.52,1.52,0.98,1712.0,-0.17231308310564789,2353.1,842408.7
2012-06-01,2012,6,Southwest Monsoon,Southwest Monsoon,1,Kasaragod,Oil Sardine,Sardinella longiceps,2.3,Prey (Small Pelagic),842408.7,358,4337,2353.1,28.42,588.9,6.7,3.61,9.75,5.97,0.284,2353.1,364.57,0.1553,-971.698,4.105,1.2246467991473532e-16,-1.0,262.39,167.17,411.11,280.2233333333333,280.2233333333333,122.94389669004876,406.344,0.5695997745050084,-0.1707142857142827,-80.82142857142867,30.32,1.64,1.33,1417.0,-0.7473535585931295,2755.77,1165690.3
2012-07-01,2012,7,Southwest Monsoon,Southwest Monsoon,1,Kasaragod,Oil Sardine,Sardinella longiceps,2.3,Prey (Small Pelagic),1165690.3,423,4160,2755.77,27.6,763.4,8.4,3.55,12.85,7.49,0.336,2755.77,375.86,0.1367,-1169.478,4.994,-0.4999999999999997,-0.8660254037844388,2353.1,262.39,167.17,927.5533333333333,927.5533333333333,1235.477311096134,730.8033333333333,7.967948169977967,-0.08428571428571274,155.45000000000005,28.42,9.75,5.97,358.0,0.18156424073842906,1308.66,2055900.2
2012-08-01,2012,8,Southwest Monsoon,Southwest Monsoon,0,Kasaragod,Oil Sardine,Sardinella longiceps,2.3,Prey (Small Pelagic),2055900.2,1571,16612,1308.66,26.74,289.1,6.5,2.51,9.81,5.42,1.247,1308.66,187.81,0.1442,-256.62,2.202,-0.8660254037844385,-0.5000000000000004,2755.77,2353.1,262.39,1790.42,1790.42,1338.5411995527072,1081.3516666666667,0.1711231984568306,-0.6371428571428552,-127.91428571428565,27.6,12.85,7.49,423.0,2.71394792638421,2064.37,3736517.0
2012-09-01,2012,9,Southwest Monsoon,Southwest Monsoon,0,Kasaragod,Oil Sardine,Sardinella longiceps,2.3,Prey (Small Pelagic),3736517.0,1810,18022,2064.37,27.84,330.7,5.8,1.86,8.89,5.16,1.437,2064.37,302.22,0.1468,-716.522,3.612,-1.0,-1.8369701987210297e-16,1308.66,2755.77,2353.1,2139.1766666666667,2139.1766666666667,746.8964000671939,1209.7,-0.52512001899607,-0.1828571428571415,80.72142857142856,26.74,9.81,5.42,1571.0,0.15213239877700574,743.12,1116911.6
2012-10-01,2012,10,Post-Monsoon,Post-Monsoon,0,Kasaragod,Oil Sardine,Sardinella longiceps,2.3,Prey (Small Pelagic),1116911.6,1503,16006,743.12,28.49,328.5,3.6,1.19,1.08,1.61,1.193,743.12,183.11,0.2474,-143.838,1.132,-0.8660254037844386,0.5000000000000001,2064.37,1308.66,2755.77,2042.9333333333334,2042.9333333333334,723.7931237814668,1485.243333333333,0.5774685512091103,-0.3085714285714296,25.94285714285712,27.84,8.89,5.16,1810.0,-0.16961325873141847,677.88,1022923.8
2012-11-01,2012,11,Post-Monsoon,Post-Monsoon,0,Kasaragod,Oil Sardine,Sardinella longiceps,2.3,Prey (Small Pelagic),1022923.8,1509,16424,677.88,29.06,191.9,3.8,1.38,1.11,1.43,1.198,677.88,178.95,0.2651,-126.311,1.082,-0.5000000000000004,0.8660254037844384,743.12,2064.37,1308.66,1372.0500000000002,1372.0500000000002,662.9020362768541,1581.235,-0.6400257674737292,0.04428571428571004,23.74285714285716,28.49,1.08,1.61,1503.0,0.003992015941503554,714.14,1170472.5
2012-12-01,2012,12,Winter / Post-Monsoon,Northeast/Dry,0,Kasaragod,Oil Sardine,Sardinella longiceps,2.3,Prey (Small Pelagic),1170472.5,1639,21817,714.14,28.23,36.7,3.8,0.69,1.12,0.96,1.301,714.14,145.3,0.2046,-116.353,1.093,-2.4492935982947064e-16,1.0,677.88,743.12,2064.37,1161.7900000000002,1161.7900000000002,782.3375593054442,1650.4833333333336,-0.08779201087587456,-0.26857142857143046,1.3214285714285765,29.06,1.11,1.43,1509.0,0.08614976748741042,691.32,1053566.3
2013-01-01,2013,1,Winter / Post-Monsoon,Northeast/Dry,0,Kasaragod,Oil Sardine,Sardinella longiceps,2.3,Prey (Small Pelagic),1053566.3,1524,22004,691.32,28.6,7.0,3.3,0.56,0.8,0.64,1.21,691.32,127.64,0.1858,-102.911,1.137,0.49999999999999994,0.8660254037844387,714.14,677.88,743.12,652.48,711.7133333333335,32.687626609042795,1377.3233333333335,0.0534902924781629,0.3235714285714302,-1.4571428571428573,28.23,1.12,0.96,1639.0,-0.07016473416617001,723.46,1013574.3
2013-02-01,2013,2,Winter / Post-Monsoon,Northeast/Dry,0,Kasaragod,Oil Sardine,Sardinella longiceps,2.3,Prey (Small Pelagic),1013574.3,1401,14822,723.46,28.47,9.1,3.9,0.72,0.96,0.79,1.112,723.46,154.7,0.2149,-127.533,1.12,0.8660254037844386,0.5000000000000001,691.32,714.14,677.88,538.57,694.4466666666668,18.331091984172126,1033.2483333333332,-0.03195451827436463,-0.18142857142857238,-1.557142857142857,28.6,0.8,0.64,1524.0,-0.08070866088773845,393.4,580656.7
2013-03-01,2013,3,Pre-Monsoon / Summer,Pre-Monsoon,0,Kasaragod,Oil Sardine,Sardinella longiceps,2.3,Prey (Small Pelagic),580656.7,1476,20871,393.4,29.4,25.6,3.6,1.1,1.21,1.11,1.171,393.4,122.1,0.3121,-42.485,0.702,1.0,6.123233995736766e-17,723.46,691.32,714.14,411.11,709.6400000000002,16.535791483895373,935.715,0.04649077060564179,-0.13571428571428612,0.8642857142857139,28.47,0.96,0.79,1401.0,0.05353319019605146,200.0,331800.3
2013-04-01,2013,4,Pre-Monsoon / Summer,Pre-Monsoon,0,Kasaragod,Oil Sardine,Sardinella longiceps,2.3,Prey (Small Pelagic),331800.3,1659,20051,200.0,30.12,87.7,3.8,0.96,1.41,1.05,1.317,200.0,105.44,0.5296,-14.792,0.345,0.8660254037844387,-0.4999999999999998,393.4,723.46,691.32,167.17,602.7266666666669,181.99309034502397,657.22,-0.4562242493541558,-0.18142857142857238,-1.7071428571428555,29.4,1.21,1.11,1476.0,0.12398373899740014,416.86,628215.1
2013-05-01,2013,5,Pre-Monsoon / Summer,Pre-Monsoon,0,Kasaragod,Oil Sardine,Sardinella longiceps,2.3,Prey (Small Pelagic),628215.1,1507,14707,416.86,29.84,306.7,5.8,2.05,1.67,1.57,1.196,416.86,138.73,0.3344,-51.247,0.746,0.49999999999999994,-0.8660254037844387,200.0,393.4,723.46,262.39,438.95333333333355,264.68646080472615,566.7,-0.49161157875923794,-0.28999999999999915,45.64285714285711,30.12,1.41,1.05,1659.0,-0.09162145815779713,2606.79,930625.8
2013-06-01,2013,6,Southwest Monsoon,Southwest Monsoon,1,Kasaragod,Oil Sardine,Sardinella longiceps,2.3,Prey (Small Pelagic),930625.8,357,4306,2606.79,28.52,614.9,8.1,3.48,12.14,7.09,0.283,2606.79,450.63,0.1732,-1296.911,4.682,1.2246467991473532e-16,-1.0,416.86,200.0,393.4,2353.1,336.7533333333335,119.01133783523191,523.1966666666667,1.0842999457850027,-0.07071428571428484,-54.82142857142867,29.84,1.67,1.57,1507.0,-0.7631055025673159,2629.28,620508.9
2013-07-01,2013,7,Southwest Monsoon,Southwest Monsoon,1,Kasaragod,Oil Sardine,Sardinella longiceps,2.3,Prey (Small Pelagic),620508.9,236,3341,2629.28,27.7,587.9,8.5,4.07,12.71,7.2,0.187,2629.28,328.3,0.1252,-985.887,4.764,-0.4999999999999997,-0.8660254037844388,2606.79,416.86,200.0,2755.77,1074.5500000000002,1331.3814735454293,838.6383333333333,5.253394298963817,0.015714285714285126,-20.049999999999955,28.52,12.14,7.09,357.0,-0.33893556473569847,1987.07,3201171.3
2013-08-01,2013,8,Southwest Monsoon,Southwest Monsoon,0,Kasaragod,Oil Sardine,Sardinella longiceps,2.3,Prey (Small Pelagic),3201171.3,1611,15618,1987.07,27.67,394.9,6.8,2.46,9.64,5.61,1.279,1987.07,303.54,0.1532,-675.772,3.479,-0.8660254037844385,-0.5000000000000004,2629.28,2606.79,416.86,1308.66,1884.3100000000002,1270.8987280267456,1161.631666666667,0.008627468999699073,0.29285714285714803,-22.1142857142857,27.7,12.71,7.2,236.0,5.8262709395647905,1778.45,2537853.8
2013-09-01,2013,9,Southwest Monsoon,Southwest Monsoon,0,Kasaragod,Oil Sardine,Sardinella longiceps,2.3,Prey (Small Pelagic),2537853.8,1427,18932,1778.45,28.29,274.4,5.3,2.11,7.48,4.2,1.133,1778.45,296.09,0.167,-602.392,2.862,-1.0,-1.8369701987210297e-16,1987.07,2629.28,2606.79,2064.37,2407.7133333333336,364.46132913291865,1372.2333333333333,-0.2442531786487055,0.2671428571428578,24.42142857142855,27.67,9.64,5.61,1611.0,-0.11421477272368236,425.27,645558.7
2013-10-01,2013,10,Post-Monsoon,Post-Monsoon,0,Kasaragod,Oil Sardine,Sardinella longiceps,2.3,Prey (Small Pelagic),645558.7,1518,18219,425.27,28.79,218.6,3.3,1.35,0.83,1.22,1.205,425.27,142.0,0.3355,-55.196,0.885,-0.8660254037844386,0.5000000000000001,1778.45,1987.07,2629.28,743.12,2131.6,443.446290885379,1603.075,-0.10498875175515325,-0.008571428571428896,-83.95714285714288,28.29,7.48,4.2,1427.0,0.06377014671499547,591.61,744249.5
2013-11-01,2013,11,Post-Monsoon,Post-Monsoon,0,Kasaragod,Oil Sardine,Sardinella longiceps,2.3,Prey (Small Pelagic),744249.5,1258,15099,591.61,28.98,167.2,4.0,0.92,1.51,1.41,0.998,591.61,173.57,0.2946,-102.867,1.05,-0.5000000000000004,0.8660254037844384,425.27,1778.45,1987.07,677.88,1396.9300000000003,847.9227221864029,1640.6200000000001,-0.7608760394676486,-0.03571428571428825,-0.9571428571428555,28.79,0.83,1.22,1518.0,-0.17127799623664033,553.86,924393.1
2013-12-01,2013,12,Winter / Post-Monsoon,Northeast/Dry,0,Kasaragod,Oil Sardine,Sardinella longiceps,2.3,Prey (Small Pelagic),924393.1,1669,21318,553.86,28.38,33.9,3.3,1.21,1.1,0.97,1.325,553.86,141.66,0.2571,-79.743,0.917,-2.4492935982947064e-16,1.0,591.61,425.27,1778.45,714.14,931.776666666667,737.9424428323207,1669.745,0.3911397373165346,-0.11857142857143188,-1.4785714285714278,28.98,1.51,1.41,1258.0,0.3267090594061283,600.72,858427.7
2014-01-01,2014,1,Winter / Post-Monsoon,Northeast/Dry,0,Kasaragod,Oil Sardine,Sardinella longiceps,2.3,Prey (Small Pelagic),858427.7,1429,14063,600.72,27.93,6.7,4.1,0.81,1.43,1.1,1.134,600.72,139.33,0.2332,-86.668,1.081,0.49999999999999994,0.8660254037844387,553.86,591.61,425.27,691.32,523.5800000000002,87.20612191812685,1327.5900000000001,-0.06380892710047283,-0.34642857142857153,-1.7571428571428571,28.38,1.1,0.97,1669.0,-0.14379868098383056,653.0,1029120.5
2014-02-01,2014,2,Winter / Post-Monsoon,Northeast/Dry,0,Kasaragod,Oil Sardine,Sardinella longiceps,2.3,Prey (Small Pelagic),1029120.5,1576,19832,653.0,28.56,14.5,4.2,0.7,1.42,1.22,1.251,653.0,139.4,0.2147,-96.27,1.036,0.8660254037844386,0.5000000000000001,600.72,553.86,591.61,723.46,582.0633333333335,24.845905765992676,989.4966666666666,0.08460621665030486,-0.09142857142857252,3.8428571428571434,27.93,1.43,1.1,1429.0,0.10286913853835453,420.92,453750.1
2014-03-01,2014,3,Pre-Monsoon / Summer,Pre-Monsoon,0,Kasaragod,Oil Sardine,Sardinella longiceps,2.3,Prey (Small Pelagic),453750.1,1078,14933,420.92,29.3,19.8,3.7,1.28,1.04,1.05,0.856,420.92,149.59,0.3569,-58.324,0.685,1.0,6.123233995736766e-17,653.0,600.72,553.86,393.4,602.5266666666668,49.594686543344636,767.1516666666666,0.08702889720620423,-0.235714285714284,-4.935714285714287,28.56,1.42,1.22,1576.0,-0.31598984571072436,197.92,299249.7
2014-04-01,2014,4,Pre-Monsoon / Summer,Pre-Monsoon,0,Kasaragod,Oil Sardine,Sardinella longiceps,2.3,Prey (Small Pelagic),299249.7,1512,18197,197.92,30.0,79.0,3.3,1.27,1.04,0.61,1.2,197.92,108.99,0.5529,-15.744,0.3,0.8660254037844387,-0.4999999999999998,420.92,653.0,600.72,200.0,558.2133333333335,121.73904112211724,540.8966666666668,-0.35540581385289716,-0.3014285714285734,-10.407142857142858,29.3,1.04,1.05,1078.0,0.4025973988627329,234.65,378248.0
2014-05-01,2014,5,Pre-Monsoon / Summer,Pre-Monsoon,0,Kasaragod,Oil Sardine,Sardinella longiceps,2.3,Prey (Small Pelagic),378248.0,1612,23059,234.65,30.14,259.9,4.6,1.68,1.56,1.33,1.279,234.65,123.97,0.5303,-22.126,0.433,0.49999999999999994,-0.8660254037844387,197.92,420.92,653.0,416.86,423.9466666666668,227.55509691793847,503.0050000000001,-0.5297918718570781,0.010000000000001563,-1.157142857142901,30.0,1.04,0.61,1512.0,0.06613756570014838,2799.22,920943.4
2014-06-01,2014,6,Southwest Monsoon,Southwest Monsoon,1,Kasaragod,Oil Sardine,Sardinella longiceps,2.3,Prey (Small Pelagic),920943.4,329,3448,2799.22,28.69,480.4,8.4,3.2,12.56,7.11,0.261,2799.22,394.81,0.1413,-1255.838,4.208,1.2246467991473532e-16,-1.0,234.65,197.92,420.92,2606.79,284.49666666666684,119.56490970737266,443.51166666666677,0.18558002295978068,0.09928571428571686,-189.32142857142867,30.14,1.56,1.33,1612.0,-0.7959057022586495,2287.4,727394.0
2014-07-01,2014,7,Southwest Monsoon,Southwest Monsoon,1,Kasaragod,Oil Sardine,Sardinella longiceps,2.3,Prey (Small Pelagic),727394.0,318,4504,2287.4,27.65,509.6,7.9,3.39,11.67,6.62,0.252,2287.4,245.79,0.1078,-651.808,3.681,-0.4999999999999997,-0.8660254037844388,2799.22,234.65,197.92,2629.28,1077.2633333333335,1491.3712967042557,817.7383333333333,10.92934110678282,-0.034285714285715585,-98.34999999999991,28.69,12.56,7.11,329.0,-0.03343464943967631,1823.8,3136936.2
2014-08-01,2014,8,Southwest Monsoon,Southwest Monsoon,0,Kasaragod,Oil Sardine,Sardinella longiceps,2.3,Prey (Small Pelagic),3136936.2,1720,23422,1823.8,27.15,482.4,7.6,2.53,11.02,6.31,1.365,1823.8,166.13,0.0916,-345.777,2.801,-0.8660254037844385,-0.5000000000000004,2287.4,2799.22,234.65,1987.07,1773.756666666667,1357.2497657518065,1098.8516666666667,-0.1828437915460599,-0.2271428571428551,65.3857142857143,27.65,11.67,6.62,318.0,4.408804892804878,1760.62,2485989.3
2014-09-01,2014,9,Southwest Monsoon,Southwest Monsoon,0,Kasaragod,Oil Sardine,Sardinella longiceps,2.3,Prey (Small Pelagic),2485989.3,1412,20040,1760.62,27.89,281.5,6.0,1.88,8.88,5.07,1.121,1760.62,218.64,0.1247,-440.953,2.889,-1.0,-1.8369701987210297e-16,1823.8,2287.4,2799.22,1778.45,2303.473333333334,487.9086063325125,1293.985,-0.2026755259129338,-0.1328571428571408,31.521428571428572,27.15,11.02,6.31,1720.0,-0.17906976640075717,414.41,505574.2
2014-10-01,2014,10,Post-Monsoon,Post-Monsoon,0,Kasaragod,Oil Sardine,Sardinella longiceps,2.3,Prey (Small Pelagic),505574.2,1220,15368,414.41,28.72,355.1,3.9,1.19,1.1,1.49,0.968,414.41,133.14,0.3229,-48.797,0.829,-0.8660254037844386,0.5000000000000001,1760.62,1823.8,2287.4,425.27,1957.2733333333335,287.63803665950434,1517.2683333333334,-0.03464195616491968,-0.07857142857142918,52.542857142857144,27.89,8.88,5.07,1412.0,-0.1359773361474693,530.82,672012.8
2014-11-01,2014,11,Post-Monsoon,Post-Monsoon,0,Kasaragod,Oil Sardine,Sardinella longiceps,2.3,Prey (Small Pelagic),672012.8,1266,13548,530.82,28.96,190.7,3.2,1.03,0.73,1.19,1.005,530.82,129.19,0.2448,-67.254,0.923,-0.5000000000000004,0.8660254037844384,414.41,1760.62,1823.8,591.61,1332.9433333333334,796.100208160589,1553.3500000000001,-0.7646226853913809,-0.055714285714287826,22.542857142857144,28.72,1.1,1.49,1220.0,0.037704917723730184,683.49,1009512.3
2014-12-01,2014,12,Winter / Post-Monsoon,Northeast/Dry,0,Kasaragod,Oil Sardine,Sardinella longiceps,2.3,Prey (Small Pelagic),1009512.3,1477,19454,683.49,28.65,30.7,3.1,1.4,1.27,0.95,1.172,683.49,143.44,0.211,-108.216,1.06,-2.4492935982947064e-16,1.0,530.82,414.41,1760.62,553.86,901.9500000000002,745.9044501140872,1602.7116666666668,0.2809053767789056,0.1514285714285677,-4.678571428571427,28.96,0.73,1.19,1266.0,0.16666666535018432,205.68,318596.8
2015-01-01,2015,1,Winter / Post-Monsoon,Northeast/Dry,0,Kasaragod,Oil Sardine,Sardinella longiceps,2.3,Prey (Small Pelagic),318596.8,1549,16619,205.68,29.02,8.2,3.0,0.9,0.88,0.8,1.229,205.68,71.25,0.3496,-8.545,0.341,0.49999999999999994,0.8660254037844387,683.49,530.82,414.41,600.72,542.9066666666669,134.9465717731707,1250.09,0.2876116143398587,0.7435714285714283,-0.257142857142858,28.65,1.27,0.95,1477.0,0.04874746073969221,184.0,289245.0
2015-02-01,2015,2,Winter / Post-Monsoon,Northeast/Dry,0,Kasaragod,Oil Sardine,Sardinella longiceps,2.3,Prey (Small Pelagic),289245.0,1572,19625,184.0,29.64,7.2,3.4,1.03,1.17,0.81,1.248,184.0,67.22,0.3688,-6.501,0.283,0.8660254037844386,0.5000000000000001,205.68,683.49,530.82,653.0,473.33000000000015,244.03775138285067,903.1366666666667,-0.6990738606406259,0.9885714285714293,-3.4571428571428564,29.02,0.88,0.8,1549.0,0.014848289122993614,206.87,344848.1
2015-03-01,2015,3,Pre-Monsoon / Summer,Pre-Monsoon,0,Kasaragod,Oil Sardine,Sardinella longiceps,2.3,Prey (Small Pelagic),344848.1,1667,23719,206.87,29.9,21.0,4.6,1.43,1.96,1.08,1.323,206.87,67.24,0.3283,-7.5,0.33,1.0,6.123233995736766e-17,184.0,205.68,683.49,420.92,357.7233333333335,282.3303852463123,629.8366666666667,-0.105406451506882,0.3642857142857139,-3.7357142857142875,29.64,1.17,0.81,1572.0,0.0604325695901236,88.14,136085.2
2015-04-01,2015,4,Pre-Monsoon / Summer,Pre-Monsoon,0,Kasaragod,Oil Sardine,Sardinella longiceps,2.3,Prey (Small Pelagic),136085.2,1544,21353,88.14,30.71,82.4,4.8,1.21,1.75,1.02,1.225,88.14,44.7,0.5127,-0.258,0.15,0.8660254037844387,-0.4999999999999998,206.87,184.0,205.68,197.92,198.85000000000014,12.874233957693834,370.87833333333333,0.12429347150578962,0.4085714285714275,-7.007142857142853,29.9,1.96,1.08,1667.0,-0.07378524250878679,85.98,130086.2
2015-05-01,2015,5,Pre-Monsoon / Summer,Pre-Monsoon,0,Kasaragod,Oil Sardine,Sardinella longiceps,2.3,Prey (Small Pelagic),130086.2,1513,20432,85.98,30.46,286.9,5.5,1.76,1.95,1.51,1.201,85.98,57.37,0.6711,-1.248,0.15,0.49999999999999994,-0.8660254037844387,88.14,206.87,184.0,234.65,159.67000000000016,62.99337187353406,316.5,-0.5739352939558517,0.33000000000000185,25.8428571428571,30.71,1.75,1.02,1544.0,-0.02007772007721684,1337.31,505502.5
2015-06-01,2015,6,Southwest Monsoon,Southwest Monsoon,1,Kasaragod,Oil Sardine,Sardinella longiceps,2.3,Prey (Small Pelagic),505502.5,378,4485,1337.31,28.75,597.7,7.7,3.13,11.54,6.84,0.3,1337.31,217.92,0.1636,-292.717,2.117,1.2246467991473532e-16,-1.0,85.98,88.14,206.87,2799.22,126.99666666666683,69.18076635402801,242.36,-0.02450646420394094,0.15928571428571558,-72.0214285714286,30.46,1.95,1.51,1513.0,-0.7501652296750481,1383.83,464965.5
2015-07-01,2015,7,Southwest Monsoon,Southwest Monsoon,1,Kasaragod,Oil Sardine,Sardinella longiceps,2.3,Prey (Small Pelagic),464965.5,336,3286,1383.83,28.75,662.2,7.9,3.45,11.82,7.02,0.267,1383.83,227.4,0.1649,-317.16,2.197,-0.4999999999999997,-0.8660254037844388,1337.31,85.98,88.14,2287.4,503.8100000000001,721.832981997912,351.33,14.553731733690189,1.0657142857142858,54.250000000000114,28.75,11.54,6.84,378.0,-0.11111110817166381,1171.01,1823258.6
2015-08-01,2015,8,Southwest Monsoon,Southwest Monsoon,0,Kasaragod,Oil Sardine,Sardinella longiceps,2.3,Prey (Small Pelagic),1823258.6,1557,17658,1171.01,28.29,360.8,7.1,3.14,10.16,5.72,1.236,1171.01,188.84,0.162,-221.554,1.937,-0.8660254037844385,-0.5000000000000004,1383.83,1337.31,85.98,1823.8,935.7066666666666,736.2523912581421,547.6883333333334,0.03478624974922605,0.9128571428571455,-56.214285714285666,28.75,11.82,7.02,336.0,3.633928463275939,931.63,1178517.1
2015-09-01,2015,9,Southwest Monsoon,Southwest Monsoon,0,Kasaragod,Oil Sardine,Sardinella longiceps,2.3,Prey (Small Pelagic),1178517.1,1265,16901,931.63,28.22,157.4,5.6,1.98,8.25,4.45,1.004,931.63,127.84,0.1381,-116.206,1.635,-1.0,-1.8369701987210297e-16,1171.01,1383.83,1337.31,1760.62,1297.3833333333334,111.88696140897338,712.1899999999999,-0.1537905656490279,0.1971428571428575,-92.57857142857142,28.29,10.16,5.72,1557.0,-0.18754014009287,153.83,212137.5
2015-10-01,2015,10,Post-Monsoon,Post-Monsoon,0,Kasaragod,Oil Sardine,Sardinella longiceps,2.3,Prey (Small Pelagic),212137.5,1379,17881,153.83,29.74,336.7,3.8,1.21,0.92,1.24,1.094,153.83,68.4,0.4482,-4.923,0.241,-0.8660254037844386,0.5000000000000001,931.63,1171.01,1383.83,414.41,1162.1566666666668,226.22996294331296,832.9833333333332,-0.20442182214992338,0.9414285714285704,34.14285714285711,28.22,8.25,4.45,1265.0,0.090118576362699,204.22,359220.1
2015-11-01,2015,11,Post-Monsoon,Post-Monsoon,0,Kasaragod,Oil Sardine,Sardinella longiceps,2.3,Prey (Small Pelagic),359220.1,1759,19068,204.22,29.69,164.8,3.9,1.04,0.67,1.02,1.396,204.22,63.55,0.3145,-6.658,0.369,-0.5000000000000004,0.8660254037844384,153.83,931.63,1171.01,530.82,752.1566666666668,531.8099248165004,843.9316666666665,-0.8348807913562166,0.6742857142857126,-3.357142857142833,29.74,0.92,1.24,1379.0,0.27556199945205223,220.13,316099.7
2015-12-01,2015,12,Winter / Post-Monsoon,Northeast/Dry,0,Kasaragod,Oil Sardine,Sardinella longiceps,2.3,Prey (Small Pelagic),316099.7,1436,15822,220.13,29.24,30.8,3.9,1.35,1.33,1.01,1.14,220.13,74.1,0.3396,-9.837,0.403,-2.4492935982947064e-16,1.0,204.22,153.83,931.63,683.49,429.89333333333343,435.2465393697358,863.6383333333333,0.32756937349220727,0.7414285714285676,-4.578571428571426,29.69,0.67,1.02,1759.0,-0.18362705978608834,194.0,261509.2
2016-01-01,2016,1,Winter / Post-Monsoon,Northeast/Dry,0,Kasaragod,Oil Sardine,Sardinella longiceps,2.3,Prey (Small Pelagic),261509.2,1348,13436,194.0,28.92,10.5,4.4,1.39,0.9,0.9,1.07,194.0,54.2,0.2831,-4.434,0.35,0.49999999999999994,0.8660254037844387,220.13,204.22,153.83,205.68,192.72666666666677,34.61206485216411,677.4416666666666,0.07790617579540808,0.6435714285714305,2.0428571428571427,29.24,1.33,1.01,1436.0,-0.061281336620603505,128.98,201342.1
2016-02-01,2016,2,Winter / Post-Monsoon,Northeast/Dry,0,Kasaragod,Oil Sardine,Sardinella longiceps,2.3,Prey (Small Pelagic),201342.1,1561,19688,128.98,29.46,11.0,3.8,0.71,1.82,1.22,1.239,128.98,75.85,0.5912,-4.812,0.248,0.8660254037844386,0.5000000000000001,194.0,220.13,204.22,184.0,206.1166666666667,13.167848470059452,479.1366666666666,-0.11870257944384772,0.8085714285714296,0.3428571428571434,28.92,0.9,0.9,1348.0,0.15801186826400693,83.12,138554.2
2016-03-01,2016,3,Pre-Monsoon / Summer,Pre-Monsoon,0,Kasaragod,Oil Sardine,Sardinella longiceps,2.3,Prey (Small Pelagic),138554.2,1667,19891,83.12,30.34,24.9,3.2,1.25,1.08,0.72,1.323,83.12,33.37,0.4086,0.686,0.15,1.0,6.123233995736766e-17,128.98,194.0,220.13,206.87,181.03666666666675,46.93736926299115,305.465,-0.33515462189924633,0.8042857142857152,0.16428571428571104,29.46,1.82,1.22,1561.0,0.06790518854641135,99.81,146419.9
2016-04-01,2016,4,Pre-Monsoon / Summer,Pre-Monsoon,0,Kasaragod,Oil Sardine,Sardinella longiceps,2.3,Prey (Small Pelagic),146419.9,1467,15004,99.81,30.77,112.4,4.8,1.11,0.83,0.61,1.164,99.81,29.62,0.3037,0.999,0.153,0.8660254037844387,-0.4999999999999998,83.12,128.98,194.0,88.14,135.36666666666676,55.71521994329981,164.04666666666665,-0.35555897382858,0.4685714285714262,22.992857142857147,30.34,1.08,0.72,1667.0,-0.11997600407932811,113.66,169120.3
2016-05-01,2016,5,Pre-Monsoon / Summer,Pre-Monsoon,0,Kasaragod,Oil Sardine,Sardinella longiceps,2.3,Prey (Small Pelagic),169120.3,1488,17746,113.66,30.76,262.9,4.8,1.6,1.27,1.11,1.181,113.66,35.3,0.3166,0.492,0.202,0.49999999999999994,-0.8660254037844387,99.81,83.12,128.98,85.98,103.97000000000007,23.21129251026023,155.04333333333332,0.20079400856664956,0.6300000000000026,1.842857142857099,30.77,0.83,0.61,1467.0,0.014314928327778267,712.59,212353.3
2016-06-01,2016,6,Southwest Monsoon,Southwest Monsoon,1,Kasaragod,Oil Sardine,Sardinella longiceps,2.3,Prey (Small Pelagic),212353.3,298,3421,712.59,29.39,849.2,7.9,3.17,11.56,7.31,0.237,712.59,176.89,0.2493,-108.89,1.356,1.2246467991473532e-16,-1.0,113.66,99.81,83.12,1337.31,98.86333333333341,15.291992457825236,139.95,0.13876363703400083,0.7992857142857162,179.4785714285714,30.76,1.27,1.11,1488.0,-0.7997311774211615,1187.2,398899.6
2016-07-01,2016,7,Southwest Monsoon,Southwest Monsoon,1,Kasaragod,Oil Sardine,Sardinella longiceps,2.3,Prey (Small Pelagic),398899.6,336,4817,1187.2,27.91,589.9,8.5,3.21,12.81,7.35,0.267,1187.2,137.94,0.1169,-155.469,2.023,-0.4999999999999997,-0.8660254037844388,712.59,113.66,99.81,1383.83,308.6866666666668,349.8590896823044,222.02666666666664,5.269487482888661,0.22571428571428598,-18.049999999999955,29.39,11.56,7.31,298.0,0.12751677424440355,915.11,1539207.0
2016-08-01,2016,8,Southwest Monsoon,Southwest Monsoon,0,Kasaragod,Oil Sardine,Sardinella longiceps,2.3,Prey (Small Pelagic),1539207.0,1682,17478,915.11,27.83,580.7,7.4,2.58,11.52,6.65,1.335,915.11,120.52,0.1326,-97.076,1.764,-0.8660254037844385,-0.5000000000000004,1187.2,712.59,113.66,1171.01,671.1500000000001,537.968389498861,387.56,0.6660351581409344,0.4528571428571446,163.68571428571437,27.91,12.81,7.35,336.0,4.005952261727612,744.44,1103262.1
2016-09-01,2016,9,Southwest Monsoon,Southwest Monsoon,0,Kasaragod,Oil Sardine,Sardinella longiceps,2.3,Prey (Small Pelagic),1103262.1,1482,21409,744.44,28.91,229.6,5.5,2.1,8.61,4.65,1.176,744.44,123.79,0.1674,-82.098,1.281,-1.0,-1.8369701987210297e-16,915.11,1187.2,712.59,931.63,938.3000000000002,238.15330167771953,518.5816666666667,-0.22918631882423926,0.8871428571428588,-20.378571428571433,27.83,11.52,6.65,1682.0,-0.11890606350234208,141.72,205208.2
2016-10-01,2016,10,Post-Monsoon,Post-Monsoon,0,Kasaragod,Oil Sardine,Sardinella longiceps,2.3,Prey (Small Pelagic),205208.2,1448,20835,141.72,29.49,345.5,4.2,1.19,0.78,1.41,1.149,141.72,50.3,0.3594,-1.75,0.254,-0.8660254037844386,0.5000000000000001,744.44,915.11,1187.2,153.83,948.9166666666669,223.3075736139109,628.8016666666667,-0.1865021671001063,0.6914285714285704,42.94285714285712,28.91,8.61,4.65,1482.0,-0.022941970155587247,190.22,336687.4
2016-11-01,2016,11,Post-Monsoon,Post-Monsoon,0,Kasaragod,Oil Sardine,Sardinella longiceps,2.3,Prey (Small Pelagic),336687.4,1770,25307,190.22,29.58,126.2,3.5,1.23,1.56,1.22,1.405,190.22,71.17,0.3774,-7.242,0.312,-0.5000000000000004,0.8660254037844384,141.72,744.44,915.11,204.22,600.4233333333334,406.3109932469603,635.7866666666667,-0.8096287033256044,0.5642857142857096,-41.95714285714284,29.49,0.78,1.41,1448.0,0.2223756890719911,291.47,385037.2
2016-12-01,2016,12,Winter / Post-Monsoon,Northeast/Dry,0,Kasaragod,Oil Sardine,Sardinella longiceps,2.3,Prey (Small Pelagic),385037.2,1321,17427,291.47,28.77,38.4,3.1,0.77,1.57,1.13,1.048,291.47,59.77,0.2078,-10.561,0.46,-2.4492935982947064e-16,1.0,190.22,141.72,744.44,220.13,358.79333333333346,334.85903919907986,648.5466666666667,0.3422240797188767,0.2714285714285687,3.0214285714285722,29.58,1.56,1.22,1770.0,-0.2536723149510039,434.38,702821.5
2017-01-01,2017,1,Winter / Post-Monsoon,Northeast/Dry,0,Kasaragod,Oil Sardine,Sardinella longiceps,2.3,Prey (Small Pelagic),702821.5,1618,17965,434.38,28.0,8.8,4.8,0.85,1.34,1.04,1.284,434.38,88.66,0.2059,-34.307,0.777,0.49999999999999994,0.8660254037844387,291.47,190.22,141.72,194.0,207.80333333333343,76.40776029521192,578.36,0.5322783864852074,-0.27642857142857125,0.3428571428571434,28.77,1.57,1.13,1321.0,0.22482967278705773,418.65,693695.6
2017-02-01,2017,2,Winter / Post-Monsoon,Northeast/Dry,0,Kasaragod,Oil Sardine,Sardinella longiceps,2.3,Prey (Small Pelagic),693695.6,1657,20988,418.65,28.0,9.5,3.0,1.03,1.0,0.86,1.315,418.65,71.78,0.1734,-26.146,0.763,0.8660254037844386,0.5000000000000001,434.38,291.47,190.22,128.98,305.35666666666674,122.67092578655618,452.89000000000004,0.49030773354692636,-0.6514285714285712,-1.1571428571428566,28.0,1.34,1.04,1618.0,0.024103831742250732,255.51,415973.5
2017-03-01,2017,3,Pre-Monsoon / Summer,Pre-Monsoon,0,Kasaragod,Oil Sardine,Sardinella longiceps,2.3,Prey (Small Pelagic),415973.5,1628,20344,255.51,29.51,26.0,2.9,1.4,0.69,0.59,1.292,255.51,88.38,0.3484,-16.626,0.438,1.0,6.123233995736766e-17,418.65,434.38,291.47,83.12,381.50000000000006,78.36395153383732,370.1466666666667,-0.03621253197171762,-0.025714285714283136,1.2642857142857125,28.0,1.0,0.86,1657.0,-0.017501508645132717,140.98,191736.3
2017-04-01,2017,4,Pre-Monsoon / Summer,Pre-Monsoon,0,Kasaragod,Oil Sardine,Sardinella longiceps,2.3,Prey (Small Pelagic),191736.3,1360,14136,140.98,30.32,91.4,4.9,1.34,1.15,0.84,1.079,140.98,67.29,0.481,-4.378,0.224,0.8660254037844387,-0.4999999999999998,255.51,418.65,434.38,99.81,369.5133333333334,99.04255768774813,288.6583333333333,-0.38968110857085614,0.018571428571426907,1.9928571428571473,29.51,0.69,0.59,1628.0,-0.1646191636079904,208.08,314405.4
2017-05-01,2017,5,Pre-Monsoon / Summer,Pre-Monsoon,0,Kasaragod,Oil Sardine,Sardinella longiceps,2.3,Prey (Small Pelagic),314405.4,1511,21408,208.08,30.15,279.4,5.4,1.68,2.27,1.8,1.199,208.08,123.65,0.5962,-18.708,0.312,0.49999999999999994,-0.8660254037844387,140.98,255.51,418.65,113.66,271.7133333333334,139.5423528299946,288.535,-0.4482407558122674,0.019999999999999574,18.3428571428571,30.32,1.15,0.84,1360.0,0.11102941094831316,1681.39,395125.9
2017-06-01,2017,6,Southwest Monsoon,Southwest Monsoon,1,Kasaragod,Oil Sardine,Sardinella longiceps,2.3,Prey (Small Pelagic),395125.9,235,2727,1681.39,28.32,699.7,7.4,3.31,10.54,6.43,0.187,1681.39,273.03,0.1629,-487.424,2.97,1.2246467991473532e-16,-1.0,208.08,140.98,255.51,712.59,201.5233333333334,57.54583072065727,291.5116666666667,0.47595400227308843,-0.27071428571428413,29.9785714285714,30.15,2.27,1.8,1511.0,-0.8444738527830983,1845.33,500085.3
2017-07-01,2017,7,Southwest Monsoon,Southwest Monsoon,1,Kasaragod,Oil Sardine,Sardinella longiceps,2.3,Prey (Small Pelagic),500085.3,271,3168,1845.33,27.31,754.8,8.0,3.63,11.98,7.23,0.215,1845.33,232.98,0.1267,-462.484,2.976,-0.4999999999999997,-0.8660254037844388,1681.39,208.08,140.98,1187.2,676.8166666666667,870.6326946728635,523.165,7.0804975451510215,-0.37428571428571544,146.85000000000002,28.32,10.54,6.43,235.0,0.15319148284291562,1243.59,1624128.0
2017-08-01,2017,8,Southwest Monsoon,Southwest Monsoon,0,Kasaragod,Oil Sardine,Sardinella longiceps,2.3,Prey (Small Pelagic),1624128.0,1306,16225,1243.59,27.17,374.5,6.9,2.58,10.15,5.8,1.037,1243.59,178.13,0.1439,-225.244,2.134,-0.8660254037844385,-0.5000000000000004,1845.33,1681.39,208.08,915.11,1244.9333333333334,901.6749453285995,758.3233333333333,0.09750266090851807,-0.20714285714285197,-42.51428571428568,27.31,11.98,7.23,271.0,3.8191880509524707,928.21,1597448.4
2017-09-01,2017,9,Southwest Monsoon,Southwest Monsoon,0,Kasaragod,Oil Sardine,Sardinella longiceps,2.3,Prey (Small Pelagic),1597448.4,1721,23846,928.21,27.51,259.9,4.6,1.83,6.63,3.98,1.366,928.21,129.74,0.1407,-120.303,1.614,-1.0,-1.8369701987210297e-16,1243.59,1845.33,1681.39,744.44,1590.1033333333335,311.08310550933766,895.8133333333334,-0.3260880150103883,-0.5128571428571398,9.92142857142855,27.17,10.15,5.8,1306.0,0.3177641629573954,572.56,903492.0
2017-10-01,2017,10,Post-Monsoon,Post-Monsoon,0,Kasaragod,Oil Sardine,Sardinella longiceps,2.3,Prey (Small Pelagic),903492.0,1578,18681,572.56,28.83,351.2,4.0,1.19,1.26,1.85,1.252,572.56,130.17,0.2287,-71.249,1.011,-0.8660254037844386,0.5000000000000001,928.21,1243.59,1845.33,141.72,1339.0433333333333,465.95147572824897,1007.93,-0.2536044817535965,0.03142857142857025,48.64285714285711,27.51,6.63,3.98,1721.0,-0.08309122554856929,432.43,611452.7
2017-11-01,2017,11,Post-Monsoon,Post-Monsoon,0,Kasaragod,Oil Sardine,Sardinella longiceps,2.3,Prey (Small Pelagic),611452.7,1414,16569,432.43,28.83,165.9,3.6,0.81,1.56,1.44,1.122,432.43,123.41,0.287,-47.538,0.728,-0.5000000000000004,0.8660254037844384,572.56,928.21,1243.59,190.22,914.7866666666665,335.716330602686,1079.86,-0.38315682460696593,-0.18571428571429038,-2.2571428571428385,28.83,1.26,1.85,1578.0,-0.10392902342250303,293.41,466519.5
2017-12-01,2017,12,Winter / Post-Monsoon,Northeast/Dry,0,Kasaragod,Oil Sardine,Sardinella longiceps,2.3,Prey (Small Pelagic),466519.5,1590,16866,293.41,28.38,35.8,4.1,1.03,1.28,0.89,1.262,293.41,120.52,0.4128,-28.99,0.616,-2.4492935982947064e-16,1.0,432.43,572.56,928.21,291.47,644.4000000000001,255.57815106146697,1117.2516666666666,-0.2447429047655633,-0.11857142857143188,0.4214285714285708,28.83,1.56,1.44,1414.0,0.12446958893585863,504.82,785504.4
2018-01-01,2018,1,Winter / Post-Monsoon,Northeast/Dry,0,Kasaragod,Oil Sardine,Sardinella longiceps,2.3,Prey (Small Pelagic),785504.4,1556,18447,504.82,28.27,10.0,2.7,1.2,1.45,1.1,1.235,504.82,101.4,0.2024,-49.257,0.81,0.49999999999999994,0.8660254037844387,293.41,432.43,572.56,434.38,432.8,139.5753678125101,885.9216666666665,-0.32148555092187053,-0.006428571428571672,1.5428571428571427,28.38,1.28,0.89,1590.0,-0.02138364766425379,364.94,635366.4
2018-02-01,2018,2,Winter / Post-Monsoon,Northeast/Dry,0,Kasaragod,Oil Sardine,Sardinella longiceps,2.3,Prey (Small Pelagic),635366.4,1741,23223,364.94,28.61,10.6,3.6,1.21,1.27,1.09,1.382,364.94,109.22,0.3012,-33.823,0.692,0.8660254037844386,0.5000000000000001,504.82,293.41,432.43,418.65,410.2200000000001,107.44072831099683,662.5033333333332,0.7205275648230269,-0.041428571428571814,-0.05714285714285694,28.27,1.45,1.1,1556.0,0.11889460077831233,345.54,461993.2
2018-03-01,2018,3,Pre-Monsoon / Summer,Pre-Monsoon,0,Kasaragod,Oil Sardine,Sardinella longiceps,2.3,Prey (Small Pelagic),461993.2,1337,13526,345.54,29.04,28.4,3.3,1.28,0.59,0.84,1.061,345.54,101.99,0.2972,-29.625,0.59,1.0,6.123233995736766e-17,364.94,504.82,293.41,255.51,387.72333333333336,107.53072692644979,516.0616666666666,-0.27708885786837173,-0.49571428571428555,3.664285714285711,28.61,1.27,1.09,1741.0,-0.23205054433055403,99.58,175052.9
2018-04-01,2018,4,Pre-Monsoon / Summer,Pre-Monsoon,0,Kasaragod,Oil Sardine,Sardinella longiceps,2.3,Prey (Small Pelagic),175052.9,1758,23025,99.58,30.26,81.9,4.3,1.2,0.71,0.76,1.395,99.58,62.24,0.6288,-2.208,0.16,0.8660254037844387,-0.4999999999999998,345.54,364.94,504.82,140.98,405.1000000000001,86.90310005976441,418.95,-0.053159422010209234,-0.041428571428571814,-7.507142857142853,29.04,0.59,0.84,1337.0,0.31488406645561656,231.66,332661.9
2018-05-01,2018,5,Pre-Monsoon / Summer,Pre-Monsoon,0,Kasaragod,Oil Sardine,Sardinella longiceps,2.3,Prey (Small Pelagic),332661.9,1436,16191,231.66,30.11,262.5,5.3,2.23,1.57,1.43,1.14,231.66,76.28,0.3322,-10.631,0.452,0.49999999999999994,-0.8660254037844387,99.58,345.54,364.94,208.08,270.0200000000001,147.92374792438534,340.11999999999995,-0.7118133729289411,-0.019999999999999574,1.4428571428571217,30.26,0.71,0.76,1758.0,-0.18316268382728848,1844.8,618009.2
2018-06-01,2018,6,Southwest Monsoon,Southwest Monsoon,1,Kasaragod,Oil Sardine,Sardinella longiceps,2.3,Prey (Small Pelagic),618009.2,335,3257,1844.8,28.5,809.8,8.3,3.6,12.39,7.72,0.266,1844.8,287.93,0.1565,-557.985,3.398,1.2246467991473532e-16,-1.0,231.66,99.58,345.54,1681.39,225.5933333333334,123.09217575999831,306.6583333333333,1.3263706239836688,-0.09071428571428442,140.0785714285713,30.11,1.57,1.43,1436.0,-0.7667130865827779,1901.76,568626.7
2018-07-01,2018,7,Southwest Monsoon,Southwest Monsoon,1,Kasaragod,Oil Sardine,Sardinella longiceps,2.3,Prey (Small Pelagic),568626.7,299,2858,1901.76,27.37,723.8,8.4,3.15,12.79,7.59,0.237,1901.76,194.7,0.1029,-403.254,3.066,-0.4999999999999997,-0.8660254037844388,1844.8,231.66,99.58,1845.33,725.3466666666667,971.7217223739168,565.2233333333334,6.963394329474474,-0.31428571428571317,115.85000000000002,28.5,12.39,7.72,335.0,-0.1074626833593229,1522.97,2321013.2
2018-08-01,2018,8,Southwest Monsoon,Southwest Monsoon,0,Kasaragod,Oil Sardine,Sardinella longiceps,2.3,Prey (Small Pelagic),2321013.2,1524,16114,1522.97,27.42,371.4,7.8,2.58,10.79,6.05,1.21,1522.97,184.0,0.1214,-300.187,2.562,-0.8660254037844385,-0.5000000000000004,1901.76,1844.8,231.66,1243.59,1326.0733333333335,948.2175481045122,798.0466666666666,0.030875975548157134,0.042857142857148034,-45.6142857142857,27.37,12.79,7.59,299.0,4.096989829532113,1369.86,1905481.1
2018-09-01,2018,9,Southwest Monsoon,Southwest Monsoon,0,Kasaragod,Oil Sardine,Sardinella longiceps,2.3,Prey (Small Pelagic),1905481.1,1391,16289,1369.86,27.8,240.5,6.3,2.6,9.52,5.12,1.104,1369.86,176.72,0.1296,-260.25,2.36,-1.0,-1.8369701987210297e-16,1522.97,1901.76,1844.8,928.21,1756.5100000000002,204.246931678301,991.0516666666667,-0.19917865451382583,-0.22285714285714064,-9.478571428571428,27.42,10.79,6.05,1524.0,-0.08727034063470905,471.46,760469.4
2018-10-01,2018,10,Post-Monsoon,Post-Monsoon,0,Kasaragod,Oil Sardine,Sardinella longiceps,2.3,Prey (Small Pelagic),760469.4,1613,23115,471.46,28.71,262.1,4.3,1.09,1.58,1.63,1.28,471.46,116.35,0.2484,-49.284,0.768,-0.8660254037844386,0.5000000000000001,1369.86,1522.97,1901.76,572.56,1598.1966666666667,273.8132411577892,1161.7716666666668,-0.10053382469428937,-0.08857142857142719,-40.457142857142856,27.8,9.52,5.12,1391.0,0.15959741078650316,533.86,785839.6
2018-11-01,2018,11,Post-Monsoon,Post-Monsoon,0,Kasaragod,Oil Sardine,Sardinella longiceps,2.3,Prey (Small Pelagic),785839.6,1472,18334,533.86,29.05,194.9,4.2,0.85,1.39,1.5,1.168,533.86,116.98,0.2206,-59.508,0.77,-0.5000000000000004,0.8660254037844384,471.46,1369.86,1522.97,432.43,1121.43,568.0725470395479,1223.7516666666666,-0.6558334380459796,0.03428571428571203,26.74285714285716,28.71,1.58,1.63,1613.0,-0.08741475457275416,481.13,682729.1
2018-12-01,2018,12,Winter / Post-Monsoon,Northeast/Dry,0,Kasaragod,Oil Sardine,Sardinella longiceps,2.3,Prey (Small Pelagic),682729.1,1419,14801,481.13,28.57,36.0,3.8,1.29,1.15,1.05,1.126,481.13,110.77,0.2318,-50.672,0.821,-2.4492935982947064e-16,1.0,533.86,471.46,1369.86,293.41,791.7266666666668,501.64933303387545,1274.118333333333,0.1323548099021167,0.0714285714285694,0.6214285714285737,29.05,1.39,1.5,1472.0,-0.03600543453800656,302.54,520372.9
2019-01-01,2019,1,Winter / Post-Monsoon,Northeast/Dry,0,Kasaragod,Oil Sardine,Sardinella longiceps,2.3,Prey (Small Pelagic),520372.9,1720,23460,302.54,28.24,9.3,3.2,0.85,0.38,0.53,1.365,302.54,55.23,0.1852,-11.306,0.464,0.49999999999999994,0.8660254037844387,481.13,533.86,471.46,504.82,495.4833333333334,33.585020966669134,1046.84,-0.09877121157660793,-0.03642857142857281,0.8428571428571434,28.57,1.15,1.05,1419.0,0.21212121062634806,336.64,497891.7
2019-02-01,2019,2,Winter / Post-Monsoon,Northeast/Dry,0,Kasaragod,Oil Sardine,Sardinella longiceps,2.3,Prey (Small Pelagic),497891.7,1479,18268,336.64,28.35,10.7,3.2,0.5,1.0,0.82,1.174,336.64,70.44,0.2116,-18.006,0.565,0.8660254037844386,0.5000000000000001,302.54,481.13,533.86,364.94,439.17666666666673,121.23240999555976,780.3033333333333,-0.37118865231457915,-0.3014285714285698,0.042857142857142705,28.24,0.38,0.53,1720.0,-0.14011627825513792,177.47,302059.4
2019-03-01,2019,3,Pre-Monsoon / Summer,Pre-Monsoon,0,Kasaragod,Oil Sardine,Sardinella longiceps,2.3,Prey (Small Pelagic),302059.4,1702,17245,177.47,29.51,23.6,4.0,1.27,1.01,0.82,1.351,177.47,74.09,0.4207,-7.367,0.331,1.0,6.123233995736766e-17,336.64,302.54,481.13,345.54,373.4366666666667,94.81082761653003,582.5816666666666,0.11271236488687882,-0.025714285714283136,-1.1357142857142861,28.35,1.0,0.82,1479.0,0.1507775513808144,80.84,172502.9
2019-04-01,2019,4,Pre-Monsoon / Summer,Pre-Monsoon,0,Kasaragod,Oil Sardine,Sardinella longiceps,2.3,Prey (Small Pelagic),172502.9,2134,25877,80.84,30.4,119.2,3.7,1.13,1.21,0.89,1.694,80.84,40.13,0.5026,0.168,0.15,0.8660254037844387,-0.4999999999999998,177.47,336.64,302.54,99.58,272.21666666666675,83.80573150644999,383.84999999999997,-0.4728196152323071,0.0985714285714252,29.792857142857144,29.51,1.01,0.82,1702.0,0.25381903493643343,97.02,193266.4
2019-05-01,2019,5,Pre-Monsoon / Summer,Pre-Monsoon,0,Kasaragod,Oil Sardine,Sardinella longiceps,2.3,Prey (Small Pelagic),193266.4,1992,24200,97.02,30.02,249.7,4.9,2.33,1.41,1.37,1.581,97.02,65.94,0.6829,-2.354,0.172,0.49999999999999994,-0.8660254037844387,80.84,177.47,336.64,231.66,198.31666666666672,129.16790481126122,318.7466666666666,-0.5444863613857913,-0.10999999999999943,-11.35714285714289,30.4,1.21,0.89,2134.0,-0.06654170540514665,1272.44,375369.5
2019-06-01,2019,6,Southwest Monsoon,Southwest Monsoon,1,Kasaragod,Oil Sardine,Sardinella longiceps,2.3,Prey (Small Pelagic),375369.5,295,3456,1272.44,28.94,709.7,7.6,3.51,11.95,7.12,0.234,1272.44,272.73,0.215,-343.407,2.32,1.2246467991473532e-16,-1.0,97.02,80.84,177.47,1844.8,118.4433333333334,51.754793336761495,245.93999999999997,0.20014841660707355,0.34928571428571686,39.9785714285714,30.02,1.41,1.37,1992.0,-0.8519076262454437,1344.88,494914.6
2019-07-01,2019,7,Southwest Monsoon,Southwest Monsoon,1,Kasaragod,Oil Sardine,Sardinella longiceps,2.3,Prey (Small Pelagic),494914.6,368,3713,1344.88,27.38,552.8,7.6,3.78,11.7,6.77,0.292,1344.88,172.15,0.1287,-233.7,2.194,-0.4999999999999997,-0.8660254037844388,1272.44,97.02,80.84,1901.76,483.4333333333334,683.3477066130621,377.825,12.115232723641236,-0.30428571428571516,-55.14999999999998,28.94,11.95,7.12,295.0,0.24745761873025024,731.66,900679.0
2019-08-01,2019,8,Southwest Monsoon,Southwest Monsoon,0,Kasaragod,Oil Sardine,Sardinella longiceps,2.3,Prey (Small Pelagic),900679.0,1231,17067,731.66,26.7,444.6,6.7,2.69,10.05,5.66,0.977,731.66,88.25,0.1218,-51.167,1.154,-0.8660254037844385,-0.5000000000000004,1344.88,1272.44,97.02,1522.97,904.7800000000001,700.4777309807922,551.5483333333333,0.05692999232238859,-0.6771428571428544,27.585714285714346,27.38,11.7,6.77,368.0,2.345108631926396,1138.57,1973142.6
2019-09-01,2019,9,Southwest Monsoon,Southwest Monsoon,0,Kasaragod,Oil Sardine,Sardinella longiceps,2.3,Prey (Small Pelagic),1973142.6,1733,25026,1138.57,27.72,214.5,6.0,1.72,9.15,4.88,1.375,1138.57,130.2,0.1151,-153.005,1.779,-1.0,-1.8369701987210297e-16,731.66,1344.88,1272.44,1369.86,1116.3266666666668,335.0943475102689,617.385,-0.45596632817822913,-0.3028571428571425,-35.47857142857143,26.7,10.05,5.66,1231.0,0.4077985344614254,364.06,568660.7
2019-10-01,2019,10,Post-Monsoon,Post-Monsoon,0,Kasaragod,Oil Sardine,Sardinella longiceps,2.3,Prey (Small Pelagic),568660.7,1562,15079,364.06,28.86,279.9,4.5,1.38,1.3,1.3,1.24,364.06,99.65,0.2757,-29.634,0.606,-0.8660254037844386,0.5000000000000001,1138.57,731.66,1344.88,471.46,1071.7033333333334,312.03053605910554,777.5683333333333,0.5561462898594116,0.06142857142857139,-22.6571428571429,27.72,9.15,4.88,1733.0,-0.09867282112710432,330.33,610447.4
2019-11-01,2019,11,Post-Monsoon,Post-Monsoon,0,Kasaragod,Oil Sardine,Sardinella longiceps,2.3,Prey (Small Pelagic),610447.4,1848,22986,330.33,28.63,168.1,4.0,0.89,1.09,1.17,1.467,330.33,65.43,0.2005,-14.91,0.537,-0.5000000000000004,0.8660254037844384,364.06,1138.57,731.66,533.86,744.7633333333333,387.4212281655873,824.7716666666666,-0.6802480244495462,-0.3857142857142897,-0.057142857142849834,28.86,1.3,1.3,1562.0,0.1830985903770897,264.58,531815.2
2019-12-01,2019,12,Winter / Post-Monsoon,Northeast/Dry,0,Kasaragod,Oil Sardine,Sardinella longiceps,2.3,Prey (Small Pelagic),531815.2,2010,23101,264.58,28.04,36.2,3.2,1.21,0.73,0.49,1.595,264.58,52.89,0.2029,-8.286,0.488,-2.4492935982947064e-16,1.0,330.33,364.06,1138.57,481.13,610.9866666666667,457.21172167096915,863.6566666666668,-0.09264956071390544,-0.45857142857143174,0.8214285714285765,28.63,1.09,1.17,1848.0,0.08766233718797437,528.32,881241.4
2020-01-01,2020,1,Winter / Post-Monsoon,Northeast/Dry,0,Kasaragod,Oil Sardine,Sardinella longiceps,2.3,Prey (Small Pelagic),881241.4,1668,18978,528.32,27.64,9.1,3.8,1.27,1.01,0.98,1.324,528.32,85.06,0.1626,-44.822,0.867,0.49999999999999994,0.8660254037844387,264.58,330.33,364.06,302.54,319.6566666666667,50.59157670335151,695.68,-0.19904337483597087,-0.6364285714285707,0.6428571428571423,28.04,0.73,0.49,2010.0,-0.1701492528848296,534.4,809611.5
2020-02-01,2020,2,Winter / Post-Monsoon,Northeast/Dry,0,Kasaragod,Oil Sardine,Sardinella longiceps,2.3,Prey (Small Pelagic),809611.5,1515,21291,534.4,28.37,12.4,4.2,0.93,0.97,1.12,1.202,534.4,95.71,0.1806,-50.421,0.883,0.8660254037844386,0.5000000000000001,528.32,264.58,330.33,336.64,374.41,137.28430973712145,559.5866666666666,0.9968251191766154,-0.28142857142857025,1.7428571428571438,27.64,1.01,0.98,1668.0,-0.0917266181551162,155.7,85637.0
2020-03-01,2020,3,Pre-Monsoon / Summer,Pre-Monsoon,0,Kasaragod,Oil Sardine,Sardinella longiceps,2.3,Prey (Small Pelagic),85637.0,550,7453,155.7,29.62,23.2,3.3,1.03,0.65,0.53,0.437,155.7,93.53,0.6033,-9.353,0.229,1.0,6.123233995736766e-17,534.4,528.32,264.58,177.47,442.43333333333334,154.0555021196302,526.7099999999999,0.011508176644681558,0.0842857142857163,-1.5357142857142883,28.37,0.97,1.12,1515.0,-0.6369636921652562,175.54,75305.5
2020-04-01,2020,4,Pre-Monsoon / Summer,Pre-Monsoon,0,Kasaragod,Oil Sardine,Sardinella longiceps,2.3,Prey (Small Pelagic),75305.5,429,4929,175.54,30.09,81.4,3.7,1.11,0.99,0.94,0.34,175.54,79.61,0.4566,-8.131,0.295,0.8660254037844387,-0.4999999999999998,155.7,534.4,528.32,80.84,406.14000000000004,216.90870614154232,362.8983333333333,-0.7086451963202621,-0.21142857142857352,-8.007142857142853,29.62,0.65,0.53,550.0,-0.2199999960000001,442.78,249726.7
2020-05-01,2020,5,Pre-Monsoon / Summer,Pre-Monsoon,0,Kasaragod,Oil Sardine,Sardinella longiceps,2.3,Prey (Small Pelagic),249726.7,564,6621,442.78,29.6,302.9,5.7,2.1,1.67,1.88,0.448,442.78,108.2,0.2461,-40.835,0.751,0.49999999999999994,-0.8660254037844387,175.54,155.7,534.4,97.02,288.5466666666666,213.14619990356618,331.4783333333333,0.1274245261769733,-0.5299999999999976,41.8428571428571,30.09,0.99,0.94,429.0,0.31468530734999284,2321.5,661626.4
2020-06-01,2020,6,Southwest Monsoon,Southwest Monsoon,1,Kasaragod,Oil Sardine,Sardinella longiceps,2.3,Prey (Small Pelagic),661626.4,285,3573,2321.5,28.27,668.3,8.4,3.53,12.23,7.34,0.226,2321.5,326.64,0.1411,-837.675,3.912,1.2246467991473532e-16,-1.0,442.78,175.54,155.7,1272.44,258.0066666666666,160.3255903882188,350.22,1.5223879729755059,-0.32071428571428484,-1.4214285714286916,29.6,1.67,1.88,564.0,-0.4946808422928929,1674.0,522287.4
2020-07-01,2020,7,Southwest Monsoon,Southwest Monsoon,1,Kasaragod,Oil Sardine,Sardinella longiceps,2.3,Prey (Small Pelagic),522287.4,312,4154,1674.0,27.18,358.8,8.4,3.39,12.12,6.65,0.248,1674.0,185.31,0.1112,-335.406,2.802,-0.4999999999999997,-0.8660254037844388,2321.5,442.78,175.54,1344.88,979.9399999999999,1169.4835311367149,693.04,4.243009976895751,-0.5042857142857144,-249.14999999999992,28.27,12.23,7.34,285.0,0.09473683878116355,1559.89,2333588.8
2020-08-01,2020,8,Southwest Monsoon,Southwest Monsoon,0,Kasaragod,Oil Sardine,Sardinella longiceps,2.3,Prey (Small Pelagic),2333588.8,1496,19828,1559.89,27.4,511.6,6.8,3.21,10.49,6.12,1.187,1559.89,200.14,0.1289,-334.254,2.716,-0.8660254037844385,-0.5000000000000004,1674.0,2321.5,442.78,731.66,1479.4266666666665,954.3538631625765,883.9866666666667,-0.2789144937371764,0.022857142857144908,94.58571428571435,27.18,12.12,6.65,312.0,3.794871673241293,1267.98,2075683.2
2020-09-01,2020,9,Southwest Monsoon,Southwest Monsoon,0,Kasaragod,Oil Sardine,Sardinella longiceps,2.3,Prey (Small Pelagic),2075683.2,1637,21817,1267.98,27.34,251.7,5.2,2.4,7.92,4.48,1.299,1267.98,153.07,0.1214,-211.294,2.088,-1.0,-1.8369701987210297e-16,1559.89,1674.0,2321.5,1138.57,1851.7966666666664,410.75684904007977,1054.9016666666666,-0.06816606888789678,-0.6828571428571415,1.7214285714285609,27.4,10.49,6.12,1496.0,0.09425133626837343,469.16,741269.3
2020-10-01,2020,10,Post-Monsoon,Post-Monsoon,0,Kasaragod,Oil Sardine,Sardinella longiceps,2.3,Prey (Small Pelagic),741269.3,1580,16079,469.16,28.52,238.6,2.9,1.39,0.95,1.25,1.254,469.16,127.62,0.2736,-55.838,0.869,-0.8660254037844386,0.5000000000000001,1267.98,1559.89,1674.0,364.06,1500.6233333333332,209.39785918994937,1240.2816666666665,-0.18713498908810888,-0.27857142857142847,-63.957142857142884,27.34,7.92,4.48,1637.0,-0.03481979209028838,410.71,665351.3
2020-11-01,2020,11,Post-Monsoon,Post-Monsoon,0,Kasaragod,Oil Sardine,Sardinella longiceps,2.3,Prey (Small Pelagic),665351.3,1620,20004,410.71,29.0,172.0,3.5,1.2,1.07,1.15,1.286,410.71,114.57,0.2807,-41.762,0.759,-0.5000000000000004,0.8660254037844384,469.16,1267.98,1559.89,330.33,1099.01,564.655761415749,1289.2183333333332,-0.6299941589773169,-0.015714285714288678,3.842857142857156,28.52,0.95,1.25,1580.0,0.0253164555359718,460.98,673494.8
2020-12-01,2020,12,Winter / Post-Monsoon,Northeast/Dry,0,Kasaragod,Oil Sardine,Sardinella longiceps,2.3,Prey (Small Pelagic),673494.8,1461,18055,460.98,28.05,38.9,4.0,1.3,1.56,1.14,1.16,460.98,89.34,0.1955,-37.383,0.793,-2.4492935982947064e-16,1.0,410.71,469.16,1267.98,264.58,715.9499999999998,478.964446801637,1283.8733333333332,-0.12458436088787714,-0.4485714285714302,3.5214285714285722,29.0,1.07,1.15,1620.0,-0.09814814754229538,510.87,936939.0
2021-01-01,2021,1,Winter / Post-Monsoon,Northeast/Dry,0,Kasaragod,Oil Sardine,Sardinella longiceps,2.3,Prey (Small Pelagic),936939.0,1834,26347,510.87,28.22,9.3,3.3,0.94,1.14,1.05,1.456,510.87,130.84,0.2576,-65.464,0.889,0.49999999999999994,0.8660254037844387,460.98,410.71,469.16,528.32,446.9499999999998,31.65013902019063,973.7866666666667,0.12239779595340285,-0.05642857142857238,0.8428571428571434,28.05,1.56,1.14,1461.0,0.2553045841526038,441.04,647882.6
2021-02-01,2021,2,Winter / Post-Monsoon,Northeast/Dry,0,Kasaragod,Oil Sardine,Sardinella longiceps,2.3,Prey (Small Pelagic),647882.6,1469,16570,441.04,28.2,11.4,3.7,0.8,1.29,0.91,1.166,441.04,116.14,0.265,-47.826,0.892,0.8660254037844386,0.5000000000000001,510.87,460.98,410.71,534.4,460.8533333333332,50.08012014093782,779.9316666666667,0.10822595105588198,-0.45142857142857196,0.7428571428571438,28.22,1.14,1.05,1834.0,-0.19901853762803415,286.44,456865.6
2021-03-01,2021,3,Pre-Monsoon / Summer,Pre-Monsoon,0,Kasaragod,Oil Sardine,Sardinella longiceps,2.3,Prey (Small Pelagic),456865.6,1595,21404,286.44,29.7,24.2,3.6,0.72,1.04,0.77,1.266,286.44,119.25,0.4183,-27.997,0.492,1.0,6.123233995736766e-17,441.04,510.87,460.98,155.7,470.9633333333332,35.96953479447285,593.4566666666666,-0.13668839163214921,0.1642857142857146,-0.5357142857142883,28.2,1.29,0.91,1469.0,0.08577263386131631,255.29,372973.7
2021-04-01,2021,4,Pre-Monsoon / Summer,Pre-Monsoon,0,Kasaragod,Oil Sardine,Sardinella longiceps,2.3,Prey (Small Pelagic),372973.7,1461,14203,255.29,30.14,98.4,4.4,1.01,1.7,1.2,1.16,255.29,87.79,0.3464,-15.466,0.479,0.8660254037844387,-0.4999999999999998,286.44,441.04,510.87,175.54,412.78333333333313,114.85223390657505,429.86666666666673,-0.35053509090932594,-0.1614285714285728,8.992857142857147,29.7,1.04,0.77,1595.0,-0.0840125386582286,244.98,429201.5
2021-05-01,2021,5,Pre-Monsoon / Summer,Pre-Monsoon,0,Kasaragod,Oil Sardine,Sardinella longiceps,2.3,Prey (Small Pelagic),429201.5,1752,18702,244.98,30.03,256.1,5.4,2.13,1.5,1.5,1.39,244.98,96.47,0.3963,-16.385,0.46,0.49999999999999994,-0.8660254037844387,255.29,286.44,441.04,442.78,327.58999999999986,99.47742206147612,394.22166666666664,-0.10874877430705301,-0.09999999999999787,-4.9571428571428555,30.14,1.7,1.2,1461.0,0.19917864340055685,2216.76,795817.8
2021-06-01,2021,6,Southwest Monsoon,Southwest Monsoon,1,Kasaragod,Oil Sardine,Sardinella longiceps,2.3,Prey (Small Pelagic),795817.8,359,4275,2216.76,28.95,690.0,8.2,3.43,12.25,7.29,0.285,2216.76,359.18,0.1624,-864.46,3.745,1.2246467991473532e-16,-1.0,244.98,255.29,286.44,2321.5,262.2366666666665,21.585296693124256,366.59999999999997,-0.04038544242291346,0.3592857142857149,20.278571428571354,30.03,1.5,1.5,1752.0,-0.7950913196627208,1946.71,603481.1
2021-07-01,2021,7,Southwest Monsoon,Southwest Monsoon,1,Kasaragod,Oil Sardine,Sardinella longiceps,2.3,Prey (Small Pelagic),603481.1,310,3296,1946.71,27.21,640.8,7.9,3.47,11.55,6.56,0.246,1946.71,172.71,0.0892,-387.535,3.062,-0.4999999999999997,-0.8660254037844388,2216.76,244.98,255.29,1674.0,905.6766666666666,1135.4431752550772,659.23,8.048738343997947,-0.4742857142857133,32.85000000000002,28.95,12.25,7.29,359.0,-0.1364902468944221,1794.12,2710910.5
2021-08-01,2021,8,Southwest Monsoon,Southwest Monsoon,0,Kasaragod,Oil Sardine,Sardinella longiceps,2.3,Prey (Small Pelagic),2710910.5,1511,15270,1794.12,27.73,445.8,6.9,2.75,10.28,5.95,1.199,1794.12,260.33,0.1456,-512.226,3.228,-0.8660254037844385,-0.5000000000000004,1946.71,2216.76,244.98,1559.89,1469.4833333333333,1069.0126569097924,898.5366666666667,-0.12182193777485192,0.35285714285714675,28.785714285714334,27.21,11.55,6.56,310.0,3.8741934234131157,1439.24,1918510.8
2021-09-01,2021,9,Southwest Monsoon,Southwest Monsoon,0,Kasaragod,Oil Sardine,Sardinella longiceps,2.3,Prey (Small Pelagic),1918510.8,1333,17189,1439.24,27.99,239.4,4.9,1.93,7.84,4.27,1.058,1439.24,232.1,0.1618,-368.933,2.527,-1.0,-1.8369701987210297e-16,1794.12,1946.71,2216.76,1267.98,1985.863333333333,214.02308294512267,1124.05,-0.07838352873112321,-0.03285714285714292,-10.578571428571422,27.73,10.28,5.95,1511.0,-0.1178027788365137,559.86,786040.6
2021-10-01,2021,10,Post-Monsoon,Post-Monsoon,0,Kasaragod,Oil Sardine,Sardinella longiceps,2.3,Prey (Small Pelagic),786040.6,1404,17290,559.86,28.18,270.1,4.2,1.82,0.92,1.22,1.114,559.86,112.7,0.2027,-62.957,0.994,-0.8660254037844386,0.5000000000000001,1439.24,1794.12,1946.71,469.16,1726.6899999999998,260.36811229488296,1316.1833333333334,-0.19780170669853903,-0.6185714285714283,-32.457142857142856,27.99,7.84,4.27,1333.0,0.05326331542938248,587.44,835924.2
2021-11-01,2021,11,Post-Monsoon,Post-Monsoon,0,Kasaragod,Oil Sardine,Sardinella longiceps,2.3,Prey (Small Pelagic),835924.2,1423,17000,587.44,28.87,171.7,3.9,1.18,1.5,1.52,1.129,587.44,150.68,0.2578,-87.773,0.939,-0.5000000000000004,0.8660254037844384,559.86,1439.24,1794.12,410.71,1264.4066666666665,635.4324965984451,1366.945,-0.6110030251312983,-0.14571428571428768,3.5428571428571445,28.18,0.92,1.22,1404.0,0.013532763436376329,533.63,908766.9
2021-12-01,2021,12,Winter / Post-Monsoon,Northeast/Dry,0,Kasaragod,Oil Sardine,Sardinella longiceps,2.3,Prey (Small Pelagic),908766.9,1703,19342,533.63,28.52,31.7,5.0,1.03,1.79,1.22,1.352,533.63,129.65,0.2444,-67.808,0.942,-2.4492935982947064e-16,1.0,587.44,559.86,1439.24,460.98,862.1799999999998,499.9388430598274,1424.0216666666668,0.04926231469899063,0.021428571428568688,-3.678571428571427,28.87,1.5,1.52,1423.0,0.19676739144928046,546.62,899182.4
2022-01-01,2022,1,Winter / Post-Monsoon,Northeast/Dry,0,Kasaragod,Oil Sardine,Sardinella longiceps,2.3,Prey (Small Pelagic),899182.4,1645,20439,546.62,27.65,7.3,3.7,0.82,0.96,0.73,1.306,546.62,112.42,0.2071,-64.16,0.906,0.49999999999999994,0.8660254037844387,533.63,587.44,559.86,510.87,560.3099999999998,26.90782228271315,1143.5,-0.09160084278222734,-0.6264285714285727,-1.1571428571428575,28.52,1.79,1.22,1703.0,-0.034057545307941604,623.03,1060399.7
2022-02-01,2022,2,Winter / Post-Monsoon,Northeast/Dry,0,Kasaragod,Oil Sardine,Sardinella longiceps,2.3,Prey (Small Pelagic),1060399.7,1702,19022,623.03,28.31,10.7,3.5,0.88,1.02,0.84,1.351,623.03,128.37,0.2073,-86.734,1.031,0.8660254037844386,0.5000000000000001,546.62,533.63,587.44,441.04,555.8966666666665,28.07884316227074,910.1516666666666,0.02434270891174207,-0.3414285714285725,0.042857142857142705,27.65,0.96,0.73,1645.0,0.0346504557164106,522.7,750595.2
2022-03-01,2022,3,Pre-Monsoon / Summer,Pre-Monsoon,0,Kasaragod,Oil Sardine,Sardinella longiceps,2.3,Prey (Small Pelagic),750595.2,1436,19309,522.7,29.04,29.5,3.1,1.15,1.0,1.04,1.14,522.7,150.19,0.2887,-77.73,0.923,1.0,6.123233995736766e-17,623.03,546.62,533.63,286.44,567.7599999999999,48.30387872622747,714.9699999999999,0.13978632066542893,-0.49571428571428555,4.7642857142857125,28.31,1.02,0.84,1702.0,-0.15628672058585946,215.61,368471.4
2022-04-01,2022,4,Pre-Monsoon / Summer,Pre-Monsoon,0,Kasaragod,Oil Sardine,Sardinella longiceps,2.3,Prey (Small Pelagic),368471.4,1709,24530,215.61,30.04,75.5,3.7,0.99,0.96,0.82,1.356,215.61,95.03,0.4433,-14.272,0.423,0.8660254037844387,-0.4999999999999998,522.7,623.03,546.62,255.29,564.1166666666664,52.40350401768391,562.2133333333334,-0.16103558157655992,-0.26142857142857423,-13.907142857142858,29.04,1.0,1.04,1436.0,0.1901114192889177,383.11,617570.3
2022-05-01,2022,5,Pre-Monsoon / Summer,Pre-Monsoon,0,Kasaragod,Oil Sardine,Sardinella longiceps,2.3,Prey (Small Pelagic),617570.3,1612,22737,383.11,29.8,226.9,4.6,1.66,1.08,1.22,1.279,383.11,160.75,0.4211,-55.472,0.602,0.49999999999999994,-0.8660254037844387,215.61,522.7,623.03,244.98,453.7799999999999,212.27397132007923,504.83833333333337,-0.5875071630475003,-0.3299999999999983,-34.15714285714287,30.04,0.96,0.82,1709.0,-0.0567583378773649,3104.21,807095.6
2022-06-01,2022,6,Southwest Monsoon,Southwest Monsoon,1,Kasaragod,Oil Sardine,Sardinella longiceps,2.3,Prey (Small Pelagic),807095.6,260,3701,3104.21,28.15,932.2,7.9,3.26,11.79,7.53,0.206,3104.21,348.73,0.1126,-1270.487,5.095,1.2246467991473532e-16,-1.0,383.11,215.61,522.7,2216.76,373.80666666666656,153.75623900619766,470.78333333333336,0.7768656009987662,-0.44071428571428584,262.4785714285714,29.8,1.08,1.22,1612.0,-0.8387096722164412,2532.14,881185.3
2022-07-01,2022,7,Southwest Monsoon,Southwest Monsoon,1,Kasaragod,Oil Sardine,Sardinella longiceps,2.3,Prey (Small Pelagic),881185.3,348,4966,2532.14,27.41,517.1,8.5,4.01,12.7,7.04,0.276,2532.14,266.9,0.1058,-788.703,4.295,-0.4999999999999997,-0.8660254037844388,3104.21,383.11,215.61,1946.71,1234.3099999999997,1621.5451180895338,899.2133333333335,7.102659625103505,-0.274285714285714,-90.84999999999991,28.15,11.79,7.53,260.0,0.3384615254437875,1351.13,2219912.4
2022-08-01,2022,8,Southwest Monsoon,Southwest Monsoon,0,Kasaragod,Oil Sardine,Sardinella longiceps,2.3,Prey (Small Pelagic),2219912.4,1643,16265,1351.13,26.62,260.1,7.8,2.32,11.68,6.21,1.304,1351.13,136.26,0.1015,-190.879,2.434,-0.8660254037844385,-0.5000000000000004,2532.14,3104.21,383.11,1794.12,2006.4866666666665,1434.688075030017,1230.1333333333334,-0.1842884335006703,-0.7571428571428527,-156.91428571428565,27.41,12.7,7.04,348.0,3.721264260883211,2129.24,3134236.8
2022-09-01,2022,9,Southwest Monsoon,Southwest Monsoon,0,Kasaragod,Oil Sardine,Sardinella longiceps,2.3,Prey (Small Pelagic),3134236.8,1472,20845,2129.24,27.68,291.6,6.2,2.06,9.5,5.29,1.168,2129.24,247.46,0.1166,-625.521,3.389,-1.0,-1.8369701987210297e-16,1351.13,2532.14,3104.21,1439.24,2329.16,893.9927471182322,1351.4833333333333,-0.4664078587028842,-0.34285714285714164,41.621428571428595,26.62,11.68,6.21,1643.0,-0.10407790563555748,646.0,1019390.6
2022-10-01,2022,10,Post-Monsoon,Post-Monsoon,0,Kasaragod,Oil Sardine,Sardinella longiceps,2.3,Prey (Small Pelagic),1019390.6,1578,20706,646.0,28.54,337.9,3.5,1.24,1.19,1.57,1.252,646.0,161.06,0.2505,-105.988,1.104,-0.8660254037844386,0.5000000000000001,2129.24,1351.13,2532.14,559.86,2004.1699999999998,600.3565887870327,1619.2399999999998,0.575895727458529,-0.2585714285714289,35.3428571428571,27.68,9.5,5.29,1472.0,0.07201086907601312,736.77,878961.1
2022-11-01,2022,11,Post-Monsoon,Post-Monsoon,0,Kasaragod,Oil Sardine,Sardinella longiceps,2.3,Prey (Small Pelagic),878961.1,1193,14964,736.77,28.33,162.5,4.0,1.43,1.67,1.77,0.947,736.77,163.69,0.2232,-126.439,1.269,-0.5000000000000004,0.8660254037844384,646.0,2129.24,1351.13,587.44,1375.4566666666663,741.9191764830815,1690.9716666666664,-0.6966053582658348,-0.6857142857142904,-5.657142857142844,28.54,1.19,1.57,1578.0,-0.2439797196199004,622.38,1181895.0
2022-12-01,2022,12,Winter / Post-Monsoon,Northeast/Dry,0,Kasaragod,Oil Sardine,Sardinella longiceps,2.3,Prey (Small Pelagic),1181895.0,1899,25439,622.38,28.0,33.7,4.7,1.33,1.36,0.98,1.507,622.38,142.53,0.2302,-94.086,1.043,-2.4492935982947064e-16,1.0,736.77,646.0,2129.24,533.63,1170.6699999999998,831.3856697706545,1749.915,0.14051083373822237,-0.4985714285714309,-1.6785714285714235,28.33,1.67,1.77,1193.0,0.5917854099598876,592.06,911174.1
2023-01-01,2023,1,Winter / Post-Monsoon,Northeast/Dry,0,Kasaragod,Oil Sardine,Sardinella longiceps,2.3,Prey (Small Pelagic),911174.1,1539,15271,592.06,28.72,7.3,3.4,1.12,0.95,0.81,1.221,592.06,162.89,0.2763,-101.339,1.002,0.49999999999999994,0.8660254037844387,622.38,736.77,646.0,546.62,668.3833333333332,60.390630343886144,1336.2766666666664,-0.15525876250039003,0.4435714285714276,-1.1571428571428575,28.0,1.36,0.98,1899.0,-0.18957345871735937,638.84,1027248.6
2023-02-01,2023,2,Winter / Post-Monsoon,Northeast/Dry,0,Kasaragod,Oil Sardine,Sardinella longiceps,2.3,Prey (Small Pelagic),1027248.6,1608,16555,638.84,29.13,7.9,4.6,0.5,1.39,1.1,1.276,638.84,184.23,0.2895,-123.079,1.054,0.8660254037844386,0.5000000000000001,592.06,622.38,736.77,623.03,650.4033333333332,76.31661964036306,1012.93,-0.04871621760473967,0.47857142857142776,-2.7571428571428562,28.72,0.95,0.81,1539.0,0.04483430770088169,451.11,640579.2
2023-03-01,2023,3,Pre-Monsoon / Summer,Pre-Monsoon,0,Kasaragod,Oil Sardine,Sardinella longiceps,2.3,Prey (Small Pelagic),640579.2,1420,16841,451.11,29.72,30.8,3.5,1.22,1.55,1.15,1.127,451.11,133.29,0.297,-55.962,0.787,1.0,6.123233995736766e-17,638.84,592.06,622.38,522.7,617.7599999999999,23.729736618816816,894.215,0.07901226093618464,0.18428571428571416,6.064285714285713,29.13,1.39,1.1,1608.0,-0.11691542215848619,95.18,151724.7
2023-04-01,2023,4,Pre-Monsoon / Summer,Pre-Monsoon,0,Kasaragod,Oil Sardine,Sardinella longiceps,2.3,Prey (Small Pelagic),151724.7,1594,15446,95.18,30.67,70.9,4.3,1.33,0.58,0.55,1.265,95.18,104.39,1.0958,-6.134,0.15,0.8660254037844387,-0.4999999999999998,451.11,638.84,592.06,215.61,560.67,97.72224567619307,614.5266666666666,-0.2938607430051227,0.36857142857142833,-18.507142857142853,29.72,1.55,1.15,1420.0,0.12253521040468161,170.9,266775.8
2023-05-01,2023,5,Pre-Monsoon / Summer,Pre-Monsoon,0,Kasaragod,Oil Sardine,Sardinella longiceps,2.3,Prey (Small Pelagic),266775.8,1561,17555,170.9,30.46,217.2,4.1,2.3,1.71,1.21,1.239,170.9,126.3,0.7405,-15.641,0.3,0.49999999999999994,-0.8660254037844387,95.18,451.11,638.84,383.11,395.04333333333324,276.1324903616578,522.7233333333334,-0.7890093150449045,0.33000000000000185,-43.85714285714289,30.67,0.58,0.55,1594.0,-0.0207026347509245,2509.49,707676.7
2023-06-01,2023,6,Southwest Monsoon,Southwest Monsoon,1,Kasaragod,Oil Sardine,Sardinella longiceps,2.3,Prey (Small Pelagic),707676.7,282,2917,2509.49,28.81,607.3,7.0,3.43,10.31,6.2,0.224,2509.49,374.74,0.1497,-1071.625,4.01,1.2246467991473532e-16,-1.0,170.9,95.18,451.11,3104.21,239.0633333333332,187.49992328886572,428.41166666666663,0.7955451990391679,0.2192857142857143,-62.42142857142869,30.46,1.71,1.21,1561.0,-0.8193465674609445,4060.19,1278958.8
2023-07-01,2023,7,Southwest Monsoon,Southwest Monsoon,1,Kasaragod,Oil Sardine,Sardinella longiceps,2.3,Prey (Small Pelagic),1278958.8,315,4092,4060.19,28.14,556.0,8.9,3.02,13.72,7.63,0.25,4060.19,466.08,0.115,-2270.919,5.946,-0.4999999999999997,-0.8660254037844388,2509.49,170.9,95.18,2532.14,925.1899999999997,1372.566299710145,742.93,13.683966431599387,0.4557142857142864,-51.94999999999993,28.81,10.31,6.2,282.0,0.11702127244605418,2713.74,4143886.8
2023-08-01,2023,8,Southwest Monsoon,Southwest Monsoon,0,Kasaragod,Oil Sardine,Sardinella longiceps,2.3,Prey (Small Pelagic),4143886.8,1527,16923,2713.74,27.62,454.9,7.7,3.29,11.31,6.55,1.212,2713.74,373.64,0.138,-1167.452,4.43,-0.8660254037844385,-0.5000000000000004,4060.19,2509.49,170.9,1351.13,2246.86,1957.9006776902663,1320.9516666666666,0.6179343188538935,0.24285714285714732,37.8857142857143,28.14,13.72,7.63,315.0,3.8476189254724154,1870.54,3080774.2
2023-09-01,2023,9,Southwest Monsoon,Southwest Monsoon,0,Kasaragod,Oil Sardine,Sardinella longiceps,2.3,Prey (Small Pelagic),3080774.2,1647,21602,1870.54,28.66,216.2,5.3,2.04,7.82,4.6,1.307,1870.54,342.32,0.1834,-719.44,3.126,-1.0,-1.8369701987210297e-16,2713.74,4060.19,2509.49,2129.24,3094.473333333333,842.547343378009,1666.7683333333332,-0.3316224109422899,0.6371428571428588,-33.77857142857144,27.62,11.31,6.55,1527.0,0.07858546117494787,630.99,890957.5
2023-10-01,2023,10,Post-Monsoon,Post-Monsoon,0,Kasaragod,Oil Sardine,Sardinella longiceps,2.3,Prey (Small Pelagic),890957.5,1412,18546,630.99,29.22,267.5,4.4,1.04,1.36,1.55,1.121,630.99,162.15,0.2582,-103.58,1.084,-0.8660254037844386,0.5000000000000001,1870.54,2713.74,4060.19,646.0,2881.49,1104.4214899665828,1903.34,-0.3107151005228389,0.4214285714285708,-35.05714285714288,28.66,7.82,4.6,1647.0,-0.14268366640750657,460.06,719988.0
2023-11-01,2023,11,Post-Monsoon,Post-Monsoon,0,Kasaragod,Oil Sardine,Sardinella longiceps,2.3,Prey (Small Pelagic),719988.0,1565,19333,460.06,29.29,139.2,3.7,1.47,1.01,0.91,1.242,460.06,168.26,0.3671,-74.706,0.778,-0.5000000000000004,0.8660254037844384,630.99,1870.54,2713.74,736.77,1738.4233333333332,1047.6416376000604,1992.6416666666667,-0.6626695998873608,0.27428571428571047,-28.957142857142856,29.22,1.36,1.55,1412.0,0.10835693974251459,755.22,1229494.3
2023-12-01,2023,12,Winter / Post-Monsoon,Northeast/Dry,0,Kasaragod,Oil Sardine,Sardinella longiceps,2.3,Prey (Small Pelagic),1229494.3,1628,18184,755.22,28.79,35.8,4.1,1.28,1.32,1.23,1.292,755.22,183.66,0.2442,-151.506,1.177,-2.4492935982947064e-16,1.0,460.06,630.99,1870.54,622.38,987.1966666666666,769.7570068751139,2040.8349999999998,-0.2708917689520948,0.29142857142856826,0.4214285714285708,29.29,1.01,0.91,1565.0,0.040255590797088875,590.7,679309.3
2024-01-01,2024,1,Winter / Post-Monsoon,Northeast/Dry,0,Kasaragod,Oil Sardine,Sardinella longiceps,2.3,Prey (Small Pelagic),679309.3,1150,12349,590.7,28.07,8.9,3.0,1.0,0.37,0.51,0.913,590.7,98.94,0.1689,-66.187,0.969,0.49999999999999994,0.8660254037844387,755.22,460.06,630.99,592.06,615.4233333333332,148.1944574986966,1748.456666666667,0.6415684771210609,-0.20642857142857096,0.44285714285714306,28.79,1.32,1.23,1628.0,-0.2936117918082814,712.5,996793.0
2024-02-01,2024,2,Winter / Post-Monsoon,Northeast/Dry,0,Kasaragod,Oil Sardine,Sardinella longiceps,2.3,Prey (Small Pelagic),996793.0,1399,19343,712.5,28.2,10.9,4.1,1.59,1.24,1.06,1.11,712.5,158.97,0.2242,-124.531,1.175,0.8660254037844386,0.5000000000000001,590.7,755.22,460.06,638.84,601.9933333333332,147.9037218373255,1170.2083333333333,-0.21784380421805824,-0.45142857142857196,0.24285714285714377,28.07,0.37,0.51,1150.0,0.21652173724763707,343.41,533657.6
2024-03-01,2024,3,Pre-Monsoon / Summer,Pre-Monsoon,0,Kasaragod,Oil Sardine,Sardinella longiceps,2.3,Prey (Small Pelagic),533657.6,1554,19966,343.41,29.67,29.2,3.5,0.63,1.03,0.77,1.233,343.41,159.13,0.4649,-49.207,0.551,1.0,6.123233995736766e-17,712.5,590.7,755.22,451.11,686.1399999999999,85.36887489009025,836.6683333333334,0.20619603510756662,0.134285714285717,4.464285714285712,28.2,1.24,1.06,1399.0,0.11079342308224858,261.68,381271.2
2024-04-01,2024,4,Pre-Monsoon / Summer,Pre-Monsoon,0,Kasaragod,Oil Sardine,Sardinella longiceps,2.3,Prey (Small Pelagic),381271.2,1457,17889,261.68,30.3,106.9,4.1,1.86,1.27,0.87,1.156,261.68,113.54,0.436,-23.262,0.433,0.8660254037844387,-0.4999999999999998,343.41,712.5,590.7,95.18,548.8699999999999,188.06692611939891,582.1466666666666,-0.5180210453611082,-0.001428571428572667,17.492857142857147,29.67,1.03,0.77,1554.0,-0.06241956201789214,188.01,278254.6
2024-05-01,2024,5,Pre-Monsoon / Summer,Pre-Monsoon,0,Kasaragod,Oil Sardine,Sardinella longiceps,2.3,Prey (Small Pelagic),278254.6,1480,19007,188.01,30.43,238.3,5.3,1.45,1.36,1.18,1.175,188.01,111.5,0.5952,-14.734,0.33,0.49999999999999994,-0.8660254037844387,261.68,343.41,712.5,170.9,439.19666666666654,240.18947152890036,520.595,-0.23799539215528406,0.3000000000000007,-22.757142857142867,30.3,1.27,0.87,1457.0,0.015785861250611797,3100.69,728662.0
2024-06-01,2024,6,Southwest Monsoon,Southwest Monsoon,1,Kasaragod,Oil Sardine,Sardinella longiceps,2.3,Prey (Small Pelagic),728662.0,235,2709,3100.69,28.07,555.8,7.7,3.7,11.28,6.5,0.187,3100.69,349.17,0.1129,-1307.144,4.669,1.2246467991473532e-16,-1.0,188.01,261.68,343.41,2509.49,264.3666666666665,77.73482895930182,475.25333333333333,-0.28152704518774674,-0.5207142857142841,-113.92142857142869,30.43,1.36,1.18,1480.0,-0.8412162105323229,3140.08,1168108.7
2024-07-01,2024,7,Southwest Monsoon,Southwest Monsoon,1,Kasaragod,Oil Sardine,Sardinella longiceps,2.3,Prey (Small Pelagic),1168108.7,372,4393,3140.08,28.14,586.5,8.3,3.26,12.54,7.02,0.295,3140.08,419.27,0.1338,-1528.553,5.145,-0.4999999999999997,-0.8660254037844388,3100.69,188.01,261.68,4060.19,1183.4599999999998,1660.7784234809897,866.165,15.492153848616892,0.4557142857142864,-21.449999999999932,28.07,11.28,6.5,235.0,0.5829786985966511,2258.19,3570190.7
2024-08-01,2024,8,Southwest Monsoon,Southwest Monsoon,0,Kasaragod,Oil Sardine,Sardinella longiceps,2.3,Prey (Small Pelagic),3570190.7,1581,15349,2258.19,27.59,528.2,7.3,3.14,11.14,6.56,1.255,2258.19,296.27,0.1316,-756.154,4.338,-0.8660254037844385,-0.5000000000000004,3140.08,3100.69,188.01,2713.74,2142.9266666666667,1693.122049125029,1291.0616666666667,0.012703623991099927,0.2128571428571462,111.18571428571437,28.14,12.54,7.02,372.0,3.249999912634411,1752.95,3143036.5
2024-09-01,2024,9,Southwest Monsoon,Southwest Monsoon,0,Kasaragod,Oil Sardine,Sardinella longiceps,2.3,Prey (Small Pelagic),3143036.5,1793,24489,1752.95,28.01,235.8,5.2,1.94,8.04,4.47,1.423,1752.95,317.0,0.1813,-622.296,3.042,-1.0,-1.8369701987210297e-16,2258.19,3140.08,3100.69,1870.54,2832.986666666666,498.17797927381207,1548.676666666667,-0.2808495316015848,-0.012857142857139792,-14.178571428571416,27.59,11.14,6.56,1581.0,0.13409234576791684,710.29,943975.9
2024-10-01,2024,10,Post-Monsoon,Post-Monsoon,0,Kasaragod,Oil Sardine,Sardinella longiceps,2.3,Prey (Small Pelagic),943975.9,1329,19004,710.29,28.65,356.4,4.4,1.23,1.23,1.57,1.055,710.29,163.6,0.2314,-122.088,1.147,-0.8660254037844386,0.5000000000000001,1752.95,2258.19,3140.08,630.99,2383.74,702.035975645126,1783.6000000000001,-0.22373670849779376,-0.14857142857142946,53.8428571428571,28.01,8.04,4.47,1793.0,-0.2587841591813488,575.03,790091.0
2024-11-01,2024,11,Post-Monsoon,Post-Monsoon,0,Kasaragod,Oil Sardine,Sardinella longiceps,2.3,Prey (Small Pelagic),790091.0,1374,15613,575.03,29.19,160.4,4.1,1.38,1.39,1.31,1.09,575.03,158.36,0.2767,-91.08,0.968,-0.5000000000000004,0.8660254037844384,710.29,1752.95,2258.19,460.06,1573.8099999999997,789.3459046577751,1858.3683333333336,-0.5948030429002366,0.1742857142857126,-7.7571428571428385,28.65,1.23,1.57,1329.0,0.0338600448919485,726.93,1202349.6
2024-12-01,2024,12,Winter / Post-Monsoon,Northeast/Dry,0,Kasaragod,Oil Sardine,Sardinella longiceps,2.3,Prey (Small Pelagic),1202349.6,1654,17253,726.93,28.88,38.5,3.2,0.63,1.38,1.12,1.313,726.93,165.76,0.2291,-132.247,1.125,-2.4492935982947064e-16,1.0,575.03,710.29,1752.95,755.22,1012.7566666666665,644.583931643764,1922.8716666666667,-0.1904292586066359,0.3814285714285681,3.1214285714285737,29.19,1.39,1.31,1374.0,0.20378456911364942,550.64,943804.8
2025-01-01,2025,1,Winter / Post-Monsoon,Northeast/Dry,0,Kasaragod,Oil Sardine,Sardinella longiceps,2.3,Prey (Small Pelagic),943804.8,1714,19093,550.64,28.27,8.2,3.3,1.34,1.16,0.74,1.36,550.64,123.45,0.2256,-70.846,0.945,0.49999999999999994,0.8660254037844387,726.93,575.03,710.29,590.7,670.7499999999999,83.31243124527019,1527.245,0.26416012618193613,-0.006428571428571672,-0.257142857142858,28.88,1.38,1.12,1654.0,0.0362756950648386,469.37,807317.8
2025-02-01,2025,2,Winter / Post-Monsoon,Northeast/Dry,0,Kasaragod,Oil Sardine,Sardinella longiceps,2.3,Prey (Small Pelagic),807317.8,1720,24132,469.37,29.05,11.8,3.5,1.3,1.05,0.93,1.365,469.37,162.14,0.3468,-73.657,0.829,0.8660254037844386,0.5000000000000001,550.64,726.93,575.03,712.5,617.5333333333332,95.5219400626421,1095.6716666666666,-0.24251303093127216,0.39857142857142946,1.1428571428571441,28.27,1.16,0.74,1714.0,0.0035005834101482884,354.45,572795.7
2025-03-01,2025,3,Pre-Monsoon / Summer,Pre-Monsoon,0,Kasaragod,Oil Sardine,Sardinella longiceps,2.3,Prey (Small Pelagic),572795.7,1616,18820,354.45,29.46,20.8,4.2,0.97,1.05,0.73,1.283,354.45,148.18,0.4197,-47.431,0.623,1.0,6.123233995736766e-17,469.37,550.64,726.93,343.41,582.3133333333332,131.66885901127435,797.535,-0.14759189038951234,-0.07571428571428385,-3.935714285714287,29.05,1.05,0.93,1720.0,-0.060465115927528394,255.24,445640.8
2025-04-01,2025,4,Pre-Monsoon / Summer,Pre-Monsoon,0,Kasaragod,Oil Sardine,Sardinella longiceps,2.3,Prey (Small Pelagic),445640.8,1746,23277,255.24,29.88,87.4,3.2,1.37,0.0,0.54,1.386,255.24,114.24,0.4497,-23.298,0.451,0.8660254037844387,-0.4999999999999998,354.45,469.37,550.64,261.68,458.1533333333332,98.57479004963858,564.4516666666667,-0.24483882129580462,-0.4214285714285744,-2.0071428571428527,29.46,1.05,0.73,1616.0,0.08044554405664886,486.3,639000.3
2025-05-01,2025,5,Pre-Monsoon / Summer,Pre-Monsoon,0,Kasaragod,Oil Sardine,Sardinella longiceps,2.3,Prey (Small Pelagic),639000.3,1314,15816,486.3,29.7,258.8,5.7,2.3,1.8,1.59,1.043,486.3,121.33,0.251,-54.009,0.748,0.49999999999999994,-0.8660254037844387,255.24,354.45,469.37,188.01,359.6866666666665,107.16100612316924,488.61000000000007,-0.27989842629712436,-0.4299999999999997,-2.257142857142867,29.88,0.0,0.54,1746.0,-0.24742267899528822,2610.83,911179.7
2025-06-01,2025,6,Southwest Monsoon,Southwest Monsoon,1,Kasaragod,Oil Sardine,Sardinella longiceps,2.3,Prey (Small Pelagic),911179.7,349,5055,2610.83,28.49,572.2,8.5,3.26,12.44,7.31,0.277,2610.83,432.21,0.1659,-1245.816,4.709,1.2246467991473532e-16,-1.0,486.3,255.24,354.45,3100.69,365.32999999999987,115.91359583757465,473.82166666666666,0.9052655968787965,-0.10071428571428598,-97.5214285714286,29.7,1.8,1.59,1314.0,-0.734398776754956,2677.03,971763.5
2025-07-01,2025,7,Southwest Monsoon,Southwest Monsoon,1,Kasaragod,Oil Sardine,Sardinella longiceps,2.3,Prey (Small Pelagic),971763.5,363,4748,2677.03,27.83,707.7,7.6,3.22,11.18,6.95,0.288,2677.03,335.08,0.1255,-1033.262,4.196,-0.4999999999999997,-0.8660254037844388,2610.83,486.3,255.24,3140.08,1117.4566666666665,1298.4491193086205,787.805,4.368764047526957,0.14571428571428413,99.75000000000011,28.49,12.44,7.31,349.0,0.04011461203109994,1923.21,2971361.3
2025-08-01,2025,8,Southwest Monsoon,Southwest Monsoon,0,Kasaragod,Oil Sardine,Sardinella longiceps,2.3,Prey (Small Pelagic),2971361.3,1545,20358,1923.21,27.35,339.2,6.5,2.71,10.01,5.62,1.226,1923.21,229.74,0.1199,-506.586,3.157,-0.8660254037844385,-0.5000000000000004,2677.03,2610.83,486.3,2258.19,1924.72,1246.1479375660028,1142.2033333333331,0.025355921199940654,-0.02714285714285225,-77.81428571428569,27.83,11.18,6.95,363.0,3.256198257405007,1656.23,2534026.4
2025-09-01,2025,9,Southwest Monsoon,Southwest Monsoon,0,Kasaragod,Oil Sardine,Sardinella longiceps,2.3,Prey (Small Pelagic),2534026.4,1530,17531,1656.23,28.46,276.5,5.3,2.21,8.2,4.81,1.214,1656.23,260.83,0.158,-480.894,3.007,-1.0,-1.8369701987210297e-16,1923.21,2677.03,2610.83,1752.95,2403.69,417.42230750165317,1384.51,-0.2815881768915994,0.4371428571428595,26.521428571428572,27.35,10.01,5.62,1545.0,-0.009708737801237943,646.86,1154653.6
2025-10-01,2025,10,Post-Monsoon,Post-Monsoon,0,Kasaragod,Oil Sardine,Sardinella longiceps,2.3,Prey (Small Pelagic),1154653.6,1785,20496,646.86,28.44,287.7,3.2,0.99,0.82,1.27,1.417,646.86,158.87,0.2468,-107.171,1.039,-0.8660254037844386,0.5000000000000001,1656.23,1923.21,2677.03,710.29,2085.49,529.3951820710154,1601.4733333333334,-0.13881999293462496,-0.35857142857142676,-14.85714285714289,28.46,8.2,4.81,1530.0,0.16666666557734205,498.04,518955.1
2025-11-01,2025,11,Post-Monsoon,Post-Monsoon,0,Kasaragod,Oil Sardine,Sardinella longiceps,2.3,Prey (Small Pelagic),518955.1,1042,12618,498.04,28.76,178.7,3.9,1.21,0.9,1.11,0.827,498.04,154.75,0.3121,-74.801,0.838,-0.5000000000000004,0.8660254037844384,646.86,1656.23,1923.21,575.03,1408.7666666666664,673.1982669565738,1666.7433333333336,-0.6094382989715299,-0.2557142857142871,10.542857142857144,28.44,0.82,1.27,1785.0,-0.41624649626752663,512.28,951309.3
2012-04-01,2012,4,Pre-Monsoon / Summer,Pre-Monsoon,0,Kollam,Oil Sardine,Sardinella longiceps,2.3,Prey (Small Pelagic),2093467.0,3273,43122,639.62,30.52,77.2,5.0,1.47,1.52,0.98,1.347,639.62,373.11,0.584,-245.215,0.593,0.8660254037844387,-0.4999999999999998,1852.5,2055.31,2074.43,1994.08,1994.08,122.98400668379601,1994.08,-0.09867611163923633,0.2185714285714262,-12.207142857142856,29.29,1.05,0.79,3436.0,-0.047438882283355986,946.42,2768280.0
2012-05-01,2012,5,Pre-Monsoon / Summer,Pre-Monsoon,0,Kollam,Oil Sardine,Sardinella longiceps,2.3,Prey (Small Pelagic),2768280.0,2925,40453,946.42,30.32,246.6,6.3,1.7,1.64,1.33,1.204,946.42,422.48,0.447,-430.096,0.866,0.49999999999999994,-0.8660254037844387,639.62,1852.5,2055.31,1515.8100000000002,1515.8100000000002,765.5486013964103,1655.465,-0.654726042349657,0.19000000000000128,-14.457142857142884,30.52,1.52,0.98,3273.0,-0.10632447263573334,8290.71,6168288.5
2012-06-01,2012,6,Southwest Monsoon,Southwest Monsoon,1,Kollam,Oil Sardine,Sardinella longiceps,2.3,Prey (Small Pelagic),6168288.5,744,10003,8290.71,28.42,588.9,6.7,3.61,9.75,5.97,0.306,8290.71,1593.66,0.1923,-15671.611,7.852,1.2246467991473532e-16,-1.0,946.42,639.62,1852.5,1146.18,1146.18,630.6326322035674,1513.656,0.4796597905059286,-0.1707142857142827,-80.82142857142867,30.32,1.64,1.33,2925.0,-0.7456410230918256,10142.35,6227405.5
2012-07-01,2012,7,Southwest Monsoon,Southwest Monsoon,1,Kollam,Oil Sardine,Sardinella longiceps,2.3,Prey (Small Pelagic),6227405.5,614,8253,10142.35,27.6,763.4,8.4,3.55,12.85,7.49,0.253,10142.35,1290.04,0.1273,-16254.253,9.586,-0.4999999999999997,-0.8660254037844388,8290.71,946.42,639.62,3292.25,3292.25,4331.510514670372,2643.1649999999995,7.760074726230693,-0.08428571428571274,155.45000000000005,28.42,9.75,5.97,744.0,-0.17473118044716157,4826.31,13475061.0
2012-08-01,2012,8,Southwest Monsoon,Southwest Monsoon,0,Kollam,Oil Sardine,Sardinella longiceps,2.3,Prey (Small Pelagic),13475061.0,2792,35636,4826.31,26.74,289.1,6.5,2.51,9.81,5.42,1.149,4826.31,636.3,0.132,-3867.074,4.374,-0.8660254037844385,-0.5000000000000004,10142.35,8290.71,946.42,6459.826666666667,6459.826666666667,4863.67993153675,3987.8183333333327,0.22333913473835296,-0.6371428571428552,-127.91428571428565,27.6,12.85,7.49,614.0,3.547231212585811,6578.54,21893387.5
2012-09-01,2012,9,Southwest Monsoon,Southwest Monsoon,0,Kollam,Oil Sardine,Sardinella longiceps,2.3,Prey (Small Pelagic),21893387.5,3328,45746,6578.54,27.84,330.7,5.8,1.86,8.89,5.16,1.37,6578.54,1101.44,0.1676,-8905.781,6.683,-1.0,-1.8369701987210297e-16,4826.31,10142.35,8290.71,7753.123333333334,7753.123333333334,2698.484739355278,4449.651666666667,-0.5241428263428665,-0.1828571428571415,80.72142857142856,26.74,9.81,5.42,2792.0,0.19197707667629985,2863.21,9067798.2
2012-10-01,2012,10,Post-Monsoon,Post-Monsoon,0,Kollam,Oil Sardine,Sardinella longiceps,2.3,Prey (Small Pelagic),9067798.2,3167,42713,2863.21,28.49,328.5,3.6,1.19,1.08,1.61,1.303,2863.21,670.24,0.2344,-2442.741,2.347,-0.8660254037844386,0.5000000000000001,6578.54,4826.31,10142.35,7182.4000000000015,7182.4000000000015,2708.976835467589,5237.325,0.3630579047697766,-0.3085714285714296,25.94285714285712,27.84,8.89,5.16,3328.0,-0.04837740370078905,1752.2,5188277.6
2012-11-01,2012,11,Post-Monsoon,Post-Monsoon,0,Kollam,Oil Sardine,Sardinella longiceps,2.3,Prey (Small Pelagic),5188277.6,2961,29202,1752.2,29.06,191.9,3.8,1.38,1.11,1.43,1.219,1752.2,627.19,0.3583,-1271.246,1.915,-0.5000000000000004,0.8660254037844384,2863.21,6578.54,4826.31,4756.02,4756.02,1858.6620901336537,5607.923333333333,-0.5647651293983693,0.04428571428571004,23.74285714285716,28.49,1.08,1.61,3167.0,-0.06504578444886079,2071.19,6118299.8
2012-12-01,2012,12,Winter / Post-Monsoon,Northeast/Dry,0,Kollam,Oil Sardine,Sardinella longiceps,2.3,Prey (Small Pelagic),6118299.8,2954,31549,2071.19,28.23,36.7,3.8,0.69,1.12,0.96,1.216,2071.19,553.59,0.2676,-1449.264,2.192,-2.4492935982947064e-16,1.0,1752.2,2863.21,6578.54,3731.316666666667,3731.316666666667,2527.567276539507,5742.22,-0.3880295179605075,-0.26857142857143046,1.3214285714285765,29.06,1.11,1.43,2961.0,-0.002364066185869415,2545.46,6241472.9
2013-01-01,2013,1,Winter / Post-Monsoon,Northeast/Dry,0,Kollam,Oil Sardine,Sardinella longiceps,2.3,Prey (Small Pelagic),6241472.9,2452,28183,2545.46,28.6,7.0,3.3,0.56,0.8,0.64,1.009,2545.46,595.03,0.2341,-2054.869,1.876,0.49999999999999994,0.8660254037844387,2071.19,1752.2,2863.21,2074.43,2228.8666666666672,572.0421780195459,4705.633333333334,0.18205113467611497,0.3235714285714302,-1.4571428571428573,28.23,1.12,0.96,2954.0,-0.16993906509837825,2238.88,7912197.8
2013-02-01,2013,2,Winter / Post-Monsoon,Northeast/Dry,0,Kollam,Oil Sardine,Sardinella longiceps,2.3,Prey (Small Pelagic),7912197.8,3534,41793,2238.88,28.47,9.1,3.9,0.72,0.96,0.79,1.454,2238.88,510.92,0.2285,-1527.913,1.957,0.8660254037844386,0.5000000000000001,2545.46,2071.19,1752.2,2055.31,2122.9500000000007,399.15495750399106,3439.4850000000006,0.22898430260389288,-0.18142857142857238,-1.557142857142857,28.6,0.8,0.64,2452.0,0.4412724288691989,1292.87,3701479.7
2013-03-01,2013,3,Pre-Monsoon / Summer,Pre-Monsoon,0,Kollam,Oil Sardine,Sardinella longiceps,2.3,Prey (Small Pelagic),3701479.7,2863,37700,1292.87,29.4,25.6,3.6,1.1,1.21,1.11,1.178,1292.87,560.39,0.4339,-812.378,1.437,1.0,6.123233995736766e-17,2238.88,2545.46,2071.19,1852.5,2285.1766666666676,240.500611710959,3008.2466666666674,-0.12044188429422621,-0.13571428571428612,0.8642857142857139,28.47,0.96,0.79,3534.0,-0.18986983534275653,831.45,2520123.5
2013-04-01,2013,4,Pre-Monsoon / Summer,Pre-Monsoon,0,Kollam,Oil Sardine,Sardinella longiceps,2.3,Prey (Small Pelagic),2520123.5,3031,43717,831.45,30.12,87.7,3.8,0.96,1.41,1.05,1.247,831.45,453.78,0.5463,-399.733,0.738,0.8660254037844387,-0.4999999999999998,1292.87,2238.88,2545.46,639.62,2025.7366666666674,652.9303082514604,2127.3016666666667,-0.42253715955059157,-0.18142857142857238,-1.7071428571428555,29.4,1.21,1.11,2863.0,0.05867970639650818,1177.28,3563614.9
2013-05-01,2013,5,Pre-Monsoon / Summer,Pre-Monsoon,0,Kollam,Oil Sardine,Sardinella longiceps,2.3,Prey (Small Pelagic),3563614.9,3027,42993,1177.28,29.84,306.7,5.8,2.05,1.67,1.57,1.246,1177.28,517.99,0.4405,-664.685,1.189,0.49999999999999994,-0.8660254037844387,831.45,1292.87,2238.88,946.42,1454.4000000000005,717.4843251946462,1788.6750000000002,-0.35689589551234147,-0.28999999999999915,45.64285714285711,30.12,1.41,1.05,3031.0,-0.0013196964654579463,11351.35,7730270.1
2013-06-01,2013,6,Southwest Monsoon,Southwest Monsoon,1,Kollam,Oil Sardine,Sardinella longiceps,2.3,Prey (Small Pelagic),7730270.1,681,8436,11351.35,28.52,614.9,8.1,3.48,12.14,7.09,0.28,11351.35,1689.01,0.1489,-23393.869,9.131,1.2246467991473532e-16,-1.0,1177.28,831.45,1292.87,8290.71,1100.533333333334,240.09298663924366,1692.8550000000002,0.41593601039225425,-0.07071428571428484,-54.82142857142867,29.84,1.67,1.57,3027.0,-0.7750247744465649,10992.07,7342704.1
2013-07-01,2013,7,Southwest Monsoon,Southwest Monsoon,1,Kollam,Oil Sardine,Sardinella longiceps,2.3,Prey (Small Pelagic),7342704.1,668,9387,10992.07,27.7,587.9,8.5,4.07,12.71,7.2,0.275,10992.07,1417.81,0.1291,-19477.181,9.228,-0.4999999999999997,-0.8660254037844388,11351.35,1177.28,831.45,10142.35,4453.360000000001,5976.336597557069,3239.5483333333336,8.642013721102765,0.015714285714285126,-20.049999999999955,28.52,12.14,7.09,681.0,-0.019089573875336656,8487.2,19036799.0
2013-08-01,2013,8,Southwest Monsoon,Southwest Monsoon,0,Kollam,Oil Sardine,Sardinella longiceps,2.3,Prey (Small Pelagic),19036799.0,2243,22665,8487.2,27.67,394.9,6.8,2.46,9.64,5.61,0.923,8487.2,1084.26,0.1279,-11915.278,6.665,-0.8660254037844385,-0.5000000000000004,10992.07,11351.35,1177.28,4826.31,7840.233333333334,5773.082441056365,4647.316666666667,-0.03165086088293393,0.29285714285714803,-22.1142857142857,27.7,12.71,7.2,668.0,2.357784395841551,6369.54,17057620.0
2013-09-01,2013,9,Southwest Monsoon,Southwest Monsoon,0,Kollam,Oil Sardine,Sardinella longiceps,2.3,Prey (Small Pelagic),17057620.0,2678,38381,6369.54,28.29,274.4,5.3,2.11,7.48,4.2,1.102,6369.54,1012.54,0.1591,-8244.012,5.294,-1.0,-1.8369701987210297e-16,8487.2,10992.07,11351.35,6578.54,10276.873333333335,1560.2783436404238,5688.703333333334,-0.22787973491082222,0.2671428571428578,24.42142857142855,27.67,9.64,5.61,2243.0,0.19393669106581946,2079.12,5634417.2
2013-10-01,2013,10,Post-Monsoon,Post-Monsoon,0,Kollam,Oil Sardine,Sardinella longiceps,2.3,Prey (Small Pelagic),5634417.2,2710,36632,2079.12,28.79,218.6,3.3,1.35,0.83,1.22,1.115,2079.12,578.8,0.2787,-1483.568,1.854,-0.8660254037844386,0.5000000000000001,6369.54,8487.2,10992.07,2863.21,8616.270000000002,2313.9663348674667,6534.815,-0.2495122063230369,-0.008571428571428896,-83.95714285714288,28.29,7.48,4.2,2678.0,0.011949215788091053,2343.54,6358015.2
2013-11-01,2013,11,Post-Monsoon,Post-Monsoon,0,Kollam,Oil Sardine,Sardinella longiceps,2.3,Prey (Small Pelagic),6358015.2,2713,28475,2343.54,28.98,167.2,4.0,0.92,1.51,1.41,1.116,2343.54,596.49,0.2548,-1747.743,1.969,-0.5000000000000004,0.8660254037844384,2079.12,6369.54,8487.2,1752.2,5645.286666666667,3264.8552019551057,6742.759999999999,-0.6735839626196178,-0.03571428571428825,-0.9571428571428555,28.79,0.83,1.22,2710.0,0.0011070110660257894,2559.37,9157418.5
2013-12-01,2013,12,Winter / Post-Monsoon,Northeast/Dry,0,Kollam,Oil Sardine,Sardinella longiceps,2.3,Prey (Small Pelagic),9157418.5,3578,38415,2559.37,28.38,33.9,3.3,1.21,1.1,0.97,1.472,2559.37,589.54,0.2306,-1999.621,2.029,-2.4492935982947064e-16,1.0,2343.54,2079.12,6369.54,2071.19,3597.4,2404.3813380576676,6937.136666666666,0.12717880580640464,-0.11857142857143188,-1.4785714285714278,28.98,1.51,1.41,2713.0,0.3188352365689818,2108.12,6423440.7
2014-01-01,2014,1,Winter / Post-Monsoon,Northeast/Dry,0,Kollam,Oil Sardine,Sardinella longiceps,2.3,Prey (Small Pelagic),6423440.7,3047,37241,2108.12,27.93,6.7,4.1,0.81,1.43,1.1,1.254,2108.12,479.02,0.2276,-1310.905,1.782,0.49999999999999994,0.8660254037844387,2559.37,2343.54,2079.12,2545.46,2327.3433333333337,240.53433150657068,5471.806666666666,0.09209571805006218,-0.34642857142857153,-1.7571428571428571,28.38,1.1,0.97,3578.0,-0.1484069308317302,2013.66,6584653.6
2014-02-01,2014,2,Winter / Post-Monsoon,Northeast/Dry,0,Kollam,Oil Sardine,Sardinella longiceps,2.3,Prey (Small Pelagic),6584653.6,3270,37976,2013.66,28.56,14.5,4.2,0.7,1.42,1.22,1.346,2013.66,455.96,0.2268,-1177.788,1.946,0.8660254037844386,0.5000000000000001,2108.12,2559.37,2343.54,2238.88,2337.0100000000007,225.69586017465957,3991.148333333333,-0.17631292006895086,-0.09142857142857252,3.8428571428571434,27.93,1.43,1.1,3047.0,0.07318674081658437,1622.29,4819829.4
2014-03-01,2014,3,Pre-Monsoon / Summer,Pre-Monsoon,0,Kollam,Oil Sardine,Sardinella longiceps,2.3,Prey (Small Pelagic),4819829.4,2971,35519,1622.29,29.3,19.8,3.7,1.28,1.04,1.05,1.223,1622.29,483.77,0.2986,-947.388,1.281,1.0,6.123233995736766e-17,2013.66,2108.12,2559.37,1292.87,2227.0500000000006,291.6472350288607,2912.225,-0.04480769574403869,-0.235714285714284,-4.935714285714287,28.56,1.42,1.22,3270.0,-0.09143730858887672,908.76,2682661.9
2014-04-01,2014,4,Pre-Monsoon / Summer,Pre-Monsoon,0,Kollam,Oil Sardine,Sardinella longiceps,2.3,Prey (Small Pelagic),2682661.9,2952,32968,908.76,30.0,79.0,3.3,1.27,1.04,0.61,1.215,908.76,407.16,0.4486,-410.36,0.816,0.8660254037844387,-0.4999999999999998,1622.29,2013.66,2108.12,831.45,1914.6900000000005,257.59268797848233,2121.0166666666664,-0.1943575370501598,-0.3014285714285734,-10.407142857142858,29.3,1.04,1.05,2971.0,-0.006395153125563267,785.24,2314114.5
2014-05-01,2014,5,Pre-Monsoon / Summer,Pre-Monsoon,0,Kollam,Oil Sardine,Sardinella longiceps,2.3,Prey (Small Pelagic),2314114.5,2947,31821,785.24,30.14,259.9,4.6,1.68,1.56,1.33,1.213,785.24,390.33,0.4977,-320.642,0.791,0.49999999999999994,-0.8660254037844387,908.76,1622.29,2013.66,1177.28,1514.9033333333339,560.2231025522898,1925.9566666666667,-0.43982888115054103,0.010000000000001563,-1.157142857142901,30.0,1.04,0.61,2952.0,-0.0016937669319316837,8790.59,5309518.2
2014-06-01,2014,6,Southwest Monsoon,Southwest Monsoon,1,Kollam,Oil Sardine,Sardinella longiceps,2.3,Prey (Small Pelagic),5309518.2,604,8297,8790.59,28.69,480.4,8.4,3.2,12.56,7.11,0.249,8790.59,1431.91,0.163,-15014.068,7.858,1.2246467991473532e-16,-1.0,785.24,908.76,1622.29,11351.35,1105.4300000000005,451.854503463206,1666.24,-0.13592147392137116,0.09928571428571686,-189.32142857142867,30.14,1.56,1.33,2947.0,-0.7950458065997766,8275.6,4460546.7
2014-07-01,2014,7,Southwest Monsoon,Southwest Monsoon,1,Kollam,Oil Sardine,Sardinella longiceps,2.3,Prey (Small Pelagic),4460546.7,539,7398,8275.6,27.65,509.6,7.9,3.39,11.67,6.62,0.222,8275.6,1038.46,0.1256,-10849.755,7.018,-0.4999999999999997,-0.8660254037844388,8790.59,785.24,908.76,10992.07,3494.863333333334,4586.649648014693,2704.7766666666666,10.194781083556862,-0.034285714285715585,-98.34999999999991,28.69,12.56,7.11,604.0,-0.10761589225801503,6397.22,18590333.0
2014-08-01,2014,8,Southwest Monsoon,Southwest Monsoon,0,Kollam,Oil Sardine,Sardinella longiceps,2.3,Prey (Small Pelagic),18590333.0,2906,37224,6397.22,27.15,482.4,7.6,2.53,11.02,6.31,1.196,6397.22,816.24,0.1277,-6550.212,5.286,-0.8660254037844385,-0.5000000000000004,8275.6,8790.59,785.24,8487.2,5950.4766666666665,4480.631210223992,3732.69,-0.05858423603127406,-0.2271428571428551,65.3857142857143,27.65,11.67,6.62,539.0,4.391465595705648,6314.58,18861641.8
2014-09-01,2014,9,Southwest Monsoon,Southwest Monsoon,0,Kollam,Oil Sardine,Sardinella longiceps,2.3,Prey (Small Pelagic),18861641.8,2987,36772,6314.58,27.89,281.5,6.0,1.88,8.88,5.07,1.229,6314.58,881.18,0.1397,-7101.43,5.488,-1.0,-1.8369701987210297e-16,6397.22,8275.6,8790.59,6369.54,7821.136666666668,1259.7450854174053,4463.283333333334,-0.2269781040323625,-0.1328571428571408,31.521428571428572,27.15,11.02,6.31,2906.0,0.02787336535487486,2136.93,6280446.9
2014-10-01,2014,10,Post-Monsoon,Post-Monsoon,0,Kollam,Oil Sardine,Sardinella longiceps,2.3,Prey (Small Pelagic),6280446.9,2939,36566,2136.93,28.72,355.1,3.9,1.19,1.1,1.49,1.209,2136.93,471.05,0.2208,-1281.141,1.832,-0.8660254037844386,0.5000000000000001,6314.58,6397.22,8275.6,2079.12,6995.8,1109.1092698196935,5245.331666666667,-0.012918111284404666,-0.07857142857142918,52.542857142857144,27.89,8.88,5.07,2987.0,-0.01606963503157136,1762.01,4776798.1
2014-11-01,2014,11,Post-Monsoon,Post-Monsoon,0,Kollam,Oil Sardine,Sardinella longiceps,2.3,Prey (Small Pelagic),4776798.1,2711,28821,1762.01,28.96,190.7,3.2,1.03,0.73,1.19,1.116,1762.01,543.47,0.3088,-1147.364,1.463,-0.5000000000000004,0.8660254037844384,2136.93,6314.58,6397.22,2343.54,4949.576666666667,2436.1739051293744,5450.026666666668,-0.6615879430435786,-0.055714285714287826,22.542857142857144,28.72,1.1,1.49,2939.0,-0.07757740701742971,1909.81,4910118.9
2014-12-01,2014,12,Winter / Post-Monsoon,Northeast/Dry,0,Kollam,Oil Sardine,Sardinella longiceps,2.3,Prey (Small Pelagic),4910118.9,2571,24754,1909.81,28.65,30.7,3.1,1.4,1.27,0.95,1.058,1909.81,509.01,0.2669,-1222.892,1.747,-2.4492935982947064e-16,1.0,1762.01,2136.93,6314.58,2559.37,3404.5066666666676,2527.1597408223533,5612.821666666667,-0.17544795489113835,0.1514285714285677,-4.678571428571427,28.96,0.73,1.19,2711.0,-0.051641460525114494,774.54,2535083.7
2015-01-01,2015,1,Winter / Post-Monsoon,Northeast/Dry,0,Kollam,Oil Sardine,Sardinella longiceps,2.3,Prey (Small Pelagic),2535083.7,3273,46491,774.54,29.02,8.2,3.0,0.9,0.88,0.8,1.347,774.54,293.06,0.3792,-247.462,0.856,0.49999999999999994,0.8660254037844387,1909.81,1762.01,2136.93,2108.12,1936.2500000000007,188.85326790916594,4466.025000000001,0.08388147579252399,0.7435714285714283,-0.257142857142858,28.65,1.27,0.95,2571.0,0.27304550652257675,664.77,1933140.7
2015-02-01,2015,2,Winter / Post-Monsoon,Northeast/Dry,0,Kollam,Oil Sardine,Sardinella longiceps,2.3,Prey (Small Pelagic),1933140.7,2908,32714,664.77,29.64,7.2,3.4,1.03,1.17,0.81,1.197,664.77,228.42,0.3446,-162.104,0.563,0.8660254037844386,0.5000000000000001,774.54,1909.81,1762.01,2013.66,1482.1200000000006,617.2222470876851,3215.8483333333334,-0.5944413287476695,0.9885714285714293,-3.4571428571428564,29.02,0.88,0.8,3273.0,-0.11151848423000768,573.15,1847824.7
2015-03-01,2015,3,Pre-Monsoon / Summer,Pre-Monsoon,0,Kollam,Oil Sardine,Sardinella longiceps,2.3,Prey (Small Pelagic),1847824.7,3224,41574,573.15,29.9,21.0,4.6,1.43,1.96,1.08,1.327,573.15,257.61,0.4504,-149.185,0.467,1.0,6.123233995736766e-17,664.77,774.54,1909.81,1622.29,1116.373333333334,689.3247937172323,2260.44,-0.14172282720423957,0.3642857142857139,-3.7357142857142875,29.64,1.17,0.81,2908.0,0.1086657492824424,357.55,1208890.3
2015-04-01,2015,4,Pre-Monsoon / Summer,Pre-Monsoon,0,Kollam,Oil Sardine,Sardinella longiceps,2.3,Prey (Small Pelagic),1208890.3,3381,38255,357.55,30.71,82.4,4.8,1.21,1.75,1.02,1.391,357.55,160.23,0.4497,-51.338,0.306,0.8660254037844387,-0.4999999999999998,573.15,664.77,774.54,908.76,670.8200000000006,100.83121986751809,1303.535,-0.13782210181232454,0.4085714285714275,-7.007142857142853,29.9,1.96,1.08,3224.0,0.048697270320417894,357.62,1172640.6
2015-05-01,2015,5,Pre-Monsoon / Summer,Pre-Monsoon,0,Kollam,Oil Sardine,Sardinella longiceps,2.3,Prey (Small Pelagic),1172640.6,3279,36563,357.62,30.46,286.9,5.5,1.76,1.95,1.51,1.349,357.62,167.41,0.4696,-52.622,0.323,0.49999999999999994,-0.8660254037844387,357.55,573.15,664.77,785.24,531.823333333334,157.72429151308677,1006.9716666666667,-0.3761667909593162,0.33000000000000185,25.8428571428571,30.71,1.75,1.02,3381.0,-0.03016858908557057,5053.81,2764434.2
2015-06-01,2015,6,Southwest Monsoon,Southwest Monsoon,1,Kollam,Oil Sardine,Sardinella longiceps,2.3,Prey (Small Pelagic),2764434.2,547,7800,5053.81,28.75,597.7,7.7,3.13,11.54,6.84,0.225,5053.81,795.3,0.1575,-4739.966,4.242,1.2246467991473532e-16,-1.0,357.62,357.55,573.15,8790.59,429.44000000000057,124.4565156991465,772.9066666666668,0.0001957768089560204,0.15928571428571558,-72.0214285714286,30.46,1.95,1.51,3279.0,-0.8331808452784969,5552.2,3053711.6
2015-07-01,2015,7,Southwest Monsoon,Southwest Monsoon,1,Kollam,Oil Sardine,Sardinella longiceps,2.3,Prey (Small Pelagic),3053711.6,550,6689,5552.2,28.75,662.2,7.9,3.45,11.82,7.02,0.226,5552.2,750.07,0.1352,-5040.631,4.433,-0.4999999999999997,-0.8660254037844388,5053.81,357.62,357.55,8275.6,1922.993333333334,2711.366768150946,1296.9066666666668,13.13178756412428,1.0657142857142858,54.250000000000114,28.75,11.54,6.84,547.0,0.005484460594433993,4540.96,12028992.2
2015-08-01,2015,8,Southwest Monsoon,Southwest Monsoon,0,Kollam,Oil Sardine,Sardinella longiceps,2.3,Prey (Small Pelagic),12028992.2,2649,29267,4540.96,28.29,360.8,7.1,3.14,10.16,5.72,1.09,4540.96,642.82,0.1417,-3578.74,3.77,-0.8660254037844385,-0.5000000000000004,5552.2,5053.81,357.62,6397.22,3654.5433333333335,2866.0732278560686,2093.1833333333334,0.0986166870170886,0.9128571428571455,-56.214285714285666,28.75,11.82,7.02,550.0,3.816363566975208,3511.52,10559144.4
2015-09-01,2015,9,Southwest Monsoon,Southwest Monsoon,0,Kollam,Oil Sardine,Sardinella longiceps,2.3,Prey (Small Pelagic),10559144.4,3007,35624,3511.52,28.22,157.4,5.6,1.98,8.25,4.45,1.237,3511.52,516.01,0.1472,-2257.08,2.909,-1.0,-1.8369701987210297e-16,4540.96,5552.2,5053.81,6314.58,5048.990000000001,505.63723033413055,2739.215,-0.18213320812987063,0.1971428571428575,-92.57857142857142,28.29,10.16,5.72,2649.0,0.13514533735316972,710.17,2164595.6
2015-10-01,2015,10,Post-Monsoon,Post-Monsoon,0,Kollam,Oil Sardine,Sardinella longiceps,2.3,Prey (Small Pelagic),2164595.6,3048,39898,710.17,29.74,336.7,3.8,1.21,0.92,1.24,1.254,710.17,214.98,0.3037,-161.77,0.666,-0.8660254037844386,0.5000000000000001,3511.52,4540.96,5552.2,2136.93,4534.893333333334,1020.3535264472329,3228.943333333333,-0.226700961411902,0.9414285714285704,34.14285714285711,28.22,8.25,4.45,3007.0,0.013634851966628359,537.5,1352348.9
2015-11-01,2015,11,Post-Monsoon,Post-Monsoon,0,Kollam,Oil Sardine,Sardinella longiceps,2.3,Prey (Small Pelagic),1352348.9,2516,27962,537.5,29.69,164.8,3.9,1.04,0.67,1.02,1.035,537.5,270.18,0.5036,-145.297,0.547,-0.5000000000000004,0.8660254037844384,710.17,3511.52,4540.96,1762.01,2920.8833333333337,1982.5177830307864,3287.7133333333336,-0.7977599421397003,0.6742857142857126,-3.357142857142833,29.74,0.92,1.24,3048.0,-0.17454068184205812,829.36,2216889.4
2015-12-01,2015,12,Winter / Post-Monsoon,Northeast/Dry,0,Kollam,Oil Sardine,Sardinella longiceps,2.3,Prey (Small Pelagic),2216889.4,2673,35506,829.36,29.24,30.8,3.9,1.35,1.33,1.01,1.1,829.36,280.27,0.3387,-255.301,0.813,-2.4492935982947064e-16,1.0,537.5,710.17,3511.52,1909.81,1586.3966666666672,1669.4396121553193,3317.693333333334,-0.2431389633026041,0.7414285714285676,-4.578571428571426,29.69,0.67,1.02,2516.0,0.06240063568203245,839.56,2532127.8
2016-01-01,2016,1,Winter / Post-Monsoon,Northeast/Dry,0,Kollam,Oil Sardine,Sardinella longiceps,2.3,Prey (Small Pelagic),2532127.8,3016,40424,839.56,28.92,10.5,4.4,1.39,0.9,0.9,1.241,839.56,230.68,0.2756,-219.467,0.697,0.49999999999999994,0.8660254037844387,829.36,537.5,710.17,774.54,692.3433333333338,146.7443608228372,2613.6183333333333,0.5429953387349705,0.6435714285714305,2.0428571428571427,29.24,1.33,1.01,2673.0,0.12832023895128977,791.23,2641905.2
2016-02-01,2016,2,Winter / Post-Monsoon,Northeast/Dry,0,Kollam,Oil Sardine,Sardinella longiceps,2.3,Prey (Small Pelagic),2641905.2,3339,38659,791.23,29.46,11.0,3.8,0.71,1.82,1.22,1.374,791.23,219.11,0.2778,-189.437,0.665,0.8660254037844386,0.5000000000000001,839.56,829.36,537.5,664.77,735.4733333333339,171.52577221310813,1828.1783333333333,0.01229863976682446,0.8085714285714296,0.3428571428571434,28.92,0.9,0.9,3016.0,0.10709549036108922,277.52,872513.3
2016-03-01,2016,3,Pre-Monsoon / Summer,Pre-Monsoon,0,Kollam,Oil Sardine,Sardinella longiceps,2.3,Prey (Small Pelagic),872513.3,3144,42800,277.52,30.34,24.9,3.2,1.25,1.08,0.72,1.294,277.52,132.84,0.4805,-30.754,0.251,1.0,6.123233995736766e-17,791.23,839.56,829.36,573.15,820.0500000000005,25.47458144837274,1203.2233333333334,-0.05756586714986572,0.8042857142857152,0.16428571428571104,29.46,1.82,1.22,3339.0,-0.05840071860317245,165.45,528104.8
2016-04-01,2016,4,Pre-Monsoon / Summer,Pre-Monsoon,0,Kollam,Oil Sardine,Sardinella longiceps,2.3,Prey (Small Pelagic),528104.8,3192,31158,165.45,30.77,112.4,4.8,1.11,0.83,0.61,1.314,165.45,123.45,0.7477,-14.996,0.15,0.8660254037844387,-0.4999999999999998,277.52,791.23,839.56,357.55,636.1033333333339,311.4810627201965,664.2233333333334,-0.6492549492656378,0.4685714285714262,22.992857142857147,30.34,1.08,0.72,3144.0,0.015267175523959365,154.57,435733.9
2016-05-01,2016,5,Pre-Monsoon / Summer,Pre-Monsoon,0,Kollam,Oil Sardine,Sardinella longiceps,2.3,Prey (Small Pelagic),435733.9,2819,36748,154.57,30.76,262.9,4.8,1.6,1.27,1.11,1.16,154.57,125.89,0.8156,-13.91,0.15,0.49999999999999994,-0.8660254037844387,165.45,277.52,791.23,357.62,411.4000000000006,333.6810496566588,573.4366666666666,-0.40382673667387087,0.6300000000000026,1.842857142857099,30.77,0.83,0.61,3192.0,-0.11685463622539273,3098.83,1716750.4
2016-06-01,2016,6,Southwest Monsoon,Southwest Monsoon,1,Kollam,Oil Sardine,Sardinella longiceps,2.3,Prey (Small Pelagic),1716750.4,554,5367,3098.83,29.39,849.2,7.9,3.17,11.56,7.31,0.228,3098.83,594.0,0.1919,-2035.039,2.663,1.2246467991473532e-16,-1.0,154.57,165.45,277.52,5053.81,199.1800000000006,68.06217965926076,509.61499999999995,-0.06576004437835933,0.7992857142857162,179.4785714285714,30.76,1.27,1.11,2819.0,-0.8034764072242766,4271.33,2605512.4
2016-07-01,2016,7,Southwest Monsoon,Southwest Monsoon,1,Kollam,Oil Sardine,Sardinella longiceps,2.3,Prey (Small Pelagic),2605512.4,610,7271,4271.33,27.91,589.9,8.5,3.21,12.81,7.35,0.251,4271.33,536.41,0.1258,-2738.642,3.99,-0.4999999999999997,-0.8660254037844388,3098.83,154.57,165.45,5552.2,1139.6166666666672,1696.737238859719,887.86,19.048067603799726,0.22571428571428598,-18.049999999999955,29.39,11.56,7.31,554.0,0.1010830306663713,3657.13,11128633.9
2016-08-01,2016,8,Southwest Monsoon,Southwest Monsoon,0,Kollam,Oil Sardine,Sardinella longiceps,2.3,Prey (Small Pelagic),11128633.9,3043,42906,3657.13,27.83,580.7,7.4,2.58,11.52,6.65,1.252,3657.13,523.51,0.1434,-2251.426,3.438,-0.8660254037844385,-0.5000000000000004,4271.33,3098.83,154.57,4540.96,2508.243333333334,2120.972107910263,1459.8216666666667,0.37836860886731893,0.4528571428571446,163.68571428571437,27.91,12.81,7.35,610.0,3.9885245247782866,2137.36,6074379.9
2016-09-01,2016,9,Southwest Monsoon,Southwest Monsoon,0,Kollam,Oil Sardine,Sardinella longiceps,2.3,Prey (Small Pelagic),6074379.9,2842,31395,2137.36,28.91,229.6,5.5,2.1,8.61,4.65,1.17,2137.36,485.22,0.2274,-1154.158,2.094,-1.0,-1.8369701987210297e-16,3657.13,4271.33,3098.83,3511.52,3675.763333333334,586.472048211425,1937.4716666666666,-0.1437959601721338,0.8871428571428588,-20.378571428571433,27.83,11.52,6.65,3043.0,-0.06605323672016682,874.0,2451568.8
2016-10-01,2016,10,Post-Monsoon,Post-Monsoon,0,Kollam,Oil Sardine,Sardinella longiceps,2.3,Prey (Small Pelagic),2451568.8,2805,31327,874.0,29.49,345.5,4.2,1.19,0.78,1.41,1.154,874.0,212.14,0.2436,-206.666,0.709,-0.8660254037844386,0.5000000000000001,2137.36,3657.13,4271.33,710.17,3355.273333333334,1098.5422502722888,2247.445,-0.4155635692043663,0.6914285714285704,42.94285714285712,28.91,8.61,4.65,2842.0,-0.013019000657920476,621.92,1724585.1
2016-11-01,2016,11,Post-Monsoon,Post-Monsoon,0,Kollam,Oil Sardine,Sardinella longiceps,2.3,Prey (Small Pelagic),1724585.1,2773,38366,621.92,29.58,126.2,3.5,1.23,1.56,1.22,1.141,621.92,261.01,0.4206,-165.602,0.542,-0.5000000000000004,0.8660254037844384,874.0,2137.36,3657.13,537.5,2222.8300000000004,1393.5321990897703,2365.536666666667,-0.5910843255647886,0.5642857142857096,-41.95714285714284,29.49,0.78,1.41,2805.0,-0.011408199602822817,868.61,2560660.5
2016-12-01,2016,12,Winter / Post-Monsoon,Northeast/Dry,0,Kollam,Oil Sardine,Sardinella longiceps,2.3,Prey (Small Pelagic),2560660.5,2948,40951,868.61,28.77,38.4,3.1,0.77,1.57,1.13,1.213,868.61,211.5,0.2444,-208.787,0.721,-2.4492935982947064e-16,1.0,621.92,874.0,2137.36,829.36,1211.093333333334,812.0120288107225,2443.4283333333333,-0.288421049331567,0.2714285714285687,3.0214285714285722,29.58,1.56,1.22,2773.0,0.06310854647274235,1891.55,6262920.5
2017-01-01,2017,1,Winter / Post-Monsoon,Northeast/Dry,0,Kollam,Oil Sardine,Sardinella longiceps,2.3,Prey (Small Pelagic),6262920.5,3311,32314,1891.55,28.0,8.8,4.8,0.85,1.34,1.04,1.363,1891.55,348.04,0.1844,-895.87,1.528,0.49999999999999994,0.8660254037844387,868.61,621.92,874.0,839.56,788.1766666666672,144.00771657555708,2071.725,0.3966587278643761,-0.27642857142857125,0.3428571428571434,28.77,1.57,1.13,2948.0,0.12313432794052127,1511.92,4499460.8
2017-02-01,2017,2,Winter / Post-Monsoon,Northeast/Dry,0,Kollam,Oil Sardine,Sardinella longiceps,2.3,Prey (Small Pelagic),4499460.8,2976,36379,1511.92,28.0,9.5,3.0,1.03,1.0,0.86,1.225,1511.92,356.96,0.2366,-686.175,1.32,0.8660254037844386,0.5000000000000001,1891.55,868.61,621.92,791.23,1127.3600000000006,673.2040969126468,1675.095,1.1776746620730285,-0.6514285714285712,-1.1571428571428566,28.0,1.34,1.04,3311.0,-0.10117789156998522,910.8,2335299.8
2017-03-01,2017,3,Pre-Monsoon / Summer,Pre-Monsoon,0,Kollam,Oil Sardine,Sardinella longiceps,2.3,Prey (Small Pelagic),2335299.8,2564,27137,910.8,29.51,26.0,2.9,1.4,0.69,0.59,1.055,910.8,305.06,0.3357,-318.962,0.887,1.0,6.123233995736766e-17,1511.92,1891.55,868.61,277.52,1424.0266666666673,517.102977590833,1317.5600000000002,-0.20069783933441965,-0.025714285714283136,1.2642857142857125,28.0,1.0,0.86,2976.0,-0.1384408597498627,630.88,2229538.2
2017-04-01,2017,4,Pre-Monsoon / Summer,Pre-Monsoon,0,Kollam,Oil Sardine,Sardinella longiceps,2.3,Prey (Small Pelagic),2229538.2,3534,39843,630.88,30.32,91.4,4.9,1.34,1.15,0.84,1.454,630.88,342.52,0.5436,-223.413,0.501,0.8660254037844387,-0.4999999999999998,910.8,1511.92,1891.55,165.45,1438.0900000000008,494.5258257158793,1113.1333333333332,-0.39758717129486243,0.018571428571426907,1.9928571428571473,29.51,0.69,0.59,2564.0,0.37831513112981613,627.03,1894257.8
2017-05-01,2017,5,Pre-Monsoon / Summer,Pre-Monsoon,0,Kollam,Oil Sardine,Sardinella longiceps,2.3,Prey (Small Pelagic),1894257.8,3021,29060,627.03,30.15,279.4,5.4,1.68,2.27,1.8,1.243,627.03,312.92,0.4998,-195.575,0.58,0.49999999999999994,-0.8660254037844387,630.88,910.8,1511.92,154.57,1017.8666666666672,450.1725488446688,1072.6133333333332,-0.3073342083077052,0.019999999999999574,18.3428571428571,30.32,1.15,0.84,3534.0,-0.1451612899118243,6969.5,4544117.1
2017-06-01,2017,6,Southwest Monsoon,Southwest Monsoon,1,Kollam,Oil Sardine,Sardinella longiceps,2.3,Prey (Small Pelagic),4544117.1,652,9101,6969.5,28.32,699.7,7.4,3.31,10.54,6.43,0.268,6969.5,978.1,0.1405,-8400.018,5.92,1.2246467991473532e-16,-1.0,627.03,630.88,910.8,3098.83,722.903333333334,162.73467249884334,1073.465,-0.006102586766063523,-0.27071428571428413,29.9785714285714,30.15,2.27,1.8,3021.0,-0.7841774220980555,6484.26,3942431.0
2017-07-01,2017,7,Southwest Monsoon,Southwest Monsoon,1,Kollam,Oil Sardine,Sardinella longiceps,2.3,Prey (Small Pelagic),3942431.0,608,7118,6484.26,27.31,754.8,8.0,3.63,11.98,7.23,0.25,6484.26,851.05,0.1314,-6735.478,5.727,-0.4999999999999997,-0.8660254037844388,6969.5,627.03,630.88,4271.33,2742.4700000000007,3660.7158686928947,2090.28,10.115097999854905,-0.37428571428571544,146.85000000000002,28.32,10.54,6.43,652.0,-0.0674846615416463,5142.24,14948483.8
2017-08-01,2017,8,Southwest Monsoon,Southwest Monsoon,0,Kollam,Oil Sardine,Sardinella longiceps,2.3,Prey (Small Pelagic),14948483.8,2907,36870,5142.24,27.17,374.5,6.9,2.58,10.15,5.8,1.196,5142.24,580.09,0.113,-3852.667,4.293,-0.8660254037844385,-0.5000000000000004,6484.26,6969.5,627.03,3657.13,4693.596666666667,3530.0974214932517,2855.7316666666666,-0.06962335882111576,-0.20714285714285197,-42.51428571428568,27.31,11.98,7.23,608.0,3.7812499378083895,3705.61,11105710.7
2017-09-01,2017,9,Southwest Monsoon,Southwest Monsoon,0,Kollam,Oil Sardine,Sardinella longiceps,2.3,Prey (Small Pelagic),11105710.7,2997,34069,3705.61,27.51,259.9,4.6,1.83,6.63,3.98,1.233,3705.61,535.41,0.1447,-2536.466,3.217,-1.0,-1.8369701987210297e-16,5142.24,6484.26,6969.5,2137.36,6198.666666666667,946.5159485889827,3460.785,-0.20696579068858167,-0.5128571428571398,9.92142857142855,27.17,10.15,5.8,2907.0,0.030959752215480727,1539.09,4798868.8
2017-10-01,2017,10,Post-Monsoon,Post-Monsoon,0,Kollam,Oil Sardine,Sardinella longiceps,2.3,Prey (Small Pelagic),4798868.8,3118,43857,1539.09,28.83,351.2,4.0,1.19,1.26,1.85,1.283,1539.09,492.84,0.3207,-864.725,1.509,-0.8660254037844386,0.5000000000000001,3705.61,5142.24,6484.26,874.0,5110.703333333334,1389.5934213406817,3926.5866666666666,-0.27937824706863496,0.03142857142857025,48.64285714285711,27.51,6.63,3.98,2997.0,0.040373706905659966,1647.18,4083362.0
2017-11-01,2017,11,Post-Monsoon,Post-Monsoon,0,Kollam,Oil Sardine,Sardinella longiceps,2.3,Prey (Small Pelagic),4083362.0,2479,28799,1647.18,28.83,165.9,3.6,0.81,1.56,1.44,1.02,1647.18,471.46,0.2867,-923.376,1.444,-0.5000000000000004,0.8660254037844384,1539.09,3705.61,5142.24,621.92,3462.313333333334,1813.8543027578867,4077.955,-0.5846594741900538,-0.18571428571429038,-2.2571428571428385,28.83,1.26,1.85,3118.0,-0.2049390628449677,1726.26,4103329.9
2017-12-01,2017,12,Winter / Post-Monsoon,Northeast/Dry,0,Kollam,Oil Sardine,Sardinella longiceps,2.3,Prey (Small Pelagic),4103329.9,2377,25916,1726.26,28.38,35.8,4.1,1.03,1.28,0.89,0.978,1726.26,387.55,0.225,-869.972,1.432,-2.4492935982947064e-16,1.0,1647.18,1539.09,3705.61,868.61,2297.293333333334,1220.834852563318,4247.9800000000005,0.07022981066584934,-0.11857142857143188,0.4214285714285708,28.83,1.56,1.44,2479.0,-0.04114562306919877,1799.6,5947664.9
2018-01-01,2018,1,Winter / Post-Monsoon,Northeast/Dry,0,Kollam,Oil Sardine,Sardinella longiceps,2.3,Prey (Small Pelagic),5947664.9,3305,46452,1799.6,28.27,10.0,2.7,1.2,1.45,1.1,1.36,1799.6,377.3,0.2101,-885.219,1.584,0.49999999999999994,0.8660254037844387,1726.26,1647.18,1539.09,1891.55,1637.5100000000004,93.9589479504977,3374.1066666666666,0.04800932473676628,-0.006428571428571672,1.5428571428571427,28.38,1.28,0.89,2377.0,0.3904080757660577,1571.2,4883297.8
2018-02-01,2018,2,Winter / Post-Monsoon,Northeast/Dry,0,Kollam,Oil Sardine,Sardinella longiceps,2.3,Prey (Small Pelagic),4883297.8,3108,35801,1571.2,28.61,10.6,3.6,1.21,1.27,1.09,1.279,1571.2,346.29,0.2209,-691.876,1.454,0.8660254037844386,0.5000000000000001,1799.6,1726.26,1647.18,1511.92,1724.3466666666673,76.22801147411423,2593.33,0.04248490932718758,-0.041428571428571814,-0.05714285714285694,28.27,1.45,1.1,3305.0,-0.059606656400585,1360.73,4112135.8
2018-03-01,2018,3,Pre-Monsoon / Summer,Pre-Monsoon,0,Kollam,Oil Sardine,Sardinella longiceps,2.3,Prey (Small Pelagic),4112135.8,3022,29451,1360.73,29.04,28.4,3.3,1.28,0.59,0.84,1.244,1360.73,374.95,0.2761,-622.988,1.177,1.0,6.123233995736766e-17,1571.2,1799.6,1726.26,910.8,1699.0200000000004,116.61111953825139,1998.1566666666668,-0.1269170919820121,-0.49571428571428555,3.664285714285711,28.61,1.27,1.09,3108.0,-0.027670527581497656,403.89,1025876.9
2018-04-01,2018,4,Pre-Monsoon / Summer,Pre-Monsoon,0,Kollam,Oil Sardine,Sardinella longiceps,2.3,Prey (Small Pelagic),1025876.9,2540,32320,403.89,30.26,81.9,4.3,1.2,0.71,0.76,1.045,403.89,268.74,0.6662,-104.616,0.347,0.8660254037844387,-0.4999999999999998,1360.73,1571.2,1799.6,630.88,1577.1766666666672,219.49603557535545,1607.3433333333335,-0.13395493804763917,-0.041428571428571814,-7.507142857142853,29.04,0.59,0.84,3022.0,-0.15949702131205484,774.4,2237228.0
2018-05-01,2018,5,Pre-Monsoon / Summer,Pre-Monsoon,0,Kollam,Oil Sardine,Sardinella longiceps,2.3,Prey (Small Pelagic),2237228.0,2889,34740,774.4,30.11,262.5,5.3,2.23,1.57,1.43,1.189,774.4,289.78,0.375,-236.45,0.657,0.49999999999999994,-0.8660254037844387,403.89,1360.73,1571.2,627.03,1111.9400000000007,622.1539255682347,1418.1433333333334,-0.7031813754148041,-0.019999999999999574,1.4428571428571217,30.26,0.71,0.76,2540.0,0.1374015742621985,7560.48,5020156.5
2018-06-01,2018,6,Southwest Monsoon,Southwest Monsoon,1,Kollam,Oil Sardine,Sardinella longiceps,2.3,Prey (Small Pelagic),5020156.5,664,8177,7560.48,28.5,809.8,8.3,3.6,12.39,7.72,0.273,7560.48,1110.96,0.1471,-10020.93,6.666,1.2246467991473532e-16,-1.0,774.4,403.89,1360.73,6969.5,846.3400000000006,482.4595517760681,1272.68,0.9173537122148677,-0.09071428571428442,140.0785714285713,30.11,1.57,1.43,2889.0,-0.7701626833846913,6771.54,5356287.2
2018-07-01,2018,7,Southwest Monsoon,Southwest Monsoon,1,Kollam,Oil Sardine,Sardinella longiceps,2.3,Prey (Small Pelagic),5356287.2,791,9749,6771.54,27.37,723.8,8.4,3.15,12.79,7.59,0.326,6771.54,706.02,0.1044,-6065.982,5.824,-0.4999999999999997,-0.8660254037844388,7560.48,774.4,403.89,6484.26,2912.9233333333336,4029.163268277087,2245.0499999999997,8.763016415766835,-0.31428571428571317,115.85000000000002,28.5,12.39,7.72,664.0,0.191265057360466,5402.22,15218054.1
2018-08-01,2018,8,Southwest Monsoon,Southwest Monsoon,0,Kollam,Oil Sardine,Sardinella longiceps,2.3,Prey (Small Pelagic),15218054.1,2817,33350,5402.22,27.42,371.4,7.8,2.58,10.79,6.05,1.159,5402.22,680.45,0.1261,-4615.111,4.699,-0.8660254037844385,-0.5000000000000004,6771.54,7560.48,774.4,5142.24,5035.473333333334,3711.2216378078656,3073.7066666666665,-0.10435051728944386,0.042857142857148034,-45.6142857142857,27.37,12.79,7.59,791.0,2.5613147590225696,4986.63,15179303.0
2018-09-01,2018,9,Southwest Monsoon,Southwest Monsoon,0,Kollam,Oil Sardine,Sardinella longiceps,2.3,Prey (Small Pelagic),15179303.0,3044,35929,4986.63,27.8,240.5,6.3,2.6,9.52,5.12,1.253,4986.63,607.19,0.1219,-3926.891,4.539,-1.0,-1.8369701987210297e-16,5402.22,6771.54,7560.48,3705.61,6578.080000000001,1092.05843964504,3712.2099999999996,-0.20221692524563548,-0.22285714285714064,-9.478571428571428,27.42,10.79,6.05,2817.0,0.08058217933765643,1732.54,4376407.6
2018-10-01,2018,10,Post-Monsoon,Post-Monsoon,0,Kollam,Oil Sardine,Sardinella longiceps,2.3,Prey (Small Pelagic),4376407.6,2526,27625,1732.54,28.71,262.1,4.3,1.09,1.58,1.63,1.04,1732.54,424.65,0.2455,-892.214,1.589,-0.8660254037844386,0.5000000000000001,4986.63,5402.22,6771.54,1539.09,5720.13,933.9571741252164,4316.526666666667,-0.07692948440283907,-0.08857142857142719,-40.457142857142856,27.8,9.52,5.12,3044.0,-0.17017082729904456,1374.65,3706061.7
2018-11-01,2018,11,Post-Monsoon,Post-Monsoon,0,Kollam,Oil Sardine,Sardinella longiceps,2.3,Prey (Small Pelagic),3706061.7,2696,38979,1374.65,29.05,194.9,4.2,0.85,1.39,1.5,1.109,1374.65,435.75,0.3175,-687.743,1.355,-0.5000000000000004,0.8660254037844384,1732.54,4986.63,5402.22,1647.18,4040.4633333333345,2009.4928082561762,4537.968333333333,-0.6525629520285986,0.03428571428571203,26.74285714285716,28.71,1.58,1.63,2526.0,0.06730007891013429,1265.99,3690352.1
2018-12-01,2018,12,Winter / Post-Monsoon,Northeast/Dry,0,Kollam,Oil Sardine,Sardinella longiceps,2.3,Prey (Small Pelagic),3690352.1,2915,38196,1265.99,28.57,36.0,3.8,1.29,1.15,1.05,1.2,1265.99,376.25,0.2978,-561.43,1.341,-2.4492935982947064e-16,1.0,1374.65,1732.54,4986.63,1726.26,2697.9400000000005,1990.125058909605,4638.009999999999,-0.20656954409959044,0.0714285714285694,0.6214285714285737,29.05,1.39,1.5,2696.0,0.0812314537046311,1066.46,4033345.6
2019-01-01,2019,1,Winter / Post-Monsoon,Northeast/Dry,0,Kollam,Oil Sardine,Sardinella longiceps,2.3,Prey (Small Pelagic),4033345.6,3782,52299,1066.46,28.24,9.3,3.2,0.85,0.38,0.53,1.556,1066.46,296.59,0.2788,-383.8,0.961,0.49999999999999994,0.8660254037844387,1265.99,1374.65,1732.54,1799.6,1457.7266666666674,244.11785070594573,3588.9283333333337,-0.07904557466230992,-0.03642857142857281,0.8428571428571434,28.57,1.15,1.05,2915.0,0.29742710018035295,1275.96,4310205.5
2019-02-01,2019,2,Winter / Post-Monsoon,Northeast/Dry,0,Kollam,Oil Sardine,Sardinella longiceps,2.3,Prey (Small Pelagic),4310205.5,3378,42237,1275.96,28.35,10.7,3.2,0.5,1.0,0.82,1.39,1275.96,270.2,0.2124,-440.79,1.072,0.8660254037844386,0.5000000000000001,1066.46,1265.99,1374.65,1571.2,1235.7000000000007,156.31181049414266,2638.081666666667,-0.15760787875411433,-0.3014285714285698,0.042857142857142705,28.24,0.38,0.53,3782.0,-0.10682178713161875,598.63,1428940.3
2019-03-01,2019,3,Pre-Monsoon / Summer,Pre-Monsoon,0,Kollam,Oil Sardine,Sardinella longiceps,2.3,Prey (Small Pelagic),1428940.3,2387,25230,598.63,29.51,23.6,4.0,1.27,1.01,0.82,0.982,598.63,279.9,0.4685,-172.804,0.539,1.0,6.123233995736766e-17,1275.96,1066.46,1265.99,1360.73,1202.803333333334,118.18197253934308,1950.3716666666667,0.1964443092432505,-0.025714285714283136,-1.1357142857142861,28.35,1.0,0.82,3378.0,-0.2933688564435498,348.89,1125178.1
2019-04-01,2019,4,Pre-Monsoon / Summer,Pre-Monsoon,0,Kollam,Oil Sardine,Sardinella longiceps,2.3,Prey (Small Pelagic),1125178.1,3225,38752,348.89,30.4,119.2,3.7,1.13,1.21,0.89,1.327,348.89,192.42,0.5528,-61.423,0.305,0.8660254037844387,-0.4999999999999998,598.63,1275.96,1066.46,403.89,980.3500000000007,346.77828839181456,1219.0383333333334,-0.5308395205896774,0.0985714285714252,29.792857142857144,29.51,1.01,0.82,2387.0,0.3510682850814064,885.21,2328095.6
2019-05-01,2019,5,Pre-Monsoon / Summer,Pre-Monsoon,0,Kollam,Oil Sardine,Sardinella longiceps,2.3,Prey (Small Pelagic),2328095.6,2630,27175,885.21,30.02,249.7,4.9,2.33,1.41,1.37,1.082,885.21,251.25,0.2846,-245.391,0.734,0.49999999999999994,-0.8660254037844387,348.89,598.63,1275.96,774.4,741.1600000000007,479.6882288528209,988.43,-0.4171859008538513,-0.10999999999999943,-11.35714285714289,30.4,1.21,0.89,3225.0,-0.18449612345892674,4840.78,3161029.7
2019-06-01,2019,6,Southwest Monsoon,Southwest Monsoon,1,Kollam,Oil Sardine,Sardinella longiceps,2.3,Prey (Small Pelagic),3161029.7,653,7955,4840.78,28.94,709.7,7.6,3.51,11.95,7.12,0.269,4840.78,828.2,0.1713,-4635.418,4.475,1.2246467991473532e-16,-1.0,885.21,348.89,598.63,7560.48,610.9100000000007,268.3707964737522,906.8566666666667,1.5372179902772227,0.34928571428571686,39.9785714285714,30.02,1.41,1.37,2630.0,-0.7517110237577527,5245.96,3735124.8
2019-07-01,2019,7,Southwest Monsoon,Southwest Monsoon,1,Kollam,Oil Sardine,Sardinella longiceps,2.3,Prey (Small Pelagic),3735124.8,712,7511,5245.96,27.38,552.8,7.6,3.78,11.7,6.77,0.293,5245.96,533.17,0.1018,-3590.989,4.115,-0.4999999999999997,-0.8660254037844388,4840.78,885.21,348.89,6771.54,2024.9600000000003,2453.2715891029998,1502.655,4.468510246512011,-0.30428571428571516,-55.14999999999998,28.94,11.95,7.12,653.0,0.09035221913702575,2541.52,7466988.6
2019-08-01,2019,8,Southwest Monsoon,Southwest Monsoon,0,Kollam,Oil Sardine,Sardinella longiceps,2.3,Prey (Small Pelagic),7466988.6,2938,40671,2541.52,26.7,444.6,6.7,2.69,10.05,5.66,1.209,2541.52,314.91,0.1243,-952.979,2.371,-0.8660254037844385,-0.5000000000000004,5245.96,4840.78,885.21,5402.22,3657.3166666666675,2409.247649502494,2199.2383333333332,0.08370138679365442,-0.6771428571428544,27.585714285714346,27.38,11.7,6.77,712.0,3.126404450471848,3863.35,11149623.2
2019-09-01,2019,9,Southwest Monsoon,Southwest Monsoon,0,Kollam,Oil Sardine,Sardinella longiceps,2.3,Prey (Small Pelagic),11149623.2,2886,35741,3863.35,27.72,214.5,6.0,1.72,9.15,4.88,1.188,3863.35,542.81,0.1407,-2614.183,3.257,-1.0,-1.8369701987210297e-16,2541.52,5245.96,4840.78,4986.63,4209.420000000001,1458.581679440668,2410.165,-0.5155281387667308,-0.3028571428571425,-35.47857142857143,26.7,10.05,5.66,2938.0,-0.017699114984005733,1143.98,4189271.8
2019-10-01,2019,10,Post-Monsoon,Post-Monsoon,0,Kollam,Oil Sardine,Sardinella longiceps,2.3,Prey (Small Pelagic),4189271.8,3662,52234,1143.98,28.86,279.9,4.5,1.38,1.3,1.3,1.507,1143.98,314.58,0.2756,-416.804,1.038,-0.8660254037844386,0.5000000000000001,3863.35,2541.52,5245.96,1732.54,3883.6100000000006,1352.3338267972,2954.285,0.5200942722461587,0.06142857142857139,-22.6571428571429,27.72,9.15,4.88,2886.0,0.26888426795258397,1245.81,3561772.8
2019-11-01,2019,11,Post-Monsoon,Post-Monsoon,0,Kollam,Oil Sardine,Sardinella longiceps,2.3,Prey (Small Pelagic),3561772.8,2859,37315,1245.81,28.63,168.1,4.0,0.89,1.09,1.17,1.177,1245.81,310.53,0.2499,-464.143,1.087,-0.5000000000000004,0.8660254037844384,1143.98,3863.35,2541.52,1374.65,2516.283333333334,1359.8606422105497,3086.7999999999997,-0.7038891099592605,-0.3857142857142897,-0.057142857142849834,28.86,1.3,1.3,3662.0,-0.2192790818698004,1026.07,2704721.7
2019-12-01,2019,12,Winter / Post-Monsoon,Northeast/Dry,0,Kollam,Oil Sardine,Sardinella longiceps,2.3,Prey (Small Pelagic),2704721.7,2636,36072,1026.07,28.04,36.2,3.2,1.21,0.73,0.49,1.085,1026.07,234.77,0.2296,-302.712,0.962,-2.4492935982947064e-16,1.0,1245.81,1143.98,3863.35,1265.99,2084.3800000000006,1541.4743049755823,3146.9,0.08901379316934037,-0.45857142857143174,0.8214285714285765,28.63,1.09,1.17,2859.0,-0.07799930018188422,1717.15,7153666.4
2020-01-01,2020,1,Winter / Post-Monsoon,Northeast/Dry,0,Kollam,Oil Sardine,Sardinella longiceps,2.3,Prey (Small Pelagic),7153666.4,4166,58957,1717.15,27.64,9.1,3.8,1.27,1.01,0.98,1.714,1717.15,304.98,0.1781,-715.66,1.478,0.49999999999999994,0.8660254037844387,1026.07,1245.81,1143.98,1066.46,1138.6200000000008,109.9680139856711,2511.1150000000002,-0.1763832351933021,-0.6364285714285707,0.6428571428571423,28.04,0.73,0.49,2636.0,0.5804248839892834,1886.11,5963881.5
2020-02-01,2020,2,Winter / Post-Monsoon,Northeast/Dry,0,Kollam,Oil Sardine,Sardinella longiceps,2.3,Prey (Small Pelagic),5963881.5,3162,42880,1886.11,28.37,12.4,4.2,0.93,0.97,1.12,1.301,1886.11,488.24,0.2593,-1150.362,1.543,0.8660254037844386,0.5000000000000001,1717.15,1026.07,1245.81,1275.96,1329.6766666666674,353.09078851378524,1922.9799999999998,0.6735212931523067,-0.28142857142857025,1.7428571428571438,27.64,1.01,0.98,4166.0,-0.24099855919107405,832.7,679481.7
2020-03-01,2020,3,Pre-Monsoon / Summer,Pre-Monsoon,0,Kollam,Oil Sardine,Sardinella longiceps,2.3,Prey (Small Pelagic),679481.7,816,11150,832.7,29.62,23.2,3.3,1.03,0.65,0.53,0.336,832.7,361.28,0.4345,-332.863,0.759,1.0,6.123233995736766e-17,1886.11,1717.15,1026.07,598.63,1543.1100000000008,455.6694433467684,1813.7450000000001,0.0983955967830672,0.0842857142857163,-1.5357142857142883,28.37,0.97,1.12,3162.0,-0.7419354815245557,621.95,787383.6
2020-04-01,2020,4,Pre-Monsoon / Summer,Pre-Monsoon,0,Kollam,Oil Sardine,Sardinella longiceps,2.3,Prey (Small Pelagic),787383.6,1266,17206,621.95,30.09,81.4,3.7,1.11,0.99,0.94,0.521,621.95,292.13,0.4706,-187.41,0.553,0.8660254037844387,-0.4999999999999998,832.7,1886.11,1717.15,348.89,1478.6533333333343,565.7549399106356,1308.6366666666665,-0.558509309857276,-0.21142857142857352,-8.007142857142853,29.62,0.65,0.53,816.0,0.5514705814770762,1629.88,1615208.2
2020-05-01,2020,5,Pre-Monsoon / Summer,Pre-Monsoon,0,Kollam,Oil Sardine,Sardinella longiceps,2.3,Prey (Small Pelagic),1615208.2,991,10597,1629.88,29.6,302.9,5.7,2.1,1.67,1.88,0.408,1629.88,425.66,0.2616,-816.418,1.255,0.49999999999999994,-0.8660254037844387,621.95,832.7,1886.11,885.21,1113.5866666666675,677.2725566810499,1221.631666666667,-0.25309234714672335,-0.5299999999999976,41.8428571428571,30.09,0.99,0.94,1266.0,-0.21721958754170942,9489.4,6718492.0
2020-06-01,2020,6,Southwest Monsoon,Southwest Monsoon,1,Kollam,Oil Sardine,Sardinella longiceps,2.3,Prey (Small Pelagic),6718492.0,708,9379,9489.4,28.27,668.3,8.4,3.53,12.23,7.34,0.291,9489.4,1148.97,0.1212,-13694.356,7.529,1.2246467991473532e-16,-1.0,1629.88,621.95,832.7,4840.78,1028.1766666666676,531.6380974246351,1285.6433333333334,1.6205964849168506,-0.32071428571428484,-1.4214285714286916,29.6,1.67,1.88,991.0,-0.28557012829898965,6010.96,4424063.2
2020-07-01,2020,7,Southwest Monsoon,Southwest Monsoon,1,Kollam,Oil Sardine,Sardinella longiceps,2.3,Prey (Small Pelagic),4424063.2,736,8325,6010.96,27.18,358.8,8.4,3.39,12.12,6.65,0.303,6010.96,798.19,0.1329,-5901.419,5.43,-0.4999999999999997,-0.8660254037844388,9489.4,1629.88,621.95,5245.96,3913.7433333333342,4854.8883786996885,2696.1983333333333,4.822146386101146,-0.5042857142857144,-249.14999999999992,28.27,12.23,7.34,708.0,0.039548022040282176,5935.2,17585996.8
2020-08-01,2020,8,Southwest Monsoon,Southwest Monsoon,0,Kollam,Oil Sardine,Sardinella longiceps,2.3,Prey (Small Pelagic),17585996.8,2963,31947,5935.2,27.4,511.6,6.8,3.21,10.49,6.12,1.219,5935.2,720.49,0.1215,-5427.954,5.238,-0.8660254037844385,-0.5000000000000004,6010.96,9489.4,1629.88,2541.52,5710.080000000001,3938.389294927555,3411.8333333333335,-0.3665605830014958,0.022857142857144908,94.58571428571435,27.18,12.12,6.65,736.0,3.025815176279685,4400.86,14227979.5
2020-09-01,2020,9,Southwest Monsoon,Southwest Monsoon,0,Kollam,Oil Sardine,Sardinella longiceps,2.3,Prey (Small Pelagic),14227979.5,3233,35058,4400.86,27.34,251.7,5.2,2.4,7.92,4.48,1.33,4400.86,550.27,0.1252,-3172.586,3.775,-1.0,-1.8369701987210297e-16,5935.2,6010.96,9489.4,3863.35,7145.186666666667,2030.501664252778,4086.681666666667,-0.01260364398930683,-0.6828571428571415,1.7214285714285609,27.4,10.49,6.12,2963.0,0.09112386064419892,2064.25,6031741.4
2020-10-01,2020,10,Post-Monsoon,Post-Monsoon,0,Kollam,Oil Sardine,Sardinella longiceps,2.3,Prey (Small Pelagic),6031741.4,2922,29942,2064.25,28.52,238.6,2.9,1.39,0.95,1.25,1.202,2064.25,438.47,0.2128,-1177.881,1.589,-0.8660254037844386,0.5000000000000001,4400.86,5935.2,6010.96,1143.98,5449.006666666667,908.5116788095224,4681.375,-0.25851529812219426,-0.27857142857142847,-63.957142857142884,27.34,7.92,4.48,3233.0,-0.09619548377298025,1666.15,4771865.7
2020-11-01,2020,11,Post-Monsoon,Post-Monsoon,0,Kollam,Oil Sardine,Sardinella longiceps,2.3,Prey (Small Pelagic),4771865.7,2864,30130,1666.15,29.0,172.0,3.5,1.2,1.07,1.15,1.179,1666.15,403.07,0.2424,-839.116,1.44,-0.5000000000000004,0.8660254037844384,2064.25,4400.86,5935.2,1245.81,4133.436666666667,1949.2818947072,4921.758333333333,-0.5309439506574989,-0.015714285714288678,3.842857142857156,28.52,0.95,1.25,2922.0,-0.019849418138776803,1775.97,5823415.2
2020-12-01,2020,12,Winter / Post-Monsoon,Northeast/Dry,0,Kollam,Oil Sardine,Sardinella longiceps,2.3,Prey (Small Pelagic),5823415.2,3279,34648,1775.97,28.05,38.9,4.0,1.3,1.56,1.14,1.349,1775.97,402.43,0.227,-911.6,1.684,-2.4492935982947064e-16,1.0,1666.15,2064.25,4400.86,1026.07,2710.4200000000005,1477.434075585085,4927.803333333333,-0.19285454672227414,-0.4485714285714302,3.5214285714285722,29.0,1.07,1.15,2864.0,0.14490223413092795,2179.08,5561004.0
2021-01-01,2021,1,Winter / Post-Monsoon,Northeast/Dry,0,Kollam,Oil Sardine,Sardinella longiceps,2.3,Prey (Small Pelagic),5561004.0,2552,32732,2179.08,28.22,9.3,3.3,0.94,1.14,1.05,1.05,2179.08,465.92,0.2142,-1345.989,1.866,0.49999999999999994,0.8660254037844387,1775.97,1666.15,2064.25,1717.15,1835.4566666666672,205.60860909331242,3642.2316666666666,0.06591243245858752,-0.05642857142857238,0.8428571428571434,28.05,1.56,1.14,3279.0,-0.221713936499805,2112.18,6816008.5
2021-02-01,2021,2,Winter / Post-Monsoon,Northeast/Dry,0,Kollam,Oil Sardine,Sardinella longiceps,2.3,Prey (Small Pelagic),6816008.5,3227,36569,2112.18,28.2,11.4,3.7,0.8,1.29,0.91,1.328,2112.18,469.15,0.2225,-1313.195,1.822,0.8660254037844386,0.5000000000000001,2179.08,1775.97,1666.15,1886.11,1873.7333333333338,270.07878153103144,3003.5850000000005,0.2269801841980428,-0.45142857142857196,0.7428571428571438,28.22,1.14,1.05,2552.0,0.264498431565445,1036.58,3274545.5
2021-03-01,2021,3,Pre-Monsoon / Summer,Pre-Monsoon,0,Kollam,Oil Sardine,Sardinella longiceps,2.3,Prey (Small Pelagic),3274545.5,3159,33208,1036.58,29.7,24.2,3.6,0.72,1.04,0.77,1.3,1036.58,429.91,0.4153,-500.687,0.875,1.0,6.123233995736766e-17,2112.18,2179.08,1775.97,832.7,2022.4100000000005,216.02871961837292,2366.415,-0.03070102965149962,0.1642857142857146,-0.5357142857142883,28.2,1.29,0.91,3227.0,-0.02107220321948496,1008.0,2714554.6
2021-04-01,2021,4,Pre-Monsoon / Summer,Pre-Monsoon,0,Kollam,Oil Sardine,Sardinella longiceps,2.3,Prey (Small Pelagic),2714554.6,2693,34581,1008.0,30.14,98.4,4.4,1.01,1.7,1.2,1.108,1008.0,416.69,0.414,-460.344,0.846,0.8660254037844387,-0.4999999999999998,1036.58,2112.18,2179.08,621.95,1775.946666666667,641.1834396904574,1805.7016666666668,-0.5092368997470059,-0.1614285714285728,8.992857142857147,29.7,1.04,0.77,3159.0,-0.14751503593695778,979.1,2881494.1
2021-05-01,2021,5,Pre-Monsoon / Summer,Pre-Monsoon,0,Kollam,Oil Sardine,Sardinella longiceps,2.3,Prey (Small Pelagic),2881494.1,2943,31595,979.1,30.03,256.1,5.4,2.13,1.5,1.5,1.211,979.1,438.54,0.4485,-460.306,0.873,0.49999999999999994,-0.8660254037844387,1008.0,1036.58,2112.18,1629.88,1385.586666666667,629.4105243267588,1629.6599999999999,-0.027571436574394224,-0.09999999999999787,-4.9571428571428555,30.14,1.7,1.2,2693.0,0.09283327109976505,7468.68,5399854.6
2021-06-01,2021,6,Southwest Monsoon,Southwest Monsoon,1,Kollam,Oil Sardine,Sardinella longiceps,2.3,Prey (Small Pelagic),5399854.6,723,7685,7468.68,28.95,690.0,8.2,3.43,12.25,7.29,0.298,7468.68,1447.3,0.1939,-12468.828,7.147,1.2246467991473532e-16,-1.0,979.1,1008.0,1036.58,9489.4,1007.8933333333338,28.740148456206498,1515.1516666666666,-0.028670634636204,0.3592857142857149,20.278571428571354,30.03,1.5,1.5,2943.0,-0.7543323114022007,6411.57,4045698.3
2021-07-01,2021,7,Southwest Monsoon,Southwest Monsoon,1,Kollam,Oil Sardine,Sardinella longiceps,2.3,Prey (Small Pelagic),4045698.3,631,7334,6411.57,27.21,640.8,7.9,3.47,11.55,6.56,0.26,6411.57,851.17,0.1329,-6749.267,5.721,-0.4999999999999997,-0.8660254037844388,7468.68,979.1,1008.0,6010.96,3151.9266666666676,3738.4459750186693,2463.9366666666665,6.6281073779174,-0.4742857142857133,32.85000000000002,28.95,12.25,7.29,723.0,-0.12724757776974305,7447.01,18900522.5
2021-08-01,2021,8,Southwest Monsoon,Southwest Monsoon,0,Kollam,Oil Sardine,Sardinella longiceps,2.3,Prey (Small Pelagic),18900522.5,2538,36249,7447.01,27.73,445.8,6.9,2.75,10.28,5.95,1.044,7447.01,960.28,0.1291,-9102.522,6.219,-0.8660254037844385,-0.5000000000000004,6411.57,7468.68,979.1,5935.2,4953.116666666668,3481.950134369143,3169.351666666667,-0.1415390669548849,0.35285714285714675,28.785714285714334,27.21,11.55,6.56,631.0,3.022186956859161,5009.27,10759912.5
2021-09-01,2021,9,Southwest Monsoon,Southwest Monsoon,0,Kollam,Oil Sardine,Sardinella longiceps,2.3,Prey (Small Pelagic),10759912.5,2148,21978,5009.27,27.99,239.4,4.9,1.93,7.84,4.27,0.884,5009.27,816.3,0.1631,-5132.936,4.826,-1.0,-1.8369701987210297e-16,7447.01,6411.57,7468.68,4400.86,7109.086666666667,604.1643174114945,4058.49,0.16149554608076416,-0.03285714285714292,-10.578571428571422,27.73,10.28,5.95,2538.0,-0.1536643019950185,2097.93,5802866.6
2021-10-01,2021,10,Post-Monsoon,Post-Monsoon,0,Kollam,Oil Sardine,Sardinella longiceps,2.3,Prey (Small Pelagic),5802866.6,2766,34570,2097.93,28.18,270.1,4.2,1.82,0.92,1.22,1.138,2097.93,439.69,0.21,-1208.654,1.883,-0.8660254037844386,0.5000000000000001,5009.27,7447.01,6411.57,2064.25,6289.283333333334,1223.4621361257139,4720.6050000000005,-0.3273447996882711,-0.6185714285714283,-32.457142857142856,27.99,7.84,4.27,2148.0,0.2877094958672742,2306.56,5473459.8
2021-11-01,2021,11,Post-Monsoon,Post-Monsoon,0,Kollam,Oil Sardine,Sardinella longiceps,2.3,Prey (Small Pelagic),5473459.8,2373,25502,2306.56,28.87,171.7,3.9,1.18,1.5,1.52,0.977,2306.56,490.78,0.2131,-1458.075,1.859,-0.5000000000000004,0.8660254037844384,2097.93,5009.27,7447.01,1666.15,4851.403333333334,2678.032043298454,4902.26,-0.5811904717030817,-0.14571428571428768,3.5428571428571445,28.18,0.92,1.22,2766.0,-0.14208242898740986,2203.24,6686834.5
2021-12-01,2021,12,Winter / Post-Monsoon,Northeast/Dry,0,Kollam,Oil Sardine,Sardinella longiceps,2.3,Prey (Small Pelagic),6686834.5,3035,42924,2203.24,28.52,31.7,5.0,1.03,1.79,1.22,1.249,2203.24,505.74,0.2299,-1435.467,1.929,-2.4492935982947064e-16,1.0,2306.56,2097.93,5009.27,1775.97,3137.9200000000005,1623.990374386485,5123.503333333333,0.09944564356558307,0.021428571428568688,-3.678571428571427,28.87,1.5,1.52,2373.0,0.27897176452182143,1897.98,6356318.9
2022-01-01,2022,1,Winter / Post-Monsoon,Northeast/Dry,0,Kollam,Oil Sardine,Sardinella longiceps,2.3,Prey (Small Pelagic),6356318.9,3349,46159,1897.98,27.65,7.3,3.7,0.82,0.96,0.73,1.378,1897.98,461.49,0.2435,-1143.164,1.786,0.49999999999999994,0.8660254037844387,2203.24,2306.56,2097.93,2179.08,2202.576666666667,104.31658177531223,4245.929999999999,-0.04479397871811718,-0.6264285714285727,-1.1571428571428575,28.52,1.79,1.22,3035.0,0.10345963722089081,2182.63,6777073.7
2022-02-01,2022,2,Winter / Post-Monsoon,Northeast/Dry,0,Kollam,Oil Sardine,Sardinella longiceps,2.3,Prey (Small Pelagic),6777073.7,3105,30270,2182.63,28.31,10.7,3.5,0.88,1.02,0.84,1.278,2182.63,572.83,0.2628,-1606.366,2.005,0.8660254037844386,0.5000000000000001,1897.98,2203.24,2306.56,2112.18,2135.9266666666667,212.44462274504647,3493.6649999999995,-0.13855049772811623,-0.3414285714285725,0.042857142857142705,27.65,0.96,0.73,3349.0,-0.07285756920615834,2004.55,7507051.1
2022-03-01,2022,3,Pre-Monsoon / Summer,Pre-Monsoon,0,Kollam,Oil Sardine,Sardinella longiceps,2.3,Prey (Small Pelagic),7507051.1,3745,48847,2004.55,29.04,29.5,3.1,1.15,1.0,1.04,1.541,2004.55,622.11,0.3107,-1519.802,1.817,1.0,6.123233995736766e-17,2182.63,1897.98,2203.24,1036.58,2094.616666666667,170.6038599600987,2616.2683333333334,0.14997523604055243,-0.49571428571428555,4.7642857142857125,28.31,1.02,0.84,3105.0,0.20611916197707192,1040.29,2700587.3
2022-04-01,2022,4,Pre-Monsoon / Summer,Pre-Monsoon,0,Kollam,Oil Sardine,Sardinella longiceps,2.3,Prey (Small Pelagic),2700587.3,2596,36767,1040.29,30.04,75.5,3.7,0.99,0.96,0.82,1.068,1040.29,397.61,0.3828,-467.852,0.84,0.8660254037844387,-0.4999999999999998,2004.55,2182.63,1897.98,1008.0,2028.386666666667,143.81427478969104,2115.481666666667,-0.08158964148028008,-0.26142857142857423,-13.907142857142858,29.04,1.0,1.04,3745.0,-0.3068090779524457,1130.88,2765000.6
2022-05-01,2022,5,Pre-Monsoon / Summer,Pre-Monsoon,0,Kollam,Oil Sardine,Sardinella longiceps,2.3,Prey (Small Pelagic),2765000.6,2445,32521,1130.88,29.8,226.9,4.6,1.66,1.08,1.22,1.006,1130.88,458.45,0.4059,-575.553,1.084,0.49999999999999994,-0.8660254037844387,1040.29,2004.55,2182.63,979.1,1742.49,614.6069895469384,1939.2083333333333,-0.4810356415103857,-0.3299999999999983,-34.15714285714287,30.04,0.96,0.82,2596.0,-0.05816640963726344,11784.5,6069015.0
2022-06-01,2022,6,Southwest Monsoon,Southwest Monsoon,1,Kollam,Oil Sardine,Sardinella longiceps,2.3,Prey (Small Pelagic),6069015.0,515,6911,11784.5,28.15,932.2,7.9,3.26,11.79,7.53,0.212,11784.5,1554.15,0.132,-22671.327,9.655,1.2246467991473532e-16,-1.0,1130.88,1040.29,2004.55,7468.68,1391.906666666667,532.4946266708074,1743.2616666666665,0.08708148605598948,-0.44071428571428584,262.4785714285714,29.8,1.08,1.22,2445.0,-0.789366049941243,9077.43,6054645.6
2022-07-01,2022,7,Southwest Monsoon,Southwest Monsoon,1,Kollam,Oil Sardine,Sardinella longiceps,2.3,Prey (Small Pelagic),6054645.6,667,7798,9077.43,27.41,517.1,8.5,4.01,12.7,7.04,0.274,9077.43,1087.62,0.1199,-12496.602,8.196,-0.4999999999999997,-0.8660254037844388,11784.5,1130.88,1040.29,6411.57,4651.89,6177.187523145138,3340.138333333334,9.420645785400344,-0.274285714285714,-90.84999999999991,28.15,11.79,7.53,515.0,0.2951456253369782,4908.61,14706182.3
2022-08-01,2022,8,Southwest Monsoon,Southwest Monsoon,0,Kollam,Oil Sardine,Sardinella longiceps,2.3,Prey (Small Pelagic),14706182.3,2996,28620,4908.61,26.62,260.1,7.8,2.32,11.68,6.21,1.233,4908.61,569.56,0.1162,-3531.362,4.617,-0.8660254037844385,-0.5000000000000004,9077.43,11784.5,1130.88,7447.01,7330.936666666668,5537.380608070327,4536.713333333334,-0.22971445523381182,-0.7571428571428527,-156.91428571428565,27.41,12.7,7.04,667.0,3.491754070588395,7415.86,21721067.0
2022-09-01,2022,9,Southwest Monsoon,Southwest Monsoon,0,Kollam,Oil Sardine,Sardinella longiceps,2.3,Prey (Small Pelagic),21721067.0,2929,33417,7415.86,27.68,291.6,6.2,2.06,9.5,5.29,1.205,7415.86,1044.33,0.1409,-9861.522,6.42,-1.0,-1.8369701987210297e-16,4908.61,9077.43,11784.5,5009.27,8590.18,3463.744396588751,4991.043333333334,-0.45925113114697547,-0.34285714285714164,41.621428571428595,26.62,11.68,6.21,2996.0,-0.0223631507931804,2644.04,7479984.7
2022-10-01,2022,10,Post-Monsoon,Post-Monsoon,0,Kollam,Oil Sardine,Sardinella longiceps,2.3,Prey (Small Pelagic),7479984.7,2829,35575,2644.04,28.54,337.9,3.5,1.24,1.19,1.57,1.164,2644.04,592.37,0.2243,-2007.703,2.318,-0.8660254037844386,0.5000000000000001,7415.86,4908.61,9077.43,2097.93,7133.966666666667,2098.6574128793145,5892.928333333333,0.5107861481951385,-0.2585714285714289,35.3428571428571,27.68,9.5,5.29,2929.0,-0.03414134505243651,3200.34,11402821.8
2022-11-01,2022,11,Post-Monsoon,Post-Monsoon,0,Kollam,Oil Sardine,Sardinella longiceps,2.3,Prey (Small Pelagic),11402821.8,3563,39192,3200.34,28.33,162.5,4.0,1.43,1.67,1.77,1.466,3200.34,612.85,0.1917,-2606.514,2.577,-0.5000000000000004,0.8660254037844384,2644.04,7415.86,4908.61,2306.56,4989.503333333334,2386.9382745754633,6160.22,-0.6434614452761225,-0.6857142857142904,-5.657142857142844,28.54,1.19,1.57,2829.0,0.25945563711751274,2092.73,6361908.9
2022-12-01,2022,12,Winter / Post-Monsoon,Northeast/Dry,0,Kollam,Oil Sardine,Sardinella longiceps,2.3,Prey (Small Pelagic),6361908.9,3040,32601,2092.73,28.0,33.7,4.7,1.33,1.36,0.98,1.251,2092.73,494.66,0.2367,-1343.196,2.091,-2.4492935982947064e-16,1.0,3200.34,2644.04,7415.86,2203.24,4420.080000000001,2609.289324471312,6505.130000000001,0.21039772389828554,-0.4985714285714309,-1.6785714285714235,28.33,1.67,1.77,3563.0,-0.146786415529648,2180.2,6540586.4
2023-01-01,2023,1,Winter / Post-Monsoon,Northeast/Dry,0,Kollam,Oil Sardine,Sardinella longiceps,2.3,Prey (Small Pelagic),6540586.4,3000,43451,2180.2,28.72,7.3,3.4,1.12,0.95,0.81,1.235,2180.2,547.42,0.2514,-1552.317,2.025,0.49999999999999994,0.8660254037844387,2092.73,3200.34,2644.04,1897.98,2645.7033333333343,553.8068734074033,4889.835,-0.3460913517123451,0.4435714285714276,-1.1571428571428575,28.0,1.36,0.98,3040.0,-0.013157894693559557,1985.08,5423229.6
2023-02-01,2023,2,Winter / Post-Monsoon,Northeast/Dry,0,Kollam,Oil Sardine,Sardinella longiceps,2.3,Prey (Small Pelagic),5423229.6,2732,35246,1985.08,29.13,7.9,4.6,0.5,1.39,1.1,1.124,1985.08,592.06,0.2986,-1436.448,1.779,0.8660254037844386,0.5000000000000001,2180.2,2092.73,3200.34,2182.63,2491.0900000000006,615.7835838181707,3740.2966666666666,0.04179707825760084,0.47857142857142776,-2.7571428571428562,28.72,0.95,0.81,3000.0,-0.08933333303555555,1371.87,3328166.6
2023-03-01,2023,3,Pre-Monsoon / Summer,Pre-Monsoon,0,Kollam,Oil Sardine,Sardinella longiceps,2.3,Prey (Small Pelagic),3328166.6,2426,35054,1371.87,29.72,30.8,3.5,1.22,1.55,1.15,0.998,1371.87,609.98,0.445,-938.282,1.365,1.0,6.123233995736766e-17,1985.08,2180.2,2092.73,2004.55,2086.003333333334,97.73376915520144,3253.0416666666665,-0.08949637606872586,0.18428571428571416,6.064285714285713,29.13,1.39,1.1,2732.0,-0.11200585610539583,448.17,1124907.8
2023-04-01,2023,4,Pre-Monsoon / Summer,Pre-Monsoon,0,Kollam,Oil Sardine,Sardinella longiceps,2.3,Prey (Small Pelagic),1124907.8,2510,35066,448.17,30.67,70.9,4.3,1.33,0.58,0.55,1.033,448.17,337.13,0.7528,-149.9,0.396,0.8660254037844387,-0.4999999999999998,1371.87,1985.08,2180.2,1040.29,1845.7166666666672,421.8008430921894,2245.71,-0.30890946304980427,0.36857142857142833,-18.507142857142853,29.72,1.55,1.15,2426.0,0.03462489680698723,847.17,2737209.7
2023-05-01,2023,5,Pre-Monsoon / Summer,Pre-Monsoon,0,Kollam,Oil Sardine,Sardinella longiceps,2.3,Prey (Small Pelagic),2737209.7,3231,36146,847.17,30.46,217.2,4.1,2.3,1.71,1.21,1.33,847.17,419.89,0.4962,-377.288,0.792,0.49999999999999994,-0.8660254037844387,448.17,1371.87,1985.08,1130.88,1268.373333333334,773.664499013158,1879.7316666666668,-0.673314521978653,0.33000000000000185,-43.85714285714289,30.67,0.58,0.55,2510.0,0.28725099487150996,8127.5,4746460.8
2023-06-01,2023,6,Southwest Monsoon,Southwest Monsoon,1,Kollam,Oil Sardine,Sardinella longiceps,2.3,Prey (Small Pelagic),4746460.8,584,5667,8127.5,28.81,607.3,7.0,3.43,10.31,6.2,0.24,8127.5,1609.83,0.1982,-15370.029,7.901,1.2246467991473532e-16,-1.0,847.17,448.17,1371.87,11784.5,889.0700000000006,463.2732778824468,1487.5366666666666,0.8902871479508412,0.2192857142857143,-62.42142857142869,30.46,1.71,1.21,3231.0,-0.8192510033449365,12690.26,7411113.4
2023-07-01,2023,7,Southwest Monsoon,Southwest Monsoon,1,Kollam,Oil Sardine,Sardinella longiceps,2.3,Prey (Small Pelagic),7411113.4,584,6811,12690.26,28.14,556.0,8.9,3.02,13.72,7.63,0.24,12690.26,1774.2,0.1399,-27561.733,11.5,-0.4999999999999997,-0.8660254037844388,8127.5,847.17,448.17,9077.43,3140.946666666667,4323.087537817535,2493.3316666666665,8.593706002411489,0.4557142857142864,-51.94999999999993,28.81,10.31,6.2,584.0,0.0,9679.78,29910522.6
2023-08-01,2023,8,Southwest Monsoon,Southwest Monsoon,0,Kollam,Oil Sardine,Sardinella longiceps,2.3,Prey (Small Pelagic),29910522.6,3090,32941,9679.78,27.62,454.9,7.7,3.29,11.31,6.55,1.272,9679.78,1163.4,0.1203,-14456.713,8.463,-0.8660254037844385,-0.5000000000000004,12690.26,8127.5,847.17,4908.61,7221.643333333333,5973.284474427221,4245.008333333333,0.5613977230865608,0.24285714285714732,37.8857142857143,28.14,13.72,7.63,584.0,4.291095816933291,7256.7,17916793.9
2023-09-01,2023,9,Southwest Monsoon,Southwest Monsoon,0,Kollam,Oil Sardine,Sardinella longiceps,2.3,Prey (Small Pelagic),17916793.9,2469,32868,7256.7,28.66,216.2,5.3,2.04,7.82,4.6,1.016,7256.7,1338.31,0.1845,-11947.219,6.105,-1.0,-1.8369701987210297e-16,9679.78,12690.26,8127.5,7415.86,10165.846666666668,2319.8901499280687,5527.458333333333,-0.23722760586683989,0.6371428571428588,-33.77857142857144,27.62,11.31,6.55,3090.0,-0.20097087313601658,2237.73,6144814.7
2023-10-01,2023,10,Post-Monsoon,Post-Monsoon,0,Kollam,Oil Sardine,Sardinella longiceps,2.3,Prey (Small Pelagic),6144814.7,2746,34221,2237.73,29.22,267.5,4.4,1.04,1.36,1.55,1.13,2237.73,699.17,0.3128,-1865.368,2.005,-0.8660254037844386,0.5000000000000001,7256.7,9679.78,12690.26,2644.04,9875.58,2722.066641065194,6508.263333333333,-0.2503238707384633,0.4214285714285708,-35.05714285714288,28.66,7.82,4.6,2469.0,0.11219117005997906,2059.68,5999857.2
2023-11-01,2023,11,Post-Monsoon,Post-Monsoon,0,Kollam,Oil Sardine,Sardinella longiceps,2.3,Prey (Small Pelagic),5999857.2,2913,40952,2059.68,29.29,139.2,3.7,1.47,1.01,0.91,1.199,2059.68,659.59,0.3206,-1662.429,1.737,-0.5000000000000004,0.8660254037844384,2237.73,7256.7,9679.78,3200.34,6391.403333333335,3795.731917777294,6806.5233333333335,-0.691632559301566,0.27428571428571047,-28.957142857142856,29.22,1.36,1.55,2746.0,0.06081573175230978,2401.86,6847689.7
2023-12-01,2023,12,Winter / Post-Monsoon,Northeast/Dry,0,Kollam,Oil Sardine,Sardinella longiceps,2.3,Prey (Small Pelagic),6847689.7,2851,37623,2401.86,28.79,35.8,4.1,1.28,1.32,1.23,1.173,2401.86,653.9,0.2726,-1961.913,2.13,-2.4492935982947064e-16,1.0,2059.68,2237.73,7256.7,2092.73,3851.3700000000003,2950.4456879088552,7008.608333333334,-0.07956723965998032,0.29142857142856826,0.4214285714285708,29.29,1.01,0.91,2913.0,-0.02128389968663268,1667.29,4656752.3
2024-01-01,2024,1,Winter / Post-Monsoon,Northeast/Dry,0,Kollam,Oil Sardine,Sardinella longiceps,2.3,Prey (Small Pelagic),4656752.3,2793,36548,1667.29,28.07,8.9,3.0,1.0,0.37,0.51,1.149,1667.29,445.65,0.2677,-956.656,1.763,0.49999999999999994,0.8660254037844387,2401.86,2059.68,2237.73,2180.2,2233.0900000000006,171.13718269260275,6054.335,0.1661326023162211,-0.20642857142857096,0.44285714285714306,28.79,1.32,1.23,2851.0,-0.020343738967577202,2429.99,8400479.5
2024-02-01,2024,2,Winter / Post-Monsoon,Northeast/Dry,0,Kollam,Oil Sardine,Sardinella longiceps,2.3,Prey (Small Pelagic),8400479.5,3457,40331,2429.99,28.2,10.9,4.1,1.59,1.24,1.06,1.423,2429.99,615.09,0.2534,-1918.562,2.269,0.8660254037844386,0.5000000000000001,1667.29,2401.86,2059.68,1985.08,2042.9433333333338,367.57088871848237,4217.173333333333,-0.30583381085561273,-0.45142857142857196,0.24285714285714377,28.07,0.37,0.51,2793.0,0.23773719929202577,1319.37,3525355.3
2024-03-01,2024,3,Pre-Monsoon / Summer,Pre-Monsoon,0,Kollam,Oil Sardine,Sardinella longiceps,2.3,Prey (Small Pelagic),3525355.3,2672,38420,1319.37,29.67,29.2,3.5,0.63,1.03,0.77,1.1,1319.37,502.97,0.3817,-770.785,1.167,1.0,6.123233995736766e-17,2429.99,1667.29,2401.86,1371.87,2166.3800000000006,432.4534024608447,3008.875,0.45744891136245686,0.134285714285717,4.464285714285712,28.2,1.24,1.06,3457.0,-0.22707549833070437,757.22,2241363.0
2024-04-01,2024,4,Pre-Monsoon / Summer,Pre-Monsoon,0,Kollam,Oil Sardine,Sardinella longiceps,2.3,Prey (Small Pelagic),2241363.0,2960,40803,757.22,30.3,106.9,4.1,1.86,1.27,0.87,1.218,757.22,416.39,0.5505,-332.998,0.814,0.8660254037844387,-0.4999999999999998,1319.37,2429.99,1667.29,448.17,1805.5500000000004,568.0722373078638,2019.3199999999997,-0.457047146461314,-0.001428571428572667,17.492857142857147,29.67,1.03,0.77,2672.0,0.1077844307343397,674.22,2199307.9
2024-05-01,2024,5,Pre-Monsoon / Summer,Pre-Monsoon,0,Kollam,Oil Sardine,Sardinella longiceps,2.3,Prey (Small Pelagic),2199307.9,3262,38297,674.22,30.43,238.3,5.3,1.45,1.36,1.18,1.342,674.22,481.04,0.7139,-331.397,0.578,0.49999999999999994,-0.8660254037844387,757.22,1319.37,2429.99,847.17,1502.1933333333338,851.239182975793,1772.5683333333334,-0.4260745626619177,0.3000000000000007,-22.757142857142867,30.3,1.27,0.87,2960.0,0.10202702668234112,10826.09,7307611.7
2024-06-01,2024,6,Southwest Monsoon,Southwest Monsoon,1,Kollam,Oil Sardine,Sardinella longiceps,2.3,Prey (Small Pelagic),7307611.7,675,7376,10826.09,28.07,555.8,7.7,3.7,11.28,6.5,0.278,10826.09,1383.32,0.1279,-19061.125,8.964,1.2246467991473532e-16,-1.0,674.22,757.22,1319.37,8127.5,916.9366666666673,350.97961597975603,1541.658333333333,-0.10961147210042693,-0.5207142857142841,-113.92142857142869,30.43,1.36,1.18,3262.0,-0.7930717327005771,10788.36,7497907.0
2024-07-01,2024,7,Southwest Monsoon,Southwest Monsoon,1,Kollam,Oil Sardine,Sardinella longiceps,2.3,Prey (Small Pelagic),7497907.0,695,7940,10788.36,28.14,586.5,8.3,3.26,12.54,7.02,0.286,10788.36,1586.12,0.1471,-20928.081,9.955,-0.4999999999999997,-0.8660254037844388,10826.09,674.22,757.22,12690.26,4085.843333333334,5837.372362256266,2945.6966666666667,15.057206623102154,0.4557142857142864,-21.449999999999932,28.07,11.28,6.5,675.0,0.02962962919067216,8678.04,22111653.6
2024-08-01,2024,8,Southwest Monsoon,Southwest Monsoon,0,Kollam,Oil Sardine,Sardinella longiceps,2.3,Prey (Small Pelagic),22111653.6,2548,32661,8678.04,27.59,528.2,7.3,3.14,11.14,6.56,1.049,8678.04,1203.11,0.1387,-12960.777,8.164,-0.8660254037844385,-0.5000000000000004,10788.36,10826.09,674.22,9679.78,7429.556666666668,5850.323580643492,4465.875,-0.003485099418640393,0.2128571428571462,111.18571428571437,28.14,12.54,7.02,695.0,2.6661870119973092,5430.7,19414760.1
2024-09-01,2024,9,Southwest Monsoon,Southwest Monsoon,0,Kollam,Oil Sardine,Sardinella longiceps,2.3,Prey (Small Pelagic),19414760.1,3575,41683,5430.7,28.01,235.8,5.2,1.94,8.04,4.47,1.471,5430.7,1011.57,0.1864,-6702.546,6.051,-1.0,-1.8369701987210297e-16,8678.04,10788.36,10826.09,7256.7,10097.496666666668,1229.4302784758797,5507.216666666667,-0.1956108248189615,-0.012857142857139792,-14.178571428571416,27.59,11.14,6.56,2548.0,0.40306122290792296,2644.95,7620094.3
2024-10-01,2024,10,Post-Monsoon,Post-Monsoon,0,Kollam,Oil Sardine,Sardinella longiceps,2.3,Prey (Small Pelagic),7620094.3,2881,29849,2644.95,28.65,356.4,4.4,1.23,1.23,1.57,1.186,2644.95,677.39,0.2564,-2233.466,2.294,-0.8660254037844386,0.5000000000000001,5430.7,8678.04,10788.36,2237.73,8299.033333333335,2698.863595836826,6192.438333333333,-0.37420200831731365,-0.14857142857142946,53.8428571428571,28.01,8.04,4.47,3575.0,-0.19412587358286468,2378.54,6065283.7
2024-11-01,2024,11,Post-Monsoon,Post-Monsoon,0,Kollam,Oil Sardine,Sardinella longiceps,2.3,Prey (Small Pelagic),6065283.7,2550,34933,2378.54,29.19,160.4,4.1,1.38,1.39,1.31,1.049,2378.54,666.13,0.2804,-1957.728,1.949,-0.5000000000000004,0.8660254037844384,2644.95,5430.7,8678.04,2059.68,5584.563333333334,3019.4865757332445,6507.06,-0.5129633371149883,0.1742857142857126,-7.7571428571428385,28.65,1.23,1.57,2881.0,-0.11489066256546107,2767.99,7249373.4
2024-12-01,2024,12,Winter / Post-Monsoon,Northeast/Dry,0,Kollam,Oil Sardine,Sardinella longiceps,2.3,Prey (Small Pelagic),7249373.4,2619,34483,2767.99,28.88,38.5,3.2,0.63,1.38,1.12,1.078,2767.99,619.73,0.2242,-2274.377,2.143,-2.4492935982947064e-16,1.0,2378.54,2644.95,5430.7,2401.86,3484.730000000001,1690.5156026194884,6791.113333333334,-0.1007240208672223,0.3814285714285681,3.1214285714285737,29.19,1.39,1.31,2550.0,0.02705882342329873,2216.57,6217472.6
2025-01-01,2025,1,Winter / Post-Monsoon,Northeast/Dry,0,Kollam,Oil Sardine,Sardinella longiceps,2.3,Prey (Small Pelagic),6217472.6,2805,35145,2216.57,28.27,8.2,3.3,1.34,1.16,0.74,1.154,2216.57,461.03,0.2083,-1403.709,1.954,0.49999999999999994,0.8660254037844387,2767.99,2378.54,2644.95,1667.29,2597.1600000000003,199.07470632888143,5448.096666666667,0.1637348955084425,-0.006428571428571672,-0.257142857142858,28.88,1.38,1.12,2619.0,0.07101947281015855,1519.05,4774384.8
2025-02-01,2025,2,Winter / Post-Monsoon,Northeast/Dry,0,Kollam,Oil Sardine,Sardinella longiceps,2.3,Prey (Small Pelagic),4774384.8,3143,30653,1519.05,29.05,11.8,3.5,1.3,1.05,0.93,1.293,1519.05,558.41,0.368,-992.483,1.562,0.8660254037844386,0.5000000000000001,2216.57,2767.99,2378.54,2429.99,2454.3666666666672,283.4224173089763,4019.465,-0.1992131467266385,0.39857142857142946,1.1428571428571441,28.27,1.16,0.74,2805.0,0.120499108304816,1338.52,3517642.2
2025-03-01,2025,3,Pre-Monsoon / Summer,Pre-Monsoon,0,Kollam,Oil Sardine,Sardinella longiceps,2.3,Prey (Small Pelagic),3517642.2,2628,26149,1338.52,29.46,20.8,4.2,0.97,1.05,0.73,1.081,1338.52,506.48,0.3789,-791.132,1.203,1.0,6.123233995736766e-17,1519.05,2216.57,2767.99,1319.37,2167.8700000000003,625.8926013302363,2826.2999999999997,-0.3146843983511263,-0.07571428571428385,-3.935714285714287,29.05,1.05,0.93,3143.0,-0.16385618783373787,991.0,3356523.1
2025-04-01,2025,4,Pre-Monsoon / Summer,Pre-Monsoon,0,Kollam,Oil Sardine,Sardinella longiceps,2.3,Prey (Small Pelagic),3356523.1,3387,46746,991.0,29.88,87.4,3.2,1.37,0.0,0.54,1.394,991.0,375.92,0.38,-427.021,0.888,0.8660254037844387,-0.4999999999999998,1338.52,1519.05,2216.57,757.22,1691.3800000000008,463.6983634863619,2144.27,-0.11884401356871718,-0.4214285714285744,-2.0071428571428527,29.46,1.05,0.73,2628.0,0.28881278428914464,1369.59,3466438.2
2025-05-01,2025,5,Pre-Monsoon / Summer,Pre-Monsoon,0,Kollam,Oil Sardine,Sardinella longiceps,2.3,Prey (Small Pelagic),3466438.2,2531,29915,1369.59,29.7,258.8,5.7,2.3,1.8,1.59,1.042,1369.59,578.61,0.4229,-877.229,1.264,0.49999999999999994,-0.8660254037844387,991.0,1338.52,1519.05,674.22,1282.8566666666673,268.38965261958833,1868.6116666666667,-0.25963003720803546,-0.4299999999999997,-2.257142857142867,29.88,0.0,0.54,3387.0,-0.25273102966421307,10933.11,6286536.8
2025-06-01,2025,6,Southwest Monsoon,Southwest Monsoon,1,Kollam,Oil Sardine,Sardinella longiceps,2.3,Prey (Small Pelagic),6286536.8,575,5884,10933.11,28.49,572.2,8.5,3.26,12.44,7.31,0.237,10933.11,1547.3,0.1416,-20717.85,8.951,1.2246467991473532e-16,-1.0,1369.59,991.0,1338.52,10826.09,1233.036666666667,210.1847930590206,1700.4533333333336,0.38202825043362,-0.10071428571428598,-97.5214285714286,29.7,1.8,1.59,2531.0,-0.7728170652990238,7149.31,4418275.9
2025-07-01,2025,7,Southwest Monsoon,Southwest Monsoon,1,Kollam,Oil Sardine,Sardinella longiceps,2.3,Prey (Small Pelagic),4418275.9,618,8598,7149.31,27.83,707.7,7.6,3.22,11.18,6.95,0.254,7149.31,1037.99,0.1453,-8989.802,8.231,-0.4999999999999997,-0.8660254037844388,10933.11,1369.59,991.0,10788.36,4431.2333333333345,5633.971311467007,3061.306666666667,6.982761213335662,0.14571428571428413,99.75000000000011,28.49,12.44,7.31,575.0,0.07478260739508509,7597.72,27207449.0
2025-08-01,2025,8,Southwest Monsoon,Southwest Monsoon,0,Kollam,Oil Sardine,Sardinella longiceps,2.3,Prey (Small Pelagic),27207449.0,3581,36983,7597.72,27.35,339.2,6.5,2.71,10.01,5.62,1.474,7597.72,773.16,0.1019,-8005.621,5.776,-0.8660254037844385,-0.5000000000000004,7149.31,10933.11,1369.59,8678.04,6484.003333333334,4816.347518414059,3883.4300000000003,-0.34608633742266715,-0.02714285714285225,-77.81428571428569,27.83,11.18,6.95,618.0,4.794498304296144,6010.26,18271179.6
2025-09-01,2025,9,Southwest Monsoon,Southwest Monsoon,0,Kollam,Oil Sardine,Sardinella longiceps,2.3,Prey (Small Pelagic),18271179.6,3040,41183,6010.26,28.46,276.5,5.3,2.21,8.2,4.81,1.251,6010.26,1057.74,0.1761,-7791.249,5.695,-1.0,-1.8369701987210297e-16,7597.72,7149.31,10933.11,5430.7,8560.046666666667,2067.3267932364392,4896.541666666667,0.06272073799748402,0.4371428571428595,26.521428571428572,27.35,10.01,5.62,3581.0,-0.1510751182600527,2064.35,7470870.7
2025-10-01,2025,10,Post-Monsoon,Post-Monsoon,0,Kollam,Oil Sardine,Sardinella longiceps,2.3,Prey (Small Pelagic),7470870.7,3619,47249,2064.35,28.44,287.7,3.2,0.99,0.82,1.27,1.489,2064.35,528.1,0.2562,-1361.223,2.024,-0.8660254037844386,0.5000000000000001,6010.26,7597.72,7149.31,2644.95,6919.096666666667,818.386184532253,5675.165000000001,-0.20893899721371806,-0.35857142857142676,-14.85714285714289,28.46,8.2,4.81,3040.0,0.19046052568927457,2118.36,6454652.3
2025-11-01,2025,11,Post-Monsoon,Post-Monsoon,0,Kollam,Oil Sardine,Sardinella longiceps,2.3,Prey (Small Pelagic),6454652.3,3047,41074,2118.36,28.76,178.7,3.9,1.21,0.9,1.11,1.254,2118.36,601.27,0.2842,-1577.227,1.849,-0.5000000000000004,0.8660254037844384,2064.35,6010.26,7597.72,2378.54,5224.110000000001,2849.222658217488,5854.056666666667,-0.6565290009807746,-0.2557142857142871,10.542857142857144,28.44,0.82,1.27,3619.0,-0.15805471080946473,2023.72,5953785.5
2012-04-01,2012,4,Pre-Monsoon / Summer,Pre-Monsoon,0,Kozhikode,Oil Sardine,Sardinella longiceps,2.3,Prey (Small Pelagic),2057700.4,3175,31488,648.09,30.52,77.2,5.0,1.47,1.52,0.98,1.411,648.09,320.15,0.4948,-214.656,0.551,0.8660254037844387,-0.4999999999999998,1609.76,1736.32,2007.96,1784.68,1784.68,203.45718763415553,1784.68,-0.07288978948068447,0.2185714285714262,-12.207142857142856,29.29,1.05,0.79,2355.0,0.3481953276085124,736.38,1724608.2
2012-05-01,2012,5,Pre-Monsoon / Summer,Pre-Monsoon,0,Kozhikode,Oil Sardine,Sardinella longiceps,2.3,Prey (Small Pelagic),1724608.2,2342,23137,736.38,30.32,246.6,6.3,1.7,1.64,1.33,1.041,736.38,397.48,0.5404,-302.839,0.768,0.49999999999999994,-0.8660254037844387,648.09,1609.76,1736.32,1331.39,1331.39,595.1289993774457,1500.5325,-0.5973996086534663,0.19000000000000128,-14.457142857142884,30.52,1.52,0.98,3175.0,-0.2623622038980718,8496.76,5259492.4
2012-06-01,2012,6,Southwest Monsoon,Southwest Monsoon,1,Kozhikode,Oil Sardine,Sardinella longiceps,2.3,Prey (Small Pelagic),5259492.4,619,7989,8496.76,28.42,588.9,6.7,3.61,9.75,5.97,0.275,8496.76,1094.74,0.1289,-11895.088,7.248,1.2246467991473532e-16,-1.0,736.38,648.09,1609.76,998.0766666666668,998.0766666666668,531.5695215428862,1347.702,0.1362310769147637,-0.1707142857142827,-80.82142857142867,30.32,1.64,1.33,2342.0,-0.7356959831951495,9056.67,4401542.9
2012-07-01,2012,7,Southwest Monsoon,Southwest Monsoon,1,Kozhikode,Oil Sardine,Sardinella longiceps,2.3,Prey (Small Pelagic),4401542.9,486,5922,9056.67,27.6,763.4,8.4,3.55,12.85,7.49,0.216,9056.67,1228.44,0.1357,-13604.937,8.777,-0.4999999999999997,-0.8660254037844388,8496.76,736.38,648.09,3293.7433333333333,3293.7433333333333,4506.160850017821,2539.2116666666666,10.53855332113103,-0.08428571428571274,155.45000000000005,28.42,9.75,5.97,619.0,-0.21486267827362396,3648.27,11820380.5
2012-08-01,2012,8,Southwest Monsoon,Southwest Monsoon,0,Kozhikode,Oil Sardine,Sardinella longiceps,2.3,Prey (Small Pelagic),11820380.5,3240,41553,3648.27,26.74,289.1,6.5,2.51,9.81,5.42,1.44,3648.27,503.81,0.1383,-2248.401,3.867,-0.8660254037844385,-0.5000000000000004,9056.67,8496.76,736.38,6096.6033333333335,6096.6033333333335,4650.523673677335,3713.9966666666674,0.06589688296962973,-0.6371428571428552,-127.91428571428565,27.6,12.85,7.49,486.0,5.66666655006859,7179.63,19629097.3
2012-09-01,2012,9,Southwest Monsoon,Southwest Monsoon,0,Kozhikode,Oil Sardine,Sardinella longiceps,2.3,Prey (Small Pelagic),19629097.3,2734,34358,7179.63,27.84,330.7,5.8,1.86,8.89,5.16,1.215,7179.63,863.17,0.1203,-8207.152,6.247,-1.0,-1.8369701987210297e-16,3648.27,9056.67,8496.76,7067.233333333334,7067.233333333334,2974.1145754717204,4032.655,-0.5971731325120898,-0.1828571428571415,80.72142857142856,26.74,9.81,5.42,3240.0,-0.1561728390241579,1805.15,4733096.7
2012-10-01,2012,10,Post-Monsoon,Post-Monsoon,0,Kozhikode,Oil Sardine,Sardinella longiceps,2.3,Prey (Small Pelagic),4733096.7,2622,37981,1805.15,28.49,328.5,3.6,1.19,1.08,1.61,1.165,1805.15,529.12,0.2935,-1129.951,2.084,-0.8660254037844386,0.5000000000000001,7179.63,3648.27,9056.67,6628.19,6628.19,2746.0448276020547,4960.966666666666,0.9679546717541336,-0.3085714285714296,25.94285714285712,27.84,8.89,5.16,2734.0,-0.040965617992078936,1760.88,5791533.1
2012-11-01,2012,11,Post-Monsoon,Post-Monsoon,0,Kozhikode,Oil Sardine,Sardinella longiceps,2.3,Prey (Small Pelagic),5791533.1,3289,35002,1760.88,29.06,191.9,3.8,1.38,1.11,1.43,1.462,1760.88,547.75,0.3115,-1138.952,1.841,-0.5000000000000004,0.8660254037844384,1805.15,7179.63,3648.27,4211.016666666667,4211.016666666667,2731.07518675948,5153.81,-0.7485733934080538,0.04428571428571004,23.74285714285716,28.49,1.08,1.61,2622.0,0.2543859639420825,2396.98,6642032.8
2012-12-01,2012,12,Winter / Post-Monsoon,Northeast/Dry,0,Kozhikode,Oil Sardine,Sardinella longiceps,2.3,Prey (Small Pelagic),6642032.8,2771,39222,2396.98,28.23,36.7,3.8,0.69,1.12,0.96,1.232,2396.98,454.6,0.19,-1513.901,2.083,-2.4492935982947064e-16,1.0,1760.88,1805.15,7179.63,3581.886666666667,3581.886666666667,3115.815748344778,5324.56,-0.024524277624993603,-0.26857142857143046,1.3214285714285765,29.06,1.11,1.43,3289.0,-0.15749467875495687,2086.73,5268996.1
2013-01-01,2013,1,Winter / Post-Monsoon,Northeast/Dry,0,Kozhikode,Oil Sardine,Sardinella longiceps,2.3,Prey (Small Pelagic),5268996.1,2525,34373,2086.73,28.6,7.0,3.3,0.56,0.8,0.64,1.122,2086.73,459.71,0.2207,-1303.557,1.733,0.49999999999999994,0.8660254037844387,2396.98,1760.88,1805.15,2007.96,1987.6700000000008,355.16329385226675,4307.93,0.3612398325766671,0.3235714285714302,-1.4571428571428573,28.23,1.12,0.96,2771.0,-0.08877661462007717,2038.04,6440192.9
2013-02-01,2013,2,Winter / Post-Monsoon,Northeast/Dry,0,Kozhikode,Oil Sardine,Sardinella longiceps,2.3,Prey (Small Pelagic),6440192.9,3160,45434,2038.04,28.47,9.1,3.9,0.72,0.96,0.79,1.404,2038.04,488.96,0.2403,-1305.595,1.868,0.8660254037844386,0.5000000000000001,2086.73,2396.98,1760.88,1736.32,2081.5300000000007,318.0818801818043,3146.273333333334,-0.1294337035376444,-0.18142857142857238,-1.557142857142857,28.6,0.8,0.64,2525.0,0.2514851475188707,1576.64,4919112.4
2013-03-01,2013,3,Pre-Monsoon / Summer,Pre-Monsoon,0,Kozhikode,Oil Sardine,Sardinella longiceps,2.3,Prey (Small Pelagic),4919112.4,3120,33774,1576.64,29.4,25.6,3.6,1.1,1.21,1.11,1.387,1576.64,465.99,0.296,-882.672,1.43,1.0,6.123233995736766e-17,2038.04,2086.73,2396.98,1609.76,2173.9166666666674,194.70648944841355,2877.9016666666666,-0.023333157507999826,-0.13571428571428612,0.8642857142857139,28.47,0.96,0.79,3160.0,-0.012658227808043583,760.73,1913225.6
2013-04-01,2013,4,Pre-Monsoon / Summer,Pre-Monsoon,0,Kozhikode,Oil Sardine,Sardinella longiceps,2.3,Prey (Small Pelagic),1913225.6,2515,23932,760.73,30.12,87.7,3.8,0.96,1.41,1.05,1.118,760.73,433.1,0.5699,-345.02,0.657,0.8660254037844387,-0.4999999999999998,1576.64,2038.04,2086.73,648.09,1900.4700000000005,281.49969928934496,1944.07,-0.22639398526822832,-0.18142857142857238,-1.7071428571428555,29.4,1.21,1.11,3120.0,-0.19391025578874918,1216.65,3065964.7
2013-05-01,2013,5,Pre-Monsoon / Summer,Pre-Monsoon,0,Kozhikode,Oil Sardine,Sardinella longiceps,2.3,Prey (Small Pelagic),3065964.7,2520,34657,1216.65,29.84,306.7,5.8,2.05,1.67,1.57,1.12,1216.65,500.81,0.4121,-669.942,1.07,0.49999999999999994,-0.8660254037844387,760.73,1576.64,2038.04,736.38,1458.4700000000005,646.8023814891155,1770.0,-0.5174992356054696,-0.28999999999999915,45.64285714285711,30.12,1.41,1.05,2515.0,0.0019880715626716837,8841.06,4694605.4
2013-06-01,2013,6,Southwest Monsoon,Southwest Monsoon,1,Kozhikode,Oil Sardine,Sardinella longiceps,2.3,Prey (Small Pelagic),4694605.4,531,5968,8841.06,28.52,614.9,8.1,3.48,12.14,7.09,0.236,8841.06,1523.44,0.1724,-15931.789,8.634,1.2246467991473532e-16,-1.0,1216.65,760.73,1576.64,8496.76,1184.673333333334,408.89382782493135,1679.295,0.5993190672207083,-0.07071428571428484,-54.82142857142867,29.84,1.67,1.57,2520.0,-0.7892857111536281,10614.66,6060972.9
2013-07-01,2013,7,Southwest Monsoon,Southwest Monsoon,1,Kozhikode,Oil Sardine,Sardinella longiceps,2.3,Prey (Small Pelagic),6060972.9,571,7547,10614.66,27.7,587.9,8.5,4.07,12.71,7.2,0.254,10614.66,1106.42,0.1043,-15355.856,8.534,-0.4999999999999997,-0.8660254037844388,8841.06,1216.65,760.73,9056.67,3606.1466666666674,4539.2955364498275,2753.308333333333,6.266724150193365,0.015714285714285126,-20.049999999999955,28.52,12.14,7.09,531.0,0.0753295654363547,6923.45,16408584.0
2013-08-01,2013,8,Southwest Monsoon,Southwest Monsoon,0,Kozhikode,Oil Sardine,Sardinella longiceps,2.3,Prey (Small Pelagic),16408584.0,2370,24204,6923.45,27.67,394.9,6.8,2.46,9.64,5.61,1.053,6923.45,969.93,0.1402,-8456.814,6.2,-0.8660254037844385,-0.5000000000000004,10614.66,8841.06,1216.65,3648.27,6890.790000000001,4993.326826345337,4174.63,0.2006094289591866,0.29285714285714803,-22.1142857142857,27.7,12.71,7.2,571.0,3.1506129045426814,5343.56,14368831.3
2013-09-01,2013,9,Southwest Monsoon,Southwest Monsoon,0,Kozhikode,Oil Sardine,Sardinella longiceps,2.3,Prey (Small Pelagic),14368831.3,2689,36932,5343.56,28.29,274.4,5.3,2.11,7.48,4.2,1.195,5343.56,1055.07,0.1976,-6857.82,5.139,-1.0,-1.8369701987210297e-16,6923.45,10614.66,8841.06,7179.63,8793.056666666667,1846.0731448220934,4988.865,-0.3477464183047348,0.2671428571428578,24.42142857142855,27.67,9.64,5.61,2370.0,0.1345991555502145,1895.12,5770634.5
2013-10-01,2013,10,Post-Monsoon,Post-Monsoon,0,Kozhikode,Oil Sardine,Sardinella longiceps,2.3,Prey (Small Pelagic),5770634.5,3045,42781,1895.12,28.79,218.6,3.3,1.35,0.83,1.22,1.353,1895.12,491.72,0.2599,-1156.26,1.818,-0.8660254037844386,0.5000000000000001,5343.56,6923.45,10614.66,1805.15,7627.223333333335,2705.1056321395904,5616.685,-0.22819403588067497,-0.008571428571428896,-83.95714285714288,28.29,7.48,4.2,2689.0,0.13239122301081732,1975.85,5200440.3
2013-11-01,2013,11,Post-Monsoon,Post-Monsoon,0,Kozhikode,Oil Sardine,Sardinella longiceps,2.3,Prey (Small Pelagic),5200440.3,2632,33194,1975.85,28.98,167.2,4.0,0.92,1.51,1.41,1.17,1975.85,554.13,0.2808,-1328.057,1.822,-0.5000000000000004,0.8660254037844384,1895.12,5343.56,6923.45,1760.88,4720.710000000002,2571.377498365419,5805.75,-0.6453450496572604,-0.03571428571428825,-0.9571428571428555,28.79,0.83,1.22,3045.0,-0.13563218346262007,2118.77,5633798.1
2013-12-01,2013,12,Winter / Post-Monsoon,Northeast/Dry,0,Kozhikode,Oil Sardine,Sardinella longiceps,2.3,Prey (Small Pelagic),5633798.1,2659,37843,2118.77,28.38,33.9,3.3,1.21,1.1,0.97,1.182,2118.77,505.06,0.2387,-1388.209,1.877,-2.4492935982947064e-16,1.0,1975.85,1895.12,5343.56,2396.98,3071.5100000000016,1968.0670047282438,5932.283333333334,0.04259888533391615,-0.11857142857143188,-1.4785714285714278,28.98,1.51,1.41,2632.0,0.010258358623638454,1722.7,3578056.7
2014-01-01,2014,1,Winter / Post-Monsoon,Northeast/Dry,0,Kozhikode,Oil Sardine,Sardinella longiceps,2.3,Prey (Small Pelagic),3578056.7,2077,21099,1722.7,27.93,6.7,4.1,0.81,1.43,1.1,0.923,1722.7,375.5,0.2184,-832.174,1.8,0.49999999999999994,0.8660254037844387,2118.77,1975.85,1895.12,2086.73,1996.580000000001,113.25692164278801,4811.901666666666,0.07233342575431628,-0.34642857142857153,-1.7571428571428571,28.38,1.1,0.97,2659.0,-0.2188792771008677,2177.56,5652951.9
2014-02-01,2014,2,Winter / Post-Monsoon,Northeast/Dry,0,Kozhikode,Oil Sardine,Sardinella longiceps,2.3,Prey (Small Pelagic),5652951.9,2596,24779,2177.56,28.56,14.5,4.2,0.7,1.42,1.22,1.154,2177.56,434.9,0.2001,-1259.508,1.865,0.8660254037844386,0.5000000000000001,1722.7,2118.77,1975.85,2038.04,1939.1066666666677,200.57521191147723,3329.9083333333333,-0.18693392776500548,-0.09142857142857252,3.8428571428571434,27.93,1.43,1.1,2077.0,0.24987963288454676,1189.4,3006799.5
2014-03-01,2014,3,Pre-Monsoon / Summer,Pre-Monsoon,0,Kozhikode,Oil Sardine,Sardinella longiceps,2.3,Prey (Small Pelagic),3006799.5,2528,25347,1189.4,29.3,19.8,3.7,1.28,1.04,1.05,1.124,1189.4,353.86,0.2981,-492.399,1.122,1.0,6.123233995736766e-17,2177.56,1722.7,2118.77,1576.64,2006.3433333333348,247.39486945636912,2538.9266666666667,0.26403900700041205,-0.235714285714284,-4.935714285714287,28.56,1.42,1.22,2596.0,-0.026194144737310687,750.79,2188563.4
2014-04-01,2014,4,Pre-Monsoon / Summer,Pre-Monsoon,0,Kozhikode,Oil Sardine,Sardinella longiceps,2.3,Prey (Small Pelagic),2188563.4,2915,30534,750.79,30.0,79.0,3.3,1.27,1.04,0.61,1.296,750.79,343.42,0.4581,-278.851,0.689,0.8660254037844387,-0.4999999999999998,1189.4,2177.56,1722.7,760.73,1696.5533333333344,494.5986074923121,1846.5666666666666,-0.4537923159233622,-0.3014285714285734,-10.407142857142858,29.3,1.04,1.05,2528.0,0.15308544243241518,867.02,2097327.0
2014-05-01,2014,5,Pre-Monsoon / Summer,Pre-Monsoon,0,Kozhikode,Oil Sardine,Sardinella longiceps,2.3,Prey (Small Pelagic),2097327.0,2419,34370,867.02,30.14,259.9,4.6,1.68,1.56,1.33,1.075,867.02,334.1,0.3861,-311.423,0.825,0.49999999999999994,-0.8660254037844387,750.79,1189.4,2177.56,1216.65,1372.5833333333346,730.8113699398324,1655.845,-0.3687657611504477,0.010000000000001563,-1.157142857142901,30.0,1.04,0.61,2915.0,-0.17015437334423886,7879.02,5397130.3
2014-06-01,2014,6,Southwest Monsoon,Southwest Monsoon,1,Kozhikode,Oil Sardine,Sardinella longiceps,2.3,Prey (Small Pelagic),5397130.3,685,8792,7879.02,28.69,480.4,8.4,3.2,12.56,7.11,0.304,7879.02,1080.25,0.1372,-10419.992,7.281,1.2246467991473532e-16,-1.0,867.02,750.79,1189.4,8841.06,935.7366666666679,227.23593077093938,1471.0400000000002,0.15481026445730148,0.09928571428571686,-189.32142857142867,30.14,1.56,1.33,2419.0,-0.7168251313897266,7612.6,3410446.2
2014-07-01,2014,7,Southwest Monsoon,Southwest Monsoon,1,Kozhikode,Oil Sardine,Sardinella longiceps,2.3,Prey (Small Pelagic),3410446.2,448,4644,7612.6,27.65,509.6,7.9,3.39,11.67,6.62,0.199,7612.6,955.97,0.1257,-9155.818,6.598,-0.4999999999999997,-0.8660254037844388,7879.02,867.02,750.79,10614.66,3165.610000000001,4082.346472838875,2431.081666666667,8.08747193735471,-0.034285714285715585,-98.34999999999991,28.69,12.56,7.11,685.0,-0.3459853964089723,5188.52,13163271.5
2014-08-01,2014,8,Southwest Monsoon,Southwest Monsoon,0,Kozhikode,Oil Sardine,Sardinella longiceps,2.3,Prey (Small Pelagic),13163271.5,2537,33474,5188.52,27.15,482.4,7.6,2.53,11.02,6.31,1.128,5188.52,622.73,0.1202,-4055.969,5.021,-0.8660254037844385,-0.5000000000000004,7612.6,7879.02,867.02,6923.45,5452.880000000002,3973.704676847539,3412.7316666666666,-0.03381384990288914,-0.2271428571428551,65.3857142857143,27.65,11.67,6.62,448.0,4.662946324487805,6407.73,17243201.4
2014-09-01,2014,9,Southwest Monsoon,Southwest Monsoon,0,Kozhikode,Oil Sardine,Sardinella longiceps,2.3,Prey (Small Pelagic),17243201.4,2691,36923,6407.73,27.89,281.5,6.0,1.88,8.88,5.07,1.196,6407.73,766.47,0.1198,-6498.893,5.131,-1.0,-1.8369701987210297e-16,5188.52,7612.6,7879.02,5343.56,6893.380000000002,1482.4491960266282,3914.558333333334,-0.31842997094497283,-0.1328571428571408,31.521428571428572,27.15,11.02,6.31,2537.0,0.060701615842721254,1595.85,4691793.8
2014-10-01,2014,10,Post-Monsoon,Post-Monsoon,0,Kozhikode,Oil Sardine,Sardinella longiceps,2.3,Prey (Small Pelagic),4691793.8,2940,31310,1595.85,28.72,355.1,3.9,1.19,1.1,1.49,1.307,1595.85,480.23,0.3014,-899.283,1.582,-0.8660254037844386,0.5000000000000001,6407.73,5188.52,7612.6,1895.12,6402.950000000002,1212.0470691767694,4784.28,0.23498222954718817,-0.07857142857142918,52.542857142857144,27.89,8.88,5.07,2691.0,0.09253065740419673,1567.81,4636005.4
2014-11-01,2014,11,Post-Monsoon,Post-Monsoon,0,Kozhikode,Oil Sardine,Sardinella longiceps,2.3,Prey (Small Pelagic),4636005.4,2957,33158,1567.81,28.96,190.7,3.2,1.03,0.73,1.19,1.314,1567.81,458.66,0.293,-860.692,1.588,-0.5000000000000004,0.8660254037844384,1595.85,6407.73,5188.52,1975.85,4397.366666666668,2501.597485854455,4925.123333333334,-0.7509492429441483,-0.055714285714287826,22.542857142857144,28.72,1.1,1.49,2940.0,0.005782312905502337,1356.22,3737749.2
2014-12-01,2014,12,Winter / Post-Monsoon,Northeast/Dry,0,Kozhikode,Oil Sardine,Sardinella longiceps,2.3,Prey (Small Pelagic),3737749.2,2756,35250,1356.22,28.65,30.7,3.1,1.4,1.27,0.95,1.225,1356.22,372.65,0.2753,-612.205,1.492,-2.4492935982947064e-16,1.0,1567.81,1595.85,6407.73,2118.77,3190.4633333333345,2786.269937341558,5041.921666666666,-0.01757057356536907,0.1514285714285677,-4.678571428571427,28.96,0.73,1.19,2957.0,-0.06797429804540311,722.5,2232511.4
2015-01-01,2015,1,Winter / Post-Monsoon,Northeast/Dry,0,Kozhikode,Oil Sardine,Sardinella longiceps,2.3,Prey (Small Pelagic),2232511.4,3090,31600,722.5,29.02,8.2,3.0,0.9,0.88,0.8,1.373,722.5,242.73,0.3369,-190.761,0.73,0.49999999999999994,0.8660254037844387,1356.22,1567.81,1595.85,1722.7,1506.626666666668,131.0083372664863,3954.7883333333334,-0.1349589546248655,0.7435714285714283,-0.257142857142858,28.65,1.27,0.95,2756.0,0.12119013018436091,464.38,1630889.8
2015-02-01,2015,2,Winter / Post-Monsoon,Northeast/Dry,0,Kozhikode,Oil Sardine,Sardinella longiceps,2.3,Prey (Small Pelagic),1630889.8,3512,35702,464.38,29.64,7.2,3.4,1.03,1.17,0.81,1.561,464.38,250.43,0.5403,-114.301,0.505,0.8660254037844386,0.5000000000000001,722.5,1356.22,1567.81,2177.56,1215.5100000000011,439.8712619619473,2806.4383333333335,-0.46726931864100724,0.9885714285714293,-3.4571428571428564,29.02,0.88,0.8,3090.0,0.13656957884605314,423.66,1057461.9
2015-03-01,2015,3,Pre-Monsoon / Summer,Pre-Monsoon,0,Kozhikode,Oil Sardine,Sardinella longiceps,2.3,Prey (Small Pelagic),1057461.9,2496,33806,423.66,29.9,21.0,4.6,1.43,1.96,1.08,1.109,423.66,218.53,0.517,-87.896,0.416,1.0,6.123233995736766e-17,464.38,722.5,1356.22,1189.4,847.7000000000012,458.912765566612,2019.0816666666667,-0.35725951062616595,0.3642857142857139,-3.7357142857142875,29.64,1.17,0.81,3512.0,-0.2892938488345847,245.91,728399.4
2015-04-01,2015,4,Pre-Monsoon / Summer,Pre-Monsoon,0,Kozhikode,Oil Sardine,Sardinella longiceps,2.3,Prey (Small Pelagic),728399.4,2962,30624,245.91,30.71,82.4,4.8,1.21,1.75,1.02,1.316,245.91,112.25,0.4587,-20.949,0.231,0.8660254037844387,-0.4999999999999998,423.66,464.38,722.5,750.79,536.8466666666678,162.0644925124856,1021.7366666666667,-0.08768680632915266,0.4085714285714275,-7.007142857142853,29.9,1.96,1.08,2496.0,0.18669871720072628,330.3,1030191.7
2015-05-01,2015,5,Pre-Monsoon / Summer,Pre-Monsoon,0,Kozhikode,Oil Sardine,Sardinella longiceps,2.3,Prey (Small Pelagic),1030191.7,3119,30707,330.3,30.46,286.9,5.5,1.76,1.95,1.51,1.386,330.3,140.34,0.4266,-38.911,0.349,0.49999999999999994,-0.8660254037844387,245.91,423.66,464.38,867.02,377.98333333333454,116.17682055095807,796.7466666666666,-0.4195581263381456,0.33000000000000185,25.8428571428571,30.71,1.75,1.02,2962.0,0.053004726357175125,3905.76,2445008.7
2015-06-01,2015,6,Southwest Monsoon,Southwest Monsoon,1,Kozhikode,Oil Sardine,Sardinella longiceps,2.3,Prey (Small Pelagic),2445008.7,626,7345,3905.76,28.75,597.7,7.7,3.13,11.54,6.84,0.278,3905.76,721.14,0.1848,-3202.675,3.819,1.2246467991473532e-16,-1.0,330.3,245.91,423.66,7879.02,333.2900000000012,88.91271393898727,590.495,0.3431743181174285,0.15928571428571558,-72.0214285714286,30.46,1.95,1.51,3119.0,-0.7992946431571187,4195.65,2206909.6
2015-07-01,2015,7,Southwest Monsoon,Southwest Monsoon,1,Kozhikode,Oil Sardine,Sardinella longiceps,2.3,Prey (Small Pelagic),2206909.6,526,6106,4195.65,28.75,662.2,7.9,3.45,11.82,7.02,0.234,4195.65,737.86,0.1761,-3544.833,4.011,-0.4999999999999997,-0.8660254037844388,3905.76,330.3,245.91,7612.6,1493.9900000000014,2089.0802564047167,1015.4183333333334,10.824886139119403,1.0657142857142858,54.250000000000114,28.75,11.54,6.84,626.0,-0.15974440639385934,3668.48,11713465.0
2015-08-01,2015,8,Southwest Monsoon,Southwest Monsoon,0,Kozhikode,Oil Sardine,Sardinella longiceps,2.3,Prey (Small Pelagic),11713465.0,3193,40043,3668.48,28.29,360.8,7.1,3.14,10.16,5.72,1.419,3668.48,481.25,0.1314,-2160.777,3.597,-0.8660254037844385,-0.5000000000000004,4195.65,3905.76,330.3,5188.52,2810.570000000001,2152.861701944646,1594.2766666666666,0.07422115011106363,0.9128571428571455,-56.214285714285666,28.75,11.82,7.02,526.0,5.070342108928857,2638.71,7913483.6
2015-09-01,2015,9,Southwest Monsoon,Southwest Monsoon,0,Kozhikode,Oil Sardine,Sardinella longiceps,2.3,Prey (Small Pelagic),7913483.6,2999,42129,2638.71,28.22,157.4,5.6,1.98,8.25,4.45,1.333,2638.71,464.69,0.1764,-1444.723,2.576,-1.0,-1.8369701987210297e-16,3668.48,4195.65,3905.76,6407.73,3923.2966666666675,264.0221642842376,2128.2933333333335,-0.1256468005537954,0.1971428571428575,-92.57857142857142,28.29,10.16,5.72,3193.0,-0.060757907733298123,512.9,1301229.2
2015-10-01,2015,10,Post-Monsoon,Post-Monsoon,0,Kozhikode,Oil Sardine,Sardinella longiceps,2.3,Prey (Small Pelagic),1301229.2,2537,29316,512.9,29.74,336.7,3.8,1.21,0.92,1.24,1.128,512.9,177.32,0.347,-88.569,0.462,-0.8660254037844386,0.5000000000000001,2638.71,3668.48,4195.65,1595.85,3500.946666666668,791.875055948432,2497.4683333333337,-0.2807075402327189,0.9414285714285704,34.14285714285711,28.22,8.25,4.45,2999.0,-0.15405134993647432,555.57,1375035.0
2015-11-01,2015,11,Post-Monsoon,Post-Monsoon,0,Kozhikode,Oil Sardine,Sardinella longiceps,2.3,Prey (Small Pelagic),1375035.0,2475,31558,555.57,29.69,164.8,3.9,1.04,0.67,1.02,1.1,555.57,228.32,0.412,-127.862,0.552,-0.5000000000000004,0.8660254037844384,512.9,2638.71,3668.48,1567.81,2273.3633333333346,1609.2016418812561,2541.9666666666667,-0.8056247150856868,0.6742857142857126,-3.357142857142833,29.74,0.92,1.24,2537.0,-0.024438312871744923,777.94,1924616.2
2015-12-01,2015,12,Winter / Post-Monsoon,Northeast/Dry,0,Kozhikode,Oil Sardine,Sardinella longiceps,2.3,Prey (Small Pelagic),1924616.2,2474,30846,777.94,29.24,30.8,3.9,1.35,1.33,1.01,1.1,777.94,184.43,0.2381,-161.174,0.681,-2.4492935982947064e-16,1.0,555.57,512.9,2638.71,1356.22,1235.726666666668,1215.2065081430926,2579.5116666666668,0.08319360336920266,0.7414285714285676,-4.578571428571426,29.69,0.67,1.02,2475.0,-0.0004040404024079175,746.61,2009122.6
2016-01-01,2016,1,Winter / Post-Monsoon,Northeast/Dry,0,Kozhikode,Oil Sardine,Sardinella longiceps,2.3,Prey (Small Pelagic),2009122.6,2691,35098,746.61,28.92,10.5,4.4,1.39,0.9,0.9,1.196,746.61,216.47,0.2909,-177.887,0.757,0.49999999999999994,0.8660254037844387,777.94,555.57,512.9,722.5,615.4700000000013,142.31148196822807,2058.2083333333335,0.40025558615015955,0.6435714285714305,2.0428571428571427,29.24,1.33,1.01,2474.0,0.08771220659776795,700.4,2085793.4
2016-02-01,2016,2,Winter / Post-Monsoon,Northeast/Dry,0,Kozhikode,Oil Sardine,Sardinella longiceps,2.3,Prey (Small Pelagic),2085793.4,2978,38318,700.4,29.46,11.0,3.8,0.71,1.82,1.22,1.324,700.4,193.14,0.2768,-143.848,0.653,0.8660254037844386,0.5000000000000001,746.61,777.94,555.57,464.38,693.3733333333347,120.36490864586236,1483.3683333333336,-0.04027302825059742,0.8085714285714296,0.3428571428571434,28.92,0.9,0.9,2691.0,0.10665180190764845,342.42,1051563.9
2016-03-01,2016,3,Pre-Monsoon / Summer,Pre-Monsoon,0,Kozhikode,Oil Sardine,Sardinella longiceps,2.3,Prey (Small Pelagic),1051563.9,3071,30799,342.42,30.34,24.9,3.2,1.25,1.08,0.72,1.365,342.42,137.86,0.4043,-41.905,0.294,1.0,6.123233995736766e-17,700.4,746.61,777.94,423.66,741.6500000000011,39.007231380778194,988.6883333333335,-0.061893089271599824,0.8042857142857152,0.16428571428571104,29.46,1.82,1.22,2978.0,0.031229012655376046,136.42,339687.5
2016-04-01,2016,4,Pre-Monsoon / Summer,Pre-Monsoon,0,Kozhikode,Oil Sardine,Sardinella longiceps,2.3,Prey (Small Pelagic),339687.5,2490,28290,136.42,30.77,112.4,4.8,1.11,0.83,0.61,1.107,136.42,114.97,0.8439,-10.796,0.15,0.8660254037844387,-0.4999999999999998,342.42,700.4,746.61,245.91,596.4766666666679,221.22936837889898,605.9733333333334,-0.5111079310235875,0.4685714285714262,22.992857142857147,30.34,1.08,0.72,3071.0,-0.1891891885731384,221.79,583087.5
2016-05-01,2016,5,Pre-Monsoon / Summer,Pre-Monsoon,0,Kozhikode,Oil Sardine,Sardinella longiceps,2.3,Prey (Small Pelagic),583087.5,2629,35844,221.79,30.76,262.9,4.8,1.6,1.27,1.11,1.168,221.79,111.14,0.5033,-18.048,0.188,0.49999999999999994,-0.8660254037844387,136.42,342.42,700.4,330.3,393.08000000000123,285.3825271455715,543.2266666666667,-0.6016003562408635,0.6300000000000026,1.842857142857099,30.77,0.83,0.61,2490.0,0.05582329294850083,2280.6,1632910.9
2016-06-01,2016,6,Southwest Monsoon,Southwest Monsoon,1,Kozhikode,Oil Sardine,Sardinella longiceps,2.3,Prey (Small Pelagic),1632910.9,716,9460,2280.6,29.39,849.2,7.9,3.17,11.56,7.31,0.318,2280.6,510.05,0.224,-1238.368,2.509,1.2246467991473532e-16,-1.0,221.79,136.42,342.42,3905.76,233.54333333333454,103.50171802113154,487.59666666666664,0.625787961751359,0.7992857142857162,179.4785714285714,30.76,1.27,1.11,2629.0,-0.727653097270243,4097.75,2421772.9
2016-07-01,2016,7,Southwest Monsoon,Southwest Monsoon,1,Kozhikode,Oil Sardine,Sardinella longiceps,2.3,Prey (Small Pelagic),2421772.9,591,7117,4097.75,27.91,589.9,8.5,3.21,12.81,7.35,0.263,4097.75,483.04,0.1181,-2382.879,3.725,-0.4999999999999997,-0.8660254037844388,2280.6,221.79,136.42,4195.65,879.6033333333345,1214.0493211699954,738.04,9.282699432675079,0.22571428571428598,-18.049999999999955,29.39,11.56,7.31,716.0,-0.17458100314831002,3970.53,12983619.9
2016-08-01,2016,8,Southwest Monsoon,Southwest Monsoon,0,Kozhikode,Oil Sardine,Sardinella longiceps,2.3,Prey (Small Pelagic),12983619.9,3270,33327,3970.53,27.83,580.7,7.4,2.58,11.52,6.65,1.453,3970.53,456.42,0.1152,-2226.337,3.241,-0.8660254037844385,-0.5000000000000004,4097.75,2280.6,221.79,3668.48,2200.0466666666675,1939.235186879954,1296.5633333333333,0.7967859300325093,0.4528571428571446,163.68571428571437,27.91,12.81,7.35,591.0,4.532994847157448,1874.98,5270563.4
2016-09-01,2016,9,Southwest Monsoon,Southwest Monsoon,0,Kozhikode,Oil Sardine,Sardinella longiceps,2.3,Prey (Small Pelagic),5270563.4,2811,36250,1874.98,28.91,229.6,5.5,2.1,8.61,4.65,1.249,1874.98,365.09,0.1951,-763.118,2.047,-1.0,-1.8369701987210297e-16,3970.53,4097.75,2280.6,2638.71,3449.6266666666675,1014.403146009186,1841.585,-0.031046305823814714,0.8871428571428588,-20.378571428571433,27.83,11.52,6.65,3270.0,-0.1403669720478074,469.55,1137716.8
2016-10-01,2016,10,Post-Monsoon,Post-Monsoon,0,Kozhikode,Oil Sardine,Sardinella longiceps,2.3,Prey (Small Pelagic),1137716.8,2423,28657,469.55,29.49,345.5,4.2,1.19,0.78,1.41,1.077,469.55,185.09,0.3955,-82.18,0.493,-0.8660254037844386,0.5000000000000001,1874.98,3970.53,4097.75,512.9,3314.4200000000005,1248.2134702445733,2097.0116666666668,-0.5277758875319519,0.6914285714285704,42.94285714285712,28.91,8.61,4.65,2811.0,-0.13802917062245046,440.67,1376209.9
2016-11-01,2016,11,Post-Monsoon,Post-Monsoon,0,Kozhikode,Oil Sardine,Sardinella longiceps,2.3,Prey (Small Pelagic),1376209.9,3123,30274,440.67,29.58,126.2,3.5,1.23,1.56,1.22,1.388,440.67,174.64,0.3977,-72.181,0.405,-0.5000000000000004,0.8660254037844384,469.55,1874.98,3970.53,555.57,2105.020000000001,1761.7900105574436,2152.5333333333333,-0.7495706580893094,0.5642857142857096,-41.95714285714284,29.49,0.78,1.41,2423.0,0.2888980590635656,686.11,1753693.3
2016-12-01,2016,12,Winter / Post-Monsoon,Northeast/Dry,0,Kozhikode,Oil Sardine,Sardinella longiceps,2.3,Prey (Small Pelagic),1753693.3,2556,36017,686.11,28.77,38.4,3.1,0.77,1.57,1.13,1.136,686.11,238.43,0.3485,-172.027,0.673,-2.4492935982947064e-16,1.0,440.67,469.55,1874.98,777.94,928.4000000000009,819.8894961517638,2189.013333333333,-0.061505695633996466,0.2714285714285687,3.0214285714285722,29.58,1.56,1.22,3123.0,-0.18155619538406598,1416.35,3717908.3
2017-01-01,2017,1,Winter / Post-Monsoon,Northeast/Dry,0,Kozhikode,Oil Sardine,Sardinella longiceps,2.3,Prey (Small Pelagic),3717908.3,2625,36685,1416.35,28.0,8.8,4.8,0.85,1.34,1.04,1.167,1416.35,313.31,0.2218,-559.144,1.365,0.49999999999999994,0.8660254037844387,686.11,440.67,469.55,746.61,532.1100000000009,134.14735778237187,1923.265,0.5569700556659165,-0.27642857142857125,0.3428571428571434,28.77,1.57,1.13,2556.0,0.026995305058703813,1362.85,3636091.7
2017-02-01,2017,2,Winter / Post-Monsoon,Northeast/Dry,0,Kozhikode,Oil Sardine,Sardinella longiceps,2.3,Prey (Small Pelagic),3636091.7,2668,37894,1362.85,28.0,9.5,3.0,1.03,1.0,0.86,1.186,1362.85,353.71,0.2601,-594.354,1.308,0.8660254037844386,0.5000000000000001,1416.35,686.11,440.67,700.4,847.710000000001,507.51727615913984,1476.3649999999998,1.0643191169882509,-0.6514285714285712,-1.1571428571428566,28.0,1.34,1.04,2625.0,0.01638095231854875,974.67,2610167.3
2017-03-01,2017,3,Pre-Monsoon / Summer,Pre-Monsoon,0,Kozhikode,Oil Sardine,Sardinella longiceps,2.3,Prey (Small Pelagic),2610167.3,2678,30441,974.67,29.51,26.0,2.9,1.4,0.69,0.59,1.19,974.67,318.5,0.3275,-360.931,0.852,1.0,6.123233995736766e-17,1362.85,1416.35,686.11,342.42,1155.1033333333341,407.0400748493039,1041.7516666666663,-0.03777314902550112,-0.025714285714283136,1.2642857142857125,28.0,1.0,0.86,2668.0,0.003748125922983036,560.5,1359775.6
2017-04-01,2017,4,Pre-Monsoon / Summer,Pre-Monsoon,0,Kozhikode,Oil Sardine,Sardinella longiceps,2.3,Prey (Small Pelagic),1359775.6,2426,31236,560.5,30.32,91.4,4.9,1.34,1.15,0.84,1.078,560.5,227.89,0.4076,-130.387,0.559,0.8660254037844387,-0.4999999999999998,974.67,1362.85,1416.35,136.42,1251.2900000000006,241.04881414351303,891.6999999999998,-0.28482958297076283,0.018571428571426907,1.9928571428571473,29.51,0.69,0.59,2678.0,-0.09410007433121705,690.85,2268056.6
2017-05-01,2017,5,Pre-Monsoon / Summer,Pre-Monsoon,0,Kozhikode,Oil Sardine,Sardinella longiceps,2.3,Prey (Small Pelagic),2268056.6,3283,36834,690.85,30.15,279.4,5.4,1.68,2.27,1.8,1.459,690.85,319.03,0.4626,-223.146,0.621,0.49999999999999994,-0.8660254037844387,560.5,974.67,1362.85,221.79,966.0066666666675,401.24515029259413,906.8583333333331,-0.42493356289889334,0.019999999999999574,18.3428571428571,30.32,1.15,0.84,2426.0,0.3532563876617626,5216.56,2775210.2
2017-06-01,2017,6,Southwest Monsoon,Southwest Monsoon,1,Kozhikode,Oil Sardine,Sardinella longiceps,2.3,Prey (Small Pelagic),2775210.2,532,7385,5216.56,28.32,699.7,7.4,3.31,10.54,6.43,0.236,5216.56,957.36,0.1837,-5815.449,5.495,1.2246467991473532e-16,-1.0,690.85,560.5,974.67,2280.6,742.0066666666675,211.77098628784327,948.5549999999997,0.2325602099454022,-0.27071428571428413,29.9785714285714,30.15,2.27,1.8,3283.0,-0.8379530891320344,5437.68,3088601.4
2017-07-01,2017,7,Southwest Monsoon,Southwest Monsoon,1,Kozhikode,Oil Sardine,Sardinella longiceps,2.3,Prey (Small Pelagic),3088601.4,568,7296,5437.68,27.31,754.8,8.0,3.63,11.98,7.23,0.252,5437.68,638.03,0.1175,-4281.403,5.291,-0.4999999999999997,-0.8660254037844388,5216.56,690.85,560.5,4097.75,2155.9700000000007,2651.3498716125714,1703.6299999999999,6.550929918926975,-0.37428571428571544,146.85000000000002,28.32,10.54,6.43,532.0,0.06766917166035392,4261.16,10951189.2
2017-08-01,2017,8,Southwest Monsoon,Southwest Monsoon,0,Kozhikode,Oil Sardine,Sardinella longiceps,2.3,Prey (Small Pelagic),10951189.2,2570,33228,4261.16,27.17,374.5,6.9,2.58,10.15,5.8,1.142,4261.16,577.44,0.1357,-3021.263,3.844,-0.8660254037844385,-0.5000000000000004,5437.68,5216.56,690.85,3970.53,3781.696666666668,2679.0340332353626,2373.851666666667,0.04238808708729872,-0.20714285714285197,-42.51428571428568,27.31,11.98,7.23,568.0,3.524647825270285,3342.87,8460813.5
2017-09-01,2017,9,Southwest Monsoon,Southwest Monsoon,0,Kozhikode,Oil Sardine,Sardinella longiceps,2.3,Prey (Small Pelagic),8460813.5,2531,26465,3342.87,27.51,259.9,4.6,1.83,6.63,3.98,1.125,3342.87,493.01,0.1477,-2081.289,3.021,-1.0,-1.8369701987210297e-16,4261.16,5437.68,5216.56,1874.98,4971.8,625.2842719915504,2856.9033333333336,-0.21636433144950734,-0.5128571428571398,9.92142857142855,27.17,10.15,5.8,2570.0,-0.015175097217217519,1512.47,4358936.0
2017-10-01,2017,10,Post-Monsoon,Post-Monsoon,0,Kozhikode,Oil Sardine,Sardinella longiceps,2.3,Prey (Small Pelagic),4358936.0,2882,34511,1512.47,28.83,351.2,4.0,1.19,1.26,1.85,1.281,1512.47,378.45,0.2507,-673.644,1.53,-0.8660254037844386,0.5000000000000001,3342.87,4261.16,5437.68,469.55,4347.236666666668,1050.0543454666213,3251.603333333334,-0.2155023509666327,0.03142857142857025,48.64285714285711,27.51,6.63,3.98,2531.0,0.13868036294476346,1305.66,3241958.5
2017-11-01,2017,11,Post-Monsoon,Post-Monsoon,0,Kozhikode,Oil Sardine,Sardinella longiceps,2.3,Prey (Small Pelagic),3241958.5,2483,31708,1305.66,28.83,165.9,3.6,0.81,1.56,1.44,1.104,1305.66,413.07,0.3169,-618.028,1.379,-0.5000000000000004,0.8660254037844384,1512.47,3342.87,4261.16,440.67,3038.833333333334,1399.340165947269,3410.265,-0.5475534479427753,-0.18571428571429038,-2.2571428571428385,28.83,1.26,1.85,2882.0,-0.1384455234613271,1556.27,4514747.8
2017-12-01,2017,12,Winter / Post-Monsoon,Northeast/Dry,0,Kozhikode,Oil Sardine,Sardinella longiceps,2.3,Prey (Small Pelagic),4514747.8,2901,39572,1556.27,28.38,35.8,4.1,1.03,1.28,0.89,1.289,1556.27,351.4,0.2263,-702.541,1.442,-2.4492935982947064e-16,1.0,1305.66,1512.47,3342.87,686.11,2053.6666666666674,1121.2611292795843,3512.733333333333,-0.13673659552429734,-0.11857142857143188,0.4214285714285708,28.83,1.56,1.44,2483.0,0.16834474358298532,1347.15,3074192.6
2018-01-01,2018,1,Winter / Post-Monsoon,Northeast/Dry,0,Kozhikode,Oil Sardine,Sardinella longiceps,2.3,Prey (Small Pelagic),3074192.6,2282,22364,1347.15,28.27,10.0,2.7,1.2,1.45,1.1,1.014,1347.15,325.87,0.2425,-537.627,1.377,0.49999999999999994,0.8660254037844387,1556.27,1305.66,1512.47,1416.35,1458.1333333333343,133.84953505084664,2902.685,0.19194123897537452,-0.006428571428571672,1.5428571428571427,28.38,1.28,0.89,2901.0,-0.2133746976443478,1532.46,4598897.7
2018-02-01,2018,2,Winter / Post-Monsoon,Northeast/Dry,0,Kozhikode,Oil Sardine,Sardinella longiceps,2.3,Prey (Small Pelagic),4598897.7,3001,38395,1532.46,28.61,10.6,3.6,1.21,1.27,1.09,1.334,1532.46,367.53,0.2403,-701.923,1.21,0.8660254037844386,0.5000000000000001,1347.15,1556.27,1305.66,1362.85,1403.0266666666676,134.3242138757109,2220.93,-0.13437256944892223,-0.041428571428571814,-0.05714285714285694,28.27,1.45,1.1,2282.0,0.31507449467539655,1254.89,3728286.4
2018-03-01,2018,3,Pre-Monsoon / Summer,Pre-Monsoon,0,Kozhikode,Oil Sardine,Sardinella longiceps,2.3,Prey (Small Pelagic),3728286.4,2971,37237,1254.89,29.04,28.4,3.3,1.28,0.59,0.84,1.32,1254.89,379.66,0.3031,-567.471,1.069,1.0,6.123233995736766e-17,1532.46,1347.15,1556.27,974.67,1478.6266666666677,114.48281282938443,1766.1466666666665,0.13755706389372327,-0.49571428571428555,3.664285714285711,28.61,1.27,1.09,3001.0,-0.009996667744096409,313.62,1129018.5
2018-04-01,2018,4,Pre-Monsoon / Summer,Pre-Monsoon,0,Kozhikode,Oil Sardine,Sardinella longiceps,2.3,Prey (Small Pelagic),1129018.5,3600,44631,313.62,30.26,81.9,4.3,1.2,0.71,0.76,1.6,313.62,217.09,0.6932,-62.212,0.336,0.8660254037844387,-0.4999999999999998,1254.89,1532.46,1347.15,560.5,1378.1666666666677,141.36053704385705,1418.1499999999999,-0.18112707554437257,-0.041428571428571814,-7.507142857142853,29.04,0.59,0.84,2971.0,0.21171322715680502,635.89,1896851.5
2018-05-01,2018,5,Pre-Monsoon / Summer,Pre-Monsoon,0,Kozhikode,Oil Sardine,Sardinella longiceps,2.3,Prey (Small Pelagic),1896851.5,2983,34199,635.89,30.11,262.5,5.3,2.23,1.57,1.43,1.326,635.89,316.62,0.4987,-203.77,0.609,0.49999999999999994,-0.8660254037844387,313.62,1254.89,1532.46,690.85,1033.6566666666677,638.8277367438949,1218.3416666666665,-0.7500816744887466,-0.019999999999999574,1.4428571428571217,30.26,0.71,0.76,3600.0,-0.17138888841280864,5965.29,4199562.9
2018-06-01,2018,6,Southwest Monsoon,Southwest Monsoon,1,Kozhikode,Oil Sardine,Sardinella longiceps,2.3,Prey (Small Pelagic),4199562.9,704,9908,5965.29,28.5,809.8,8.3,3.6,12.39,7.72,0.313,5965.29,898.59,0.1508,-6306.886,5.982,1.2246467991473532e-16,-1.0,635.89,313.62,1254.89,5216.56,734.800000000001,478.3666943883041,1106.7133333333331,1.02758111639624,-0.09071428571428442,140.0785714285713,30.11,1.57,1.43,2983.0,-0.7639959746429903,5772.49,3105601.6
2018-07-01,2018,7,Southwest Monsoon,Southwest Monsoon,1,Kozhikode,Oil Sardine,Sardinella longiceps,2.3,Prey (Small Pelagic),3105601.6,538,7409,5772.49,27.37,723.8,8.4,3.15,12.79,7.59,0.239,5772.49,705.58,0.1224,-4964.274,5.4,-0.4999999999999997,-0.8660254037844388,5965.29,635.89,313.62,5437.68,2304.9333333333343,3174.05461257889,1841.55,8.381009162260625,-0.31428571428571317,115.85000000000002,28.5,12.39,7.72,704.0,-0.23579545119608736,4390.99,12549442.3
2018-08-01,2018,8,Southwest Monsoon,Southwest Monsoon,0,Kozhikode,Oil Sardine,Sardinella longiceps,2.3,Prey (Small Pelagic),12549442.3,2858,30108,4390.99,27.42,371.4,7.8,2.58,10.79,6.05,1.27,4390.99,561.04,0.128,-3042.899,4.284,-0.8660254037844385,-0.5000000000000004,5772.49,5965.29,635.89,4261.16,4124.556666666667,3022.811488223064,2579.1066666666666,-0.03232030625112897,0.042857142857148034,-45.6142857142857,27.37,12.79,7.59,538.0,4.312267577838893,3811.3,9604467.9
2018-09-01,2018,9,Southwest Monsoon,Southwest Monsoon,0,Kozhikode,Oil Sardine,Sardinella longiceps,2.3,Prey (Small Pelagic),9604467.9,2520,30211,3811.3,27.8,240.5,6.3,2.6,9.52,5.12,1.12,3811.3,589.35,0.1549,-2726.469,4.016,-1.0,-1.8369701987210297e-16,4390.99,5772.49,5965.29,3342.87,5376.256666666668,858.6942199254272,3055.528333333333,-0.23932479702983497,-0.22285714285714064,-9.478571428571428,27.42,10.79,6.05,2858.0,-0.11826452023000517,1510.51,4681083.0
2018-10-01,2018,10,Post-Monsoon,Post-Monsoon,0,Kozhikode,Oil Sardine,Sardinella longiceps,2.3,Prey (Small Pelagic),4681083.0,3099,32115,1510.51,28.71,262.1,4.3,1.09,1.58,1.63,1.377,1510.51,332.74,0.2208,-611.88,1.442,-0.8660254037844386,0.5000000000000001,3811.3,4390.99,5772.49,1512.47,4658.260000000001,1007.542303677618,3481.596666666667,-0.13201806396275534,-0.08857142857142719,-40.457142857142856,27.8,9.52,5.12,2520.0,0.22976190385015116,1350.25,4266780.2
2018-11-01,2018,11,Post-Monsoon,Post-Monsoon,0,Kozhikode,Oil Sardine,Sardinella longiceps,2.3,Prey (Small Pelagic),4266780.2,3160,40740,1350.25,29.05,194.9,4.2,0.85,1.39,1.5,1.404,1350.25,342.59,0.2543,-547.001,1.287,-0.5000000000000004,0.8660254037844384,1510.51,3811.3,4390.99,1305.66,3237.600000000001,1523.5288067837755,3681.078333333333,-0.6036759095225358,0.03428571428571203,26.74285714285716,28.71,1.58,1.63,3099.0,0.019683768894211782,1165.92,2170940.2
2018-12-01,2018,12,Winter / Post-Monsoon,Northeast/Dry,0,Kozhikode,Oil Sardine,Sardinella longiceps,2.3,Prey (Small Pelagic),2170940.2,1862,23951,1165.92,28.57,36.0,3.8,1.29,1.15,1.05,0.828,1165.92,313.48,0.2695,-433.064,1.169,-2.4492935982947064e-16,1.0,1350.25,1510.51,3811.3,1556.27,2224.020000000001,1376.9583020919663,3800.138333333333,-0.10609661567221258,0.0714285714285694,0.6214285714285737,29.05,1.39,1.5,3160.0,-0.4107594923710142,941.13,2171178.6
2019-01-01,2019,1,Winter / Post-Monsoon,Northeast/Dry,0,Kozhikode,Oil Sardine,Sardinella longiceps,2.3,Prey (Small Pelagic),2171178.6,2307,33254,941.13,28.24,9.3,3.2,0.85,0.38,0.53,1.025,941.13,215.84,0.2302,-250.17,0.962,0.49999999999999994,0.8660254037844387,1165.92,1350.25,1510.51,1347.15,1342.2266666666676,172.43505279762547,3000.243333333334,-0.13651545908894305,-0.03642857142857281,0.8428571428571434,28.57,1.15,1.05,1862.0,0.23899033169178124,1012.8,2779124.6
2019-02-01,2019,2,Winter / Post-Monsoon,Northeast/Dry,0,Kozhikode,Oil Sardine,Sardinella longiceps,2.3,Prey (Small Pelagic),2779124.6,2744,38068,1012.8,28.35,10.7,3.2,0.5,1.0,0.82,1.22,1012.8,239.89,0.2376,-293.017,0.978,0.8660254037844386,0.5000000000000001,941.13,1165.92,1350.25,1532.46,1152.433333333334,204.8931702944711,2195.016666666667,-0.19280053354603638,-0.3014285714285698,0.042857142857142705,28.24,0.38,0.53,2307.0,0.1894234928936996,881.6,2501109.1
2019-03-01,2019,3,Pre-Monsoon / Summer,Pre-Monsoon,0,Kozhikode,Oil Sardine,Sardinella longiceps,2.3,Prey (Small Pelagic),2501109.1,2837,33730,881.6,29.51,23.6,4.0,1.27,1.01,0.82,1.261,881.6,217.8,0.2479,-224.23,0.793,1.0,6.123233995736766e-17,1012.8,941.13,1165.92,1254.89,1039.950000000001,114.82803621061086,1631.985,0.0761531342518766,-0.025714285714283136,-1.1357142857142861,28.35,1.0,0.82,2744.0,0.03389212815636979,313.08,794917.4
2019-04-01,2019,4,Pre-Monsoon / Summer,Pre-Monsoon,0,Kozhikode,Oil Sardine,Sardinella longiceps,2.3,Prey (Small Pelagic),794917.4,2539,30111,313.08,30.4,119.2,3.7,1.13,1.21,0.89,1.128,313.08,154.89,0.4963,-42.288,0.281,0.8660254037844387,-0.4999999999999998,881.6,1012.8,941.13,313.62,945.1766666666675,65.69354331529318,1143.7016666666666,-0.12954186285997366,0.0985714285714252,29.792857142857144,29.51,1.01,0.82,2837.0,-0.1050405354069773,609.54,2019999.6
2019-05-01,2019,5,Pre-Monsoon / Summer,Pre-Monsoon,0,Kozhikode,Oil Sardine,Sardinella longiceps,2.3,Prey (Small Pelagic),2019999.6,3314,43910,609.54,30.02,249.7,4.9,2.33,1.41,1.37,1.473,609.54,227.34,0.374,-139.978,0.629,0.49999999999999994,-0.8660254037844387,313.08,881.6,1012.8,635.89,735.8266666666676,371.9400733092866,944.13,-0.6448729509429112,-0.10999999999999943,-11.35714285714289,30.4,1.21,0.89,2539.0,0.30523828158630056,3978.3,2331286.6
2019-06-01,2019,6,Southwest Monsoon,Southwest Monsoon,1,Kozhikode,Oil Sardine,Sardinella longiceps,2.3,Prey (Small Pelagic),2331286.6,586,7366,3978.3,28.94,709.7,7.6,3.51,11.95,7.12,0.26,3978.3,752.73,0.1894,-3382.141,4.067,1.2246467991473532e-16,-1.0,609.54,313.08,881.6,5965.29,601.4066666666675,284.347254133598,820.6783333333333,0.94691449639343,0.34928571428571686,39.9785714285714,30.02,1.41,1.37,3314.0,-0.8231744091032758,4400.8,2332422.3
2019-07-01,2019,7,Southwest Monsoon,Southwest Monsoon,1,Kozhikode,Oil Sardine,Sardinella longiceps,2.3,Prey (Small Pelagic),2332422.3,530,5617,4400.8,27.38,552.8,7.6,3.78,11.7,6.77,0.236,4400.8,505.71,0.1151,-2748.85,3.834,-0.4999999999999997,-0.8660254037844388,3978.3,609.54,313.08,5772.49,1633.640000000001,2035.9383634088701,1289.4083333333333,5.526724980694869,-0.30428571428571516,-55.14999999999998,28.94,11.95,7.12,586.0,-0.09556313830097034,2392.13,6886942.9
2019-08-01,2019,8,Southwest Monsoon,Southwest Monsoon,0,Kozhikode,Oil Sardine,Sardinella longiceps,2.3,Prey (Small Pelagic),6886942.9,2879,36797,2392.13,26.7,444.6,6.7,2.69,10.05,5.66,1.28,2392.13,216.51,0.0909,-646.103,1.996,-0.8660254037844385,-0.5000000000000004,4400.8,3978.3,609.54,4390.99,2996.2133333333345,2077.687118536698,1866.0199999999998,0.1062011409240099,-0.6771428571428544,27.585714285714346,27.38,11.7,6.77,530.0,4.4320753880740495,3369.45,9154798.7
2019-09-01,2019,9,Southwest Monsoon,Southwest Monsoon,0,Kozhikode,Oil Sardine,Sardinella longiceps,2.3,Prey (Small Pelagic),9154798.7,2717,37102,3369.45,27.72,214.5,6.0,1.72,9.15,4.88,1.208,3369.45,476.78,0.1418,-1978.299,3.002,-1.0,-1.8369701987210297e-16,2392.13,4400.8,3978.3,3811.3,3590.410000000001,1059.0244479236521,2095.9083333333333,-0.45643292024987975,-0.3028571428571425,-35.47857142857143,26.7,10.05,5.66,2879.0,-0.05626953783859139,1280.57,3399908.0
2019-10-01,2019,10,Post-Monsoon,Post-Monsoon,0,Kozhikode,Oil Sardine,Sardinella longiceps,2.3,Prey (Small Pelagic),3399908.0,2655,29335,1280.57,28.86,279.9,4.5,1.38,1.3,1.3,1.18,1280.57,250.13,0.196,-399.291,1.113,-0.8660254037844386,0.5000000000000001,3369.45,2392.13,4400.8,1510.51,3387.460000000001,1004.456102724253,2510.5499999999997,0.40855638945811296,0.06142857142857139,-22.6571428571429,27.72,9.15,4.88,2717.0,-0.022819285893193646,1287.71,3089207.2
2019-11-01,2019,11,Post-Monsoon,Post-Monsoon,0,Kozhikode,Oil Sardine,Sardinella longiceps,2.3,Prey (Small Pelagic),3089207.2,2399,31507,1287.71,28.63,168.1,4.0,0.89,1.09,1.17,1.066,1287.71,265.55,0.2068,-426.684,1.195,-0.5000000000000004,0.8660254037844384,1280.57,3369.45,2392.13,1350.25,2347.383333333334,1045.1586538575493,2671.7983333333336,-0.619946873762938,-0.3857142857142897,-0.057142857142849834,28.86,1.3,1.3,2655.0,-0.09642184521121715,953.42,2614277.9
2019-12-01,2019,12,Winter / Post-Monsoon,Northeast/Dry,0,Kozhikode,Oil Sardine,Sardinella longiceps,2.3,Prey (Small Pelagic),2614277.9,2742,37257,953.42,28.04,36.2,3.2,1.21,0.73,0.49,1.219,953.42,268.17,0.282,-305.681,0.9,-2.4492935982947064e-16,1.0,1287.71,1280.57,3369.45,1165.92,1979.243333333334,1203.9595827656856,2784.8266666666664,0.005575642053338498,-0.45857142857143174,0.8214285714285765,28.63,1.09,1.17,2399.0,0.14297623950405902,1473.72,3986408.8
2020-01-01,2020,1,Winter / Post-Monsoon,Northeast/Dry,0,Kozhikode,Oil Sardine,Sardinella longiceps,2.3,Prey (Small Pelagic),3986408.8,2705,31319,1473.72,27.64,9.1,3.8,1.27,1.01,0.98,1.202,1473.72,293.59,0.1998,-563.618,1.376,0.49999999999999994,0.8660254037844387,953.42,1287.71,1280.57,941.13,1173.9000000000008,190.97465198289495,2280.68,-0.2596003738450399,-0.6364285714285707,0.6428571428571423,28.04,0.73,0.49,2742.0,-0.013493800096667395,1599.74,5181542.0
2020-02-01,2020,2,Winter / Post-Monsoon,Northeast/Dry,0,Kozhikode,Oil Sardine,Sardinella longiceps,2.3,Prey (Small Pelagic),5181542.0,3239,44317,1599.74,28.37,12.4,4.2,0.93,0.97,1.12,1.44,1599.74,341.39,0.2139,-699.082,1.59,0.8660254037844386,0.5000000000000001,1473.72,953.42,1287.71,1012.8,1238.2833333333344,263.64800214172186,1792.8333333333333,0.5457196141708838,-0.28142857142857025,1.7428571428571438,27.64,1.01,0.98,2705.0,0.19741219890050943,681.37,585976.9
2020-03-01,2020,3,Pre-Monsoon / Summer,Pre-Monsoon,0,Kozhikode,Oil Sardine,Sardinella longiceps,2.3,Prey (Small Pelagic),585976.9,860,9489,681.37,29.62,23.2,3.3,1.03,0.65,0.53,0.382,681.37,316.97,0.466,-231.225,0.823,1.0,6.123233995736766e-17,1599.74,1473.72,953.42,881.6,1342.2933333333342,342.61802657379496,1660.7683333333334,0.08551149414060001,0.0842857142857163,-1.5357142857142883,28.37,0.97,1.12,3239.0,-0.7344859501868294,593.94,583249.4
2020-04-01,2020,4,Pre-Monsoon / Summer,Pre-Monsoon,0,Kozhikode,Oil Sardine,Sardinella longiceps,2.3,Prey (Small Pelagic),583249.4,982,9401,593.94,30.09,81.4,3.7,1.11,0.99,0.94,0.436,593.94,328.58,0.554,-199.035,0.551,0.8660254037844387,-0.4999999999999998,681.37,1599.74,1473.72,313.08,1251.610000000001,497.8458629937464,1212.7549999999999,-0.5740745335237318,-0.21142857142857352,-8.007142857142853,29.62,0.65,0.53,860.0,0.1418604634667388,1195.18,1127053.5
2020-05-01,2020,5,Pre-Monsoon / Summer,Pre-Monsoon,0,Kozhikode,Oil Sardine,Sardinella longiceps,2.3,Prey (Small Pelagic),1127053.5,943,12043,1195.18,29.6,302.9,5.7,2.1,1.67,1.88,0.419,1195.18,399.18,0.3345,-527.102,1.149,0.49999999999999994,-0.8660254037844387,593.94,681.37,1599.74,609.54,958.3500000000009,557.1775751948273,1098.3166666666668,-0.1283150105182938,-0.5299999999999976,41.8428571428571,30.09,0.99,0.94,982.0,-0.03971486721267956,7003.36,3928887.7
2020-06-01,2020,6,Southwest Monsoon,Southwest Monsoon,1,Kozhikode,Oil Sardine,Sardinella longiceps,2.3,Prey (Small Pelagic),3928887.7,561,7356,7003.36,28.27,668.3,8.4,3.53,12.23,7.34,0.249,7003.36,1039.71,0.1486,-8710.081,6.98,1.2246467991473532e-16,-1.0,1195.18,593.94,681.37,3978.3,823.4966666666675,324.8420792220745,1082.8950000000002,1.01229078674124,-0.32071428571428484,-1.4214285714286916,29.6,1.67,1.88,943.0,-0.4050901335621407,5190.62,2252729.7
2020-07-01,2020,7,Southwest Monsoon,Southwest Monsoon,1,Kozhikode,Oil Sardine,Sardinella longiceps,2.3,Prey (Small Pelagic),2252729.7,434,5457,5190.62,27.18,358.8,8.4,3.39,12.12,6.65,0.193,5190.62,589.2,0.1137,-3845.772,4.993,-0.4999999999999997,-0.8660254037844388,7003.36,1195.18,593.94,4400.8,2930.8266666666677,3539.7059479190248,2091.2183333333332,4.859669632526734,-0.5042857142857144,-249.14999999999992,28.27,12.23,7.34,561.0,-0.22638145764025924,5026.51,14803086.5
2020-08-01,2020,8,Southwest Monsoon,Southwest Monsoon,0,Kozhikode,Oil Sardine,Sardinella longiceps,2.3,Prey (Small Pelagic),14803086.5,2945,32795,5026.51,27.4,511.6,6.8,3.21,10.49,6.12,1.309,5026.51,675.44,0.1345,-4182.67,4.711,-0.8660254037844385,-0.5000000000000004,5190.62,7003.36,1195.18,2392.13,4463.053333333334,2971.6584038097863,2710.7016666666664,-0.25883861423825333,0.022857142857144908,94.58571428571435,27.18,12.12,6.65,434.0,5.7857141524029,3180.66,7751262.0
2020-09-01,2020,9,Southwest Monsoon,Southwest Monsoon,0,Kozhikode,Oil Sardine,Sardinella longiceps,2.3,Prey (Small Pelagic),7751262.0,2437,31455,3180.66,27.34,251.7,5.2,2.4,7.92,4.48,1.083,3180.66,439.17,0.1383,-1745.0,3.337,-1.0,-1.8369701987210297e-16,5026.51,5190.62,7003.36,3369.45,5740.163333333334,1097.0334484569426,3281.83,-0.03161664689070539,-0.6828571428571415,1.7214285714285609,27.4,10.49,6.12,2945.0,-0.1724957549321027,1241.85,3552927.0
2020-10-01,2020,10,Post-Monsoon,Post-Monsoon,0,Kozhikode,Oil Sardine,Sardinella longiceps,2.3,Prey (Small Pelagic),3552927.0,2861,36316,1241.85,28.52,238.6,2.9,1.39,0.95,1.25,1.272,1241.85,416.79,0.3362,-591.574,1.395,-0.8660254037844386,0.5000000000000001,3180.66,5026.51,5190.62,1280.57,4465.930000000001,1116.0968832050357,3698.3783333333336,-0.367222983009637,-0.27857142857142847,-63.957142857142884,27.34,7.92,4.48,2437.0,0.1739844063439294,1423.19,4279536.5
2020-11-01,2020,11,Post-Monsoon,Post-Monsoon,0,Kozhikode,Oil Sardine,Sardinella longiceps,2.3,Prey (Small Pelagic),4279536.5,3007,30684,1423.19,29.0,172.0,3.5,1.2,1.07,1.15,1.336,1423.19,387.3,0.2726,-663.066,1.37,-0.5000000000000004,0.8660254037844384,1241.85,3180.66,5026.51,1287.71,3149.673333333334,1892.5202664788894,3806.3633333333332,-0.6095621644263701,-0.015714285714288678,3.842857142857156,28.52,0.95,1.25,2861.0,0.051031107825826254,1332.24,3975400.6
2020-12-01,2020,12,Winter / Post-Monsoon,Northeast/Dry,0,Kozhikode,Oil Sardine,Sardinella longiceps,2.3,Prey (Small Pelagic),3975400.6,2984,29175,1332.24,28.05,38.9,4.0,1.3,1.56,1.14,1.326,1332.24,325.84,0.2451,-528.252,1.62,-2.4492935982947064e-16,1.0,1423.19,1241.85,3180.66,953.42,1948.5666666666675,1070.8695230668038,3844.3650000000002,0.14602407580606305,-0.4485714285714302,3.5214285714285722,29.0,1.07,1.15,3007.0,-0.00764881939591347,1830.9,5714249.9
2021-01-01,2021,1,Winter / Post-Monsoon,Northeast/Dry,0,Kozhikode,Oil Sardine,Sardinella longiceps,2.3,Prey (Small Pelagic),5714249.9,3121,36704,1830.9,28.22,9.3,3.3,0.94,1.14,1.05,1.387,1830.9,453.79,0.2483,-1049.688,1.722,0.49999999999999994,0.8660254037844387,1332.24,1423.19,1241.85,1473.72,1332.4266666666674,90.67014411217936,2899.1783333333333,-0.06390573244678695,-0.05642857142857238,0.8428571428571434,28.05,1.56,1.14,2984.0,0.045911527996275035,1847.91,5941020.8
2021-02-01,2021,2,Winter / Post-Monsoon,Northeast/Dry,0,Kozhikode,Oil Sardine,Sardinella longiceps,2.3,Prey (Small Pelagic),5941020.8,3215,39552,1847.91,28.2,11.4,3.7,0.8,1.29,0.91,1.429,1847.91,404.84,0.2195,-983.216,1.678,0.8660254037844386,0.5000000000000001,1830.9,1332.24,1423.19,1599.74,1528.7766666666676,265.56893085096306,2339.225,0.3743019247710479,-0.45142857142857196,0.7428571428571438,28.22,1.14,1.05,3121.0,0.03011855164973229,1093.65,2641167.1
2021-03-01,2021,3,Pre-Monsoon / Summer,Pre-Monsoon,0,Kozhikode,Oil Sardine,Sardinella longiceps,2.3,Prey (Small Pelagic),2641167.1,2415,23000,1093.65,29.7,24.2,3.6,0.72,1.04,0.77,1.073,1093.65,379.31,0.3474,-479.122,0.844,1.0,6.123233995736766e-17,1847.91,1830.9,1332.24,681.37,1670.350000000001,292.9353411590864,1809.4583333333333,0.009290512811783747,0.1642857142857146,-0.5357142857142883,28.2,1.29,0.91,3215.0,-0.24883359176101524,704.29,2083987.7
2021-04-01,2021,4,Pre-Monsoon / Summer,Pre-Monsoon,0,Kozhikode,Oil Sardine,Sardinella longiceps,2.3,Prey (Small Pelagic),2083987.7,2959,33126,704.29,30.14,98.4,4.4,1.01,1.7,1.2,1.315,704.29,322.08,0.4581,-235.911,0.573,0.8660254037844387,-0.4999999999999998,1093.65,1847.91,1830.9,593.94,1590.8200000000008,430.64584254348756,1461.6233333333332,-0.40816922681207835,-0.1614285714285728,8.992857142857147,29.7,1.04,0.77,2415.0,0.22525879823909398,966.26,2595367.8
2021-05-01,2021,5,Pre-Monsoon / Summer,Pre-Monsoon,0,Kozhikode,Oil Sardine,Sardinella longiceps,2.3,Prey (Small Pelagic),2595367.8,2686,30595,966.26,30.03,256.1,5.4,2.13,1.5,1.5,1.194,966.26,357.86,0.371,-375.278,0.895,0.49999999999999994,-0.8660254037844387,704.29,1093.65,1847.91,1195.18,1215.2833333333342,581.4315754526266,1372.03,-0.3560188327525367,-0.09999999999999787,-4.9571428571428555,30.14,1.7,1.2,2959.0,-0.0922608986405512,6674.38,3457329.1
2021-06-01,2021,6,Southwest Monsoon,Southwest Monsoon,1,Kozhikode,Oil Sardine,Sardinella longiceps,2.3,Prey (Small Pelagic),3457329.1,518,5956,6674.38,28.95,690.0,8.2,3.43,12.25,7.29,0.23,6674.38,1196.78,0.1794,-9277.491,6.73,1.2246467991473532e-16,-1.0,966.26,704.29,1093.65,7003.36,921.4000000000009,198.51855605960304,1295.875,0.37196324849191037,0.3592857142857149,20.278571428571354,30.03,1.5,1.5,2686.0,-0.8071481727209673,5869.08,3674046.2
2021-07-01,2021,7,Southwest Monsoon,Southwest Monsoon,1,Kozhikode,Oil Sardine,Sardinella longiceps,2.3,Prey (Small Pelagic),3674046.2,626,7365,5869.08,27.21,640.8,7.9,3.47,11.55,6.56,0.278,5869.08,709.08,0.121,-5219.374,5.415,-0.4999999999999997,-0.8660254037844388,6674.38,966.26,704.29,5190.62,2781.643333333334,3373.7525305264053,2186.2316666666666,5.907436860602355,-0.4742857142857133,32.85000000000002,28.95,12.25,7.29,518.0,0.20849420446922387,6574.46,19789138.1
2021-08-01,2021,8,Southwest Monsoon,Southwest Monsoon,0,Kozhikode,Oil Sardine,Sardinella longiceps,2.3,Prey (Small Pelagic),19789138.1,3010,32400,6574.46,27.73,445.8,6.9,2.75,10.28,5.95,1.338,6574.46,855.74,0.1303,-7108.347,5.947,-0.8660254037844385,-0.5000000000000004,5869.08,6674.38,966.26,5026.51,4503.240000000001,3089.4655950180104,2859.2616666666668,-0.12065540151945892,0.35285714285714675,28.785714285714334,27.21,11.55,6.56,626.0,3.8083066484296064,4812.83,12624052.8
2021-09-01,2021,9,Southwest Monsoon,Southwest Monsoon,0,Kozhikode,Oil Sardine,Sardinella longiceps,2.3,Prey (Small Pelagic),12624052.8,2623,36049,4812.83,27.99,239.4,4.9,1.93,7.84,4.27,1.166,4812.83,714.77,0.1487,-4394.232,4.493,-1.0,-1.8369701987210297e-16,6574.46,5869.08,6674.38,3180.66,6372.64,438.9481823632394,3647.0200000000004,0.12018578700548337,-0.03285714285714292,-10.578571428571422,27.73,10.28,5.95,3010.0,-0.12857142814428096,1894.24,5474339.7
2021-10-01,2021,10,Post-Monsoon,Post-Monsoon,0,Kozhikode,Oil Sardine,Sardinella longiceps,2.3,Prey (Small Pelagic),5474339.7,2890,39697,1894.24,28.18,270.1,4.2,1.82,0.92,1.22,1.284,1894.24,400.53,0.2119,-982.84,1.807,-0.8660254037844386,0.5000000000000001,4812.83,6574.46,5869.08,1241.85,5752.123333333334,886.6195410847447,4266.883333333333,-0.2679505232856379,-0.6185714285714283,-32.457142857142856,27.99,7.84,4.27,2623.0,0.10179184101489958,1917.69,5730053.4
2021-11-01,2021,11,Post-Monsoon,Post-Monsoon,0,Kozhikode,Oil Sardine,Sardinella longiceps,2.3,Prey (Small Pelagic),5730053.4,2988,30932,1917.69,28.87,171.7,3.9,1.18,1.5,1.52,1.328,1917.69,441.59,0.2307,-1056.053,1.663,-0.5000000000000004,0.8660254037844384,1894.24,4812.83,6574.46,1423.19,4427.176666666668,2363.823424503895,4465.208333333333,-0.6064186754852786,-0.14571428571428768,3.5428571428571445,28.18,0.92,1.22,2890.0,0.033910034484740365,2012.62,5683643.4
2021-12-01,2021,12,Winter / Post-Monsoon,Northeast/Dry,0,Kozhikode,Oil Sardine,Sardinella longiceps,2.3,Prey (Small Pelagic),5683643.4,2824,29388,2012.62,28.52,31.7,5.0,1.03,1.79,1.22,1.255,2012.62,419.89,0.209,-1104.398,1.968,-2.4492935982947064e-16,1.0,1917.69,1894.24,4812.83,1332.24,2874.9200000000005,1678.3202470625147,4623.78,0.012379635038962167,0.021428571428568688,-3.678571428571427,28.87,1.5,1.52,2988.0,-0.05488621132902874,1684.82,3952578.9
2022-01-01,2022,1,Winter / Post-Monsoon,Northeast/Dry,0,Kozhikode,Oil Sardine,Sardinella longiceps,2.3,Prey (Small Pelagic),3952578.9,2346,26070,1684.82,27.65,7.3,3.7,0.82,0.96,0.73,1.043,1684.82,365.76,0.2176,-817.383,1.759,0.49999999999999994,0.8660254037844387,2012.62,1917.69,1894.24,1830.9,1941.5166666666676,62.68363927940164,3846.8199999999997,0.04950226548867501,-0.6264285714285727,-1.1571428571428575,28.52,1.79,1.22,2824.0,-0.1692634554912767,2183.91,6451275.8
2022-02-01,2022,2,Winter / Post-Monsoon,Northeast/Dry,0,Kozhikode,Oil Sardine,Sardinella longiceps,2.3,Prey (Small Pelagic),6451275.8,2954,34075,2183.91,28.31,10.7,3.5,0.88,1.02,0.84,1.313,2183.91,460.81,0.2114,-1362.94,2.101,0.8660254037844386,0.5000000000000001,1684.82,2012.62,1917.69,1847.91,1871.710000000001,168.66781050329828,3149.443333333333,-0.16287227512957103,-0.3414285714285725,0.042857142857142705,27.65,0.96,0.73,2346.0,0.25916453427466096,1571.11,4531081.0
2022-03-01,2022,3,Pre-Monsoon / Summer,Pre-Monsoon,0,Kozhikode,Oil Sardine,Sardinella longiceps,2.3,Prey (Small Pelagic),4531081.0,2884,32159,1571.11,29.04,29.5,3.1,1.15,1.0,1.04,1.282,1571.11,476.74,0.3039,-899.576,1.642,1.0,6.123233995736766e-17,2183.91,1684.82,2012.62,1093.65,1960.4500000000007,253.60202818585037,2417.685,0.2962274884187777,-0.49571428571428555,4.7642857142857125,28.31,1.02,0.84,2954.0,-0.023696682384236008,891.86,2350054.5
2022-04-01,2022,4,Pre-Monsoon / Summer,Pre-Monsoon,0,Kozhikode,Oil Sardine,Sardinella longiceps,2.3,Prey (Small Pelagic),2350054.5,2635,36348,891.86,30.04,75.5,3.7,0.99,0.96,0.82,1.171,891.86,384.56,0.4318,-376.465,0.786,0.8660254037844387,-0.4999999999999998,1571.11,2183.91,1684.82,704.29,1813.2800000000007,325.9715305053131,1877.3983333333333,-0.2805976423909518,-0.26142857142857423,-13.907142857142858,29.04,1.0,1.04,2884.0,-0.08633841856332032,1141.77,3133022.0
2022-05-01,2022,5,Pre-Monsoon / Summer,Pre-Monsoon,0,Kozhikode,Oil Sardine,Sardinella longiceps,2.3,Prey (Small Pelagic),3133022.0,2744,27950,1141.77,29.8,226.9,4.6,1.66,1.08,1.22,1.22,1141.77,410.59,0.3602,-527.556,1.032,0.49999999999999994,-0.8660254037844387,891.86,1571.11,2183.91,966.26,1548.960000000001,646.3097303150984,1710.335,-0.43233764388020157,-0.3299999999999983,-34.15714285714287,30.04,0.96,0.82,2635.0,0.04136622375193084,9271.83,4635916.8
2022-06-01,2022,6,Southwest Monsoon,Southwest Monsoon,1,Kozhikode,Oil Sardine,Sardinella longiceps,2.3,Prey (Small Pelagic),4635916.8,500,6163,9271.83,28.15,932.2,7.9,3.26,11.79,7.53,0.222,9271.83,1325.93,0.1431,-14891.703,8.807,1.2246467991473532e-16,-1.0,1141.77,891.86,1571.11,6674.38,1201.5800000000008,343.55213243403676,1581.015,0.2802121377770935,-0.44071428571428584,262.4785714285714,29.8,1.08,1.22,2744.0,-0.8177842535795034,7214.26,3787487.3
2022-07-01,2022,7,Southwest Monsoon,Southwest Monsoon,1,Kozhikode,Oil Sardine,Sardinella longiceps,2.3,Prey (Small Pelagic),3787487.3,525,6335,7214.26,27.41,517.1,8.5,4.01,12.7,7.04,0.233,7214.26,1022.36,0.1418,-8958.79,7.61,-0.4999999999999997,-0.8660254037844388,9271.83,1141.77,891.86,5869.08,3768.4866666666676,4767.67287420533,2790.883333333333,7.120575885506049,-0.274285714285714,-90.84999999999991,28.15,11.79,7.53,500.0,0.049999999000000024,4192.32,10682036.5
2022-08-01,2022,8,Southwest Monsoon,Southwest Monsoon,0,Kozhikode,Oil Sardine,Sardinella longiceps,2.3,Prey (Small Pelagic),10682036.5,2548,27665,4192.32,26.62,260.1,7.8,2.32,11.68,6.21,1.132,4192.32,499.43,0.1193,-2599.771,4.162,-0.8660254037844385,-0.5000000000000004,7214.26,9271.83,1141.77,6574.46,5875.953333333334,4227.028205658596,3712.4566666666665,-0.22191627734555497,-0.7571428571428527,-156.91428571428565,27.41,12.7,7.04,525.0,3.8533332599365093,6469.15,18779956.1
2022-09-01,2022,9,Southwest Monsoon,Southwest Monsoon,0,Kozhikode,Oil Sardine,Sardinella longiceps,2.3,Prey (Small Pelagic),18779956.1,2903,39625,6469.15,27.68,291.6,6.2,2.06,9.5,5.29,1.29,6469.15,786.95,0.1218,-6660.53,6.05,-1.0,-1.8369701987210297e-16,4192.32,7214.26,9271.83,4812.83,6892.803333333334,2554.966976583715,4047.191666666667,-0.418884264749421,-0.34285714285714164,41.621428571428595,26.62,11.68,6.21,2548.0,0.1393249602067309,2218.27,7473353.9
2022-10-01,2022,10,Post-Monsoon,Post-Monsoon,0,Kozhikode,Oil Sardine,Sardinella longiceps,2.3,Prey (Small Pelagic),7473353.9,3369,35217,2218.27,28.54,337.9,3.5,1.24,1.19,1.57,1.497,2218.27,527.43,0.2381,-1462.848,1.921,-0.8660254037844386,0.5000000000000001,6469.15,4192.32,7214.26,1894.24,5958.576666666668,1574.3392859969324,4863.531666666667,0.5430954685160115,-0.2585714285714289,35.3428571428571,27.68,9.5,5.29,2903.0,0.160523595726753,2605.04,8216283.1
2022-11-01,2022,11,Post-Monsoon,Post-Monsoon,0,Kozhikode,Oil Sardine,Sardinella longiceps,2.3,Prey (Small Pelagic),8216283.1,3154,34135,2605.04,28.33,162.5,4.0,1.43,1.67,1.77,1.402,2605.04,569.44,0.2189,-1886.671,2.358,-0.5000000000000004,0.8660254037844384,2218.27,6469.15,4192.32,1917.69,4293.246666666668,2127.2364320012307,5084.599999999999,-0.6571002362642693,-0.6857142857142904,-5.657142857142844,28.54,1.19,1.57,3369.0,-0.06381715623681461,2159.62,6953986.9
2022-12-01,2022,12,Winter / Post-Monsoon,Northeast/Dry,0,Kozhikode,Oil Sardine,Sardinella longiceps,2.3,Prey (Small Pelagic),6953986.9,3220,31731,2159.62,28.0,33.7,4.7,1.33,1.36,0.98,1.431,2159.62,412.3,0.1913,-1221.874,2.082,-2.4492935982947064e-16,1.0,2605.04,2218.27,6469.15,2012.62,3764.153333333334,2350.564396742477,5328.4783333333335,0.1743565924150054,-0.4985714285714309,-1.6785714285714235,28.33,1.67,1.77,3154.0,0.02092580843079959,2056.41,5646912.7
2023-01-01,2023,1,Winter / Post-Monsoon,Northeast/Dry,0,Kozhikode,Oil Sardine,Sardinella longiceps,2.3,Prey (Small Pelagic),5646912.7,2746,39012,2056.41,28.72,7.3,3.4,1.12,0.95,0.81,1.22,2056.41,542.53,0.2642,-1429.066,1.928,0.49999999999999994,0.8660254037844387,2159.62,2605.04,2218.27,1684.82,2327.643333333335,242.01578178566234,4143.11,-0.17098393816991703,0.4435714285714276,-1.1571428571428575,28.0,1.36,0.98,3220.0,-0.1472049684869411,1800.18,5346536.0
2023-02-01,2023,2,Winter / Post-Monsoon,Northeast/Dry,0,Kozhikode,Oil Sardine,Sardinella longiceps,2.3,Prey (Small Pelagic),5346536.0,2970,35408,1800.18,29.13,7.9,4.6,0.5,1.39,1.1,1.32,1800.18,585.15,0.3254,-1259.767,1.704,0.8660254037844386,0.5000000000000001,2056.41,2159.62,2605.04,2183.91,2273.690000000001,291.5607876584092,3283.4683333333337,-0.047790814829503286,0.47857142857142776,-2.7571428571428562,28.72,0.95,0.81,2746.0,0.08157319708094246,1390.55,4104912.8
2023-03-01,2023,3,Pre-Monsoon / Summer,Pre-Monsoon,0,Kozhikode,Oil Sardine,Sardinella longiceps,2.3,Prey (Small Pelagic),4104912.8,2952,36486,1390.55,29.72,30.8,3.5,1.22,1.55,1.15,1.312,1390.55,524.95,0.378,-835.167,1.287,1.0,6.123233995736766e-17,1800.18,2056.41,2159.62,1571.11,2005.4033333333346,185.06900992150193,2884.778333333333,-0.12460063837172228,0.18428571428571416,6.064285714285713,29.13,1.39,1.1,2970.0,-0.006060606040199979,398.55,1183679.8
2023-04-01,2023,4,Pre-Monsoon / Summer,Pre-Monsoon,0,Kozhikode,Oil Sardine,Sardinella longiceps,2.3,Prey (Small Pelagic),1183679.8,2970,39651,398.55,30.67,70.9,4.3,1.33,0.58,0.55,1.32,398.55,252.63,0.6348,-97.537,0.37,0.8660254037844387,-0.4999999999999998,1390.55,1800.18,2056.41,891.86,1749.0466666666678,335.8620970477687,2038.345,-0.22754946601145742,0.36857142857142833,-18.507142857142853,29.72,1.55,1.15,2952.0,0.006097560954954061,573.66,1665905.4
2023-05-01,2023,5,Pre-Monsoon / Summer,Pre-Monsoon,0,Kozhikode,Oil Sardine,Sardinella longiceps,2.3,Prey (Small Pelagic),1665905.4,2904,38426,573.66,30.46,217.2,4.1,2.3,1.71,1.21,1.291,573.66,361.16,0.6302,-207.813,0.537,0.49999999999999994,-0.8660254037844387,398.55,1390.55,1800.18,1141.77,1196.4266666666679,720.6972773872013,1735.0583333333332,-0.7133867842696288,0.33000000000000185,-43.85714285714289,30.67,0.58,0.55,2970.0,-0.022222222147399925,7176.3,3193453.4
2023-06-01,2023,6,Southwest Monsoon,Southwest Monsoon,1,Kozhikode,Oil Sardine,Sardinella longiceps,2.3,Prey (Small Pelagic),3193453.4,445,4794,7176.3,28.81,607.3,7.0,3.43,10.31,6.2,0.198,7176.3,1378.99,0.1923,-11636.386,7.328,1.2246467991473532e-16,-1.0,573.66,398.55,1390.55,9271.83,787.586666666668,529.470928411867,1396.4950000000001,0.43936769691713207,0.2192857142857143,-62.42142857142869,30.46,1.71,1.21,2904.0,-0.8467630824835981,12229.13,6530356.4
2023-07-01,2023,7,Southwest Monsoon,Southwest Monsoon,1,Kozhikode,Oil Sardine,Sardinella longiceps,2.3,Prey (Small Pelagic),6530356.4,534,5488,12229.13,28.14,556.0,8.9,3.02,13.72,7.63,0.237,12229.13,1658.09,0.1357,-24941.351,10.622,-0.4999999999999997,-0.8660254037844388,7176.3,573.66,398.55,7214.26,2716.1700000000014,3863.5780813515335,2232.608333333333,11.509674519581731,0.4557142857142864,-51.94999999999993,28.81,10.31,6.2,445.0,0.1999999955056181,8778.33,25588831.8
2023-08-01,2023,8,Southwest Monsoon,Southwest Monsoon,0,Kozhikode,Oil Sardine,Sardinella longiceps,2.3,Prey (Small Pelagic),25588831.8,2915,32772,8778.33,27.62,454.9,7.7,3.29,11.31,6.55,1.296,8778.33,1182.88,0.1348,-12970.675,7.858,-0.8660254037844385,-0.5000000000000004,12229.13,7176.3,573.66,4192.32,6659.696666666668,5844.882760435262,3928.0616666666665,0.7040996046652179,0.24285714285714732,37.8857142857143,28.14,13.72,7.63,534.0,4.458801414629187,3853.91,9191580.7
2023-09-01,2023,9,Southwest Monsoon,Southwest Monsoon,0,Kozhikode,Oil Sardine,Sardinella longiceps,2.3,Prey (Small Pelagic),9191580.7,2385,23534,3853.91,28.66,216.2,5.3,2.04,7.82,4.6,1.06,3853.91,956.3,0.2483,-4225.658,5.433,-1.0,-1.8369701987210297e-16,8778.33,12229.13,7176.3,6469.15,9394.586666666668,2582.1700102110476,5091.086666666666,-0.28217869931697614,0.6371428571428588,-33.77857142857144,27.62,11.31,6.55,2915.0,-0.18181818119444876,1812.58,5468540.1
2023-10-01,2023,10,Post-Monsoon,Post-Monsoon,0,Kozhikode,Oil Sardine,Sardinella longiceps,2.3,Prey (Small Pelagic),5468540.1,3017,38645,1812.58,29.22,267.5,4.4,1.04,1.36,1.55,1.341,1812.58,527.31,0.2913,-1135.941,1.811,-0.8660254037844386,0.5000000000000001,3853.91,8778.33,12229.13,2218.27,8287.123333333335,4209.161496561201,5501.6466666666665,-0.5609745810866366,0.4214285714285708,-35.05714285714288,28.66,7.82,4.6,2385.0,0.2649895167086393,1595.12,3888903.8
2023-11-01,2023,11,Post-Monsoon,Post-Monsoon,0,Kozhikode,Oil Sardine,Sardinella longiceps,2.3,Prey (Small Pelagic),3888903.8,2438,28876,1595.12,29.29,139.2,3.7,1.47,1.01,0.91,1.084,1595.12,506.2,0.3178,-971.723,1.421,-0.5000000000000004,0.8660254037844384,1812.58,3853.91,8778.33,2605.04,4814.9400000000005,3580.935947667871,5737.318333333334,-0.529677650672492,0.27428571428571047,-28.957142857142856,29.22,1.36,1.55,3017.0,-0.19191249522070766,2136.62,6322246.0
2023-12-01,2023,12,Winter / Post-Monsoon,Northeast/Dry,0,Kozhikode,Oil Sardine,Sardinella longiceps,2.3,Prey (Small Pelagic),6322246.0,2959,31409,2136.62,28.79,35.8,4.1,1.28,1.32,1.23,1.315,2136.62,636.19,0.2981,-1657.177,1.936,-2.4492935982947064e-16,1.0,1595.12,1812.58,3853.91,2159.62,2420.5366666666673,1246.0905053138488,5907.561666666666,-0.11997263502867388,0.29142857142856826,0.4214285714285708,29.29,1.01,0.91,2438.0,0.21369975302009944,1860.4,6559787.8
2024-01-01,2024,1,Winter / Post-Monsoon,Northeast/Dry,0,Kozhikode,Oil Sardine,Sardinella longiceps,2.3,Prey (Small Pelagic),6559787.8,3526,33669,1860.4,28.07,8.9,3.0,1.0,0.37,0.51,1.567,1860.4,394.16,0.2123,-1010.05,1.688,0.49999999999999994,0.8660254037844387,2136.62,1595.12,1812.58,2056.41,1848.1066666666673,272.4925146372334,5067.615000000001,0.3394728901933843,-0.20642857142857096,0.44285714285714306,28.79,1.32,1.23,2959.0,0.19161878948422173,2168.2,5949531.2
2024-02-01,2024,2,Winter / Post-Monsoon,Northeast/Dry,0,Kozhikode,Oil Sardine,Sardinella longiceps,2.3,Prey (Small Pelagic),5949531.2,2744,28691,2168.2,28.2,10.9,4.1,1.59,1.24,1.06,1.22,2168.2,432.84,0.2,-1264.288,1.964,0.8660254037844386,0.5000000000000001,1860.4,2136.62,1595.12,1800.18,1864.046666666667,270.7684179023153,3339.4933333333333,-0.12927895400549008,-0.45142857142857196,0.24285714285714377,28.07,0.37,0.51,3526.0,-0.22178105439086485,1329.64,3488971.1
2024-03-01,2024,3,Pre-Monsoon / Summer,Pre-Monsoon,0,Kozhikode,Oil Sardine,Sardinella longiceps,2.3,Prey (Small Pelagic),3488971.1,2624,30885,1329.64,29.67,29.2,3.5,0.63,1.03,0.77,1.166,1329.64,397.26,0.2993,-637.587,1.155,1.0,6.123233995736766e-17,2168.2,1860.4,2136.62,1390.55,2055.0733333333337,169.32986781227612,2237.805,0.16544828980085832,0.134285714285717,4.464285714285712,28.2,1.24,1.06,2744.0,-0.043731778266283605,630.79,1735307.5
2024-04-01,2024,4,Pre-Monsoon / Summer,Pre-Monsoon,0,Kozhikode,Oil Sardine,Sardinella longiceps,2.3,Prey (Small Pelagic),1735307.5,2751,31520,630.79,30.3,106.9,4.1,1.86,1.27,0.87,1.223,630.79,292.53,0.4646,-191.541,0.641,0.8660254037844387,-0.4999999999999998,1329.64,2168.2,1860.4,398.55,1786.0800000000006,424.1913662487598,1817.0933333333332,-0.3867539877006087,-0.001428571428572667,17.492857142857147,29.67,1.03,0.77,2624.0,0.04839939005945354,472.99,1388690.8
2024-05-01,2024,5,Pre-Monsoon / Summer,Pre-Monsoon,0,Kozhikode,Oil Sardine,Sardinella longiceps,2.3,Prey (Small Pelagic),1388690.8,2936,41109,472.99,30.43,238.3,5.3,1.45,1.36,1.18,1.305,472.99,330.58,0.6996,-152.782,0.487,0.49999999999999994,-0.8660254037844387,630.79,1329.64,2168.2,573.66,1376.2100000000007,769.7622689506088,1620.1283333333333,-0.5255933897476507,0.3000000000000007,-22.757142857142867,30.3,1.27,0.87,2751.0,0.0672482731106933,8836.03,4736114.3
2024-06-01,2024,6,Southwest Monsoon,Southwest Monsoon,1,Kozhikode,Oil Sardine,Sardinella longiceps,2.3,Prey (Small Pelagic),4736114.3,536,7008,8836.03,28.07,555.8,7.7,3.7,11.28,6.5,0.238,8836.03,1176.31,0.1332,-13034.034,8.254,1.2246467991473532e-16,-1.0,472.99,630.79,1329.64,7176.3,811.1400000000007,455.9132565521529,1433.1066666666666,-0.2501624906837063,-0.5207142857142841,-113.92142857142869,30.43,1.36,1.18,2936.0,-0.8174386893139008,9665.38,5750899.5
2024-07-01,2024,7,Southwest Monsoon,Southwest Monsoon,1,Kozhikode,Oil Sardine,Sardinella longiceps,2.3,Prey (Small Pelagic),5750899.5,595,5880,9665.38,28.14,586.5,8.3,3.26,12.54,7.02,0.264,9665.38,1376.74,0.1425,-16319.688,9.214,-0.4999999999999997,-0.8660254037844388,8836.03,472.99,630.79,12229.13,3313.270000000001,4783.501199247262,2549.6749999999997,17.68121910228083,0.4557142857142864,-21.449999999999932,28.07,11.28,6.5,536.0,0.11007462481204058,7683.71,23727297.2
2024-08-01,2024,8,Southwest Monsoon,Southwest Monsoon,0,Kozhikode,Oil Sardine,Sardinella longiceps,2.3,Prey (Small Pelagic),23727297.2,3088,35210,7683.71,27.59,528.2,7.3,3.14,11.14,6.56,1.372,7683.71,896.05,0.1167,-8816.679,7.549,-0.8660254037844385,-0.5000000000000004,9665.38,8836.03,472.99,8778.33,6324.8,5084.753245015925,3850.5049999999997,0.09386002526716164,0.2128571428571462,111.18571428571437,28.14,12.54,7.02,595.0,4.1899158959678005,6404.78,19111859.0
2024-09-01,2024,9,Southwest Monsoon,Southwest Monsoon,0,Kozhikode,Oil Sardine,Sardinella longiceps,2.3,Prey (Small Pelagic),19111859.0,2984,38354,6404.78,28.01,235.8,5.2,1.94,8.04,4.47,1.326,6404.78,937.32,0.1465,-7742.387,5.655,-1.0,-1.8369701987210297e-16,7683.71,9665.38,8836.03,3853.91,8728.373333333335,995.2117692397504,4769.756666666667,-0.20502763450063247,-0.012857142857139792,-14.178571428571416,27.59,11.14,6.56,3088.0,-0.033678756367620605,2271.63,7498639.4
2024-10-01,2024,10,Post-Monsoon,Post-Monsoon,0,Kozhikode,Oil Sardine,Sardinella longiceps,2.3,Prey (Small Pelagic),7498639.4,3301,36102,2271.63,28.65,356.4,4.4,1.23,1.23,1.57,1.467,2271.63,518.16,0.2284,-1486.925,2.226,-0.8660254037844386,0.5000000000000001,6404.78,7683.71,9665.38,1812.58,7917.956666666668,1642.873006544727,5615.613333333334,-0.16644693752569148,-0.14857142857142946,53.8428571428571,28.01,8.04,4.47,2984.0,0.10623324361181888,1633.11,4121960.0
2024-11-01,2024,11,Post-Monsoon,Post-Monsoon,0,Kozhikode,Oil Sardine,Sardinella longiceps,2.3,Prey (Small Pelagic),4121960.0,2524,28130,1633.11,29.19,160.4,4.1,1.38,1.39,1.31,1.122,1633.11,505.34,0.3099,-975.672,1.741,-0.5000000000000004,0.8660254037844384,2271.63,6404.78,7683.71,1595.12,5453.373333333334,2828.6981927440233,5889.086666666666,-0.6453227110918366,0.1742857142857126,-7.7571428571428385,28.65,1.23,1.57,3301.0,-0.23538321649384059,2171.5,6184444.3
2024-12-01,2024,12,Winter / Post-Monsoon,Northeast/Dry,0,Kozhikode,Oil Sardine,Sardinella longiceps,2.3,Prey (Small Pelagic),6184444.3,2848,32377,2171.5,28.88,38.5,3.2,0.63,1.38,1.12,1.266,2171.5,593.18,0.2735,-1608.709,1.941,-2.4492935982947064e-16,1.0,1633.11,2271.63,6404.78,2136.62,3436.5066666666676,2590.3497608688476,6082.44,-0.2810845063629002,0.3814285714285681,3.1214285714285737,29.19,1.39,1.31,2524.0,0.12836766985591255,2004.56,6147982.1
2025-01-01,2025,1,Winter / Post-Monsoon,Northeast/Dry,0,Kozhikode,Oil Sardine,Sardinella longiceps,2.3,Prey (Small Pelagic),6147982.1,3067,31842,2004.56,28.27,8.2,3.3,1.34,1.16,0.74,1.363,2004.56,462.54,0.2311,-1229.862,1.795,0.49999999999999994,0.8660254037844387,2171.5,1633.11,2271.63,1860.4,2025.4133333333339,343.4136474185182,4971.685,0.3296716061399931,-0.006428571428571672,-0.257142857142858,28.88,1.38,1.12,2848.0,0.0768960671457301,1545.89,4815456.3
2025-02-01,2025,2,Winter / Post-Monsoon,Northeast/Dry,0,Kozhikode,Oil Sardine,Sardinella longiceps,2.3,Prey (Small Pelagic),4815456.3,3115,44539,1545.89,29.05,11.8,3.5,1.3,1.05,0.93,1.384,1545.89,444.28,0.2879,-837.546,1.482,0.8660254037844386,0.5000000000000001,2004.56,2171.5,1633.11,2168.2,1936.3900000000006,275.59265175246713,3694.8816666666667,-0.07687773393102589,0.39857142857142946,1.1428571428571441,28.27,1.16,0.74,3067.0,0.015650472723669796,1104.56,3297098.7
2025-03-01,2025,3,Pre-Monsoon / Summer,Pre-Monsoon,0,Kozhikode,Oil Sardine,Sardinella longiceps,2.3,Prey (Small Pelagic),3297098.7,2985,35813,1104.56,29.46,20.8,4.2,0.97,1.05,0.73,1.327,1104.56,468.12,0.4243,-584.498,1.138,1.0,6.123233995736766e-17,1545.89,2004.56,2171.5,1329.64,1907.3166666666673,323.94315463255236,2671.9116666666664,-0.2288133045216241,-0.07571428571428385,-3.935714285714287,29.05,1.05,0.93,3115.0,-0.0417335472175488,778.09,2030807.4
2025-04-01,2025,4,Pre-Monsoon / Summer,Pre-Monsoon,0,Kozhikode,Oil Sardine,Sardinella longiceps,2.3,Prey (Small Pelagic),2030807.4,2610,24852,778.09,29.88,87.4,3.2,1.37,0.0,0.54,1.16,778.09,348.87,0.4491,-296.682,0.741,0.8660254037844387,-0.4999999999999998,1104.56,1545.89,2004.56,630.79,1551.6700000000008,450.02783947213186,1788.5416666666667,-0.28548602885401925,-0.4214285714285744,-2.0071428571428527,29.46,1.05,0.73,2985.0,-0.1256281402826528,1427.56,3685953.8
2025-05-01,2025,5,Pre-Monsoon / Summer,Pre-Monsoon,0,Kozhikode,Oil Sardine,Sardinella longiceps,2.3,Prey (Small Pelagic),3685953.8,2582,36190,1427.56,29.7,258.8,5.7,2.3,1.8,1.59,1.148,1427.56,448.28,0.3145,-735.066,1.293,0.49999999999999994,-0.8660254037844387,778.09,1104.56,1545.89,472.99,1142.8466666666673,385.32922499245535,1539.618333333333,-0.2955656524266164,-0.4299999999999997,-2.257142857142867,29.88,0.0,0.54,2610.0,-0.010727969307555672,8650.68,5147155.7
2025-06-01,2025,6,Southwest Monsoon,Southwest Monsoon,1,Kozhikode,Oil Sardine,Sardinella longiceps,2.3,Prey (Small Pelagic),5147155.7,595,5730,8650.68,28.49,572.2,8.5,3.26,12.44,7.31,0.264,8650.68,1323.84,0.1531,-13741.488,8.436,1.2246467991473532e-16,-1.0,1427.56,778.09,1104.56,8836.03,1103.4033333333339,324.7365449611208,1505.36,0.8346977748756855,-0.10071428571428598,-97.5214285714286,29.7,1.8,1.59,2582.0,-0.7695584788165821,7254.68,4425355.6
2025-07-01,2025,7,Southwest Monsoon,Southwest Monsoon,1,Kozhikode,Oil Sardine,Sardinella longiceps,2.3,Prey (Small Pelagic),4425355.6,610,7362,7254.68,27.83,707.7,7.6,3.22,11.18,6.95,0.271,7254.68,1003.53,0.1384,-8901.112,7.619,-0.4999999999999997,-0.8660254037844388,8650.68,1427.56,778.09,9665.38,3618.776666666667,4369.838805634975,2585.2233333333334,5.059766279107245,0.14571428571428413,99.75000000000011,28.49,12.44,7.31,595.0,0.02521008360991456,5431.06,13213759.0
2025-08-01,2025,8,Southwest Monsoon,Southwest Monsoon,0,Kozhikode,Oil Sardine,Sardinella longiceps,2.3,Prey (Small Pelagic),13213759.0,2433,33964,5431.06,27.35,339.2,6.5,2.71,10.01,5.62,1.081,5431.06,705.93,0.1301,-4845.592,5.529,-0.8660254037844385,-0.5000000000000004,7254.68,8650.68,1427.56,7683.71,5777.64,3831.3967433300327,3460.2433333333333,-0.16137459695495082,-0.02714285714285225,-77.81428571428569,27.83,11.18,6.95,610.0,2.988524541171729,4240.53,11025390.2
2025-09-01,2025,9,Southwest Monsoon,Southwest Monsoon,0,Kozhikode,Oil Sardine,Sardinella longiceps,2.3,Prey (Small Pelagic),11025390.2,2600,32713,4240.53,28.46,276.5,5.3,2.21,8.2,4.81,1.156,4240.53,1024.65,0.2418,-4996.449,5.372,-1.0,-1.8369701987210297e-16,5431.06,7254.68,8650.68,6404.78,7112.14,1614.5359936526618,4107.7716666666665,-0.2513715281013476,0.4371428571428595,26.521428571428572,27.35,10.01,5.62,2433.0,0.06863953938084857,2051.03,6120265.1
2025-10-01,2025,10,Post-Monsoon,Post-Monsoon,0,Kozhikode,Oil Sardine,Sardinella longiceps,2.3,Prey (Small Pelagic),6120265.1,2984,31376,2051.03,28.44,287.7,3.2,0.99,0.82,1.27,1.326,2051.03,494.42,0.2414,-1280.962,1.821,-0.8660254037844386,0.5000000000000001,4240.53,5431.06,7254.68,2271.63,5642.090000000001,1518.1157074808161,4630.433333333333,-0.21920766808098677,-0.35857142857142676,-14.85714285714289,28.46,8.2,4.81,2600.0,0.14769230712426035,1783.59,4981567.9
2025-11-01,2025,11,Post-Monsoon,Post-Monsoon,0,Kozhikode,Oil Sardine,Sardinella longiceps,2.3,Prey (Small Pelagic),4981567.9,2793,39839,1783.59,28.76,178.7,3.9,1.21,0.9,1.11,1.241,1783.59,462.83,0.2599,-1026.574,1.643,-0.5000000000000004,0.8660254037844384,2051.03,4240.53,5431.06,1633.11,3907.540000000001,1714.4423161191423,4842.59,-0.5163269673452918,-0.2557142857142871,10.542857142857144,28.44,0.82,1.27,2984.0,-0.0640080426809382,1777.94,4748868.5
2012-04-01,2012,4,Pre-Monsoon / Summer,Pre-Monsoon,0,Malappuram,Oil Sardine,Sardinella longiceps,2.3,Prey (Small Pelagic),422640.1,1957,24640,215.96,30.52,77.2,5.0,1.47,1.52,0.98,1.279,215.96,153.22,0.7108,-26.686,0.313,0.8660254037844387,-0.4999999999999998,765.3,942.59,889.27,865.7199999999999,865.7199999999999,90.96091413348928,865.7199999999999,-0.18808813812911096,0.2185714285714262,-12.207142857142856,29.29,1.05,0.79,1515.0,0.2917491729917546,391.85,551731.0
2012-05-01,2012,5,Pre-Monsoon / Summer,Pre-Monsoon,0,Malappuram,Oil Sardine,Sardinella longiceps,2.3,Prey (Small Pelagic),551731.0,1408,18892,391.85,30.32,246.6,6.3,1.7,1.64,1.33,0.92,391.85,146.07,0.3744,-50.943,0.616,0.49999999999999994,-0.8660254037844387,215.96,765.3,942.59,641.2833333333333,641.2833333333333,378.8573470758266,703.28,-0.7178099997672808,0.19000000000000128,-14.457142857142884,30.52,1.52,0.98,1957.0,-0.2805314242180305,3135.9,1238682.1
2012-06-01,2012,6,Southwest Monsoon,Southwest Monsoon,1,Malappuram,Oil Sardine,Sardinella longiceps,2.3,Prey (Small Pelagic),1238682.1,395,4322,3135.9,28.42,588.9,6.7,3.61,9.75,5.97,0.258,3135.9,640.44,0.2045,-2262.676,4.827,1.2246467991473532e-16,-1.0,391.85,215.96,765.3,457.7033333333334,457.7033333333334,280.52826066785747,640.994,0.8144563430979652,-0.1707142857142827,-80.82142857142867,30.32,1.64,1.33,1408.0,-0.7194602221629246,4231.01,2022424.6
2012-07-01,2012,7,Southwest Monsoon,Southwest Monsoon,1,Malappuram,Oil Sardine,Sardinella longiceps,2.3,Prey (Small Pelagic),2022424.6,478,6301,4231.01,27.6,763.4,8.4,3.55,12.85,7.49,0.312,4231.01,571.77,0.1353,-2847.561,5.98,-0.4999999999999997,-0.8660254037844388,3135.9,391.85,215.96,1247.9033333333334,1247.9033333333334,1637.416527042931,1056.8116666666667,7.0028070179199435,-0.08428571428571274,155.45000000000005,28.42,9.75,5.97,395.0,0.21012657695882084,1713.87,3210072.1
2012-08-01,2012,8,Southwest Monsoon,Southwest Monsoon,0,Malappuram,Oil Sardine,Sardinella longiceps,2.3,Prey (Small Pelagic),3210072.1,1873,19401,1713.87,26.74,289.1,6.5,2.51,9.81,5.42,1.224,1713.87,281.98,0.165,-528.404,2.757,-0.8660254037844385,-0.5000000000000004,4231.01,3135.9,391.85,2586.2533333333336,2586.2533333333336,1977.7186276195441,1613.7683333333334,0.3492171295346882,-0.6371428571428552,-127.91428571428565,27.6,12.85,7.49,478.0,2.9184099807864023,2771.34,4705727.4
2012-09-01,2012,9,Southwest Monsoon,Southwest Monsoon,0,Malappuram,Oil Sardine,Sardinella longiceps,2.3,Prey (Small Pelagic),4705727.4,1698,18569,2771.34,27.84,330.7,5.8,1.86,8.89,5.16,1.11,2771.34,437.37,0.1581,-1426.49,4.131,-1.0,-1.8369701987210297e-16,1713.87,4231.01,3135.9,3026.9266666666663,3026.9266666666663,1262.1033378584068,1742.3149999999998,-0.5949265055035878,-0.1828571428571415,80.72142857142856,26.74,9.81,5.42,1873.0,-0.09343299469603313,1010.92,2146173.5
2012-10-01,2012,10,Post-Monsoon,Post-Monsoon,0,Malappuram,Oil Sardine,Sardinella longiceps,2.3,Prey (Small Pelagic),2146173.5,2123,20654,1010.92,28.49,328.5,3.6,1.19,1.08,1.61,1.388,1010.92,236.42,0.2346,-271.587,1.374,-0.8660254037844386,0.5000000000000001,2771.34,1713.87,4231.01,2905.406666666667,2905.406666666667,1263.9140984391827,2076.655,0.6170071206275441,-0.3085714285714296,25.94285714285712,27.84,8.89,5.16,1698.0,0.25029446260132826,808.22,1885576.3
2012-11-01,2012,11,Post-Monsoon,Post-Monsoon,0,Malappuram,Oil Sardine,Sardinella longiceps,2.3,Prey (Small Pelagic),1885576.3,2333,30697,808.22,29.06,191.9,3.8,1.38,1.11,1.43,1.525,808.22,258.76,0.321,-224.019,1.176,-0.5000000000000004,0.8660254037844384,1010.92,2771.34,1713.87,1832.0433333333333,1832.0433333333333,886.139575142275,2209.148333333333,-0.6352233914452091,0.04428571428571004,23.74285714285716,28.49,1.08,1.61,2123.0,0.0989166269481082,1125.92,1955727.5
2012-12-01,2012,12,Winter / Post-Monsoon,Northeast/Dry,0,Malappuram,Oil Sardine,Sardinella longiceps,2.3,Prey (Small Pelagic),1955727.5,1737,24041,1125.92,28.23,36.7,3.8,0.69,1.12,0.96,1.135,1125.92,218.13,0.1945,-309.348,1.509,-2.4492935982947064e-16,1.0,808.22,1010.92,2771.34,1530.16,1530.16,1079.6609036174268,2278.5433333333335,-0.20051042416303536,-0.26857142857143046,1.3214285714285765,29.06,1.11,1.43,2333.0,-0.25546506534305585,812.92,1543739.6
2013-01-01,2013,1,Winter / Post-Monsoon,Northeast/Dry,0,Malappuram,Oil Sardine,Sardinella longiceps,2.3,Prey (Small Pelagic),1543739.6,1899,23752,812.92,28.6,7.0,3.3,0.56,0.8,0.64,1.241,812.92,193.2,0.2386,-184.491,1.134,0.49999999999999994,0.8660254037844387,1125.92,808.22,1010.92,889.27,981.6866666666666,160.85478958778847,1943.5466666666669,0.393086036065848,0.3235714285714302,-1.4571428571428573,28.23,1.12,0.96,1737.0,0.09326424816773606,887.7,1833099.6
2013-02-01,2013,2,Winter / Post-Monsoon,Northeast/Dry,0,Malappuram,Oil Sardine,Sardinella longiceps,2.3,Prey (Small Pelagic),1833099.6,2065,28580,887.7,28.47,9.1,3.9,0.72,0.96,0.79,1.35,887.7,209.62,0.237,-219.664,1.188,0.8660254037844386,0.5000000000000001,812.92,1125.92,808.22,942.59,915.6866666666666,182.08257284356384,1373.865,-0.27799488171455455,-0.18142857142857238,-1.557142857142857,28.6,0.8,0.64,1899.0,0.08741442818633792,655.97,1239133.8
2013-03-01,2013,3,Pre-Monsoon / Summer,Pre-Monsoon,0,Malappuram,Oil Sardine,Sardinella longiceps,2.3,Prey (Small Pelagic),1239133.8,1889,18746,655.97,29.4,25.6,3.6,1.1,1.21,1.11,1.235,655.97,195.01,0.2984,-134.383,0.904,1.0,6.123233995736766e-17,887.7,812.92,1125.92,765.3,942.18,163.45734244749727,1236.17,0.09198937051629483,-0.13571428571428612,0.8642857142857139,28.47,0.96,0.79,2065.0,-0.08523002380033885,330.67,555853.0
2013-04-01,2013,4,Pre-Monsoon / Summer,Pre-Monsoon,0,Malappuram,Oil Sardine,Sardinella longiceps,2.3,Prey (Small Pelagic),555853.0,1681,18538,330.67,30.12,87.7,3.8,0.96,1.41,1.05,1.099,330.67,160.65,0.4874,-46.713,0.495,0.8660254037844387,-0.4999999999999998,655.97,887.7,812.92,215.96,785.5300000000001,118.26815843665783,883.6083333333332,-0.26104539527942555,-0.18142857142857238,-1.7071428571428555,29.4,1.21,1.11,1889.0,-0.11011116934827332,537.24,899332.5
2013-05-01,2013,5,Pre-Monsoon / Summer,Pre-Monsoon,0,Malappuram,Oil Sardine,Sardinella longiceps,2.3,Prey (Small Pelagic),899332.5,1674,24116,537.24,29.84,306.7,5.8,2.05,1.67,1.57,1.094,537.24,197.91,0.3696,-103.147,0.835,0.49999999999999994,-0.8660254037844387,330.67,655.97,887.7,391.85,624.78,279.8217598758153,770.2333333333332,-0.49590681744734033,-0.28999999999999915,45.64285714285711,30.12,1.41,1.05,1681.0,-0.0041641879585711606,4096.65,1839396.5
2013-06-01,2013,6,Southwest Monsoon,Southwest Monsoon,1,Malappuram,Oil Sardine,Sardinella longiceps,2.3,Prey (Small Pelagic),1839396.5,449,5296,4096.65,28.52,614.9,8.1,3.48,12.14,7.09,0.293,4096.65,591.98,0.1447,-2844.034,5.774,1.2246467991473532e-16,-1.0,537.24,330.67,655.97,3135.9,507.96000000000004,164.61473597463396,725.07,0.6247013450055541,-0.07071428571428484,-54.82142857142867,29.84,1.67,1.57,1674.0,-0.7317801628925916,4470.91,1453044.6
2013-07-01,2013,7,Southwest Monsoon,Southwest Monsoon,1,Malappuram,Oil Sardine,Sardinella longiceps,2.3,Prey (Small Pelagic),1453044.6,325,4113,4470.91,27.7,587.9,8.5,4.07,12.71,7.2,0.212,4470.91,471.48,0.1057,-2619.29,5.904,-0.4999999999999997,-0.8660254037844388,4096.65,537.24,330.67,4231.01,1654.8533333333332,2117.178786081452,1220.1916666666666,6.625362842949839,0.015714285714285126,-20.049999999999955,28.52,12.14,7.09,449.0,-0.2761692588826446,2620.69,4824687.1
2013-08-01,2013,8,Southwest Monsoon,Southwest Monsoon,0,Malappuram,Oil Sardine,Sardinella longiceps,2.3,Prey (Small Pelagic),4824687.1,1841,20424,2620.69,27.67,394.9,6.8,2.46,9.64,5.61,1.203,2620.69,465.96,0.1781,-1389.232,4.298,-0.8660254037844385,-0.5000000000000004,4470.91,4096.65,537.24,1713.87,3034.933333333333,2171.1452340719475,1829.8566666666666,0.09135757242781896,0.29285714285714803,-22.1142857142857,27.7,12.71,7.2,325.0,4.664615241088762,2506.65,4542049.2
2013-09-01,2013,9,Southwest Monsoon,Southwest Monsoon,0,Malappuram,Oil Sardine,Sardinella longiceps,2.3,Prey (Small Pelagic),4542049.2,1812,25056,2506.65,28.29,274.4,5.3,2.11,7.48,4.2,1.184,2506.65,432.33,0.1728,-1285.622,3.429,-1.0,-1.8369701987210297e-16,2620.69,4470.91,4096.65,2771.34,3729.4166666666665,978.2503528920035,2118.688333333333,-0.4138352138293206,0.2671428571428578,24.42142857142855,27.67,9.64,5.61,1841.0,-0.015752308442410056,800.95,1637944.1
2013-10-01,2013,10,Post-Monsoon,Post-Monsoon,0,Malappuram,Oil Sardine,Sardinella longiceps,2.3,Prey (Small Pelagic),1637944.1,2045,22661,800.95,28.79,218.6,3.3,1.35,0.83,1.22,1.337,800.95,230.25,0.2884,-201.378,1.146,-0.8660254037844386,0.5000000000000001,2506.65,2620.69,4470.91,1010.92,3199.4166666666665,1102.6208563841562,2427.1349999999998,-0.04351525726615791,-0.008571428571428896,-83.95714285714288,28.29,7.48,4.2,1812.0,0.12858719575834882,774.93,1418895.6
2013-11-01,2013,11,Post-Monsoon,Post-Monsoon,0,Malappuram,Oil Sardine,Sardinella longiceps,2.3,Prey (Small Pelagic),1418895.6,1831,19483,774.93,28.98,167.2,4.0,0.92,1.51,1.41,1.197,774.93,261.2,0.3379,-214.73,1.248,-0.5000000000000004,0.8660254037844384,800.95,2506.65,2620.69,808.22,1976.0966666666666,1019.3029709234304,2505.515,-0.680469947218519,-0.03571428571428825,-0.9571428571428555,28.79,0.83,1.22,2045.0,-0.10464547626090231,840.87,1499266.0
2013-12-01,2013,12,Winter / Post-Monsoon,Northeast/Dry,0,Malappuram,Oil Sardine,Sardinella longiceps,2.3,Prey (Small Pelagic),1499266.0,1783,25411,840.87,28.38,33.9,3.3,1.21,1.1,0.97,1.165,840.87,258.45,0.3082,-242.067,1.342,-2.4492935982947064e-16,1.0,774.93,800.95,2506.65,1125.92,1360.8433333333335,992.3829644513918,2545.1299999999997,-0.032486421967833044,-0.11857142857143188,-1.4785714285714278,28.98,1.51,1.41,1831.0,-0.02621518281695695,864.15,1431899.1
2014-01-01,2014,1,Winter / Post-Monsoon,Northeast/Dry,0,Malappuram,Oil Sardine,Sardinella longiceps,2.3,Prey (Small Pelagic),1431899.1,1657,22511,864.15,27.93,6.7,4.1,0.81,1.43,1.1,1.083,864.15,170.07,0.1977,-172.059,1.204,0.49999999999999994,0.8660254037844387,840.87,774.93,800.95,812.92,805.5833333333334,33.21327646187472,2002.5,0.08509155555867563,-0.34642857142857153,-1.7571428571428571,28.38,1.1,0.97,1783.0,-0.07066741407365444,726.4,1444809.9
2014-02-01,2014,2,Winter / Post-Monsoon,Northeast/Dry,0,Malappuram,Oil Sardine,Sardinella longiceps,2.3,Prey (Small Pelagic),1444809.9,1989,28611,726.4,28.56,14.5,4.2,0.7,1.42,1.22,1.3,726.4,205.72,0.2842,-160.004,1.092,0.8660254037844386,0.5000000000000001,864.15,840.87,774.93,887.7,826.65,46.278595484301,1401.3733333333332,0.027685611001871707,-0.09142857142857252,3.8428571428571434,27.93,1.43,1.1,1657.0,0.20036209897186422,580.05,1128781.2
2014-03-01,2014,3,Pre-Monsoon / Summer,Pre-Monsoon,0,Malappuram,Oil Sardine,Sardinella longiceps,2.3,Prey (Small Pelagic),1128781.2,1946,25041,580.05,29.3,19.8,3.7,1.28,1.04,1.05,1.272,580.05,184.55,0.3193,-109.199,0.876,1.0,6.123233995736766e-17,726.4,864.15,840.87,655.97,810.4733333333334,73.73420938297846,1085.6583333333333,-0.15940519401255346,-0.235714285714284,-4.935714285714287,28.56,1.42,1.22,1989.0,-0.021618903863152822,430.9,847585.1
2014-04-01,2014,4,Pre-Monsoon / Summer,Pre-Monsoon,0,Malappuram,Oil Sardine,Sardinella longiceps,2.3,Prey (Small Pelagic),847585.1,1967,26377,430.9,30.0,79.0,3.3,1.27,1.04,0.61,1.286,430.9,149.7,0.3489,-62.248,0.569,0.8660254037844387,-0.4999999999999998,580.05,726.4,864.15,330.67,723.5333333333333,142.07169258276954,764.5583333333334,-0.20147301484756316,-0.3014285714285734,-10.407142857142858,29.3,1.04,1.05,1946.0,0.010791366851020726,303.08,530992.5
2014-05-01,2014,5,Pre-Monsoon / Summer,Pre-Monsoon,0,Malappuram,Oil Sardine,Sardinella longiceps,2.3,Prey (Small Pelagic),530992.5,1752,21872,303.08,30.14,259.9,4.6,1.68,1.56,1.33,1.145,303.08,172.34,0.57,-45.034,0.51,0.49999999999999994,-0.8660254037844387,430.9,580.05,726.4,537.24,579.1166666666667,147.7522109253634,702.8833333333333,-0.25713300134241873,0.010000000000001563,-1.157142857142901,30.0,1.04,0.61,1967.0,-0.10930350732433397,3228.17,1291269.9
2014-06-01,2014,6,Southwest Monsoon,Southwest Monsoon,1,Malappuram,Oil Sardine,Sardinella longiceps,2.3,Prey (Small Pelagic),1291269.9,400,4347,3228.17,28.69,480.4,8.4,3.2,12.56,7.11,0.261,3228.17,493.27,0.1531,-1817.49,4.844,1.2246467991473532e-16,-1.0,303.08,430.9,580.05,4096.65,438.01,138.6218211538135,624.2416666666667,-0.2966349432203541,0.09928571428571686,-189.32142857142867,30.14,1.56,1.33,1752.0,-0.7716894933122745,3480.4,1329512.0
2014-07-01,2014,7,Southwest Monsoon,Southwest Monsoon,1,Malappuram,Oil Sardine,Sardinella longiceps,2.3,Prey (Small Pelagic),1329512.0,382,3695,3480.4,27.65,509.6,7.9,3.39,11.67,6.62,0.25,3480.4,409.77,0.118,-1724.331,4.279,-0.4999999999999997,-0.8660254037844388,3228.17,303.08,430.9,4470.91,1320.7166666666667,1653.1388786890632,1022.125,9.651213882433225,-0.034285714285715585,-98.34999999999991,28.69,12.56,7.11,400.0,-0.04499999887500003,2545.95,5155549.8
2014-08-01,2014,8,Southwest Monsoon,Southwest Monsoon,0,Malappuram,Oil Sardine,Sardinella longiceps,2.3,Prey (Small Pelagic),5155549.8,2025,23282,2545.95,27.15,482.4,7.6,2.53,11.02,6.31,1.324,2545.95,301.2,0.1187,-900.627,3.434,-0.8660254037844385,-0.5000000000000004,3480.4,3228.17,303.08,2620.69,2337.2166666666667,1766.1225827312587,1458.1666666666667,0.07813405093866169,-0.2271428571428551,65.3857142857143,27.65,11.67,6.62,382.0,4.301047007825995,2638.06,5128388.5
2014-09-01,2014,9,Southwest Monsoon,Southwest Monsoon,0,Malappuram,Oil Sardine,Sardinella longiceps,2.3,Prey (Small Pelagic),5128388.5,1944,22632,2638.06,27.89,281.5,6.0,1.88,8.88,5.07,1.271,2638.06,350.79,0.1333,-1116.892,3.534,-1.0,-1.8369701987210297e-16,2545.95,3480.4,3228.17,2506.65,3084.84,483.4323295974289,1761.425,-0.268489253337291,-0.1328571428571408,31.521428571428572,27.15,11.02,6.31,2025.0,-0.039999999802469134,939.54,1678950.3
2014-10-01,2014,10,Post-Monsoon,Post-Monsoon,0,Malappuram,Oil Sardine,Sardinella longiceps,2.3,Prey (Small Pelagic),1678950.3,1787,17286,939.54,28.72,355.1,3.9,1.19,1.1,1.49,1.168,939.54,201.19,0.215,-215.774,1.168,-0.8660254037844386,0.5000000000000001,2638.06,2545.95,3480.4,800.95,2888.1366666666668,514.9785966749791,2104.4266666666667,0.03617902929680859,-0.07857142857142918,52.542857142857144,27.89,8.88,5.07,1944.0,-0.08076131645698911,609.22,1289119.7
2014-11-01,2014,11,Post-Monsoon,Post-Monsoon,0,Malappuram,Oil Sardine,Sardinella longiceps,2.3,Prey (Small Pelagic),1289119.7,2116,30109,609.22,28.96,190.7,3.2,1.03,0.73,1.19,1.383,609.22,228.21,0.3756,-141.786,0.904,-0.5000000000000004,0.8660254037844384,939.54,2638.06,2545.95,774.93,2041.1833333333334,955.1620744320476,2189.2000000000003,-0.6438519190471333,-0.055714285714287826,22.542857142857144,28.72,1.1,1.49,1787.0,0.18410744161103837,875.79,1584308.6
2014-12-01,2014,12,Winter / Post-Monsoon,Northeast/Dry,0,Malappuram,Oil Sardine,Sardinella longiceps,2.3,Prey (Small Pelagic),1584308.6,1809,20914,875.79,28.65,30.7,3.1,1.4,1.27,0.95,1.182,875.79,181.65,0.2083,-188.115,1.204,-2.4492935982947064e-16,1.0,609.22,939.54,2638.06,840.87,1395.6066666666666,1088.5979697451826,2240.2233333333334,-0.35157629955535363,0.1514285714285677,-4.678571428571427,28.96,0.73,1.19,2116.0,-0.14508506547691366,335.71,644220.6
2015-01-01,2015,1,Winter / Post-Monsoon,Northeast/Dry,0,Malappuram,Oil Sardine,Sardinella longiceps,2.3,Prey (Small Pelagic),644220.6,1919,22469,335.71,29.02,8.2,3.0,0.9,0.88,0.8,1.254,335.71,90.01,0.2703,-24.554,0.486,0.49999999999999994,0.8660254037844387,875.79,609.22,939.54,864.15,808.1833333333334,175.2307668000536,1848.1599999999999,0.43755949513214437,0.7435714285714283,-0.257142857142858,28.65,1.27,0.95,1809.0,0.060807075396312464,223.68,415821.6
2015-02-01,2015,2,Winter / Post-Monsoon,Northeast/Dry,0,Malappuram,Oil Sardine,Sardinella longiceps,2.3,Prey (Small Pelagic),415821.6,1859,24912,223.68,29.64,7.2,3.4,1.03,1.17,0.81,1.215,223.68,115.8,0.5199,-19.643,0.36,0.8660254037844386,0.5000000000000001,335.71,875.79,609.22,726.4,606.9066666666666,270.04743145109745,1324.0449999999998,-0.6166775069745315,0.9885714285714293,-3.4571428571428564,29.02,0.88,0.8,1919.0,-0.03126628436025907,232.61,400562.2
2015-03-01,2015,3,Pre-Monsoon / Summer,Pre-Monsoon,0,Malappuram,Oil Sardine,Sardinella longiceps,2.3,Prey (Small Pelagic),400562.2,1722,24082,232.61,29.9,21.0,4.6,1.43,1.96,1.08,1.125,232.61,95.9,0.4148,-15.65,0.316,1.0,6.123233995736766e-17,223.68,335.71,875.79,580.05,478.39333333333326,348.6843317864102,936.9999999999999,-0.3337106331741493,0.3642857142857139,-3.7357142857142875,29.64,1.17,0.81,1859.0,-0.07369553483757109,107.97,155578.5
2015-04-01,2015,4,Pre-Monsoon / Summer,Pre-Monsoon,0,Malappuram,Oil Sardine,Sardinella longiceps,2.3,Prey (Small Pelagic),155578.5,1441,17984,107.97,30.71,82.4,4.8,1.21,1.75,1.02,0.942,107.97,61.18,0.5706,-2.295,0.151,0.8660254037844387,-0.4999999999999998,232.61,223.68,335.71,430.9,264.0,62.26298499110429,536.0916666666667,0.03992310265007591,0.4085714285714275,-7.007142857142853,29.9,1.96,1.08,1722.0,-0.1631823451615427,130.88,240955.9
2015-05-01,2015,5,Pre-Monsoon / Summer,Pre-Monsoon,0,Malappuram,Oil Sardine,Sardinella longiceps,2.3,Prey (Small Pelagic),240955.9,1841,18789,130.88,30.46,286.9,5.5,1.76,1.95,1.51,1.203,130.88,75.2,0.5778,-4.722,0.179,0.49999999999999994,-0.8660254037844387,107.97,232.61,223.68,303.08,188.08666666666667,69.52658795982984,397.49666666666667,-0.5358324863147549,0.33000000000000185,25.8428571428571,30.71,1.75,1.02,1441.0,0.27758500848310197,1861.17,576962.7
2015-06-01,2015,6,Southwest Monsoon,Southwest Monsoon,1,Malappuram,Oil Sardine,Sardinella longiceps,2.3,Prey (Small Pelagic),576962.7,310,3397,1861.17,28.75,597.7,7.7,3.13,11.54,6.84,0.203,1861.17,305.98,0.1649,-608.433,2.628,1.2246467991473532e-16,-1.0,130.88,107.97,232.61,3228.17,157.15333333333334,66.34378971189402,317.7733333333333,0.21218855124677674,0.15928571428571558,-72.0214285714286,30.46,1.95,1.51,1841.0,-0.8316132491493033,1990.6,599170.3
2015-07-01,2015,7,Southwest Monsoon,Southwest Monsoon,1,Malappuram,Oil Sardine,Sardinella longiceps,2.3,Prey (Small Pelagic),599170.3,301,3505,1990.6,28.75,662.2,7.9,3.45,11.82,7.02,0.197,1990.6,288.31,0.1453,-622.677,2.651,-0.4999999999999997,-0.8660254037844388,1861.17,130.88,107.97,3480.4,700.0066666666667,1005.6621858424105,482.00333333333333,13.220429918976931,1.0657142857142858,54.250000000000114,28.75,11.54,6.84,310.0,-0.029032257127991706,1799.62,2791209.7
2015-08-01,2015,8,Southwest Monsoon,Southwest Monsoon,0,Malappuram,Oil Sardine,Sardinella longiceps,2.3,Prey (Small Pelagic),2791209.7,1551,17095,1799.62,28.29,360.8,7.1,3.14,10.16,5.72,1.014,1799.62,261.84,0.146,-520.508,2.295,-0.8660254037844385,-0.5000000000000004,1990.6,1861.17,130.88,2545.95,1327.55,1038.3652285684457,757.8183333333333,0.06954227679608906,0.9128571428571455,-56.214285714285666,28.75,11.82,7.02,301.0,4.1528237822982135,1264.18,1941776.5
2015-09-01,2015,9,Southwest Monsoon,Southwest Monsoon,0,Malappuram,Oil Sardine,Sardinella longiceps,2.3,Prey (Small Pelagic),1941776.5,1536,22262,1264.18,28.22,157.4,5.6,1.98,8.25,4.45,1.004,1264.18,174.93,0.1391,-238.378,1.862,-1.0,-1.8369701987210297e-16,1799.62,1990.6,1861.17,2638.06,1883.7966666666664,97.479816543389,1020.4749999999999,-0.09594092185300453,0.1971428571428575,-92.57857142857142,28.29,10.16,5.72,1551.0,-0.009671179821591361,239.13,371615.1
2015-10-01,2015,10,Post-Monsoon,Post-Monsoon,0,Malappuram,Oil Sardine,Sardinella longiceps,2.3,Prey (Small Pelagic),371615.1,1554,15802,239.13,29.74,336.7,3.8,1.21,0.92,1.24,1.016,239.13,92.58,0.3897,-15.24,0.35,-0.8660254037844386,0.5000000000000001,1264.18,1799.62,1990.6,939.54,1684.8,376.57566092353846,1192.4033333333334,-0.29752947679215896,0.9414285714285704,34.14285714285711,28.22,8.25,4.45,1536.0,0.011718749923706055,270.08,524229.7
2015-11-01,2015,11,Post-Monsoon,Post-Monsoon,0,Malappuram,Oil Sardine,Sardinella longiceps,2.3,Prey (Small Pelagic),524229.7,1941,25581,270.08,29.69,164.8,3.9,1.04,0.67,1.02,1.269,270.08,90.56,0.3378,-17.759,0.424,-0.5000000000000004,0.8660254037844384,239.13,1264.18,1799.62,609.22,1100.9766666666667,792.9430976011673,1214.2633333333333,-0.8108418040876949,0.6742857142857126,-3.357142857142833,29.74,0.92,1.24,1554.0,0.24903474743220883,261.3,486544.2
2015-12-01,2015,12,Winter / Post-Monsoon,Northeast/Dry,0,Malappuram,Oil Sardine,Sardinella longiceps,2.3,Prey (Small Pelagic),486544.2,1862,26206,261.3,29.24,30.8,3.9,1.35,1.33,1.01,1.217,261.3,113.66,0.4371,-23.019,0.38,-2.4492935982947064e-16,1.0,270.08,239.13,1264.18,875.79,591.13,583.0837868608611,1237.4633333333334,0.1294275026375819,0.7414285714285676,-4.578571428571426,29.69,0.67,1.02,1941.0,-0.040700669548167596,291.21,503497.6
2016-01-01,2016,1,Winter / Post-Monsoon,Northeast/Dry,0,Malappuram,Oil Sardine,Sardinella longiceps,2.3,Prey (Small Pelagic),503497.6,1729,24909,291.21,28.92,10.5,4.4,1.39,0.9,0.9,1.13,291.21,89.5,0.3097,-19.657,0.356,0.49999999999999994,0.8660254037844387,261.3,270.08,239.13,335.71,256.83666666666664,15.950443045132868,970.8183333333333,-0.032508885052247936,0.6435714285714305,2.0428571428571427,29.24,1.33,1.01,1862.0,-0.07142857104495934,341.75,592257.2
2016-02-01,2016,2,Winter / Post-Monsoon,Northeast/Dry,0,Malappuram,Oil Sardine,Sardinella longiceps,2.3,Prey (Small Pelagic),592257.2,1733,20945,341.75,29.46,11.0,3.8,0.71,1.82,1.22,1.133,341.75,101.82,0.3,-28.088,0.531,0.8660254037844386,0.5000000000000001,291.21,261.3,270.08,223.68,274.19666666666666,15.374076666128396,687.5866666666666,0.11446612650340109,0.8085714285714296,0.3428571428571434,28.92,0.9,0.9,1729.0,0.002313475984306096,112.95,196989.6
2016-03-01,2016,3,Pre-Monsoon / Summer,Pre-Monsoon,0,Malappuram,Oil Sardine,Sardinella longiceps,2.3,Prey (Small Pelagic),196989.6,1744,18605,112.95,30.34,24.9,3.2,1.25,1.08,0.72,1.14,112.95,63.29,0.5642,-2.787,0.15,1.0,6.123233995736766e-17,341.75,291.21,261.3,232.61,298.08666666666664,40.66346066600764,444.60833333333335,0.1735517264670951,0.8042857142857152,0.16428571428571104,29.46,1.82,1.22,1733.0,0.006347374458468699,101.76,201681.2
2016-04-01,2016,4,Pre-Monsoon / Summer,Pre-Monsoon,0,Malappuram,Oil Sardine,Sardinella longiceps,2.3,Prey (Small Pelagic),201681.2,1982,24574,101.76,30.77,112.4,4.8,1.11,0.83,0.61,1.295,101.76,43.97,0.4376,-0.462,0.15,0.8660254037844387,-0.4999999999999998,112.95,341.75,291.21,107.97,248.63666666666666,120.19453620417212,252.73666666666668,-0.6694952254719759,0.4685714285714262,22.992857142857147,30.34,1.08,0.72,1744.0,0.13646788912575752,106.29,185258.3
2016-05-01,2016,5,Pre-Monsoon / Summer,Pre-Monsoon,0,Malappuram,Oil Sardine,Sardinella longiceps,2.3,Prey (Small Pelagic),185258.3,1743,22120,106.29,30.76,262.9,4.8,1.6,1.27,1.11,1.139,106.29,49.4,0.4698,-0.967,0.151,0.49999999999999994,-0.8660254037844387,101.76,112.95,341.75,130.88,185.48666666666668,135.44362677267677,229.84166666666667,-0.099070376354991,0.6300000000000026,1.842857142857099,30.77,0.83,0.61,1982.0,-0.12058526679825798,1295.65,413311.6
2016-06-01,2016,6,Southwest Monsoon,Southwest Monsoon,1,Malappuram,Oil Sardine,Sardinella longiceps,2.3,Prey (Small Pelagic),413311.6,319,4522,1295.65,29.39,849.2,7.9,3.17,11.56,7.31,0.208,1295.65,249.48,0.1932,-319.515,1.78,1.2246467991473532e-16,-1.0,106.29,101.76,112.95,1861.17,107.0,5.62868545958804,202.54333333333332,0.04451650505930572,0.7992857142857162,179.4785714285714,30.76,1.27,1.11,1743.0,-0.8169822098853574,1731.98,578480.5
2016-07-01,2016,7,Southwest Monsoon,Southwest Monsoon,1,Malappuram,Oil Sardine,Sardinella longiceps,2.3,Prey (Small Pelagic),578480.5,334,3216,1731.98,27.91,589.9,8.5,3.21,12.81,7.35,0.218,1731.98,235.34,0.1364,-429.692,2.563,-0.4999999999999997,-0.8660254037844388,1295.65,106.29,101.76,1990.6,501.23333333333335,687.9887429553885,374.935,11.18976280085024,0.22571428571428598,-18.049999999999955,29.39,11.56,7.31,319.0,0.047021942099625645,1669.81,3042401.2
2016-08-01,2016,8,Southwest Monsoon,Southwest Monsoon,0,Malappuram,Oil Sardine,Sardinella longiceps,2.3,Prey (Small Pelagic),3042401.2,1822,21728,1669.81,27.83,580.7,7.4,2.58,11.52,6.65,1.191,1669.81,218.59,0.1314,-389.866,2.113,-0.8660254037844385,-0.5000000000000004,1731.98,1295.65,106.29,1799.62,1044.64,841.4104284473786,615.0633333333334,0.3367653275439715,0.4528571428571446,163.68571428571437,27.91,12.81,7.35,334.0,4.455089686973363,893.09,1545052.4
2016-09-01,2016,9,Southwest Monsoon,Southwest Monsoon,0,Malappuram,Oil Sardine,Sardinella longiceps,2.3,Prey (Small Pelagic),1545052.4,1730,17210,893.09,28.91,229.6,5.5,2.1,8.61,4.65,1.131,893.09,199.09,0.2238,-172.249,1.272,-1.0,-1.8369701987210297e-16,1669.81,1731.98,1295.65,1264.18,1565.8133333333335,236.02425136695933,836.4066666666668,-0.03589533345711079,0.8871428571428588,-20.378571428571433,27.83,11.52,6.65,1822.0,-0.0504939624012406,292.71,451942.3
2016-10-01,2016,10,Post-Monsoon,Post-Monsoon,0,Malappuram,Oil Sardine,Sardinella longiceps,2.3,Prey (Small Pelagic),451942.3,1544,21275,292.71,29.49,345.5,4.2,1.19,0.78,1.41,1.009,292.71,85.02,0.2929,-17.536,0.458,-0.8660254037844386,0.5000000000000001,893.09,1669.81,1731.98,239.13,1431.6266666666668,467.4212053740543,966.43,-0.4651547154157975,0.6914285714285704,42.94285714285712,28.91,8.61,4.65,1730.0,-0.10751445024558122,156.11,301456.1
2016-11-01,2016,11,Post-Monsoon,Post-Monsoon,0,Malappuram,Oil Sardine,Sardinella longiceps,2.3,Prey (Small Pelagic),301456.1,1931,21271,156.11,29.58,126.2,3.5,1.23,1.56,1.22,1.262,156.11,89.64,0.5769,-8.354,0.274,-0.5000000000000004,0.8660254037844384,292.71,893.09,1669.81,270.08,951.87,690.4291555257506,998.255,-0.6722502696004853,0.5642857142857096,-41.95714285714284,29.49,0.78,1.41,1544.0,0.25064766677041667,435.45,744190.8
2016-12-01,2016,12,Winter / Post-Monsoon,Northeast/Dry,0,Malappuram,Oil Sardine,Sardinella longiceps,2.3,Prey (Small Pelagic),744190.8,1709,19283,435.45,28.77,38.4,3.1,0.77,1.57,1.13,1.117,435.45,96.26,0.2228,-37.361,0.557,-2.4492935982947064e-16,1.0,156.11,292.71,893.09,261.3,447.30333333333334,392.05765409354717,1006.5583333333334,-0.4666734834247725,0.2714285714285687,3.0214285714285722,29.58,1.56,1.22,1931.0,-0.11496633808924735,611.65,965180.0
2017-01-01,2017,1,Winter / Post-Monsoon,Northeast/Dry,0,Malappuram,Oil Sardine,Sardinella longiceps,2.3,Prey (Small Pelagic),965180.0,1578,21260,611.65,28.0,8.8,4.8,0.85,1.34,1.04,1.031,611.65,138.75,0.2281,-89.01,0.867,0.49999999999999994,0.8660254037844387,435.45,156.11,292.71,291.21,294.75666666666666,139.68124617619847,863.1916666666667,1.7893791692153498,-0.27642857142857125,0.3428571428571434,28.77,1.57,1.13,1709.0,-0.07665301300963714,864.67,1700809.1
2017-02-01,2017,2,Winter / Post-Monsoon,Northeast/Dry,0,Malappuram,Oil Sardine,Sardinella longiceps,2.3,Prey (Small Pelagic),1700809.1,1967,27971,864.67,28.0,9.5,3.0,1.03,1.0,0.86,1.286,864.67,145.53,0.1693,-155.237,1.073,0.8660254037844386,0.5000000000000001,611.65,435.45,156.11,341.75,401.07,229.70777348623238,676.4699999999999,0.4046388700278133,-0.6514285714285712,-1.1571428571428566,28.0,1.34,1.04,1578.0,0.24651457384971753,373.84,618331.5
2017-03-01,2017,3,Pre-Monsoon / Summer,Pre-Monsoon,0,Malappuram,Oil Sardine,Sardinella longiceps,2.3,Prey (Small Pelagic),618331.5,1654,19328,373.84,29.51,26.0,2.9,1.4,0.69,0.59,1.081,373.84,127.12,0.3418,-43.429,0.594,1.0,6.123233995736766e-17,864.67,611.65,435.45,112.95,637.2566666666667,215.75270133496628,542.28,0.4136679405923659,-0.025714285714283136,1.2642857142857125,28.0,1.0,0.86,1967.0,-0.15912557112798387,109.73,221103.2
2017-04-01,2017,4,Pre-Monsoon / Summer,Pre-Monsoon,0,Malappuram,Oil Sardine,Sardinella longiceps,2.3,Prey (Small Pelagic),221103.2,2015,20634,109.73,30.32,91.4,4.9,1.34,1.15,0.84,1.317,109.73,103.63,0.9449,-7.061,0.15,0.8660254037844387,-0.4999999999999998,373.84,864.67,611.65,101.76,616.7199999999999,245.4542745604604,455.7383333333333,-0.5676500795951047,0.018571428571426907,1.9928571428571473,29.51,0.69,0.59,1654.0,0.21825876530677893,308.72,574525.7
2017-05-01,2017,5,Pre-Monsoon / Summer,Pre-Monsoon,0,Malappuram,Oil Sardine,Sardinella longiceps,2.3,Prey (Small Pelagic),574525.7,1861,24826,308.72,30.15,279.4,5.4,1.68,2.27,1.8,1.216,308.72,147.72,0.4802,-37.614,0.397,0.49999999999999994,-0.8660254037844387,109.73,373.84,864.67,106.29,449.41333333333324,383.10194130718725,425.2416666666666,-0.7064786885705465,0.019999999999999574,18.3428571428571,30.32,1.15,0.84,2015.0,-0.07642679862815485,2439.87,949110.7
2017-06-01,2017,6,Southwest Monsoon,Southwest Monsoon,1,Malappuram,Oil Sardine,Sardinella longiceps,2.3,Prey (Small Pelagic),949110.7,389,4384,2439.87,28.32,699.7,7.4,3.31,10.54,6.43,0.254,2439.87,370.74,0.1523,-1019.294,3.815,1.2246467991473532e-16,-1.0,308.72,109.73,373.84,1295.65,264.09666666666664,137.5934389181981,450.6766666666667,1.8134510331312281,-0.27071428571428413,29.9785714285714,30.15,2.27,1.8,1861.0,-0.7909725911285729,2411.02,954765.4
2017-07-01,2017,7,Southwest Monsoon,Southwest Monsoon,1,Malappuram,Oil Sardine,Sardinella longiceps,2.3,Prey (Small Pelagic),954765.4,396,4086,2411.02,27.31,754.8,8.0,3.63,11.98,7.23,0.259,2411.02,334.92,0.1393,-900.035,3.465,-0.4999999999999997,-0.8660254037844388,2439.87,308.72,109.73,1731.98,952.7733333333332,1291.701059468999,784.7466666666666,6.903180652268052,-0.37428571428571544,146.85000000000002,28.32,10.54,6.43,389.0,0.017994858149232438,1826.88,4494113.4
2017-08-01,2017,8,Southwest Monsoon,Southwest Monsoon,0,Malappuram,Oil Sardine,Sardinella longiceps,2.3,Prey (Small Pelagic),4494113.4,2460,31140,1826.88,27.17,374.5,6.9,2.58,10.15,5.8,1.608,1826.88,224.65,0.1234,-461.287,2.559,-0.8660254037844385,-0.5000000000000004,2411.02,2439.87,308.72,1669.81,1719.87,1222.1768785654554,1084.6416666666667,-0.011824400431890184,-0.20714285714285197,-42.51428571428568,27.31,11.98,7.23,396.0,5.212121080501993,1560.5,3161569.1
2017-09-01,2017,9,Southwest Monsoon,Southwest Monsoon,0,Malappuram,Oil Sardine,Sardinella longiceps,2.3,Prey (Small Pelagic),3161569.1,2026,22942,1560.5,27.51,259.9,4.6,1.83,6.63,3.98,1.324,1560.5,186.19,0.1199,-343.353,2.026,-1.0,-1.8369701987210297e-16,1826.88,2411.02,2439.87,893.09,2225.923333333333,345.88259139964316,1245.01,-0.24227920032899264,-0.5128571428571398,9.92142857142855,27.17,10.15,5.8,2460.0,-0.17642276351047656,495.47,872030.9
2017-10-01,2017,10,Post-Monsoon,Post-Monsoon,0,Malappuram,Oil Sardine,Sardinella longiceps,2.3,Prey (Small Pelagic),872030.9,1760,20402,495.47,28.83,351.2,4.0,1.19,1.26,1.85,1.15,495.47,185.78,0.3762,-86.256,0.937,-0.8660254037844386,0.5000000000000001,1560.5,1826.88,2411.02,292.71,1932.8,435.04063304477614,1442.7866666666666,-0.14581143728207968,0.03142857142857025,48.64285714285711,27.51,6.63,3.98,2026.0,-0.13129318790082337,632.35,1135060.9
2017-11-01,2017,11,Post-Monsoon,Post-Monsoon,0,Malappuram,Oil Sardine,Sardinella longiceps,2.3,Prey (Small Pelagic),1135060.9,1795,25900,632.35,28.83,165.9,3.6,0.81,1.56,1.44,1.173,632.35,170.43,0.2707,-109.926,0.913,-0.5000000000000004,0.8660254037844384,495.47,1560.5,1826.88,156.11,1294.283333333333,704.497432382357,1507.0766666666668,-0.6824927863986364,-0.18571428571429038,-2.2571428571428385,28.83,1.26,1.85,1760.0,0.019886363523372936,752.91,1327386.3
2017-12-01,2017,12,Winter / Post-Monsoon,Northeast/Dry,0,Malappuram,Oil Sardine,Sardinella longiceps,2.3,Prey (Small Pelagic),1327386.3,1763,20169,752.91,28.38,35.8,4.1,1.03,1.28,0.89,1.152,752.91,136.27,0.1821,-119.601,1.032,-2.4492935982947064e-16,1.0,632.35,495.47,1560.5,435.45,896.1066666666666,579.4375804461893,1561.0149999999996,0.27626293668107177,-0.11857142857143188,0.4214285714285708,28.83,1.56,1.44,1795.0,-0.017827297950822853,640.39,1333299.9
2018-01-01,2018,1,Winter / Post-Monsoon,Northeast/Dry,0,Malappuram,Oil Sardine,Sardinella longiceps,2.3,Prey (Small Pelagic),1333299.9,2082,24068,640.39,28.27,10.0,2.7,1.2,1.45,1.1,1.361,640.39,193.63,0.3035,-129.488,0.937,0.49999999999999994,0.8660254037844387,752.91,632.35,495.47,611.65,626.9099999999999,128.8061861868482,1279.855,0.19065390700318,-0.006428571428571672,1.5428571428571427,28.38,1.28,0.89,1763.0,0.18094157583130133,607.0,1024012.6
2018-02-01,2018,2,Winter / Post-Monsoon,Northeast/Dry,0,Malappuram,Oil Sardine,Sardinella longiceps,2.3,Prey (Small Pelagic),1024012.6,1687,20718,607.0,28.61,10.6,3.6,1.21,1.27,1.09,1.103,607.0,158.25,0.2619,-99.49,0.811,0.8660254037844386,0.5000000000000001,640.39,752.91,632.35,864.67,675.2166666666666,67.40438363589047,984.7500000000001,-0.14944681104717944,-0.041428571428571814,-0.05714285714285694,28.27,1.45,1.1,2082.0,-0.1897214207986483,510.87,1076920.8
2018-03-01,2018,3,Pre-Monsoon / Summer,Pre-Monsoon,0,Malappuram,Oil Sardine,Sardinella longiceps,2.3,Prey (Small Pelagic),1076920.8,2108,21076,510.87,29.04,28.4,3.3,1.28,0.59,0.84,1.378,510.87,151.4,0.2977,-77.289,0.746,1.0,6.123233995736766e-17,607.0,640.39,752.91,373.84,666.7666666666665,76.44755348167988,781.4366666666666,-0.052140101311074466,-0.49571428571428555,3.664285714285711,28.61,1.27,1.09,1687.0,0.2495554223499975,122.39,232422.4
2018-04-01,2018,4,Pre-Monsoon / Summer,Pre-Monsoon,0,Malappuram,Oil Sardine,Sardinella longiceps,2.3,Prey (Small Pelagic),232422.4,1899,19610,122.39,30.26,81.9,4.3,1.2,0.71,0.76,1.241,122.39,108.76,0.8895,-8.686,0.15,0.8660254037844387,-0.4999999999999998,510.87,607.0,640.39,109.73,586.0866666666665,67.24494950057117,606.4983333333333,-0.15836902539754488,-0.041428571428571814,-7.507142857142853,29.04,0.59,0.84,2108.0,-0.0991461095865934,194.75,368272.2
2018-05-01,2018,5,Pre-Monsoon / Summer,Pre-Monsoon,0,Malappuram,Oil Sardine,Sardinella longiceps,2.3,Prey (Small Pelagic),368272.2,1891,22954,194.75,30.11,262.5,5.3,2.23,1.57,1.43,1.236,194.75,111.58,0.5751,-15.203,0.233,0.49999999999999994,-0.8660254037844387,122.39,510.87,607.0,308.72,413.41999999999985,256.5815462966914,544.3183333333333,-0.7604282741122346,-0.019999999999999574,1.4428571428571217,30.26,0.71,0.76,1899.0,-0.00421274352705243,3098.5,1059686.7
2018-06-01,2018,6,Southwest Monsoon,Southwest Monsoon,1,Malappuram,Oil Sardine,Sardinella longiceps,2.3,Prey (Small Pelagic),1059686.7,342,3281,3098.5,28.5,809.8,8.3,3.6,12.39,7.72,0.224,3098.5,425.68,0.1377,-1499.89,4.338,1.2246467991473532e-16,-1.0,194.75,122.39,510.87,2439.87,276.00333333333316,206.59321318314076,471.385,0.5912247249591694,-0.09071428571428442,140.0785714285713,30.11,1.57,1.43,1891.0,-0.8191433060859687,2729.31,1061702.1
2018-07-01,2018,7,Southwest Monsoon,Southwest Monsoon,1,Malappuram,Oil Sardine,Sardinella longiceps,2.3,Prey (Small Pelagic),1061702.1,389,5177,2729.31,27.37,723.8,8.4,3.15,12.79,7.59,0.254,2729.31,326.86,0.1201,-1019.416,3.701,-0.4999999999999997,-0.8660254037844388,3098.5,194.75,122.39,2411.02,1138.5466666666664,1697.7549275538368,862.3166666666666,14.910140441071094,-0.31428571428571317,115.85000000000002,28.5,12.39,7.72,342.0,0.13742689656646503,2414.8,3880585.8
2018-08-01,2018,8,Southwest Monsoon,Southwest Monsoon,0,Malappuram,Oil Sardine,Sardinella longiceps,2.3,Prey (Small Pelagic),3880585.8,1607,20760,2414.8,27.42,371.4,7.8,2.58,10.79,6.05,1.05,2414.8,262.48,0.1091,-754.723,3.046,-0.8660254037844385,-0.5000000000000004,2729.31,3098.5,194.75,1826.88,2007.5199999999998,1580.7202847752665,1210.47,-0.11915120181006551,0.042857142857148034,-45.6142857142857,27.37,12.79,7.59,389.0,3.1311053179664445,1791.12,3406704.8
2018-09-01,2018,9,Southwest Monsoon,Southwest Monsoon,0,Malappuram,Oil Sardine,Sardinella longiceps,2.3,Prey (Small Pelagic),3406704.8,1902,19342,1791.12,27.8,240.5,6.3,2.6,9.52,5.12,1.243,1791.12,285.07,0.1596,-569.196,2.778,-1.0,-1.8369701987210297e-16,2414.8,2729.31,3098.5,1560.5,2747.536666666667,342.2142326574577,1511.7699999999998,-0.11523425292387351,-0.22285714285714064,-9.478571428571428,27.42,10.79,6.05,1607.0,0.18357187191305618,588.97,1291032.3
2018-10-01,2018,10,Post-Monsoon,Post-Monsoon,0,Malappuram,Oil Sardine,Sardinella longiceps,2.3,Prey (Small Pelagic),1291032.3,2192,23355,588.97,28.71,262.1,4.3,1.09,1.58,1.63,1.433,588.97,196.25,0.3343,-114.232,0.81,-0.8660254037844386,0.5000000000000001,1791.12,2414.8,2729.31,495.47,2311.7433333333333,477.5098181538604,1725.1450000000002,-0.2582739760714181,-0.08857142857142719,-40.457142857142856,27.8,9.52,5.12,1902.0,0.15247108226881662,606.99,1146000.5
2018-11-01,2018,11,Post-Monsoon,Post-Monsoon,0,Malappuram,Oil Sardine,Sardinella longiceps,2.3,Prey (Small Pelagic),1146000.5,1888,25754,606.99,29.05,194.9,4.2,0.85,1.39,1.5,1.234,606.99,163.87,0.2712,-99.821,0.901,-0.5000000000000004,0.8660254037844384,588.97,1791.12,2414.8,632.35,1598.2966666666669,928.0621884514705,1802.908333333333,-0.6711722236858936,0.03428571428571203,26.74285714285716,28.71,1.58,1.63,2192.0,-0.1386861307541691,588.21,1144649.0
2018-12-01,2018,12,Winter / Post-Monsoon,Northeast/Dry,0,Malappuram,Oil Sardine,Sardinella longiceps,2.3,Prey (Small Pelagic),1144649.0,1946,27619,588.21,28.57,36.0,3.8,1.29,1.15,1.05,1.272,588.21,151.97,0.2596,-92.016,0.915,-2.4492935982947064e-16,1.0,606.99,588.97,1791.12,752.91,995.6933333333332,688.9186211979849,1871.6149999999998,0.03059578534397699,0.0714285714285694,0.6214285714285737,29.05,1.39,1.5,1888.0,0.03072033882033719,359.1,606164.4
2019-01-01,2019,1,Winter / Post-Monsoon,Northeast/Dry,0,Malappuram,Oil Sardine,Sardinella longiceps,2.3,Prey (Small Pelagic),606164.4,1688,16354,359.1,28.24,9.3,3.2,0.85,0.38,0.53,1.103,359.1,110.47,0.3096,-35.414,0.485,0.49999999999999994,0.8660254037844387,588.21,606.99,588.97,640.39,594.7233333333332,10.63003919713528,1453.2333333333333,-0.030939553683923024,-0.03642857142857281,0.8428571428571434,28.57,1.15,1.05,1946.0,-0.13257964988396892,610.66,1087582.7
2019-02-01,2019,2,Winter / Post-Monsoon,Northeast/Dry,0,Malappuram,Oil Sardine,Sardinella longiceps,2.3,Prey (Small Pelagic),1087582.7,1781,22499,610.66,28.35,10.7,3.2,0.5,1.0,0.82,1.164,610.66,109.03,0.1799,-72.654,0.796,0.8660254037844386,0.5000000000000001,359.1,588.21,606.99,607.0,518.0999999999999,138.01783254347714,1058.1983333333335,-0.38950374203934407,-0.3014285714285698,0.042857142857142705,28.24,0.38,0.53,1688.0,0.055094786403466905,315.77,726274.2
2019-03-01,2019,3,Pre-Monsoon / Summer,Pre-Monsoon,0,Malappuram,Oil Sardine,Sardinella longiceps,2.3,Prey (Small Pelagic),726274.2,2300,33100,315.77,29.51,23.6,4.0,1.27,1.01,0.82,1.503,315.77,116.21,0.37,-30.695,0.413,1.0,6.123233995736766e-17,610.66,359.1,588.21,510.87,519.3233333333332,139.21076838137424,757.5083333333333,0.7005290810211895,-0.025714285714283136,-1.1357142857142861,28.35,1.0,0.82,1781.0,0.2914093189701891,116.65,212646.3
2019-04-01,2019,4,Pre-Monsoon / Summer,Pre-Monsoon,0,Malappuram,Oil Sardine,Sardinella longiceps,2.3,Prey (Small Pelagic),212646.3,1823,22796,116.65,30.4,119.2,3.7,1.13,1.21,0.89,1.192,116.65,72.75,0.6269,-3.966,0.15,0.8660254037844387,-0.4999999999999998,315.77,610.66,359.1,122.39,428.5099999999998,159.227318949982,511.6166666666666,-0.4829037355827509,0.0985714285714252,29.792857142857144,29.51,1.01,0.82,2300.0,-0.20739130344612475,309.03,574480.4
2019-05-01,2019,5,Pre-Monsoon / Summer,Pre-Monsoon,0,Malappuram,Oil Sardine,Sardinella longiceps,2.3,Prey (Small Pelagic),574480.4,1859,23353,309.03,30.02,249.7,4.9,2.33,1.41,1.37,1.215,309.03,95.28,0.3106,-22.188,0.407,0.49999999999999994,-0.8660254037844387,116.65,315.77,610.66,194.75,347.69333333333316,248.54736859064235,432.8966666666666,-0.6305855328059812,-0.10999999999999943,-11.35714285714289,30.4,1.21,0.89,1823.0,0.019747668569678176,2225.26,1083703.3
2019-06-01,2019,6,Southwest Monsoon,Southwest Monsoon,1,Malappuram,Oil Sardine,Sardinella longiceps,2.3,Prey (Small Pelagic),1083703.3,487,5772,2225.26,28.94,709.7,7.6,3.51,11.95,7.12,0.318,2225.26,348.0,0.1568,-846.617,2.662,1.2246467991473532e-16,-1.0,309.03,116.65,315.77,3098.5,247.14999999999984,113.06654854553274,383.2366666666667,1.6492068881948656,0.34928571428571686,39.9785714285714,30.02,1.41,1.37,1859.0,-0.738031195599617,1786.17,625159.4
2019-07-01,2019,7,Southwest Monsoon,Southwest Monsoon,1,Malappuram,Oil Sardine,Sardinella longiceps,2.3,Prey (Small Pelagic),625159.4,350,3335,1786.17,27.38,552.8,7.6,3.78,11.7,6.77,0.229,1786.17,231.71,0.1302,-447.022,2.679,-0.4999999999999997,-0.8660254037844388,2225.26,309.03,116.65,2729.31,883.6466666666665,1165.8461597626563,656.0783333333334,6.200789366702608,-0.30428571428571516,-55.14999999999998,28.94,11.95,7.12,487.0,-0.2813141626013519,1117.32,2065925.3
2019-08-01,2019,8,Southwest Monsoon,Southwest Monsoon,0,Malappuram,Oil Sardine,Sardinella longiceps,2.3,Prey (Small Pelagic),2065925.3,1849,25139,1117.32,26.7,444.6,6.7,2.69,10.05,5.66,1.208,1117.32,98.58,0.089,-108.338,1.419,-0.8660254037844385,-0.5000000000000004,1786.17,2225.26,309.03,2414.8,1440.153333333333,1003.8824649496239,893.9233333333335,-0.19732076163090714,-0.6771428571428544,27.585714285714346,27.38,11.7,6.77,350.0,4.2828570204898,1558.87,2177745.1
2019-09-01,2019,9,Southwest Monsoon,Southwest Monsoon,0,Malappuram,Oil Sardine,Sardinella longiceps,2.3,Prey (Small Pelagic),2177745.1,1397,17991,1558.87,27.72,214.5,6.0,1.72,9.15,4.88,0.913,1558.87,221.0,0.1423,-382.211,2.146,-1.0,-1.8369701987210297e-16,1117.32,1786.17,2225.26,1791.12,1709.5833333333333,557.9264279753494,978.3666666666668,-0.37446043559985653,-0.3028571428571425,-35.47857142857143,26.7,10.05,5.66,1849.0,-0.2444564616308466,460.97,923322.0
2019-10-01,2019,10,Post-Monsoon,Post-Monsoon,0,Malappuram,Oil Sardine,Sardinella longiceps,2.3,Prey (Small Pelagic),923322.0,2003,25920,460.97,28.86,279.9,4.5,1.38,1.3,1.3,1.309,460.97,165.68,0.3608,-71.856,0.664,-0.8660254037844386,0.5000000000000001,1558.87,1117.32,1786.17,588.97,1487.4533333333331,340.0960685355428,1185.55,0.3951866932017086,0.06142857142857139,-22.6571428571429,27.72,9.15,4.88,1397.0,0.43378668265005954,515.53,997025.5
2019-11-01,2019,11,Post-Monsoon,Post-Monsoon,0,Malappuram,Oil Sardine,Sardinella longiceps,2.3,Prey (Small Pelagic),997025.5,1934,27092,515.53,28.63,168.1,4.0,0.89,1.09,1.17,1.264,515.53,119.5,0.2333,-59.73,0.729,-0.5000000000000004,0.8660254037844384,460.97,1558.87,1117.32,606.99,1045.7199999999998,552.4409674345299,1242.9366666666667,-0.7042922071481765,-0.3857142857142897,-0.057142857142849834,28.86,1.3,1.3,2003.0,-0.03444832733675324,519.14,945881.6
2019-12-01,2019,12,Winter / Post-Monsoon,Northeast/Dry,0,Malappuram,Oil Sardine,Sardinella longiceps,2.3,Prey (Small Pelagic),945881.6,1822,19384,519.14,28.04,36.2,3.2,1.21,0.73,0.49,1.191,519.14,92.96,0.1806,-51.261,0.746,-2.4492935982947064e-16,1.0,515.53,460.97,1558.87,588.21,845.1233333333331,618.7244350543565,1277.3533333333335,0.11835910973904776,-0.45857142857143174,0.8214285714285765,28.63,1.09,1.17,1934.0,-0.057911064850511555,870.3,1842431.0
2020-01-01,2020,1,Winter / Post-Monsoon,Northeast/Dry,0,Malappuram,Oil Sardine,Sardinella longiceps,2.3,Prey (Small Pelagic),1842431.0,2117,24230,870.3,27.64,9.1,3.8,1.27,1.01,0.98,1.384,870.3,117.93,0.1365,-130.485,1.084,0.49999999999999994,0.8660254037844387,519.14,515.53,460.97,359.1,498.54666666666645,32.59236771596602,993.0,0.0070025021433767045,-0.6364285714285707,0.6428571428571423,28.04,0.73,0.49,1822.0,0.1619099881344128,760.58,1573647.4
2020-02-01,2020,2,Winter / Post-Monsoon,Northeast/Dry,0,Malappuram,Oil Sardine,Sardinella longiceps,2.3,Prey (Small Pelagic),1573647.4,2069,23133,760.58,28.37,12.4,4.2,0.93,0.97,1.12,1.352,760.58,165.98,0.2193,-140.865,1.008,0.8660254037844386,0.5000000000000001,870.3,519.14,515.53,610.66,634.9899999999998,203.7924314099996,840.355,0.6764263844738146,-0.28142857142857025,1.7428571428571438,27.64,1.01,0.98,2117.0,-0.022673594602392086,297.43,190654.1
2020-03-01,2020,3,Pre-Monsoon / Summer,Pre-Monsoon,0,Malappuram,Oil Sardine,Sardinella longiceps,2.3,Prey (Small Pelagic),190654.1,641,8318,297.43,29.62,23.2,3.3,1.03,0.65,0.53,0.419,297.43,173.0,0.5831,-45.982,0.456,1.0,6.123233995736766e-17,760.58,870.3,519.14,315.77,716.6733333333332,179.65016819734046,780.8983333333332,-0.12607146815958317,0.0842857142857163,-1.5357142857142883,28.37,0.97,1.12,2069.0,-0.6901884935225302,272.45,190442.3
2020-04-01,2020,4,Pre-Monsoon / Summer,Pre-Monsoon,0,Malappuram,Oil Sardine,Sardinella longiceps,2.3,Prey (Small Pelagic),190442.3,699,9718,272.45,30.09,81.4,3.7,1.11,0.99,0.94,0.457,272.45,147.8,0.5442,-33.711,0.37,0.8660254037844387,-0.4999999999999998,297.43,760.58,870.3,116.65,642.7699999999999,304.0631616950652,570.6583333333333,-0.6089431669391364,-0.21142857142857352,-8.007142857142853,29.62,0.65,0.53,641.0,0.09048361793317289,489.65,304072.9
2020-05-01,2020,5,Pre-Monsoon / Summer,Pre-Monsoon,0,Malappuram,Oil Sardine,Sardinella longiceps,2.3,Prey (Small Pelagic),304072.9,621,5911,489.65,29.6,302.9,5.7,2.1,1.67,1.88,0.406,489.65,176.65,0.3621,-80.438,0.681,0.49999999999999994,-0.8660254037844387,272.45,297.43,760.58,309.03,443.4866666666665,274.8947737468517,539.2383333333333,-0.08398614517748232,-0.5299999999999976,41.8428571428571,30.09,0.99,0.94,699.0,-0.11158798123622345,3156.89,959694.0
2020-06-01,2020,6,Southwest Monsoon,Southwest Monsoon,1,Malappuram,Oil Sardine,Sardinella longiceps,2.3,Prey (Small Pelagic),959694.0,304,4376,3156.89,28.27,668.3,8.4,3.53,12.23,7.34,0.199,3156.89,498.93,0.1583,-1778.657,4.656,1.2246467991473532e-16,-1.0,489.65,272.45,297.43,2225.26,353.1766666666665,118.84749948287845,534.925,0.7972104680781623,-0.32071428571428484,-1.4214285714286916,29.6,1.67,1.88,621.0,-0.5104669805077782,2262.68,529466.2
2020-07-01,2020,7,Southwest Monsoon,Southwest Monsoon,1,Malappuram,Oil Sardine,Sardinella longiceps,2.3,Prey (Small Pelagic),529466.2,234,3021,2262.68,27.18,358.8,8.4,3.39,12.12,6.65,0.153,2262.68,263.64,0.1169,-682.352,3.351,-0.4999999999999997,-0.8660254037844388,3156.89,489.65,272.45,1786.17,1306.3299999999997,1606.307316549358,974.5499999999998,5.44723771168717,-0.5042857142857144,-249.14999999999992,28.27,12.23,7.34,304.0,-0.23026315032029113,2331.63,3725943.5
2020-08-01,2020,8,Southwest Monsoon,Southwest Monsoon,0,Malappuram,Oil Sardine,Sardinella longiceps,2.3,Prey (Small Pelagic),3725943.5,1598,17907,2331.63,27.4,511.6,6.8,3.21,10.49,6.12,1.044,2331.63,310.75,0.1336,-831.513,3.376,-0.8660254037844385,-0.5000000000000004,2262.68,3156.89,489.65,1117.32,1969.7399999999998,1357.5355196458027,1206.6133333333332,-0.2832566219182277,0.022857142857144908,94.58571428571435,27.18,12.12,6.65,234.0,5.829059579954719,1506.18,2643353.2
2020-09-01,2020,9,Southwest Monsoon,Southwest Monsoon,0,Malappuram,Oil Sardine,Sardinella longiceps,2.3,Prey (Small Pelagic),2643353.2,1755,23361,1506.18,27.34,251.7,5.2,2.4,7.92,4.48,1.147,1506.18,231.08,0.154,-386.471,2.254,-1.0,-1.8369701987210297e-16,2331.63,2262.68,3156.89,1558.87,2583.733333333333,497.5640150104633,1468.455,0.030472713638372697,-0.6828571428571415,1.7214285714285609,27.4,10.49,6.12,1598.0,0.09824780914738543,722.93,1223197.7
2020-10-01,2020,10,Post-Monsoon,Post-Monsoon,0,Malappuram,Oil Sardine,Sardinella longiceps,2.3,Prey (Small Pelagic),1223197.7,1692,22858,722.93,28.52,238.6,2.9,1.39,0.95,1.25,1.106,722.93,173.6,0.2412,-135.468,0.998,-0.8660254037844386,0.5000000000000001,1506.18,2331.63,2262.68,460.97,2033.4966666666667,457.96907737677253,1669.9133333333332,-0.3540227207832172,-0.27857142857142847,-63.957142857142884,27.34,7.92,4.48,1755.0,-0.0358974356928921,710.43,1101878.6
2020-11-01,2020,11,Post-Monsoon,Post-Monsoon,0,Malappuram,Oil Sardine,Sardinella longiceps,2.3,Prey (Small Pelagic),1101878.6,1551,20427,710.43,29.0,172.0,3.5,1.2,1.07,1.15,1.014,710.43,198.85,0.2809,-151.354,0.989,-0.5000000000000004,0.8660254037844384,722.93,1506.18,2331.63,515.53,1520.2466666666667,804.4422451819224,1744.9933333333336,-0.520024163645619,-0.015714285714288678,3.842857142857156,28.52,0.95,1.25,1692.0,-0.08333333284081955,743.16,1345122.1
2020-12-01,2020,12,Winter / Post-Monsoon,Northeast/Dry,0,Malappuram,Oil Sardine,Sardinella longiceps,2.3,Prey (Small Pelagic),1345122.1,1810,24589,743.16,28.05,38.9,4.0,1.3,1.56,1.14,1.183,743.16,161.56,0.2184,-132.933,1.086,-2.4492935982947064e-16,1.0,710.43,722.93,1506.18,519.14,979.8466666666665,455.8608842984137,1781.7900000000002,-0.017290747136088597,-0.4485714285714302,3.5214285714285722,29.0,1.07,1.15,1551.0,0.16698903825281083,824.82,1567152.6
2021-01-01,2021,1,Winter / Post-Monsoon,Northeast/Dry,0,Malappuram,Oil Sardine,Sardinella longiceps,2.3,Prey (Small Pelagic),1567152.6,1900,22861,824.82,28.22,9.3,3.3,0.94,1.14,1.05,1.242,824.82,181.95,0.2215,-171.828,1.118,0.49999999999999994,0.8660254037844387,743.16,710.43,722.93,870.3,725.5066666666665,16.516435248912085,1379.5016666666668,0.04607068893387545,-0.05642857142857238,0.8428571428571434,28.05,1.56,1.14,1810.0,0.04972375663136046,829.6,1568777.3
2021-02-01,2021,2,Winter / Post-Monsoon,Northeast/Dry,0,Malappuram,Oil Sardine,Sardinella longiceps,2.3,Prey (Small Pelagic),1568777.3,1891,20560,829.6,28.2,11.4,3.7,0.8,1.29,0.91,1.236,829.6,169.29,0.205,-164.97,1.085,0.8660254037844386,0.5000000000000001,824.82,743.16,710.43,760.58,759.4699999999999,58.913327015185615,1139.8583333333333,0.10988212350123641,-0.45142857142857196,0.7428571428571438,28.22,1.14,1.05,1900.0,-0.00473684208033241,440.41,695408.0
2021-03-01,2021,3,Pre-Monsoon / Summer,Pre-Monsoon,0,Malappuram,Oil Sardine,Sardinella longiceps,2.3,Prey (Small Pelagic),695408.0,1579,21704,440.41,29.7,24.2,3.6,0.72,1.04,0.77,1.032,440.41,166.3,0.379,-70.513,0.569,1.0,6.123233995736766e-17,829.6,824.82,743.16,297.43,799.1933333333332,48.58511020190806,889.52,0.005795203731781401,0.1642857142857146,-0.5357142857142883,28.2,1.29,0.91,1891.0,-0.16499206681654116,231.54,413527.0
2021-04-01,2021,4,Pre-Monsoon / Summer,Pre-Monsoon,0,Malappuram,Oil Sardine,Sardinella longiceps,2.3,Prey (Small Pelagic),413527.0,1786,18632,231.54,30.14,98.4,4.4,1.01,1.7,1.2,1.167,231.54,185.12,0.8004,-36.072,0.324,0.8660254037844387,-0.4999999999999998,440.41,829.6,824.82,272.45,698.2766666666666,223.33187285591706,711.8916666666665,-0.4691296954058619,-0.1614285714285728,8.992857142857147,29.7,1.04,0.77,1579.0,0.13109562931541716,310.13,654072.5
2021-05-01,2021,5,Pre-Monsoon / Summer,Pre-Monsoon,0,Malappuram,Oil Sardine,Sardinella longiceps,2.3,Prey (Small Pelagic),654072.5,2109,28201,310.13,30.03,256.1,5.4,2.13,1.5,1.5,1.378,310.13,153.11,0.4953,-39.993,0.479,0.49999999999999994,-0.8660254037844387,231.54,440.41,829.6,489.65,500.5166666666665,303.52685125591677,629.9933333333333,-0.4742626081546149,-0.09999999999999787,-4.9571428571428555,30.14,1.7,1.2,1786.0,0.1808510628171833,3471.8,1447740.6
2021-06-01,2021,6,Southwest Monsoon,Southwest Monsoon,1,Malappuram,Oil Sardine,Sardinella longiceps,2.3,Prey (Small Pelagic),1447740.6,417,5176,3471.8,28.95,690.0,8.2,3.43,12.25,7.29,0.273,3471.8,571.19,0.1648,-2248.731,4.458,1.2246467991473532e-16,-1.0,310.13,231.54,440.41,3156.89,327.35999999999984,105.49561080916119,563.2766666666666,0.3394229792077836,0.3592857142857149,20.278571428571354,30.03,1.5,1.5,2109.0,-0.8022759563666384,2685.92,829950.1
2021-07-01,2021,7,Southwest Monsoon,Southwest Monsoon,1,Malappuram,Oil Sardine,Sardinella longiceps,2.3,Prey (Small Pelagic),829950.1,309,3998,2685.92,27.21,640.8,7.9,3.47,11.55,6.56,0.202,2685.92,290.8,0.1086,-929.752,3.782,-0.4999999999999997,-0.8660254037844388,3471.8,310.13,231.54,2262.68,1337.8233333333333,1848.4957147457314,1018.0500000000001,10.194659975021445,-0.4742857142857133,32.85000000000002,28.95,12.25,7.29,417.0,-0.2589927995445372,2670.47,5370323.9
2021-08-01,2021,8,Southwest Monsoon,Southwest Monsoon,0,Malappuram,Oil Sardine,Sardinella longiceps,2.3,Prey (Small Pelagic),5370323.9,2011,29114,2670.47,27.73,445.8,6.9,2.75,10.28,5.95,1.314,2670.47,382.0,0.1434,-1185.398,4.051,-0.8660254037844385,-0.5000000000000004,2685.92,3471.8,310.13,2331.63,2155.9500000000003,1646.1137408757634,1328.2333333333333,-0.22636096484140514,0.35285714285714675,28.785714285714334,27.21,11.55,6.56,309.0,5.508090436631378,2149.37,4358931.6
2021-09-01,2021,9,Southwest Monsoon,Southwest Monsoon,0,Malappuram,Oil Sardine,Sardinella longiceps,2.3,Prey (Small Pelagic),4358931.6,2028,26328,2149.37,27.99,239.4,4.9,1.93,7.84,4.27,1.325,2149.37,328.0,0.153,-835.822,2.949,-1.0,-1.8369701987210297e-16,2670.47,2685.92,3471.8,1506.18,2942.7299999999996,458.2531770757298,1635.045,-0.005752218957555728,-0.03285714285714292,-10.578571428571422,27.73,10.28,5.95,2011.0,0.008453505676511658,756.35,1301679.9
2021-10-01,2021,10,Post-Monsoon,Post-Monsoon,0,Malappuram,Oil Sardine,Sardinella longiceps,2.3,Prey (Small Pelagic),1301679.9,1721,20858,756.35,28.18,270.1,4.2,1.82,0.92,1.22,1.125,756.35,163.48,0.2172,-136.666,1.027,-0.8660254037844386,0.5000000000000001,2149.37,2670.47,2685.92,722.93,2501.9199999999996,305.41496770787035,1919.8716666666667,-0.19513418913099867,-0.6185714285714283,-32.457142857142856,27.99,7.84,4.27,2028.0,-0.15138066986498683,896.5,1866507.3
2021-11-01,2021,11,Post-Monsoon,Post-Monsoon,0,Malappuram,Oil Sardine,Sardinella longiceps,2.3,Prey (Small Pelagic),1866507.3,2082,21543,896.5,28.87,171.7,3.9,1.18,1.5,1.52,1.361,896.5,218.46,0.2445,-217.704,1.205,-0.5000000000000004,0.8660254037844384,756.35,2149.37,2670.47,710.43,1858.7299999999998,989.6047447339764,2007.34,-0.6481061862401253,-0.14571428571428768,3.5428571428571445,28.18,0.92,1.22,1721.0,0.20976176519603856,970.48,1666313.0
2021-12-01,2021,12,Winter / Post-Monsoon,Northeast/Dry,0,Malappuram,Oil Sardine,Sardinella longiceps,2.3,Prey (Small Pelagic),1666313.0,1717,22905,970.48,28.52,31.7,5.0,1.03,1.79,1.22,1.122,970.48,211.6,0.2188,-240.523,1.285,-2.4492935982947064e-16,1.0,896.5,756.35,2149.37,743.16,1267.4066666666665,767.0104279821309,2105.068333333333,0.18529780940969376,0.021428571428568688,-3.678571428571427,28.87,1.5,1.52,2082.0,-0.17531219896583958,840.63,1651007.1
2022-01-01,2022,1,Winter / Post-Monsoon,Northeast/Dry,0,Malappuram,Oil Sardine,Sardinella longiceps,2.3,Prey (Small Pelagic),1651007.1,1964,19634,840.63,27.65,7.3,3.7,0.82,0.96,0.73,1.284,840.63,160.84,0.1923,-164.22,1.234,0.49999999999999994,0.8660254037844387,970.48,896.5,756.35,824.82,874.4433333333332,108.75562805359267,1688.1816666666666,0.08252091374767527,-0.6264285714285727,-1.1571428571428575,28.52,1.79,1.22,1717.0,0.14385556118896003,923.22,1370058.4
2022-02-01,2022,2,Winter / Post-Monsoon,Northeast/Dry,0,Malappuram,Oil Sardine,Sardinella longiceps,2.3,Prey (Small Pelagic),1370058.4,1484,17992,923.22,28.31,10.7,3.5,0.88,1.02,0.84,0.97,923.22,216.9,0.2358,-237.321,1.167,0.8660254037844386,0.5000000000000001,840.63,970.48,896.5,829.6,902.5366666666665,65.13514130890808,1380.6333333333332,-0.1337997678076852,-0.3414285714285725,0.042857142857142705,27.65,0.96,0.73,1964.0,-0.24439918409165384,696.98,1363992.7
2022-03-01,2022,3,Pre-Monsoon / Summer,Pre-Monsoon,0,Malappuram,Oil Sardine,Sardinella longiceps,2.3,Prey (Small Pelagic),1363992.7,1957,23936,696.98,29.04,29.5,3.1,1.15,1.0,1.04,1.279,696.98,240.91,0.3466,-178.152,1.106,1.0,6.123233995736766e-17,923.22,840.63,970.48,440.41,911.4433333333333,65.72117644512635,1089.425,0.09824774159561593,-0.49571428571428555,4.7642857142857125,28.31,1.02,0.84,1484.0,0.3187331514910165,369.89,720539.3
2022-04-01,2022,4,Pre-Monsoon / Summer,Pre-Monsoon,0,Malappuram,Oil Sardine,Sardinella longiceps,2.3,Prey (Small Pelagic),720539.3,1948,20447,369.89,30.04,75.5,3.7,0.99,0.96,0.82,1.273,369.89,196.77,0.5332,-67.72,0.521,0.8660254037844387,-0.4999999999999998,696.98,923.22,840.63,231.54,820.2766666666666,114.48505593889246,847.3600000000001,-0.24505534709976662,-0.26142857142857423,-13.907142857142858,29.04,1.0,1.04,1957.0,-0.00459887580685296,550.92,873204.7
2022-05-01,2022,5,Pre-Monsoon / Summer,Pre-Monsoon,0,Malappuram,Oil Sardine,Sardinella longiceps,2.3,Prey (Small Pelagic),873204.7,1585,18755,550.92,29.8,226.9,4.6,1.66,1.08,1.22,1.036,550.92,189.1,0.3444,-103.604,0.783,0.49999999999999994,-0.8660254037844387,369.89,696.98,923.22,310.13,663.3633333333332,278.192527637482,782.9499999999999,-0.4692960993242834,-0.3299999999999983,-34.15714285714287,30.04,0.96,0.82,1948.0,-0.1863449682425823,4454.66,1866504.3
2022-06-01,2022,6,Southwest Monsoon,Southwest Monsoon,1,Malappuram,Oil Sardine,Sardinella longiceps,2.3,Prey (Small Pelagic),1866504.3,419,4352,4454.66,28.15,932.2,7.9,3.26,11.79,7.53,0.274,4454.66,596.64,0.1341,-3141.79,6.166,1.2246467991473532e-16,-1.0,550.92,369.89,696.98,3471.8,539.2633333333332,163.8562645532085,725.3533333333334,0.4894157590252302,-0.44071428571428584,262.4785714285714,29.8,1.08,1.22,1585.0,-0.7356466830558569,3991.59,1181511.7
2022-07-01,2022,7,Southwest Monsoon,Southwest Monsoon,1,Malappuram,Oil Sardine,Sardinella longiceps,2.3,Prey (Small Pelagic),1181511.7,296,3029,3991.59,27.41,517.1,8.5,4.01,12.7,7.04,0.193,3991.59,441.38,0.1108,-2157.328,5.232,-0.4999999999999997,-0.8660254037844388,4454.66,550.92,369.89,2685.92,1791.823333333333,2307.8598961447665,1306.05,7.085856257063526,-0.274285714285714,-90.84999999999991,28.15,11.79,7.53,419.0,-0.29355607891274277,1719.62,3177857.6
2022-08-01,2022,8,Southwest Monsoon,Southwest Monsoon,0,Malappuram,Oil Sardine,Sardinella longiceps,2.3,Prey (Small Pelagic),3177857.6,1848,21028,1719.62,26.62,260.1,7.8,2.32,11.68,6.21,1.208,1719.62,239.26,0.1396,-445.858,2.753,-0.8660254037844385,-0.5000000000000004,3991.59,4454.66,550.92,2670.47,2999.056666666666,2132.7536918813043,1831.2099999999998,-0.10395181651584669,-0.7571428571428527,-156.91428571428565,27.41,12.7,7.04,296.0,5.243243066106654,3160.67,6381399.2
2022-09-01,2022,9,Southwest Monsoon,Southwest Monsoon,0,Malappuram,Oil Sardine,Sardinella longiceps,2.3,Prey (Small Pelagic),6381399.2,2019,22401,3160.67,27.68,291.6,6.2,2.06,9.5,5.29,1.32,3160.67,381.34,0.1209,-1499.149,4.061,-1.0,-1.8369701987210297e-16,1719.62,3991.59,4454.66,2149.37,3388.623333333333,1463.8263391650441,1963.9433333333334,-0.5691892189097848,-0.34285714285714164,41.621428571428595,26.62,11.68,6.21,1848.0,0.09253246703175072,1125.79,1791136.7
2022-10-01,2022,10,Post-Monsoon,Post-Monsoon,0,Malappuram,Oil Sardine,Sardinella longiceps,2.3,Prey (Small Pelagic),1791136.7,1591,19999,1125.79,28.54,337.9,3.5,1.24,1.19,1.57,1.04,1125.79,255.4,0.2275,-335.236,1.463,-0.8660254037844386,0.5000000000000001,3160.67,1719.62,3991.59,756.35,2957.293333333333,1149.5579461833731,2374.558333333333,0.8380049031878852,-0.2585714285714289,35.3428571428571,27.68,9.5,5.29,2019.0,-0.21198613069843422,1306.7,2383421.8
2022-11-01,2022,11,Post-Monsoon,Post-Monsoon,0,Malappuram,Oil Sardine,Sardinella longiceps,2.3,Prey (Small Pelagic),2383421.8,1824,22893,1306.7,28.33,162.5,4.0,1.43,1.67,1.77,1.192,1306.7,232.47,0.1785,-372.668,1.659,-0.5000000000000004,0.8660254037844384,1125.79,3160.67,1719.62,896.5,2002.0266666666664,1046.42214121899,2500.5416666666665,-0.6438128604257551,-0.6857142857142904,-5.657142857142844,28.54,1.19,1.57,1591.0,0.14644877343526855,869.37,1564860.8
2022-12-01,2022,12,Winter / Post-Monsoon,Northeast/Dry,0,Malappuram,Oil Sardine,Sardinella longiceps,2.3,Prey (Small Pelagic),1564860.8,1800,20867,869.37,28.0,33.7,4.7,1.33,1.36,0.98,1.176,869.37,188.43,0.2176,-191.56,1.206,-2.4492935982947064e-16,1.0,1306.7,1125.79,3160.67,970.48,1864.3866666666663,1126.252621410195,2626.5049999999997,0.16069604312797206,-0.4985714285714309,-1.6785714285714235,28.33,1.67,1.77,1824.0,-0.013157894664704526,877.79,1444846.7
2023-01-01,2023,1,Winter / Post-Monsoon,Northeast/Dry,0,Malappuram,Oil Sardine,Sardinella longiceps,2.3,Prey (Small Pelagic),1444846.7,1646,20251,877.79,28.72,7.3,3.4,1.12,0.95,0.81,1.076,877.79,247.75,0.2831,-249.421,1.241,0.49999999999999994,0.8660254037844387,869.37,1306.7,1125.79,840.63,1100.6199999999997,219.74878588971302,2028.9566666666667,-0.3346827861430873,0.4435714285714276,-1.1571428571428575,28.0,1.36,0.98,1800.0,-0.08555555508024691,754.92,1462277.4
2023-02-01,2023,2,Winter / Post-Monsoon,Northeast/Dry,0,Malappuram,Oil Sardine,Sardinella longiceps,2.3,Prey (Small Pelagic),1462277.4,1937,20701,754.92,29.13,7.9,4.6,0.5,1.39,1.1,1.266,754.92,268.68,0.3568,-217.211,1.064,0.8660254037844386,0.5000000000000001,877.79,869.37,1306.7,923.22,1017.953333333333,250.09738549880197,1509.9899999999998,0.009685174210230647,0.47857142857142776,-2.7571428571428562,28.72,0.95,0.81,1646.0,0.17679222249822465,552.69,1058395.0
2023-03-01,2023,3,Pre-Monsoon / Summer,Pre-Monsoon,0,Malappuram,Oil Sardine,Sardinella longiceps,2.3,Prey (Small Pelagic),1058395.0,1915,20138,552.69,29.72,30.8,3.5,1.22,1.55,1.15,1.252,552.69,222.91,0.4044,-123.168,0.889,1.0,6.123233995736766e-17,754.92,877.79,869.37,696.98,834.0266666666663,68.6376182085055,1349.2066666666665,-0.1399765303776925,0.18428571428571416,6.064285714285713,29.13,1.39,1.1,1937.0,-0.011357769688395613,181.36,361637.2
2023-04-01,2023,4,Pre-Monsoon / Summer,Pre-Monsoon,0,Malappuram,Oil Sardine,Sardinella longiceps,2.3,Prey (Small Pelagic),361637.2,1994,25632,181.36,30.67,70.9,4.3,1.33,0.58,0.55,1.303,181.36,161.53,0.8913,-23.702,0.238,0.8660254037844387,-0.4999999999999998,552.69,754.92,877.79,369.89,728.4666666666664,164.15643951224303,914.5433333333332,-0.2678826860080182,0.36857142857142833,-18.507142857142853,29.72,1.55,1.15,1915.0,0.04125326349215006,382.64,665788.7
2023-05-01,2023,5,Pre-Monsoon / Summer,Pre-Monsoon,0,Malappuram,Oil Sardine,Sardinella longiceps,2.3,Prey (Small Pelagic),665788.7,1740,20899,382.64,30.46,217.2,4.1,2.3,1.71,1.21,1.137,382.64,158.17,0.4149,-54.432,0.558,0.49999999999999994,-0.8660254037844387,181.36,552.69,754.92,550.92,496.3233333333331,290.90491441936325,757.1383333333332,-0.6718594388923368,0.33000000000000185,-43.85714285714289,30.67,0.58,0.55,1994.0,-0.12738214580049073,3241.36,1406752.0
2023-06-01,2023,6,Southwest Monsoon,Southwest Monsoon,1,Malappuram,Oil Sardine,Sardinella longiceps,2.3,Prey (Small Pelagic),1406752.0,434,5871,3241.36,28.81,607.3,7.0,3.43,10.31,6.2,0.284,3241.36,654.04,0.202,-2386.162,4.877,1.2246467991473532e-16,-1.0,382.64,181.36,552.69,4454.66,372.22999999999973,185.88374942421385,603.1283333333332,1.1098367275123107,0.2192857142857143,-62.42142857142869,30.46,1.71,1.21,1740.0,-0.7505747083300304,5019.95,1526063.5
2023-07-01,2023,7,Southwest Monsoon,Southwest Monsoon,1,Malappuram,Oil Sardine,Sardinella longiceps,2.3,Prey (Small Pelagic),1526063.5,304,4124,5019.95,28.14,556.0,8.9,3.02,13.72,7.63,0.199,5019.95,790.42,0.1576,-4605.861,7.278,-0.4999999999999997,-0.8660254037844388,3241.36,382.64,181.36,3991.59,1268.4533333333331,1711.548698148357,998.4599999999997,7.471043083027309,0.4557142857142864,-51.94999999999993,28.81,10.31,6.2,434.0,-0.2995391636050884,4746.01,9487272.5
2023-08-01,2023,8,Southwest Monsoon,Southwest Monsoon,0,Malappuram,Oil Sardine,Sardinella longiceps,2.3,Prey (Small Pelagic),9487272.5,1999,27699,4746.01,27.62,454.9,7.7,3.29,11.31,6.55,1.307,4746.01,466.96,0.0986,-2863.371,5.424,-0.8660254037844385,-0.5000000000000004,5019.95,3241.36,382.64,1719.62,2881.316666666666,2339.5265355266506,1688.8199999999997,0.548717203430914,0.24285714285714732,37.8857142857143,28.14,13.72,7.63,304.0,5.575657711327049,2987.25,5087292.1
2023-09-01,2023,9,Southwest Monsoon,Southwest Monsoon,0,Malappuram,Oil Sardine,Sardinella longiceps,2.3,Prey (Small Pelagic),5087292.1,1703,20983,2987.25,28.66,216.2,5.3,2.04,7.82,4.6,1.113,2987.25,487.64,0.1635,-1747.652,3.909,-1.0,-1.8369701987210297e-16,4746.01,5019.95,3241.36,3160.67,4335.7733333333335,957.6357287786055,2354.0016666666666,-0.054570264535363296,0.6371428571428588,-33.77857142857144,27.62,11.31,6.55,1999.0,-0.14807403627776872,837.83,1146157.5
2023-10-01,2023,10,Post-Monsoon,Post-Monsoon,0,Malappuram,Oil Sardine,Sardinella longiceps,2.3,Prey (Small Pelagic),1146157.5,1368,19649,837.83,29.22,267.5,4.4,1.04,1.36,1.55,0.894,837.83,274.55,0.3285,-245.988,1.344,-0.8660254037844386,0.5000000000000001,2987.25,4746.01,5019.95,1125.79,4251.07,1103.0374087944606,2759.7616666666668,-0.3705765466769423,0.4214285714285708,-35.05714285714288,28.66,7.82,4.6,1703.0,-0.19671168410621442,760.78,1596882.1
2023-11-01,2023,11,Post-Monsoon,Post-Monsoon,0,Malappuram,Oil Sardine,Sardinella longiceps,2.3,Prey (Small Pelagic),1596882.1,2099,23940,760.78,29.29,139.2,3.7,1.47,1.01,0.91,1.372,760.78,235.01,0.3098,-196.262,1.037,-0.5000000000000004,0.8660254037844384,837.83,2987.25,4746.01,1306.7,2857.03,1957.3414787409993,2869.1733333333336,-0.7195313391261818,0.27428571428571047,-28.957142857142856,29.22,1.36,1.55,1368.0,0.5343567212400825,902.57,1715789.3
2023-12-01,2023,12,Winter / Post-Monsoon,Northeast/Dry,0,Malappuram,Oil Sardine,Sardinella longiceps,2.3,Prey (Small Pelagic),1715789.3,1901,19673,902.57,28.79,35.8,4.1,1.28,1.32,1.23,1.242,902.57,253.46,0.2816,-255.856,1.27,-2.4492935982947064e-16,1.0,760.78,837.83,2987.25,869.37,1528.6199999999997,1263.7979598416844,2932.1966666666667,-0.09196376243433924,0.29142857142856826,0.4214285714285708,29.29,1.01,0.91,2099.0,-0.0943306331856568,934.5,1890483.8
2024-01-01,2024,1,Winter / Post-Monsoon,Northeast/Dry,0,Malappuram,Oil Sardine,Sardinella longiceps,2.3,Prey (Small Pelagic),1890483.8,2023,26918,934.5,28.07,8.9,3.0,1.0,0.37,0.51,1.322,934.5,166.97,0.1796,-202.609,1.196,0.49999999999999994,0.8660254037844387,902.57,760.78,837.83,877.79,833.7266666666665,70.98400547544394,2542.398333333333,0.1863745079211533,-0.20642857142857096,0.44285714285714306,28.79,1.32,1.23,1901.0,0.0641767487418372,900.38,1499128.4
2024-02-01,2024,2,Winter / Post-Monsoon,Northeast/Dry,0,Malappuram,Oil Sardine,Sardinella longiceps,2.3,Prey (Small Pelagic),1499128.4,1665,18048,900.38,28.2,10.9,4.1,1.59,1.24,1.06,1.088,900.38,231.13,0.2575,-237.964,1.434,0.8660254037844386,0.5000000000000001,934.5,902.57,760.78,754.92,865.9499999999998,92.46852383381311,1861.4899999999998,0.035376757089458304,-0.45142857142857196,0.24285714285714377,28.07,0.37,0.51,2023.0,-0.1769649027337375,565.81,814764.7
2024-03-01,2024,3,Pre-Monsoon / Summer,Pre-Monsoon,0,Malappuram,Oil Sardine,Sardinella longiceps,2.3,Prey (Small Pelagic),814764.7,1440,16476,565.81,29.67,29.2,3.5,0.63,1.03,0.77,0.941,565.81,202.23,0.3586,-117.978,0.811,1.0,6.123233995736766e-17,900.38,934.5,902.57,552.69,912.483333333333,19.09840918342952,1220.5516666666665,-0.03651150308708932,0.134285714285717,4.464285714285712,28.2,1.24,1.06,1665.0,-0.1351351343235127,266.83,465891.0
2024-04-01,2024,4,Pre-Monsoon / Summer,Pre-Monsoon,0,Malappuram,Oil Sardine,Sardinella longiceps,2.3,Prey (Small Pelagic),465891.0,1746,23417,266.83,30.3,106.9,4.1,1.86,1.27,0.87,1.141,266.83,162.08,0.6089,-36.805,0.402,0.8660254037844387,-0.4999999999999998,565.81,900.38,934.5,181.36,800.2299999999997,203.7292220080482,816.9783333333331,-0.3715875477955137,-0.001428571428572667,17.492857142857147,29.67,1.03,0.77,1440.0,0.21249999852430557,299.11,649966.5
2024-05-01,2024,5,Pre-Monsoon / Summer,Pre-Monsoon,0,Malappuram,Oil Sardine,Sardinella longiceps,2.3,Prey (Small Pelagic),649966.5,2173,31208,299.11,30.43,238.3,5.3,1.45,1.36,1.18,1.42,299.11,154.64,0.5186,-39.325,0.442,0.49999999999999994,-0.8660254037844387,266.83,565.81,900.38,382.64,577.6733333333331,316.9415634361299,721.8116666666665,-0.5284105878579278,0.3000000000000007,-22.757142857142867,30.3,1.27,0.87,1746.0,0.2445589905809909,3828.66,1531464.1
2024-06-01,2024,6,Southwest Monsoon,Southwest Monsoon,1,Malappuram,Oil Sardine,Sardinella longiceps,2.3,Prey (Small Pelagic),1531464.1,400,4235,3828.66,28.07,555.8,7.7,3.7,11.28,6.5,0.261,3828.66,504.46,0.132,-2318.603,5.567,1.2246467991473532e-16,-1.0,299.11,266.83,565.81,3241.36,377.2499999999997,164.09343314101696,644.8666666666664,0.12097589772604676,-0.5207142857142841,-113.92142857142869,30.43,1.36,1.18,2173.0,-0.8159226837739406,4221.95,1253920.5
2024-07-01,2024,7,Southwest Monsoon,Southwest Monsoon,1,Malappuram,Oil Sardine,Sardinella longiceps,2.3,Prey (Small Pelagic),1253920.5,297,3673,4221.95,28.14,586.5,8.3,3.26,12.54,7.02,0.194,4221.95,687.73,0.1631,-3359.562,6.147,-0.4999999999999997,-0.8660254037844388,3828.66,299.11,266.83,5019.95,1464.866666666666,2047.168701312458,1132.5483333333332,11.800173454576127,0.4557142857142864,-21.449999999999932,28.07,11.28,6.5,400.0,-0.2574999935625002,3473.92,6360739.5
2024-08-01,2024,8,Southwest Monsoon,Southwest Monsoon,0,Malappuram,Oil Sardine,Sardinella longiceps,2.3,Prey (Small Pelagic),6360739.5,1831,21180,3473.92,27.59,528.2,7.3,3.14,11.14,6.56,1.197,3473.92,457.06,0.1318,-1887.477,5.201,-0.8660254037844385,-0.5000000000000004,4221.95,3828.66,299.11,4746.01,2783.24,2160.2883253630753,1680.4566666666663,0.10272262331279709,0.2128571428571462,111.18571428571437,28.14,12.54,7.02,297.0,5.1649829910780145,2610.36,4236612.6
2024-09-01,2024,9,Southwest Monsoon,Southwest Monsoon,0,Malappuram,Oil Sardine,Sardinella longiceps,2.3,Prey (Small Pelagic),4236612.6,1623,18095,2610.36,28.01,235.8,5.2,1.94,8.04,4.47,1.061,2610.36,413.17,0.1586,-1290.072,3.754,-1.0,-1.8369701987210297e-16,3473.92,4221.95,3828.66,2987.25,3841.5099999999998,374.180520738317,2109.3799999999997,-0.17717642279710455,-0.012857142857139792,-14.178571428571416,27.59,11.14,6.56,1831.0,-0.11359912554014677,971.71,1908433.3
2024-10-01,2024,10,Post-Monsoon,Post-Monsoon,0,Malappuram,Oil Sardine,Sardinella longiceps,2.3,Prey (Small Pelagic),1908433.3,1964,24904,971.71,28.65,356.4,4.4,1.23,1.23,1.57,1.284,971.71,255.39,0.2636,-277.059,1.41,-0.8660254037844386,0.5000000000000001,2610.36,3473.92,4221.95,837.83,3435.41,806.484870967831,2450.138333333333,-0.24858373178258641,-0.14857142857142946,53.8428571428571,28.01,8.04,4.47,1623.0,0.21010474300613222,754.23,1148688.7
2024-11-01,2024,11,Post-Monsoon,Post-Monsoon,0,Malappuram,Oil Sardine,Sardinella longiceps,2.3,Prey (Small Pelagic),1148688.7,1523,17317,754.23,29.19,160.4,4.1,1.38,1.39,1.31,0.995,754.23,237.1,0.3153,-190.611,1.083,-0.5000000000000004,0.8660254037844384,971.71,2610.36,3473.92,760.78,2351.9966666666664,1270.955321808495,2567.6183333333333,-0.6277486606148245,0.1742857142857126,-7.7571428571428385,28.65,1.23,1.57,1964.0,-0.22454175038420698,832.24,1131846.9
2024-12-01,2024,12,Winter / Post-Monsoon,Northeast/Dry,0,Malappuram,Oil Sardine,Sardinella longiceps,2.3,Prey (Small Pelagic),1131846.9,1360,18737,832.24,28.88,38.5,3.2,0.63,1.38,1.12,0.889,832.24,230.68,0.278,-213.411,1.162,-2.4492935982947064e-16,1.0,754.23,971.71,2610.36,902.57,1445.4333333333332,1014.6994587725652,2643.4716666666664,-0.22381162873890742,0.3814285714285681,3.1214285714285737,29.19,1.39,1.31,1523.0,-0.1070256066511779,716.1,1556804.5
2025-01-01,2025,1,Winter / Post-Monsoon,Northeast/Dry,0,Malappuram,Oil Sardine,Sardinella longiceps,2.3,Prey (Small Pelagic),1556804.5,2174,31100,716.1,28.27,8.2,3.3,1.34,1.16,0.74,1.421,716.1,188.08,0.2637,-150.296,1.242,0.49999999999999994,0.8660254037844387,832.24,754.23,971.71,934.5,852.7266666666665,110.17787996389254,2144.068333333333,0.10342998682855378,-0.006428571428571672,-0.257142857142858,28.88,1.38,1.12,1360.0,0.5985294073637544,672.65,1286108.6
2025-02-01,2025,2,Winter / Post-Monsoon,Northeast/Dry,0,Malappuram,Oil Sardine,Sardinella longiceps,2.3,Prey (Small Pelagic),1286108.6,1912,24778,672.65,29.05,11.8,3.5,1.3,1.05,0.93,1.25,672.65,215.49,0.3214,-154.49,0.94,0.8660254037844386,0.5000000000000001,716.1,832.24,754.23,900.38,767.5233333333331,59.200164132695456,1559.76,-0.13955108935462018,0.39857142857142946,1.1428571428571441,28.27,1.16,0.74,2174.0,-0.12051517883847662,548.16,1044248.2
2025-03-01,2025,3,Pre-Monsoon / Summer,Pre-Monsoon,0,Malappuram,Oil Sardine,Sardinella longiceps,2.3,Prey (Small Pelagic),1044248.2,1905,18745,548.16,29.46,20.8,4.2,0.97,1.05,0.73,1.245,548.16,179.54,0.3288,-101.218,0.76,1.0,6.123233995736766e-17,672.65,716.1,832.24,565.81,740.3299999999996,82.50794931401944,1092.8816666666664,-0.0606758824092183,-0.07571428571428385,-3.935714285714287,29.05,1.05,0.93,1912.0,-0.0036610878469608378,479.75,795431.1
2025-04-01,2025,4,Pre-Monsoon / Summer,Pre-Monsoon,0,Malappuram,Oil Sardine,Sardinella longiceps,2.3,Prey (Small Pelagic),795431.1,1658,17245,479.75,29.88,87.4,3.2,1.37,0.0,0.54,1.084,479.75,184.67,0.3862,-88.989,0.591,0.8660254037844387,-0.4999999999999998,548.16,672.65,716.1,266.83,645.6366666666663,87.16794728188972,749.1816666666665,-0.18507395844683036,-0.4214285714285744,-2.0071428571428527,29.46,1.05,0.73,1905.0,-0.12965879197029506,510.51,1043987.4
2025-05-01,2025,5,Pre-Monsoon / Summer,Pre-Monsoon,0,Malappuram,Oil Sardine,Sardinella longiceps,2.3,Prey (Small Pelagic),1043987.4,2045,28650,510.51,29.7,258.8,5.7,2.3,1.8,1.59,1.337,510.51,200.5,0.3939,-98.124,0.816,0.49999999999999994,-0.8660254037844387,479.75,548.16,672.65,299.11,566.853333333333,97.79919750866283,667.1883333333332,-0.12479932638646875,-0.4299999999999997,-2.257142857142867,29.88,0.0,0.54,1658.0,0.2334137501000377,3655.96,1436793.7
2025-06-01,2025,6,Southwest Monsoon,Southwest Monsoon,1,Malappuram,Oil Sardine,Sardinella longiceps,2.3,Prey (Small Pelagic),1436793.7,393,5354,3655.96,28.49,572.2,8.5,3.26,12.44,7.31,0.257,3655.96,577.64,0.1582,-2415.187,5.805,1.2246467991473532e-16,-1.0,510.51,479.75,548.16,3828.66,512.8066666666664,34.26277912456222,626.5683333333332,0.0641167261257587,-0.10071428571428598,-97.5214285714286,29.7,1.8,1.59,2045.0,-0.8078239569299562,3433.74,1308254.4
2025-07-01,2025,7,Southwest Monsoon,Southwest Monsoon,1,Malappuram,Oil Sardine,Sardinella longiceps,2.3,Prey (Small Pelagic),1308254.4,381,4463,3433.74,27.83,707.7,7.6,3.22,11.18,6.95,0.249,3433.74,424.85,0.124,-1731.506,5.279,-0.4999999999999997,-0.8660254037844388,3655.96,510.51,479.75,4221.95,1548.7399999999998,1824.970860233117,1097.1883333333333,6.161387511285039,0.14571428571428413,99.75000000000011,28.49,12.44,7.31,393.0,-0.03053435036808269,3109.83,5715875.3
2025-08-01,2025,8,Southwest Monsoon,Southwest Monsoon,0,Malappuram,Oil Sardine,Sardinella longiceps,2.3,Prey (Small Pelagic),5715875.3,1838,26022,3109.83,27.35,339.2,6.5,2.71,10.01,5.62,1.201,3109.83,330.23,0.1065,-1292.192,3.765,-0.8660254037844385,-0.5000000000000004,3433.74,3655.96,510.51,3473.92,2533.403333333333,1755.3969666811365,1550.128333333333,-0.06078294056613607,-0.02714285714285225,-77.81428571428569,27.83,11.18,6.95,381.0,3.8241468812559876,2777.53,5157874.4
2025-09-01,2025,9,Southwest Monsoon,Southwest Monsoon,0,Malappuram,Oil Sardine,Sardinella longiceps,2.3,Prey (Small Pelagic),5157874.4,1857,25553,2777.53,28.46,276.5,5.3,2.21,8.2,4.81,1.214,2777.53,498.13,0.1796,-1615.117,3.647,-1.0,-1.8369701987210297e-16,3109.83,3433.74,3655.96,2610.36,3399.843333333333,274.63836628070425,1956.3249999999998,-0.09433154492089803,0.4371428571428595,26.521428571428572,27.35,10.01,5.62,1838.0,0.010337323121124467,911.41,2119024.9
2025-10-01,2025,10,Post-Monsoon,Post-Monsoon,0,Malappuram,Oil Sardine,Sardinella longiceps,2.3,Prey (Small Pelagic),2119024.9,2325,27046,911.41,28.44,287.7,3.2,0.99,0.82,1.27,1.52,911.41,214.37,0.236,-222.759,1.375,-0.8660254037844386,0.5000000000000001,2777.53,3109.83,3433.74,971.71,3107.033333333333,328.11393910246267,2327.8866666666668,-0.10685471518747088,-0.35857142857142676,-14.85714285714289,28.46,8.2,4.81,1857.0,0.25201938474949176,858.17,1875091.1
2025-11-01,2025,11,Post-Monsoon,Post-Monsoon,0,Malappuram,Oil Sardine,Sardinella longiceps,2.3,Prey (Small Pelagic),1875091.1,2185,21876,858.17,28.76,178.7,3.9,1.21,0.9,1.11,1.428,858.17,199.21,0.233,-195.242,1.08,-0.5000000000000004,0.8660254037844384,911.41,2777.53,3109.83,754.23,2266.2566666666667,1185.037104960573,2399.83,-0.6718631277722901,-0.2557142857142871,10.542857142857144,28.44,0.82,1.27,2325.0,-0.06021505350445138,860.22,1552691.4
2012-04-01,2012,4,Pre-Monsoon / Summer,Pre-Monsoon,0,Thiruvananthapuram,Oil Sardine,Sardinella longiceps,2.3,Prey (Small Pelagic),564645.9,1955,27422,288.82,30.52,77.2,5.0,1.47,1.52,0.98,1.207,288.82,155.96,0.5416,-38.463,0.402,0.8660254037844387,-0.4999999999999998,808.03,829.48,1070.36,902.6233333333333,902.6233333333333,145.65959506099597,902.6233333333333,-0.02585957436153289,0.2185714285714262,-12.207142857142856,29.29,1.05,0.79,2018.0,-0.03121902858662523,302.88,454923.2
2012-05-01,2012,5,Pre-Monsoon / Summer,Pre-Monsoon,0,Thiruvananthapuram,Oil Sardine,Sardinella longiceps,2.3,Prey (Small Pelagic),454923.2,1502,18652,302.88,30.32,246.6,6.3,1.7,1.64,1.33,0.927,302.88,213.27,0.7051,-57.396,0.472,0.49999999999999994,-0.8660254037844387,288.82,808.03,829.48,642.11,642.11,306.1460332913037,749.1725,-0.6425627681823353,0.19000000000000128,-14.457142857142884,30.52,1.52,0.98,1955.0,-0.2317135538019767,3618.89,1653832.6
2012-06-01,2012,6,Southwest Monsoon,Southwest Monsoon,1,Thiruvananthapuram,Oil Sardine,Sardinella longiceps,2.3,Prey (Small Pelagic),1653832.6,457,5557,3618.89,28.42,588.9,6.7,3.61,9.75,5.97,0.282,3618.89,589.74,0.1632,-2500.767,5.178,1.2246467991473532e-16,-1.0,302.88,288.82,808.03,466.57666666666665,466.57666666666665,295.79081296303536,659.914,0.04868083759155054,-0.1707142857142827,-80.82142857142867,30.32,1.64,1.33,1502.0,-0.6957390100150532,4966.53,2071043.2
2012-07-01,2012,7,Southwest Monsoon,Southwest Monsoon,1,Thiruvananthapuram,Oil Sardine,Sardinella longiceps,2.3,Prey (Small Pelagic),2071043.2,417,4205,4966.53,27.6,763.4,8.4,3.55,12.85,7.49,0.257,4966.53,583.3,0.1176,-3530.434,6.477,-0.4999999999999997,-0.8660254037844388,3618.89,302.88,288.82,1403.53,1403.53,1918.570918183636,1153.0766666666666,10.948262977143985,-0.08428571428571274,155.45000000000005,28.42,9.75,5.97,457.0,-0.0875273503823337,1971.17,3788597.8
2012-08-01,2012,8,Southwest Monsoon,Southwest Monsoon,0,Thiruvananthapuram,Oil Sardine,Sardinella longiceps,2.3,Prey (Small Pelagic),3788597.8,1922,27351,1971.17,26.74,289.1,6.5,2.51,9.81,5.42,1.186,1971.17,288.42,0.1468,-643.015,2.777,-0.8660254037844385,-0.5000000000000004,4966.53,3618.89,302.88,2962.7666666666664,2962.7666666666664,2400.0585830419495,1802.4383333333335,0.3723904280804599,-0.6371428571428552,-127.91428571428565,27.6,12.85,7.49,417.0,3.609112623282671,2933.44,6215966.0
2012-09-01,2012,9,Southwest Monsoon,Southwest Monsoon,0,Thiruvananthapuram,Oil Sardine,Sardinella longiceps,2.3,Prey (Small Pelagic),6215966.0,2119,23955,2933.44,27.84,330.7,5.8,1.86,8.89,5.16,1.308,2933.44,523.0,0.1786,-1782.971,4.333,-1.0,-1.8369701987210297e-16,1971.17,4966.53,3618.89,3518.8633333333332,3518.8633333333332,1500.1831164672303,1992.72,-0.6031092118579587,-0.1828571428571415,80.72142857142856,26.74,9.81,5.42,1922.0,0.10249739800989907,1311.53,2283366.8
2012-10-01,2012,10,Post-Monsoon,Post-Monsoon,0,Thiruvananthapuram,Oil Sardine,Sardinella longiceps,2.3,Prey (Small Pelagic),2283366.8,1741,17202,1311.53,28.49,328.5,3.6,1.19,1.08,1.61,1.075,1311.53,311.05,0.2377,-482.297,1.582,-0.8660254037844386,0.5000000000000001,2933.44,1971.17,4966.53,3290.3799999999997,3290.3799999999997,1529.248182964426,2346.955,0.48817199689437235,-0.3085714285714296,25.94285714285712,27.84,8.89,5.16,2119.0,-0.1783860303049267,1028.59,1879228.6
2012-11-01,2012,11,Post-Monsoon,Post-Monsoon,0,Thiruvananthapuram,Oil Sardine,Sardinella longiceps,2.3,Prey (Small Pelagic),1879228.6,1827,19188,1028.59,29.06,191.9,3.8,1.38,1.11,1.43,1.128,1028.59,256.42,0.25,-301.881,1.445,-0.5000000000000004,0.8660254037844384,1311.53,2933.44,1971.17,2072.0466666666666,2072.0466666666666,815.6470366729308,2517.4066666666668,-0.5529037561603314,0.04428571428571004,23.74285714285716,28.49,1.08,1.61,1741.0,0.04939689805056348,995.27,2208511.5
2012-12-01,2012,12,Winter / Post-Monsoon,Northeast/Dry,0,Thiruvananthapuram,Oil Sardine,Sardinella longiceps,2.3,Prey (Small Pelagic),2208511.5,2219,26792,995.27,28.23,36.7,3.8,0.69,1.12,0.96,1.37,995.27,228.12,0.23,-271.081,1.528,-2.4492935982947064e-16,1.0,1028.59,1311.53,2933.44,1757.8533333333332,1757.8533333333332,1027.87001563103,2638.358333333333,-0.21573276847854977,-0.26857142857143046,1.3214285714285765,29.06,1.11,1.43,1827.0,0.2145593857987992,792.54,1861683.9
2013-01-01,2013,1,Winter / Post-Monsoon,Northeast/Dry,0,Thiruvananthapuram,Oil Sardine,Sardinella longiceps,2.3,Prey (Small Pelagic),1861683.9,2349,29591,792.54,28.6,7.0,3.3,0.56,0.8,0.64,1.45,792.54,229.98,0.2911,-207.351,1.277,0.49999999999999994,0.8660254037844387,995.27,1028.59,1311.53,1070.36,1111.7966666666666,173.7745923123812,2201.088333333333,-0.032393859240378915,0.3235714285714302,-1.4571428571428573,28.23,1.12,0.96,2219.0,0.058584947910838445,862.12,1668194.7
2013-02-01,2013,2,Winter / Post-Monsoon,Northeast/Dry,0,Thiruvananthapuram,Oil Sardine,Sardinella longiceps,2.3,Prey (Small Pelagic),1668194.7,1935,23404,862.12,28.47,9.1,3.9,0.72,0.96,0.79,1.194,862.12,254.07,0.2955,-249.473,1.301,0.8660254037844386,0.5000000000000001,792.54,995.27,1028.59,829.48,938.7999999999998,127.7558073044082,1505.4233333333334,-0.20369346806702235,-0.18142857142857238,-1.557142857142857,28.6,0.8,0.64,2349.0,-0.17624520997767043,603.25,1322931.0
2013-03-01,2013,3,Pre-Monsoon / Summer,Pre-Monsoon,0,Thiruvananthapuram,Oil Sardine,Sardinella longiceps,2.3,Prey (Small Pelagic),1322931.0,2193,26612,603.25,29.4,25.6,3.6,1.1,1.21,1.11,1.354,603.25,245.18,0.4074,-150.946,0.87,1.0,6.123233995736766e-17,862.12,792.54,995.27,808.03,883.31,103.01274338644282,1320.5816666666667,0.08779367492121949,-0.13571428571428612,0.8642857142857139,28.47,0.96,0.79,1935.0,0.1333333326442722,423.94,864418.9
2013-04-01,2013,4,Pre-Monsoon / Summer,Pre-Monsoon,0,Thiruvananthapuram,Oil Sardine,Sardinella longiceps,2.3,Prey (Small Pelagic),864418.9,2039,28000,423.94,30.12,87.7,3.8,0.96,1.41,1.05,1.259,423.94,216.51,0.5119,-87.231,0.548,0.8660254037844387,-0.4999999999999998,603.25,862.12,792.54,288.82,752.6366666666667,133.9687509583281,932.2166666666668,-0.300271420448761,-0.18142857142857238,-1.7071428571428555,29.4,1.21,1.11,2193.0,-0.07022343789227797,615.85,1167644.0
2013-05-01,2013,5,Pre-Monsoon / Summer,Pre-Monsoon,0,Thiruvananthapuram,Oil Sardine,Sardinella longiceps,2.3,Prey (Small Pelagic),1167644.0,1896,23433,615.85,29.84,306.7,5.8,2.05,1.67,1.57,1.17,615.85,212.91,0.3468,-131.45,0.904,0.49999999999999994,-0.8660254037844387,423.94,603.25,862.12,302.88,629.77,220.29051477537857,784.2850000000002,-0.29723994534206477,-0.28999999999999915,45.64285714285711,30.12,1.41,1.05,2039.0,-0.07013241750793321,5804.15,2118516.1
2013-06-01,2013,6,Southwest Monsoon,Southwest Monsoon,1,Thiruvananthapuram,Oil Sardine,Sardinella longiceps,2.3,Prey (Small Pelagic),2118516.1,365,5126,5804.15,28.52,614.9,8.1,3.48,12.14,7.09,0.225,5804.15,679.76,0.1173,-4907.259,6.109,1.2246467991473532e-16,-1.0,615.85,423.94,603.25,3618.89,547.6800000000001,107.34701067100718,715.4950000000002,0.45268197262155097,-0.07071428571428484,-54.82142857142867,29.84,1.67,1.57,1896.0,-0.8074894472178826,4712.5,2186601.1
2013-07-01,2013,7,Southwest Monsoon,Southwest Monsoon,1,Thiruvananthapuram,Oil Sardine,Sardinella longiceps,2.3,Prey (Small Pelagic),2186601.1,464,5676,4712.5,27.7,587.9,8.5,4.07,12.71,7.2,0.286,4712.5,573.0,0.1218,-3281.095,6.103,-0.4999999999999997,-0.8660254037844388,5804.15,615.85,423.94,4966.53,2281.313333333333,3052.374648864935,1516.9750000000001,8.424616247063144,0.015714285714285126,-20.049999999999955,28.52,12.14,7.09,365.0,0.27123286928129126,3532.1,6848746.3
2013-08-01,2013,8,Southwest Monsoon,Southwest Monsoon,0,Thiruvananthapuram,Oil Sardine,Sardinella longiceps,2.3,Prey (Small Pelagic),6848746.3,1939,25343,3532.1,27.67,394.9,6.8,2.46,9.64,5.61,1.197,3532.1,460.71,0.1307,-1994.037,4.355,-0.8660254037844385,-0.5000000000000004,4712.5,5804.15,615.85,1971.17,3710.8333333333335,2735.345737897375,2170.3016666666667,-0.18808094176049728,0.29285714285714803,-22.1142857142857,27.7,12.71,7.2,464.0,3.1788792418344993,3106.86,5315844.7
2013-09-01,2013,9,Southwest Monsoon,Southwest Monsoon,0,Thiruvananthapuram,Oil Sardine,Sardinella longiceps,2.3,Prey (Small Pelagic),5315844.7,1711,20991,3106.86,28.29,274.4,5.3,2.11,7.48,4.2,1.056,3106.86,445.9,0.1438,-1732.744,3.646,-1.0,-1.8369701987210297e-16,3532.1,4712.5,5804.15,2933.44,4682.916666666667,1136.3138566581563,2615.2983333333336,-0.25048275808916126,0.2671428571428578,24.42142857142855,27.67,9.64,5.61,1939.0,-0.1175863841279712,873.59,1702636.1
2013-10-01,2013,10,Post-Monsoon,Post-Monsoon,0,Thiruvananthapuram,Oil Sardine,Sardinella longiceps,2.3,Prey (Small Pelagic),1702636.1,1949,27750,873.59,28.79,218.6,3.3,1.35,0.83,1.22,1.203,873.59,244.31,0.2805,-237.564,1.135,-0.8660254037844386,0.5000000000000001,3106.86,3532.1,4712.5,1311.53,3783.8199999999997,831.8907207079557,3032.566666666667,-0.12039296701567626,-0.008571428571428896,-83.95714285714288,28.29,7.48,4.2,1711.0,0.1390999407416719,886.08,1887340.9
2013-11-01,2013,11,Post-Monsoon,Post-Monsoon,0,Thiruvananthapuram,Oil Sardine,Sardinella longiceps,2.3,Prey (Small Pelagic),1887340.9,2130,26707,886.08,28.98,167.2,4.0,0.92,1.51,1.41,1.315,886.08,295.61,0.3344,-284.394,1.245,-0.5000000000000004,0.8660254037844384,873.59,3106.86,3532.1,1028.59,2504.1833333333334,1428.0522498961084,3107.5083333333337,-0.7188189982206503,-0.03571428571428825,-0.9571428571428555,28.79,0.83,1.22,1949.0,0.09286813702992233,1027.93,2111368.9
2013-12-01,2013,12,Winter / Post-Monsoon,Northeast/Dry,0,Thiruvananthapuram,Oil Sardine,Sardinella longiceps,2.3,Prey (Small Pelagic),2111368.9,2054,22178,1027.93,28.38,33.9,3.3,1.21,1.1,0.97,1.268,1027.93,239.1,0.2333,-294.19,1.524,-2.4492935982947064e-16,1.0,886.08,873.59,3106.86,995.27,1622.176666666667,1285.7886491306954,3152.5466666666666,0.014297324668353303,-0.11857142857143188,-1.4785714285714278,28.98,1.51,1.41,2130.0,-0.03568075100619365,953.46,1516955.1
2014-01-01,2014,1,Winter / Post-Monsoon,Northeast/Dry,0,Thiruvananthapuram,Oil Sardine,Sardinella longiceps,2.3,Prey (Small Pelagic),1516955.1,1591,17702,953.46,27.93,6.7,4.1,0.81,1.43,1.1,0.982,953.46,190.22,0.2003,-216.842,1.178,0.49999999999999994,0.8660254037844387,1027.93,886.08,873.59,792.54,929.2000000000002,85.73044791674492,2356.51,0.1600871235093093,-0.34642857142857153,-1.7571428571428571,28.38,1.1,0.97,2054.0,-0.22541382558221115,814.36,1521223.3
2014-02-01,2014,2,Winter / Post-Monsoon,Northeast/Dry,0,Thiruvananthapuram,Oil Sardine,Sardinella longiceps,2.3,Prey (Small Pelagic),1521223.3,1868,18692,814.36,28.56,14.5,4.2,0.7,1.42,1.22,1.153,814.36,227.03,0.2797,-203.098,1.165,0.8660254037844386,0.5000000000000001,953.46,1027.93,886.08,862.12,955.8233333333334,70.95452510826217,1730.0033333333338,-0.0724465666684836,-0.09142857142857252,3.8428571428571434,27.93,1.43,1.1,1591.0,0.17410433580072698,616.7,1034827.3
2014-03-01,2014,3,Pre-Monsoon / Summer,Pre-Monsoon,0,Thiruvananthapuram,Oil Sardine,Sardinella longiceps,2.3,Prey (Small Pelagic),1034827.3,1678,21859,616.7,29.3,19.8,3.7,1.28,1.04,1.05,1.036,616.7,187.4,0.305,-119.949,0.936,1.0,6.123233995736766e-17,814.36,953.46,1027.93,603.25,931.9166666666666,108.4025951411637,1277.0466666666669,-0.14588970543190377,-0.235714285714284,-4.935714285714287,28.56,1.42,1.22,1868.0,-0.1017130615539986,474.7,967441.9
2014-04-01,2014,4,Pre-Monsoon / Summer,Pre-Monsoon,0,Thiruvananthapuram,Oil Sardine,Sardinella longiceps,2.3,Prey (Small Pelagic),967441.9,2038,19545,474.7,30.0,79.0,3.3,1.27,1.04,0.61,1.258,474.7,199.46,0.4214,-94.357,0.688,0.8660254037844387,-0.4999999999999998,616.7,814.36,953.46,423.94,794.84,169.22646719708447,862.0200000000001,-0.24271820518298776,-0.3014285714285734,-10.407142857142858,29.3,1.04,1.05,1678.0,0.2145411191028539,327.29,682073.9
2014-05-01,2014,5,Pre-Monsoon / Summer,Pre-Monsoon,0,Thiruvananthapuram,Oil Sardine,Sardinella longiceps,2.3,Prey (Small Pelagic),682073.9,2084,22555,327.29,30.14,259.9,4.6,1.68,1.56,1.33,1.286,327.29,189.12,0.5791,-54.81,0.399,0.49999999999999994,-0.8660254037844387,474.7,616.7,814.36,615.85,635.2533333333333,170.5883892102257,795.5383333333335,-0.23025782016770205,0.010000000000001563,-1.157142857142901,30.0,1.04,0.61,2038.0,0.02257114807374314,4071.17,1705820.9
2014-06-01,2014,6,Southwest Monsoon,Southwest Monsoon,1,Thiruvananthapuram,Oil Sardine,Sardinella longiceps,2.3,Prey (Small Pelagic),1705820.9,419,5830,4071.17,28.69,480.4,8.4,3.2,12.56,7.11,0.259,4071.17,617.97,0.152,-2927.081,5.124,1.2246467991473532e-16,-1.0,327.29,474.7,616.7,5804.15,472.8966666666667,144.7134272738355,702.4066666666669,-0.3105329616487684,0.09928571428571686,-189.32142857142867,30.14,1.56,1.33,2084.0,-0.7989443339781941,3632.38,1362140.8
2014-07-01,2014,7,Southwest Monsoon,Southwest Monsoon,1,Thiruvananthapuram,Oil Sardine,Sardinella longiceps,2.3,Prey (Small Pelagic),1362140.8,375,5300,3632.38,27.65,509.6,7.9,3.39,11.67,6.62,0.231,3632.38,452.33,0.1248,-1975.742,4.774,-0.4999999999999997,-0.8660254037844388,4071.17,327.29,474.7,4712.5,1624.3866666666665,2120.2579883668254,1209.6133333333335,11.439029257263307,-0.034285714285715585,-98.34999999999991,28.69,12.56,7.11,419.0,-0.10501193066797303,2689.13,4840432.4
2014-08-01,2014,8,Southwest Monsoon,Southwest Monsoon,0,Thiruvananthapuram,Oil Sardine,Sardinella longiceps,2.3,Prey (Small Pelagic),4840432.4,1800,19449,2689.13,27.15,482.4,7.6,2.53,11.02,6.31,1.111,2689.13,325.81,0.1215,-1032.965,3.691,-0.8660254037844385,-0.5000000000000004,3632.38,4071.17,327.29,3532.1,2676.9466666666667,2046.6555656566486,1656.1000000000001,-0.10777982715587943,-0.2271428571428551,65.3857142857143,27.65,11.67,6.62,375.0,3.7999998986666697,2833.2,4416963.5
2014-09-01,2014,9,Southwest Monsoon,Southwest Monsoon,0,Thiruvananthapuram,Oil Sardine,Sardinella longiceps,2.3,Prey (Small Pelagic),4416963.5,1559,22079,2833.2,27.89,281.5,6.0,1.88,8.88,5.07,0.962,2833.2,420.36,0.1487,-1422.307,3.646,-1.0,-1.8369701987210297e-16,2689.13,3632.38,4071.17,3106.86,3464.226666666667,706.1977754378267,1968.5616666666667,-0.25967822678332597,-0.1328571428571408,31.521428571428572,27.15,11.02,6.31,1800.0,-0.13388888814506172,928.17,1909248.5
2014-10-01,2014,10,Post-Monsoon,Post-Monsoon,0,Thiruvananthapuram,Oil Sardine,Sardinella longiceps,2.3,Prey (Small Pelagic),1909248.5,2057,21946,928.17,28.72,355.1,3.9,1.19,1.1,1.49,1.27,928.17,238.9,0.2582,-247.283,1.263,-0.8660254037844386,0.5000000000000001,2833.2,2689.13,3632.38,873.59,3051.5699999999997,508.1281662139995,2337.9783333333335,0.05357494783229157,-0.07857142857142918,52.542857142857144,27.89,8.88,5.07,1559.0,0.3194355335507663,866.36,1890402.9
2014-11-01,2014,11,Post-Monsoon,Post-Monsoon,0,Thiruvananthapuram,Oil Sardine,Sardinella longiceps,2.3,Prey (Small Pelagic),1890402.9,2182,24267,866.36,28.96,190.7,3.2,1.03,0.73,1.19,1.347,866.36,270.9,0.3135,-258.555,1.068,-0.5000000000000004,0.8660254037844384,928.17,2833.2,2689.13,886.08,2150.1666666666665,1060.7289621921968,2413.556666666667,-0.6723951691642129,-0.055714285714287826,22.542857142857144,28.72,1.1,1.49,2057.0,0.060768108601030095,804.27,1520079.1
2014-12-01,2014,12,Winter / Post-Monsoon,Northeast/Dry,0,Thiruvananthapuram,Oil Sardine,Sardinella longiceps,2.3,Prey (Small Pelagic),1520079.1,1890,23931,804.27,28.65,30.7,3.1,1.4,1.27,0.95,1.167,804.27,256.95,0.3203,-227.854,1.158,-2.4492935982947064e-16,1.0,866.36,928.17,2833.2,1027.93,1542.5766666666666,1118.1397767870235,2503.401666666667,-0.06659340350804908,0.1514285714285677,-4.678571428571427,28.96,0.73,1.19,2182.0,-0.13382218087157569,361.94,876991.6
2015-01-01,2015,1,Winter / Post-Monsoon,Northeast/Dry,0,Thiruvananthapuram,Oil Sardine,Sardinella longiceps,2.3,Prey (Small Pelagic),876991.6,2423,23995,361.94,29.02,8.2,3.0,0.9,0.88,0.8,1.496,361.94,126.41,0.351,-40.584,0.436,0.49999999999999994,0.8660254037844387,804.27,866.36,928.17,953.46,866.2666666666668,61.95005273068282,1958.9183333333337,-0.07166766619341079,0.7435714285714283,-0.257142857142858,28.65,1.27,0.95,1890.0,0.28201058051846256,273.87,612095.3
2015-02-01,2015,2,Winter / Post-Monsoon,Northeast/Dry,0,Thiruvananthapuram,Oil Sardine,Sardinella longiceps,2.3,Prey (Small Pelagic),612095.3,2235,25625,273.87,29.64,7.2,3.4,1.03,1.17,0.81,1.38,273.87,121.43,0.4454,-26.945,0.368,0.8660254037844386,0.5000000000000001,361.94,804.27,866.36,814.36,677.5233333333333,275.06076098443094,1413.845,-0.5499769909361658,0.9885714285714293,-3.4571428571428564,29.02,0.88,0.8,2423.0,-0.07758976443421475,185.4,370051.2
2015-03-01,2015,3,Pre-Monsoon / Summer,Pre-Monsoon,0,Thiruvananthapuram,Oil Sardine,Sardinella longiceps,2.3,Prey (Small Pelagic),370051.2,1996,21097,185.4,29.9,21.0,4.6,1.43,1.96,1.08,1.232,185.4,107.59,0.5826,-13.836,0.26,1.0,6.123233995736766e-17,273.87,361.94,804.27,616.7,480.02666666666664,284.23473685201475,1011.3016666666668,-0.24332761664011668,0.3642857142857139,-3.7357142857142875,29.64,1.17,0.81,2235.0,-0.10693512256404866,138.19,263119.8
2015-04-01,2015,4,Pre-Monsoon / Summer,Pre-Monsoon,0,Thiruvananthapuram,Oil Sardine,Sardinella longiceps,2.3,Prey (Small Pelagic),263119.8,1904,23313,138.19,30.71,82.4,4.8,1.21,1.75,1.02,1.175,138.19,106.92,0.7753,-9.647,0.196,0.8660254037844387,-0.4999999999999998,185.4,273.87,361.94,474.7,273.7366666666667,88.27007552581955,570.0016666666668,-0.3230364653654484,0.4085714285714275,-7.007142857142853,29.9,1.96,1.08,1996.0,-0.04609218413781471,125.6,226583.8
2015-05-01,2015,5,Pre-Monsoon / Summer,Pre-Monsoon,0,Thiruvananthapuram,Oil Sardine,Sardinella longiceps,2.3,Prey (Small Pelagic),226583.8,1804,17753,125.6,30.46,286.9,5.5,1.76,1.95,1.51,1.114,125.6,65.65,0.5265,-3.277,0.163,0.49999999999999994,-0.8660254037844387,138.19,185.4,273.87,327.29,199.15333333333334,68.8776540928465,438.3383333333334,-0.25463860546717343,0.33000000000000185,25.8428571428571,30.71,1.75,1.02,1904.0,-0.052521008127515714,2390.87,939613.2
2015-06-01,2015,6,Southwest Monsoon,Southwest Monsoon,1,Thiruvananthapuram,Oil Sardine,Sardinella longiceps,2.3,Prey (Small Pelagic),939613.2,393,4051,2390.87,28.75,597.7,7.7,3.13,11.54,6.84,0.243,2390.87,359.71,0.1508,-958.322,2.79,1.2246467991473532e-16,-1.0,125.6,138.19,185.4,4071.17,149.73,31.526000380645044,314.8783333333335,-0.09110644105170847,0.15928571428571558,-72.0214285714286,30.46,1.95,1.51,1804.0,-0.7821507717175677,2268.68,1054935.1
2015-07-01,2015,7,Southwest Monsoon,Southwest Monsoon,1,Thiruvananthapuram,Oil Sardine,Sardinella longiceps,2.3,Prey (Small Pelagic),1054935.1,465,5968,2268.68,28.75,662.2,7.9,3.45,11.82,7.02,0.287,2268.68,357.02,0.1577,-889.154,2.863,-0.4999999999999997,-0.8660254037844388,2390.87,125.6,138.19,3632.38,884.8866666666667,1304.2350161045879,579.3116666666668,18.035587736020084,1.0657142857142858,54.250000000000114,28.75,11.54,6.84,393.0,0.18320610220849615,1857.57,3451369.5
2015-08-01,2015,8,Southwest Monsoon,Southwest Monsoon,0,Thiruvananthapuram,Oil Sardine,Sardinella longiceps,2.3,Prey (Small Pelagic),3451369.5,1858,26314,1857.57,28.29,360.8,7.1,3.14,10.16,5.72,1.147,1857.57,320.25,0.1728,-650.398,2.415,-0.8660254037844385,-0.5000000000000004,2268.68,2390.87,125.6,2689.13,1595.05,1274.046732227669,897.1016666666668,-0.05110691902484487,0.9128571428571455,-56.214285714285666,28.75,11.82,7.02,465.0,2.9956988603075514,1280.03,2516532.3
2015-09-01,2015,9,Southwest Monsoon,Southwest Monsoon,0,Thiruvananthapuram,Oil Sardine,Sardinella longiceps,2.3,Prey (Small Pelagic),2516532.3,1966,19352,1280.03,28.22,157.4,5.6,1.98,8.25,4.45,1.214,1280.03,250.57,0.1964,-339.209,2.052,-1.0,-1.8369701987210297e-16,1857.57,2268.68,2390.87,2833.2,2172.373333333333,279.3894289935395,1161.0516666666667,-0.18121109992942544,0.1971428571428575,-92.57857142857142,28.29,10.16,5.72,1858.0,0.05812701798639926,357.57,710491.5
2015-10-01,2015,10,Post-Monsoon,Post-Monsoon,0,Thiruvananthapuram,Oil Sardine,Sardinella longiceps,2.3,Prey (Small Pelagic),710491.5,1987,18966,357.57,29.74,336.7,3.8,1.21,0.92,1.24,1.227,357.57,119.83,0.337,-36.277,0.402,-0.8660254037844386,0.5000000000000001,1280.03,1857.57,2268.68,928.17,1802.0933333333335,496.6542570373637,1343.49,-0.3109115655888523,0.9414285714285704,34.14285714285711,28.22,8.25,4.45,1966.0,0.010681586924305255,270.27,409457.9
2015-11-01,2015,11,Post-Monsoon,Post-Monsoon,0,Thiruvananthapuram,Oil Sardine,Sardinella longiceps,2.3,Prey (Small Pelagic),409457.9,1515,18780,270.27,29.69,164.8,3.9,1.04,0.67,1.02,0.935,270.27,125.6,0.4667,-27.246,0.352,-0.5000000000000004,0.8660254037844384,357.57,1280.03,1857.57,866.36,1165.0566666666666,756.5805644697301,1380.0533333333333,-0.7206549790188123,0.6742857142857126,-3.357142857142833,29.74,0.92,1.24,1987.0,-0.2375440350400401,401.21,657582.4
2015-12-01,2015,12,Winter / Post-Monsoon,Northeast/Dry,0,Thiruvananthapuram,Oil Sardine,Sardinella longiceps,2.3,Prey (Small Pelagic),657582.4,1639,22444,401.21,29.24,30.8,3.9,1.35,1.33,1.01,1.012,401.21,107.44,0.2696,-38.099,0.51,-2.4492935982947064e-16,1.0,270.27,357.57,1280.03,804.27,635.9566666666666,559.4892014447956,1404.165,-0.24414799216522667,0.7414285714285676,-4.578571428571426,29.69,0.67,1.02,1515.0,0.0818481842782298,358.92,706361.9
2016-01-01,2016,1,Winter / Post-Monsoon,Northeast/Dry,0,Thiruvananthapuram,Oil Sardine,Sardinella longiceps,2.3,Prey (Small Pelagic),706361.9,1968,27463,358.92,28.92,10.5,4.4,1.39,0.9,0.9,1.215,358.92,115.9,0.3248,-36.04,0.432,0.49999999999999994,0.8660254037844387,401.21,270.27,357.57,361.94,343.01666666666665,66.67211211094971,1072.555,0.4844784665527634,0.6435714285714305,2.0428571428571427,29.24,1.33,1.01,1639.0,0.20073215252756466,331.09,655885.8
2016-02-01,2016,2,Winter / Post-Monsoon,Northeast/Dry,0,Thiruvananthapuram,Oil Sardine,Sardinella longiceps,2.3,Prey (Small Pelagic),655885.8,1981,23006,331.09,29.46,11.0,3.8,0.71,1.82,1.22,1.223,331.09,97.57,0.2968,-25.491,0.384,0.8660254037844386,0.5000000000000001,358.92,401.21,270.27,273.87,343.4666666666667,66.8238358172819,754.2616666666668,-0.10540614377991209,0.8085714285714296,0.3428571428571434,28.92,0.9,0.9,1968.0,0.006605691023345066,124.3,248358.0
2016-03-01,2016,3,Pre-Monsoon / Summer,Pre-Monsoon,0,Thiruvananthapuram,Oil Sardine,Sardinella longiceps,2.3,Prey (Small Pelagic),248358.0,1998,19479,124.3,30.34,24.9,3.2,1.25,1.08,0.72,1.233,124.3,58.93,0.4783,-2.668,0.163,1.0,6.123233995736766e-17,331.09,358.92,401.21,185.4,363.74,35.30761815815003,499.8483333333335,-0.07753816790543397,0.8042857142857152,0.16428571428571104,29.46,1.82,1.22,1981.0,0.008581524439265398,99.03,204396.1
2016-04-01,2016,4,Pre-Monsoon / Summer,Pre-Monsoon,0,Thiruvananthapuram,Oil Sardine,Sardinella longiceps,2.3,Prey (Small Pelagic),204396.1,2064,22272,99.03,30.77,112.4,4.8,1.11,0.83,0.61,1.274,99.03,46.37,0.4736,-0.659,0.15,0.8660254037844387,-0.4999999999999998,124.3,331.09,358.92,138.19,271.43666666666667,128.181614256238,307.2266666666668,-0.6245733599754338,0.4685714285714262,22.992857142857147,30.34,1.08,0.72,1998.0,0.03303303286770254,124.5,216633.5
2016-05-01,2016,5,Pre-Monsoon / Summer,Pre-Monsoon,0,Thiruvananthapuram,Oil Sardine,Sardinella longiceps,2.3,Prey (Small Pelagic),216633.5,1740,20018,124.5,30.76,262.9,4.8,1.6,1.27,1.11,1.074,124.5,40.92,0.334,-0.284,0.15,0.49999999999999994,-0.8660254037844387,99.03,124.3,331.09,125.6,184.80666666666664,127.31360270346188,264.1366666666668,-0.20329845508459732,0.6300000000000026,1.842857142857099,30.77,0.83,0.61,2064.0,-0.15697674342550025,1339.64,562647.1
2016-06-01,2016,6,Southwest Monsoon,Southwest Monsoon,1,Thiruvananthapuram,Oil Sardine,Sardinella longiceps,2.3,Prey (Small Pelagic),562647.1,420,5202,1339.64,29.39,849.2,7.9,3.17,11.56,7.31,0.259,1339.64,318.02,0.238,-424.326,1.76,1.2246467991473532e-16,-1.0,124.5,99.03,124.3,2390.87,115.94333333333333,14.647717683478465,239.8416666666668,0.2571947634863411,0.7992857142857162,179.4785714285714,30.76,1.27,1.11,1740.0,-0.7586206852952835,2361.6,961170.5
2016-07-01,2016,7,Southwest Monsoon,Southwest Monsoon,1,Thiruvananthapuram,Oil Sardine,Sardinella longiceps,2.3,Prey (Small Pelagic),961170.5,407,5442,2361.6,27.91,589.9,8.5,3.21,12.81,7.35,0.251,2361.6,257.12,0.1093,-691.205,2.739,-0.4999999999999997,-0.8660254037844388,1339.64,124.5,99.03,2268.68,521.0566666666667,709.028338949393,396.24666666666684,9.760159858621698,0.22571428571428598,-18.049999999999955,29.39,11.56,7.31,420.0,-0.03095238021541952,1590.04,2949527.7
2016-08-01,2016,8,Southwest Monsoon,Southwest Monsoon,0,Thiruvananthapuram,Oil Sardine,Sardinella longiceps,2.3,Prey (Small Pelagic),2949527.7,1855,22973,1590.04,27.83,580.7,7.4,2.58,11.52,6.65,1.145,1590.04,259.34,0.1636,-431.106,2.283,-0.8660254037844385,-0.5000000000000004,2361.6,1339.64,124.5,1857.57,1275.2466666666667,1119.9392744847087,730.0266666666668,0.7628616586332023,0.4528571428571446,163.68571428571437,27.91,12.81,7.35,407.0,3.557739470325812,1114.14,2478967.9
2016-09-01,2016,9,Southwest Monsoon,Southwest Monsoon,0,Thiruvananthapuram,Oil Sardine,Sardinella longiceps,2.3,Prey (Small Pelagic),2478967.9,2225,23878,1114.14,28.91,229.6,5.5,2.1,8.61,4.65,1.373,1114.14,235.87,0.2124,-267.934,1.431,-1.0,-1.8369701987210297e-16,1590.04,2361.6,1339.64,1280.03,1763.7600000000002,532.6673813929315,939.8516666666668,-0.32671070322361656,0.8871428571428588,-20.378571428571433,27.83,11.52,6.65,1855.0,0.19946091536678753,293.48,451668.5
2016-10-01,2016,10,Post-Monsoon,Post-Monsoon,0,Thiruvananthapuram,Oil Sardine,Sardinella longiceps,2.3,Prey (Small Pelagic),451668.5,1539,16818,293.48,29.49,345.5,4.2,1.19,0.78,1.41,0.95,293.48,97.26,0.3337,-21.194,0.384,-0.8660254037844386,0.5000000000000001,1114.14,1590.04,2361.6,357.57,1688.5933333333332,629.5424390248334,1104.825,-0.299300644642269,0.6914285714285704,42.94285714285712,28.91,8.61,4.65,2225.0,-0.3083146053558894,367.01,807047.9
2016-11-01,2016,11,Post-Monsoon,Post-Monsoon,0,Thiruvananthapuram,Oil Sardine,Sardinella longiceps,2.3,Prey (Small Pelagic),807047.9,2199,24415,367.01,29.58,126.2,3.5,1.23,1.56,1.22,1.357,367.01,87.05,0.2393,-25.567,0.491,-0.5000000000000004,0.8660254037844384,293.48,1114.14,1590.04,270.27,999.2200000000003,655.8749219172835,1137.2333333333333,-0.7365860597717876,0.5642857142857096,-41.95714285714284,29.49,0.78,1.41,1539.0,0.428849899747564,565.92,1213330.2
2016-12-01,2016,12,Winter / Post-Monsoon,Northeast/Dry,0,Thiruvananthapuram,Oil Sardine,Sardinella longiceps,2.3,Prey (Small Pelagic),1213330.2,2144,25177,565.92,28.77,38.4,3.1,0.77,1.57,1.13,1.323,565.92,109.99,0.1958,-63.029,0.721,-2.4492935982947064e-16,1.0,367.01,293.48,1114.14,401.21,591.5433333333335,454.0728160034864,1177.6516666666669,0.250545173417433,0.2714285714285687,3.0214285714285722,29.58,1.56,1.22,2199.0,-0.025011368690262076,627.87,1353685.1
2017-01-01,2017,1,Winter / Post-Monsoon,Northeast/Dry,0,Thiruvananthapuram,Oil Sardine,Sardinella longiceps,2.3,Prey (Small Pelagic),1353685.1,2156,26069,627.87,28.0,8.8,4.8,0.85,1.34,1.04,1.331,627.87,178.91,0.2861,-117.531,0.981,0.49999999999999994,0.8660254037844387,565.92,367.01,293.48,358.92,408.80333333333346,140.9464452667608,1048.6983333333335,0.5419743183571478,-0.27642857142857125,0.3428571428571434,28.77,1.57,1.13,2144.0,0.005597014899267654,674.69,1277192.5
2017-02-01,2017,2,Winter / Post-Monsoon,Northeast/Dry,0,Thiruvananthapuram,Oil Sardine,Sardinella longiceps,2.3,Prey (Small Pelagic),1277192.5,1893,26265,674.69,28.0,9.5,3.0,1.03,1.0,0.86,1.169,674.69,178.38,0.2655,-130.84,0.912,0.8660254037844386,0.5000000000000001,627.87,565.92,367.01,331.09,520.2666666666668,136.2907004653509,759.7433333333335,0.10946776736168076,-0.6514285714285712,-1.1571428571428566,28.0,1.34,1.04,2156.0,-0.12198515713364953,373.83,730836.0
2017-03-01,2017,3,Pre-Monsoon / Summer,Pre-Monsoon,0,Thiruvananthapuram,Oil Sardine,Sardinella longiceps,2.3,Prey (Small Pelagic),730836.0,1955,26492,373.83,29.51,26.0,2.9,1.4,0.69,0.59,1.207,373.83,170.36,0.4572,-59.592,0.575,1.0,6.123233995736766e-17,674.69,627.87,565.92,124.3,622.8266666666668,54.56010111185652,607.1850000000002,0.07456957531703107,-0.025714285714283136,1.2642857142857125,28.0,1.0,0.86,1893.0,0.032752244940558665,279.48,591384.0
2017-04-01,2017,4,Pre-Monsoon / Summer,Pre-Monsoon,0,Thiruvananthapuram,Oil Sardine,Sardinella longiceps,2.3,Prey (Small Pelagic),591384.0,2116,23561,279.48,30.32,91.4,4.9,1.34,1.15,0.84,1.306,279.48,132.26,0.4751,-30.618,0.364,0.8660254037844387,-0.4999999999999998,373.83,674.69,627.87,99.03,558.7966666666667,161.88739584456852,483.8000000000002,-0.44592330631959415,0.018571428571426907,1.9928571428571473,29.51,0.69,0.59,1955.0,0.08235294075522792,427.52,831949.8
2017-05-01,2017,5,Pre-Monsoon / Summer,Pre-Monsoon,0,Thiruvananthapuram,Oil Sardine,Sardinella longiceps,2.3,Prey (Small Pelagic),831949.8,1946,27255,427.52,30.15,279.4,5.4,1.68,2.27,1.8,1.201,427.52,162.64,0.3819,-62.435,0.568,0.49999999999999994,-0.8660254037844387,279.48,373.83,674.69,124.5,442.6666666666668,206.40155288499173,481.46666666666675,-0.2523874420889858,0.019999999999999574,18.3428571428571,30.32,1.15,0.84,2116.0,-0.08034026427060366,2753.87,1167638.9
2017-06-01,2017,6,Southwest Monsoon,Southwest Monsoon,1,Thiruvananthapuram,Oil Sardine,Sardinella longiceps,2.3,Prey (Small Pelagic),1167638.9,424,5600,2753.87,28.32,699.7,7.4,3.31,10.54,6.43,0.262,2753.87,427.39,0.1555,-1340.866,4.049,1.2246467991473532e-16,-1.0,427.52,279.48,373.83,1339.64,360.2766666666668,74.9448466095971,491.5516666666668,0.5296979916381138,-0.27071428571428413,29.9785714285714,30.15,2.27,1.8,1946.0,-0.782117159393026,2733.75,1252057.9
2017-07-01,2017,7,Southwest Monsoon,Southwest Monsoon,1,Thiruvananthapuram,Oil Sardine,Sardinella longiceps,2.3,Prey (Small Pelagic),1252057.9,458,4590,2733.75,27.31,754.8,8.0,3.63,11.98,7.23,0.283,2733.75,309.75,0.1136,-984.043,3.764,-0.4999999999999997,-0.8660254037844388,2753.87,427.52,279.48,2361.6,1153.6233333333334,1387.829602665016,856.21,5.441499685593664,-0.37428571428571544,146.85000000000002,28.32,10.54,6.43,424.0,0.08018867735404063,2371.11,4642640.0
2017-08-01,2017,8,Southwest Monsoon,Southwest Monsoon,0,Thiruvananthapuram,Oil Sardine,Sardinella longiceps,2.3,Prey (Small Pelagic),4642640.0,1958,19623,2371.11,27.17,374.5,6.9,2.58,10.15,5.8,1.209,2371.11,255.07,0.108,-725.824,2.874,-0.8660254037844385,-0.5000000000000004,2733.75,2753.87,427.52,1590.04,1971.7133333333334,1337.348492964095,1207.1900000000003,-0.007306081959910624,-0.20714285714285197,-42.51428571428568,27.31,11.98,7.23,458.0,3.2751090987967446,1453.22,2915164.0
2017-09-01,2017,9,Southwest Monsoon,Southwest Monsoon,0,Thiruvananthapuram,Oil Sardine,Sardinella longiceps,2.3,Prey (Small Pelagic),2915164.0,2006,21965,1453.22,27.51,259.9,4.6,1.83,6.63,3.98,1.238,1453.22,225.51,0.1558,-368.514,2.065,-1.0,-1.8369701987210297e-16,2371.11,2733.75,2753.87,1114.14,2619.5766666666664,215.41347899640712,1489.926666666667,-0.1326529487603001,-0.5128571428571398,9.92142857142855,27.17,10.15,5.8,1958.0,0.02451481090646164,777.5,1614876.2
2017-10-01,2017,10,Post-Monsoon,Post-Monsoon,0,Thiruvananthapuram,Oil Sardine,Sardinella longiceps,2.3,Prey (Small Pelagic),1614876.2,2077,27963,777.5,28.83,351.2,4.0,1.19,1.26,1.85,1.282,777.5,233.01,0.3006,-189.03,0.997,-0.8660254037844386,0.5000000000000001,1453.22,2371.11,2733.75,293.48,2186.026666666667,660.0235983912512,1669.825,-0.38711405043581254,0.03142857142857025,48.64285714285711,27.51,6.63,3.98,2006.0,0.03539381836792713,640.49,1474396.5
2017-11-01,2017,11,Post-Monsoon,Post-Monsoon,0,Thiruvananthapuram,Oil Sardine,Sardinella longiceps,2.3,Prey (Small Pelagic),1474396.5,2302,28986,640.49,28.83,165.9,3.6,0.81,1.56,1.44,1.421,640.49,193.04,0.3025,-126.263,1.011,-0.5000000000000004,0.8660254037844384,777.5,1453.22,2371.11,367.01,1533.9433333333336,799.8658640255476,1752.8283333333336,-0.46498121093171574,-0.18571428571429038,-2.2571428571428385,28.83,1.26,1.85,2077.0,0.1083293206146879,747.12,1492737.5
2017-12-01,2017,12,Winter / Post-Monsoon,Northeast/Dry,0,Thiruvananthapuram,Oil Sardine,Sardinella longiceps,2.3,Prey (Small Pelagic),1492737.5,1998,20791,747.12,28.38,35.8,4.1,1.03,1.28,0.89,1.233,747.12,184.12,0.2474,-154.014,0.966,-2.4492935982947064e-16,1.0,640.49,777.5,1453.22,565.92,957.0700000000002,435.10521934355415,1788.3233333333335,-0.17621864725120712,-0.11857142857143188,0.4214285714285708,28.83,1.56,1.44,2302.0,-0.13205907848801443,703.14,1653073.9
2018-01-01,2018,1,Winter / Post-Monsoon,Northeast/Dry,0,Thiruvananthapuram,Oil Sardine,Sardinella longiceps,2.3,Prey (Small Pelagic),1653073.9,2351,32458,703.14,28.27,10.0,2.7,1.2,1.45,1.1,1.451,703.14,165.23,0.2361,-126.243,0.942,0.49999999999999994,0.8660254037844387,747.12,640.49,777.5,627.87,721.7033333333335,71.95443164486606,1453.8650000000005,0.16648190968661633,-0.006428571428571672,1.5428571428571427,28.38,1.28,0.89,1998.0,0.17667667579240903,840.79,1427655.0
2018-02-01,2018,2,Winter / Post-Monsoon,Northeast/Dry,0,Thiruvananthapuram,Oil Sardine,Sardinella longiceps,2.3,Prey (Small Pelagic),1427655.0,1698,19752,840.79,28.61,10.6,3.6,1.21,1.27,1.09,1.048,840.79,183.97,0.2197,-177.457,1.089,0.8660254037844386,0.5000000000000001,703.14,747.12,640.49,674.69,696.9166666666669,53.586720680927144,1115.4300000000003,-0.05886604482725609,-0.041428571428571814,-0.05714285714285694,28.27,1.45,1.1,2351.0,-0.2777541459899866,573.17,945722.6
2018-03-01,2018,3,Pre-Monsoon / Summer,Pre-Monsoon,0,Thiruvananthapuram,Oil Sardine,Sardinella longiceps,2.3,Prey (Small Pelagic),945722.6,1650,18505,573.17,29.04,28.4,3.3,1.28,0.59,0.84,1.019,573.17,163.96,0.2873,-97.401,0.671,1.0,6.123233995736766e-17,840.79,703.14,747.12,373.83,763.6833333333334,70.30390197802458,860.3766666666669,0.1957647097908708,-0.49571428571428555,3.664285714285711,28.61,1.27,1.09,1698.0,-0.028268551070267663,258.99,494920.8
2018-04-01,2018,4,Pre-Monsoon / Summer,Pre-Monsoon,0,Thiruvananthapuram,Oil Sardine,Sardinella longiceps,2.3,Prey (Small Pelagic),494920.8,1911,27033,258.99,30.26,81.9,4.3,1.2,0.71,0.76,1.18,258.99,111.67,0.4334,-22.662,0.354,0.8660254037844387,-0.4999999999999998,573.17,840.79,703.14,279.48,705.7000000000002,133.82836508006207,713.7016666666668,-0.31829588460500385,-0.041428571428571814,-7.507142857142853,29.04,0.59,0.84,1650.0,0.1581818172231405,306.47,647565.9
2018-05-01,2018,5,Pre-Monsoon / Summer,Pre-Monsoon,0,Thiruvananthapuram,Oil Sardine,Sardinella longiceps,2.3,Prey (Small Pelagic),647565.9,2113,29150,306.47,30.11,262.5,5.3,2.23,1.57,1.43,1.304,306.47,125.92,0.4128,-31.218,0.43,0.49999999999999994,-0.8660254037844387,258.99,573.17,840.79,427.52,557.6500000000001,291.210341162539,627.2833333333334,-0.5481445199828232,-0.019999999999999574,1.4428571428571217,30.26,0.71,0.76,1911.0,0.10570381943640074,3447.87,1513614.9
2018-06-01,2018,6,Southwest Monsoon,Southwest Monsoon,1,Thiruvananthapuram,Oil Sardine,Sardinella longiceps,2.3,Prey (Small Pelagic),1513614.9,439,4979,3447.87,28.5,809.8,8.3,3.6,12.39,7.72,0.271,3447.87,462.72,0.1345,-1838.856,4.457,1.2246467991473532e-16,-1.0,306.47,258.99,573.17,2753.87,379.5433333333335,169.3577637232368,571.6133333333335,0.18332753452536651,-0.09071428571428442,140.0785714285713,30.11,1.57,1.43,2113.0,-0.7922385196770538,3109.17,1181485.3
2018-07-01,2018,7,Southwest Monsoon,Southwest Monsoon,1,Thiruvananthapuram,Oil Sardine,Sardinella longiceps,2.3,Prey (Small Pelagic),1181485.3,380,5218,3109.17,27.37,723.8,8.4,3.15,12.79,7.59,0.235,3109.17,360.66,0.1163,-1308.208,3.89,-0.4999999999999997,-0.8660254037844388,3447.87,306.47,258.99,2733.75,1337.7766666666669,1827.5486297588186,1021.7383333333333,10.250268859912262,-0.31428571428571317,115.85000000000002,28.5,12.39,7.72,439.0,-0.13439635229165486,2120.04,3353907.8
2018-08-01,2018,8,Southwest Monsoon,Southwest Monsoon,0,Thiruvananthapuram,Oil Sardine,Sardinella longiceps,2.3,Prey (Small Pelagic),3353907.8,1582,17409,2120.04,27.42,371.4,7.8,2.58,10.79,6.05,0.977,2120.04,267.56,0.1266,-647.475,3.091,-0.8660254037844385,-0.5000000000000004,3109.17,3447.87,306.47,2371.11,2287.8366666666666,1724.2505106084022,1422.7433333333336,-0.09823456192305806,0.042857142857148034,-45.6142857142857,27.37,12.79,7.59,380.0,3.1631578114958474,2321.0,3980507.5
2018-09-01,2018,9,Southwest Monsoon,Southwest Monsoon,0,Thiruvananthapuram,Oil Sardine,Sardinella longiceps,2.3,Prey (Small Pelagic),3980507.5,1715,20317,2321.0,27.8,240.5,6.3,2.6,9.52,5.12,1.059,2321.0,302.37,0.1307,-834.537,3.009,-1.0,-1.8369701987210297e-16,2120.04,3109.17,3447.87,1453.22,2892.3600000000006,689.9551139748166,1635.9516666666668,-0.3181331341865092,-0.22285714285714064,-9.478571428571428,27.42,10.79,6.05,1582.0,0.08407079592875603,564.0,1073289.9
2018-10-01,2018,10,Post-Monsoon,Post-Monsoon,0,Thiruvananthapuram,Oil Sardine,Sardinella longiceps,2.3,Prey (Small Pelagic),1073289.9,1903,18284,564.0,28.71,262.1,4.3,1.09,1.58,1.63,1.175,564.0,184.3,0.328,-101.509,1.057,-0.8660254037844386,0.5000000000000001,2321.0,2120.04,3109.17,777.5,2516.7366666666667,522.8089242097308,1927.256666666667,0.09479066387997084,-0.08857142857142719,-40.457142857142856,27.8,9.52,5.12,1715.0,0.10962099061445486,593.63,1294116.3
2018-11-01,2018,11,Post-Monsoon,Post-Monsoon,0,Thiruvananthapuram,Oil Sardine,Sardinella longiceps,2.3,Prey (Small Pelagic),1294116.3,2180,29347,593.63,29.05,194.9,4.2,0.85,1.39,1.5,1.346,593.63,189.69,0.3207,-112.291,0.797,-0.5000000000000004,0.8660254037844384,564.0,2321.0,2120.04,640.49,1668.346666666667,961.656071853829,1978.091666666667,-0.7570012892847854,0.03428571428571203,26.74285714285716,28.71,1.58,1.63,1903.0,0.1455596419045736,601.95,1321881.5
2018-12-01,2018,12,Winter / Post-Monsoon,Northeast/Dry,0,Thiruvananthapuram,Oil Sardine,Sardinella longiceps,2.3,Prey (Small Pelagic),1321881.5,2196,20917,601.95,28.57,36.0,3.8,1.29,1.15,1.05,1.356,601.95,152.47,0.2545,-95.232,0.816,-2.4492935982947064e-16,1.0,593.63,564.0,2321.0,747.12,1159.5433333333335,1005.9600765603657,2025.9516666666668,0.05253546006142801,0.0714285714285694,0.6214285714285737,29.05,1.39,1.5,2180.0,0.007339449507617203,469.02,1068889.0
2019-01-01,2019,1,Winter / Post-Monsoon,Northeast/Dry,0,Thiruvananthapuram,Oil Sardine,Sardinella longiceps,2.3,Prey (Small Pelagic),1068889.0,2279,23070,469.02,28.24,9.3,3.2,0.85,0.38,0.53,1.407,469.02,114.86,0.2465,-53.79,0.626,0.49999999999999994,0.8660254037844387,601.95,593.63,564.0,703.14,586.5266666666668,19.94727132560224,1551.631666666667,0.014015463941925797,-0.03642857142857281,0.8428571428571434,28.57,1.15,1.05,2196.0,0.0377959925419126,618.46,1122502.4
2019-02-01,2019,2,Winter / Post-Monsoon,Northeast/Dry,0,Thiruvananthapuram,Oil Sardine,Sardinella longiceps,2.3,Prey (Small Pelagic),1122502.4,1815,17566,618.46,28.35,10.7,3.2,0.5,1.0,0.82,1.12,618.46,128.63,0.2093,-86.178,0.71,0.8660254037844386,0.5000000000000001,469.02,601.95,593.63,840.79,554.8666666666668,74.4616897024048,1111.6066666666668,-0.2208322913725013,-0.3014285714285698,0.042857142857142705,28.24,0.38,0.53,2279.0,-0.20359806843528708,402.37,608781.5
2019-03-01,2019,3,Pre-Monsoon / Summer,Pre-Monsoon,0,Thiruvananthapuram,Oil Sardine,Sardinella longiceps,2.3,Prey (Small Pelagic),608781.5,1513,20883,402.37,29.51,23.6,4.0,1.27,1.01,0.82,0.934,402.37,135.92,0.3394,-50.465,0.477,1.0,6.123233995736766e-17,618.46,469.02,601.95,573.17,563.1433333333334,81.93013141291313,861.3433333333334,0.3186218003790501,-0.025714285714283136,-1.1357142857142861,28.35,1.0,0.82,1815.0,-0.16639118365624692,144.39,327194.8
2019-04-01,2019,4,Pre-Monsoon / Summer,Pre-Monsoon,0,Thiruvananthapuram,Oil Sardine,Sardinella longiceps,2.3,Prey (Small Pelagic),327194.8,2266,22346,144.39,30.4,119.2,3.7,1.13,1.21,0.89,1.399,144.39,96.13,0.6681,-8.671,0.173,0.8660254037844387,-0.4999999999999998,402.37,618.46,469.02,258.99,496.61666666666684,110.65669448043913,541.5716666666668,-0.34940011723635944,0.0985714285714252,29.792857142857144,29.51,1.01,0.82,1513.0,0.49768671184608915,280.63,415608.6
2019-05-01,2019,5,Pre-Monsoon / Summer,Pre-Monsoon,0,Thiruvananthapuram,Oil Sardine,Sardinella longiceps,2.3,Prey (Small Pelagic),415608.6,1481,15931,280.63,30.02,249.7,4.9,2.33,1.41,1.37,0.914,280.63,123.16,0.4409,-27.289,0.342,0.49999999999999994,-0.8660254037844387,144.39,402.37,618.46,306.47,388.4066666666668,237.3432582428608,471.6366666666668,-0.6411511633284996,-0.10999999999999943,-11.35714285714289,30.4,1.21,0.89,2266.0,-0.3464254177121561,2103.6,875098.2
2019-06-01,2019,6,Southwest Monsoon,Southwest Monsoon,1,Thiruvananthapuram,Oil Sardine,Sardinella longiceps,2.3,Prey (Small Pelagic),875098.2,416,4937,2103.6,28.94,709.7,7.6,3.51,11.95,7.12,0.257,2103.6,407.78,0.1942,-916.601,2.918,1.2246467991473532e-16,-1.0,280.63,144.39,402.37,3447.87,275.7966666666668,129.05789760157015,419.4700000000001,0.9435555825503441,0.34928571428571686,39.9785714285714,30.02,1.41,1.37,1481.0,-0.7191087054752957,1949.91,698066.8
2019-07-01,2019,7,Southwest Monsoon,Southwest Monsoon,1,Thiruvananthapuram,Oil Sardine,Sardinella longiceps,2.3,Prey (Small Pelagic),698066.8,358,4067,1949.91,27.38,552.8,7.6,3.78,11.7,6.77,0.221,1949.91,233.38,0.1201,-503.512,2.874,-0.4999999999999997,-0.8660254037844388,2103.6,280.63,144.39,3109.17,842.8733333333334,1093.944299511331,669.7450000000002,6.495990931262127,-0.30428571428571516,-55.14999999999998,28.94,11.95,7.12,416.0,-0.13942307357156075,1005.62,2022300.9
2019-08-01,2019,8,Southwest Monsoon,Southwest Monsoon,0,Thiruvananthapuram,Oil Sardine,Sardinella longiceps,2.3,Prey (Small Pelagic),2022300.9,2011,20327,1005.62,26.7,444.6,6.7,2.69,10.05,5.66,1.241,1005.62,148.93,0.1489,-143.277,1.413,-0.8660254037844385,-0.5000000000000004,1949.91,2103.6,280.63,2120.04,1444.7133333333334,1011.050275324297,916.5600000000003,-0.07306046742222626,-0.6771428571428544,27.585714285714346,27.38,11.7,6.77,358.0,4.617318306778818,1582.49,3707778.6
2019-09-01,2019,9,Southwest Monsoon,Southwest Monsoon,0,Thiruvananthapuram,Oil Sardine,Sardinella longiceps,2.3,Prey (Small Pelagic),3707778.6,2343,28784,1582.49,27.72,214.5,6.0,1.72,9.15,4.88,1.446,1582.49,227.42,0.1443,-399.941,2.168,-1.0,-1.8369701987210297e-16,1005.62,1949.91,2103.6,2321.0,1686.3766666666668,594.5396399175893,981.0866666666669,-0.48427363065847334,-0.3028571428571425,-35.47857142857143,26.7,10.05,5.66,2011.0,0.16509199321187473,553.23,1197736.1
2019-10-01,2019,10,Post-Monsoon,Post-Monsoon,0,Thiruvananthapuram,Oil Sardine,Sardinella longiceps,2.3,Prey (Small Pelagic),1197736.1,2165,23531,553.23,28.86,279.9,4.5,1.38,1.3,1.3,1.336,553.23,152.91,0.2777,-83.624,0.745,-0.8660254037844386,0.5000000000000001,1582.49,1005.62,1949.91,564.0,1512.6733333333334,476.0007103286054,1177.7733333333335,0.5736461031637586,0.06142857142857139,-22.6571428571429,27.72,9.15,4.88,2343.0,-0.07597097705518148,694.16,1298086.3
2019-11-01,2019,11,Post-Monsoon,Post-Monsoon,0,Thiruvananthapuram,Oil Sardine,Sardinella longiceps,2.3,Prey (Small Pelagic),1298086.3,1870,22328,694.16,28.63,168.1,4.0,0.89,1.09,1.17,1.154,694.16,124.25,0.1802,-94.874,0.818,-0.5000000000000004,0.8660254037844384,553.23,1582.49,1005.62,593.63,1047.1133333333335,515.8830385206876,1245.9133333333336,-0.6504053696996166,-0.3857142857142897,-0.057142857142849834,28.86,1.3,1.3,2165.0,-0.13625865987871288,508.57,1097497.3
2019-12-01,2019,12,Winter / Post-Monsoon,Northeast/Dry,0,Thiruvananthapuram,Oil Sardine,Sardinella longiceps,2.3,Prey (Small Pelagic),1097497.3,2158,30768,508.57,28.04,36.2,3.2,1.21,0.73,0.49,1.332,508.57,124.72,0.2467,-65.792,0.57,-2.4492935982947064e-16,1.0,694.16,553.23,1582.49,601.95,943.2933333333334,558.0274188902703,1314.8350000000003,0.25474033847151556,-0.45857142857143174,0.8214285714285765,28.63,1.09,1.17,1870.0,0.15401069436357917,618.48,1265418.1
2020-01-01,2020,1,Winter / Post-Monsoon,Northeast/Dry,0,Thiruvananthapuram,Oil Sardine,Sardinella longiceps,2.3,Prey (Small Pelagic),1265418.1,2046,19516,618.48,27.64,9.1,3.8,1.27,1.01,0.98,1.263,618.48,148.39,0.2412,-96.893,0.919,0.49999999999999994,0.8660254037844387,508.57,694.16,553.23,469.02,585.3200000000002,96.86711567918181,1048.996666666667,-0.2673591064400267,-0.6364285714285707,0.6428571428571423,28.04,0.73,0.49,2158.0,-0.05189990708109403,895.27,1807549.1
2020-02-01,2020,2,Winter / Post-Monsoon,Northeast/Dry,0,Thiruvananthapuram,Oil Sardine,Sardinella longiceps,2.3,Prey (Small Pelagic),1807549.1,2019,26329,895.27,28.37,12.4,4.2,0.93,0.97,1.12,1.246,895.27,155.8,0.1749,-167.672,1.066,0.8660254037844386,0.5000000000000001,618.48,508.57,694.16,618.46,607.0700000000002,93.31962869623938,827.0916666666668,0.21611577135663196,-0.28142857142857025,1.7428571428571438,27.64,1.01,0.98,2046.0,-0.013196480873917494,320.72,248558.7
2020-03-01,2020,3,Pre-Monsoon / Summer,Pre-Monsoon,0,Thiruvananthapuram,Oil Sardine,Sardinella longiceps,2.3,Prey (Small Pelagic),248558.7,775,7649,320.72,29.62,23.2,3.3,1.03,0.65,0.53,0.478,320.72,177.26,0.5541,-51.742,0.406,1.0,6.123233995736766e-17,895.27,618.48,508.57,402.37,674.1066666666669,199.2610524747304,808.7000000000002,0.44753265348058696,0.0842857142857163,-1.5357142857142883,28.37,0.97,1.12,2019.0,-0.6161466041795611,300.52,211567.2
2020-04-01,2020,4,Pre-Monsoon / Summer,Pre-Monsoon,0,Thiruvananthapuram,Oil Sardine,Sardinella longiceps,2.3,Prey (Small Pelagic),211567.2,704,9074,300.52,30.09,81.4,3.7,1.11,0.99,0.94,0.435,300.52,172.96,0.5769,-45.548,0.463,0.8660254037844387,-0.4999999999999998,320.72,895.27,618.48,144.39,611.4900000000001,287.33877340171824,598.4050000000002,-0.6417616960049851,-0.21142857142857352,-8.007142857142853,29.62,0.65,0.53,775.0,-0.0916129020437045,543.52,366878.9
2020-05-01,2020,5,Pre-Monsoon / Summer,Pre-Monsoon,0,Thiruvananthapuram,Oil Sardine,Sardinella longiceps,2.3,Prey (Small Pelagic),366878.9,675,9539,543.52,29.6,302.9,5.7,2.1,1.67,1.88,0.417,543.52,212.18,0.3915,-110.849,0.801,0.49999999999999994,-0.8660254037844387,300.52,320.72,895.27,280.63,505.5033333333335,337.6989055850454,556.2866666666669,-0.06298328563908452,-0.5299999999999976,41.8428571428571,30.09,0.99,0.94,704.0,-0.04119318123305141,3820.88,1459577.6
2020-06-01,2020,6,Southwest Monsoon,Southwest Monsoon,1,Thiruvananthapuram,Oil Sardine,Sardinella longiceps,2.3,Prey (Small Pelagic),1459577.6,382,4494,3820.88,28.27,668.3,8.4,3.53,12.23,7.34,0.236,3820.88,531.5,0.1393,-2369.219,4.942,1.2246467991473532e-16,-1.0,543.52,300.52,320.72,2103.6,388.2533333333335,134.84366256275257,531.1800000000003,0.8085984024824172,-0.32071428571428484,-1.4214285714286916,29.6,1.67,1.88,675.0,-0.43407406764334716,2853.13,987183.7
2020-07-01,2020,7,Southwest Monsoon,Southwest Monsoon,1,Thiruvananthapuram,Oil Sardine,Sardinella longiceps,2.3,Prey (Small Pelagic),987183.7,346,3938,2853.13,27.18,358.8,8.4,3.39,12.12,6.65,0.214,2853.13,335.47,0.1179,-1130.818,3.546,-0.4999999999999997,-0.8660254037844388,3820.88,543.52,300.52,1949.91,1554.9733333333334,1966.090541285761,1083.2316666666668,6.029879194328099,-0.5042857142857144,-249.14999999999992,28.27,12.23,7.34,382.0,-0.0942408352292975,2318.01,3319390.8
2020-08-01,2020,8,Southwest Monsoon,Southwest Monsoon,0,Thiruvananthapuram,Oil Sardine,Sardinella longiceps,2.3,Prey (Small Pelagic),3319390.8,1432,20691,2318.01,27.4,511.6,6.8,3.21,10.49,6.12,0.884,2318.01,319.95,0.1384,-846.683,3.444,-0.8660254037844385,-0.5000000000000004,2853.13,3820.88,543.52,1005.62,2405.8433333333337,1683.841193234486,1455.6733333333339,-0.2532793485969741,0.022857142857144908,94.58571428571435,27.18,12.12,6.65,346.0,3.1387282329847332,2076.13,4501051.9
2020-09-01,2020,9,Southwest Monsoon,Southwest Monsoon,0,Thiruvananthapuram,Oil Sardine,Sardinella longiceps,2.3,Prey (Small Pelagic),4501051.9,2168,29565,2076.13,27.34,251.7,5.2,2.4,7.92,4.48,1.338,2076.13,228.82,0.1106,-587.346,2.503,-1.0,-1.8369701987210297e-16,2318.01,2853.13,3820.88,1582.49,2997.34,761.7427074150459,1692.796666666667,-0.18755542093225533,-0.6828571428571415,1.7214285714285609,27.4,10.49,6.12,1432.0,0.513966476857776,850.32,1709141.7
2020-10-01,2020,10,Post-Monsoon,Post-Monsoon,0,Thiruvananthapuram,Oil Sardine,Sardinella longiceps,2.3,Prey (Small Pelagic),1709141.7,2010,27559,850.32,28.52,238.6,2.9,1.39,0.95,1.25,1.241,850.32,192.91,0.2278,-185.317,0.988,-0.8660254037844386,0.5000000000000001,2076.13,2318.01,2853.13,553.23,2415.7566666666667,397.61546515865996,1985.3650000000005,-0.10434812574428877,-0.27857142857142847,-63.957142857142884,27.34,7.92,4.48,2168.0,-0.07287822844613362,726.0,1287923.8
2020-11-01,2020,11,Post-Monsoon,Post-Monsoon,0,Thiruvananthapuram,Oil Sardine,Sardinella longiceps,2.3,Prey (Small Pelagic),1287923.8,1774,23256,726.0,29.0,172.0,3.5,1.2,1.07,1.15,1.095,726.0,214.32,0.2962,-166.924,0.988,-0.5000000000000004,0.8660254037844384,850.32,2076.13,2318.01,694.16,1748.1533333333336,786.8958027803536,2076.9983333333334,-0.5904302688635572,-0.015714285714288678,3.842857142857156,28.52,0.95,1.25,2010.0,-0.11741293473923914,874.93,2252949.2
2020-12-01,2020,12,Winter / Post-Monsoon,Northeast/Dry,0,Thiruvananthapuram,Oil Sardine,Sardinella longiceps,2.3,Prey (Small Pelagic),2252949.2,2575,26864,874.93,28.05,38.9,4.0,1.3,1.56,1.14,1.59,874.93,183.6,0.2107,-186.23,1.117,-2.4492935982947064e-16,1.0,726.0,850.32,2076.13,508.57,1217.4833333333336,746.2033497869978,2107.411666666667,-0.14620378038616313,-0.4485714285714302,3.5214285714285722,29.0,1.07,1.15,1774.0,0.45152198167124025,907.4,1491759.6
2021-01-01,2021,1,Winter / Post-Monsoon,Northeast/Dry,0,Thiruvananthapuram,Oil Sardine,Sardinella longiceps,2.3,Prey (Small Pelagic),1491759.6,1644,18365,907.4,28.22,9.3,3.3,0.94,1.14,1.05,1.015,907.4,218.79,0.242,-229.398,1.197,0.49999999999999994,0.8660254037844387,874.93,726.0,850.32,618.48,817.0833333333335,79.83447396542527,1616.42,0.2051377382212432,-0.05642857142857238,0.8428571428571434,28.05,1.56,1.14,2575.0,-0.36155339665416153,924.87,1835860.7
2021-02-01,2021,2,Winter / Post-Monsoon,Northeast/Dry,0,Thiruvananthapuram,Oil Sardine,Sardinella longiceps,2.3,Prey (Small Pelagic),1835860.7,1985,27997,924.87,28.2,11.4,3.7,0.8,1.29,0.91,1.225,924.87,203.11,0.2205,-223.645,1.248,0.8660254037844386,0.5000000000000001,907.4,874.93,726.0,895.27,836.1100000000001,96.73021399750364,1292.131666666667,0.03711153992763379,-0.45142857142857196,0.7428571428571438,28.22,1.14,1.05,1644.0,0.2074209233125248,667.53,1425837.6
2021-03-01,2021,3,Pre-Monsoon / Summer,Pre-Monsoon,0,Thiruvananthapuram,Oil Sardine,Sardinella longiceps,2.3,Prey (Small Pelagic),1425837.6,2136,23826,667.53,29.7,24.2,3.6,0.72,1.04,0.77,1.319,667.53,196.26,0.2951,-141.956,0.844,1.0,6.123233995736766e-17,924.87,907.4,874.93,320.72,902.4000000000001,25.342669551626038,1059.9416666666668,0.019252810014846737,0.1642857142857146,-0.5357142857142883,28.2,1.29,0.91,1985.0,0.07607052858402756,401.74,686169.4
2021-04-01,2021,4,Pre-Monsoon / Summer,Pre-Monsoon,0,Thiruvananthapuram,Oil Sardine,Sardinella longiceps,2.3,Prey (Small Pelagic),686169.4,1708,20356,401.74,30.14,98.4,4.4,1.01,1.7,1.2,1.054,401.74,143.46,0.3587,-51.957,0.468,0.8660254037844387,-0.4999999999999998,667.53,924.87,907.4,300.52,833.2666666666668,143.79771289327303,825.1750000000002,-0.27824450703077724,-0.1614285714285728,8.992857142857147,29.7,1.04,0.77,2136.0,-0.20037453089712295,311.89,568896.4
2021-05-01,2021,5,Pre-Monsoon / Summer,Pre-Monsoon,0,Thiruvananthapuram,Oil Sardine,Sardinella longiceps,2.3,Prey (Small Pelagic),568896.4,1824,20576,311.89,30.03,256.1,5.4,2.13,1.5,1.5,1.126,311.89,169.77,0.5458,-45.461,0.467,0.49999999999999994,-0.8660254037844387,401.74,667.53,924.87,543.52,664.7133333333335,261.57637399684245,750.4116666666669,-0.3981693647001728,-0.09999999999999787,-4.9571428571428555,30.14,1.7,1.2,1708.0,0.06791569046887769,3177.35,1328130.6
2021-06-01,2021,6,Southwest Monsoon,Southwest Monsoon,1,Thiruvananthapuram,Oil Sardine,Sardinella longiceps,2.3,Prey (Small Pelagic),1328130.6,418,5398,3177.35,28.95,690.0,8.2,3.43,12.25,7.29,0.258,3177.35,641.46,0.2021,-2247.189,4.783,1.2246467991473532e-16,-1.0,311.89,401.74,667.53,3820.88,460.38666666666677,184.93113862553224,681.3933333333335,-0.22365210774002825,0.3592857142857149,20.278571428571354,30.03,1.5,1.5,1824.0,-0.7708333291072734,3258.83,1583790.9
2021-07-01,2021,7,Southwest Monsoon,Southwest Monsoon,1,Thiruvananthapuram,Oil Sardine,Sardinella longiceps,2.3,Prey (Small Pelagic),1583790.9,486,5172,3258.83,27.21,640.8,7.9,3.47,11.55,6.56,0.3,3258.83,323.92,0.0997,-1309.237,3.835,-0.4999999999999997,-0.8660254037844388,3177.35,311.89,401.74,2853.13,1296.9933333333336,1629.0562148168297,1065.13,9.187405521581152,-0.4742857142857133,32.85000000000002,28.95,12.25,7.29,418.0,0.1626794219454684,3086.01,5116612.8
2021-08-01,2021,8,Southwest Monsoon,Southwest Monsoon,0,Thiruvananthapuram,Oil Sardine,Sardinella longiceps,2.3,Prey (Small Pelagic),5116612.8,1658,22275,3086.01,27.73,445.8,6.9,2.75,10.28,5.95,1.023,3086.01,433.21,0.1407,-1581.617,4.161,-0.8660254037844385,-0.5000000000000004,3258.83,3177.35,311.89,2318.01,2249.3566666666666,1678.3898715534892,1457.035,0.025644011438324357,0.35285714285714675,28.785714285714334,27.21,11.55,6.56,486.0,2.41152258412505,2061.59,4865357.3
2021-09-01,2021,9,Southwest Monsoon,Southwest Monsoon,0,Thiruvananthapuram,Oil Sardine,Sardinella longiceps,2.3,Prey (Small Pelagic),4865357.3,2360,23931,2061.59,27.99,239.4,4.9,1.93,7.84,4.27,1.457,2061.59,372.25,0.181,-883.578,3.183,-1.0,-1.8369701987210297e-16,3086.01,3258.83,3177.35,2076.13,3174.0633333333335,86.45686631690508,1817.2250000000001,-0.05303130248269676,-0.03285714285714292,-10.578571428571422,27.73,10.28,5.95,1658.0,0.42340168622797536,1044.91,1866201.6
2021-10-01,2021,10,Post-Monsoon,Post-Monsoon,0,Thiruvananthapuram,Oil Sardine,Sardinella longiceps,2.3,Prey (Small Pelagic),1866201.6,1786,22123,1044.91,28.18,270.1,4.2,1.82,0.92,1.22,1.102,1044.91,226.68,0.2177,-281.638,1.286,-0.8660254037844386,0.5000000000000001,2061.59,3086.01,3258.83,850.32,2802.1433333333334,647.1329984889804,2049.5683333333336,-0.33195614942285945,-0.6185714285714283,-32.457142857142856,27.99,7.84,4.27,2360.0,-0.24322033795245618,949.92,1969188.8
2021-11-01,2021,11,Post-Monsoon,Post-Monsoon,0,Thiruvananthapuram,Oil Sardine,Sardinella longiceps,2.3,Prey (Small Pelagic),1969188.8,2073,26833,949.92,28.87,171.7,3.9,1.18,1.5,1.52,1.28,949.92,240.42,0.2539,-255.747,1.224,-0.5000000000000004,0.8660254037844384,1044.91,2061.59,3086.01,726.0,2064.17,1020.5524458840929,2156.763333333334,-0.49315334041611886,-0.14571428571428768,3.5428571428571445,28.18,0.92,1.22,1786.0,0.16069428801402974,802.92,1471750.2
2021-12-01,2021,12,Winter / Post-Monsoon,Northeast/Dry,0,Thiruvananthapuram,Oil Sardine,Sardinella longiceps,2.3,Prey (Small Pelagic),1471750.2,1833,21890,802.92,28.52,31.7,5.0,1.03,1.79,1.22,1.131,802.92,287.91,0.3594,-248.311,1.363,-2.4492935982947064e-16,1.0,949.92,1044.91,2061.59,874.93,1352.14,616.2347376609041,2263.101666666667,-0.09090735000232232,0.021428571428568688,-3.678571428571427,28.87,1.5,1.52,2073.0,-0.11577423967306202,790.62,1542506.1
2022-01-01,2022,1,Winter / Post-Monsoon,Northeast/Dry,0,Thiruvananthapuram,Oil Sardine,Sardinella longiceps,2.3,Prey (Small Pelagic),1542506.1,1951,21184,790.62,27.65,7.3,3.7,0.82,0.96,0.73,1.204,790.62,189.64,0.2408,-173.245,1.108,0.49999999999999994,0.8660254037844387,802.92,949.92,1044.91,907.4,932.5833333333334,121.92296762027964,1867.3633333333337,-0.1547498720444893,-0.6264285714285727,-1.1571428571428575,28.52,1.79,1.22,1833.0,0.06437534061988358,1071.58,2247099.7
2022-02-01,2022,2,Winter / Post-Monsoon,Northeast/Dry,0,Thiruvananthapuram,Oil Sardine,Sardinella longiceps,2.3,Prey (Small Pelagic),2247099.7,2097,23363,1071.58,28.31,10.7,3.5,0.88,1.02,0.84,1.294,1071.58,243.94,0.2284,-319.959,1.354,0.8660254037844386,0.5000000000000001,790.62,802.92,949.92,924.87,847.82,88.63481257385405,1455.9950000000001,-0.015319085147722193,-0.3414285714285725,0.042857142857142705,27.65,0.96,0.73,1951.0,0.07483341837604604,844.27,1911437.8
2022-03-01,2022,3,Pre-Monsoon / Summer,Pre-Monsoon,0,Thiruvananthapuram,Oil Sardine,Sardinella longiceps,2.3,Prey (Small Pelagic),1911437.8,2264,32103,844.27,29.04,29.5,3.1,1.15,1.0,1.04,1.398,844.27,267.12,0.3172,-249.471,1.148,1.0,6.123233995736766e-17,1071.58,790.62,802.92,667.53,888.3733333333333,158.7807750747415,1120.256666666667,0.3553666697608627,-0.49571428571428555,4.7642857142857125,28.31,1.02,0.84,2097.0,0.07963757711188565,449.4,860597.1
2022-04-01,2022,4,Pre-Monsoon / Summer,Pre-Monsoon,0,Thiruvananthapuram,Oil Sardine,Sardinella longiceps,2.3,Prey (Small Pelagic),860597.1,1915,23685,449.4,30.04,75.5,3.7,0.99,0.96,0.82,1.182,449.4,187.12,0.4177,-81.448,0.555,0.8660254037844387,-0.4999999999999998,844.27,1071.58,790.62,401.74,902.1566666666668,149.1568973709754,917.3700000000002,-0.21212601754301105,-0.26142857142857423,-13.907142857142858,29.04,1.0,1.04,2264.0,-0.15415194278201438,562.04,1359566.7
2022-05-01,2022,5,Pre-Monsoon / Summer,Pre-Monsoon,0,Thiruvananthapuram,Oil Sardine,Sardinella longiceps,2.3,Prey (Small Pelagic),1359566.7,2419,30602,562.04,29.8,226.9,4.6,1.66,1.08,1.22,1.493,562.04,253.44,0.4519,-142.412,0.756,0.49999999999999994,-0.8660254037844387,449.4,844.27,1071.58,311.89,788.4166666666666,314.8280232656163,818.1183333333335,-0.4677058231643216,-0.3299999999999983,-34.15714285714287,30.04,0.96,0.82,1915.0,0.26318537721574214,4748.66,2189130.3
2022-06-01,2022,6,Southwest Monsoon,Southwest Monsoon,1,Thiruvananthapuram,Oil Sardine,Sardinella longiceps,2.3,Prey (Small Pelagic),2189130.3,461,6133,4748.66,28.15,932.2,7.9,3.26,11.79,7.53,0.285,4748.66,624.35,0.1317,-3530.447,6.31,1.2246467991473532e-16,-1.0,562.04,449.4,844.27,3177.35,618.57,203.4141339730396,753.4716666666668,0.25064529927358037,-0.44071428571428584,262.4785714285714,29.8,1.08,1.22,2419.0,-0.8094253790433014,3986.73,1598680.3
2022-07-01,2022,7,Southwest Monsoon,Southwest Monsoon,1,Thiruvananthapuram,Oil Sardine,Sardinella longiceps,2.3,Prey (Small Pelagic),1598680.3,401,5554,3986.73,27.41,517.1,8.5,4.01,12.7,7.04,0.248,3986.73,496.64,0.1248,-2374.284,5.297,-0.4999999999999997,-0.8660254037844388,4748.66,562.04,449.4,3258.83,1920.0333333333335,2450.3098899799056,1411.095,7.448971470910052,-0.274285714285714,-90.84999999999991,28.15,11.79,7.53,461.0,-0.13015184099453708,2405.62,4051072.2
2022-08-01,2022,8,Southwest Monsoon,Southwest Monsoon,0,Thiruvananthapuram,Oil Sardine,Sardinella longiceps,2.3,Prey (Small Pelagic),4051072.2,1684,22617,2405.62,26.62,260.1,7.8,2.32,11.68,6.21,1.04,2405.62,258.51,0.1078,-737.223,2.929,-0.8660254037844385,-0.5000000000000004,3986.73,4748.66,562.04,3086.01,3099.1433333333334,2229.9785479311995,1943.78,-0.1604515796867925,-0.7571428571428527,-156.91428571428565,27.41,12.7,7.04,401.0,3.199501167094734,2952.72,6519599.5
2022-09-01,2022,9,Southwest Monsoon,Southwest Monsoon,0,Thiruvananthapuram,Oil Sardine,Sardinella longiceps,2.3,Prey (Small Pelagic),6519599.5,2208,28677,2952.72,27.68,291.6,6.2,2.06,9.5,5.29,1.363,2952.72,461.13,0.1565,-1608.338,4.275,-1.0,-1.8369701987210297e-16,2405.62,3986.73,4748.66,2061.59,3713.67,1195.1487075255568,2166.1200000000003,-0.39659319693936335,-0.34285714285714164,41.621428571428595,26.62,11.68,6.21,1684.0,0.3111638936391693,1103.39,1564600.9
2022-10-01,2022,10,Post-Monsoon,Post-Monsoon,0,Thiruvananthapuram,Oil Sardine,Sardinella longiceps,2.3,Prey (Small Pelagic),1564600.9,1418,15992,1103.39,28.54,337.9,3.5,1.24,1.19,1.57,0.875,1103.39,264.07,0.24,-336.104,1.602,-0.8660254037844386,0.5000000000000001,2952.72,2405.62,3986.73,1044.91,3115.023333333333,802.953290692143,2517.528333333333,0.2274257770245268,-0.2585714285714289,35.3428571428571,27.68,9.5,5.29,2208.0,-0.3577898534520387,1202.62,2448524.3
2022-11-01,2022,11,Post-Monsoon,Post-Monsoon,0,Thiruvananthapuram,Oil Sardine,Sardinella longiceps,2.3,Prey (Small Pelagic),2448524.3,2036,28618,1202.62,28.33,162.5,4.0,1.43,1.67,1.77,1.257,1202.62,268.39,0.2238,-376.343,1.621,-0.5000000000000004,0.8660254037844384,1103.39,2952.72,2405.62,949.92,2153.9100000000003,950.0125290226471,2626.5266666666666,-0.6263140405242824,-0.6857142857142904,-5.657142857142844,28.54,1.19,1.57,1418.0,0.4358251027092729,1127.4,2019175.8
2022-12-01,2022,12,Winter / Post-Monsoon,Northeast/Dry,0,Thiruvananthapuram,Oil Sardine,Sardinella longiceps,2.3,Prey (Small Pelagic),2019175.8,1791,25425,1127.4,28.0,33.7,4.7,1.33,1.36,0.98,1.106,1127.4,217.5,0.1936,-308.597,1.435,-2.4492935982947064e-16,1.0,1202.62,1103.39,2952.72,802.92,1752.91,1040.2498138908775,2733.2900000000004,0.089931936215373,-0.4985714285714309,-1.6785714285714235,28.33,1.67,1.77,2036.0,-0.12033398762114937,1041.56,2377882.5
2023-01-01,2023,1,Winter / Post-Monsoon,Northeast/Dry,0,Thiruvananthapuram,Oil Sardine,Sardinella longiceps,2.3,Prey (Small Pelagic),2377882.5,2283,27975,1041.56,28.72,7.3,3.4,1.12,0.95,0.81,1.409,1041.56,253.56,0.2442,-318.796,1.458,0.49999999999999994,0.8660254037844387,1127.4,1202.62,1103.39,790.62,1144.4700000000003,51.770521534986855,2129.746666666667,-0.06254677235912598,0.4435714285714276,-1.1571428571428575,28.0,1.36,0.98,1791.0,0.27470686613787343,989.78,1799413.6
2023-02-01,2023,2,Winter / Post-Monsoon,Northeast/Dry,0,Thiruvananthapuram,Oil Sardine,Sardinella longiceps,2.3,Prey (Small Pelagic),1799413.6,1818,19129,989.78,29.13,7.9,4.6,0.5,1.39,1.1,1.122,989.78,297.93,0.3017,-335.0,1.182,0.8660254037844386,0.5000000000000001,1041.56,1127.4,1202.62,1071.58,1123.8600000000004,80.58833414337657,1638.885,-0.0761397899934382,0.47857142857142776,-2.7571428571428562,28.72,0.95,0.81,2283.0,-0.20367936835882886,686.21,1420444.7
2023-03-01,2023,3,Pre-Monsoon / Summer,Pre-Monsoon,0,Thiruvananthapuram,Oil Sardine,Sardinella longiceps,2.3,Prey (Small Pelagic),1420444.7,2070,19710,686.21,29.72,30.8,3.5,1.22,1.55,1.15,1.278,686.21,229.36,0.3352,-165.628,0.918,1.0,6.123233995736766e-17,989.78,1041.56,1127.4,844.27,1052.9133333333336,69.5089183726645,1402.9116666666669,-0.04971389022510568,0.18428571428571416,6.064285714285713,29.13,1.39,1.1,1818.0,0.13861386062368614,214.56,428253.0
2023-04-01,2023,4,Pre-Monsoon / Summer,Pre-Monsoon,0,Thiruvananthapuram,Oil Sardine,Sardinella longiceps,2.3,Prey (Small Pelagic),428253.0,1996,22760,214.56,30.67,70.9,4.3,1.33,0.58,0.55,1.232,214.56,141.35,0.6604,-24.463,0.265,0.8660254037844387,-0.4999999999999998,686.21,989.78,1041.56,449.4,905.8500000000004,191.96767774811494,1025.16,-0.3067045170976932,0.36857142857142833,-18.507142857142853,29.72,1.55,1.15,2070.0,-0.03574879209783192,323.82,624332.4
2023-05-01,2023,5,Pre-Monsoon / Summer,Pre-Monsoon,0,Thiruvananthapuram,Oil Sardine,Sardinella longiceps,2.3,Prey (Small Pelagic),624332.4,1928,21581,323.82,30.46,217.2,4.1,2.3,1.71,1.21,1.19,323.82,183.86,0.5691,-52.687,0.459,0.49999999999999994,-0.8660254037844387,214.56,686.21,989.78,562.04,630.1833333333336,390.63506324104713,877.0216666666669,-0.6873260272026636,0.33000000000000185,-43.85714285714289,30.67,0.58,0.55,1996.0,-0.034068136101863045,3583.09,1737799.8
2023-06-01,2023,6,Southwest Monsoon,Southwest Monsoon,1,Thiruvananthapuram,Oil Sardine,Sardinella longiceps,2.3,Prey (Small Pelagic),1737799.8,485,5626,3583.09,28.81,607.3,7.0,3.43,10.31,6.2,0.299,3583.09,731.9,0.2045,-2966.619,5.243,1.2246467991473532e-16,-1.0,323.82,214.56,686.21,4748.66,408.196666666667,246.8866076427322,730.5550000000002,0.509228164185861,0.2192857142857143,-62.42142857142869,30.46,1.71,1.21,1928.0,-0.7484439795205188,5935.11,2374042.5
2023-07-01,2023,7,Southwest Monsoon,Southwest Monsoon,1,Thiruvananthapuram,Oil Sardine,Sardinella longiceps,2.3,Prey (Small Pelagic),2374042.5,400,4564,5935.11,28.14,556.0,8.9,3.02,13.72,7.63,0.247,5935.11,798.9,0.1348,-5687.473,7.668,-0.4999999999999997,-0.8660254037844388,3583.09,323.82,214.56,3986.73,1373.8233333333337,1914.060824590833,1139.8366666666668,10.065066701714944,0.4557142857142864,-51.94999999999993,28.81,10.31,6.2,485.0,-0.17525772834520148,4208.59,9574537.8
2023-08-01,2023,8,Southwest Monsoon,Southwest Monsoon,0,Thiruvananthapuram,Oil Sardine,Sardinella longiceps,2.3,Prey (Small Pelagic),9574537.8,2275,30418,4208.59,27.62,454.9,7.7,3.29,11.31,6.55,1.404,4208.59,548.47,0.1305,-2793.362,5.88,-0.8660254037844385,-0.5000000000000004,5935.11,3583.09,323.82,2405.62,3280.6733333333336,2817.842392014383,1955.4283333333333,0.6564222482370738,0.24285714285714732,37.8857142857143,28.14,13.72,7.63,400.0,4.687499882812503,3083.09,5521814.8
2023-09-01,2023,9,Southwest Monsoon,Southwest Monsoon,0,Thiruvananthapuram,Oil Sardine,Sardinella longiceps,2.3,Prey (Small Pelagic),5521814.8,1791,21431,3083.09,28.66,216.2,5.3,2.04,7.82,4.6,1.106,3083.09,527.49,0.1714,-1941.163,4.122,-1.0,-1.8369701987210297e-16,4208.59,5935.11,3583.09,2952.72,4575.596666666667,1218.2035708917226,2491.896666666667,-0.29089940996729724,0.6371428571428588,-33.77857142857144,27.62,11.31,6.55,2275.0,-0.21274725181209997,975.62,1700508.4
2023-10-01,2023,10,Post-Monsoon,Post-Monsoon,0,Thiruvananthapuram,Oil Sardine,Sardinella longiceps,2.3,Prey (Small Pelagic),1700508.4,1743,17248,975.62,29.22,267.5,4.4,1.04,1.36,1.55,1.076,975.62,285.23,0.2931,-307.943,1.281,-0.8660254037844386,0.5000000000000001,3083.09,4208.59,5935.11,1103.39,4408.93,1436.5258810059813,2891.376666666667,-0.26742923338355784,0.4214285714285708,-35.05714285714288,28.66,7.82,4.6,1791.0,-0.026800669867109606,834.3,1616030.6
2023-11-01,2023,11,Post-Monsoon,Post-Monsoon,0,Thiruvananthapuram,Oil Sardine,Sardinella longiceps,2.3,Prey (Small Pelagic),1616030.6,1937,26830,834.3,29.29,139.2,3.7,1.47,1.01,0.91,1.196,834.3,264.21,0.3175,-245.473,1.072,-0.5000000000000004,0.8660254037844384,975.62,3083.09,4208.59,1202.62,2755.766666666667,1641.1517841544523,3018.22,-0.6835577272036893,0.27428571428571047,-28.957142857142856,29.22,1.36,1.55,1743.0,0.11130235162763998,1195.54,2956574.7
2023-12-01,2023,12,Winter / Post-Monsoon,Northeast/Dry,0,Thiruvananthapuram,Oil Sardine,Sardinella longiceps,2.3,Prey (Small Pelagic),2956574.7,2473,35336,1195.54,28.79,35.8,4.1,1.28,1.32,1.23,1.527,1195.54,261.98,0.2198,-380.143,1.525,-2.4492935982947064e-16,1.0,834.3,975.62,3083.09,1127.4,1631.0033333333338,1259.5275309548972,3103.2999999999997,-0.1448514775747579,0.29142857142856826,0.4214285714285708,29.29,1.01,0.91,1937.0,0.2767165705900022,900.84,1913392.1
2024-01-01,2024,1,Winter / Post-Monsoon,Northeast/Dry,0,Thiruvananthapuram,Oil Sardine,Sardinella longiceps,2.3,Prey (Small Pelagic),1913392.1,2124,30535,900.84,28.07,8.9,3.0,1.0,0.37,0.51,1.311,900.84,219.0,0.2439,-238.942,1.248,0.49999999999999994,0.8660254037844387,1195.54,834.3,975.62,1041.56,1001.8200000000003,182.03959569281824,2705.375,0.43298573135579854,-0.20642857142857096,0.44285714285714306,28.79,1.32,1.23,2473.0,-0.14112414014911387,1180.54,2087200.1
2024-02-01,2024,2,Winter / Post-Monsoon,Northeast/Dry,0,Thiruvananthapuram,Oil Sardine,Sardinella longiceps,2.3,Prey (Small Pelagic),2087200.1,1768,21632,1180.54,28.2,10.9,4.1,1.59,1.24,1.06,1.091,1180.54,262.24,0.2228,-379.284,1.589,0.8660254037844386,0.5000000000000001,900.84,1195.54,834.3,989.78,976.8933333333338,192.25417169293883,1866.3300000000002,-0.24649948770848742,-0.45142857142857196,0.24285714285714377,28.07,0.37,0.51,2124.0,-0.1676082854632378,524.44,951850.2
2024-03-01,2024,3,Pre-Monsoon / Summer,Pre-Monsoon,0,Thiruvananthapuram,Oil Sardine,Sardinella longiceps,2.3,Prey (Small Pelagic),951850.2,1815,18718,524.44,29.67,29.2,3.5,0.63,1.03,0.77,1.12,524.44,245.3,0.4688,-129.781,0.69,1.0,6.123233995736766e-17,1180.54,900.84,1195.54,686.21,1092.306666666667,165.98452739137537,1361.6550000000002,0.3104879855414059,0.134285714285717,4.464285714285712,28.2,1.24,1.06,1768.0,0.026583710256879466,355.55,515549.3
2024-04-01,2024,4,Pre-Monsoon / Summer,Pre-Monsoon,0,Thiruvananthapuram,Oil Sardine,Sardinella longiceps,2.3,Prey (Small Pelagic),515549.3,1450,20345,355.55,30.3,106.9,4.1,1.86,1.27,0.87,0.895,355.55,204.46,0.5762,-67.168,0.452,0.8660254037844387,-0.4999999999999998,524.44,1180.54,900.84,214.56,868.606666666667,329.2355438486825,935.2133333333335,-0.5557626123997271,-0.001428571428572667,17.492857142857147,29.67,1.03,0.77,1815.0,-0.20110192726665604,311.91,631933.6
2024-05-01,2024,5,Pre-Monsoon / Summer,Pre-Monsoon,0,Thiruvananthapuram,Oil Sardine,Sardinella longiceps,2.3,Prey (Small Pelagic),631933.6,2026,22767,311.91,30.43,238.3,5.3,1.45,1.36,1.18,1.251,311.91,153.75,0.4946,-41.089,0.4,0.49999999999999994,-0.8660254037844387,355.55,524.44,1180.54,323.82,686.8433333333337,435.81332819607223,831.8683333333335,-0.3220387399504474,0.3000000000000007,-22.757142857142867,30.3,1.27,0.87,1450.0,0.39724137657074915,4752.16,1991154.8
2024-06-01,2024,6,Southwest Monsoon,Southwest Monsoon,1,Thiruvananthapuram,Oil Sardine,Sardinella longiceps,2.3,Prey (Small Pelagic),1991154.8,419,4322,4752.16,28.07,555.8,7.7,3.7,11.28,6.5,0.259,4752.16,572.22,0.1206,-3373.108,6.037,1.2246467991473532e-16,-1.0,311.91,355.55,524.44,3583.09,397.30000000000035,112.24770420816408,744.8033333333336,-0.12273941435130317,-0.5207142857142841,-113.92142857142869,30.43,1.36,1.18,2026.0,-0.793188544949711,5214.11,2304635.2
2024-07-01,2024,7,Southwest Monsoon,Southwest Monsoon,1,Thiruvananthapuram,Oil Sardine,Sardinella longiceps,2.3,Prey (Small Pelagic),2304635.2,442,4981,5214.11,28.14,586.5,8.3,3.26,12.54,7.02,0.273,5214.11,656.16,0.126,-4178.06,6.702,-0.4999999999999997,-0.8660254037844388,4752.16,311.91,355.55,5935.11,1806.5400000000002,2551.075067633253,1337.5733333333335,14.235676501693549,0.4557142857142864,-21.449999999999932,28.07,11.28,6.5,419.0,0.05489260012189499,4587.12,10215525.7
2024-08-01,2024,8,Southwest Monsoon,Southwest Monsoon,0,Thiruvananthapuram,Oil Sardine,Sardinella longiceps,2.3,Prey (Small Pelagic),10215525.7,2227,30304,4587.12,27.59,528.2,7.3,3.14,11.14,6.56,1.375,4587.12,541.8,0.1183,-3081.325,5.335,-0.8660254037844385,-0.5000000000000004,5214.11,4752.16,311.91,4208.59,3426.06,2706.805703684697,2056.451666666667,0.09720842712112295,0.2128571428571462,111.18571428571437,28.14,12.54,7.02,442.0,4.038461447093633,2686.9,5817140.3
2024-09-01,2024,9,Southwest Monsoon,Southwest Monsoon,0,Thiruvananthapuram,Oil Sardine,Sardinella longiceps,2.3,Prey (Small Pelagic),5817140.3,2165,30005,2686.9,28.01,235.8,5.2,1.94,8.04,4.47,1.336,2686.9,497.84,0.1856,-1565.723,4.073,-1.0,-1.8369701987210297e-16,4587.12,5214.11,4752.16,3083.09,4851.13,325.00063184555444,2624.215,-0.12024870952041916,-0.012857142857139792,-14.178571428571416,27.59,11.14,6.56,2227.0,-0.027840143566052338,1066.86,2367353.9
2024-10-01,2024,10,Post-Monsoon,Post-Monsoon,0,Thiruvananthapuram,Oil Sardine,Sardinella longiceps,2.3,Prey (Small Pelagic),2367353.9,2219,22926,1066.86,28.65,356.4,4.4,1.23,1.23,1.57,1.37,1066.86,277.28,0.2606,-335.872,1.512,-0.8660254037844386,0.5000000000000001,2686.9,4587.12,5214.11,975.62,4162.71,1315.9751069454194,2984.625,-0.4142512068263939,-0.14857142857142946,53.8428571428571,28.01,8.04,4.47,2165.0,0.024942263164238965,806.43,1627376.9
2024-11-01,2024,11,Post-Monsoon,Post-Monsoon,0,Thiruvananthapuram,Oil Sardine,Sardinella longiceps,2.3,Prey (Small Pelagic),1627376.9,2018,20630,806.43,29.19,160.4,4.1,1.38,1.39,1.31,1.246,806.43,251.42,0.3126,-219.014,1.181,-0.5000000000000004,0.8660254037844384,1066.86,2686.9,4587.12,834.3,2780.2933333333335,1761.9873305257727,3103.1766666666667,-0.6029401890545231,0.1742857142857126,-7.7571428571428385,28.65,1.23,1.57,2219.0,-0.09058134253906559,913.18,2143243.2
2024-12-01,2024,12,Winter / Post-Monsoon,Northeast/Dry,0,Thiruvananthapuram,Oil Sardine,Sardinella longiceps,2.3,Prey (Small Pelagic),2143243.2,2347,27718,913.18,28.88,38.5,3.2,0.63,1.38,1.12,1.449,913.18,306.44,0.3363,-310.077,1.304,-2.4492935982947064e-16,1.0,806.43,1066.86,2686.9,1195.54,1520.0633333333335,1018.8654480515746,3185.596666666667,-0.24410887797734585,0.3814285714285681,3.1214285714285737,29.19,1.39,1.31,2018.0,0.16303270484126509,981.2,2003613.8
2025-01-01,2025,1,Winter / Post-Monsoon,Northeast/Dry,0,Thiruvananthapuram,Oil Sardine,Sardinella longiceps,2.3,Prey (Small Pelagic),2003613.8,2042,22718,981.2,28.27,8.2,3.3,1.34,1.16,0.74,1.26,981.2,240.98,0.2464,-283.922,1.194,0.49999999999999994,0.8660254037844387,913.18,806.43,1066.86,900.84,928.8233333333336,130.91784306707225,2545.766666666667,0.13237354596960002,-0.006428571428571672,-0.257142857142858,28.88,1.38,1.12,2347.0,-0.1299531311037361,875.56,1929733.5
2025-02-01,2025,2,Winter / Post-Monsoon,Northeast/Dry,0,Thiruvananthapuram,Oil Sardine,Sardinella longiceps,2.3,Prey (Small Pelagic),1929733.5,2204,31166,875.56,29.05,11.8,3.5,1.3,1.05,0.93,1.36,875.56,211.52,0.2424,-214.57,1.157,0.8660254037844386,0.5000000000000001,981.2,913.18,806.43,1180.54,900.2700000000003,88.09732856336329,1840.281666666667,0.07448695684873796,0.39857142857142946,1.1428571428571441,28.27,1.16,0.74,2042.0,0.0793339858994418,548.0,1155185.6
2025-03-01,2025,3,Pre-Monsoon / Summer,Pre-Monsoon,0,Thiruvananthapuram,Oil Sardine,Sardinella longiceps,2.3,Prey (Small Pelagic),1155185.6,2108,20643,548.0,29.46,20.8,4.2,0.97,1.05,0.73,1.301,548.0,209.14,0.3828,-117.4,0.699,1.0,6.123233995736766e-17,875.56,981.2,913.18,524.44,923.3133333333336,53.544054136146286,1221.6883333333335,-0.10766408369686023,-0.07571428571428385,-3.935714285714287,29.05,1.05,0.93,2204.0,-0.043557168586401226,435.33,753552.3
2025-04-01,2025,4,Pre-Monsoon / Summer,Pre-Monsoon,0,Thiruvananthapuram,Oil Sardine,Sardinella longiceps,2.3,Prey (Small Pelagic),753552.3,1731,22539,435.33,29.88,87.4,3.2,1.37,0.0,0.54,1.069,435.33,201.87,0.4649,-86.189,0.59,0.8660254037844387,-0.4999999999999998,548.0,875.56,981.2,355.55,801.586666666667,225.87518795417597,865.2050000000003,-0.37411484793600835,-0.4214285714285744,-2.0071428571428527,29.46,1.05,0.73,2108.0,-0.17884250389543402,679.8,1086314.7
2025-05-01,2025,5,Pre-Monsoon / Summer,Pre-Monsoon,0,Thiruvananthapuram,Oil Sardine,Sardinella longiceps,2.3,Prey (Small Pelagic),1086314.7,1598,18853,679.8,29.7,258.8,5.7,2.3,1.8,1.59,0.986,679.8,219.05,0.3232,-152.676,0.969,0.49999999999999994,-0.8660254037844387,435.33,548.0,875.56,311.91,619.6300000000002,228.68921246967608,759.9500000000002,-0.20560218602915722,-0.4299999999999997,-2.257142857142867,29.88,0.0,0.54,1731.0,-0.0768341994405881,4555.86,1959021.1
2025-06-01,2025,6,Southwest Monsoon,Southwest Monsoon,1,Thiruvananthapuram,Oil Sardine,Sardinella longiceps,2.3,Prey (Small Pelagic),1959021.1,430,5121,4555.86,28.49,572.2,8.5,3.26,12.44,7.31,0.265,4555.86,762.3,0.1675,-4000.081,5.981,1.2246467991473532e-16,-1.0,679.8,435.33,548.0,4752.16,554.3766666666669,122.3596814041859,738.8450000000001,0.561573965461283,-0.10071428571428598,-97.5214285714286,29.7,1.8,1.59,1598.0,-0.730913637478638,4574.48,2150005.5
2025-07-01,2025,7,Southwest Monsoon,Southwest Monsoon,1,Thiruvananthapuram,Oil Sardine,Sardinella longiceps,2.3,Prey (Small Pelagic),2150005.5,470,6127,4574.48,27.83,707.7,7.6,3.22,11.18,6.95,0.29,4574.48,508.1,0.1113,-2884.233,5.392,-0.4999999999999997,-0.8660254037844388,4555.86,679.8,435.33,5214.11,1890.3300000000002,2311.6507155926483,1345.9583333333333,5.701765141192039,0.14571428571428413,99.75000000000011,28.49,12.44,7.31,430.0,0.09302325365062201,2688.3,4798617.7
2025-08-01,2025,8,Southwest Monsoon,Southwest Monsoon,0,Thiruvananthapuram,Oil Sardine,Sardinella longiceps,2.3,Prey (Small Pelagic),4798617.7,1785,25852,2688.3,27.35,339.2,6.5,2.71,10.01,5.62,1.102,2688.3,357.01,0.1331,-1139.733,3.839,-0.8660254037844385,-0.5000000000000004,4574.48,4555.86,679.8,4587.12,3270.0466666666666,2243.238734895004,1944.8383333333334,0.0040870439300438235,-0.02714285714285225,-77.81428571428569,27.83,11.18,6.95,470.0,2.7978722808963346,2974.16,5856121.7
2025-09-01,2025,9,Southwest Monsoon,Southwest Monsoon,0,Thiruvananthapuram,Oil Sardine,Sardinella longiceps,2.3,Prey (Small Pelagic),5856121.7,1969,26047,2974.16,28.46,276.5,5.3,2.21,8.2,4.81,1.215,2974.16,494.53,0.1666,-1746.829,3.815,-1.0,-1.8369701987210297e-16,2688.3,4574.48,4555.86,2686.9,3939.546666666667,1083.6513930842054,2246.9616666666666,-0.41232664606178915,0.4371428571428595,26.521428571428572,27.35,10.01,5.62,1785.0,0.1030812319155113,1150.14,2376183.0
2025-10-01,2025,10,Post-Monsoon,Post-Monsoon,0,Thiruvananthapuram,Oil Sardine,Sardinella longiceps,2.3,Prey (Small Pelagic),2376183.0,2066,20175,1150.14,28.44,287.7,3.2,0.99,0.82,1.27,1.275,1150.14,184.94,0.1615,-271.373,1.391,-0.8660254037844386,0.5000000000000001,2974.16,2688.3,4574.48,1066.86,3412.3133333333335,1016.5640686810341,2651.3216666666667,0.10633485806519029,-0.35857142857142676,-14.85714285714289,28.46,8.2,4.81,1969.0,0.04926358532623878,1048.2,1502064.7
2025-11-01,2025,11,Post-Monsoon,Post-Monsoon,0,Thiruvananthapuram,Oil Sardine,Sardinella longiceps,2.3,Prey (Small Pelagic),1502064.7,1433,14756,1048.2,28.76,178.7,3.9,1.21,0.9,1.11,0.885,1048.2,245.46,0.2349,-305.13,1.24,-0.5000000000000004,0.8660254037844384,1150.14,2974.16,2688.3,806.43,2270.8666666666672,981.0454530414661,2770.456666666667,-0.6132891283142495,-0.2557142857142871,10.542857142857144,28.44,0.82,1.27,2066.0,-0.3063891563098298,967.91,1605766.9
2012-04-01,2012,4,Pre-Monsoon / Summer,Pre-Monsoon,0,Thrissur,Oil Sardine,Sardinella longiceps,2.3,Prey (Small Pelagic),167447.1,1420,19096,117.92,30.52,77.2,5.0,1.47,1.52,0.98,1.315,117.92,69.88,0.596,-3.654,0.252,0.8660254037844387,-0.4999999999999998,350.4,361.98,494.94,402.44,402.44,80.31632212695003,402.44,-0.03199071683544083,0.2185714285714262,-12.207142857142856,29.29,1.05,0.79,1326.0,0.07088989388469161,220.4,312088.3
2012-05-01,2012,5,Pre-Monsoon / Summer,Pre-Monsoon,0,Thrissur,Oil Sardine,Sardinella longiceps,2.3,Prey (Small Pelagic),312088.3,1416,18436,220.4,30.32,246.6,6.3,1.7,1.64,1.33,1.311,220.4,78.8,0.3604,-10.554,0.453,0.49999999999999994,-0.8660254037844387,117.92,350.4,361.98,276.76666666666665,276.76666666666665,137.68704272128636,331.31,-0.6634703007000485,0.19000000000000128,-14.457142857142884,30.52,1.52,0.98,1420.0,-0.0028169013886133703,1750.5,484889.8
2012-06-01,2012,6,Southwest Monsoon,Southwest Monsoon,1,Thrissur,Oil Sardine,Sardinella longiceps,2.3,Prey (Small Pelagic),484889.8,277,3402,1750.5,28.42,588.9,6.7,3.61,9.75,5.97,0.256,1750.5,271.0,0.1553,-514.965,3.325,1.2246467991473532e-16,-1.0,220.4,117.92,350.4,229.57333333333335,229.57333333333335,116.51115883611031,309.128,0.869063698349415,-0.1707142857142827,-80.82142857142867,30.32,1.64,1.33,1416.0,-0.8043785253928071,2471.42,884767.8
2012-07-01,2012,7,Southwest Monsoon,Southwest Monsoon,1,Thrissur,Oil Sardine,Sardinella longiceps,2.3,Prey (Small Pelagic),884767.8,358,3433,2471.42,27.6,763.4,8.4,3.55,12.85,7.49,0.331,2471.42,270.64,0.1099,-763.642,4.287,-0.4999999999999997,-0.8660254037844388,1750.5,220.4,117.92,696.2733333333334,696.2733333333334,914.4238274090048,549.3566666666667,6.942377180472904,-0.08428571428571274,155.45000000000005,28.42,9.75,5.97,277.0,0.29241876200654293,953.05,1253255.1
2012-08-01,2012,8,Southwest Monsoon,Southwest Monsoon,0,Thrissur,Oil Sardine,Sardinella longiceps,2.3,Prey (Small Pelagic),1253255.1,1315,17751,953.05,26.74,289.1,6.5,2.51,9.81,5.42,1.218,953.05,107.04,0.1132,-94.815,1.898,-0.8660254037844385,-0.5000000000000004,2471.42,1750.5,220.4,1480.7733333333333,1480.7733333333333,1149.4942871251399,878.77,0.4118366157564318,-0.6371428571428552,-127.91428571428565,27.6,12.85,7.49,358.0,2.6731842828719476,1671.29,2075746.0
2012-09-01,2012,9,Southwest Monsoon,Southwest Monsoon,0,Thrissur,Oil Sardine,Sardinella longiceps,2.3,Prey (Small Pelagic),2075746.0,1242,14779,1671.29,27.84,330.7,5.8,1.86,8.89,5.16,1.15,1671.29,191.22,0.1149,-364.384,3.085,-1.0,-1.8369701987210297e-16,953.05,2471.42,1750.5,1724.99,1724.99,759.5063754176133,977.2816666666668,-0.6143714924441354,-0.1828571428571415,80.72142857142856,26.74,9.81,5.42,1315.0,-0.05551330756263644,565.59,750541.5
2012-10-01,2012,10,Post-Monsoon,Post-Monsoon,0,Thrissur,Oil Sardine,Sardinella longiceps,2.3,Prey (Small Pelagic),750541.5,1327,14874,565.59,28.49,328.5,3.6,1.19,1.08,1.61,1.229,565.59,121.55,0.2163,-66.49,1.105,-0.8660254037844386,0.5000000000000001,1671.29,953.05,2471.42,1698.5866666666668,1698.5866666666668,759.5529574910059,1197.43,0.7536225722299715,-0.3085714285714296,25.94285714285712,27.84,8.89,5.16,1242.0,0.0684380026695813,432.35,615672.5
2012-11-01,2012,11,Post-Monsoon,Post-Monsoon,0,Thrissur,Oil Sardine,Sardinella longiceps,2.3,Prey (Small Pelagic),615672.5,1424,18612,432.35,29.06,191.9,3.8,1.38,1.11,1.43,1.319,432.35,138.72,0.3224,-54.181,0.899,-0.5000000000000004,0.8660254037844384,565.59,1671.29,953.05,1063.3100000000002,1063.3100000000002,561.0357147276816,1272.0416666666667,-0.6615847599065107,0.04428571428571004,23.74285714285716,28.49,1.08,1.61,1327.0,0.07309721120499464,402.0,557573.1
2012-12-01,2012,12,Winter / Post-Monsoon,Northeast/Dry,0,Thrissur,Oil Sardine,Sardinella longiceps,2.3,Prey (Small Pelagic),557573.1,1387,19195,402.0,28.23,36.7,3.8,0.69,1.12,0.96,1.284,402.0,126.62,0.3167,-46.105,1.037,-2.4492935982947064e-16,1.0,432.35,565.59,1671.29,889.7433333333335,889.7433333333335,680.1100047296275,1307.3666666666666,-0.23557700391490297,-0.26857142857143046,1.3214285714285765,29.06,1.11,1.43,1424.0,-0.025983145884949817,352.98,471227.7
2013-01-01,2013,1,Winter / Post-Monsoon,Northeast/Dry,0,Thrissur,Oil Sardine,Sardinella longiceps,2.3,Prey (Small Pelagic),471227.7,1335,17415,352.98,28.6,7.0,3.3,0.56,0.8,0.64,1.236,352.98,106.59,0.3039,-32.811,0.691,0.49999999999999994,0.8660254037844387,402.0,432.35,565.59,494.94,466.6466666666668,87.02079081078224,1082.6166666666666,-0.07019775482369024,0.3235714285714302,-1.4571428571428573,28.23,1.12,0.96,1387.0,-0.03749098747302821,320.19,456588.8
2013-02-01,2013,2,Winter / Post-Monsoon,Northeast/Dry,0,Thrissur,Oil Sardine,Sardinella longiceps,2.3,Prey (Small Pelagic),456588.8,1426,15725,320.19,28.47,9.1,3.9,0.72,0.96,0.79,1.32,320.19,127.82,0.4011,-35.061,0.767,0.8660254037844386,0.5000000000000001,352.98,402.0,432.35,361.98,395.7766666666668,40.04930253242781,729.5433333333334,-0.12194029547412197,-0.18142857142857238,-1.557142857142857,28.6,0.8,0.64,1335.0,0.06816479349689293,326.93,467831.3
2013-03-01,2013,3,Pre-Monsoon / Summer,Pre-Monsoon,0,Thrissur,Oil Sardine,Sardinella longiceps,2.3,Prey (Small Pelagic),467831.3,1431,18149,326.93,29.4,25.6,3.6,1.1,1.21,1.11,1.325,326.93,107.63,0.3313,-28.593,0.683,1.0,6.123233995736766e-17,320.19,352.98,402.0,350.4,358.39000000000016,41.172443454337206,624.0666666666666,-0.09289477894229767,-0.13571428571428612,0.8642857142857139,28.47,0.96,0.79,1426.0,0.0035063113358603693,225.49,346348.2
2013-04-01,2013,4,Pre-Monsoon / Summer,Pre-Monsoon,0,Thrissur,Oil Sardine,Sardinella longiceps,2.3,Prey (Small Pelagic),346348.2,1536,16036,225.49,30.12,87.7,3.8,0.96,1.41,1.05,1.422,225.49,85.31,0.3811,-12.67,0.47,0.8660254037844387,-0.4999999999999998,326.93,320.19,352.98,117.92,333.36666666666684,17.316726980983645,400.00666666666666,0.021050000904150663,-0.18142857142857238,-1.7071428571428555,29.4,1.21,1.11,1431.0,0.0733752615417522,316.74,302801.0
2013-05-01,2013,5,Pre-Monsoon / Summer,Pre-Monsoon,0,Thrissur,Oil Sardine,Sardinella longiceps,2.3,Prey (Small Pelagic),302801.0,956,10742,316.74,29.84,306.7,5.8,2.05,1.67,1.57,0.885,316.74,109.57,0.348,-27.1,0.616,0.49999999999999994,-0.8660254037844387,225.49,326.93,320.19,220.4,290.8700000000002,56.720941459046614,343.3233333333333,-0.31028047868716613,-0.28999999999999915,45.64285714285711,30.12,1.41,1.05,1536.0,-0.3776041642083062,2009.03,558511.2
2013-06-01,2013,6,Southwest Monsoon,Southwest Monsoon,1,Thrissur,Oil Sardine,Sardinella longiceps,2.3,Prey (Small Pelagic),558511.2,278,3878,2009.03,28.52,614.9,8.1,3.48,12.14,7.09,0.257,2009.03,319.96,0.1597,-692.365,4.098,1.2246467991473532e-16,-1.0,316.74,225.49,326.93,1750.5,289.7200000000002,55.85766464864596,324.055,0.40467424698770466,-0.07071428571428484,-54.82142857142867,29.84,1.67,1.57,956.0,-0.7092050135020396,1792.96,494858.2
2013-07-01,2013,7,Southwest Monsoon,Southwest Monsoon,1,Thrissur,Oil Sardine,Sardinella longiceps,2.3,Prey (Small Pelagic),494858.2,276,3336,1792.96,27.7,587.9,8.5,4.07,12.71,7.2,0.256,1792.96,284.57,0.1592,-538.762,4.155,-0.4999999999999997,-0.8660254037844388,2009.03,316.74,225.49,2471.42,850.4200000000001,1004.4224657483526,591.8933333333333,5.342836227099949,0.015714285714285126,-20.049999999999955,28.52,12.14,7.09,278.0,-0.00719424434553078,1566.6,2265309.8
2013-08-01,2013,8,Southwest Monsoon,Southwest Monsoon,0,Thrissur,Oil Sardine,Sardinella longiceps,2.3,Prey (Small Pelagic),2265309.8,1446,16845,1566.6,27.67,394.9,6.8,2.46,9.64,5.61,1.339,1566.6,205.98,0.132,-351.25,2.892,-0.8660254037844385,-0.5000000000000004,1792.96,2009.03,316.74,953.05,1372.91,921.0281553242554,831.89,-0.10754941385868096,0.29285714285714803,-22.1142857142857,27.7,12.71,7.2,276.0,4.239130281190932,1079.18,1605827.0
2013-09-01,2013,9,Southwest Monsoon,Southwest Monsoon,0,Thrissur,Oil Sardine,Sardinella longiceps,2.3,Prey (Small Pelagic),1605827.0,1488,18516,1079.18,28.29,274.4,5.3,2.11,7.48,4.2,1.378,1079.18,204.35,0.1901,-227.229,2.419,-1.0,-1.8369701987210297e-16,1566.6,1792.96,2009.03,1671.29,1789.53,221.2349427644751,1039.625,-0.12624933001154895,0.2671428571428578,24.42142857142855,27.67,9.64,5.61,1446.0,0.02904564295265807,416.57,547786.7
2013-10-01,2013,10,Post-Monsoon,Post-Monsoon,0,Thrissur,Oil Sardine,Sardinella longiceps,2.3,Prey (Small Pelagic),547786.7,1315,13372,416.57,28.79,218.6,3.3,1.35,0.83,1.22,1.218,416.57,114.8,0.2773,-42.414,0.816,-0.8660254037844386,0.5000000000000001,1079.18,1566.6,1792.96,565.59,1479.5800000000002,364.75996545673775,1165.0,-0.31113238662624537,-0.008571428571428896,-83.95714285714288,28.29,7.48,4.2,1488.0,-0.11626344007887474,550.37,734744.4
2013-11-01,2013,11,Post-Monsoon,Post-Monsoon,0,Thrissur,Oil Sardine,Sardinella longiceps,2.3,Prey (Small Pelagic),734744.4,1335,15006,550.37,28.98,167.2,4.0,0.92,1.51,1.41,1.236,550.37,110.91,0.203,-59.28,1.011,-0.5000000000000004,0.8660254037844384,416.57,1079.18,1566.6,432.35,1020.7833333333336,577.2346821123397,1196.8466666666668,-0.613993952686355,-0.03571428571428825,-0.9571428571428555,28.79,0.83,1.22,1315.0,0.015209125359626423,457.91,644740.0
2013-12-01,2013,12,Winter / Post-Monsoon,Northeast/Dry,0,Thrissur,Oil Sardine,Sardinella longiceps,2.3,Prey (Small Pelagic),644740.0,1408,15890,457.91,28.38,33.9,3.3,1.21,1.1,0.97,1.304,457.91,95.54,0.2104,-40.659,0.854,-2.4492935982947064e-16,1.0,550.37,416.57,1079.18,402.0,682.0400000000002,350.379429618807,1235.785,0.3211945094175167,-0.11857142857143188,-1.4785714285714278,28.98,1.51,1.41,1335.0,0.05468164753047455,457.65,603635.5
2014-01-01,2014,1,Winter / Post-Monsoon,Northeast/Dry,0,Thrissur,Oil Sardine,Sardinella longiceps,2.3,Prey (Small Pelagic),603635.5,1319,15040,457.65,27.93,6.7,4.1,0.81,1.43,1.1,1.221,457.65,82.94,0.183,-34.231,0.875,0.49999999999999994,0.8660254037844387,457.91,550.37,416.57,352.98,474.9500000000002,68.50825643672842,977.265,-0.16799607231505942,-0.34642857142857153,-1.7571428571428571,28.38,1.1,0.97,1408.0,-0.063210226823791,407.2,581486.6
2014-02-01,2014,2,Winter / Post-Monsoon,Northeast/Dry,0,Thrissur,Oil Sardine,Sardinella longiceps,2.3,Prey (Small Pelagic),581486.6,1428,18421,407.2,28.56,14.5,4.2,0.7,1.42,1.22,1.322,407.2,94.39,0.2337,-32.81,0.81,0.8660254037844386,0.5000000000000001,457.65,457.91,550.37,320.19,488.6433333333335,53.45701949542147,754.7133333333333,-0.0005677971529821935,-0.09142857142857252,3.8428571428571434,27.93,1.43,1.1,1319.0,0.08263836176923153,430.54,579504.4
2014-03-01,2014,3,Pre-Monsoon / Summer,Pre-Monsoon,0,Thrissur,Oil Sardine,Sardinella longiceps,2.3,Prey (Small Pelagic),579504.4,1346,14091,430.54,29.3,19.8,3.7,1.28,1.04,1.05,1.246,430.54,104.46,0.2444,-40.611,0.826,1.0,6.123233995736766e-17,407.2,457.65,457.91,326.93,440.92000000000013,29.202665974197387,561.48,-0.11023707832979178,-0.235714285714284,-4.935714285714287,28.56,1.42,1.22,1428.0,-0.05742296878555344,170.3,249492.2
2014-04-01,2014,4,Pre-Monsoon / Summer,Pre-Monsoon,0,Thrissur,Oil Sardine,Sardinella longiceps,2.3,Prey (Small Pelagic),249492.2,1465,13978,170.3,30.0,79.0,3.3,1.27,1.04,0.61,1.356,170.3,72.05,0.4264,-6.768,0.371,0.8660254037844387,-0.4999999999999998,430.54,407.2,457.65,225.49,431.7966666666668,25.248465960011913,453.3733333333333,0.05731826971222332,-0.3014285714285734,-10.407142857142858,29.3,1.04,1.05,1346.0,0.08841010335505124,231.7,319286.6
2014-05-01,2014,5,Pre-Monsoon / Summer,Pre-Monsoon,0,Thrissur,Oil Sardine,Sardinella longiceps,2.3,Prey (Small Pelagic),319286.6,1378,16972,231.7,30.14,259.9,4.6,1.68,1.56,1.33,1.276,231.7,88.79,0.3859,-13.637,0.426,0.49999999999999994,-0.8660254037844387,170.3,430.54,407.2,316.74,336.0133333333335,143.9856608601492,412.3283333333334,-0.6044502112591116,0.010000000000001563,-1.157142857142901,30.0,1.04,0.61,1465.0,-0.05938566512364734,1633.74,418237.2
2014-06-01,2014,6,Southwest Monsoon,Southwest Monsoon,1,Thrissur,Oil Sardine,Sardinella longiceps,2.3,Prey (Small Pelagic),418237.2,256,2630,1633.74,28.69,480.4,8.4,3.2,12.56,7.11,0.237,1633.74,266.1,0.1634,-452.054,3.474,1.2246467991473532e-16,-1.0,231.7,170.3,430.54,2009.03,277.5133333333335,136.0344093725331,359.2166666666667,0.36054020196475606,0.09928571428571686,-189.32142857142867,30.14,1.56,1.33,1378.0,-0.8142235064279861,1522.09,389656.2
2014-07-01,2014,7,Southwest Monsoon,Southwest Monsoon,1,Thrissur,Oil Sardine,Sardinella longiceps,2.3,Prey (Small Pelagic),389656.2,256,2470,1522.09,27.65,509.6,7.9,3.39,11.67,6.62,0.237,1522.09,224.0,0.1477,-355.154,3.169,-0.4999999999999997,-0.8660254037844388,1633.74,231.7,170.3,1792.96,678.5800000000002,827.7623204761137,555.1883333333334,6.051100299909352,-0.034285714285715585,-98.34999999999991,28.69,12.56,7.11,256.0,0.0,1262.06,1620482.2
2014-08-01,2014,8,Southwest Monsoon,Southwest Monsoon,0,Thrissur,Oil Sardine,Sardinella longiceps,2.3,Prey (Small Pelagic),1620482.2,1284,12946,1262.06,27.15,482.4,7.6,2.53,11.02,6.31,1.189,1262.06,152.49,0.1215,-193.505,2.48,-0.8660254037844385,-0.5000000000000004,1522.09,1633.74,231.7,1566.6,1129.176666666667,779.2398257490012,732.5949999999999,-0.06834012714177214,-0.2271428571428551,65.3857142857143,27.65,11.67,6.62,256.0,4.015624843139655,1285.01,1403235.3
2014-09-01,2014,9,Southwest Monsoon,Southwest Monsoon,0,Thrissur,Oil Sardine,Sardinella longiceps,2.3,Prey (Small Pelagic),1403235.3,1092,13117,1285.01,27.89,281.5,6.0,1.88,8.88,5.07,1.011,1285.01,198.95,0.1555,-268.133,2.477,-1.0,-1.8369701987210297e-16,1262.06,1522.09,1633.74,1079.18,1472.63,190.7124125483194,875.0716666666667,-0.17083746578167214,-0.1328571428571408,31.521428571428572,27.15,11.02,6.31,1284.0,-0.14953270911578886,476.75,459585.3
2014-10-01,2014,10,Post-Monsoon,Post-Monsoon,0,Thrissur,Oil Sardine,Sardinella longiceps,2.3,Prey (Small Pelagic),459585.3,964,9935,476.75,28.72,355.1,3.9,1.19,1.1,1.49,0.893,476.75,95.68,0.2024,-40.761,0.922,-0.8660254037844386,0.5000000000000001,1285.01,1262.06,1522.09,416.57,1356.3866666666668,143.96135465232908,1017.4833333333332,0.01818455526532375,-0.07857142857142918,52.542857142857144,27.89,8.88,5.07,1092.0,-0.11721611614270956,347.98,450283.4
2014-11-01,2014,11,Post-Monsoon,Post-Monsoon,0,Thrissur,Oil Sardine,Sardinella longiceps,2.3,Prey (Small Pelagic),450283.4,1294,13220,347.98,28.96,190.7,3.2,1.03,0.73,1.19,1.198,347.98,120.84,0.3491,-35.488,0.75,-0.5000000000000004,0.8660254037844384,476.75,1285.01,1262.06,550.37,1007.9400000000002,460.16713018206787,1068.5583333333332,-0.6289912091813199,-0.055714285714287826,22.542857142857144,28.72,1.1,1.49,964.0,0.342323647901207,461.92,759389.9
2014-12-01,2014,12,Winter / Post-Monsoon,Northeast/Dry,0,Thrissur,Oil Sardine,Sardinella longiceps,2.3,Prey (Small Pelagic),759389.9,1644,17179,461.92,28.65,30.7,3.1,1.4,1.27,0.95,1.522,461.92,102.05,0.2226,-44.3,0.8,-2.4492935982947064e-16,1.0,347.98,476.75,1285.01,457.91,703.2466666666669,507.9191473387604,1087.9383333333333,-0.2700996272658704,0.1514285714285677,-4.678571428571427,28.96,0.73,1.19,1294.0,0.27047913237651366,239.33,397292.8
2015-01-01,2015,1,Winter / Post-Monsoon,Northeast/Dry,0,Thrissur,Oil Sardine,Sardinella longiceps,2.3,Prey (Small Pelagic),397292.8,1660,17600,239.33,29.02,8.2,3.0,0.9,0.88,0.8,1.537,239.33,76.11,0.3209,-11.901,0.436,0.49999999999999994,0.8660254037844387,461.92,347.98,476.75,457.65,428.8833333333335,70.45561889113827,892.6350000000001,0.3274326016600781,0.7435714285714283,-0.257142857142858,28.65,1.27,0.95,1644.0,0.00973236003812433,221.77,275215.9
2015-02-01,2015,2,Winter / Post-Monsoon,Northeast/Dry,0,Thrissur,Oil Sardine,Sardinella longiceps,2.3,Prey (Small Pelagic),275215.9,1241,14009,221.77,29.64,7.2,3.4,1.03,1.17,0.81,1.149,221.77,51.31,0.2348,-5.131,0.383,0.8660254037844386,0.5000000000000001,239.33,461.92,347.98,407.2,349.7433333333335,111.30547620550074,678.8416666666667,-0.4818799687850717,0.9885714285714293,-3.4571428571428564,29.02,0.88,0.8,1660.0,-0.2524096370336769,80.61,129291.7
2015-03-01,2015,3,Pre-Monsoon / Summer,Pre-Monsoon,0,Thrissur,Oil Sardine,Sardinella longiceps,2.3,Prey (Small Pelagic),129291.7,1604,21214,80.61,29.9,21.0,4.6,1.43,1.96,1.08,1.485,80.61,36.87,0.464,0.461,0.166,1.0,6.123233995736766e-17,221.77,239.33,461.92,430.54,307.67333333333346,133.86976519488363,505.46000000000004,-0.07337149235902343,0.3642857142857139,-3.7357142857142875,29.64,1.17,0.81,1241.0,0.2925060411562769,79.21,125231.1
2015-04-01,2015,4,Pre-Monsoon / Summer,Pre-Monsoon,0,Thrissur,Oil Sardine,Sardinella longiceps,2.3,Prey (Small Pelagic),125231.1,1581,18356,79.21,30.71,82.4,4.8,1.21,1.75,1.02,1.464,79.21,35.71,0.4577,0.547,0.15,0.8660254037844387,-0.4999999999999998,80.61,221.77,239.33,170.3,180.57000000000016,87.01200836666109,304.7266666666667,-0.6365152799515138,0.4085714285714275,-7.007142857142853,29.9,1.96,1.08,1604.0,-0.01433915203030454,90.57,105963.2
2015-05-01,2015,5,Pre-Monsoon / Summer,Pre-Monsoon,0,Thrissur,Oil Sardine,Sardinella longiceps,2.3,Prey (Small Pelagic),105963.2,1170,14315,90.57,30.46,286.9,5.5,1.76,1.95,1.51,1.083,90.57,33.33,0.3749,0.828,0.183,0.49999999999999994,-0.8660254037844387,79.21,80.61,221.77,231.7,127.19666666666681,81.9059004793502,238.47000000000003,-0.017367570106988025,0.33000000000000185,25.8428571428571,30.71,1.75,1.02,1581.0,-0.25996204769157466,922.04,284909.5
2015-06-01,2015,6,Southwest Monsoon,Southwest Monsoon,1,Thrissur,Oil Sardine,Sardinella longiceps,2.3,Prey (Small Pelagic),284909.5,309,3014,922.04,28.75,597.7,7.7,3.13,11.54,6.84,0.286,922.04,164.5,0.1793,-137.973,1.976,1.2246467991473532e-16,-1.0,90.57,79.21,80.61,1633.74,83.46333333333348,6.194233877825533,195.56833333333336,0.1434162172180006,0.15928571428571558,-72.0214285714286,30.46,1.95,1.51,1170.0,-0.7358974296077143,947.22,184708.0
2015-07-01,2015,7,Southwest Monsoon,Southwest Monsoon,1,Thrissur,Oil Sardine,Sardinella longiceps,2.3,Prey (Small Pelagic),184708.0,195,2750,947.22,28.75,662.2,7.9,3.45,11.82,7.02,0.181,947.22,162.82,0.1728,-140.444,1.873,-0.4999999999999997,-0.8660254037844388,922.04,90.57,79.21,1522.09,363.9400000000001,483.3621519109662,272.255,9.18041192664106,1.0657142857142858,54.250000000000114,28.75,11.54,6.84,309.0,-0.36893202689540366,849.84,1174477.3
2015-08-01,2015,8,Southwest Monsoon,Southwest Monsoon,0,Thrissur,Oil Sardine,Sardinella longiceps,2.3,Prey (Small Pelagic),1174477.3,1382,15640,849.84,28.29,360.8,7.1,3.14,10.16,5.72,1.28,849.84,129.75,0.1537,-98.834,1.655,-0.8660254037844385,-0.5000000000000004,947.22,922.04,90.57,1262.06,653.2766666666668,487.48087412054787,390.2366666666667,0.027309010158897622,0.9128571428571455,-56.214285714285666,28.75,11.82,7.02,195.0,6.087179175016453,597.3,886396.8
2015-09-01,2015,9,Southwest Monsoon,Southwest Monsoon,0,Thrissur,Oil Sardine,Sardinella longiceps,2.3,Prey (Small Pelagic),886396.8,1484,20975,597.3,28.22,157.4,5.6,1.98,8.25,4.45,1.374,597.3,97.19,0.1641,-46.145,1.183,-1.0,-1.8369701987210297e-16,849.84,947.22,922.04,1285.01,906.3666666666668,50.546573903020956,494.915,-0.10280610520463983,0.1971428571428575,-92.57857142857142,28.29,10.16,5.72,1382.0,0.07380607761355949,100.92,116357.6
2015-10-01,2015,10,Post-Monsoon,Post-Monsoon,0,Thrissur,Oil Sardine,Sardinella longiceps,2.3,Prey (Small Pelagic),116357.6,1153,15081,100.92,29.74,336.7,3.8,1.21,0.92,1.24,1.068,100.92,50.37,0.504,-0.938,0.197,-0.8660254037844386,0.5000000000000001,597.3,849.84,947.22,476.75,798.1200000000002,180.6023820440921,581.03,-0.29716181519860435,0.9414285714285704,34.14285714285711,28.22,8.25,4.45,1484.0,-0.22304582059942168,129.8,174317.8
2015-11-01,2015,11,Post-Monsoon,Post-Monsoon,0,Thrissur,Oil Sardine,Sardinella longiceps,2.3,Prey (Small Pelagic),174317.8,1343,16962,129.8,29.69,164.8,3.9,1.04,0.67,1.02,1.244,129.8,45.88,0.3584,-1.037,0.266,-0.5000000000000004,0.8660254037844384,100.92,597.3,849.84,347.98,516.0200000000001,381.01853025804417,584.6483333333333,-0.8310396646402199,0.6742857142857126,-3.357142857142833,29.74,0.92,1.24,1153.0,0.16478750941207712,171.81,251875.4
2015-12-01,2015,12,Winter / Post-Monsoon,Northeast/Dry,0,Thrissur,Oil Sardine,Sardinella longiceps,2.3,Prey (Small Pelagic),251875.4,1466,20043,171.81,29.24,30.8,3.9,1.35,1.33,1.01,1.357,171.81,44.53,0.2635,-1.821,0.321,-2.4492935982947064e-16,1.0,129.8,100.92,597.3,461.92,276.00666666666683,278.6226267432947,591.1866666666667,0.2861672328411383,0.7414285714285676,-4.578571428571426,29.69,0.67,1.02,1343.0,0.09158600080725242,154.24,237072.2
2016-01-01,2016,1,Winter / Post-Monsoon,Northeast/Dry,0,Thrissur,Oil Sardine,Sardinella longiceps,2.3,Prey (Small Pelagic),237072.2,1537,15644,154.24,28.92,10.5,4.4,1.39,0.9,0.9,1.423,154.24,39.48,0.2608,-0.665,0.319,0.49999999999999994,0.8660254037844387,171.81,129.8,100.92,239.33,134.17666666666682,35.64708169448499,466.1483333333333,0.3236517470222074,0.6435714285714305,2.0428571428571427,29.24,1.33,1.01,1466.0,0.048431104717386736,141.72,189615.0
2016-02-01,2016,2,Winter / Post-Monsoon,Northeast/Dry,0,Thrissur,Oil Sardine,Sardinella longiceps,2.3,Prey (Small Pelagic),189615.0,1338,15225,141.72,29.46,11.0,3.8,0.71,1.82,1.22,1.239,141.72,57.88,0.4126,-2.902,0.3,0.8660254037844386,0.5000000000000001,154.24,171.81,129.8,221.77,151.95000000000016,21.098414632383143,333.985,-0.1022641230275232,0.8085714285714296,0.3428571428571434,28.92,0.9,0.9,1537.0,-0.12947299850700716,79.22,94194.7
2016-03-01,2016,3,Pre-Monsoon / Summer,Pre-Monsoon,0,Thrissur,Oil Sardine,Sardinella longiceps,2.3,Prey (Small Pelagic),94194.7,1189,13780,79.22,30.34,24.9,3.2,1.25,1.08,0.72,1.101,79.22,25.19,0.3265,1.333,0.15,1.0,6.123233995736766e-17,141.72,154.24,171.81,80.61,155.9233333333335,15.115463384669814,215.96500000000003,-0.0811721939074045,0.8042857142857152,0.16428571428571104,29.46,1.82,1.22,1338.0,-0.11136023833064097,82.11,97464.4
2016-04-01,2016,4,Pre-Monsoon / Summer,Pre-Monsoon,0,Thrissur,Oil Sardine,Sardinella longiceps,2.3,Prey (Small Pelagic),97464.4,1187,16814,82.11,30.77,112.4,4.8,1.11,0.83,0.61,1.099,82.11,22.07,0.2776,1.593,0.156,0.8660254037844387,-0.4999999999999998,79.22,141.72,154.24,79.21,125.06000000000016,40.18913783598687,129.61833333333334,-0.4410104120088617,0.4685714285714262,22.992857142857147,30.34,1.08,0.72,1189.0,-0.0016820857722280424,79.99,123991.3
2016-05-01,2016,5,Pre-Monsoon / Summer,Pre-Monsoon,0,Thrissur,Oil Sardine,Sardinella longiceps,2.3,Prey (Small Pelagic),123991.3,1550,21206,79.99,30.76,262.9,4.8,1.6,1.27,1.11,1.435,79.99,24.48,0.3146,1.458,0.163,0.49999999999999994,-0.8660254037844387,82.11,79.22,141.72,90.57,101.01666666666682,35.27972552803207,126.48333333333335,0.03648068209029512,0.6300000000000026,1.842857142857099,30.77,0.83,0.61,1187.0,0.3058129713073886,514.99,142137.0
2016-06-01,2016,6,Southwest Monsoon,Southwest Monsoon,1,Thrissur,Oil Sardine,Sardinella longiceps,2.3,Prey (Small Pelagic),142137.0,276,3264,514.99,29.39,849.2,7.9,3.17,11.56,7.31,0.256,514.99,132.26,0.2583,-52.01,1.17,1.2246467991473532e-16,-1.0,79.99,82.11,79.22,922.04,80.44000000000015,1.4966295466607218,118.18166666666667,-0.025819020117035723,0.7992857142857162,179.4785714285714,30.76,1.27,1.11,1550.0,-0.8219354785681582,754.04,202083.0
2016-07-01,2016,7,Southwest Monsoon,Southwest Monsoon,1,Thrissur,Oil Sardine,Sardinella longiceps,2.3,Prey (Small Pelagic),202083.0,268,3819,754.04,27.91,589.9,8.5,3.21,12.81,7.35,0.248,754.04,104.19,0.1393,-61.462,1.658,-0.4999999999999997,-0.8660254037844388,514.99,79.99,82.11,947.22,225.69666666666683,250.53761820000867,175.37833333333333,5.43817909261419,0.22571428571428598,-18.049999999999955,29.39,11.56,7.31,276.0,-0.028985506196177315,825.53,1097130.6
2016-08-01,2016,8,Southwest Monsoon,Southwest Monsoon,0,Thrissur,Oil Sardine,Sardinella longiceps,2.3,Prey (Small Pelagic),1097130.6,1329,14674,825.53,27.83,580.7,7.4,2.58,11.52,6.65,1.231,825.53,104.22,0.1273,-71.243,1.573,-0.8660254037844385,-0.5000000000000004,754.04,514.99,79.99,849.84,449.67333333333346,341.73900982084757,275.34499999999997,0.46418376154519964,0.4528571428571446,163.68571428571437,27.91,12.81,7.35,268.0,3.958955076158393,474.91,608362.7
2016-09-01,2016,9,Southwest Monsoon,Southwest Monsoon,0,Thrissur,Oil Sardine,Sardinella longiceps,2.3,Prey (Small Pelagic),608362.7,1281,12741,474.91,28.91,229.6,5.5,2.1,8.61,4.65,1.186,474.91,96.05,0.2039,-32.925,1.07,-1.0,-1.8369701987210297e-16,825.53,754.04,514.99,597.3,698.1866666666668,162.62985283561378,389.31333333333333,0.09480929267931024,0.8871428571428588,-20.378571428571433,27.83,11.52,6.65,1329.0,-0.0361173812180784,77.57,99441.9
2016-10-01,2016,10,Post-Monsoon,Post-Monsoon,0,Thrissur,Oil Sardine,Sardinella longiceps,2.3,Prey (Small Pelagic),99441.9,1282,16242,77.57,29.49,345.5,4.2,1.19,0.78,1.41,1.187,77.57,33.45,0.4385,0.772,0.15,-0.8660254037844386,0.5000000000000001,474.91,825.53,754.04,100.92,684.8266666666668,185.27401391812447,455.2616666666667,-0.42472108312573637,0.6914285714285704,42.94285714285712,28.91,8.61,4.65,1281.0,0.00078064011880843,113.99,148189.2
2016-11-01,2016,11,Post-Monsoon,Post-Monsoon,0,Thrissur,Oil Sardine,Sardinella longiceps,2.3,Prey (Small Pelagic),148189.2,1300,15902,113.99,29.58,126.2,3.5,1.23,1.56,1.22,1.204,113.99,44.2,0.3931,-0.494,0.201,-0.5000000000000004,0.8660254037844384,77.57,474.91,825.53,129.8,459.3366666666668,374.22311116943774,454.50499999999994,-0.8366637713111165,0.5642857142857096,-41.95714285714284,29.49,0.78,1.41,1282.0,0.014040561512944139,221.17,359399.1
2016-12-01,2016,12,Winter / Post-Monsoon,Northeast/Dry,0,Thrissur,Oil Sardine,Sardinella longiceps,2.3,Prey (Small Pelagic),359399.1,1625,21436,221.17,28.77,38.4,3.1,0.77,1.57,1.13,1.505,221.17,38.82,0.1792,-1.969,0.465,-2.4492935982947064e-16,1.0,113.99,77.57,474.91,171.81,222.15666666666684,219.64696613732977,460.1716666666667,0.4695113485224509,0.2714285714285687,3.0214285714285722,29.58,1.56,1.22,1300.0,0.2499999980769231,394.59,531121.1
2017-01-01,2017,1,Winter / Post-Monsoon,Northeast/Dry,0,Thrissur,Oil Sardine,Sardinella longiceps,2.3,Prey (Small Pelagic),531121.1,1346,13669,394.59,28.0,8.8,4.8,0.85,1.34,1.04,1.246,394.59,73.44,0.1882,-23.702,0.792,0.49999999999999994,0.8660254037844387,221.17,113.99,77.57,154.24,137.5766666666668,74.64910001690082,411.20166666666665,0.9402578348751789,-0.27642857142857125,0.3428571428571434,28.77,1.57,1.13,1625.0,-0.17169230663573964,299.76,367810.1
2017-02-01,2017,2,Winter / Post-Monsoon,Northeast/Dry,0,Thrissur,Oil Sardine,Sardinella longiceps,2.3,Prey (Small Pelagic),367810.1,1227,16185,299.76,28.0,9.5,3.0,1.03,1.0,0.86,1.136,299.76,70.59,0.238,-14.902,0.663,0.8660254037844386,0.5000000000000001,394.59,221.17,113.99,141.72,243.25000000000014,141.5970861282108,351.2933333333333,0.7841026909570605,-0.6514285714285712,-1.1571428571428566,28.0,1.34,1.04,1346.0,-0.08841010335505124,157.68,192523.6
2017-03-01,2017,3,Pre-Monsoon / Summer,Pre-Monsoon,0,Thrissur,Oil Sardine,Sardinella longiceps,2.3,Prey (Small Pelagic),192523.6,1221,15502,157.68,29.51,26.0,2.9,1.4,0.69,0.59,1.131,157.68,84.62,0.5396,-8.056,0.351,1.0,6.123233995736766e-17,299.76,394.59,221.17,79.22,305.17333333333346,86.8366410758345,263.665,-0.24032539495868127,-0.025714285714283136,1.2642857142857125,28.0,1.0,0.86,1227.0,-0.0048899755102691485,161.32,207613.4
2017-04-01,2017,4,Pre-Monsoon / Summer,Pre-Monsoon,0,Thrissur,Oil Sardine,Sardinella longiceps,2.3,Prey (Small Pelagic),207613.4,1287,15494,161.32,30.32,91.4,4.9,1.34,1.15,0.84,1.192,161.32,67.58,0.4225,-5.377,0.317,0.8660254037844387,-0.4999999999999998,157.68,299.76,394.59,82.11,284.01000000000016,119.23772012245102,210.7933333333333,-0.4739791675347222,0.018571428571426907,1.9928571428571473,29.51,0.69,0.59,1221.0,0.05405405361135091,257.68,353277.2
2017-05-01,2017,5,Pre-Monsoon / Summer,Pre-Monsoon,0,Thrissur,Oil Sardine,Sardinella longiceps,2.3,Prey (Small Pelagic),353277.2,1371,19076,257.68,30.15,279.4,5.4,1.68,2.27,1.8,1.269,257.68,104.4,0.4075,-19.205,0.447,0.49999999999999994,-0.8660254037844387,161.32,157.68,299.76,79.99,206.25333333333347,80.99959835291328,224.75166666666667,0.023084727100156743,0.019999999999999574,18.3428571428571,30.32,1.15,0.84,1287.0,0.0652680647609319,1211.83,364761.6
2017-06-01,2017,6,Southwest Monsoon,Southwest Monsoon,1,Thrissur,Oil Sardine,Sardinella longiceps,2.3,Prey (Small Pelagic),364761.6,301,2860,1211.83,28.32,699.7,7.4,3.31,10.54,6.43,0.279,1211.83,207.3,0.1717,-249.02,2.582,1.2246467991473532e-16,-1.0,257.68,161.32,157.68,514.99,192.22666666666683,56.71345989563033,248.69999999999996,0.5973220557077824,-0.27071428571428413,29.9785714285714,30.15,2.27,1.8,1371.0,-0.7804522189609612,1306.11,272978.0
2017-07-01,2017,7,Southwest Monsoon,Southwest Monsoon,1,Thrissur,Oil Sardine,Sardinella longiceps,2.3,Prey (Small Pelagic),272978.0,209,2259,1306.11,27.31,754.8,8.0,3.63,11.98,7.23,0.194,1306.11,125.46,0.0967,-161.093,2.583,-0.4999999999999997,-0.8660254037844388,1211.83,257.68,161.32,754.04,543.6100000000001,580.6976740955658,413.80999999999995,3.702848350556956,-0.37428571428571544,146.85000000000002,28.32,10.54,6.43,301.0,-0.30564783037714854,922.68,1467978.2
2017-08-01,2017,8,Southwest Monsoon,Southwest Monsoon,0,Thrissur,Oil Sardine,Sardinella longiceps,2.3,Prey (Small Pelagic),1467978.2,1591,15915,922.68,27.17,374.5,6.9,2.58,10.15,5.8,1.473,922.68,115.93,0.1266,-97.111,1.853,-0.8660254037844385,-0.5000000000000004,1306.11,1211.83,257.68,825.53,925.2066666666668,580.0138512426521,565.73,0.07779969073385135,-0.20714285714285197,-42.51428571428568,27.31,11.98,7.23,209.0,6.6124398750028766,808.07,1127260.1
2017-09-01,2017,9,Southwest Monsoon,Southwest Monsoon,0,Thrissur,Oil Sardine,Sardinella longiceps,2.3,Prey (Small Pelagic),1127260.1,1395,16645,808.07,27.51,259.9,4.6,1.83,6.63,3.98,1.292,808.07,86.63,0.1083,-64.681,1.488,-1.0,-1.8369701987210297e-16,922.68,1306.11,1211.83,474.91,1146.8733333333334,199.79781688830687,669.55,-0.2935663895570328,-0.5128571428571398,9.92142857142855,27.17,10.15,5.8,1591.0,-0.12319295962795122,400.52,529088.4
2017-10-01,2017,10,Post-Monsoon,Post-Monsoon,0,Thrissur,Oil Sardine,Sardinella longiceps,2.3,Prey (Small Pelagic),529088.4,1321,17128,400.52,28.83,351.2,4.0,1.19,1.26,1.85,1.223,400.52,110.55,0.2778,-36.655,0.766,-0.8660254037844386,0.5000000000000001,808.07,922.68,1306.11,77.57,1012.2866666666667,260.8313179687849,777.9483333333333,-0.12421424411264737,0.03142857142857025,48.64285714285711,27.51,6.63,3.98,1395.0,-0.05304659460181653,296.28,361762.6
2017-11-01,2017,11,Post-Monsoon,Post-Monsoon,0,Thrissur,Oil Sardine,Sardinella longiceps,2.3,Prey (Small Pelagic),361762.6,1221,12414,296.28,28.83,165.9,3.6,0.81,1.56,1.44,1.131,296.28,89.62,0.3048,-19.153,0.524,-0.5000000000000004,0.8660254037844384,400.52,808.07,922.68,113.99,710.4233333333335,274.43381721889415,817.815,-0.5043498644381074,-0.18571428571429038,-2.2571428571428385,28.83,1.26,1.85,1321.0,-0.07570022652762887,373.44,470165.4
2017-12-01,2017,12,Winter / Post-Monsoon,Northeast/Dry,0,Thrissur,Oil Sardine,Sardinella longiceps,2.3,Prey (Small Pelagic),470165.4,1259,17547,373.44,28.38,35.8,4.1,1.03,1.28,0.89,1.166,373.44,98.6,0.266,-31.593,0.745,-2.4492935982947064e-16,1.0,296.28,400.52,808.07,221.17,501.6233333333335,270.460096933602,824.2483333333333,-0.2602616533441114,-0.11857142857143188,0.4214285714285708,28.83,1.56,1.44,1221.0,0.031122030867141433,240.07,303214.5
2018-01-01,2018,1,Winter / Post-Monsoon,Northeast/Dry,0,Thrissur,Oil Sardine,Sardinella longiceps,2.3,Prey (Small Pelagic),303214.5,1263,13436,240.07,28.27,10.0,2.7,1.2,1.45,1.1,1.169,240.07,88.98,0.3733,-14.629,0.557,0.49999999999999994,0.8660254037844387,373.44,296.28,400.52,394.59,356.74666666666684,54.087844598702084,684.5166666666665,0.260429314822826,-0.006428571428571672,1.5428571428571427,28.38,1.28,0.89,1259.0,0.003177124676909256,353.9,432824.4
2018-02-01,2018,2,Winter / Post-Monsoon,Northeast/Dry,0,Thrissur,Oil Sardine,Sardinella longiceps,2.3,Prey (Small Pelagic),432824.4,1223,14626,353.9,28.61,10.6,3.6,1.21,1.27,1.09,1.132,353.9,76.9,0.2195,-21.003,0.698,0.8660254037844386,0.5000000000000001,240.07,373.44,296.28,299.76,303.2633333333335,66.95867705781924,506.8433333333334,-0.35713902214173576,-0.041428571428571814,-0.05714285714285694,28.27,1.45,1.1,1263.0,-0.0316706252440964,212.6,240451.0
2018-03-01,2018,3,Pre-Monsoon / Summer,Pre-Monsoon,0,Thrissur,Oil Sardine,Sardinella longiceps,2.3,Prey (Small Pelagic),240451.0,1131,14053,212.6,29.04,28.4,3.3,1.28,0.59,0.84,1.047,212.6,77.82,0.369,-10.328,0.439,1.0,6.123233995736766e-17,353.9,240.07,373.44,157.68,322.47000000000014,72.0261959289813,412.0466666666666,0.474153352182557,-0.49571428571428555,3.664285714285711,28.61,1.27,1.09,1223.0,-0.0752248562941549,119.46,158166.7
2018-04-01,2018,4,Pre-Monsoon / Summer,Pre-Monsoon,0,Thrissur,Oil Sardine,Sardinella longiceps,2.3,Prey (Small Pelagic),158166.7,1324,17188,119.46,30.26,81.9,4.3,1.2,0.71,0.76,1.226,119.46,53.4,0.4516,-1.829,0.24,0.8660254037844387,-0.4999999999999998,212.6,353.9,240.07,161.32,268.85666666666685,74.91946765249546,312.8016666666667,-0.3992653179071682,-0.041428571428571814,-7.507142857142853,29.04,0.59,0.84,1131.0,0.170645444998714,147.57,225199.4
2018-05-01,2018,5,Pre-Monsoon / Summer,Pre-Monsoon,0,Thrissur,Oil Sardine,Sardinella longiceps,2.3,Prey (Small Pelagic),225199.4,1526,16971,147.57,30.11,262.5,5.3,2.23,1.57,1.43,1.413,147.57,63.5,0.4341,-3.836,0.31,0.49999999999999994,-0.8660254037844387,119.46,212.6,353.9,257.68,228.65333333333345,118.04156273674666,265.9583333333333,-0.43809969717310926,-0.019999999999999574,1.4428571428571217,30.26,0.71,0.76,1324.0,0.15256797467848962,1514.68,392302.0
2018-06-01,2018,6,Southwest Monsoon,Southwest Monsoon,1,Thrissur,Oil Sardine,Sardinella longiceps,2.3,Prey (Small Pelagic),392302.0,259,3661,1514.68,28.5,809.8,8.3,3.6,12.39,7.72,0.24,1514.68,228.01,0.1511,-349.884,3.057,1.2246467991473532e-16,-1.0,147.57,119.46,212.6,1211.83,159.8766666666668,47.77400373982971,241.17333333333332,0.23530887030731037,-0.09071428571428442,140.0785714285713,30.11,1.57,1.43,1526.0,-0.8302752239169383,1248.84,383394.2
2018-07-01,2018,7,Southwest Monsoon,Southwest Monsoon,1,Thrissur,Oil Sardine,Sardinella longiceps,2.3,Prey (Small Pelagic),383394.2,307,3593,1248.84,27.37,723.8,8.4,3.15,12.79,7.59,0.284,1248.84,173.99,0.14,-210.07,2.641,-0.4999999999999997,-0.8660254037844388,1514.68,147.57,119.46,1306.11,593.9033333333335,797.5398394019785,431.37999999999994,9.264145201318344,-0.31428571428571317,115.85000000000002,28.5,12.39,7.72,259.0,0.18532817817265723,1055.59,1580215.9
2018-08-01,2018,8,Southwest Monsoon,Southwest Monsoon,0,Thrissur,Oil Sardine,Sardinella longiceps,2.3,Prey (Small Pelagic),1580215.9,1497,16606,1055.59,27.42,371.4,7.8,2.58,10.79,6.05,1.386,1055.59,129.05,0.1231,-129.616,2.247,-0.8660254037844385,-0.5000000000000004,1248.84,1514.68,147.57,922.68,970.3633333333333,724.8512802177656,599.5083333333333,-0.1755090172478081,0.042857142857148034,-45.6142857142857,27.37,12.79,7.59,307.0,3.876221372110053,979.89,1165091.2
2018-09-01,2018,9,Southwest Monsoon,Southwest Monsoon,0,Thrissur,Oil Sardine,Sardinella longiceps,2.3,Prey (Small Pelagic),1165091.2,1189,11661,979.89,27.8,240.5,6.3,2.6,9.52,5.12,1.101,979.89,141.67,0.1454,-134.17,1.964,-1.0,-1.8369701987210297e-16,1055.59,1248.84,1514.68,808.07,1273.0366666666669,230.49949247955848,716.4566666666666,-0.15474360082361552,-0.22285714285714064,-9.478571428571428,27.42,10.79,6.05,1497.0,-0.205744821604911,282.82,428193.3
2018-10-01,2018,10,Post-Monsoon,Post-Monsoon,0,Thrissur,Oil Sardine,Sardinella longiceps,2.3,Prey (Small Pelagic),428193.3,1514,17793,282.82,28.71,262.1,4.3,1.09,1.58,1.63,1.402,282.82,94.45,0.3363,-19.05,0.612,-0.8660254037844386,0.5000000000000001,979.89,1055.59,1248.84,400.52,1094.7733333333333,138.69039560594632,844.3383333333333,-0.07171344867123168,-0.08857142857142719,-40.457142857142856,27.8,9.52,5.12,1189.0,0.2733389379870569,284.21,405278.5
2018-11-01,2018,11,Post-Monsoon,Post-Monsoon,0,Thrissur,Oil Sardine,Sardinella longiceps,2.3,Prey (Small Pelagic),405278.5,1426,19143,284.21,29.05,194.9,4.2,0.85,1.39,1.5,1.32,284.21,87.96,0.3119,-17.52,0.579,-0.5000000000000004,0.8660254037844384,282.82,979.89,1055.59,296.28,772.7666666666668,425.9911086317808,871.565,-0.711375759407936,0.03428571428571203,26.74285714285716,28.71,1.58,1.63,1514.0,-0.0581241739886118,418.88,521499.4
2018-12-01,2018,12,Winter / Post-Monsoon,Northeast/Dry,0,Thrissur,Oil Sardine,Sardinella longiceps,2.3,Prey (Small Pelagic),521499.4,1245,17242,418.88,28.57,36.0,3.8,1.29,1.15,1.05,1.153,418.88,73.02,0.1763,-25.889,0.743,-2.4492935982947064e-16,1.0,284.21,282.82,979.89,373.44,515.6400000000002,402.052894405699,894.3383333333333,0.00491478661640662,0.0714285714285694,0.6214285714285737,29.05,1.39,1.5,1426.0,-0.12692847035814536,283.67,366781.4
2019-01-01,2019,1,Winter / Post-Monsoon,Northeast/Dry,0,Thrissur,Oil Sardine,Sardinella longiceps,2.3,Prey (Small Pelagic),366781.4,1293,18126,283.67,28.24,9.3,3.2,0.85,0.38,0.53,1.197,283.67,29.0,0.1054,-2.591,0.533,0.49999999999999994,0.8660254037844387,418.88,284.21,282.82,240.07,328.6366666666668,78.15610937945534,711.7049999999999,0.47383974969776765,-0.03642857142857281,0.8428571428571434,28.57,1.15,1.05,1245.0,0.038554216557797456,154.86,258763.8
2019-02-01,2019,2,Winter / Post-Monsoon,Northeast/Dry,0,Thrissur,Oil Sardine,Sardinella longiceps,2.3,Prey (Small Pelagic),258763.8,1671,19146,154.86,28.35,10.7,3.2,0.5,1.0,0.82,1.547,154.86,27.51,0.1829,1.129,0.332,0.8660254037844386,0.5000000000000001,283.67,418.88,284.21,353.9,328.92000000000013,77.90811318470017,550.8433333333334,-0.3227893353039215,-0.3014285714285698,0.042857142857142705,28.24,0.38,0.53,1293.0,0.29234338521002795,103.76,109573.2
2019-03-01,2019,3,Pre-Monsoon / Summer,Pre-Monsoon,0,Thrissur,Oil Sardine,Sardinella longiceps,2.3,Prey (Small Pelagic),109573.2,1056,14918,103.76,29.51,23.6,4.0,1.27,1.01,0.82,0.978,103.76,45.46,0.4435,-0.586,0.209,1.0,6.123233995736766e-17,154.86,283.67,418.88,212.6,285.8033333333335,132.0229276805107,400.72166666666675,-0.45408395480368197,-0.025714285714283136,-1.1357142857142861,28.35,1.0,0.82,1671.0,-0.3680430857687428,103.08,158023.7
2019-04-01,2019,4,Pre-Monsoon / Summer,Pre-Monsoon,0,Thrissur,Oil Sardine,Sardinella longiceps,2.3,Prey (Small Pelagic),158023.7,1533,15743,103.08,30.4,119.2,3.7,1.13,1.21,0.89,1.419,103.08,32.21,0.3191,0.809,0.194,0.8660254037844387,-0.4999999999999998,103.76,154.86,283.67,119.46,180.76333333333352,92.70997267464428,254.69999999999996,-0.3299754403993646,0.0985714285714252,29.792857142857144,29.51,1.01,0.82,1056.0,0.45170454117704034,154.22,222695.1
2019-05-01,2019,5,Pre-Monsoon / Summer,Pre-Monsoon,0,Thrissur,Oil Sardine,Sardinella longiceps,2.3,Prey (Small Pelagic),222695.1,1444,20599,154.22,30.02,249.7,4.9,2.33,1.41,1.37,1.337,154.22,38.71,0.2558,-0.3,0.303,0.49999999999999994,-0.8660254037844387,103.08,103.76,154.86,147.57,120.56666666666683,29.70084398351749,224.74333333333334,-0.006553584564997697,-0.10999999999999943,-11.35714285714289,30.4,1.21,0.89,1533.0,-0.0580560987732805,1020.87,215403.4
2019-06-01,2019,6,Southwest Monsoon,Southwest Monsoon,1,Thrissur,Oil Sardine,Sardinella longiceps,2.3,Prey (Small Pelagic),215403.4,211,2947,1020.87,28.94,709.7,7.6,3.51,11.95,7.12,0.195,1020.87,186.93,0.1839,-178.406,2.029,1.2246467991473532e-16,-1.0,154.22,103.08,103.76,1514.68,120.35333333333348,29.331364327852985,203.0783333333333,0.496119470690777,0.34928571428571686,39.9785714285714,30.02,1.41,1.37,1444.0,-0.853878110430207,952.43,275253.4
2019-07-01,2019,7,Southwest Monsoon,Southwest Monsoon,1,Thrissur,Oil Sardine,Sardinella longiceps,2.3,Prey (Small Pelagic),275253.4,289,3594,952.43,27.38,552.8,7.6,3.78,11.7,6.77,0.268,952.43,97.74,0.1036,-80.287,1.928,-0.4999999999999997,-0.8660254037844388,1020.87,154.22,103.08,1248.84,426.05666666666684,515.7576960485742,303.41,5.619569081859092,-0.30428571428571516,-55.14999999999998,28.94,11.95,7.12,211.0,0.36966822892567636,485.74,622238.2
2019-08-01,2019,8,Southwest Monsoon,Southwest Monsoon,0,Thrissur,Oil Sardine,Sardinella longiceps,2.3,Prey (Small Pelagic),622238.2,1281,14117,485.74,26.7,444.6,6.7,2.69,10.05,5.66,1.186,485.74,60.62,0.1266,-15.376,1.162,-0.8660254037844385,-0.5000000000000004,952.43,1020.87,154.22,1055.59,709.1733333333335,481.82041263663126,414.86999999999995,-0.06704085665127929,-0.6771428571428544,27.585714285714346,27.38,11.7,6.77,289.0,3.4325258327845733,734.18,845045.7
2019-09-01,2019,9,Southwest Monsoon,Southwest Monsoon,0,Thrissur,Oil Sardine,Sardinella longiceps,2.3,Prey (Small Pelagic),845045.7,1151,14337,734.18,27.72,214.5,6.0,1.72,9.15,4.88,1.066,734.18,108.26,0.1486,-68.425,1.494,-1.0,-1.8369701987210297e-16,485.74,952.43,1020.87,979.89,819.6800000000002,291.21804734597134,470.01666666666665,-0.48999925989312326,-0.3028571428571425,-35.47857142857143,26.7,10.05,5.66,1281.0,-0.1014832154450959,287.81,402070.7
2019-10-01,2019,10,Post-Monsoon,Post-Monsoon,0,Thrissur,Oil Sardine,Sardinella longiceps,2.3,Prey (Small Pelagic),402070.7,1397,16059,287.81,28.86,279.9,4.5,1.38,1.3,1.3,1.294,287.81,61.05,0.2148,-10.404,0.578,-0.8660254037844386,0.5000000000000001,734.18,485.74,952.43,282.82,724.1166666666668,233.50769159351833,575.0866666666667,0.5114670294505902,0.06142857142857139,-22.6571428571429,27.72,9.15,4.88,1151.0,0.2137271918876873,198.14,253228.8
2019-11-01,2019,11,Post-Monsoon,Post-Monsoon,0,Thrissur,Oil Sardine,Sardinella longiceps,2.3,Prey (Small Pelagic),253228.8,1278,13337,198.14,28.63,168.1,4.0,0.89,1.09,1.17,1.183,198.14,70.21,0.3576,-7.535,0.397,-0.5000000000000004,0.8660254037844384,287.81,734.18,485.74,284.21,502.5766666666668,223.66079055867948,605.875,-0.6079844097090031,-0.3857142857142897,-0.057142857142849834,28.86,1.3,1.3,1397.0,-0.08518253339167836,229.72,280026.8
2019-12-01,2019,12,Winter / Post-Monsoon,Northeast/Dry,0,Thrissur,Oil Sardine,Sardinella longiceps,2.3,Prey (Small Pelagic),280026.8,1219,16023,229.72,28.04,36.2,3.2,1.21,0.73,0.49,1.129,229.72,55.41,0.2445,-6.913,0.457,-2.4492935982947064e-16,1.0,198.14,287.81,734.18,418.88,406.7100000000001,287.11953590795605,613.1949999999999,-0.31155969870540645,-0.45857142857143174,0.8214285714285765,28.63,1.09,1.17,1278.0,-0.04616588383281781,356.45,494751.3
2020-01-01,2020,1,Winter / Post-Monsoon,Northeast/Dry,0,Thrissur,Oil Sardine,Sardinella longiceps,2.3,Prey (Small Pelagic),494751.3,1388,13592,356.45,27.64,9.1,3.8,1.27,1.01,0.98,1.285,356.45,63.44,0.1803,-16.762,0.62,0.49999999999999994,0.8660254037844387,229.72,198.14,287.81,283.67,238.55666666666676,45.48342811764812,481.33666666666664,0.15938224692731173,-0.6364285714285707,0.6428571428571423,28.04,0.73,0.49,1219.0,0.1386382269184723,390.4,517285.7
2020-02-01,2020,2,Winter / Post-Monsoon,Northeast/Dry,0,Thrissur,Oil Sardine,Sardinella longiceps,2.3,Prey (Small Pelagic),517285.7,1325,14248,390.4,28.37,12.4,4.2,0.93,0.97,1.12,1.227,390.4,104.77,0.2702,-35.255,0.74,0.8660254037844386,0.5000000000000001,356.45,229.72,198.14,154.86,261.4366666666668,83.78528649669512,382.00666666666666,0.5516715761939937,-0.28142857142857025,1.7428571428571438,27.64,1.01,0.98,1388.0,-0.04538904866434403,158.64,76305.3
2020-03-01,2020,3,Pre-Monsoon / Summer,Pre-Monsoon,0,Thrissur,Oil Sardine,Sardinella longiceps,2.3,Prey (Small Pelagic),76305.3,481,6853,158.64,29.62,23.2,3.3,1.03,0.65,0.53,0.445,158.64,73.05,0.4639,-6.33,0.29,1.0,6.123233995736766e-17,390.4,356.45,229.72,103.76,325.5233333333335,84.68683270339807,366.1166666666666,0.09524477219119729,0.0842857142857163,-1.5357142857142883,28.37,0.97,1.12,1325.0,-0.636981127268067,104.11,51745.0
2020-04-01,2020,4,Pre-Monsoon / Summer,Pre-Monsoon,0,Thrissur,Oil Sardine,Sardinella longiceps,2.3,Prey (Small Pelagic),51745.0,497,7006,104.11,30.09,81.4,3.7,1.11,0.99,0.94,0.46,104.11,79.91,0.7698,-4.146,0.205,0.8660254037844387,-0.4999999999999998,158.64,390.4,356.45,103.08,301.8300000000001,125.16262501242127,270.1933333333333,-0.5936475257774713,-0.21142857142857352,-8.007142857142853,29.62,0.65,0.53,481.0,0.03326403257247334,223.61,99731.0
2020-05-01,2020,5,Pre-Monsoon / Summer,Pre-Monsoon,0,Thrissur,Oil Sardine,Sardinella longiceps,2.3,Prey (Small Pelagic),99731.0,446,5100,223.61,29.6,302.9,5.7,2.1,1.67,1.88,0.413,223.61,95.04,0.4276,-13.914,0.484,0.49999999999999994,-0.8660254037844387,104.11,158.64,390.4,154.22,217.71666666666678,152.0132574262299,239.57666666666668,-0.34373421938135273,-0.5299999999999976,41.8428571428571,30.09,0.99,0.94,497.0,-0.1026156921002879,1530.73,477587.3
2020-06-01,2020,6,Southwest Monsoon,Southwest Monsoon,1,Thrissur,Oil Sardine,Sardinella longiceps,2.3,Prey (Small Pelagic),477587.3,312,3820,1530.73,28.27,668.3,8.4,3.53,12.23,7.34,0.289,1530.73,240.98,0.158,-377.317,3.247,1.2246467991473532e-16,-1.0,223.61,104.11,158.64,1020.87,162.12000000000015,59.82595841271462,243.82166666666663,1.1478243062314566,-0.32071428571428484,-1.4214285714286916,29.6,1.67,1.88,446.0,-0.30044842375676184,1004.1,307253.7
2020-07-01,2020,7,Southwest Monsoon,Southwest Monsoon,1,Thrissur,Oil Sardine,Sardinella longiceps,2.3,Prey (Small Pelagic),307253.7,306,3106,1004.1,27.18,358.8,8.4,3.39,12.12,6.65,0.283,1004.1,155.32,0.1555,-144.931,2.331,-0.4999999999999997,-0.8660254037844388,1530.73,223.61,104.11,952.43,619.4833333333335,791.421460495818,460.6566666666666,5.845534374780448,-0.5042857142857144,-249.14999999999992,28.27,12.23,7.34,312.0,-0.019230768614398444,1175.66,1667084.1
2020-08-01,2020,8,Southwest Monsoon,Southwest Monsoon,0,Thrissur,Oil Sardine,Sardinella longiceps,2.3,Prey (Small Pelagic),1667084.1,1418,14269,1175.66,27.4,511.6,6.8,3.21,10.49,6.12,1.313,1175.66,137.19,0.1174,-159.339,2.326,-0.8660254037844385,-0.5000000000000004,1004.1,1530.73,223.61,485.74,919.4800000000001,657.6557472568765,568.5983333333334,-0.3440384630598573,0.022857142857144908,94.58571428571435,27.18,12.12,6.65,306.0,3.6339868093468364,836.39,966870.7
2020-09-01,2020,9,Southwest Monsoon,Southwest Monsoon,0,Thrissur,Oil Sardine,Sardinella longiceps,2.3,Prey (Small Pelagic),966870.7,1156,16050,836.39,27.34,251.7,5.2,2.4,7.92,4.48,1.07,836.39,111.75,0.1346,-86.718,1.737,-1.0,-1.8369701987210297e-16,1175.66,1004.1,1530.73,734.18,1236.8300000000002,268.59098253664604,699.475,0.170859474446176,-0.6828571428571415,1.7214285714285609,27.4,10.49,6.12,1418.0,-0.18476727655312217,357.39,515357.9
2020-10-01,2020,10,Post-Monsoon,Post-Monsoon,0,Thrissur,Oil Sardine,Sardinella longiceps,2.3,Prey (Small Pelagic),515357.9,1442,19316,357.39,28.52,238.6,2.9,1.39,0.95,1.25,1.335,357.39,78.42,0.2216,-21.427,0.703,-0.8660254037844386,0.5000000000000001,836.39,1175.66,1004.1,287.81,1005.3833333333336,169.63864074359373,812.4333333333334,-0.28857832801508665,-0.27857142857142847,-63.957142857142884,27.34,7.92,4.48,1156.0,0.24740484215047714,350.75,511399.6
2020-11-01,2020,11,Post-Monsoon,Post-Monsoon,0,Thrissur,Oil Sardine,Sardinella longiceps,2.3,Prey (Small Pelagic),511399.6,1458,16748,350.75,29.0,172.0,3.5,1.2,1.07,1.15,1.35,350.75,80.15,0.2307,-21.692,0.689,-0.5000000000000004,0.8660254037844384,357.39,836.39,1175.66,198.14,789.8133333333335,411.1185809876925,854.6466666666666,-0.572699331977913,-0.015714285714288678,3.842857142857156,28.52,0.95,1.25,1442.0,0.011095700339142162,402.49,498276.6
2020-12-01,2020,12,Winter / Post-Monsoon,Northeast/Dry,0,Thrissur,Oil Sardine,Sardinella longiceps,2.3,Prey (Small Pelagic),498276.6,1238,17675,402.49,28.05,38.9,4.0,1.3,1.56,1.14,1.146,402.49,86.34,0.2165,-29.3,0.805,-2.4492935982947064e-16,1.0,350.75,357.39,836.39,229.72,514.8433333333335,278.4873723049819,875.8366666666666,-0.018579142713026554,-0.4485714285714302,3.5214285714285722,29.0,1.07,1.15,1458.0,-0.15089163133819183,468.24,636806.5
2021-01-01,2021,1,Winter / Post-Monsoon,Northeast/Dry,0,Thrissur,Oil Sardine,Sardinella longiceps,2.3,Prey (Small Pelagic),636806.5,1360,16826,468.24,28.22,9.3,3.3,0.94,1.14,1.05,1.259,468.24,96.15,0.207,-41.91,0.889,0.49999999999999994,0.8660254037844387,402.49,350.75,357.39,356.45,370.2100000000002,28.151753053764402,687.7966666666666,0.14751246906593107,-0.05642857142857238,0.8428571428571434,28.05,1.56,1.14,1238.0,0.09854604120722099,440.72,590559.8
2021-02-01,2021,2,Winter / Post-Monsoon,Northeast/Dry,0,Thrissur,Oil Sardine,Sardinella longiceps,2.3,Prey (Small Pelagic),590559.8,1340,18355,440.72,28.2,11.4,3.7,0.8,1.29,0.91,1.241,440.72,87.01,0.1992,-34.94,0.947,0.8660254037844386,0.5000000000000001,468.24,402.49,350.75,390.4,407.16000000000014,58.88405301947351,598.4866666666667,0.16335809179462615,-0.45142857142857196,0.7428571428571438,28.22,1.14,1.05,1360.0,-0.01470588224480969,214.27,317761.9
2021-03-01,2021,3,Pre-Monsoon / Summer,Pre-Monsoon,0,Thrissur,Oil Sardine,Sardinella longiceps,2.3,Prey (Small Pelagic),317761.9,1483,15715,214.27,29.7,24.2,3.6,0.72,1.04,0.77,1.373,214.27,79.97,0.3761,-10.988,0.396,1.0,6.123233995736766e-17,440.72,468.24,402.49,158.64,437.15000000000015,33.02005905506826,475.9966666666666,-0.058773277405320366,0.1642857142857146,-0.5357142857142883,28.2,1.29,0.91,1340.0,0.10671641711405659,221.71,262509.5
2021-04-01,2021,4,Pre-Monsoon / Summer,Pre-Monsoon,0,Thrissur,Oil Sardine,Sardinella longiceps,2.3,Prey (Small Pelagic),262509.5,1184,12511,221.71,30.14,98.4,4.4,1.01,1.7,1.2,1.096,221.71,97.86,0.4439,-15.0,0.435,0.8660254037844387,-0.4999999999999998,214.27,440.72,468.24,104.11,374.41000000000014,139.36625237122558,372.30999999999995,-0.5138182856730286,-0.1614285714285728,8.992857142857147,29.7,1.04,0.77,1483.0,-0.20161833984073946,168.51,215357.5
2021-05-01,2021,5,Pre-Monsoon / Summer,Pre-Monsoon,0,Thrissur,Oil Sardine,Sardinella longiceps,2.3,Prey (Small Pelagic),215357.5,1278,12378,168.51,30.03,256.1,5.4,2.13,1.5,1.5,1.183,168.51,84.01,0.5015,-8.097,0.357,0.49999999999999994,-0.8660254037844387,221.71,214.27,440.72,223.61,292.2333333333335,128.6470210822365,349.69666666666654,0.0347225446995592,-0.09999999999999787,-4.9571428571428555,30.14,1.7,1.2,1184.0,0.07939189122135228,1520.14,328349.3
2021-06-01,2021,6,Southwest Monsoon,Southwest Monsoon,1,Thrissur,Oil Sardine,Sardinella longiceps,2.3,Prey (Small Pelagic),328349.3,216,2378,1520.14,28.95,690.0,8.2,3.43,12.25,7.29,0.2,1520.14,287.57,0.1897,-445.353,3.077,1.2246467991473532e-16,-1.0,168.51,221.71,214.27,1530.73,201.4966666666668,28.808480232968343,319.32333333333327,-0.23995308105394075,0.3592857142857149,20.278571428571354,30.03,1.5,1.5,1278.0,-0.8309859089907206,1519.54,323661.1
2021-07-01,2021,7,Southwest Monsoon,Southwest Monsoon,1,Thrissur,Oil Sardine,Sardinella longiceps,2.3,Prey (Small Pelagic),323661.1,213,2025,1519.54,27.21,640.8,7.9,3.47,11.55,6.56,0.197,1519.54,167.86,0.1111,-269.666,2.585,-0.4999999999999997,-0.8660254037844388,1520.14,168.51,221.71,1004.1,636.7866666666669,765.4687411209774,505.5983333333333,8.02106652299172,-0.4742857142857133,32.85000000000002,28.95,12.25,7.29,216.0,-0.013888888245884802,1452.02,1910863.9
2021-08-01,2021,8,Southwest Monsoon,Southwest Monsoon,0,Thrissur,Oil Sardine,Sardinella longiceps,2.3,Prey (Small Pelagic),1910863.9,1316,16400,1452.02,27.73,445.8,6.9,2.75,10.28,5.95,1.219,1452.02,205.39,0.142,-313.969,2.747,-0.8660254037844385,-0.5000000000000004,1519.54,1520.14,168.51,1175.66,1069.3966666666668,780.1907969422186,680.8149999999999,-0.00039470048551655215,0.35285714285714675,28.785714285714334,27.21,11.55,6.56,213.0,5.178403512751009,1110.26,1340078.4
2021-09-01,2021,9,Southwest Monsoon,Southwest Monsoon,0,Thrissur,Oil Sardine,Sardinella longiceps,2.3,Prey (Small Pelagic),1340078.4,1207,12996,1110.26,27.99,239.4,4.9,1.93,7.84,4.27,1.118,1110.26,184.79,0.1672,-213.236,2.159,-1.0,-1.8369701987210297e-16,1452.02,1519.54,1520.14,836.39,1497.2333333333336,39.15704449182384,849.3649999999999,-0.04443449962202705,-0.03285714285714292,-10.578571428571422,27.73,10.28,5.95,1316.0,-0.08282674709098217,367.11,412266.6
2021-10-01,2021,10,Post-Monsoon,Post-Monsoon,0,Thrissur,Oil Sardine,Sardinella longiceps,2.3,Prey (Small Pelagic),412266.6,1123,11885,367.11,28.18,270.1,4.2,1.82,0.92,1.22,1.04,367.11,103.47,0.2838,-31.605,0.673,-0.8660254037844386,0.5000000000000001,1110.26,1452.02,1519.54,357.39,1360.6066666666668,219.41929662938594,998.6966666666666,-0.23536865721292644,-0.6185714285714283,-32.457142857142856,27.99,7.84,4.27,1207.0,-0.06959403422043053,562.9,578656.5
2021-11-01,2021,11,Post-Monsoon,Post-Monsoon,0,Thrissur,Oil Sardine,Sardinella longiceps,2.3,Prey (Small Pelagic),578656.5,1028,12394,562.9,28.87,171.7,3.9,1.18,1.5,1.52,0.952,562.9,109.22,0.1955,-59.623,1.002,-0.5000000000000004,0.8660254037844384,367.11,1110.26,1452.02,350.75,976.4633333333335,554.6923363751602,1022.9299999999998,-0.6693477143250436,-0.14571428571428768,3.5428571428571445,28.18,0.92,1.22,1123.0,-0.08459483450939595,496.89,616144.9
2021-12-01,2021,12,Winter / Post-Monsoon,Northeast/Dry,0,Thrissur,Oil Sardine,Sardinella longiceps,2.3,Prey (Small Pelagic),616144.9,1240,14811,496.89,28.52,31.7,5.0,1.03,1.79,1.22,1.148,496.89,116.79,0.2366,-55.127,0.888,-2.4492935982947064e-16,1.0,562.9,367.11,1110.26,402.49,680.0900000000001,385.18580282767437,1088.6616666666666,0.5333278708472154,0.021428571428568688,-3.678571428571427,28.87,1.5,1.52,1028.0,0.20622567892776578,429.92,656490.8
2022-01-01,2022,1,Winter / Post-Monsoon,Northeast/Dry,0,Thrissur,Oil Sardine,Sardinella longiceps,2.3,Prey (Small Pelagic),656490.8,1527,19167,429.92,27.65,7.3,3.7,0.82,0.96,0.73,1.414,429.92,82.04,0.1927,-32.357,0.816,0.49999999999999994,0.8660254037844387,496.89,562.9,367.11,468.24,475.6333333333335,99.6108198607614,918.1199999999999,-0.11726771864864596,-0.6264285714285727,-1.1571428571428575,28.52,1.79,1.22,1240.0,0.23145161103668055,407.77,533775.1
2022-02-01,2022,2,Winter / Post-Monsoon,Northeast/Dry,0,Thrissur,Oil Sardine,Sardinella longiceps,2.3,Prey (Small Pelagic),533775.1,1309,13424,407.77,28.31,10.7,3.5,0.88,1.02,0.84,1.212,407.77,104.76,0.2587,-38.567,0.772,0.8660254037844386,0.5000000000000001,429.92,496.89,562.9,440.72,496.5700000000001,66.4905775279457,736.5166666666665,-0.1347783184451625,-0.3414285714285725,0.042857142857142705,27.65,0.96,0.73,1527.0,-0.14276358780115528,470.75,689645.2
2022-03-01,2022,3,Pre-Monsoon / Summer,Pre-Monsoon,0,Thrissur,Oil Sardine,Sardinella longiceps,2.3,Prey (Small Pelagic),689645.2,1465,17816,470.75,29.04,29.5,3.1,1.15,1.0,1.04,1.356,470.75,131.38,0.2806,-58.879,0.88,1.0,6.123233995736766e-17,407.77,429.92,496.89,214.27,444.8600000000001,46.400391162140885,562.4749999999999,-0.051521212050585956,-0.49571428571428555,4.7642857142857125,28.31,1.02,0.84,1309.0,0.11917494179392711,292.74,450823.7
2022-04-01,2022,4,Pre-Monsoon / Summer,Pre-Monsoon,0,Thrissur,Oil Sardine,Sardinella longiceps,2.3,Prey (Small Pelagic),450823.7,1540,20573,292.74,30.04,75.5,3.7,0.99,0.96,0.82,1.426,292.74,94.05,0.3236,-21.308,0.564,0.8660254037844387,-0.4999999999999998,470.75,407.77,429.92,221.71,436.1466666666668,31.948374502202828,455.8899999999999,0.15444980860657218,-0.26142857142857423,-13.907142857142858,29.04,1.0,1.04,1465.0,0.05119453889969598,213.25,269976.0
2022-05-01,2022,5,Pre-Monsoon / Summer,Pre-Monsoon,0,Thrissur,Oil Sardine,Sardinella longiceps,2.3,Prey (Small Pelagic),269976.0,1266,14459,213.25,29.8,226.9,4.6,1.66,1.08,1.22,1.172,213.25,105.04,0.4949,-15.778,0.396,0.49999999999999994,-0.8660254037844387,292.74,470.75,407.77,168.51,390.42000000000013,90.2643722628125,443.49499999999995,-0.37814125590778,-0.3299999999999983,-34.15714285714287,30.04,0.96,0.82,1540.0,-0.17792207676673977,2310.14,568293.7
2022-06-01,2022,6,Southwest Monsoon,Southwest Monsoon,1,Thrissur,Oil Sardine,Sardinella longiceps,2.3,Prey (Small Pelagic),568293.7,246,2893,2310.14,28.15,932.2,7.9,3.26,11.79,7.53,0.228,2310.14,311.76,0.1353,-794.757,4.335,1.2246467991473532e-16,-1.0,213.25,292.74,470.75,1520.14,325.58000000000015,131.85375117909803,385.21999999999997,-0.27153787417032615,-0.44071428571428584,262.4785714285714,29.8,1.08,1.22,1266.0,-0.8056871974274313,2243.15,585461.1
2022-07-01,2022,7,Southwest Monsoon,Southwest Monsoon,1,Thrissur,Oil Sardine,Sardinella longiceps,2.3,Prey (Small Pelagic),585461.1,261,2875,2243.15,27.41,517.1,8.5,4.01,12.7,7.04,0.242,2243.15,233.16,0.1043,-598.793,3.856,-0.4999999999999997,-0.8660254037844388,2310.14,213.25,292.74,1519.54,938.7100000000002,1188.3580473493669,687.4283333333333,9.833012434559791,-0.274285714285714,-90.84999999999991,28.15,11.79,7.53,246.0,0.060975607277414336,871.96,1166688.4
2022-08-01,2022,8,Southwest Monsoon,Southwest Monsoon,0,Thrissur,Oil Sardine,Sardinella longiceps,2.3,Prey (Small Pelagic),1166688.4,1338,13364,871.96,26.62,260.1,7.8,2.32,11.68,6.21,1.239,871.96,107.48,0.1243,-81.078,1.955,-0.8660254037844385,-0.5000000000000004,2243.15,2310.14,213.25,1452.02,1588.846666666667,1191.7724434779211,989.6333333333332,-0.028998242405229708,-0.7571428571428527,-156.91428571428565,27.41,12.7,7.04,261.0,4.126436623508176,1612.09,2426191.9
2022-09-01,2022,9,Southwest Monsoon,Southwest Monsoon,0,Thrissur,Oil Sardine,Sardinella longiceps,2.3,Prey (Small Pelagic),2426191.9,1505,16010,1612.09,27.68,291.6,6.2,2.06,9.5,5.29,1.394,1612.09,199.76,0.1245,-358.985,2.713,-1.0,-1.8369701987210297e-16,871.96,2243.15,2310.14,1110.26,1808.4166666666667,811.6866584054065,1066.9983333333332,-0.6112787793447662,-0.34285714285714164,41.621428571428595,26.62,11.68,6.21,1338.0,0.1248131530283023,557.43,758100.1
2022-10-01,2022,10,Post-Monsoon,Post-Monsoon,0,Thrissur,Oil Sardine,Sardinella longiceps,2.3,Prey (Small Pelagic),758100.1,1360,17203,557.43,28.54,337.9,3.5,1.24,1.19,1.57,1.259,557.43,117.87,0.2129,-63.33,1.062,-0.8660254037844386,0.5000000000000001,1612.09,871.96,2243.15,367.11,1575.7333333333336,686.3176082786562,1257.2216666666666,0.8488118623696973,-0.2585714285714289,35.3428571428571,27.68,9.5,5.29,1505.0,-0.09634551430999659,541.79,703788.4
2022-11-01,2022,11,Post-Monsoon,Post-Monsoon,0,Thrissur,Oil Sardine,Sardinella longiceps,2.3,Prey (Small Pelagic),703788.4,1299,13680,541.79,28.33,162.5,4.0,1.43,1.67,1.77,1.203,541.79,113.99,0.2118,-57.746,1.165,-0.5000000000000004,0.8660254037844384,557.43,1612.09,871.96,562.9,1013.8266666666669,541.4531763997084,1301.3366666666666,-0.6542190531904605,-0.6857142857142904,-5.657142857142844,28.54,1.19,1.57,1360.0,-0.044852940846669555,518.22,648807.6
2022-12-01,2022,12,Winter / Post-Monsoon,Northeast/Dry,0,Thrissur,Oil Sardine,Sardinella longiceps,2.3,Prey (Small Pelagic),648807.6,1252,15151,518.22,28.0,33.7,4.7,1.33,1.36,0.98,1.159,518.22,112.15,0.2179,-57.511,0.967,-2.4492935982947064e-16,1.0,541.79,557.43,1612.09,496.89,903.7700000000003,613.4729571871935,1356.0933333333332,-0.02805733404988366,-0.4985714285714309,-1.6785714285714235,28.33,1.67,1.77,1299.0,-0.03618167793547592,524.72,812271.8
2023-01-01,2023,1,Winter / Post-Monsoon,Northeast/Dry,0,Thrissur,Oil Sardine,Sardinella longiceps,2.3,Prey (Small Pelagic),812271.8,1548,17591,524.72,28.72,7.3,3.4,1.12,0.95,0.81,1.433,524.72,129.22,0.2477,-68.668,0.951,0.49999999999999994,0.8660254037844387,518.22,541.79,557.43,429.92,539.146666666667,19.73819731719767,1057.44,-0.043503939838240906,0.4435714285714276,-1.1571428571428575,28.0,1.36,0.98,1252.0,0.23642172335126418,368.54,466565.5
2023-02-01,2023,2,Winter / Post-Monsoon,Northeast/Dry,0,Thrissur,Oil Sardine,Sardinella longiceps,2.3,Prey (Small Pelagic),466565.5,1266,12225,368.54,29.13,7.9,4.6,0.5,1.39,1.1,1.172,368.54,123.48,0.3369,-39.503,0.757,0.8660254037844386,0.5000000000000001,524.72,518.22,541.79,407.77,528.2433333333337,12.173603958261635,771.0349999999999,0.012542935190788947,0.47857142857142776,-2.7571428571428562,28.72,0.95,0.81,1548.0,-0.18217054145884665,310.13,471712.8
2023-03-01,2023,3,Pre-Monsoon / Summer,Pre-Monsoon,0,Thrissur,Oil Sardine,Sardinella longiceps,2.3,Prey (Small Pelagic),471712.8,1521,20845,310.13,29.72,30.8,3.5,1.22,1.55,1.15,1.408,310.13,121.41,0.3934,-30.837,0.651,1.0,6.123233995736766e-17,368.54,524.72,518.22,470.75,470.49333333333374,88.35397067100308,687.1316666666665,-0.2976444523242024,0.18428571428571416,6.064285714285713,29.13,1.39,1.1,1266.0,0.20142179935685783,88.95,122841.6
2023-04-01,2023,4,Pre-Monsoon / Summer,Pre-Monsoon,0,Thrissur,Oil Sardine,Sardinella longiceps,2.3,Prey (Small Pelagic),122841.6,1381,19627,88.95,30.67,70.9,4.3,1.33,0.58,0.55,1.279,88.95,49.54,0.5619,-0.795,0.15,0.8660254037844387,-0.4999999999999998,310.13,368.54,524.72,292.74,401.13000000000034,110.94502287168623,470.13833333333326,-0.15849025455879276,0.36857142857142833,-18.507142857142853,29.72,1.55,1.15,1521.0,-0.09204470682416366,92.78,100578.7
2023-05-01,2023,5,Pre-Monsoon / Summer,Pre-Monsoon,0,Thrissur,Oil Sardine,Sardinella longiceps,2.3,Prey (Small Pelagic),100578.7,1084,13736,92.78,30.46,217.2,4.1,2.3,1.71,1.21,1.004,92.78,82.21,0.8873,-3.755,0.212,0.49999999999999994,-0.8660254037844387,88.95,310.13,368.54,213.25,255.87333333333365,147.48044424035342,392.0583333333332,-0.7131847704773879,0.33000000000000185,-43.85714285714289,30.67,0.58,0.55,1381.0,-0.21506154804444932,1658.28,376430.0
2023-06-01,2023,6,Southwest Monsoon,Southwest Monsoon,1,Thrissur,Oil Sardine,Sardinella longiceps,2.3,Prey (Small Pelagic),376430.0,227,2449,1658.28,28.81,607.3,7.0,3.43,10.31,6.2,0.21,1658.28,325.67,0.1969,-569.226,3.564,1.2246467991473532e-16,-1.0,92.78,88.95,310.13,2310.14,163.95333333333363,126.60719029080373,317.22333333333324,0.04305789285464946,0.2192857142857143,-62.42142857142869,30.46,1.71,1.21,1084.0,-0.7905903986107897,2269.91,764960.4
2023-07-01,2023,7,Southwest Monsoon,Southwest Monsoon,1,Thrissur,Oil Sardine,Sardinella longiceps,2.3,Prey (Small Pelagic),764960.4,337,3384,2269.91,28.14,556.0,8.9,3.02,13.72,7.63,0.312,2269.91,364.06,0.1608,-894.655,5.09,-0.4999999999999997,-0.8660254037844388,1658.28,92.78,88.95,2243.15,613.3366666666669,904.9494983883535,507.2333333333333,16.87324672631529,0.4557142857142864,-51.94999999999993,28.81,10.31,6.2,227.0,0.4845814764501552,2123.34,3140424.6
2023-08-01,2023,8,Southwest Monsoon,Southwest Monsoon,0,Thrissur,Oil Sardine,Sardinella longiceps,2.3,Prey (Small Pelagic),3140424.6,1479,16194,2123.34,27.62,454.9,7.7,3.29,11.31,6.55,1.369,2123.34,250.23,0.1183,-602.195,3.835,-0.8660254037844385,-0.5000000000000004,2269.91,1658.28,92.78,871.96,1340.3233333333335,1122.8517669903424,798.0983333333334,0.36883397032567494,0.24285714285714732,37.8857142857143,28.14,13.72,7.63,337.0,3.3887239350527025,1269.61,1846007.9
2023-09-01,2023,9,Southwest Monsoon,Southwest Monsoon,0,Thrissur,Oil Sardine,Sardinella longiceps,2.3,Prey (Small Pelagic),1846007.9,1454,17588,1269.61,28.66,216.2,5.3,2.04,7.82,4.6,1.346,1269.61,265.98,0.2101,-353.745,2.672,-1.0,-1.8369701987210297e-16,2123.34,2269.91,1658.28,1612.09,2017.176666666667,319.33650626468574,1090.5649999999998,-0.06457084173129829,0.6371428571428588,-33.77857142857144,27.62,11.31,6.55,1479.0,-0.016903312935068877,406.78,608539.0
2023-10-01,2023,10,Post-Monsoon,Post-Monsoon,0,Thrissur,Oil Sardine,Sardinella longiceps,2.3,Prey (Small Pelagic),608539.0,1496,18859,406.78,29.22,267.5,4.4,1.04,1.36,1.55,1.385,406.78,126.01,0.3115,-44.557,0.866,-0.8660254037844386,0.5000000000000001,1269.61,2123.34,2269.91,557.43,1887.6200000000001,540.2064062004468,1250.4783333333332,-0.4020693793642593,0.4214285714285708,-35.05714285714288,28.66,7.82,4.6,1454.0,0.028885831988405556,391.41,637213.3
2023-11-01,2023,11,Post-Monsoon,Post-Monsoon,0,Thrissur,Oil Sardine,Sardinella longiceps,2.3,Prey (Small Pelagic),637213.3,1628,21192,391.41,29.29,139.2,3.7,1.47,1.01,0.91,1.507,391.41,121.85,0.3131,-42.816,0.76,-0.5000000000000004,0.8660254037844384,406.78,1269.61,2123.34,541.79,1266.576666666667,858.2840201432942,1303.45,-0.6796023922338168,0.27428571428571047,-28.957142857142856,29.22,1.36,1.55,1496.0,0.08823529352783895,524.42,747823.0
2023-12-01,2023,12,Winter / Post-Monsoon,Northeast/Dry,0,Thrissur,Oil Sardine,Sardinella longiceps,2.3,Prey (Small Pelagic),747823.0,1426,18043,524.42,28.79,35.8,4.1,1.28,1.32,1.23,1.32,524.42,127.62,0.2448,-65.086,1.053,-2.4492935982947064e-16,1.0,391.41,406.78,1269.61,518.22,689.2666666666669,502.6508207825125,1353.2216666666666,-0.037784550917337234,0.29142857142856826,0.4214285714285708,29.29,1.01,0.91,1628.0,-0.12407862331647038,442.87,595658.1
2024-01-01,2024,1,Winter / Post-Monsoon,Northeast/Dry,0,Thrissur,Oil Sardine,Sardinella longiceps,2.3,Prey (Small Pelagic),595658.1,1345,19311,442.87,28.07,8.9,3.0,1.0,0.37,0.51,1.245,442.87,90.13,0.2053,-38.727,0.864,0.49999999999999994,0.8660254037844387,524.42,391.41,406.78,524.72,440.8700000000003,72.76339120739068,1164.245,0.3398226836355052,-0.20642857142857096,0.44285714285714306,28.79,1.32,1.23,1426.0,-0.056802243640937986,546.03,774273.6
2024-02-01,2024,2,Winter / Post-Monsoon,Northeast/Dry,0,Thrissur,Oil Sardine,Sardinella longiceps,2.3,Prey (Small Pelagic),774273.6,1418,15290,546.03,28.2,10.9,4.1,1.59,1.24,1.06,1.313,546.03,123.93,0.2284,-67.906,1.145,0.8660254037844386,0.5000000000000001,442.87,524.42,391.41,368.54,452.90000000000026,67.0698568658067,859.7383333333332,-0.1555051265110955,-0.45142857142857196,0.24285714285714377,28.07,0.37,0.51,1345.0,0.05427509253327069,242.38,304919.2
2024-03-01,2024,3,Pre-Monsoon / Summer,Pre-Monsoon,0,Thrissur,Oil Sardine,Sardinella longiceps,2.3,Prey (Small Pelagic),304919.2,1258,15838,242.38,29.67,29.2,3.5,0.63,1.03,0.77,1.165,242.38,92.82,0.3855,-16.222,0.483,1.0,6.123233995736766e-17,546.03,442.87,524.42,310.13,504.4400000000002,54.40493268077706,596.8533333333332,0.23293516759014676,0.134285714285717,4.464285714285712,28.2,1.24,1.06,1418.0,-0.1128349780477082,101.85,130265.9
2024-04-01,2024,4,Pre-Monsoon / Summer,Pre-Monsoon,0,Thrissur,Oil Sardine,Sardinella longiceps,2.3,Prey (Small Pelagic),130265.9,1279,16833,101.85,30.3,106.9,4.1,1.86,1.27,0.87,1.184,101.85,96.72,0.9501,-5.764,0.217,0.8660254037844387,-0.4999999999999998,242.38,546.03,442.87,88.95,410.42666666666696,154.40290811164488,425.64833333333326,-0.5561049657325611,-0.001428571428572667,17.492857142857147,29.67,1.03,0.77,1258.0,0.016693163619291226,124.47,167040.3
2024-05-01,2024,5,Pre-Monsoon / Summer,Pre-Monsoon,0,Thrissur,Oil Sardine,Sardinella longiceps,2.3,Prey (Small Pelagic),167040.3,1342,13586,124.47,30.43,238.3,5.3,1.45,1.36,1.18,1.243,124.47,86.33,0.696,-5.912,0.236,0.49999999999999994,-0.8660254037844387,101.85,242.38,546.03,92.78,296.7533333333336,227.02711871785903,374.8266666666666,-0.5797920381305373,0.3000000000000007,-22.757142857142867,30.3,1.27,0.87,1279.0,0.049257231827543144,2007.34,433585.0
2024-06-01,2024,6,Southwest Monsoon,Southwest Monsoon,1,Thrissur,Oil Sardine,Sardinella longiceps,2.3,Prey (Small Pelagic),433585.0,216,2184,2007.34,28.07,555.8,7.7,3.7,11.28,6.5,0.2,2007.34,291.24,0.1455,-643.307,4.146,1.2246467991473532e-16,-1.0,124.47,101.85,242.38,1658.28,156.23333333333363,75.45761878917611,330.33666666666653,0.2220912889453816,-0.5207142857142841,-113.92142857142869,30.43,1.36,1.18,1342.0,-0.8390461934497303,2379.61,602040.4
2024-07-01,2024,7,Southwest Monsoon,Southwest Monsoon,1,Thrissur,Oil Sardine,Sardinella longiceps,2.3,Prey (Small Pelagic),602040.4,253,3623,2379.61,28.14,586.5,8.3,3.26,12.54,7.02,0.234,2379.61,338.01,0.1424,-897.273,4.597,-0.4999999999999997,-0.8660254037844388,2007.34,124.47,101.85,2269.91,744.5533333333336,1093.6638149967903,577.4899999999999,15.127097684012396,0.4557142857142864,-21.449999999999932,28.07,11.28,6.5,216.0,0.17129628836591257,1977.65,2909128.3
2024-08-01,2024,8,Southwest Monsoon,Southwest Monsoon,0,Thrissur,Oil Sardine,Sardinella longiceps,2.3,Prey (Small Pelagic),2909128.3,1471,14423,1977.65,27.59,528.2,7.3,3.14,11.14,6.56,1.362,1977.65,232.32,0.1179,-513.982,3.654,-0.8660254037844385,-0.5000000000000004,2379.61,2007.34,124.47,2123.34,1503.806666666667,1208.955527814541,900.2799999999999,0.18545438149265017,0.2128571428571462,111.18571428571437,28.14,12.54,7.02,253.0,4.8142290587261245,1272.83,1561768.3
2024-09-01,2024,9,Southwest Monsoon,Southwest Monsoon,0,Thrissur,Oil Sardine,Sardinella longiceps,2.3,Prey (Small Pelagic),1561768.3,1227,17690,1272.83,28.01,235.8,5.2,1.94,8.04,4.47,1.136,1272.83,225.63,0.1779,-304.877,2.833,-1.0,-1.8369701987210297e-16,1977.65,2379.61,2007.34,1269.61,2121.5333333333333,223.99341158466245,1138.8833333333332,-0.16891843550448,-0.012857142857139792,-14.178571428571416,27.59,11.14,6.56,1471.0,-0.16587355427686232,519.92,680050.1
2024-10-01,2024,10,Post-Monsoon,Post-Monsoon,0,Thrissur,Oil Sardine,Sardinella longiceps,2.3,Prey (Small Pelagic),680050.1,1308,16035,519.92,28.65,356.4,4.4,1.23,1.23,1.57,1.211,519.92,131.08,0.2536,-64.336,1.018,-0.8660254037844386,0.5000000000000001,1272.83,1977.65,2379.61,406.78,1876.6966666666667,560.2536690940414,1310.625,-0.35639268648955746,-0.14857142857142946,53.8428571428571,28.01,8.04,4.47,1227.0,0.0660146693886335,396.01,555996.7
2024-11-01,2024,11,Post-Monsoon,Post-Monsoon,0,Thrissur,Oil Sardine,Sardinella longiceps,2.3,Prey (Small Pelagic),555996.7,1404,18314,396.01,29.19,160.4,4.1,1.38,1.39,1.31,1.3,396.01,130.42,0.331,-45.492,0.78,-0.5000000000000004,0.8660254037844384,519.92,1272.83,1977.65,391.41,1256.8000000000004,728.9971940275223,1380.3033333333333,-0.5915243937405279,0.1742857142857126,-7.7571428571428385,28.65,1.23,1.57,1308.0,0.07339449485172404,525.63,576087.3
2024-12-01,2024,12,Winter / Post-Monsoon,Northeast/Dry,0,Thrissur,Oil Sardine,Sardinella longiceps,2.3,Prey (Small Pelagic),576087.3,1096,12225,525.63,28.88,38.5,3.2,0.63,1.38,1.12,1.015,525.63,128.75,0.2464,-66.541,0.908,-2.4492935982947064e-16,1.0,396.01,519.92,1272.83,524.42,729.5866666666669,474.5244055191818,1425.5599999999997,-0.23832512235872588,0.3814285714285681,3.1214285714285737,29.19,1.39,1.31,1404.0,-0.21937321781073207,325.46,431879.3
2025-01-01,2025,1,Winter / Post-Monsoon,Northeast/Dry,0,Thrissur,Oil Sardine,Sardinella longiceps,2.3,Prey (Small Pelagic),431879.3,1327,13547,325.46,28.27,8.2,3.3,1.34,1.16,0.74,1.229,325.46,118.08,0.3648,-32.778,0.706,0.49999999999999994,0.8660254037844387,525.63,396.01,519.92,442.87,480.52000000000027,73.24347138140756,1178.6083333333333,0.32731495852844733,-0.006428571428571672,-0.257142857142858,28.88,1.38,1.12,1096.0,0.21076642143461294,359.87,545915.6
2025-02-01,2025,2,Winter / Post-Monsoon,Northeast/Dry,0,Thrissur,Oil Sardine,Sardinella longiceps,2.3,Prey (Small Pelagic),545915.6,1517,15871,359.87,29.05,11.8,3.5,1.3,1.05,0.93,1.405,359.87,118.6,0.3314,-37.045,0.739,0.8660254037844386,0.5000000000000001,325.46,525.63,396.01,546.03,415.7000000000003,101.52723427730575,836.2499999999999,-0.3808192001822728,0.39857142857142946,1.1428571428571441,28.27,1.16,0.74,1327.0,0.14318010442215445,249.39,420220.5
2025-03-01,2025,3,Pre-Monsoon / Summer,Pre-Monsoon,0,Thrissur,Oil Sardine,Sardinella longiceps,2.3,Prey (Small Pelagic),420220.5,1685,24431,249.39,29.46,20.8,4.2,0.97,1.05,0.73,1.56,249.39,96.02,0.3875,-17.73,0.446,1.0,6.123233995736766e-17,359.87,325.46,525.63,242.38,403.65333333333365,107.0268304367285,566.6199999999998,0.10572727506522239,-0.07571428571428385,-3.935714285714287,29.05,1.05,0.93,1517.0,0.11074489050267047,190.04,268709.9
2025-04-01,2025,4,Pre-Monsoon / Summer,Pre-Monsoon,0,Thrissur,Oil Sardine,Sardinella longiceps,2.3,Prey (Small Pelagic),268709.9,1414,17804,190.04,29.88,87.4,3.2,1.37,0.0,0.54,1.309,190.04,80.34,0.4258,-9.592,0.356,0.8660254037844387,-0.4999999999999998,249.39,359.87,325.46,101.85,311.57333333333366,56.53394761850635,396.04666666666645,-0.3069997413788385,-0.4214285714285744,-2.0071428571428527,29.46,1.05,0.73,1685.0,-0.16083085957963883,326.46,413628.5
2025-05-01,2025,5,Pre-Monsoon / Summer,Pre-Monsoon,0,Thrissur,Oil Sardine,Sardinella longiceps,2.3,Prey (Small Pelagic),413628.5,1267,16105,326.46,29.7,258.8,5.7,2.3,1.8,1.59,1.173,326.46,92.19,0.2846,-22.481,0.552,0.49999999999999994,-0.8660254037844387,190.04,249.39,359.87,124.47,266.4333333333336,86.18824533155268,341.0666666666665,-0.23798066329922357,-0.4299999999999997,-2.257142857142867,29.88,0.0,0.54,1414.0,-0.10396039530438193,2001.82,452410.7
2025-06-01,2025,6,Southwest Monsoon,Southwest Monsoon,1,Thrissur,Oil Sardine,Sardinella longiceps,2.3,Prey (Small Pelagic),452410.7,226,2803,2001.82,28.49,572.2,8.5,3.26,12.44,7.31,0.209,2001.82,335.4,0.168,-717.074,4.123,1.2246467991473532e-16,-1.0,326.46,190.04,249.39,2007.34,255.29666666666694,68.40153970000884,329.47499999999985,0.7178488361477143,-0.10071428571428598,-97.5214285714286,29.7,1.8,1.59,1267.0,-0.821625881439417,1903.04,548075.1
2025-07-01,2025,7,Southwest Monsoon,Southwest Monsoon,1,Thrissur,Oil Sardine,Sardinella longiceps,2.3,Prey (Small Pelagic),548075.1,288,3002,1903.04,27.83,707.7,7.6,3.22,11.18,6.95,0.267,1903.04,258.18,0.1361,-532.666,3.621,-0.4999999999999997,-0.8660254037844388,2001.82,326.46,190.04,2379.61,839.4400000000002,1008.958895297524,575.5066666666665,5.131899616127562,0.14571428571428413,99.75000000000011,28.49,12.44,7.31,226.0,0.27433627104706765,1396.48,2044442.2
2025-08-01,2025,8,Southwest Monsoon,Southwest Monsoon,0,Thrissur,Oil Sardine,Sardinella longiceps,2.3,Prey (Small Pelagic),2044442.2,1464,15511,1396.48,27.35,339.2,6.5,2.71,10.01,5.62,1.356,1396.48,176.67,0.1271,-261.731,2.61,-0.8660254037844385,-0.5000000000000004,1903.04,2001.82,326.46,1977.65,1410.4400000000003,940.0525795932914,838.4366666666665,-0.04934509571617279,-0.02714285714285225,-77.81428571428569,27.83,11.18,6.95,288.0,4.083333191550931,1350.7,2175974.0
2025-09-01,2025,9,Southwest Monsoon,Southwest Monsoon,0,Thrissur,Oil Sardine,Sardinella longiceps,2.3,Prey (Small Pelagic),2175974.0,1611,18919,1350.7,28.46,276.5,5.3,2.21,8.2,4.81,1.492,1350.7,236.7,0.1759,-339.774,2.581,-1.0,-1.8369701987210297e-16,1396.48,1903.04,2001.82,1272.83,1767.1133333333337,324.7555587412411,1011.2049999999998,-0.2661846295076056,0.4371428571428595,26.521428571428572,27.35,10.01,5.62,1464.0,0.10040983537971424,523.31,666171.8
2025-10-01,2025,10,Post-Monsoon,Post-Monsoon,0,Thrissur,Oil Sardine,Sardinella longiceps,2.3,Prey (Small Pelagic),666171.8,1273,17993,523.31,28.44,287.7,3.2,0.99,0.82,1.27,1.179,523.31,94.0,0.1812,-47.076,0.904,-0.8660254037844386,0.5000000000000001,1350.7,1396.48,1903.04,519.92,1550.0733333333337,306.5339343911783,1194.7566666666664,-0.03278242414655114,-0.35857142857142676,-14.85714285714289,28.46,8.2,4.81,1611.0,-0.20980757163372085,324.42,466186.5
2025-11-01,2025,11,Post-Monsoon,Post-Monsoon,0,Thrissur,Oil Sardine,Sardinella longiceps,2.3,Prey (Small Pelagic),466186.5,1437,20243,324.42,28.76,178.7,3.9,1.21,0.9,1.11,1.331,324.42,93.78,0.2913,-23.806,0.702,-0.5000000000000004,0.8660254037844384,523.31,1350.7,1396.48,396.01,1090.1633333333336,491.4427517354734,1250.3016666666665,-0.6125638512433268,-0.2557142857142871,10.542857142857144,28.44,0.82,1.27,1273.0,0.12882953551587167,381.83,529605.0
