date,year,month,quarter,district,region,latitude,longitude,species,catch_tonnes,fishing_effort_boat_days,cpue_kg_per_boat_day,sea_surface_temperature_c,salinity_psu,chlorophyll_a_mg_m3,upwelling_index,rainfall_mm,wind_speed_ms,air_temperature_c,wave_height_m,fishing_pressure,overfishing_risk_label,data_type
2012-01-01,2012,1,1,Kozhikode,North,11.25,75.78,Seer Fish,1391.67,6234.5,223.22,28.14,34.5,0.94,0.05,0.9,2.4,26.22,1.0,0.575,0.251,observed_and_verified_proxy
2012-02-01,2012,2,1,Kozhikode,North,11.25,75.78,Seer Fish,1390.46,5590.4,248.72,28.86,34.48,1.09,0.1,6.0,2.36,27.6,1.0,0.515,0.117,observed_and_verified_proxy
2012-03-01,2012,3,1,Kozhikode,North,11.25,75.78,Seer Fish,1452.62,5476.6,265.24,29.49,34.47,1.37,0.2,6.3,2.79,28.24,1.0,0.511,0.074,observed_and_verified_proxy
2012-04-01,2012,4,2,Kozhikode,North,11.25,75.78,Seer Fish,856.59,3438.1,249.15,29.85,33.89,1.96,0.35,147.3,2.7,28.11,1.05,0.272,0.0,observed_and_verified_proxy
2012-05-01,2012,5,2,Kozhikode,North,11.25,75.78,Seer Fish,856.28,3767.3,227.29,29.77,34.29,2.68,0.65,50.4,3.46,27.51,1.36,0.298,0.0,observed_and_verified_proxy
2012-06-01,2012,6,2,Kozhikode,North,11.25,75.78,Seer Fish,861.59,3582.2,240.52,28.91,32.12,4.17,0.95,570.6,3.59,26.13,2.21,0.284,0.0,observed_and_verified_proxy
2012-07-01,2012,7,3,Kozhikode,North,11.25,75.78,Seer Fish,1840.33,4526.0,406.61,27.27,32.99,4.05,1.0,362.4,3.71,25.56,2.8,0.446,0.0,observed_and_verified_proxy
2012-08-01,2012,8,3,Kozhikode,North,11.25,75.78,Seer Fish,1707.47,4829.7,353.54,26.55,32.34,3.97,0.9,518.4,3.49,25.18,2.21,0.468,0.0,observed_and_verified_proxy
2012-09-01,2012,9,3,Kozhikode,North,11.25,75.78,Seer Fish,1690.47,4695.2,360.04,26.93,33.54,2.77,0.6,230.7,2.97,25.49,1.36,0.454,0.0,observed_and_verified_proxy
2012-10-01,2012,10,4,Kozhikode,North,11.25,75.78,Seer Fish,2561.21,6731.6,380.47,27.07,33.61,1.91,0.3,212.7,2.13,26.22,1.05,0.706,0.072,observed_and_verified_proxy
2012-11-01,2012,11,4,Kozhikode,North,11.25,75.78,Seer Fish,2583.37,7681.7,336.3,27.14,33.98,1.29,0.12,124.5,1.9,26.01,1.0,0.807,0.301,observed_and_verified_proxy
2012-12-01,2012,12,4,Kozhikode,North,11.25,75.78,Seer Fish,2559.97,6788.4,377.11,27.51,34.46,0.98,0.06,9.0,1.88,26.49,1.0,0.712,0.087,observed_and_verified_proxy
2012-01-01,2012,1,1,Ernakulam,Central,9.98,76.28,Seer Fish,1272.95,4973.3,255.96,28.14,34.49,0.94,0.05,1.5,2.08,26.93,1.0,0.5,0.081,observed_and_verified_proxy
2012-02-01,2012,2,1,Ernakulam,Central,9.98,76.28,Seer Fish,1211.49,5631.4,215.13,28.86,34.41,1.11,0.1,21.6,2.15,28.59,1.0,0.558,0.248,observed_and_verified_proxy
2012-03-01,2012,3,1,Ernakulam,Central,9.98,76.28,Seer Fish,1247.49,5498.1,226.89,29.49,34.34,1.41,0.2,37.8,3.08,29.05,1.0,0.55,0.21,observed_and_verified_proxy
2012-04-01,2012,4,2,Ernakulam,Central,9.98,76.28,Seer Fish,799.11,3377.4,236.6,29.85,33.4,2.11,0.35,264.3,2.98,28.43,1.05,0.291,0.0,observed_and_verified_proxy
2012-05-01,2012,5,2,Ernakulam,Central,9.98,76.28,Seer Fish,804.28,3195.2,251.72,29.77,33.97,2.78,0.65,127.8,3.77,27.56,1.36,0.276,0.0,observed_and_verified_proxy
2012-06-01,2012,6,2,Ernakulam,Central,9.98,76.28,Seer Fish,799.4,3159.7,253.0,28.91,33.22,3.84,0.95,307.8,4.05,26.61,2.21,0.272,0.0,observed_and_verified_proxy
2012-07-01,2012,7,3,Ernakulam,Central,9.98,76.28,Seer Fish,1615.82,3805.1,424.65,27.27,33.6,3.87,1.0,216.6,4.29,26.26,2.8,0.407,0.0,observed_and_verified_proxy
2012-08-01,2012,8,3,Ernakulam,Central,9.98,76.28,Seer Fish,1553.85,4196.4,370.28,26.55,33.13,3.73,0.9,328.5,3.96,25.96,2.21,0.445,0.0,observed_and_verified_proxy
2012-09-01,2012,9,3,Ernakulam,Central,9.98,76.28,Seer Fish,1558.36,4341.6,358.94,26.93,33.77,2.7,0.6,176.1,3.5,26.33,1.36,0.46,0.0,observed_and_verified_proxy
2012-10-01,2012,10,4,Ernakulam,Central,9.98,76.28,Seer Fish,2144.5,6065.5,353.56,27.07,33.65,1.9,0.3,204.9,2.5,26.88,1.05,0.689,0.11,observed_and_verified_proxy
2012-11-01,2012,11,4,Ernakulam,Central,9.98,76.28,Seer Fish,2308.91,6543.8,352.84,27.14,33.95,1.3,0.12,132.9,2.11,26.86,1.0,0.753,0.195,observed_and_verified_proxy
2012-12-01,2012,12,4,Ernakulam,Central,9.98,76.28,Seer Fish,2291.8,6212.6,368.9,27.51,34.45,0.98,0.06,12.0,2.12,27.67,1.0,0.714,0.109,observed_and_verified_proxy
2012-01-01,2012,1,1,Alappuzha,South,9.49,76.33,Seer Fish,1140.73,4971.7,229.44,28.14,34.48,0.95,0.05,5.1,3.31,26.16,1.0,0.549,0.203,observed_and_verified_proxy
2012-02-01,2012,2,1,Alappuzha,South,9.49,76.33,Seer Fish,1101.65,4680.4,235.38,28.86,34.46,1.09,0.1,8.7,3.5,27.77,1.0,0.511,0.141,observed_and_verified_proxy
2012-03-01,2012,3,1,Alappuzha,South,9.49,76.33,Seer Fish,1152.78,4764.7,241.94,29.49,34.37,1.4,0.2,31.2,3.16,28.86,1.0,0.527,0.148,observed_and_verified_proxy
2012-04-01,2012,4,2,Alappuzha,South,9.49,76.33,Seer Fish,663.86,2936.2,226.09,29.85,33.89,1.96,0.35,147.3,3.5,28.5,1.05,0.266,0.0,observed_and_verified_proxy
2012-05-01,2012,5,2,Alappuzha,South,9.49,76.33,Seer Fish,701.31,2928.0,239.52,29.77,34.19,2.71,0.65,75.3,5.2,27.83,1.36,0.271,0.0,observed_and_verified_proxy
2012-06-01,2012,6,2,Alappuzha,South,9.49,76.33,Seer Fish,651.93,2772.9,235.11,28.91,34.07,3.59,0.95,103.5,5.89,27.06,2.21,0.249,0.0,observed_and_verified_proxy
2012-07-01,2012,7,3,Alappuzha,South,9.49,76.33,Seer Fish,1426.11,3675.1,388.05,27.27,33.94,3.77,1.0,133.8,6.12,26.69,2.8,0.432,0.0,observed_and_verified_proxy
2012-08-01,2012,8,3,Alappuzha,South,9.49,76.33,Seer Fish,1436.38,3697.6,388.46,26.55,33.85,3.52,0.9,156.9,5.26,26.32,2.21,0.435,0.0,observed_and_verified_proxy
2012-09-01,2012,9,3,Alappuzha,South,9.49,76.33,Seer Fish,1443.55,3568.9,404.48,26.93,34.18,2.58,0.6,77.7,4.92,26.59,1.36,0.421,0.0,observed_and_verified_proxy
2012-10-01,2012,10,4,Alappuzha,South,9.49,76.33,Seer Fish,1908.67,5356.3,356.34,27.07,33.64,1.9,0.3,205.8,3.37,26.77,1.05,0.674,0.084,observed_and_verified_proxy
2012-11-01,2012,11,4,Alappuzha,South,9.49,76.33,Seer Fish,2009.47,5517.3,364.22,27.14,33.95,1.3,0.12,131.1,2.84,26.58,1.0,0.701,0.102,observed_and_verified_proxy
2012-12-01,2012,12,4,Alappuzha,South,9.49,76.33,Seer Fish,2053.52,6005.6,341.93,27.51,34.27,1.04,0.06,54.0,4.25,26.63,1.0,0.767,0.237,observed_and_verified_proxy
2012-01-01,2012,1,1,Kollam,South,8.89,76.6,Seer Fish,1073.66,4324.3,248.29,28.14,34.48,0.95,0.05,5.1,3.31,26.16,1.0,0.502,0.101,observed_and_verified_proxy
2012-02-01,2012,2,1,Kollam,South,8.89,76.6,Seer Fish,986.5,4253.4,231.93,28.86,34.46,1.09,0.1,8.7,3.5,27.77,1.0,0.48,0.109,observed_and_verified_proxy
2012-03-01,2012,3,1,Kollam,South,8.89,76.6,Seer Fish,1068.63,4326.8,246.98,29.49,34.37,1.4,0.2,31.2,3.16,28.86,1.0,0.501,0.103,observed_and_verified_proxy
2012-04-01,2012,4,2,Kollam,South,8.89,76.6,Seer Fish,645.75,2949.0,218.97,29.85,33.89,1.96,0.35,147.3,3.5,28.5,1.05,0.283,0.0,observed_and_verified_proxy
2012-05-01,2012,5,2,Kollam,South,8.89,76.6,Seer Fish,620.48,2568.9,241.53,29.77,34.19,2.71,0.65,75.3,5.2,27.83,1.36,0.242,0.0,observed_and_verified_proxy
2012-06-01,2012,6,2,Kollam,South,8.89,76.6,Seer Fish,635.01,2695.2,235.6,28.91,34.07,3.59,0.95,103.5,5.89,27.06,2.21,0.256,0.0,observed_and_verified_proxy
2012-07-01,2012,7,3,Kollam,South,8.89,76.6,Seer Fish,1355.21,3324.7,407.62,27.27,33.94,3.77,1.0,133.8,6.12,26.69,2.8,0.413,0.0,observed_and_verified_proxy
2012-08-01,2012,8,3,Kollam,South,8.89,76.6,Seer Fish,1279.49,3397.0,376.66,26.55,33.85,3.52,0.9,156.9,5.26,26.32,2.21,0.415,0.0,observed_and_verified_proxy
2012-09-01,2012,9,3,Kollam,South,8.89,76.6,Seer Fish,1350.16,3130.1,431.35,26.93,34.18,2.58,0.6,77.7,4.92,26.59,1.36,0.388,0.0,observed_and_verified_proxy
2012-10-01,2012,10,4,Kollam,South,8.89,76.6,Seer Fish,1829.12,5673.4,322.4,27.07,33.64,1.9,0.3,205.8,3.37,26.77,1.05,0.758,0.269,observed_and_verified_proxy
2012-11-01,2012,11,4,Kollam,South,8.89,76.6,Seer Fish,1780.77,5142.0,346.32,27.14,33.95,1.3,0.12,131.1,2.84,26.58,1.0,0.683,0.118,observed_and_verified_proxy
2012-12-01,2012,12,4,Kollam,South,8.89,76.6,Seer Fish,1829.35,5688.1,321.61,27.51,34.27,1.04,0.06,54.0,4.25,26.63,1.0,0.76,0.273,observed_and_verified_proxy
2012-01-01,2012,1,1,Kannur,North,11.87,75.37,Seer Fish,780.97,3613.5,216.12,28.14,34.5,0.94,0.05,0.9,2.4,26.22,1.0,0.477,0.14,observed_and_verified_proxy
2012-02-01,2012,2,1,Kannur,North,11.87,75.37,Seer Fish,820.05,3568.6,229.79,28.86,34.48,1.09,0.1,6.0,2.36,27.6,1.0,0.48,0.113,observed_and_verified_proxy
2012-03-01,2012,3,1,Kannur,North,11.87,75.37,Seer Fish,833.25,3169.7,262.88,29.49,34.47,1.37,0.2,6.3,2.79,28.24,1.0,0.429,0.0,observed_and_verified_proxy
2012-04-01,2012,4,2,Kannur,North,11.87,75.37,Seer Fish,515.93,2306.9,223.65,29.85,33.89,1.96,0.35,147.3,2.7,28.11,1.05,0.254,0.0,observed_and_verified_proxy
2012-05-01,2012,5,2,Kannur,North,11.87,75.37,Seer Fish,508.5,2280.9,222.93,29.77,34.29,2.68,0.65,50.4,3.46,27.51,1.36,0.249,0.0,observed_and_verified_proxy
2012-06-01,2012,6,2,Kannur,North,11.87,75.37,Seer Fish,487.44,2013.0,242.14,28.91,32.12,4.17,0.95,570.6,3.59,26.13,2.21,0.215,0.0,observed_and_verified_proxy
2012-07-01,2012,7,3,Kannur,North,11.87,75.37,Seer Fish,1056.63,2822.7,374.33,27.27,32.99,4.05,1.0,362.4,3.71,25.56,2.8,0.415,0.0,observed_and_verified_proxy
2012-08-01,2012,8,3,Kannur,North,11.87,75.37,Seer Fish,1023.27,2819.3,362.95,26.55,32.34,3.97,0.9,518.4,3.49,25.18,2.21,0.41,0.0,observed_and_verified_proxy
2012-09-01,2012,9,3,Kannur,North,11.87,75.37,Seer Fish,1033.31,2765.5,373.64,26.93,33.54,2.77,0.6,230.7,2.97,25.49,1.36,0.403,0.0,observed_and_verified_proxy
2012-10-01,2012,10,4,Kannur,North,11.87,75.37,Seer Fish,1454.6,4135.7,351.72,27.07,33.61,1.91,0.3,212.7,2.13,26.22,1.05,0.666,0.084,observed_and_verified_proxy
2012-11-01,2012,11,4,Kannur,North,11.87,75.37,Seer Fish,1372.26,3905.8,351.34,27.14,33.98,1.29,0.12,124.5,1.9,26.01,1.0,0.62,0.025,observed_and_verified_proxy
2012-12-01,2012,12,4,Kannur,North,11.87,75.37,Seer Fish,1503.39,3837.3,391.79,27.51,34.46,0.98,0.06,9.0,1.88,26.49,1.0,0.623,0.0,observed_and_verified_proxy
2012-01-01,2012,1,1,Thiruvananthapuram,South,8.52,76.94,Seer Fish,645.23,2578.5,250.23,28.14,34.48,0.95,0.05,5.1,3.31,26.16,1.0,0.384,0.0,observed_and_verified_proxy
2012-02-01,2012,2,1,Thiruvananthapuram,South,8.52,76.94,Seer Fish,691.73,2695.7,256.61,28.86,34.46,1.09,0.1,8.7,3.5,27.77,1.0,0.414,0.0,observed_and_verified_proxy
2012-03-01,2012,3,1,Thiruvananthapuram,South,8.52,76.94,Seer Fish,640.27,2592.4,246.98,29.49,34.37,1.4,0.2,31.2,3.16,28.86,1.0,0.385,0.0,observed_and_verified_proxy
2012-04-01,2012,4,2,Thiruvananthapuram,South,8.52,76.94,Seer Fish,416.4,1804.4,230.77,29.85,33.89,1.96,0.35,147.3,3.5,28.5,1.05,0.217,0.0,observed_and_verified_proxy
2012-05-01,2012,5,2,Thiruvananthapuram,South,8.52,76.94,Seer Fish,393.59,1788.3,220.08,29.77,34.19,2.71,0.65,75.3,5.2,27.83,1.36,0.208,0.0,observed_and_verified_proxy
2012-06-01,2012,6,2,Thiruvananthapuram,South,8.52,76.94,Seer Fish,418.12,1675.4,249.57,28.91,34.07,3.59,0.95,103.5,5.89,27.06,2.21,0.202,0.0,observed_and_verified_proxy
2012-07-01,2012,7,3,Thiruvananthapuram,South,8.52,76.94,Seer Fish,794.5,2022.3,392.86,27.27,33.94,3.77,1.0,133.8,6.12,26.69,2.8,0.328,0.0,observed_and_verified_proxy
2012-08-01,2012,8,3,Thiruvananthapuram,South,8.52,76.94,Seer Fish,845.73,2261.7,373.94,26.55,33.85,3.52,0.9,156.9,5.26,26.32,2.21,0.376,0.0,observed_and_verified_proxy
2012-09-01,2012,9,3,Thiruvananthapuram,South,8.52,76.94,Seer Fish,807.45,2114.6,381.84,26.93,34.18,2.58,0.6,77.7,4.92,26.59,1.36,0.345,0.0,observed_and_verified_proxy
2012-10-01,2012,10,4,Thiruvananthapuram,South,8.52,76.94,Seer Fish,1162.02,3594.8,323.25,27.07,33.64,1.9,0.3,205.8,3.37,26.77,1.05,0.665,0.146,observed_and_verified_proxy
2012-11-01,2012,11,4,Thiruvananthapuram,South,8.52,76.94,Seer Fish,1130.09,3487.4,324.05,27.14,33.95,1.3,0.12,131.1,2.84,26.58,1.0,0.64,0.111,observed_and_verified_proxy
2012-12-01,2012,12,4,Thiruvananthapuram,South,8.52,76.94,Seer Fish,1202.09,3583.1,335.49,27.51,34.27,1.04,0.06,54.0,4.25,26.63,1.0,0.669,0.125,observed_and_verified_proxy
2012-01-01,2012,1,1,Malappuram,North,11.07,76.07,Seer Fish,514.39,2108.7,243.94,28.14,34.5,0.94,0.05,0.9,2.4,26.22,1.0,0.364,0.0,observed_and_verified_proxy
2012-02-01,2012,2,1,Malappuram,North,11.07,76.07,Seer Fish,529.0,2111.0,250.59,28.86,34.48,1.09,0.1,6.0,2.36,27.6,1.0,0.369,0.0,observed_and_verified_proxy
2012-03-01,2012,3,1,Malappuram,North,11.07,76.07,Seer Fish,539.12,2081.1,259.05,29.49,34.47,1.37,0.2,6.3,2.79,28.24,1.0,0.367,0.0,observed_and_verified_proxy
2012-04-01,2012,4,2,Malappuram,North,11.07,76.07,Seer Fish,331.13,1469.7,225.3,29.85,33.89,1.96,0.35,147.3,2.7,28.11,1.05,0.199,0.0,observed_and_verified_proxy
2012-05-01,2012,5,2,Malappuram,North,11.07,76.07,Seer Fish,316.61,1363.1,232.27,29.77,34.29,2.68,0.65,50.4,3.46,27.51,1.36,0.18,0.0,observed_and_verified_proxy
2012-06-01,2012,6,2,Malappuram,North,11.07,76.07,Seer Fish,308.01,1426.2,215.96,28.91,32.12,4.17,0.95,570.6,3.59,26.13,2.21,0.185,0.0,observed_and_verified_proxy
2012-07-01,2012,7,3,Malappuram,North,11.07,76.07,Seer Fish,637.73,1798.7,354.56,27.27,32.99,4.05,1.0,362.4,3.71,25.56,2.8,0.343,0.0,observed_and_verified_proxy
2012-08-01,2012,8,3,Malappuram,North,11.07,76.07,Seer Fish,642.49,1559.1,412.08,26.55,32.34,3.97,0.9,518.4,3.49,25.18,2.21,0.298,0.0,observed_and_verified_proxy
2012-09-01,2012,9,3,Malappuram,North,11.07,76.07,Seer Fish,635.84,1700.6,373.89,26.93,33.54,2.77,0.6,230.7,2.97,25.49,1.36,0.324,0.0,observed_and_verified_proxy
2012-10-01,2012,10,4,Malappuram,North,11.07,76.07,Seer Fish,899.39,2511.2,358.14,27.07,33.61,1.91,0.3,212.7,2.13,26.22,1.05,0.549,0.0,observed_and_verified_proxy
2012-11-01,2012,11,4,Malappuram,North,11.07,76.07,Seer Fish,923.73,2671.4,345.78,27.14,33.98,1.29,0.12,124.5,1.9,26.01,1.0,0.59,0.0,observed_and_verified_proxy
2012-12-01,2012,12,4,Malappuram,North,11.07,76.07,Seer Fish,912.44,2545.9,358.4,27.51,34.46,0.98,0.06,9.0,1.88,26.49,1.0,0.559,0.0,observed_and_verified_proxy
2012-01-01,2012,1,1,Thrissur,Central,10.52,76.21,Seer Fish,354.78,1478.3,240.0,28.14,34.49,0.94,0.05,1.5,2.08,26.93,1.0,0.292,0.0,observed_and_verified_proxy
2012-02-01,2012,2,1,Thrissur,Central,10.52,76.21,Seer Fish,358.43,1516.2,236.39,28.86,34.41,1.11,0.1,21.6,2.15,28.59,1.0,0.301,0.0,observed_and_verified_proxy
2012-03-01,2012,3,1,Thrissur,Central,10.52,76.21,Seer Fish,388.33,1617.9,240.02,29.49,34.34,1.41,0.2,37.8,3.08,29.05,1.0,0.337,0.0,observed_and_verified_proxy
2012-04-01,2012,4,2,Thrissur,Central,10.52,76.21,Seer Fish,217.12,950.7,228.39,29.85,33.4,2.11,0.35,264.3,2.98,28.43,1.05,0.137,0.0,observed_and_verified_proxy
2012-05-01,2012,5,2,Thrissur,Central,10.52,76.21,Seer Fish,232.97,1048.6,222.18,29.77,33.97,2.78,0.65,127.8,3.77,27.56,1.36,0.159,0.0,observed_and_verified_proxy
2012-06-01,2012,6,2,Thrissur,Central,10.52,76.21,Seer Fish,218.21,962.4,226.74,28.91,33.22,3.84,0.95,307.8,4.05,26.61,2.21,0.139,0.0,observed_and_verified_proxy
2012-07-01,2012,7,3,Thrissur,Central,10.52,76.21,Seer Fish,445.6,1284.3,346.95,27.27,33.6,3.87,1.0,216.6,4.29,26.26,2.8,0.288,0.0,observed_and_verified_proxy
2012-08-01,2012,8,3,Thrissur,Central,10.52,76.21,Seer Fish,463.89,1270.2,365.2,26.55,33.13,3.73,0.9,328.5,3.96,25.96,2.21,0.291,0.0,observed_and_verified_proxy
2012-09-01,2012,9,3,Thrissur,Central,10.52,76.21,Seer Fish,463.13,1117.6,414.4,26.93,33.77,2.7,0.6,176.1,3.5,26.33,1.36,0.256,0.0,observed_and_verified_proxy
2012-10-01,2012,10,4,Thrissur,Central,10.52,76.21,Seer Fish,662.21,1785.3,370.92,27.07,33.65,1.9,0.3,204.9,2.5,26.88,1.05,0.484,0.0,observed_and_verified_proxy
2012-11-01,2012,11,4,Thrissur,Central,10.52,76.21,Seer Fish,684.64,2039.5,335.68,27.14,33.95,1.3,0.12,132.9,2.11,26.86,1.0,0.561,0.0,observed_and_verified_proxy
2012-12-01,2012,12,4,Thrissur,Central,10.52,76.21,Seer Fish,653.04,1991.3,327.94,27.51,34.45,0.98,0.06,12.0,2.12,27.67,1.0,0.537,0.0,observed_and_verified_proxy
2012-01-01,2012,1,1,Kasaragod,North,12.5,74.99,Seer Fish,223.11,984.4,226.64,28.14,34.5,0.94,0.05,0.9,2.4,26.22,1.0,0.241,0.0,observed_and_verified_proxy
2012-02-01,2012,2,1,Kasaragod,North,12.5,74.99,Seer Fish,212.1,878.8,241.36,28.86,34.48,1.09,0.1,6.0,2.36,27.6,1.0,0.208,0.0,observed_and_verified_proxy
2012-03-01,2012,3,1,Kasaragod,North,12.5,74.99,Seer Fish,217.92,945.1,230.57,29.49,34.47,1.37,0.2,6.3,2.79,28.24,1.0,0.228,0.0,observed_and_verified_proxy
2012-04-01,2012,4,2,Kasaragod,North,12.5,74.99,Seer Fish,138.6,580.5,238.76,29.85,33.89,1.96,0.35,147.3,2.7,28.11,1.05,0.1,0.0,observed_and_verified_proxy
2012-05-01,2012,5,2,Kasaragod,North,12.5,74.99,Seer Fish,143.72,607.0,236.78,29.77,34.29,2.68,0.65,50.4,3.46,27.51,1.36,0.108,0.0,observed_and_verified_proxy
2012-06-01,2012,6,2,Kasaragod,North,12.5,74.99,Seer Fish,134.85,635.0,212.37,28.91,32.12,4.17,0.95,570.6,3.59,26.13,2.21,0.107,0.0,observed_and_verified_proxy
2012-07-01,2012,7,3,Kasaragod,North,12.5,74.99,Seer Fish,285.25,745.5,382.63,27.27,32.99,4.05,1.0,362.4,3.71,25.56,2.8,0.215,0.0,observed_and_verified_proxy
2012-08-01,2012,8,3,Kasaragod,North,12.5,74.99,Seer Fish,264.82,757.1,349.77,26.55,32.34,3.97,0.9,518.4,3.49,25.18,2.21,0.208,0.0,observed_and_verified_proxy
2012-09-01,2012,9,3,Kasaragod,North,12.5,74.99,Seer Fish,282.37,693.2,407.36,26.93,33.54,2.77,0.6,230.7,2.97,25.49,1.36,0.199,0.0,observed_and_verified_proxy
2012-10-01,2012,10,4,Kasaragod,North,12.5,74.99,Seer Fish,381.51,1211.9,314.79,27.07,33.61,1.91,0.3,212.7,2.13,26.22,1.05,0.416,0.0,observed_and_verified_proxy
2012-11-01,2012,11,4,Kasaragod,North,12.5,74.99,Seer Fish,384.16,1160.9,330.9,27.14,33.98,1.29,0.12,124.5,1.9,26.01,1.0,0.4,0.0,observed_and_verified_proxy
2012-12-01,2012,12,4,Kasaragod,North,12.5,74.99,Seer Fish,410.52,1136.3,361.27,27.51,34.46,0.98,0.06,9.0,1.88,26.49,1.0,0.407,0.0,observed_and_verified_proxy
2013-01-01,2013,1,1,Kozhikode,North,11.25,75.78,Seer Fish,1078.73,6183.7,174.45,28.14,34.5,0.94,0.05,0.9,2.52,27.09,1.0,0.529,0.301,observed_and_verified_proxy
2013-02-01,2013,2,1,Kozhikode,North,11.25,75.78,Seer Fish,1153.7,6106.1,188.94,28.86,34.35,1.13,0.1,36.9,2.48,27.75,1.0,0.534,0.274,observed_and_verified_proxy
2013-03-01,2013,3,1,Kozhikode,North,11.25,75.78,Seer Fish,1163.3,6248.9,186.16,29.49,34.35,1.4,0.2,36.0,2.43,28.8,1.0,0.548,0.298,observed_and_verified_proxy
2013-04-01,2013,4,2,Kozhikode,North,11.25,75.78,Seer Fish,701.31,3929.7,178.46,29.85,34.44,1.8,0.35,14.1,3.14,28.95,1.05,0.287,0.0,observed_and_verified_proxy
2013-05-01,2013,5,2,Kozhikode,North,11.25,75.78,Seer Fish,698.03,3670.2,190.19,29.77,33.78,2.84,0.65,173.4,3.54,28.12,1.36,0.268,0.0,observed_and_verified_proxy
2013-06-01,2013,6,2,Kozhikode,North,11.25,75.78,Seer Fish,662.68,3526.5,187.91,28.91,30.31,4.72,0.95,1005.0,4.36,25.96,2.21,0.252,0.0,observed_and_verified_proxy
2013-07-01,2013,7,3,Kozhikode,North,11.25,75.78,Seer Fish,1371.1,4454.1,307.83,27.27,30.2,4.89,1.0,1032.9,4.31,24.98,2.8,0.409,0.0,observed_and_verified_proxy
2013-08-01,2013,8,3,Kozhikode,North,11.25,75.78,Seer Fish,1450.01,4712.6,307.69,26.55,32.78,3.84,0.9,413.7,3.73,25.01,2.21,0.439,0.0,observed_and_verified_proxy
2013-09-01,2013,9,3,Kozhikode,North,11.25,75.78,Seer Fish,1356.36,4164.6,325.68,26.93,33.46,2.79,0.6,249.6,3.24,25.21,1.36,0.381,0.0,observed_and_verified_proxy
2013-10-01,2013,10,4,Kozhikode,North,11.25,75.78,Seer Fish,1911.86,7735.1,247.17,27.07,33.72,1.87,0.3,187.2,3.09,25.68,1.05,0.768,0.45,observed_and_verified_proxy
2013-11-01,2013,11,4,Kozhikode,North,11.25,75.78,Seer Fish,1976.14,6787.5,291.15,27.14,34.09,1.26,0.12,98.4,1.69,26.29,1.0,0.679,0.235,observed_and_verified_proxy
2013-12-01,2013,12,4,Kozhikode,North,11.25,75.78,Seer Fish,1992.89,7661.3,260.12,27.51,34.42,0.99,0.06,18.0,2.04,25.65,1.0,0.768,0.42,observed_and_verified_proxy
2013-01-01,2013,1,1,Ernakulam,Central,9.98,76.28,Seer Fish,1038.72,5544.9,187.33,28.14,34.49,0.94,0.05,3.0,2.33,28.31,1.0,0.524,0.265,observed_and_verified_proxy
2013-02-01,2013,2,1,Ernakulam,Central,9.98,76.28,Seer Fish,1005.89,4836.5,207.98,28.86,34.17,1.18,0.1,78.6,2.51,28.5,1.0,0.452,0.126,observed_and_verified_proxy
2013-03-01,2013,3,1,Ernakulam,Central,9.98,76.28,Seer Fish,976.65,5057.6,193.1,29.49,34.31,1.42,0.2,45.3,2.44,29.43,1.0,0.469,0.18,observed_and_verified_proxy
2013-04-01,2013,4,2,Ernakulam,Central,9.98,76.28,Seer Fish,628.14,3352.8,187.35,29.85,34.43,1.8,0.35,17.4,3.57,29.84,1.05,0.261,0.0,observed_and_verified_proxy
2013-05-01,2013,5,2,Ernakulam,Central,9.98,76.28,Seer Fish,610.17,3532.3,172.74,29.77,33.65,2.87,0.65,203.7,4.19,28.43,1.36,0.272,0.0,observed_and_verified_proxy
2013-06-01,2013,6,2,Ernakulam,Central,9.98,76.28,Seer Fish,636.36,3308.5,192.34,28.91,30.75,4.58,0.95,899.1,4.89,26.48,2.21,0.259,0.0,observed_and_verified_proxy
2013-07-01,2013,7,3,Ernakulam,Central,9.98,76.28,Seer Fish,1247.52,3964.9,314.64,27.27,32.16,4.3,1.0,561.3,4.43,25.63,2.8,0.396,0.0,observed_and_verified_proxy
2013-08-01,2013,8,3,Ernakulam,Central,9.98,76.28,Seer Fish,1227.01,3996.0,307.06,26.55,33.38,3.66,0.9,269.1,4.08,25.66,2.21,0.398,0.0,observed_and_verified_proxy
2013-09-01,2013,9,3,Ernakulam,Central,9.98,76.28,Seer Fish,1217.79,3756.0,324.22,26.93,33.66,2.73,0.6,201.0,3.89,25.96,1.36,0.373,0.0,observed_and_verified_proxy
2013-10-01,2013,10,4,Ernakulam,Central,9.98,76.28,Seer Fish,1792.35,6927.3,258.74,27.07,33.64,1.9,0.3,206.1,3.23,26.22,1.05,0.759,0.411,observed_and_verified_proxy
2013-11-01,2013,11,4,Ernakulam,Central,9.98,76.28,Seer Fish,1704.72,6695.5,254.61,27.14,33.67,1.39,0.12,200.1,1.9,26.73,1.0,0.725,0.377,observed_and_verified_proxy
2013-12-01,2013,12,4,Ernakulam,Central,9.98,76.28,Seer Fish,1814.74,6499.9,279.19,27.51,34.31,1.03,0.06,46.2,2.19,26.41,1.0,0.714,0.307,observed_and_verified_proxy
2013-01-01,2013,1,1,Alappuzha,South,9.49,76.33,Seer Fish,925.21,4302.3,215.05,28.14,34.48,0.95,0.05,4.5,3.16,27.38,1.0,0.443,0.098,observed_and_verified_proxy
2013-02-01,2013,2,1,Alappuzha,South,9.49,76.33,Seer Fish,905.22,4302.4,210.4,28.86,34.29,1.14,0.1,49.8,3.28,28.13,1.0,0.44,0.104,observed_and_verified_proxy
2013-03-01,2013,3,1,Alappuzha,South,9.49,76.33,Seer Fish,872.41,4423.6,197.22,29.49,34.18,1.46,0.2,77.4,2.79,29.17,1.0,0.446,0.142,observed_and_verified_proxy
2013-04-01,2013,4,2,Alappuzha,South,9.49,76.33,Seer Fish,547.26,2784.2,196.56,29.85,34.25,1.86,0.35,60.3,3.87,29.19,1.05,0.231,0.0,observed_and_verified_proxy
2013-05-01,2013,5,2,Alappuzha,South,9.49,76.33,Seer Fish,562.23,3160.4,177.9,29.77,34.05,2.75,0.65,106.8,5.46,28.24,1.36,0.266,0.0,observed_and_verified_proxy
2013-06-01,2013,6,2,Alappuzha,South,9.49,76.33,Seer Fish,522.91,2749.2,190.21,28.91,32.66,4.01,0.95,441.3,6.19,26.32,2.21,0.223,0.0,observed_and_verified_proxy
2013-07-01,2013,7,3,Alappuzha,South,9.49,76.33,Seer Fish,1122.87,3445.3,325.91,27.27,33.57,3.88,1.0,222.9,5.36,25.44,2.8,0.378,0.0,observed_and_verified_proxy
2013-08-01,2013,8,3,Alappuzha,South,9.49,76.33,Seer Fish,1064.6,3588.9,296.63,26.55,33.96,3.48,0.9,129.0,5.24,25.42,2.21,0.388,0.0,observed_and_verified_proxy
2013-09-01,2013,9,3,Alappuzha,South,9.49,76.33,Seer Fish,1073.65,3387.4,316.96,26.93,33.82,2.68,0.6,162.6,5.2,25.82,1.36,0.367,0.0,observed_and_verified_proxy
2013-10-01,2013,10,4,Alappuzha,South,9.49,76.33,Seer Fish,1528.7,5637.5,271.17,27.07,33.7,1.88,0.3,190.8,4.26,26.12,1.05,0.674,0.274,observed_and_verified_proxy
2013-11-01,2013,11,4,Alappuzha,South,9.49,76.33,Seer Fish,1521.09,5769.2,263.66,27.14,33.41,1.46,0.12,261.3,2.28,26.52,1.0,0.689,0.31,observed_and_verified_proxy
2013-12-01,2013,12,4,Alappuzha,South,9.49,76.33,Seer Fish,1538.82,5956.7,258.33,27.51,34.34,1.01,0.06,37.5,3.61,25.77,1.0,0.714,0.354,observed_and_verified_proxy
2013-01-01,2013,1,1,Kollam,South,8.89,76.6,Seer Fish,831.39,4609.5,180.37,28.14,34.48,0.95,0.05,4.5,3.16,27.38,1.0,0.49,0.236,observed_and_verified_proxy
2013-02-01,2013,2,1,Kollam,South,8.89,76.6,Seer Fish,854.09,4426.3,192.96,28.86,34.29,1.14,0.1,49.8,3.28,28.13,1.0,0.475,0.188,observed_and_verified_proxy
2013-03-01,2013,3,1,Kollam,South,8.89,76.6,Seer Fish,803.32,3979.0,201.89,29.49,34.18,1.46,0.2,77.4,2.79,29.17,1.0,0.417,0.094,observed_and_verified_proxy
2013-04-01,2013,4,2,Kollam,South,8.89,76.6,Seer Fish,503.31,2910.3,172.94,29.85,34.25,1.86,0.35,60.3,3.87,29.19,1.05,0.248,0.0,observed_and_verified_proxy
2013-05-01,2013,5,2,Kollam,South,8.89,76.6,Seer Fish,509.83,2601.6,195.97,29.77,34.05,2.75,0.65,106.8,5.46,28.24,1.36,0.223,0.0,observed_and_verified_proxy
2013-06-01,2013,6,2,Kollam,South,8.89,76.6,Seer Fish,521.05,2826.9,184.32,28.91,32.66,4.01,0.95,441.3,6.19,26.32,2.21,0.245,0.0,observed_and_verified_proxy
2013-07-01,2013,7,3,Kollam,South,8.89,76.6,Seer Fish,1003.26,3580.9,280.17,27.27,33.57,3.88,1.0,222.9,5.36,25.44,2.8,0.406,0.0,observed_and_verified_proxy
2013-08-01,2013,8,3,Kollam,South,8.89,76.6,Seer Fish,1074.43,3338.1,321.87,26.55,33.96,3.48,0.9,129.0,5.24,25.42,2.21,0.387,0.0,observed_and_verified_proxy
2013-09-01,2013,9,3,Kollam,South,8.89,76.6,Seer Fish,1080.86,3462.6,312.15,26.93,33.82,2.68,0.6,162.6,5.2,25.82,1.36,0.403,0.0,observed_and_verified_proxy
2013-10-01,2013,10,4,Kollam,South,8.89,76.6,Seer Fish,1424.07,5544.9,256.83,27.07,33.7,1.88,0.3,190.8,4.26,26.12,1.05,0.698,0.337,observed_and_verified_proxy
2013-11-01,2013,11,4,Kollam,South,8.89,76.6,Seer Fish,1407.12,5404.2,260.37,27.14,33.41,1.46,0.12,261.3,2.28,26.52,1.0,0.678,0.303,observed_and_verified_proxy
2013-12-01,2013,12,4,Kollam,South,8.89,76.6,Seer Fish,1461.94,5679.4,257.41,27.51,34.34,1.01,0.06,37.5,3.61,25.77,1.0,0.72,0.364,observed_and_verified_proxy
2013-01-01,2013,1,1,Kannur,North,11.87,75.37,Seer Fish,675.94,3152.1,214.45,28.14,34.5,0.94,0.05,0.9,2.52,27.09,1.0,0.392,0.033,observed_and_verified_proxy
2013-02-01,2013,2,1,Kannur,North,11.87,75.37,Seer Fish,663.3,3541.2,187.31,28.86,34.35,1.13,0.1,36.9,2.48,27.75,1.0,0.437,0.152,observed_and_verified_proxy
2013-03-01,2013,3,1,Kannur,North,11.87,75.37,Seer Fish,677.97,3334.4,203.32,29.49,34.35,1.4,0.2,36.0,2.43,28.8,1.0,0.415,0.088,observed_and_verified_proxy
2013-04-01,2013,4,2,Kannur,North,11.87,75.37,Seer Fish,417.37,2126.3,196.29,29.85,34.44,1.8,0.35,14.1,3.14,28.95,1.05,0.209,0.0,observed_and_verified_proxy
2013-05-01,2013,5,2,Kannur,North,11.87,75.37,Seer Fish,419.07,2320.7,180.58,29.77,33.78,2.84,0.65,173.4,3.54,28.12,1.36,0.229,0.0,observed_and_verified_proxy
2013-06-01,2013,6,2,Kannur,North,11.87,75.37,Seer Fish,396.1,2175.9,182.04,28.91,30.31,4.72,0.95,1005.0,4.36,25.96,2.21,0.208,0.0,observed_and_verified_proxy
2013-07-01,2013,7,3,Kannur,North,11.87,75.37,Seer Fish,774.6,2515.0,307.99,27.27,30.2,4.89,1.0,1032.9,4.31,24.98,2.8,0.331,0.0,observed_and_verified_proxy
2013-08-01,2013,8,3,Kannur,North,11.87,75.37,Seer Fish,840.16,2575.8,326.17,26.55,32.78,3.84,0.9,413.7,3.73,25.01,2.21,0.35,0.0,observed_and_verified_proxy
2013-09-01,2013,9,3,Kannur,North,11.87,75.37,Seer Fish,797.17,2701.2,295.12,26.93,33.46,2.79,0.6,249.6,3.24,25.21,1.36,0.359,0.0,observed_and_verified_proxy
2013-10-01,2013,10,4,Kannur,North,11.87,75.37,Seer Fish,1210.8,4305.0,281.25,27.07,33.72,1.87,0.3,187.2,3.09,25.68,1.05,0.659,0.232,observed_and_verified_proxy
2013-11-01,2013,11,4,Kannur,North,11.87,75.37,Seer Fish,1198.41,4204.7,285.02,27.14,34.09,1.26,0.12,98.4,1.69,26.29,1.0,0.642,0.201,observed_and_verified_proxy
2013-12-01,2013,12,4,Kannur,North,11.87,75.37,Seer Fish,1178.45,4205.8,280.2,27.51,34.42,0.99,0.06,18.0,2.04,25.65,1.0,0.639,0.208,observed_and_verified_proxy
2013-01-01,2013,1,1,Thiruvananthapuram,South,8.52,76.94,Seer Fish,508.56,2622.5,193.92,28.14,34.48,0.95,0.05,4.5,3.16,27.38,1.0,0.35,0.024,observed_and_verified_proxy
2013-02-01,2013,2,1,Thiruvananthapuram,South,8.52,76.94,Seer Fish,545.66,2874.1,189.85,28.86,34.29,1.14,0.1,49.8,3.28,28.13,1.0,0.397,0.094,observed_and_verified_proxy
2013-03-01,2013,3,1,Thiruvananthapuram,South,8.52,76.94,Seer Fish,527.76,2802.8,188.3,29.49,34.18,1.46,0.2,77.4,2.79,29.17,1.0,0.381,0.077,observed_and_verified_proxy
2013-04-01,2013,4,2,Thiruvananthapuram,South,8.52,76.94,Seer Fish,316.98,1640.8,193.18,29.85,34.25,1.86,0.35,60.3,3.87,29.19,1.05,0.168,0.0,observed_and_verified_proxy
2013-05-01,2013,5,2,Thiruvananthapuram,South,8.52,76.94,Seer Fish,316.91,1898.7,166.91,29.77,34.05,2.75,0.65,106.8,5.46,28.24,1.36,0.195,0.0,observed_and_verified_proxy
2013-06-01,2013,6,2,Thiruvananthapuram,South,8.52,76.94,Seer Fish,332.84,1724.1,193.05,28.91,32.66,4.01,0.95,441.3,6.19,26.32,2.21,0.182,0.0,observed_and_verified_proxy
2013-07-01,2013,7,3,Thiruvananthapuram,South,8.52,76.94,Seer Fish,691.49,2232.6,309.73,27.27,33.57,3.88,1.0,222.9,5.36,25.44,2.8,0.343,0.0,observed_and_verified_proxy
2013-08-01,2013,8,3,Thiruvananthapuram,South,8.52,76.94,Seer Fish,664.9,2117.0,314.08,26.55,33.96,3.48,0.9,129.0,5.24,25.42,2.21,0.32,0.0,observed_and_verified_proxy
2013-09-01,2013,9,3,Thiruvananthapuram,South,8.52,76.94,Seer Fish,660.63,2024.7,326.28,26.93,33.82,2.68,0.6,162.6,5.2,25.82,1.36,0.305,0.0,observed_and_verified_proxy
2013-10-01,2013,10,4,Thiruvananthapuram,South,8.52,76.94,Seer Fish,918.69,3485.6,263.57,27.07,33.7,1.88,0.3,190.8,4.26,26.12,1.05,0.597,0.191,observed_and_verified_proxy
2013-11-01,2013,11,4,Thiruvananthapuram,South,8.52,76.94,Seer Fish,914.32,3657.5,249.98,27.14,33.41,1.46,0.12,261.3,2.28,26.52,1.0,0.626,0.258,observed_and_verified_proxy
2013-12-01,2013,12,4,Thiruvananthapuram,South,8.52,76.94,Seer Fish,922.38,3538.1,260.7,27.51,34.34,1.01,0.06,37.5,3.61,25.77,1.0,0.607,0.21,observed_and_verified_proxy
2013-01-01,2013,1,1,Malappuram,North,11.07,76.07,Seer Fish,407.84,2241.0,181.99,28.14,34.5,0.94,0.05,0.9,2.52,27.09,1.0,0.342,0.041,observed_and_verified_proxy
2013-02-01,2013,2,1,Malappuram,North,11.07,76.07,Seer Fish,419.84,2082.2,201.63,28.86,34.35,1.13,0.1,36.9,2.48,27.75,1.0,0.323,0.0,observed_and_verified_proxy
2013-03-01,2013,3,1,Malappuram,North,11.07,76.07,Seer Fish,400.31,2225.1,179.91,29.49,34.35,1.4,0.2,36.0,2.43,28.8,1.0,0.337,0.038,observed_and_verified_proxy
2013-04-01,2013,4,2,Malappuram,North,11.07,76.07,Seer Fish,255.97,1314.3,194.76,29.85,34.44,1.8,0.35,14.1,3.14,28.95,1.05,0.151,0.0,observed_and_verified_proxy
2013-05-01,2013,5,2,Malappuram,North,11.07,76.07,Seer Fish,260.33,1285.3,202.54,29.77,33.78,2.84,0.65,173.4,3.54,28.12,1.36,0.15,0.0,observed_and_verified_proxy
2013-06-01,2013,6,2,Malappuram,North,11.07,76.07,Seer Fish,268.04,1329.4,201.62,28.91,30.31,4.72,0.95,1005.0,4.36,25.96,2.21,0.158,0.0,observed_and_verified_proxy
2013-07-01,2013,7,3,Malappuram,North,11.07,76.07,Seer Fish,533.24,1762.7,302.51,27.27,30.2,4.89,1.0,1032.9,4.31,24.98,2.8,0.309,0.0,observed_and_verified_proxy
2013-08-01,2013,8,3,Malappuram,North,11.07,76.07,Seer Fish,510.12,1670.7,305.33,26.55,32.78,3.84,0.9,413.7,3.73,25.01,2.21,0.287,0.0,observed_and_verified_proxy
2013-09-01,2013,9,3,Malappuram,North,11.07,76.07,Seer Fish,507.13,1614.9,314.03,26.93,33.46,2.79,0.6,249.6,3.24,25.21,1.36,0.277,0.0,observed_and_verified_proxy
2013-10-01,2013,10,4,Malappuram,North,11.07,76.07,Seer Fish,717.46,2573.9,278.75,27.07,33.72,1.87,0.3,187.2,3.09,25.68,1.05,0.516,0.051,observed_and_verified_proxy
2013-11-01,2013,11,4,Malappuram,North,11.07,76.07,Seer Fish,758.52,2489.1,304.74,27.14,34.09,1.26,0.12,98.4,1.69,26.29,1.0,0.51,0.0,observed_and_verified_proxy
2013-12-01,2013,12,4,Malappuram,North,11.07,76.07,Seer Fish,736.43,2462.1,299.11,27.51,34.42,0.99,0.06,18.0,2.04,25.65,1.0,0.499,0.0,observed_and_verified_proxy
2013-01-01,2013,1,1,Thrissur,Central,10.52,76.21,Seer Fish,298.0,1526.2,195.25,28.14,34.49,0.94,0.05,3.0,2.33,28.31,1.0,0.271,0.0,observed_and_verified_proxy
2013-02-01,2013,2,1,Thrissur,Central,10.52,76.21,Seer Fish,296.27,1459.3,203.02,28.86,34.17,1.18,0.1,78.6,2.51,28.5,1.0,0.259,0.0,observed_and_verified_proxy
2013-03-01,2013,3,1,Thrissur,Central,10.52,76.21,Seer Fish,296.76,1448.8,204.83,29.49,34.31,1.42,0.2,45.3,2.44,29.43,1.0,0.257,0.0,observed_and_verified_proxy
2013-04-01,2013,4,2,Thrissur,Central,10.52,76.21,Seer Fish,177.96,1015.5,175.24,29.85,34.43,1.8,0.35,17.4,3.57,29.84,1.05,0.127,0.0,observed_and_verified_proxy
2013-05-01,2013,5,2,Thrissur,Central,10.52,76.21,Seer Fish,176.59,1033.0,170.94,29.77,33.65,2.87,0.65,203.7,4.19,28.43,1.36,0.128,0.0,observed_and_verified_proxy
2013-06-01,2013,6,2,Thrissur,Central,10.52,76.21,Seer Fish,177.8,916.3,194.03,28.91,30.75,4.58,0.95,899.1,4.89,26.48,2.21,0.114,0.0,observed_and_verified_proxy
2013-07-01,2013,7,3,Thrissur,Central,10.52,76.21,Seer Fish,384.59,1218.9,315.52,27.27,32.16,4.3,1.0,561.3,4.43,25.63,2.8,0.252,0.0,observed_and_verified_proxy
2013-08-01,2013,8,3,Thrissur,Central,10.52,76.21,Seer Fish,360.45,1279.3,281.75,26.55,33.38,3.66,0.9,269.1,4.08,25.66,2.21,0.255,0.0,observed_and_verified_proxy
2013-09-01,2013,9,3,Thrissur,Central,10.52,76.21,Seer Fish,366.92,1147.0,319.9,26.93,33.66,2.73,0.6,201.0,3.89,25.96,1.36,0.231,0.0,observed_and_verified_proxy
2013-10-01,2013,10,4,Thrissur,Central,10.52,76.21,Seer Fish,508.82,1797.7,283.05,27.07,33.64,1.9,0.3,206.1,3.23,26.22,1.05,0.432,0.0,observed_and_verified_proxy
2013-11-01,2013,11,4,Thrissur,Central,10.52,76.21,Seer Fish,545.19,1895.0,287.71,27.14,33.67,1.39,0.12,200.1,1.9,26.73,1.0,0.471,0.0,observed_and_verified_proxy
2013-12-01,2013,12,4,Thrissur,Central,10.52,76.21,Seer Fish,506.57,1974.6,256.54,27.51,34.31,1.03,0.06,46.2,2.19,26.41,1.0,0.473,0.045,observed_and_verified_proxy
2013-01-01,2013,1,1,Kasaragod,North,12.5,74.99,Seer Fish,169.72,971.6,174.68,28.14,34.5,0.94,0.05,0.9,2.52,27.09,1.0,0.195,0.0,observed_and_verified_proxy
2013-02-01,2013,2,1,Kasaragod,North,12.5,74.99,Seer Fish,186.55,876.4,212.85,28.86,34.35,1.13,0.1,36.9,2.48,27.75,1.0,0.189,0.0,observed_and_verified_proxy
2013-03-01,2013,3,1,Kasaragod,North,12.5,74.99,Seer Fish,172.89,970.5,178.14,29.49,34.35,1.4,0.2,36.0,2.43,28.8,1.0,0.198,0.0,observed_and_verified_proxy
2013-04-01,2013,4,2,Kasaragod,North,12.5,74.99,Seer Fish,107.55,545.0,197.35,29.85,34.44,1.8,0.35,14.1,3.14,28.95,1.05,0.077,0.0,observed_and_verified_proxy
2013-05-01,2013,5,2,Kasaragod,North,12.5,74.99,Seer Fish,114.94,569.0,202.02,29.77,33.78,2.84,0.65,173.4,3.54,28.12,1.36,0.084,0.0,observed_and_verified_proxy
2013-06-01,2013,6,2,Kasaragod,North,12.5,74.99,Seer Fish,114.79,597.4,192.15,28.91,30.31,4.72,0.95,1005.0,4.36,25.96,2.21,0.089,0.0,observed_and_verified_proxy
2013-07-01,2013,7,3,Kasaragod,North,12.5,74.99,Seer Fish,212.34,681.1,311.75,27.27,30.2,4.89,1.0,1032.9,4.31,24.98,2.8,0.161,0.0,observed_and_verified_proxy
2013-08-01,2013,8,3,Kasaragod,North,12.5,74.99,Seer Fish,226.97,766.6,296.06,26.55,32.78,3.84,0.9,413.7,3.73,25.01,2.21,0.19,0.0,observed_and_verified_proxy
2013-09-01,2013,9,3,Kasaragod,North,12.5,74.99,Seer Fish,229.42,753.3,304.55,26.93,33.46,2.79,0.6,249.6,3.24,25.21,1.36,0.188,0.0,observed_and_verified_proxy
2013-10-01,2013,10,4,Kasaragod,North,12.5,74.99,Seer Fish,324.19,1144.4,283.28,27.07,33.72,1.87,0.3,187.2,3.09,25.68,1.05,0.357,0.0,observed_and_verified_proxy
2013-11-01,2013,11,4,Kasaragod,North,12.5,74.99,Seer Fish,329.16,1191.7,276.22,27.14,34.09,1.26,0.12,98.4,1.69,26.29,1.0,0.375,0.0,observed_and_verified_proxy
2013-12-01,2013,12,4,Kasaragod,North,12.5,74.99,Seer Fish,318.26,1166.6,272.81,27.51,34.42,0.99,0.06,18.0,2.04,25.65,1.0,0.36,0.0,observed_and_verified_proxy
2014-01-01,2014,1,1,Kozhikode,North,11.25,75.78,Seer Fish,931.61,5557.2,167.64,28.14,34.49,0.94,0.05,2.7,2.31,26.86,1.0,0.453,0.217,observed_and_verified_proxy
2014-02-01,2014,2,1,Kozhikode,North,11.25,75.78,Seer Fish,922.85,6023.9,153.2,28.86,34.49,1.08,0.1,1.5,2.69,27.6,1.0,0.49,0.296,observed_and_verified_proxy
2014-03-01,2014,3,1,Kozhikode,North,11.25,75.78,Seer Fish,927.87,5607.0,165.48,29.49,34.47,1.37,0.2,7.2,2.61,29.09,1.0,0.457,0.226,observed_and_verified_proxy
2014-04-01,2014,4,2,Kozhikode,North,11.25,75.78,Seer Fish,606.34,3799.7,159.58,29.85,34.2,1.87,0.35,71.4,2.55,28.67,1.05,0.261,0.0,observed_and_verified_proxy
2014-05-01,2014,5,2,Kozhikode,North,11.25,75.78,Seer Fish,584.95,3661.9,159.74,29.77,33.36,2.96,0.65,273.9,2.6,27.74,1.36,0.247,0.0,observed_and_verified_proxy
2014-06-01,2014,6,2,Kozhikode,North,11.25,75.78,Seer Fish,565.74,3904.6,144.89,28.91,32.7,4.0,0.95,432.3,4.0,26.95,2.21,0.26,0.016,observed_and_verified_proxy
2014-07-01,2014,7,3,Kozhikode,North,11.25,75.78,Seer Fish,1151.32,4650.5,247.57,27.27,30.79,4.71,1.0,890.7,3.85,25.69,2.8,0.406,0.0,observed_and_verified_proxy
2014-08-01,2014,8,3,Kozhikode,North,11.25,75.78,Seer Fish,1179.72,4748.5,248.44,26.55,31.72,4.15,0.9,666.9,3.42,25.12,2.21,0.418,0.0,observed_and_verified_proxy
2014-09-01,2014,9,3,Kozhikode,North,11.25,75.78,Seer Fish,1158.46,4266.9,271.5,26.93,33.26,2.85,0.6,296.7,3.28,25.73,1.36,0.373,0.0,observed_and_verified_proxy
2014-10-01,2014,10,4,Kozhikode,North,11.25,75.78,Seer Fish,1722.01,6855.5,251.19,27.07,33.45,1.96,0.3,252.3,2.28,26.02,1.05,0.666,0.307,observed_and_verified_proxy
2014-11-01,2014,11,4,Kozhikode,North,11.25,75.78,Seer Fish,1775.78,7227.5,245.7,27.14,34.13,1.25,0.12,89.7,1.6,26.15,1.0,0.707,0.373,observed_and_verified_proxy
2014-12-01,2014,12,4,Kozhikode,North,11.25,75.78,Seer Fish,1669.03,7101.1,235.04,27.51,34.35,1.01,0.06,34.8,1.84,25.95,1.0,0.685,0.368,observed_and_verified_proxy
2014-01-01,2014,1,1,Ernakulam,Central,9.98,76.28,Seer Fish,854.16,4898.5,174.37,28.14,34.49,0.94,0.05,2.7,2.08,27.4,1.0,0.433,0.175,observed_and_verified_proxy
2014-02-01,2014,2,1,Ernakulam,Central,9.98,76.28,Seer Fish,837.59,5631.8,148.73,28.86,34.41,1.11,0.1,21.0,2.56,28.53,1.0,0.494,0.312,observed_and_verified_proxy
2014-03-01,2014,3,1,Ernakulam,Central,9.98,76.28,Seer Fish,886.72,5652.4,156.88,29.49,34.44,1.38,0.2,15.6,2.47,30.04,1.0,0.506,0.309,observed_and_verified_proxy
2014-04-01,2014,4,2,Ernakulam,Central,9.98,76.28,Seer Fish,519.05,3458.9,150.06,29.85,34.05,1.91,0.35,107.4,2.94,29.23,1.05,0.247,0.0,observed_and_verified_proxy
2014-05-01,2014,5,2,Ernakulam,Central,9.98,76.28,Seer Fish,554.97,3410.0,162.75,29.77,33.43,2.94,0.65,257.4,3.17,28.45,1.36,0.251,0.0,observed_and_verified_proxy
2014-06-01,2014,6,2,Ernakulam,Central,9.98,76.28,Seer Fish,531.64,3156.5,168.43,28.91,33.22,3.84,0.95,306.6,4.64,27.51,2.21,0.228,0.0,observed_and_verified_proxy
2014-07-01,2014,7,3,Ernakulam,Central,9.98,76.28,Seer Fish,1085.31,4154.4,261.24,27.27,32.58,4.18,1.0,461.7,4.0,26.21,2.8,0.398,0.0,observed_and_verified_proxy
2014-08-01,2014,8,3,Ernakulam,Central,9.98,76.28,Seer Fish,1051.29,4204.6,250.03,26.55,31.86,4.11,0.9,633.6,3.98,25.8,2.21,0.399,0.0,observed_and_verified_proxy
2014-09-01,2014,9,3,Ernakulam,Central,9.98,76.28,Seer Fish,1040.07,3867.7,268.91,26.93,33.55,2.77,0.6,228.9,3.77,26.39,1.36,0.366,0.0,observed_and_verified_proxy
2014-10-01,2014,10,4,Ernakulam,Central,9.98,76.28,Seer Fish,1473.52,6170.3,238.81,27.07,33.19,2.03,0.3,313.8,2.46,26.57,1.05,0.645,0.308,observed_and_verified_proxy
2014-11-01,2014,11,4,Ernakulam,Central,9.98,76.28,Seer Fish,1515.65,6896.7,219.76,27.14,33.97,1.3,0.12,128.1,2.08,26.83,1.0,0.726,0.456,observed_and_verified_proxy
2014-12-01,2014,12,4,Ernakulam,Central,9.98,76.28,Seer Fish,1529.77,6911.6,221.33,27.51,34.41,0.99,0.06,21.3,2.03,27.05,1.0,0.73,0.457,observed_and_verified_proxy
2014-01-01,2014,1,1,Alappuzha,South,9.49,76.33,Seer Fish,771.14,4307.7,179.01,28.14,34.35,0.98,0.05,35.7,3.73,26.52,1.0,0.415,0.141,observed_and_verified_proxy
2014-02-01,2014,2,1,Alappuzha,South,9.49,76.33,Seer Fish,782.82,4715.7,166.0,28.86,34.44,1.1,0.1,15.6,2.88,27.9,1.0,0.457,0.225,observed_and_verified_proxy
2014-03-01,2014,3,1,Alappuzha,South,9.49,76.33,Seer Fish,797.38,4745.7,168.02,29.49,34.38,1.4,0.2,28.2,3.01,29.09,1.0,0.463,0.228,observed_and_verified_proxy
2014-04-01,2014,4,2,Alappuzha,South,9.49,76.33,Seer Fish,473.88,3047.8,155.48,29.85,34.0,1.93,0.35,119.7,3.21,28.85,1.05,0.235,0.0,observed_and_verified_proxy
2014-05-01,2014,5,2,Alappuzha,South,9.49,76.33,Seer Fish,485.91,2782.2,174.65,29.77,33.6,2.89,0.65,215.7,4.35,28.18,1.36,0.218,0.0,observed_and_verified_proxy
2014-06-01,2014,6,2,Alappuzha,South,9.49,76.33,Seer Fish,453.84,3170.8,143.13,28.91,33.96,3.62,0.95,130.2,6.05,27.29,2.21,0.239,0.0,observed_and_verified_proxy
2014-07-01,2014,7,3,Alappuzha,South,9.49,76.33,Seer Fish,958.62,3705.6,258.69,27.27,33.91,3.78,1.0,140.4,5.88,26.33,2.8,0.387,0.0,observed_and_verified_proxy
2014-08-01,2014,8,3,Alappuzha,South,9.49,76.33,Seer Fish,907.32,3400.8,266.8,26.55,32.74,3.85,0.9,423.3,5.38,25.84,2.21,0.348,0.0,observed_and_verified_proxy
2014-09-01,2014,9,3,Alappuzha,South,9.49,76.33,Seer Fish,992.71,3653.0,271.75,26.93,33.78,2.7,0.6,172.2,4.7,26.23,1.36,0.386,0.0,observed_and_verified_proxy
2014-10-01,2014,10,4,Alappuzha,South,9.49,76.33,Seer Fish,1374.02,5689.0,241.52,27.07,32.99,2.09,0.3,361.5,2.95,26.35,1.05,0.662,0.324,observed_and_verified_proxy
2014-11-01,2014,11,4,Alappuzha,South,9.49,76.33,Seer Fish,1288.09,5377.8,239.52,27.14,33.96,1.3,0.12,128.7,3.27,26.06,1.0,0.615,0.267,observed_and_verified_proxy
2014-12-01,2014,12,4,Alappuzha,South,9.49,76.33,Seer Fish,1306.0,5966.1,218.9,27.51,34.13,1.08,0.06,88.5,3.94,25.64,1.0,0.685,0.404,observed_and_verified_proxy
2014-01-01,2014,1,1,Kollam,South,8.89,76.6,Seer Fish,728.75,4573.9,159.33,28.14,34.35,0.98,0.05,35.7,3.73,26.52,1.0,0.461,0.246,observed_and_verified_proxy
2014-02-01,2014,2,1,Kollam,South,8.89,76.6,Seer Fish,706.38,4562.6,154.82,28.86,34.44,1.1,0.1,15.6,2.88,27.9,1.0,0.454,0.247,observed_and_verified_proxy
2014-03-01,2014,3,1,Kollam,South,8.89,76.6,Seer Fish,733.65,4106.0,178.68,29.49,34.38,1.4,0.2,28.2,3.01,29.09,1.0,0.415,0.143,observed_and_verified_proxy
2014-04-01,2014,4,2,Kollam,South,8.89,76.6,Seer Fish,435.01,2632.4,165.25,29.85,34.0,1.93,0.35,119.7,3.21,28.85,1.05,0.208,0.0,observed_and_verified_proxy
2014-05-01,2014,5,2,Kollam,South,8.89,76.6,Seer Fish,443.97,2909.2,152.61,29.77,33.6,2.89,0.65,215.7,4.35,28.18,1.36,0.233,0.0,observed_and_verified_proxy
2014-06-01,2014,6,2,Kollam,South,8.89,76.6,Seer Fish,444.49,2776.3,160.1,28.91,33.96,3.62,0.95,130.2,6.05,27.29,2.21,0.222,0.0,observed_and_verified_proxy
2014-07-01,2014,7,3,Kollam,South,8.89,76.6,Seer Fish,895.05,3499.2,255.79,27.27,33.91,3.78,1.0,140.4,5.88,26.33,2.8,0.382,0.0,observed_and_verified_proxy
2014-08-01,2014,8,3,Kollam,South,8.89,76.6,Seer Fish,917.97,3527.9,260.2,26.55,32.74,3.85,0.9,423.3,5.38,25.84,2.21,0.388,0.0,observed_and_verified_proxy
2014-09-01,2014,9,3,Kollam,South,8.89,76.6,Seer Fish,850.41,3408.0,249.53,26.93,33.78,2.7,0.6,172.2,4.7,26.23,1.36,0.365,0.0,observed_and_verified_proxy
2014-10-01,2014,10,4,Kollam,South,8.89,76.6,Seer Fish,1317.06,5646.8,233.24,27.07,32.99,2.09,0.3,361.5,2.95,26.35,1.05,0.696,0.387,observed_and_verified_proxy
2014-11-01,2014,11,4,Kollam,South,8.89,76.6,Seer Fish,1319.23,5421.9,243.31,27.14,33.96,1.3,0.12,128.7,3.27,26.06,1.0,0.669,0.329,observed_and_verified_proxy
2014-12-01,2014,12,4,Kollam,South,8.89,76.6,Seer Fish,1242.26,5073.3,244.86,27.51,34.13,1.08,0.06,88.5,3.94,25.64,1.0,0.615,0.256,observed_and_verified_proxy
2014-01-01,2014,1,1,Kannur,North,11.87,75.37,Seer Fish,548.59,3427.4,160.06,28.14,34.49,0.94,0.05,2.7,2.31,26.86,1.0,0.388,0.149,observed_and_verified_proxy
2014-02-01,2014,2,1,Kannur,North,11.87,75.37,Seer Fish,579.23,3233.3,179.15,28.86,34.49,1.08,0.1,1.5,2.69,27.6,1.0,0.376,0.09,observed_and_verified_proxy
2014-03-01,2014,3,1,Kannur,North,11.87,75.37,Seer Fish,548.86,3582.1,153.22,29.49,34.47,1.37,0.2,7.2,2.61,29.09,1.0,0.406,0.187,observed_and_verified_proxy
2014-04-01,2014,4,2,Kannur,North,11.87,75.37,Seer Fish,353.68,2185.1,161.86,29.85,34.2,1.87,0.35,71.4,2.55,28.67,1.05,0.196,0.0,observed_and_verified_proxy
2014-05-01,2014,5,2,Kannur,North,11.87,75.37,Seer Fish,336.54,2235.2,150.56,29.77,33.36,2.96,0.65,273.9,2.6,27.74,1.36,0.195,0.0,observed_and_verified_proxy
2014-06-01,2014,6,2,Kannur,North,11.87,75.37,Seer Fish,346.4,2031.8,170.49,28.91,32.7,4.0,0.95,432.3,4.0,26.95,2.21,0.18,0.0,observed_and_verified_proxy
2014-07-01,2014,7,3,Kannur,North,11.87,75.37,Seer Fish,684.15,2826.6,242.04,27.27,30.79,4.71,1.0,890.7,3.85,25.69,2.8,0.353,0.0,observed_and_verified_proxy
2014-08-01,2014,8,3,Kannur,North,11.87,75.37,Seer Fish,718.89,2713.4,264.94,26.55,31.72,4.15,0.9,666.9,3.42,25.12,2.21,0.346,0.0,observed_and_verified_proxy
2014-09-01,2014,9,3,Kannur,North,11.87,75.37,Seer Fish,727.42,2692.3,270.18,26.93,33.26,2.85,0.6,296.7,3.28,25.73,1.36,0.345,0.0,observed_and_verified_proxy
2014-10-01,2014,10,4,Kannur,North,11.87,75.37,Seer Fish,943.67,4096.5,230.36,27.07,33.45,1.96,0.3,252.3,2.28,26.02,1.05,0.58,0.242,observed_and_verified_proxy
2014-11-01,2014,11,4,Kannur,North,11.87,75.37,Seer Fish,997.33,3905.0,255.4,27.14,34.13,1.25,0.12,89.7,1.6,26.15,1.0,0.563,0.164,observed_and_verified_proxy
2014-12-01,2014,12,4,Kannur,North,11.87,75.37,Seer Fish,1005.55,3969.6,253.31,27.51,34.35,1.01,0.06,34.8,1.84,25.95,1.0,0.574,0.183,observed_and_verified_proxy
2014-01-01,2014,1,1,Thiruvananthapuram,South,8.52,76.94,Seer Fish,436.53,2871.2,152.04,28.14,34.35,0.98,0.05,35.7,3.73,26.52,1.0,0.354,0.122,observed_and_verified_proxy
2014-02-01,2014,2,1,Thiruvananthapuram,South,8.52,76.94,Seer Fish,461.62,2699.3,171.01,28.86,34.44,1.1,0.1,15.6,2.88,27.9,1.0,0.343,0.066,observed_and_verified_proxy
2014-03-01,2014,3,1,Thiruvananthapuram,South,8.52,76.94,Seer Fish,440.23,2839.3,155.05,29.49,34.38,1.4,0.2,28.2,3.01,29.09,1.0,0.352,0.113,observed_and_verified_proxy
2014-04-01,2014,4,2,Thiruvananthapuram,South,8.52,76.94,Seer Fish,271.47,1781.6,152.37,29.85,34.0,1.93,0.35,119.7,3.21,28.85,1.05,0.166,0.0,observed_and_verified_proxy
2014-05-01,2014,5,2,Thiruvananthapuram,South,8.52,76.94,Seer Fish,279.51,1753.5,159.4,29.77,33.6,2.89,0.65,215.7,4.35,28.18,1.36,0.166,0.0,observed_and_verified_proxy
2014-06-01,2014,6,2,Thiruvananthapuram,South,8.52,76.94,Seer Fish,283.74,1710.4,165.89,28.91,33.96,3.62,0.95,130.2,6.05,27.29,2.21,0.164,0.0,observed_and_verified_proxy
2014-07-01,2014,7,3,Thiruvananthapuram,South,8.52,76.94,Seer Fish,544.41,2201.7,247.27,27.27,33.91,3.78,1.0,140.4,5.88,26.33,2.8,0.304,0.0,observed_and_verified_proxy
2014-08-01,2014,8,3,Thiruvananthapuram,South,8.52,76.94,Seer Fish,599.22,2067.3,289.86,26.55,32.74,3.85,0.9,423.3,5.38,25.84,2.21,0.298,0.0,observed_and_verified_proxy
2014-09-01,2014,9,3,Thiruvananthapuram,South,8.52,76.94,Seer Fish,582.55,2278.4,255.69,26.93,33.78,2.7,0.6,172.2,4.7,26.23,1.36,0.324,0.0,observed_and_verified_proxy
2014-10-01,2014,10,4,Thiruvananthapuram,South,8.52,76.94,Seer Fish,789.91,3469.8,227.65,27.07,32.99,2.09,0.3,361.5,2.95,26.35,1.05,0.562,0.225,observed_and_verified_proxy
2014-11-01,2014,11,4,Thiruvananthapuram,South,8.52,76.94,Seer Fish,779.8,3421.9,227.88,27.14,33.96,1.3,0.12,128.7,3.27,26.06,1.0,0.552,0.211,observed_and_verified_proxy
2014-12-01,2014,12,4,Thiruvananthapuram,South,8.52,76.94,Seer Fish,847.28,3263.8,259.6,27.51,34.13,1.08,0.06,88.5,3.94,25.64,1.0,0.543,0.129,observed_and_verified_proxy
2014-01-01,2014,1,1,Malappuram,North,11.07,76.07,Seer Fish,339.52,2240.2,151.56,28.14,34.49,0.94,0.05,2.7,2.31,26.86,1.0,0.308,0.064,observed_and_verified_proxy
2014-02-01,2014,2,1,Malappuram,North,11.07,76.07,Seer Fish,357.29,2220.4,160.91,28.86,34.49,1.08,0.1,1.5,2.69,27.6,1.0,0.315,0.052,observed_and_verified_proxy
2014-03-01,2014,3,1,Malappuram,North,11.07,76.07,Seer Fish,370.79,2130.1,174.07,29.49,34.47,1.37,0.2,7.2,2.61,29.09,1.0,0.309,0.014,observed_and_verified_proxy
2014-04-01,2014,4,2,Malappuram,North,11.07,76.07,Seer Fish,225.7,1271.3,177.54,29.85,34.2,1.87,0.35,71.4,2.55,28.67,1.05,0.134,0.0,observed_and_verified_proxy
2014-05-01,2014,5,2,Malappuram,North,11.07,76.07,Seer Fish,211.73,1467.1,144.32,29.77,33.36,2.96,0.65,273.9,2.6,27.74,1.36,0.148,0.0,observed_and_verified_proxy
2014-06-01,2014,6,2,Malappuram,North,11.07,76.07,Seer Fish,228.95,1291.2,177.32,28.91,32.7,4.0,0.95,432.3,4.0,26.95,2.21,0.138,0.0,observed_and_verified_proxy
2014-07-01,2014,7,3,Malappuram,North,11.07,76.07,Seer Fish,465.41,1665.5,279.44,27.27,30.79,4.71,1.0,890.7,3.85,25.69,2.8,0.273,0.0,observed_and_verified_proxy
2014-08-01,2014,8,3,Malappuram,North,11.07,76.07,Seer Fish,425.65,1701.0,250.23,26.55,31.72,4.15,0.9,666.9,3.42,25.12,2.21,0.266,0.0,observed_and_verified_proxy
2014-09-01,2014,9,3,Malappuram,North,11.07,76.07,Seer Fish,444.54,1611.1,275.93,26.93,33.26,2.85,0.6,296.7,3.28,25.73,1.36,0.258,0.0,observed_and_verified_proxy
2014-10-01,2014,10,4,Malappuram,North,11.07,76.07,Seer Fish,649.15,2809.5,231.05,27.07,33.45,1.96,0.3,252.3,2.28,26.02,1.05,0.54,0.188,observed_and_verified_proxy
2014-11-01,2014,11,4,Malappuram,North,11.07,76.07,Seer Fish,656.69,2538.7,258.67,27.14,34.13,1.25,0.12,89.7,1.6,26.15,1.0,0.49,0.062,observed_and_verified_proxy
2014-12-01,2014,12,4,Malappuram,North,11.07,76.07,Seer Fish,640.99,2450.9,261.53,27.51,34.35,1.01,0.06,34.8,1.84,25.95,1.0,0.468,0.028,observed_and_verified_proxy
2014-01-01,2014,1,1,Thrissur,Central,10.52,76.21,Seer Fish,262.2,1612.2,162.63,28.14,34.49,0.94,0.05,2.7,2.08,27.4,1.0,0.264,0.0,observed_and_verified_proxy
2014-02-01,2014,2,1,Thrissur,Central,10.52,76.21,Seer Fish,264.98,1529.1,173.3,28.86,34.41,1.11,0.1,21.0,2.56,28.53,1.0,0.252,0.0,observed_and_verified_proxy
2014-03-01,2014,3,1,Thrissur,Central,10.52,76.21,Seer Fish,253.58,1643.6,154.29,29.49,34.44,1.38,0.2,15.6,2.47,30.04,1.0,0.263,0.0,observed_and_verified_proxy
2014-04-01,2014,4,2,Thrissur,Central,10.52,76.21,Seer Fish,162.47,985.9,164.8,29.85,34.05,1.91,0.35,107.4,2.94,29.23,1.05,0.115,0.0,observed_and_verified_proxy
2014-05-01,2014,5,2,Thrissur,Central,10.52,76.21,Seer Fish,156.03,931.3,167.53,29.77,33.43,2.94,0.65,257.4,3.17,28.45,1.36,0.105,0.0,observed_and_verified_proxy
2014-06-01,2014,6,2,Thrissur,Central,10.52,76.21,Seer Fish,150.08,961.2,156.14,28.91,33.22,3.84,0.95,306.6,4.64,27.51,2.21,0.106,0.0,observed_and_verified_proxy
2014-07-01,2014,7,3,Thrissur,Central,10.52,76.21,Seer Fish,321.74,1215.5,264.69,27.27,32.58,4.18,1.0,461.7,4.0,26.21,2.8,0.227,0.0,observed_and_verified_proxy
2014-08-01,2014,8,3,Thrissur,Central,10.52,76.21,Seer Fish,329.54,1142.1,288.55,26.55,31.86,4.11,0.9,633.6,3.98,25.8,2.21,0.216,0.0,observed_and_verified_proxy
2014-09-01,2014,9,3,Thrissur,Central,10.52,76.21,Seer Fish,302.91,1123.4,269.63,26.93,33.55,2.77,0.6,228.9,3.77,26.39,1.36,0.202,0.0,observed_and_verified_proxy
2014-10-01,2014,10,4,Thrissur,Central,10.52,76.21,Seer Fish,458.86,1877.8,244.36,27.07,33.19,2.03,0.3,313.8,2.46,26.57,1.05,0.428,0.013,observed_and_verified_proxy
2014-11-01,2014,11,4,Thrissur,Central,10.52,76.21,Seer Fish,455.94,1960.5,232.56,27.14,33.97,1.3,0.12,128.1,2.08,26.83,1.0,0.445,0.062,observed_and_verified_proxy
2014-12-01,2014,12,4,Thrissur,Central,10.52,76.21,Seer Fish,461.08,1887.2,244.32,27.51,34.41,0.99,0.06,21.3,2.03,27.05,1.0,0.431,0.018,observed_and_verified_proxy
2014-01-01,2014,1,1,Kasaragod,North,12.5,74.99,Seer Fish,157.03,967.4,162.33,28.14,34.49,0.94,0.05,2.7,2.31,26.86,1.0,0.183,0.0,observed_and_verified_proxy
2014-02-01,2014,2,1,Kasaragod,North,12.5,74.99,Seer Fish,159.77,927.5,172.25,28.86,34.49,1.08,0.1,1.5,2.69,27.6,1.0,0.178,0.0,observed_and_verified_proxy
2014-03-01,2014,3,1,Kasaragod,North,12.5,74.99,Seer Fish,158.91,850.9,186.74,29.49,34.47,1.37,0.2,7.2,2.61,29.09,1.0,0.163,0.0,observed_and_verified_proxy
2014-04-01,2014,4,2,Kasaragod,North,12.5,74.99,Seer Fish,97.77,601.9,162.43,29.85,34.2,1.87,0.35,71.4,2.55,28.67,1.05,0.078,0.0,observed_and_verified_proxy
2014-05-01,2014,5,2,Kasaragod,North,12.5,74.99,Seer Fish,96.14,590.6,162.79,29.77,33.36,2.96,0.65,273.9,2.6,27.74,1.36,0.076,0.0,observed_and_verified_proxy
2014-06-01,2014,6,2,Kasaragod,North,12.5,74.99,Seer Fish,92.47,549.6,168.24,28.91,32.7,4.0,0.95,432.3,4.0,26.95,2.21,0.068,0.0,observed_and_verified_proxy
2014-07-01,2014,7,3,Kasaragod,North,12.5,74.99,Seer Fish,197.66,678.9,291.13,27.27,30.79,4.71,1.0,890.7,3.85,25.69,2.8,0.153,0.0,observed_and_verified_proxy
2014-08-01,2014,8,3,Kasaragod,North,12.5,74.99,Seer Fish,196.95,675.8,291.43,26.55,31.72,4.15,0.9,666.9,3.42,25.12,2.21,0.152,0.0,observed_and_verified_proxy
2014-09-01,2014,9,3,Kasaragod,North,12.5,74.99,Seer Fish,191.7,726.9,263.73,26.93,33.26,2.85,0.6,296.7,3.28,25.73,1.36,0.16,0.0,observed_and_verified_proxy
2014-10-01,2014,10,4,Kasaragod,North,12.5,74.99,Seer Fish,257.86,1085.8,237.49,27.07,33.45,1.96,0.3,252.3,2.28,26.02,1.05,0.293,0.0,observed_and_verified_proxy
2014-11-01,2014,11,4,Kasaragod,North,12.5,74.99,Seer Fish,268.12,1111.4,241.24,27.14,34.13,1.25,0.12,89.7,1.6,26.15,1.0,0.308,0.0,observed_and_verified_proxy
2014-12-01,2014,12,4,Kasaragod,North,12.5,74.99,Seer Fish,259.3,1179.4,219.87,27.51,34.35,1.01,0.06,34.8,1.84,25.95,1.0,0.32,0.0,observed_and_verified_proxy
2015-01-01,2015,1,1,Kozhikode,North,11.25,75.78,Seer Fish,845.46,5665.9,149.22,28.14,34.5,0.94,0.05,0.3,2.31,26.07,1.0,0.446,0.248,observed_and_verified_proxy
2015-02-01,2015,2,1,Kozhikode,North,11.25,75.78,Seer Fish,838.73,5941.3,141.17,28.86,34.5,1.08,0.1,0.9,2.47,27.55,1.0,0.466,0.293,observed_and_verified_proxy
2015-03-01,2015,3,1,Kozhikode,North,11.25,75.78,Seer Fish,809.06,5808.9,139.28,29.49,34.33,1.41,0.2,41.1,2.45,28.35,1.0,0.45,0.275,observed_and_verified_proxy
2015-04-01,2015,4,2,Kozhikode,North,11.25,75.78,Seer Fish,475.66,3910.5,121.64,29.85,33.99,1.93,0.35,121.8,2.15,28.13,1.05,0.239,0.04,observed_and_verified_proxy
2015-05-01,2015,5,2,Kozhikode,North,11.25,75.78,Seer Fish,476.72,3900.2,122.23,29.77,33.69,2.86,0.65,195.0,2.54,27.7,1.36,0.239,0.038,observed_and_verified_proxy
2015-06-01,2015,6,2,Kozhikode,North,11.25,75.78,Seer Fish,473.88,3914.4,121.06,28.91,32.35,4.11,0.95,516.3,3.47,26.65,2.21,0.239,0.041,observed_and_verified_proxy
2015-07-01,2015,7,3,Kozhikode,North,11.25,75.78,Seer Fish,1031.64,4827.5,213.7,27.27,33.0,4.05,1.0,360.9,3.55,25.95,2.8,0.407,0.055,observed_and_verified_proxy
2015-08-01,2015,8,3,Kozhikode,North,11.25,75.78,Seer Fish,1045.22,4327.4,241.53,26.55,33.34,3.67,0.9,277.2,3.07,25.74,2.21,0.367,0.0,observed_and_verified_proxy
2015-09-01,2015,9,3,Kozhikode,North,11.25,75.78,Seer Fish,1006.0,4716.8,213.28,26.93,33.59,2.75,0.6,217.8,2.69,26.18,1.36,0.395,0.039,observed_and_verified_proxy
2015-10-01,2015,10,4,Kozhikode,North,11.25,75.78,Seer Fish,1398.97,7474.0,187.18,27.07,33.85,1.84,0.3,156.9,2.03,26.73,1.05,0.69,0.481,observed_and_verified_proxy
2015-11-01,2015,11,4,Kozhikode,North,11.25,75.78,Seer Fish,1376.67,7501.3,183.52,27.14,33.84,1.34,0.12,159.6,2.14,26.34,1.0,0.69,0.489,observed_and_verified_proxy
2015-12-01,2015,12,4,Kozhikode,North,11.25,75.78,Seer Fish,1425.7,7265.9,196.22,27.51,34.36,1.01,0.06,33.0,1.88,26.68,1.0,0.674,0.44,observed_and_verified_proxy
2015-01-01,2015,1,1,Ernakulam,Central,9.98,76.28,Seer Fish,758.75,5605.4,135.36,28.14,34.48,0.94,0.05,3.9,2.21,27.13,1.0,0.473,0.314,observed_and_verified_proxy
2015-02-01,2015,2,1,Ernakulam,Central,9.98,76.28,Seer Fish,749.9,5306.8,141.31,28.86,34.49,1.08,0.1,2.4,2.52,28.77,1.0,0.446,0.266,observed_and_verified_proxy
2015-03-01,2015,3,1,Ernakulam,Central,9.98,76.28,Seer Fish,700.22,5408.1,129.48,29.49,34.3,1.42,0.2,46.8,2.61,29.41,1.0,0.442,0.287,observed_and_verified_proxy
2015-04-01,2015,4,2,Ernakulam,Central,9.98,76.28,Seer Fish,454.96,3097.8,146.87,29.85,33.86,1.97,0.35,152.7,2.38,28.65,1.05,0.207,0.0,observed_and_verified_proxy
2015-05-01,2015,5,2,Ernakulam,Central,9.98,76.28,Seer Fish,464.0,3170.0,146.38,29.77,33.58,2.9,0.65,220.5,2.82,28.24,1.36,0.214,0.0,observed_and_verified_proxy
2015-06-01,2015,6,2,Ernakulam,Central,9.98,76.28,Seer Fish,437.06,3088.3,141.52,28.91,32.77,3.98,0.95,415.2,3.85,27.3,2.21,0.202,0.0,observed_and_verified_proxy
2015-07-01,2015,7,3,Ernakulam,Central,9.98,76.28,Seer Fish,890.98,4023.4,221.45,27.27,33.57,3.88,1.0,223.8,3.89,26.58,2.8,0.361,0.0,observed_and_verified_proxy
2015-08-01,2015,8,3,Ernakulam,Central,9.98,76.28,Seer Fish,913.11,3978.6,229.51,26.55,33.78,3.54,0.9,173.1,3.26,26.41,2.21,0.36,0.0,observed_and_verified_proxy
2015-09-01,2015,9,3,Ernakulam,Central,9.98,76.28,Seer Fish,880.53,4141.6,212.6,26.93,33.4,2.81,0.6,264.0,3.09,26.8,1.36,0.37,0.009,observed_and_verified_proxy
2015-10-01,2015,10,4,Ernakulam,Central,9.98,76.28,Seer Fish,1307.65,6317.6,206.98,27.07,33.38,1.98,0.3,268.2,2.22,27.18,1.05,0.64,0.372,observed_and_verified_proxy
2015-11-01,2015,11,4,Ernakulam,Central,9.98,76.28,Seer Fish,1312.71,6365.4,206.23,27.14,33.48,1.44,0.12,245.7,2.32,26.85,1.0,0.646,0.381,observed_and_verified_proxy
2015-12-01,2015,12,4,Ernakulam,Central,9.98,76.28,Seer Fish,1340.1,6223.0,215.35,27.51,34.22,1.05,0.06,68.1,1.99,26.97,1.0,0.635,0.347,observed_and_verified_proxy
2015-01-01,2015,1,1,Alappuzha,South,9.49,76.33,Seer Fish,648.35,4385.9,147.83,28.14,34.49,0.94,0.05,2.4,3.58,25.7,1.0,0.393,0.182,observed_and_verified_proxy
2015-02-01,2015,2,1,Alappuzha,South,9.49,76.33,Seer Fish,638.37,4707.4,135.61,28.86,34.49,1.08,0.1,1.2,3.57,27.53,1.0,0.419,0.243,observed_and_verified_proxy
2015-03-01,2015,3,1,Alappuzha,South,9.49,76.33,Seer Fish,668.43,4628.6,144.41,29.49,34.34,1.41,0.2,38.1,2.66,29.11,1.0,0.42,0.225,observed_and_verified_proxy
2015-04-01,2015,4,2,Alappuzha,South,9.49,76.33,Seer Fish,381.29,2904.7,131.27,29.85,33.47,2.09,0.35,247.5,2.46,28.59,1.05,0.199,0.0,observed_and_verified_proxy
2015-05-01,2015,5,2,Alappuzha,South,9.49,76.33,Seer Fish,383.04,2745.7,139.51,29.77,33.27,2.99,0.65,295.5,3.9,27.9,1.36,0.189,0.0,observed_and_verified_proxy
2015-06-01,2015,6,2,Alappuzha,South,9.49,76.33,Seer Fish,387.57,3057.2,126.77,28.91,33.23,3.84,0.95,304.8,4.84,27.07,2.21,0.212,0.0,observed_and_verified_proxy
2015-07-01,2015,7,3,Alappuzha,South,9.49,76.33,Seer Fish,820.09,3474.1,236.06,27.27,34.23,3.68,1.0,65.1,5.11,26.21,2.8,0.343,0.0,observed_and_verified_proxy
2015-08-01,2015,8,3,Alappuzha,South,9.49,76.33,Seer Fish,781.91,3760.4,207.93,26.55,34.25,3.39,0.9,59.7,4.76,26.35,2.21,0.364,0.011,observed_and_verified_proxy
2015-09-01,2015,9,3,Alappuzha,South,9.49,76.33,Seer Fish,788.64,3844.4,205.14,26.93,33.56,2.76,0.6,225.0,4.12,26.46,1.36,0.373,0.03,observed_and_verified_proxy
2015-10-01,2015,10,4,Alappuzha,South,9.49,76.33,Seer Fish,1158.73,5603.5,206.79,27.07,33.08,2.07,0.3,340.8,2.74,26.8,1.05,0.621,0.348,observed_and_verified_proxy
2015-11-01,2015,11,4,Alappuzha,South,9.49,76.33,Seer Fish,1090.75,6047.4,180.37,27.14,33.19,1.53,0.12,314.7,2.97,26.41,1.0,0.658,0.455,observed_and_verified_proxy
2015-12-01,2015,12,4,Alappuzha,South,9.49,76.33,Seer Fish,1100.4,6000.2,183.39,27.51,33.81,1.18,0.06,166.2,3.63,26.01,1.0,0.655,0.444,observed_and_verified_proxy
2015-01-01,2015,1,1,Kollam,South,8.89,76.6,Seer Fish,626.28,4554.5,137.51,28.14,34.49,0.94,0.05,2.4,3.58,25.7,1.0,0.431,0.254,observed_and_verified_proxy
2015-02-01,2015,2,1,Kollam,South,8.89,76.6,Seer Fish,570.52,4360.6,130.83,28.86,34.49,1.08,0.1,1.2,3.57,27.53,1.0,0.395,0.223,observed_and_verified_proxy
2015-03-01,2015,3,1,Kollam,South,8.89,76.6,Seer Fish,623.3,4644.1,134.21,29.49,34.34,1.41,0.2,38.1,2.66,29.11,1.0,0.438,0.271,observed_and_verified_proxy
2015-04-01,2015,4,2,Kollam,South,8.89,76.6,Seer Fish,371.6,2861.6,129.86,29.85,33.47,2.09,0.35,247.5,2.46,28.59,1.05,0.207,0.0,observed_and_verified_proxy
2015-05-01,2015,5,2,Kollam,South,8.89,76.6,Seer Fish,374.63,2538.7,147.57,29.77,33.27,2.99,0.65,295.5,3.9,27.9,1.36,0.185,0.0,observed_and_verified_proxy
2015-06-01,2015,6,2,Kollam,South,8.89,76.6,Seer Fish,362.51,2909.7,124.59,28.91,33.23,3.84,0.95,304.8,4.84,27.07,2.21,0.208,0.0,observed_and_verified_proxy
2015-07-01,2015,7,3,Kollam,South,8.89,76.6,Seer Fish,777.59,3176.3,244.81,27.27,34.23,3.68,1.0,65.1,5.11,26.21,2.8,0.329,0.0,observed_and_verified_proxy
2015-08-01,2015,8,3,Kollam,South,8.89,76.6,Seer Fish,781.47,3354.2,232.98,26.55,34.25,3.39,0.9,59.7,4.76,26.35,2.21,0.348,0.0,observed_and_verified_proxy
2015-09-01,2015,9,3,Kollam,South,8.89,76.6,Seer Fish,738.11,3267.9,225.87,26.93,33.56,2.76,0.6,225.0,4.12,26.46,1.36,0.331,0.0,observed_and_verified_proxy
2015-10-01,2015,10,4,Kollam,South,8.89,76.6,Seer Fish,1075.42,5576.3,192.86,27.07,33.08,2.07,0.3,340.8,2.74,26.8,1.05,0.647,0.413,observed_and_verified_proxy
2015-11-01,2015,11,4,Kollam,South,8.89,76.6,Seer Fish,1093.24,5068.5,215.69,27.14,33.19,1.53,0.12,314.7,2.97,26.41,1.0,0.591,0.29,observed_and_verified_proxy
2015-12-01,2015,12,4,Kollam,South,8.89,76.6,Seer Fish,1105.43,5284.7,209.18,27.51,33.81,1.18,0.06,166.2,3.63,26.01,1.0,0.619,0.34,observed_and_verified_proxy
2015-01-01,2015,1,1,Kannur,North,11.87,75.37,Seer Fish,466.71,3273.6,142.57,28.14,34.5,0.94,0.05,0.3,2.31,26.07,1.0,0.342,0.128,observed_and_verified_proxy
2015-02-01,2015,2,1,Kannur,North,11.87,75.37,Seer Fish,459.61,3358.1,136.87,28.86,34.5,1.08,0.1,0.9,2.47,27.55,1.0,0.348,0.148,observed_and_verified_proxy
2015-03-01,2015,3,1,Kannur,North,11.87,75.37,Seer Fish,470.57,3471.6,135.55,29.49,34.33,1.41,0.2,41.1,2.45,28.35,1.0,0.364,0.172,observed_and_verified_proxy
2015-04-01,2015,4,2,Kannur,North,11.87,75.37,Seer Fish,302.49,2050.2,147.54,29.85,33.99,1.93,0.35,121.8,2.15,28.13,1.05,0.167,0.0,observed_and_verified_proxy
2015-05-01,2015,5,2,Kannur,North,11.87,75.37,Seer Fish,298.08,1997.1,149.26,29.77,33.69,2.86,0.65,195.0,2.54,27.7,1.36,0.161,0.0,observed_and_verified_proxy
2015-06-01,2015,6,2,Kannur,North,11.87,75.37,Seer Fish,302.02,2022.1,149.36,28.91,32.35,4.11,0.95,516.3,3.47,26.65,2.21,0.165,0.0,observed_and_verified_proxy
2015-07-01,2015,7,3,Kannur,North,11.87,75.37,Seer Fish,586.29,2782.2,210.73,27.27,33.0,4.05,1.0,360.9,3.55,25.95,2.8,0.325,0.0,observed_and_verified_proxy
2015-08-01,2015,8,3,Kannur,North,11.87,75.37,Seer Fish,608.34,2695.9,225.65,26.55,33.34,3.67,0.9,277.2,3.07,25.74,2.21,0.32,0.0,observed_and_verified_proxy
2015-09-01,2015,9,3,Kannur,North,11.87,75.37,Seer Fish,600.41,2602.1,230.74,26.93,33.59,2.75,0.6,217.8,2.69,26.18,1.36,0.307,0.0,observed_and_verified_proxy
2015-10-01,2015,10,4,Kannur,North,11.87,75.37,Seer Fish,793.09,3935.1,201.54,27.07,33.85,1.84,0.3,156.9,2.03,26.73,1.05,0.522,0.231,observed_and_verified_proxy
2015-11-01,2015,11,4,Kannur,North,11.87,75.37,Seer Fish,836.83,4120.5,203.09,27.14,33.84,1.34,0.12,159.6,2.14,26.34,1.0,0.558,0.274,observed_and_verified_proxy
2015-12-01,2015,12,4,Kannur,North,11.87,75.37,Seer Fish,859.52,4376.6,196.39,27.51,34.36,1.01,0.06,33.0,1.88,26.68,1.0,0.599,0.342,observed_and_verified_proxy
2015-01-01,2015,1,1,Thiruvananthapuram,South,8.52,76.94,Seer Fish,379.05,2855.6,132.74,28.14,34.49,0.94,0.05,2.4,3.58,25.7,1.0,0.326,0.129,observed_and_verified_proxy
2015-02-01,2015,2,1,Thiruvananthapuram,South,8.52,76.94,Seer Fish,396.3,2968.8,133.49,28.86,34.49,1.08,0.1,1.2,3.57,27.53,1.0,0.347,0.155,observed_and_verified_proxy
2015-03-01,2015,3,1,Thiruvananthapuram,South,8.52,76.94,Seer Fish,398.57,2686.3,148.37,29.49,34.34,1.41,0.2,38.1,2.66,29.11,1.0,0.315,0.08,observed_and_verified_proxy
2015-04-01,2015,4,2,Thiruvananthapuram,South,8.52,76.94,Seer Fish,236.5,1795.1,131.74,29.85,33.47,2.09,0.35,247.5,2.46,28.59,1.05,0.152,0.0,observed_and_verified_proxy
2015-05-01,2015,5,2,Thiruvananthapuram,South,8.52,76.94,Seer Fish,227.7,1689.6,134.77,29.77,33.27,2.99,0.65,295.5,3.9,27.9,1.36,0.14,0.0,observed_and_verified_proxy
2015-06-01,2015,6,2,Thiruvananthapuram,South,8.52,76.94,Seer Fish,239.86,1852.3,129.49,28.91,33.23,3.84,0.95,304.8,4.84,27.07,2.21,0.159,0.0,observed_and_verified_proxy
2015-07-01,2015,7,3,Thiruvananthapuram,South,8.52,76.94,Seer Fish,498.6,1992.7,250.22,27.27,34.23,3.68,1.0,65.1,5.11,26.21,2.8,0.263,0.0,observed_and_verified_proxy
2015-08-01,2015,8,3,Thiruvananthapuram,South,8.52,76.94,Seer Fish,465.05,2164.1,214.89,26.55,34.25,3.39,0.9,59.7,4.76,26.35,2.21,0.276,0.0,observed_and_verified_proxy
2015-09-01,2015,9,3,Thiruvananthapuram,South,8.52,76.94,Seer Fish,494.18,2125.7,232.48,26.93,33.56,2.76,0.6,225.0,4.12,26.46,1.36,0.28,0.0,observed_and_verified_proxy
2015-10-01,2015,10,4,Thiruvananthapuram,South,8.52,76.94,Seer Fish,674.56,3479.7,193.86,27.07,33.08,2.07,0.3,340.8,2.74,26.8,1.05,0.529,0.256,observed_and_verified_proxy
2015-11-01,2015,11,4,Thiruvananthapuram,South,8.52,76.94,Seer Fish,677.58,3441.5,196.88,27.14,33.19,1.53,0.12,314.7,2.97,26.41,1.0,0.524,0.244,observed_and_verified_proxy
2015-12-01,2015,12,4,Thiruvananthapuram,South,8.52,76.94,Seer Fish,653.79,3373.0,193.83,27.51,33.81,1.18,0.06,166.2,3.63,26.01,1.0,0.506,0.227,observed_and_verified_proxy
2015-01-01,2015,1,1,Malappuram,North,11.07,76.07,Seer Fish,287.93,2309.8,124.66,28.14,34.5,0.94,0.05,0.3,2.31,26.07,1.0,0.287,0.096,observed_and_verified_proxy
2015-02-01,2015,2,1,Malappuram,North,11.07,76.07,Seer Fish,291.45,2236.9,130.29,28.86,34.5,1.08,0.1,0.9,2.47,27.55,1.0,0.28,0.075,observed_and_verified_proxy
2015-03-01,2015,3,1,Malappuram,North,11.07,76.07,Seer Fish,289.15,2314.6,124.93,29.49,34.33,1.41,0.2,41.1,2.45,28.35,1.0,0.288,0.097,observed_and_verified_proxy
2015-04-01,2015,4,2,Malappuram,North,11.07,76.07,Seer Fish,183.42,1417.4,129.4,29.85,33.99,1.93,0.35,121.8,2.15,28.13,1.05,0.129,0.0,observed_and_verified_proxy
2015-05-01,2015,5,2,Malappuram,North,11.07,76.07,Seer Fish,187.27,1269.3,147.54,29.77,33.69,2.86,0.65,195.0,2.54,27.7,1.36,0.118,0.0,observed_and_verified_proxy
2015-06-01,2015,6,2,Malappuram,North,11.07,76.07,Seer Fish,191.19,1461.3,130.83,28.91,32.35,4.11,0.95,516.3,3.47,26.65,2.21,0.137,0.0,observed_and_verified_proxy
2015-07-01,2015,7,3,Malappuram,North,11.07,76.07,Seer Fish,366.52,1566.8,233.93,27.27,33.0,4.05,1.0,360.9,3.55,25.95,2.8,0.225,0.0,observed_and_verified_proxy
2015-08-01,2015,8,3,Malappuram,North,11.07,76.07,Seer Fish,386.73,1790.3,216.01,26.55,33.34,3.67,0.9,277.2,3.07,25.74,2.21,0.266,0.0,observed_and_verified_proxy
2015-09-01,2015,9,3,Malappuram,North,11.07,76.07,Seer Fish,363.48,1555.4,233.69,26.93,33.59,2.75,0.6,217.8,2.69,26.18,1.36,0.223,0.0,observed_and_verified_proxy
2015-10-01,2015,10,4,Malappuram,North,11.07,76.07,Seer Fish,517.68,2705.1,191.37,27.07,33.85,1.84,0.3,156.9,2.03,26.73,1.05,0.468,0.183,observed_and_verified_proxy
2015-11-01,2015,11,4,Malappuram,North,11.07,76.07,Seer Fish,528.81,2646.3,199.83,27.14,33.84,1.34,0.12,159.6,2.14,26.34,1.0,0.463,0.157,observed_and_verified_proxy
2015-12-01,2015,12,4,Malappuram,North,11.07,76.07,Seer Fish,553.52,2605.3,212.46,27.51,34.36,1.01,0.06,33.0,1.88,26.68,1.0,0.466,0.133,observed_and_verified_proxy
2015-01-01,2015,1,1,Thrissur,Central,10.52,76.21,Seer Fish,215.27,1572.0,136.94,28.14,34.48,0.94,0.05,3.9,2.21,27.13,1.0,0.225,0.0,observed_and_verified_proxy
2015-02-01,2015,2,1,Thrissur,Central,10.52,76.21,Seer Fish,221.59,1660.9,133.41,28.86,34.49,1.08,0.1,2.4,2.52,28.77,1.0,0.243,0.019,observed_and_verified_proxy
2015-03-01,2015,3,1,Thrissur,Central,10.52,76.21,Seer Fish,214.38,1522.2,140.83,29.49,34.3,1.42,0.2,46.8,2.61,29.41,1.0,0.218,0.0,observed_and_verified_proxy
2015-04-01,2015,4,2,Thrissur,Central,10.52,76.21,Seer Fish,137.57,1041.8,132.04,29.85,33.86,1.97,0.35,152.7,2.38,28.65,1.05,0.107,0.0,observed_and_verified_proxy
2015-05-01,2015,5,2,Thrissur,Central,10.52,76.21,Seer Fish,126.16,946.9,133.23,29.77,33.58,2.9,0.65,220.5,2.82,28.24,1.36,0.091,0.0,observed_and_verified_proxy
2015-06-01,2015,6,2,Thrissur,Central,10.52,76.21,Seer Fish,135.58,1019.9,132.94,28.91,32.77,3.98,0.95,415.2,3.85,27.3,2.21,0.104,0.0,observed_and_verified_proxy
2015-07-01,2015,7,3,Thrissur,Central,10.52,76.21,Seer Fish,271.77,1102.4,246.51,27.27,33.57,3.88,1.0,223.8,3.89,26.58,2.8,0.185,0.0,observed_and_verified_proxy
2015-08-01,2015,8,3,Thrissur,Central,10.52,76.21,Seer Fish,276.15,1221.3,226.11,26.55,33.78,3.54,0.9,173.1,3.26,26.41,2.21,0.207,0.0,observed_and_verified_proxy
2015-09-01,2015,9,3,Thrissur,Central,10.52,76.21,Seer Fish,279.32,1188.3,235.06,26.93,33.4,2.81,0.6,264.0,3.09,26.8,1.36,0.203,0.0,observed_and_verified_proxy
2015-10-01,2015,10,4,Thrissur,Central,10.52,76.21,Seer Fish,369.51,1891.7,195.33,27.07,33.38,1.98,0.3,268.2,2.22,27.18,1.05,0.383,0.064,observed_and_verified_proxy
2015-11-01,2015,11,4,Thrissur,Central,10.52,76.21,Seer Fish,364.16,1840.4,197.87,27.14,33.48,1.44,0.12,245.7,2.32,26.85,1.0,0.369,0.04,observed_and_verified_proxy
2015-12-01,2015,12,4,Thrissur,Central,10.52,76.21,Seer Fish,372.39,1895.0,196.51,27.51,34.22,1.05,0.06,68.1,1.99,26.97,1.0,0.385,0.064,observed_and_verified_proxy
2015-01-01,2015,1,1,Kasaragod,North,12.5,74.99,Seer Fish,127.56,964.8,132.21,28.14,34.5,0.94,0.05,0.3,2.31,26.07,1.0,0.156,0.0,observed_and_verified_proxy
2015-02-01,2015,2,1,Kasaragod,North,12.5,74.99,Seer Fish,131.01,922.3,142.06,28.86,34.5,1.08,0.1,0.9,2.47,27.55,1.0,0.152,0.0,observed_and_verified_proxy
2015-03-01,2015,3,1,Kasaragod,North,12.5,74.99,Seer Fish,122.01,881.7,138.38,29.49,34.33,1.41,0.2,41.1,2.45,28.35,1.0,0.137,0.0,observed_and_verified_proxy
2015-04-01,2015,4,2,Kasaragod,North,12.5,74.99,Seer Fish,76.41,541.8,141.02,29.85,33.99,1.93,0.35,121.8,2.15,28.13,1.05,0.057,0.0,observed_and_verified_proxy
2015-05-01,2015,5,2,Kasaragod,North,12.5,74.99,Seer Fish,75.99,594.8,127.77,29.77,33.69,2.86,0.65,195.0,2.54,27.7,1.36,0.062,0.0,observed_and_verified_proxy
2015-06-01,2015,6,2,Kasaragod,North,12.5,74.99,Seer Fish,82.02,612.6,133.89,28.91,32.35,4.11,0.95,516.3,3.47,26.65,2.21,0.069,0.0,observed_and_verified_proxy
2015-07-01,2015,7,3,Kasaragod,North,12.5,74.99,Seer Fish,160.94,726.6,221.51,27.27,33.0,4.05,1.0,360.9,3.55,25.95,2.8,0.14,0.0,observed_and_verified_proxy
2015-08-01,2015,8,3,Kasaragod,North,12.5,74.99,Seer Fish,164.72,714.9,230.43,26.55,33.34,3.67,0.9,277.2,3.07,25.74,2.21,0.141,0.0,observed_and_verified_proxy
2015-09-01,2015,9,3,Kasaragod,North,12.5,74.99,Seer Fish,160.96,712.6,225.89,26.93,33.59,2.75,0.6,217.8,2.69,26.18,1.36,0.138,0.0,observed_and_verified_proxy
2015-10-01,2015,10,4,Kasaragod,North,12.5,74.99,Seer Fish,230.75,1196.2,192.9,27.07,33.85,1.84,0.3,156.9,2.03,26.73,1.05,0.3,0.0,observed_and_verified_proxy
2015-11-01,2015,11,4,Kasaragod,North,12.5,74.99,Seer Fish,228.76,1133.6,201.8,27.14,33.84,1.34,0.12,159.6,2.14,26.34,1.0,0.282,0.0,observed_and_verified_proxy
2015-12-01,2015,12,4,Kasaragod,North,12.5,74.99,Seer Fish,219.37,1149.5,190.84,27.51,34.36,1.01,0.06,33.0,1.88,26.68,1.0,0.278,0.0,observed_and_verified_proxy
2016-01-01,2016,1,1,Kozhikode,North,11.25,75.78,Seer Fish,892.89,5435.6,164.27,28.14,34.49,0.94,0.05,2.7,2.3,26.9,1.0,0.437,0.203,observed_and_verified_proxy
2016-02-01,2016,2,1,Kozhikode,North,11.25,75.78,Seer Fish,868.23,5521.5,157.25,28.86,34.48,1.09,0.1,6.0,2.56,28.45,1.0,0.439,0.221,observed_and_verified_proxy
2016-03-01,2016,3,1,Kozhikode,North,11.25,75.78,Seer Fish,877.52,6064.2,144.7,29.49,34.46,1.37,0.2,10.5,2.52,29.4,1.0,0.484,0.308,observed_and_verified_proxy
2016-04-01,2016,4,2,Kozhikode,North,11.25,75.78,Seer Fish,558.06,3925.7,142.15,29.85,34.4,1.81,0.35,23.1,2.88,29.81,1.05,0.259,0.021,observed_and_verified_proxy
2016-05-01,2016,5,2,Kozhikode,North,11.25,75.78,Seer Fish,516.83,3663.2,141.09,29.77,33.78,2.84,0.65,172.2,3.22,28.79,1.36,0.233,0.0,observed_and_verified_proxy
2016-06-01,2016,6,2,Kozhikode,North,11.25,75.78,Seer Fish,557.7,3913.8,142.5,28.91,32.34,4.11,0.95,519.0,3.89,26.51,2.21,0.259,0.02,observed_and_verified_proxy
2016-07-01,2016,7,3,Kozhikode,North,11.25,75.78,Seer Fish,1123.53,4750.3,236.52,27.27,32.67,4.15,1.0,440.1,3.67,25.35,2.8,0.412,0.01,observed_and_verified_proxy
2016-08-01,2016,8,3,Kozhikode,North,11.25,75.78,Seer Fish,1150.94,4872.6,236.21,26.55,33.58,3.6,0.9,222.0,3.74,25.4,2.21,0.426,0.028,observed_and_verified_proxy
2016-09-01,2016,9,3,Kozhikode,North,11.25,75.78,Seer Fish,1116.83,4469.1,249.9,26.93,34.16,2.58,0.6,82.2,3.29,25.06,1.36,0.387,0.0,observed_and_verified_proxy
2016-10-01,2016,10,4,Kozhikode,North,11.25,75.78,Seer Fish,1567.49,6662.2,235.28,27.07,34.33,1.69,0.3,40.2,2.58,25.91,1.05,0.633,0.3,observed_and_verified_proxy
2016-11-01,2016,11,4,Kozhikode,North,11.25,75.78,Seer Fish,1525.37,7562.3,201.71,27.14,34.29,1.2,0.12,50.7,2.08,26.65,1.0,0.714,0.48,observed_and_verified_proxy
2016-12-01,2016,12,4,Kozhikode,North,11.25,75.78,Seer Fish,1555.33,7011.2,221.84,27.51,34.33,1.02,0.06,41.7,2.43,26.52,1.0,0.665,0.371,observed_and_verified_proxy
2016-01-01,2016,1,1,Ernakulam,Central,9.98,76.28,Seer Fish,822.49,5365.9,153.28,28.14,34.49,0.94,0.05,1.5,2.01,27.28,1.0,0.467,0.267,observed_and_verified_proxy
2016-02-01,2016,2,1,Ernakulam,Central,9.98,76.28,Seer Fish,824.46,5078.2,162.35,28.86,34.24,1.16,0.1,63.0,2.24,28.95,1.0,0.443,0.215,observed_and_verified_proxy
2016-03-01,2016,3,1,Ernakulam,Central,9.98,76.28,Seer Fish,770.2,4848.6,158.85,29.49,34.34,1.41,0.2,37.2,2.65,30.01,1.0,0.412,0.182,observed_and_verified_proxy
2016-04-01,2016,4,2,Ernakulam,Central,9.98,76.28,Seer Fish,465.12,3412.0,136.32,29.85,34.27,1.85,0.35,56.1,3.14,30.08,1.05,0.23,0.0,observed_and_verified_proxy
2016-05-01,2016,5,2,Ernakulam,Central,9.98,76.28,Seer Fish,500.37,3459.7,144.63,29.77,33.51,2.92,0.65,237.0,3.68,29.06,1.36,0.242,0.0,observed_and_verified_proxy
2016-06-01,2016,6,2,Ernakulam,Central,9.98,76.28,Seer Fish,481.03,3201.7,150.24,28.91,32.51,4.06,0.95,477.9,4.5,27.05,2.21,0.22,0.0,observed_and_verified_proxy
2016-07-01,2016,7,3,Ernakulam,Central,9.98,76.28,Seer Fish,1003.56,4079.7,245.99,27.27,32.76,4.12,1.0,417.3,4.02,25.99,2.8,0.381,0.0,observed_and_verified_proxy
2016-08-01,2016,8,3,Ernakulam,Central,9.98,76.28,Seer Fish,944.82,3803.4,248.42,26.55,33.76,3.54,0.9,177.0,4.25,26.07,2.21,0.348,0.0,observed_and_verified_proxy
2016-09-01,2016,9,3,Ernakulam,Central,9.98,76.28,Seer Fish,989.67,3861.4,256.3,26.93,34.25,2.56,0.6,60.6,4.01,25.87,1.36,0.359,0.0,observed_and_verified_proxy
2016-10-01,2016,10,4,Ernakulam,Central,9.98,76.28,Seer Fish,1417.55,6759.7,209.71,27.07,33.92,1.81,0.3,139.2,3.11,26.58,1.05,0.7,0.444,observed_and_verified_proxy
2016-11-01,2016,11,4,Ernakulam,Central,9.98,76.28,Seer Fish,1403.83,6784.3,206.92,27.14,34.04,1.27,0.12,110.4,2.06,26.99,1.0,0.701,0.451,observed_and_verified_proxy
2016-12-01,2016,12,4,Ernakulam,Central,9.98,76.28,Seer Fish,1455.8,6916.8,210.47,27.51,34.39,1.0,0.06,27.0,2.49,27.4,1.0,0.721,0.47,observed_and_verified_proxy
2016-01-01,2016,1,1,Alappuzha,South,9.49,76.33,Seer Fish,721.54,4934.6,146.22,28.14,34.5,0.94,0.05,0.6,3.59,25.59,1.0,0.463,0.277,observed_and_verified_proxy
2016-02-01,2016,2,1,Alappuzha,South,9.49,76.33,Seer Fish,690.75,4878.3,141.6,28.86,34.35,1.12,0.1,35.1,2.91,27.53,1.0,0.449,0.269,observed_and_verified_proxy
2016-03-01,2016,3,1,Alappuzha,South,9.49,76.33,Seer Fish,661.82,4351.8,152.08,29.49,34.38,1.4,0.2,28.5,2.46,29.62,1.0,0.393,0.174,observed_and_verified_proxy
2016-04-01,2016,4,2,Alappuzha,South,9.49,76.33,Seer Fish,412.71,3021.3,136.6,29.85,34.26,1.85,0.35,58.5,3.14,29.91,1.05,0.217,0.0,observed_and_verified_proxy
2016-05-01,2016,5,2,Alappuzha,South,9.49,76.33,Seer Fish,417.87,3170.6,131.79,29.77,33.34,2.97,0.65,278.4,4.38,28.62,1.36,0.229,0.005,observed_and_verified_proxy
2016-06-01,2016,6,2,Alappuzha,South,9.49,76.33,Seer Fish,416.32,3060.8,136.02,28.91,33.25,3.84,0.95,300.3,5.78,26.87,2.21,0.221,0.0,observed_and_verified_proxy
2016-07-01,2016,7,3,Alappuzha,South,9.49,76.33,Seer Fish,898.59,3507.1,256.22,27.27,33.99,3.75,1.0,123.3,5.31,25.86,2.8,0.358,0.0,observed_and_verified_proxy
2016-08-01,2016,8,3,Alappuzha,South,9.49,76.33,Seer Fish,840.64,3540.9,237.41,26.55,34.27,3.39,0.9,54.0,5.8,26.05,2.21,0.352,0.0,observed_and_verified_proxy
2016-09-01,2016,9,3,Alappuzha,South,9.49,76.33,Seer Fish,835.13,3469.3,240.72,26.93,34.43,2.5,0.6,17.7,5.73,26.09,1.36,0.344,0.0,observed_and_verified_proxy
2016-10-01,2016,10,4,Alappuzha,South,9.49,76.33,Seer Fish,1282.49,5752.4,222.95,27.07,34.17,1.74,0.3,78.3,4.36,26.82,1.05,0.657,0.359,observed_and_verified_proxy
2016-11-01,2016,11,4,Alappuzha,South,9.49,76.33,Seer Fish,1206.65,5650.1,213.56,27.14,33.93,1.31,0.12,137.1,2.33,27.08,1.0,0.634,0.35,observed_and_verified_proxy
2016-12-01,2016,12,4,Alappuzha,South,9.49,76.33,Seer Fish,1168.9,5265.4,222.0,27.51,34.41,1.0,0.06,22.8,3.24,27.3,1.0,0.585,0.268,observed_and_verified_proxy
2016-01-01,2016,1,1,Kollam,South,8.89,76.6,Seer Fish,649.32,4213.7,154.1,28.14,34.5,0.94,0.05,0.6,3.59,25.59,1.0,0.405,0.184,observed_and_verified_proxy
2016-02-01,2016,2,1,Kollam,South,8.89,76.6,Seer Fish,642.77,4150.5,154.86,28.86,34.35,1.12,0.1,35.1,2.91,27.53,1.0,0.397,0.172,observed_and_verified_proxy
2016-03-01,2016,3,1,Kollam,South,8.89,76.6,Seer Fish,614.95,4342.3,141.62,29.49,34.38,1.4,0.2,28.5,2.46,29.62,1.0,0.407,0.215,observed_and_verified_proxy
2016-04-01,2016,4,2,Kollam,South,8.89,76.6,Seer Fish,393.97,2727.1,144.47,29.85,34.26,1.85,0.35,58.5,3.14,29.91,1.05,0.204,0.0,observed_and_verified_proxy
2016-05-01,2016,5,2,Kollam,South,8.89,76.6,Seer Fish,396.68,2568.4,154.45,29.77,33.34,2.97,0.65,278.4,4.38,28.62,1.36,0.193,0.0,observed_and_verified_proxy
2016-06-01,2016,6,2,Kollam,South,8.89,76.6,Seer Fish,392.22,2593.4,151.24,28.91,33.25,3.84,0.95,300.3,5.78,26.87,2.21,0.194,0.0,observed_and_verified_proxy
2016-07-01,2016,7,3,Kollam,South,8.89,76.6,Seer Fish,783.62,3403.3,230.26,27.27,33.99,3.75,1.0,123.3,5.31,25.86,2.8,0.353,0.0,observed_and_verified_proxy
2016-08-01,2016,8,3,Kollam,South,8.89,76.6,Seer Fish,768.24,3202.1,239.92,26.55,34.27,3.39,0.9,54.0,5.8,26.05,2.21,0.33,0.0,observed_and_verified_proxy
2016-09-01,2016,9,3,Kollam,South,8.89,76.6,Seer Fish,836.16,3551.1,235.47,26.93,34.43,2.5,0.6,17.7,5.73,26.09,1.36,0.378,0.0,observed_and_verified_proxy
2016-10-01,2016,10,4,Kollam,South,8.89,76.6,Seer Fish,1103.48,5306.4,207.95,27.07,34.17,1.74,0.3,78.3,4.36,26.82,1.05,0.621,0.345,observed_and_verified_proxy
2016-11-01,2016,11,4,Kollam,South,8.89,76.6,Seer Fish,1133.68,5214.6,217.41,27.14,33.93,1.31,0.12,137.1,2.33,27.08,1.0,0.615,0.317,observed_and_verified_proxy
2016-12-01,2016,12,4,Kollam,South,8.89,76.6,Seer Fish,1185.29,5406.5,219.24,27.51,34.41,1.0,0.06,22.8,3.24,27.3,1.0,0.647,0.353,observed_and_verified_proxy
2016-01-01,2016,1,1,Kannur,North,11.87,75.37,Seer Fish,505.2,3182.8,158.73,28.14,34.49,0.94,0.05,2.7,2.3,26.9,1.0,0.346,0.097,observed_and_verified_proxy
2016-02-01,2016,2,1,Kannur,North,11.87,75.37,Seer Fish,515.77,3524.0,146.36,28.86,34.48,1.09,0.1,6.0,2.56,28.45,1.0,0.387,0.178,observed_and_verified_proxy
2016-03-01,2016,3,1,Kannur,North,11.87,75.37,Seer Fish,526.37,3657.6,143.91,29.49,34.46,1.37,0.2,10.5,2.52,29.4,1.0,0.406,0.208,observed_and_verified_proxy
2016-04-01,2016,4,2,Kannur,North,11.87,75.37,Seer Fish,305.51,2139.0,142.83,29.85,34.4,1.81,0.35,23.1,2.88,29.81,1.05,0.176,0.0,observed_and_verified_proxy
2016-05-01,2016,5,2,Kannur,North,11.87,75.37,Seer Fish,312.93,2187.5,143.06,29.77,33.78,2.84,0.65,172.2,3.22,28.79,1.36,0.182,0.0,observed_and_verified_proxy
2016-06-01,2016,6,2,Kannur,North,11.87,75.37,Seer Fish,325.89,1996.3,163.24,28.91,32.34,4.11,0.95,519.0,3.89,26.51,2.21,0.171,0.0,observed_and_verified_proxy
2016-07-01,2016,7,3,Kannur,North,11.87,75.37,Seer Fish,666.62,2647.0,251.84,27.27,32.67,4.15,1.0,440.1,3.67,25.35,2.8,0.327,0.0,observed_and_verified_proxy
2016-08-01,2016,8,3,Kannur,North,11.87,75.37,Seer Fish,625.8,2544.3,245.97,26.55,33.58,3.6,0.9,222.0,3.74,25.4,2.21,0.306,0.0,observed_and_verified_proxy
2016-09-01,2016,9,3,Kannur,North,11.87,75.37,Seer Fish,611.24,2523.0,242.26,26.93,34.16,2.58,0.6,82.2,3.29,25.06,1.36,0.3,0.0,observed_and_verified_proxy
2016-10-01,2016,10,4,Kannur,North,11.87,75.37,Seer Fish,903.75,4097.0,220.59,27.07,34.33,1.69,0.3,40.2,2.58,25.91,1.05,0.571,0.252,observed_and_verified_proxy
2016-11-01,2016,11,4,Kannur,North,11.87,75.37,Seer Fish,887.33,4165.7,213.01,27.14,34.29,1.2,0.12,50.7,2.08,26.65,1.0,0.577,0.276,observed_and_verified_proxy
2016-12-01,2016,12,4,Kannur,North,11.87,75.37,Seer Fish,941.47,4143.3,227.23,27.51,34.33,1.02,0.06,41.7,2.43,26.52,1.0,0.586,0.257,observed_and_verified_proxy
2016-01-01,2016,1,1,Thiruvananthapuram,South,8.52,76.94,Seer Fish,432.84,2944.3,147.01,28.14,34.5,0.94,0.05,0.6,3.59,25.59,1.0,0.361,0.143,observed_and_verified_proxy
2016-02-01,2016,2,1,Thiruvananthapuram,South,8.52,76.94,Seer Fish,407.38,2747.0,148.3,28.86,34.35,1.12,0.1,35.1,2.91,27.53,1.0,0.326,0.095,observed_and_verified_proxy
2016-03-01,2016,3,1,Thiruvananthapuram,South,8.52,76.94,Seer Fish,417.32,2834.3,147.24,29.49,34.38,1.4,0.2,28.5,2.46,29.62,1.0,0.341,0.116,observed_and_verified_proxy
2016-04-01,2016,4,2,Thiruvananthapuram,South,8.52,76.94,Seer Fish,255.93,1684.2,151.96,29.85,34.26,1.85,0.35,58.5,3.14,29.91,1.05,0.151,0.0,observed_and_verified_proxy
2016-05-01,2016,5,2,Thiruvananthapuram,South,8.52,76.94,Seer Fish,264.78,1880.3,140.82,29.77,33.34,2.97,0.65,278.4,4.38,28.62,1.36,0.172,0.0,observed_and_verified_proxy
2016-06-01,2016,6,2,Thiruvananthapuram,South,8.52,76.94,Seer Fish,268.3,1857.5,144.44,28.91,33.25,3.84,0.95,300.3,5.78,26.87,2.21,0.172,0.0,observed_and_verified_proxy
2016-07-01,2016,7,3,Thiruvananthapuram,South,8.52,76.94,Seer Fish,517.73,2097.2,246.86,27.27,33.99,3.75,1.0,123.3,5.31,25.86,2.8,0.282,0.0,observed_and_verified_proxy
2016-08-01,2016,8,3,Thiruvananthapuram,South,8.52,76.94,Seer Fish,538.43,1979.0,272.07,26.55,34.27,3.39,0.9,54.0,5.8,26.05,2.21,0.271,0.0,observed_and_verified_proxy
2016-09-01,2016,9,3,Thiruvananthapuram,South,8.52,76.94,Seer Fish,522.34,2202.0,237.22,26.93,34.43,2.5,0.6,17.7,5.73,26.09,1.36,0.298,0.0,observed_and_verified_proxy
2016-10-01,2016,10,4,Thiruvananthapuram,South,8.52,76.94,Seer Fish,736.84,3370.8,218.59,27.07,34.17,1.74,0.3,78.3,4.36,26.82,1.05,0.531,0.205,observed_and_verified_proxy
2016-11-01,2016,11,4,Thiruvananthapuram,South,8.52,76.94,Seer Fish,757.0,3537.8,213.97,27.14,33.93,1.31,0.12,137.1,2.33,27.08,1.0,0.564,0.257,observed_and_verified_proxy
2016-12-01,2016,12,4,Thiruvananthapuram,South,8.52,76.94,Seer Fish,740.25,3326.6,222.53,27.51,34.41,1.0,0.06,22.8,3.24,27.3,1.0,0.525,0.188,observed_and_verified_proxy
2016-01-01,2016,1,1,Malappuram,North,11.07,76.07,Seer Fish,332.01,2168.2,153.13,28.14,34.49,0.94,0.05,2.7,2.3,26.9,1.0,0.294,0.042,observed_and_verified_proxy
2016-02-01,2016,2,1,Malappuram,North,11.07,76.07,Seer Fish,327.58,2031.2,161.27,28.86,34.48,1.09,0.1,6.0,2.56,28.45,1.0,0.273,0.0,observed_and_verified_proxy
2016-03-01,2016,3,1,Malappuram,North,11.07,76.07,Seer Fish,317.11,2144.5,147.87,29.49,34.46,1.37,0.2,10.5,2.52,29.4,1.0,0.283,0.039,observed_and_verified_proxy
2016-04-01,2016,4,2,Malappuram,North,11.07,76.07,Seer Fish,208.15,1316.8,158.08,29.85,34.4,1.81,0.35,23.1,2.88,29.81,1.05,0.132,0.0,observed_and_verified_proxy
2016-05-01,2016,5,2,Malappuram,North,11.07,76.07,Seer Fish,201.45,1263.8,159.39,29.77,33.78,2.84,0.65,172.2,3.22,28.79,1.36,0.123,0.0,observed_and_verified_proxy
2016-06-01,2016,6,2,Malappuram,North,11.07,76.07,Seer Fish,190.36,1353.6,140.62,28.91,32.34,4.11,0.95,519.0,3.89,26.51,2.21,0.127,0.0,observed_and_verified_proxy
2016-07-01,2016,7,3,Malappuram,North,11.07,76.07,Seer Fish,421.16,1626.6,258.92,27.27,32.67,4.15,1.0,440.1,3.67,25.35,2.8,0.253,0.0,observed_and_verified_proxy
2016-08-01,2016,8,3,Malappuram,North,11.07,76.07,Seer Fish,414.53,1779.3,232.98,26.55,33.58,3.6,0.9,222.0,3.74,25.4,2.21,0.274,0.0,observed_and_verified_proxy
2016-09-01,2016,9,3,Malappuram,North,11.07,76.07,Seer Fish,418.96,1760.0,238.04,26.93,34.16,2.58,0.6,82.2,3.29,25.06,1.36,0.273,0.0,observed_and_verified_proxy
2016-10-01,2016,10,4,Malappuram,North,11.07,76.07,Seer Fish,600.49,2724.4,220.41,27.07,34.33,1.69,0.3,40.2,2.58,25.91,1.05,0.506,0.168,observed_and_verified_proxy
2016-11-01,2016,11,4,Malappuram,North,11.07,76.07,Seer Fish,584.85,2818.0,207.54,27.14,34.29,1.2,0.12,50.7,2.08,26.65,1.0,0.517,0.211,observed_and_verified_proxy
2016-12-01,2016,12,4,Malappuram,North,11.07,76.07,Seer Fish,584.21,2534.0,230.55,27.51,34.33,1.02,0.06,41.7,2.43,26.52,1.0,0.464,0.091,observed_and_verified_proxy
2016-01-01,2016,1,1,Thrissur,Central,10.52,76.21,Seer Fish,229.9,1636.1,140.52,28.14,34.49,0.94,0.05,1.5,2.01,27.28,1.0,0.245,0.007,observed_and_verified_proxy
2016-02-01,2016,2,1,Thrissur,Central,10.52,76.21,Seer Fish,227.78,1615.7,140.98,28.86,34.24,1.16,0.1,63.0,2.24,28.95,1.0,0.241,0.0,observed_and_verified_proxy
2016-03-01,2016,3,1,Thrissur,Central,10.52,76.21,Seer Fish,233.99,1417.2,165.11,29.49,34.34,1.41,0.2,37.2,2.65,30.01,1.0,0.215,0.0,observed_and_verified_proxy
2016-04-01,2016,4,2,Thrissur,Central,10.52,76.21,Seer Fish,135.58,1045.1,129.72,29.85,34.27,1.85,0.35,56.1,3.14,30.08,1.05,0.106,0.0,observed_and_verified_proxy
2016-05-01,2016,5,2,Thrissur,Central,10.52,76.21,Seer Fish,135.15,901.9,149.85,29.77,33.51,2.92,0.65,237.0,3.68,29.06,1.36,0.091,0.0,observed_and_verified_proxy
2016-06-01,2016,6,2,Thrissur,Central,10.52,76.21,Seer Fish,148.07,956.1,154.86,28.91,32.51,4.06,0.95,477.9,4.5,27.05,2.21,0.104,0.0,observed_and_verified_proxy
2016-07-01,2016,7,3,Thrissur,Central,10.52,76.21,Seer Fish,298.74,1098.1,272.05,27.27,32.76,4.12,1.0,417.3,4.02,25.99,2.8,0.196,0.0,observed_and_verified_proxy
2016-08-01,2016,8,3,Thrissur,Central,10.52,76.21,Seer Fish,299.8,1199.3,249.98,26.55,33.76,3.54,0.9,177.0,4.25,26.07,2.21,0.214,0.0,observed_and_verified_proxy
2016-09-01,2016,9,3,Thrissur,Central,10.52,76.21,Seer Fish,282.9,1232.1,229.61,26.93,34.25,2.56,0.6,60.6,4.01,25.87,1.36,0.212,0.0,observed_and_verified_proxy
2016-10-01,2016,10,4,Thrissur,Central,10.52,76.21,Seer Fish,423.65,1984.2,213.51,27.07,33.92,1.81,0.3,139.2,3.11,26.58,1.05,0.433,0.089,observed_and_verified_proxy
2016-11-01,2016,11,4,Thrissur,Central,10.52,76.21,Seer Fish,416.25,1746.9,238.28,27.14,34.04,1.27,0.12,110.4,2.06,26.99,1.0,0.378,0.0,observed_and_verified_proxy
2016-12-01,2016,12,4,Thrissur,Central,10.52,76.21,Seer Fish,426.14,1769.6,240.81,27.51,34.39,1.0,0.06,27.0,2.49,27.4,1.0,0.388,0.0,observed_and_verified_proxy
2016-01-01,2016,1,1,Kasaragod,North,12.5,74.99,Seer Fish,142.24,943.1,150.83,28.14,34.49,0.94,0.05,2.7,2.3,26.9,1.0,0.166,0.0,observed_and_verified_proxy
2016-02-01,2016,2,1,Kasaragod,North,12.5,74.99,Seer Fish,137.88,853.7,161.5,28.86,34.48,1.09,0.1,6.0,2.56,28.45,1.0,0.146,0.0,observed_and_verified_proxy
2016-03-01,2016,3,1,Kasaragod,North,12.5,74.99,Seer Fish,132.03,934.8,141.24,29.49,34.46,1.37,0.2,10.5,2.52,29.4,1.0,0.155,0.0,observed_and_verified_proxy
2016-04-01,2016,4,2,Kasaragod,North,12.5,74.99,Seer Fish,81.45,589.1,138.26,29.85,34.4,1.81,0.35,23.1,2.88,29.81,1.05,0.065,0.0,observed_and_verified_proxy
2016-05-01,2016,5,2,Kasaragod,North,12.5,74.99,Seer Fish,82.93,592.0,140.09,29.77,33.78,2.84,0.65,172.2,3.22,28.79,1.36,0.067,0.0,observed_and_verified_proxy
2016-06-01,2016,6,2,Kasaragod,North,12.5,74.99,Seer Fish,84.21,575.3,146.37,28.91,32.34,4.11,0.95,519.0,3.89,26.51,2.21,0.066,0.0,observed_and_verified_proxy
2016-07-01,2016,7,3,Kasaragod,North,12.5,74.99,Seer Fish,165.71,681.6,243.13,27.27,32.67,4.15,1.0,440.1,3.67,25.35,2.8,0.135,0.0,observed_and_verified_proxy
2016-08-01,2016,8,3,Kasaragod,North,12.5,74.99,Seer Fish,180.34,689.0,261.74,26.55,33.58,3.6,0.9,222.0,3.74,25.4,2.21,0.145,0.0,observed_and_verified_proxy
2016-09-01,2016,9,3,Kasaragod,North,12.5,74.99,Seer Fish,173.07,759.9,227.73,26.93,34.16,2.58,0.6,82.2,3.29,25.06,1.36,0.155,0.0,observed_and_verified_proxy
2016-10-01,2016,10,4,Kasaragod,North,12.5,74.99,Seer Fish,237.74,1209.0,196.65,27.07,34.33,1.69,0.3,40.2,2.58,25.91,1.05,0.309,0.0,observed_and_verified_proxy
2016-11-01,2016,11,4,Kasaragod,North,12.5,74.99,Seer Fish,236.19,1096.2,215.47,27.14,34.29,1.2,0.12,50.7,2.08,26.65,1.0,0.279,0.0,observed_and_verified_proxy
2016-12-01,2016,12,4,Kasaragod,North,12.5,74.99,Seer Fish,243.35,1171.4,207.74,27.51,34.33,1.02,0.06,41.7,2.43,26.52,1.0,0.304,0.0,observed_and_verified_proxy
2017-01-01,2017,1,1,Kozhikode,North,11.25,75.78,Seer Fish,1007.29,5980.2,168.44,28.14,34.44,0.96,0.05,14.7,2.4,26.87,1.0,0.501,0.277,observed_and_verified_proxy
2017-02-01,2017,2,1,Kozhikode,North,11.25,75.78,Seer Fish,953.06,5881.0,162.06,28.86,34.5,1.08,0.1,0.9,2.54,27.8,1.0,0.483,0.268,observed_and_verified_proxy
2017-03-01,2017,3,1,Kozhikode,North,11.25,75.78,Seer Fish,1000.14,5386.7,185.67,29.49,34.3,1.42,0.2,47.1,2.68,28.25,1.0,0.45,0.172,observed_and_verified_proxy
2017-04-01,2017,4,2,Kozhikode,North,11.25,75.78,Seer Fish,622.13,3509.5,177.27,29.85,34.2,1.87,0.35,72.6,2.88,28.59,1.05,0.244,0.0,observed_and_verified_proxy
2017-05-01,2017,5,2,Kozhikode,North,11.25,75.78,Seer Fish,577.75,3640.1,158.72,29.77,33.64,2.88,0.65,206.1,2.89,27.94,1.36,0.245,0.0,observed_and_verified_proxy
2017-06-01,2017,6,2,Kozhikode,North,11.25,75.78,Seer Fish,584.12,3883.4,150.41,28.91,32.76,3.98,0.95,417.0,3.52,26.65,2.21,0.262,0.007,observed_and_verified_proxy
2017-07-01,2017,7,3,Kozhikode,North,11.25,75.78,Seer Fish,1268.71,4724.1,268.56,27.27,33.07,4.03,1.0,342.9,3.37,25.83,2.8,0.425,0.0,observed_and_verified_proxy
2017-08-01,2017,8,3,Kozhikode,North,11.25,75.78,Seer Fish,1176.57,4515.0,260.59,26.55,32.86,3.81,0.9,393.0,3.22,25.43,2.21,0.397,0.0,observed_and_verified_proxy
2017-09-01,2017,9,3,Kozhikode,North,11.25,75.78,Seer Fish,1271.57,4579.5,277.67,26.93,33.08,2.9,0.6,339.9,3.01,25.74,1.36,0.412,0.0,observed_and_verified_proxy
2017-10-01,2017,10,4,Kozhikode,North,11.25,75.78,Seer Fish,1787.64,7542.3,237.01,27.07,33.89,1.82,0.3,147.0,2.0,26.15,1.05,0.739,0.433,observed_and_verified_proxy
2017-11-01,2017,11,4,Kozhikode,North,11.25,75.78,Seer Fish,1671.55,7404.0,225.76,27.14,34.16,1.24,0.12,81.3,1.8,26.34,1.0,0.714,0.427,observed_and_verified_proxy
2017-12-01,2017,12,4,Kozhikode,North,11.25,75.78,Seer Fish,1744.79,6834.6,255.29,27.51,34.34,1.02,0.06,38.4,2.24,25.77,1.0,0.666,0.298,observed_and_verified_proxy
2017-01-01,2017,1,1,Ernakulam,Central,9.98,76.28,Seer Fish,919.35,5093.2,180.5,28.14,34.41,0.97,0.05,21.0,2.12,27.75,1.0,0.462,0.2,observed_and_verified_proxy
2017-02-01,2017,2,1,Ernakulam,Central,9.98,76.28,Seer Fish,913.44,5187.3,176.09,28.86,34.49,1.08,0.1,1.2,2.4,28.83,1.0,0.47,0.219,observed_and_verified_proxy
2017-03-01,2017,3,1,Ernakulam,Central,9.98,76.28,Seer Fish,890.88,5154.1,172.85,29.49,34.13,1.47,0.2,89.4,2.57,28.83,1.0,0.462,0.217,observed_and_verified_proxy
2017-04-01,2017,4,2,Ernakulam,Central,9.98,76.28,Seer Fish,552.44,3359.9,164.42,29.85,34.3,1.84,0.35,47.4,3.33,29.4,1.05,0.247,0.0,observed_and_verified_proxy
2017-05-01,2017,5,2,Ernakulam,Central,9.98,76.28,Seer Fish,525.15,3491.9,150.39,29.77,33.18,3.02,0.65,316.2,3.5,28.57,1.36,0.251,0.0,observed_and_verified_proxy
2017-06-01,2017,6,2,Ernakulam,Central,9.98,76.28,Seer Fish,557.9,3395.7,164.3,28.91,32.59,4.03,0.95,457.8,4.14,27.22,2.21,0.251,0.0,observed_and_verified_proxy
2017-07-01,2017,7,3,Ernakulam,Central,9.98,76.28,Seer Fish,1062.61,4130.1,257.29,27.27,33.26,3.97,1.0,298.2,3.76,26.47,2.8,0.393,0.0,observed_and_verified_proxy
2017-08-01,2017,8,3,Ernakulam,Central,9.98,76.28,Seer Fish,1055.15,4218.0,250.15,26.55,32.97,3.78,0.9,367.5,3.62,26.13,2.21,0.401,0.0,observed_and_verified_proxy
2017-09-01,2017,9,3,Ernakulam,Central,9.98,76.28,Seer Fish,1123.74,4055.2,277.11,26.93,32.89,2.96,0.6,385.8,3.74,26.42,1.36,0.393,0.0,observed_and_verified_proxy
2017-10-01,2017,10,4,Ernakulam,Central,9.98,76.28,Seer Fish,1563.69,6173.4,253.29,27.07,33.53,1.93,0.3,232.2,2.76,26.79,1.05,0.655,0.289,observed_and_verified_proxy
2017-11-01,2017,11,4,Ernakulam,Central,9.98,76.28,Seer Fish,1567.71,6622.3,236.73,27.14,33.83,1.34,0.12,161.7,2.09,27.02,1.0,0.703,0.388,observed_and_verified_proxy
2017-12-01,2017,12,4,Ernakulam,Central,9.98,76.28,Seer Fish,1545.1,6408.5,241.1,27.51,34.34,1.02,0.06,37.8,2.47,26.58,1.0,0.678,0.346,observed_and_verified_proxy
2017-01-01,2017,1,1,Alappuzha,South,9.49,76.33,Seer Fish,771.72,4357.2,177.12,28.14,34.45,0.96,0.05,13.2,3.44,27.34,1.0,0.42,0.152,observed_and_verified_proxy
2017-02-01,2017,2,1,Alappuzha,South,9.49,76.33,Seer Fish,763.39,4282.4,178.26,28.86,34.5,1.08,0.1,0.6,3.7,27.99,1.0,0.411,0.138,observed_and_verified_proxy
2017-03-01,2017,3,1,Alappuzha,South,9.49,76.33,Seer Fish,763.97,4951.6,154.29,29.49,34.13,1.47,0.2,89.1,2.69,28.62,1.0,0.475,0.275,observed_and_verified_proxy
2017-04-01,2017,4,2,Alappuzha,South,9.49,76.33,Seer Fish,495.76,2927.6,169.34,29.85,34.28,1.85,0.35,53.4,4.24,28.97,1.05,0.231,0.0,observed_and_verified_proxy
2017-05-01,2017,5,2,Alappuzha,South,9.49,76.33,Seer Fish,482.65,2809.9,171.77,29.77,33.78,2.84,0.65,172.5,4.62,28.54,1.36,0.219,0.0,observed_and_verified_proxy
2017-06-01,2017,6,2,Alappuzha,South,9.49,76.33,Seer Fish,466.22,2782.9,167.53,28.91,33.4,3.79,0.95,265.2,5.45,26.94,2.21,0.213,0.0,observed_and_verified_proxy
2017-07-01,2017,7,3,Alappuzha,South,9.49,76.33,Seer Fish,1004.19,3366.8,298.26,27.27,34.23,3.68,1.0,65.7,5.35,26.41,2.8,0.357,0.0,observed_and_verified_proxy
2017-08-01,2017,8,3,Alappuzha,South,9.49,76.33,Seer Fish,956.04,3696.9,258.61,26.55,33.98,3.47,0.9,123.6,4.92,26.03,2.21,0.385,0.0,observed_and_verified_proxy
2017-09-01,2017,9,3,Alappuzha,South,9.49,76.33,Seer Fish,952.51,3564.5,267.22,26.93,33.38,2.81,0.6,267.9,4.64,26.17,1.36,0.371,0.0,observed_and_verified_proxy
2017-10-01,2017,10,4,Alappuzha,South,9.49,76.33,Seer Fish,1436.54,5544.9,259.07,27.07,33.74,1.87,0.3,182.1,3.76,26.57,1.05,0.653,0.273,observed_and_verified_proxy
2017-11-01,2017,11,4,Alappuzha,South,9.49,76.33,Seer Fish,1357.11,5825.0,232.98,27.14,33.06,1.57,0.12,345.6,2.86,26.37,1.0,0.676,0.361,observed_and_verified_proxy
2017-12-01,2017,12,4,Alappuzha,South,9.49,76.33,Seer Fish,1312.75,5372.0,244.37,27.51,34.12,1.08,0.06,90.6,3.65,25.75,1.0,0.618,0.26,observed_and_verified_proxy
2017-01-01,2017,1,1,Kollam,South,8.89,76.6,Seer Fish,689.13,4597.3,149.9,28.14,34.45,0.96,0.05,13.2,3.44,27.34,1.0,0.453,0.256,observed_and_verified_proxy
2017-02-01,2017,2,1,Kollam,South,8.89,76.6,Seer Fish,719.97,4224.0,170.45,28.86,34.5,1.08,0.1,0.6,3.7,27.99,1.0,0.424,0.172,observed_and_verified_proxy
2017-03-01,2017,3,1,Kollam,South,8.89,76.6,Seer Fish,716.67,4350.9,164.72,29.49,34.13,1.47,0.2,89.1,2.69,28.62,1.0,0.436,0.201,observed_and_verified_proxy
2017-04-01,2017,4,2,Kollam,South,8.89,76.6,Seer Fish,427.35,2709.7,157.71,29.85,34.28,1.85,0.35,53.4,4.24,28.97,1.05,0.212,0.0,observed_and_verified_proxy
2017-05-01,2017,5,2,Kollam,South,8.89,76.6,Seer Fish,457.4,2929.8,156.12,29.77,33.78,2.84,0.65,172.5,4.62,28.54,1.36,0.238,0.0,observed_and_verified_proxy
2017-06-01,2017,6,2,Kollam,South,8.89,76.6,Seer Fish,461.68,2738.8,168.57,28.91,33.4,3.79,0.95,265.2,5.45,26.94,2.21,0.224,0.0,observed_and_verified_proxy
2017-07-01,2017,7,3,Kollam,South,8.89,76.6,Seer Fish,936.77,3134.4,298.87,27.27,34.23,3.68,1.0,65.7,5.35,26.41,2.8,0.348,0.0,observed_and_verified_proxy
2017-08-01,2017,8,3,Kollam,South,8.89,76.6,Seer Fish,878.54,3468.4,253.29,26.55,33.98,3.47,0.9,123.6,4.92,26.03,2.21,0.376,0.0,observed_and_verified_proxy
2017-09-01,2017,9,3,Kollam,South,8.89,76.6,Seer Fish,940.34,3143.0,299.18,26.93,33.38,2.81,0.6,267.9,4.64,26.17,1.36,0.349,0.0,observed_and_verified_proxy
2017-10-01,2017,10,4,Kollam,South,8.89,76.6,Seer Fish,1304.01,5192.0,251.16,27.07,33.74,1.87,0.3,182.1,3.76,26.57,1.05,0.638,0.272,observed_and_verified_proxy
2017-11-01,2017,11,4,Kollam,South,8.89,76.6,Seer Fish,1243.93,5548.0,224.21,27.14,33.06,1.57,0.12,345.6,2.86,26.37,1.0,0.673,0.377,observed_and_verified_proxy
2017-12-01,2017,12,4,Kollam,South,8.89,76.6,Seer Fish,1258.99,5475.0,229.95,27.51,34.12,1.08,0.06,90.6,3.65,25.75,1.0,0.666,0.355,observed_and_verified_proxy
2017-01-01,2017,1,1,Kannur,North,11.87,75.37,Seer Fish,574.83,3376.6,170.24,28.14,34.44,0.96,0.05,14.7,2.4,26.87,1.0,0.391,0.13,observed_and_verified_proxy
2017-02-01,2017,2,1,Kannur,North,11.87,75.37,Seer Fish,542.27,3587.9,151.14,28.86,34.5,1.08,0.1,0.9,2.54,27.8,1.0,0.404,0.189,observed_and_verified_proxy
2017-03-01,2017,3,1,Kannur,North,11.87,75.37,Seer Fish,560.52,3616.0,155.01,29.49,34.3,1.42,0.2,47.1,2.68,28.25,1.0,0.414,0.193,observed_and_verified_proxy
2017-04-01,2017,4,2,Kannur,North,11.87,75.37,Seer Fish,338.59,2132.1,158.8,29.85,34.2,1.87,0.35,72.6,2.88,28.59,1.05,0.186,0.0,observed_and_verified_proxy
2017-05-01,2017,5,2,Kannur,North,11.87,75.37,Seer Fish,346.59,2229.7,155.44,29.77,33.64,2.88,0.65,206.1,2.89,27.94,1.36,0.198,0.0,observed_and_verified_proxy
2017-06-01,2017,6,2,Kannur,North,11.87,75.37,Seer Fish,341.37,2199.9,155.18,28.91,32.76,3.98,0.95,417.0,3.52,26.65,2.21,0.193,0.0,observed_and_verified_proxy
2017-07-01,2017,7,3,Kannur,North,11.87,75.37,Seer Fish,730.03,2519.9,289.7,27.27,33.07,4.03,1.0,342.9,3.37,25.83,2.8,0.324,0.0,observed_and_verified_proxy
2017-08-01,2017,8,3,Kannur,North,11.87,75.37,Seer Fish,742.73,2758.9,269.21,26.55,32.86,3.81,0.9,393.0,3.22,25.43,2.21,0.357,0.0,observed_and_verified_proxy
2017-09-01,2017,9,3,Kannur,North,11.87,75.37,Seer Fish,718.87,2410.7,298.2,26.93,33.08,2.9,0.6,339.9,3.01,25.74,1.36,0.308,0.0,observed_and_verified_proxy
2017-10-01,2017,10,4,Kannur,North,11.87,75.37,Seer Fish,1047.38,4283.3,244.52,27.07,33.89,1.82,0.3,147.0,2.0,26.15,1.05,0.628,0.272,observed_and_verified_proxy
2017-11-01,2017,11,4,Kannur,North,11.87,75.37,Seer Fish,985.75,4395.6,224.26,27.14,34.16,1.24,0.12,81.3,1.8,26.34,1.0,0.631,0.322,observed_and_verified_proxy
2017-12-01,2017,12,4,Kannur,North,11.87,75.37,Seer Fish,1041.57,4393.1,237.09,27.51,34.34,1.02,0.06,38.4,2.24,25.77,1.0,0.642,0.308,observed_and_verified_proxy
2017-01-01,2017,1,1,Thiruvananthapuram,South,8.52,76.94,Seer Fish,486.13,2732.0,177.94,28.14,34.45,0.96,0.05,13.2,3.44,27.34,1.0,0.356,0.068,observed_and_verified_proxy
2017-02-01,2017,2,1,Thiruvananthapuram,South,8.52,76.94,Seer Fish,481.6,2861.6,168.3,28.86,34.5,1.08,0.1,0.6,3.7,27.99,1.0,0.371,0.109,observed_and_verified_proxy
2017-03-01,2017,3,1,Thiruvananthapuram,South,8.52,76.94,Seer Fish,466.37,2667.7,174.82,29.49,34.13,1.47,0.2,89.1,2.69,28.62,1.0,0.341,0.054,observed_and_verified_proxy
2017-04-01,2017,4,2,Thiruvananthapuram,South,8.52,76.94,Seer Fish,286.54,1653.0,173.35,29.85,34.28,1.85,0.35,53.4,4.24,28.97,1.05,0.159,0.0,observed_and_verified_proxy
2017-05-01,2017,5,2,Thiruvananthapuram,South,8.52,76.94,Seer Fish,275.42,1692.7,162.71,29.77,33.78,2.84,0.65,172.5,4.62,28.54,1.36,0.159,0.0,observed_and_verified_proxy
2017-06-01,2017,6,2,Thiruvananthapuram,South,8.52,76.94,Seer Fish,281.23,1846.4,152.31,28.91,33.4,3.79,0.95,265.2,5.45,26.94,2.21,0.176,0.0,observed_and_verified_proxy
2017-07-01,2017,7,3,Thiruvananthapuram,South,8.52,76.94,Seer Fish,600.82,2285.8,262.84,27.27,34.23,3.68,1.0,65.7,5.35,26.41,2.8,0.33,0.0,observed_and_verified_proxy
2017-08-01,2017,8,3,Thiruvananthapuram,South,8.52,76.94,Seer Fish,568.16,2086.2,272.34,26.55,33.98,3.47,0.9,123.6,4.92,26.03,2.21,0.294,0.0,observed_and_verified_proxy
2017-09-01,2017,9,3,Thiruvananthapuram,South,8.52,76.94,Seer Fish,596.65,2002.5,297.95,26.93,33.38,2.81,0.6,267.9,4.64,26.17,1.36,0.288,0.0,observed_and_verified_proxy
2017-10-01,2017,10,4,Thiruvananthapuram,South,8.52,76.94,Seer Fish,788.83,3274.2,240.93,27.07,33.74,1.87,0.3,182.1,3.76,26.57,1.05,0.53,0.154,observed_and_verified_proxy
2017-11-01,2017,11,4,Thiruvananthapuram,South,8.52,76.94,Seer Fish,791.13,3556.7,222.43,27.14,33.06,1.57,0.12,345.6,2.86,26.37,1.0,0.577,0.255,observed_and_verified_proxy
2017-12-01,2017,12,4,Thiruvananthapuram,South,8.52,76.94,Seer Fish,811.85,3407.9,238.22,27.51,34.12,1.08,0.06,90.6,3.65,25.75,1.0,0.558,0.196,observed_and_verified_proxy
2017-01-01,2017,1,1,Malappuram,North,11.07,76.07,Seer Fish,347.54,2020.9,171.97,28.14,34.44,0.96,0.05,14.7,2.4,26.87,1.0,0.282,0.0,observed_and_verified_proxy
2017-02-01,2017,2,1,Malappuram,North,11.07,76.07,Seer Fish,369.37,2070.4,178.4,28.86,34.5,1.08,0.1,0.9,2.54,27.8,1.0,0.299,0.0,observed_and_verified_proxy
2017-03-01,2017,3,1,Malappuram,North,11.07,76.07,Seer Fish,368.24,2248.3,163.78,29.49,34.3,1.42,0.2,47.1,2.68,28.25,1.0,0.324,0.058,observed_and_verified_proxy
2017-04-01,2017,4,2,Malappuram,North,11.07,76.07,Seer Fish,218.72,1442.5,151.62,29.85,34.2,1.87,0.35,72.6,2.88,28.59,1.05,0.149,0.0,observed_and_verified_proxy
2017-05-01,2017,5,2,Malappuram,North,11.07,76.07,Seer Fish,215.0,1379.2,155.88,29.77,33.64,2.88,0.65,206.1,2.89,27.94,1.36,0.141,0.0,observed_and_verified_proxy
2017-06-01,2017,6,2,Malappuram,North,11.07,76.07,Seer Fish,224.39,1419.4,158.09,28.91,32.76,3.98,0.95,417.0,3.52,26.65,2.21,0.15,0.0,observed_and_verified_proxy
2017-07-01,2017,7,3,Malappuram,North,11.07,76.07,Seer Fish,457.66,1552.2,294.84,27.27,33.07,4.03,1.0,342.9,3.37,25.83,2.8,0.252,0.0,observed_and_verified_proxy
2017-08-01,2017,8,3,Malappuram,North,11.07,76.07,Seer Fish,452.85,1724.5,262.6,26.55,32.86,3.81,0.9,393.0,3.22,25.43,2.21,0.279,0.0,observed_and_verified_proxy
2017-09-01,2017,9,3,Malappuram,North,11.07,76.07,Seer Fish,441.88,1681.4,262.81,26.93,33.08,2.9,0.6,339.9,3.01,25.74,1.36,0.268,0.0,observed_and_verified_proxy
2017-10-01,2017,10,4,Malappuram,North,11.07,76.07,Seer Fish,662.11,2667.2,248.24,27.07,33.89,1.82,0.3,147.0,2.0,26.15,1.05,0.517,0.12,observed_and_verified_proxy
2017-11-01,2017,11,4,Malappuram,North,11.07,76.07,Seer Fish,627.35,2649.2,236.8,27.14,34.16,1.24,0.12,81.3,1.8,26.34,1.0,0.501,0.126,observed_and_verified_proxy
2017-12-01,2017,12,4,Malappuram,North,11.07,76.07,Seer Fish,665.08,2837.0,234.43,27.51,34.34,1.02,0.06,38.4,2.24,25.77,1.0,0.551,0.195,observed_and_verified_proxy
2017-01-01,2017,1,1,Thrissur,Central,10.52,76.21,Seer Fish,247.81,1604.9,154.4,28.14,34.41,0.97,0.05,21.0,2.12,27.75,1.0,0.253,0.0,observed_and_verified_proxy
2017-02-01,2017,2,1,Thrissur,Central,10.52,76.21,Seer Fish,256.86,1636.8,156.92,28.86,34.49,1.08,0.1,1.2,2.4,28.83,1.0,0.265,0.0,observed_and_verified_proxy
2017-03-01,2017,3,1,Thrissur,Central,10.52,76.21,Seer Fish,267.2,1632.5,163.68,29.49,34.13,1.47,0.2,89.4,2.57,28.83,1.0,0.271,0.0,observed_and_verified_proxy
2017-04-01,2017,4,2,Thrissur,Central,10.52,76.21,Seer Fish,158.32,1035.5,152.9,29.85,34.3,1.84,0.35,47.4,3.33,29.4,1.05,0.119,0.0,observed_and_verified_proxy
2017-05-01,2017,5,2,Thrissur,Central,10.52,76.21,Seer Fish,155.46,949.4,163.74,29.77,33.18,3.02,0.65,316.2,3.5,28.57,1.36,0.107,0.0,observed_and_verified_proxy
2017-06-01,2017,6,2,Thrissur,Central,10.52,76.21,Seer Fish,162.55,948.2,171.43,28.91,32.59,4.03,0.95,457.8,4.14,27.22,2.21,0.111,0.0,observed_and_verified_proxy
2017-07-01,2017,7,3,Thrissur,Central,10.52,76.21,Seer Fish,323.7,1279.3,253.03,27.27,33.26,3.97,1.0,298.2,3.76,26.47,2.8,0.239,0.0,observed_and_verified_proxy
2017-08-01,2017,8,3,Thrissur,Central,10.52,76.21,Seer Fish,313.91,1204.1,260.7,26.55,32.97,3.78,0.9,367.5,3.62,26.13,2.21,0.221,0.0,observed_and_verified_proxy
2017-09-01,2017,9,3,Thrissur,Central,10.52,76.21,Seer Fish,334.78,1102.9,303.54,26.93,32.89,2.96,0.6,385.8,3.74,26.42,1.36,0.211,0.0,observed_and_verified_proxy
2017-10-01,2017,10,4,Thrissur,Central,10.52,76.21,Seer Fish,451.07,2041.1,221.0,27.07,33.53,1.93,0.3,232.2,2.76,26.79,1.05,0.461,0.108,observed_and_verified_proxy
2017-11-01,2017,11,4,Thrissur,Central,10.52,76.21,Seer Fish,471.21,1786.0,263.83,27.14,33.83,1.34,0.12,161.7,2.09,27.02,1.0,0.413,0.0,observed_and_verified_proxy
2017-12-01,2017,12,4,Thrissur,Central,10.52,76.21,Seer Fish,449.47,1793.1,250.67,27.51,34.34,1.02,0.06,37.8,2.47,26.58,1.0,0.404,0.0,observed_and_verified_proxy
2017-01-01,2017,1,1,Kasaragod,North,12.5,74.99,Seer Fish,150.14,872.9,172.0,28.14,34.44,0.96,0.05,14.7,2.4,26.87,1.0,0.16,0.0,observed_and_verified_proxy
2017-02-01,2017,2,1,Kasaragod,North,12.5,74.99,Seer Fish,152.51,885.5,172.23,28.86,34.5,1.08,0.1,0.9,2.54,27.8,1.0,0.164,0.0,observed_and_verified_proxy
2017-03-01,2017,3,1,Kasaragod,North,12.5,74.99,Seer Fish,155.64,943.0,165.04,29.49,34.3,1.42,0.2,47.1,2.68,28.25,1.0,0.178,0.0,observed_and_verified_proxy
2017-04-01,2017,4,2,Kasaragod,North,12.5,74.99,Seer Fish,92.06,577.0,159.55,29.85,34.2,1.87,0.35,72.6,2.88,28.59,1.05,0.071,0.0,observed_and_verified_proxy
2017-05-01,2017,5,2,Kasaragod,North,12.5,74.99,Seer Fish,93.67,611.5,153.19,29.77,33.64,2.88,0.65,206.1,2.89,27.94,1.36,0.077,0.0,observed_and_verified_proxy
2017-06-01,2017,6,2,Kasaragod,North,12.5,74.99,Seer Fish,91.85,599.2,153.29,28.91,32.76,3.98,0.95,417.0,3.52,26.65,2.21,0.074,0.0,observed_and_verified_proxy
2017-07-01,2017,7,3,Kasaragod,North,12.5,74.99,Seer Fish,199.05,717.6,277.4,27.27,33.07,4.03,1.0,342.9,3.37,25.83,2.8,0.162,0.0,observed_and_verified_proxy
2017-08-01,2017,8,3,Kasaragod,North,12.5,74.99,Seer Fish,197.43,769.2,256.66,26.55,32.86,3.81,0.9,393.0,3.22,25.43,2.21,0.173,0.0,observed_and_verified_proxy
2017-09-01,2017,9,3,Kasaragod,North,12.5,74.99,Seer Fish,202.77,666.0,304.47,26.93,33.08,2.9,0.6,339.9,3.01,25.74,1.36,0.153,0.0,observed_and_verified_proxy
2017-10-01,2017,10,4,Kasaragod,North,12.5,74.99,Seer Fish,270.53,1205.9,224.33,27.07,33.89,1.82,0.3,147.0,2.0,26.15,1.05,0.336,0.0,observed_and_verified_proxy
2017-11-01,2017,11,4,Kasaragod,North,12.5,74.99,Seer Fish,265.88,1068.0,248.97,27.14,34.16,1.24,0.12,81.3,1.8,26.34,1.0,0.294,0.0,observed_and_verified_proxy
2017-12-01,2017,12,4,Kasaragod,North,12.5,74.99,Seer Fish,266.28,1210.3,220.02,27.51,34.34,1.02,0.06,38.4,2.24,25.77,1.0,0.334,0.0,observed_and_verified_proxy
2018-01-01,2018,1,1,Kozhikode,North,11.25,75.78,Seer Fish,1056.53,6086.0,173.6,28.14,34.49,0.94,0.05,1.5,2.16,26.51,1.0,0.518,0.287,observed_and_verified_proxy
2018-02-01,2018,2,1,Kozhikode,North,11.25,75.78,Seer Fish,1112.58,6314.3,176.2,28.86,34.47,1.09,0.1,7.2,2.33,27.86,1.0,0.546,0.318,observed_and_verified_proxy
2018-03-01,2018,3,1,Kozhikode,North,11.25,75.78,Seer Fish,1056.24,6240.3,169.26,29.49,34.38,1.39,0.2,27.6,2.6,28.89,1.0,0.531,0.314,observed_and_verified_proxy
2018-04-01,2018,4,2,Kozhikode,North,11.25,75.78,Seer Fish,633.35,3911.3,161.93,29.85,34.05,1.92,0.35,109.2,2.47,28.72,1.05,0.274,0.0,observed_and_verified_proxy
2018-05-01,2018,5,2,Kozhikode,North,11.25,75.78,Seer Fish,640.55,3584.3,178.71,29.77,33.01,3.07,0.65,357.9,3.06,27.57,1.36,0.252,0.0,observed_and_verified_proxy
2018-06-01,2018,6,2,Kozhikode,North,11.25,75.78,Seer Fish,631.61,3738.7,168.94,28.91,32.49,4.06,0.95,482.1,3.68,26.4,2.21,0.261,0.0,observed_and_verified_proxy
2018-07-01,2018,7,3,Kozhikode,North,11.25,75.78,Seer Fish,1310.88,4446.9,294.79,27.27,32.3,4.26,1.0,527.1,4.14,25.56,2.8,0.403,0.0,observed_and_verified_proxy
2018-08-01,2018,8,3,Kozhikode,North,11.25,75.78,Seer Fish,1402.92,4841.3,289.78,26.55,32.37,3.96,0.9,510.9,3.83,24.89,2.21,0.447,0.0,observed_and_verified_proxy
2018-09-01,2018,9,3,Kozhikode,North,11.25,75.78,Seer Fish,1343.85,4652.9,288.82,26.93,34.0,2.63,0.6,120.3,2.89,25.47,1.36,0.425,0.0,observed_and_verified_proxy
2018-10-01,2018,10,4,Kozhikode,North,11.25,75.78,Seer Fish,1847.86,7064.2,261.58,27.07,33.44,1.96,0.3,253.5,2.05,26.38,1.05,0.697,0.324,observed_and_verified_proxy
2018-11-01,2018,11,4,Kozhikode,North,11.25,75.78,Seer Fish,1939.21,7134.0,271.83,27.14,34.2,1.23,0.12,72.3,1.93,26.57,1.0,0.711,0.32,observed_and_verified_proxy
2018-12-01,2018,12,4,Kozhikode,North,11.25,75.78,Seer Fish,1935.15,6936.5,278.98,27.51,34.42,0.99,0.06,18.0,2.08,26.88,1.0,0.691,0.278,observed_and_verified_proxy
2018-01-01,2018,1,1,Ernakulam,Central,9.98,76.28,Seer Fish,939.8,5278.3,178.05,28.14,34.49,0.94,0.05,2.7,1.95,27.24,1.0,0.483,0.232,observed_and_verified_proxy
2018-02-01,2018,2,1,Ernakulam,Central,9.98,76.28,Seer Fish,993.71,5469.2,181.69,28.86,34.45,1.09,0.1,11.1,2.04,29.03,1.0,0.51,0.259,observed_and_verified_proxy
2018-03-01,2018,3,1,Ernakulam,Central,9.98,76.28,Seer Fish,969.85,5138.9,188.72,29.49,34.3,1.42,0.2,47.4,2.68,29.82,1.0,0.475,0.198,observed_and_verified_proxy
2018-04-01,2018,4,2,Ernakulam,Central,9.98,76.28,Seer Fish,608.15,3530.5,172.26,29.85,34.04,1.92,0.35,110.1,2.51,29.22,1.05,0.271,0.0,observed_and_verified_proxy
2018-05-01,2018,5,2,Ernakulam,Central,9.98,76.28,Seer Fish,619.92,3390.9,182.82,29.77,33.21,3.01,0.65,310.2,3.62,27.84,1.36,0.263,0.0,observed_and_verified_proxy
2018-06-01,2018,6,2,Ernakulam,Central,9.98,76.28,Seer Fish,613.11,3238.1,189.34,28.91,32.14,4.17,0.95,566.7,4.31,26.97,2.21,0.25,0.0,observed_and_verified_proxy
2018-07-01,2018,7,3,Ernakulam,Central,9.98,76.28,Seer Fish,1239.25,4356.0,284.49,27.27,31.65,4.46,1.0,684.3,4.43,26.17,2.8,0.435,0.0,observed_and_verified_proxy
2018-08-01,2018,8,3,Ernakulam,Central,9.98,76.28,Seer Fish,1226.49,3943.0,311.06,26.55,32.29,3.98,0.9,529.5,4.42,25.64,2.21,0.392,0.0,observed_and_verified_proxy
2018-09-01,2018,9,3,Ernakulam,Central,9.98,76.28,Seer Fish,1189.68,4278.4,278.07,26.93,34.09,2.6,0.6,99.6,3.42,26.26,1.36,0.422,0.0,observed_and_verified_proxy
2018-10-01,2018,10,4,Ernakulam,Central,9.98,76.28,Seer Fish,1645.56,6509.7,252.79,27.07,33.17,2.04,0.3,318.6,2.24,26.99,1.05,0.699,0.347,observed_and_verified_proxy
2018-11-01,2018,11,4,Ernakulam,Central,9.98,76.28,Seer Fish,1757.59,5981.9,293.82,27.14,33.7,1.38,0.12,193.2,2.09,27.31,1.0,0.652,0.195,observed_and_verified_proxy
2018-12-01,2018,12,4,Ernakulam,Central,9.98,76.28,Seer Fish,1706.41,6484.3,263.16,27.51,34.39,1.0,0.06,26.1,1.87,27.39,1.0,0.702,0.328,observed_and_verified_proxy
2018-01-01,2018,1,1,Alappuzha,South,9.49,76.33,Seer Fish,829.52,4774.9,173.72,28.14,34.48,0.95,0.05,4.2,3.02,26.06,1.0,0.473,0.229,observed_and_verified_proxy
2018-02-01,2018,2,1,Alappuzha,South,9.49,76.33,Seer Fish,830.71,4375.3,189.86,28.86,34.45,1.1,0.1,12.3,3.58,27.9,1.0,0.434,0.142,observed_and_verified_proxy
2018-03-01,2018,3,1,Alappuzha,South,9.49,76.33,Seer Fish,853.29,4897.1,174.24,29.49,34.34,1.41,0.2,38.7,3.13,29.01,1.0,0.49,0.25,observed_and_verified_proxy
2018-04-01,2018,4,2,Alappuzha,South,9.49,76.33,Seer Fish,545.75,2789.6,195.63,29.85,34.14,1.89,0.35,87.0,2.61,29.18,1.05,0.231,0.0,observed_and_verified_proxy
2018-05-01,2018,5,2,Alappuzha,South,9.49,76.33,Seer Fish,507.02,2906.2,174.46,29.77,33.72,2.85,0.65,186.6,4.49,27.99,1.36,0.232,0.0,observed_and_verified_proxy
2018-06-01,2018,6,2,Alappuzha,South,9.49,76.33,Seer Fish,529.2,3007.2,175.98,28.91,33.3,3.82,0.95,288.9,5.57,26.65,2.21,0.245,0.0,observed_and_verified_proxy
2018-07-01,2018,7,3,Alappuzha,South,9.49,76.33,Seer Fish,1021.59,3736.1,273.44,27.27,33.42,3.92,1.0,258.9,5.54,25.66,2.8,0.398,0.0,observed_and_verified_proxy
2018-08-01,2018,8,3,Alappuzha,South,9.49,76.33,Seer Fish,1104.4,3475.7,317.75,26.55,33.13,3.73,0.9,329.4,5.8,25.23,2.21,0.38,0.0,observed_and_verified_proxy
2018-09-01,2018,9,3,Alappuzha,South,9.49,76.33,Seer Fish,1077.31,3774.9,285.39,26.93,34.14,2.59,0.6,85.8,4.3,25.81,1.36,0.409,0.0,observed_and_verified_proxy
2018-10-01,2018,10,4,Alappuzha,South,9.49,76.33,Seer Fish,1499.19,6114.7,245.18,27.07,33.33,1.99,0.3,280.8,2.57,26.56,1.05,0.728,0.401,observed_and_verified_proxy
2018-11-01,2018,11,4,Alappuzha,South,9.49,76.33,Seer Fish,1460.62,5932.7,246.2,27.14,33.8,1.35,0.12,167.4,2.84,26.48,1.0,0.702,0.365,observed_and_verified_proxy
2018-12-01,2018,12,4,Alappuzha,South,9.49,76.33,Seer Fish,1575.37,5933.8,265.49,27.51,34.41,1.0,0.06,22.5,2.94,26.6,1.0,0.715,0.339,observed_and_verified_proxy
2018-01-01,2018,1,1,Kollam,South,8.89,76.6,Seer Fish,834.18,4340.8,192.17,28.14,34.48,0.95,0.05,4.2,3.02,26.06,1.0,0.462,0.173,observed_and_verified_proxy
2018-02-01,2018,2,1,Kollam,South,8.89,76.6,Seer Fish,815.3,4015.3,203.05,28.86,34.45,1.1,0.1,12.3,3.58,27.9,1.0,0.423,0.099,observed_and_verified_proxy
2018-03-01,2018,3,1,Kollam,South,8.89,76.6,Seer Fish,820.71,4298.5,190.93,29.49,34.34,1.41,0.2,38.7,3.13,29.01,1.0,0.454,0.166,observed_and_verified_proxy
2018-04-01,2018,4,2,Kollam,South,8.89,76.6,Seer Fish,510.44,2616.1,195.11,29.85,34.14,1.89,0.35,87.0,2.61,29.18,1.05,0.225,0.0,observed_and_verified_proxy
2018-05-01,2018,5,2,Kollam,South,8.89,76.6,Seer Fish,497.43,2800.6,177.62,29.77,33.72,2.85,0.65,186.6,4.49,27.99,1.36,0.238,0.0,observed_and_verified_proxy
2018-06-01,2018,6,2,Kollam,South,8.89,76.6,Seer Fish,500.59,2916.8,171.62,28.91,33.3,3.82,0.95,288.9,5.57,26.65,2.21,0.248,0.0,observed_and_verified_proxy
2018-07-01,2018,7,3,Kollam,South,8.89,76.6,Seer Fish,957.74,3388.0,282.68,27.27,33.42,3.92,1.0,258.9,5.54,25.66,2.8,0.379,0.0,observed_and_verified_proxy
2018-08-01,2018,8,3,Kollam,South,8.89,76.6,Seer Fish,1031.48,3568.7,289.03,26.55,33.13,3.73,0.9,329.4,5.8,25.23,2.21,0.409,0.0,observed_and_verified_proxy
2018-09-01,2018,9,3,Kollam,South,8.89,76.6,Seer Fish,997.03,3122.7,319.29,26.93,34.14,2.59,0.6,85.8,4.3,25.81,1.36,0.354,0.0,observed_and_verified_proxy
2018-10-01,2018,10,4,Kollam,South,8.89,76.6,Seer Fish,1442.53,5291.0,272.64,27.07,33.33,1.99,0.3,280.8,2.57,26.56,1.05,0.668,0.263,observed_and_verified_proxy
2018-11-01,2018,11,4,Kollam,South,8.89,76.6,Seer Fish,1356.18,5427.7,249.86,27.14,33.8,1.35,0.12,167.4,2.84,26.48,1.0,0.674,0.322,observed_and_verified_proxy
2018-12-01,2018,12,4,Kollam,South,8.89,76.6,Seer Fish,1452.33,5010.0,289.89,27.51,34.41,1.0,0.06,22.5,2.94,26.6,1.0,0.634,0.18,observed_and_verified_proxy
2018-01-01,2018,1,1,Kannur,North,11.87,75.37,Seer Fish,626.74,3162.6,198.17,28.14,34.49,0.94,0.05,1.5,2.16,26.51,1.0,0.381,0.055,observed_and_verified_proxy
2018-02-01,2018,2,1,Kannur,North,11.87,75.37,Seer Fish,625.37,3236.8,193.2,28.86,34.47,1.09,0.1,7.2,2.33,27.86,1.0,0.389,0.077,observed_and_verified_proxy
2018-03-01,2018,3,1,Kannur,North,11.87,75.37,Seer Fish,655.89,3608.5,181.76,29.49,34.38,1.39,0.2,27.6,2.6,28.89,1.0,0.443,0.172,observed_and_verified_proxy
2018-04-01,2018,4,2,Kannur,North,11.87,75.37,Seer Fish,384.22,2271.7,169.13,29.85,34.05,1.92,0.35,109.2,2.47,28.72,1.05,0.214,0.0,observed_and_verified_proxy
2018-05-01,2018,5,2,Kannur,North,11.87,75.37,Seer Fish,366.8,2155.1,170.2,29.77,33.01,3.07,0.65,357.9,3.06,27.57,1.36,0.197,0.0,observed_and_verified_proxy
2018-06-01,2018,6,2,Kannur,North,11.87,75.37,Seer Fish,394.8,2077.8,190.01,28.91,32.49,4.06,0.95,482.1,3.68,26.4,2.21,0.198,0.0,observed_and_verified_proxy
2018-07-01,2018,7,3,Kannur,North,11.87,75.37,Seer Fish,797.1,2779.9,286.74,27.27,32.3,4.26,1.0,527.1,4.14,25.56,2.8,0.37,0.0,observed_and_verified_proxy
2018-08-01,2018,8,3,Kannur,North,11.87,75.37,Seer Fish,806.09,2535.8,317.88,26.55,32.37,3.96,0.9,510.9,3.83,24.89,2.21,0.339,0.0,observed_and_verified_proxy
2018-09-01,2018,9,3,Kannur,North,11.87,75.37,Seer Fish,808.6,2451.2,329.88,26.93,34.0,2.63,0.6,120.3,2.89,25.47,1.36,0.328,0.0,observed_and_verified_proxy
2018-10-01,2018,10,4,Kannur,North,11.87,75.37,Seer Fish,1086.91,4327.3,251.17,27.07,33.44,1.96,0.3,253.5,2.05,26.38,1.05,0.642,0.276,observed_and_verified_proxy
2018-11-01,2018,11,4,Kannur,North,11.87,75.37,Seer Fish,1132.03,4110.3,275.41,27.14,34.2,1.23,0.12,72.3,1.93,26.57,1.0,0.617,0.19,observed_and_verified_proxy
2018-12-01,2018,12,4,Kannur,North,11.87,75.37,Seer Fish,1144.99,4064.2,281.73,27.51,34.42,0.99,0.06,18.0,2.08,26.88,1.0,0.612,0.17,observed_and_verified_proxy
2018-01-01,2018,1,1,Thiruvananthapuram,South,8.52,76.94,Seer Fish,513.57,2785.9,184.35,28.14,34.48,0.95,0.05,4.2,3.02,26.06,1.0,0.373,0.076,observed_and_verified_proxy
2018-02-01,2018,2,1,Thiruvananthapuram,South,8.52,76.94,Seer Fish,490.36,2817.0,174.07,28.86,34.45,1.1,0.1,12.3,3.58,27.9,1.0,0.369,0.093,observed_and_verified_proxy
2018-03-01,2018,3,1,Thiruvananthapuram,South,8.52,76.94,Seer Fish,511.05,2733.0,187.0,29.49,34.34,1.41,0.2,38.7,3.13,29.01,1.0,0.365,0.06,observed_and_verified_proxy
2018-04-01,2018,4,2,Thiruvananthapuram,South,8.52,76.94,Seer Fish,309.68,1631.8,189.78,29.85,34.14,1.89,0.35,87.0,2.61,29.18,1.05,0.165,0.0,observed_and_verified_proxy
2018-05-01,2018,5,2,Thiruvananthapuram,South,8.52,76.94,Seer Fish,321.81,1730.6,185.95,29.77,33.72,2.85,0.65,186.6,4.49,27.99,1.36,0.179,0.0,observed_and_verified_proxy
2018-06-01,2018,6,2,Thiruvananthapuram,South,8.52,76.94,Seer Fish,319.15,1804.5,176.86,28.91,33.3,3.82,0.95,288.9,5.57,26.65,2.21,0.186,0.0,observed_and_verified_proxy
2018-07-01,2018,7,3,Thiruvananthapuram,South,8.52,76.94,Seer Fish,663.39,2236.4,296.63,27.27,33.42,3.92,1.0,258.9,5.54,25.66,2.8,0.337,0.0,observed_and_verified_proxy
2018-08-01,2018,8,3,Thiruvananthapuram,South,8.52,76.94,Seer Fish,616.15,2072.7,297.27,26.55,33.13,3.73,0.9,329.4,5.8,25.23,2.21,0.303,0.0,observed_and_verified_proxy
2018-09-01,2018,9,3,Thiruvananthapuram,South,8.52,76.94,Seer Fish,619.52,2136.8,289.93,26.93,34.14,2.59,0.6,85.8,4.3,25.81,1.36,0.313,0.0,observed_and_verified_proxy
2018-10-01,2018,10,4,Thiruvananthapuram,South,8.52,76.94,Seer Fish,895.97,3212.6,278.89,27.07,33.33,1.99,0.3,280.8,2.57,26.56,1.05,0.545,0.089,observed_and_verified_proxy
2018-11-01,2018,11,4,Thiruvananthapuram,South,8.52,76.94,Seer Fish,905.87,3495.1,259.18,27.14,33.8,1.35,0.12,167.4,2.84,26.48,1.0,0.596,0.199,observed_and_verified_proxy
2018-12-01,2018,12,4,Thiruvananthapuram,South,8.52,76.94,Seer Fish,947.28,3457.2,274.0,27.51,34.41,1.0,0.06,22.5,2.94,26.6,1.0,0.599,0.169,observed_and_verified_proxy
2018-01-01,2018,1,1,Malappuram,North,11.07,76.07,Seer Fish,389.67,2048.0,190.26,28.14,34.49,0.94,0.05,1.5,2.16,26.51,1.0,0.305,0.0,observed_and_verified_proxy
2018-02-01,2018,2,1,Malappuram,North,11.07,76.07,Seer Fish,407.42,2198.0,185.36,28.86,34.47,1.09,0.1,7.2,2.33,27.86,1.0,0.336,0.024,observed_and_verified_proxy
2018-03-01,2018,3,1,Malappuram,North,11.07,76.07,Seer Fish,390.17,2195.0,177.76,29.49,34.38,1.39,0.2,27.6,2.6,28.89,1.0,0.327,0.03,observed_and_verified_proxy
2018-04-01,2018,4,2,Malappuram,North,11.07,76.07,Seer Fish,245.36,1375.5,178.38,29.85,34.05,1.92,0.35,109.2,2.47,28.72,1.05,0.154,0.0,observed_and_verified_proxy
2018-05-01,2018,5,2,Malappuram,North,11.07,76.07,Seer Fish,244.4,1300.9,187.88,29.77,33.01,3.07,0.65,357.9,3.06,27.57,1.36,0.145,0.0,observed_and_verified_proxy
2018-06-01,2018,6,2,Malappuram,North,11.07,76.07,Seer Fish,234.02,1293.6,180.9,28.91,32.49,4.06,0.95,482.1,3.68,26.4,2.21,0.14,0.0,observed_and_verified_proxy
2018-07-01,2018,7,3,Malappuram,North,11.07,76.07,Seer Fish,511.59,1763.7,290.07,27.27,32.3,4.26,1.0,527.1,4.14,25.56,2.8,0.303,0.0,observed_and_verified_proxy
2018-08-01,2018,8,3,Malappuram,North,11.07,76.07,Seer Fish,496.32,1726.7,287.44,26.55,32.37,3.96,0.9,510.9,3.83,24.89,2.21,0.293,0.0,observed_and_verified_proxy
2018-09-01,2018,9,3,Malappuram,North,11.07,76.07,Seer Fish,506.67,1631.4,310.57,26.93,34.0,2.63,0.6,120.3,2.89,25.47,1.36,0.279,0.0,observed_and_verified_proxy
2018-10-01,2018,10,4,Malappuram,North,11.07,76.07,Seer Fish,707.29,2832.1,249.74,27.07,33.44,1.96,0.3,253.5,2.05,26.38,1.05,0.564,0.179,observed_and_verified_proxy
2018-11-01,2018,11,4,Malappuram,North,11.07,76.07,Seer Fish,700.48,2558.9,273.74,27.14,34.2,1.23,0.12,72.3,1.93,26.57,1.0,0.508,0.052,observed_and_verified_proxy
2018-12-01,2018,12,4,Malappuram,North,11.07,76.07,Seer Fish,670.12,2668.2,251.15,27.51,34.42,0.99,0.06,18.0,2.08,26.88,1.0,0.52,0.118,observed_and_verified_proxy
2018-01-01,2018,1,1,Thrissur,Central,10.52,76.21,Seer Fish,285.0,1509.7,188.78,28.14,34.49,0.94,0.05,2.7,1.95,27.24,1.0,0.261,0.0,observed_and_verified_proxy
2018-02-01,2018,2,1,Thrissur,Central,10.52,76.21,Seer Fish,294.87,1441.0,204.63,28.86,34.45,1.09,0.1,11.1,2.04,29.03,1.0,0.255,0.0,observed_and_verified_proxy
2018-03-01,2018,3,1,Thrissur,Central,10.52,76.21,Seer Fish,277.47,1482.2,187.2,29.49,34.3,1.42,0.2,47.4,2.68,29.82,1.0,0.252,0.0,observed_and_verified_proxy
2018-04-01,2018,4,2,Thrissur,Central,10.52,76.21,Seer Fish,180.39,986.0,182.95,29.85,34.04,1.92,0.35,110.1,2.51,29.22,1.05,0.124,0.0,observed_and_verified_proxy
2018-05-01,2018,5,2,Thrissur,Central,10.52,76.21,Seer Fish,169.13,1020.9,165.67,29.77,33.21,3.01,0.65,310.2,3.62,27.84,1.36,0.123,0.0,observed_and_verified_proxy
2018-06-01,2018,6,2,Thrissur,Central,10.52,76.21,Seer Fish,181.07,993.7,182.22,28.91,32.14,4.17,0.95,566.7,4.31,26.97,2.21,0.126,0.0,observed_and_verified_proxy
2018-07-01,2018,7,3,Thrissur,Central,10.52,76.21,Seer Fish,338.57,1251.0,270.63,27.27,31.65,4.46,1.0,684.3,4.43,26.17,2.8,0.241,0.0,observed_and_verified_proxy
2018-08-01,2018,8,3,Thrissur,Central,10.52,76.21,Seer Fish,339.24,1145.1,296.25,26.55,32.29,3.98,0.9,529.5,4.42,25.64,2.21,0.22,0.0,observed_and_verified_proxy
2018-09-01,2018,9,3,Thrissur,Central,10.52,76.21,Seer Fish,356.94,1115.1,320.11,26.93,34.09,2.6,0.6,99.6,3.42,26.26,1.36,0.221,0.0,observed_and_verified_proxy
2018-10-01,2018,10,4,Thrissur,Central,10.52,76.21,Seer Fish,496.69,1787.5,277.88,27.07,33.17,2.04,0.3,318.6,2.24,26.99,1.05,0.424,0.0,observed_and_verified_proxy
2018-11-01,2018,11,4,Thrissur,Central,10.52,76.21,Seer Fish,488.91,1973.9,247.69,27.14,33.7,1.38,0.12,193.2,2.09,27.31,1.0,0.465,0.054,observed_and_verified_proxy
2018-12-01,2018,12,4,Thrissur,Central,10.52,76.21,Seer Fish,503.69,1994.5,252.54,27.51,34.39,1.0,0.06,26.1,1.87,27.39,1.0,0.477,0.058,observed_and_verified_proxy
2018-01-01,2018,1,1,Kasaragod,North,12.5,74.99,Seer Fish,171.05,913.7,187.2,28.14,34.49,0.94,0.05,1.5,2.16,26.51,1.0,0.185,0.0,observed_and_verified_proxy
2018-02-01,2018,2,1,Kasaragod,North,12.5,74.99,Seer Fish,162.09,935.9,173.19,28.86,34.47,1.09,0.1,7.2,2.33,27.86,1.0,0.182,0.0,observed_and_verified_proxy
2018-03-01,2018,3,1,Kasaragod,North,12.5,74.99,Seer Fish,162.38,964.1,168.43,29.49,34.38,1.39,0.2,27.6,2.6,28.89,1.0,0.188,0.0,observed_and_verified_proxy
2018-04-01,2018,4,2,Kasaragod,North,12.5,74.99,Seer Fish,102.0,588.7,173.27,29.85,34.05,1.92,0.35,109.2,2.47,28.72,1.05,0.079,0.0,observed_and_verified_proxy
2018-05-01,2018,5,2,Kasaragod,North,12.5,74.99,Seer Fish,108.62,593.2,183.12,29.77,33.01,3.07,0.65,357.9,3.06,27.57,1.36,0.084,0.0,observed_and_verified_proxy
2018-06-01,2018,6,2,Kasaragod,North,12.5,74.99,Seer Fish,107.64,583.1,184.58,28.91,32.49,4.06,0.95,482.1,3.68,26.4,2.21,0.082,0.0,observed_and_verified_proxy
2018-07-01,2018,7,3,Kasaragod,North,12.5,74.99,Seer Fish,215.9,741.6,291.14,27.27,32.3,4.26,1.0,527.1,4.14,25.56,2.8,0.177,0.0,observed_and_verified_proxy
2018-08-01,2018,8,3,Kasaragod,North,12.5,74.99,Seer Fish,214.24,755.1,283.73,26.55,32.37,3.96,0.9,510.9,3.83,24.89,2.21,0.18,0.0,observed_and_verified_proxy
2018-09-01,2018,9,3,Kasaragod,North,12.5,74.99,Seer Fish,207.2,680.6,304.42,26.93,34.0,2.63,0.6,120.3,2.89,25.47,1.36,0.158,0.0,observed_and_verified_proxy
2018-10-01,2018,10,4,Kasaragod,North,12.5,74.99,Seer Fish,309.94,1163.2,266.46,27.07,33.44,1.96,0.3,253.5,2.05,26.38,1.05,0.353,0.0,observed_and_verified_proxy
2018-11-01,2018,11,4,Kasaragod,North,12.5,74.99,Seer Fish,316.03,1164.4,271.41,27.14,34.2,1.23,0.12,72.3,1.93,26.57,1.0,0.358,0.0,observed_and_verified_proxy
2018-12-01,2018,12,4,Kasaragod,North,12.5,74.99,Seer Fish,310.51,1189.0,261.16,27.51,34.42,0.99,0.06,18.0,2.08,26.88,1.0,0.362,0.0,observed_and_verified_proxy
2019-01-01,2019,1,1,Kozhikode,North,11.25,75.78,Seer Fish,900.11,5728.7,157.12,28.14,34.5,0.94,0.05,0.3,2.51,26.45,1.0,0.462,0.251,observed_and_verified_proxy
2019-02-01,2019,2,1,Kozhikode,North,11.25,75.78,Seer Fish,934.44,5656.1,165.21,28.86,34.47,1.09,0.1,7.2,2.63,28.3,1.0,0.462,0.233,observed_and_verified_proxy
2019-03-01,2019,3,1,Kozhikode,North,11.25,75.78,Seer Fish,910.95,5632.8,161.72,29.49,34.45,1.38,0.2,12.6,2.83,28.91,1.0,0.456,0.233,observed_and_verified_proxy
2019-04-01,2019,4,2,Kozhikode,North,11.25,75.78,Seer Fish,539.79,3459.5,156.03,29.85,34.15,1.88,0.35,83.4,2.8,29.45,1.05,0.225,0.0,observed_and_verified_proxy
2019-05-01,2019,5,2,Kozhikode,North,11.25,75.78,Seer Fish,544.83,3497.5,155.78,29.77,34.15,2.72,0.65,83.4,3.22,28.57,1.36,0.229,0.0,observed_and_verified_proxy
2019-06-01,2019,6,2,Kozhikode,North,11.25,75.78,Seer Fish,578.21,4016.1,143.97,28.91,33.48,3.77,0.95,244.8,3.63,27.62,2.21,0.27,0.031,observed_and_verified_proxy
2019-07-01,2019,7,3,Kozhikode,North,11.25,75.78,Seer Fish,1186.07,4552.9,260.51,27.27,32.7,4.14,1.0,432.6,3.72,26.17,2.8,0.401,0.0,observed_and_verified_proxy
2019-08-01,2019,8,3,Kozhikode,North,11.25,75.78,Seer Fish,1091.56,4238.5,257.54,26.55,31.57,4.2,0.9,702.9,3.61,25.54,2.21,0.364,0.0,observed_and_verified_proxy
2019-09-01,2019,9,3,Kozhikode,North,11.25,75.78,Seer Fish,1134.69,4496.9,252.33,26.93,33.09,2.9,0.6,339.6,2.76,25.96,1.36,0.391,0.0,observed_and_verified_proxy
2019-10-01,2019,10,4,Kozhikode,North,11.25,75.78,Seer Fish,1623.17,7326.9,221.54,27.07,32.78,2.16,0.3,412.8,2.42,26.11,1.05,0.702,0.42,observed_and_verified_proxy
2019-11-01,2019,11,4,Kozhikode,North,11.25,75.78,Seer Fish,1691.21,6768.1,249.88,27.14,34.0,1.29,0.12,120.9,1.94,26.82,1.0,0.655,0.296,observed_and_verified_proxy
2019-12-01,2019,12,4,Kozhikode,North,11.25,75.78,Seer Fish,1603.32,7414.8,216.23,27.51,34.23,1.05,0.06,65.7,1.82,26.56,1.0,0.708,0.44,observed_and_verified_proxy
2019-01-01,2019,1,1,Ernakulam,Central,9.98,76.28,Seer Fish,848.21,5574.3,152.16,28.14,34.5,0.94,0.05,0.0,2.26,26.95,1.0,0.491,0.3,observed_and_verified_proxy
2019-02-01,2019,2,1,Ernakulam,Central,9.98,76.28,Seer Fish,813.81,5654.7,143.92,28.86,34.44,1.1,0.1,13.5,2.56,29.5,1.0,0.491,0.318,observed_and_verified_proxy
2019-03-01,2019,3,1,Ernakulam,Central,9.98,76.28,Seer Fish,833.27,5091.0,163.68,29.49,34.44,1.38,0.2,14.7,2.93,30.31,1.0,0.446,0.216,observed_and_verified_proxy
2019-04-01,2019,4,2,Ernakulam,Central,9.98,76.28,Seer Fish,508.34,3371.3,150.78,29.85,34.08,1.91,0.35,101.7,3.1,30.23,1.05,0.238,0.0,observed_and_verified_proxy
2019-05-01,2019,5,2,Ernakulam,Central,9.98,76.28,Seer Fish,506.21,3116.7,162.42,29.77,34.2,2.71,0.65,71.4,3.7,29.17,1.36,0.22,0.0,observed_and_verified_proxy
2019-06-01,2019,6,2,Ernakulam,Central,9.98,76.28,Seer Fish,518.11,3281.4,157.89,28.91,33.13,3.87,0.95,329.1,4.05,27.94,2.21,0.234,0.0,observed_and_verified_proxy
2019-07-01,2019,7,3,Ernakulam,Central,9.98,76.28,Seer Fish,1015.84,4187.3,242.6,27.27,32.79,4.11,1.0,410.1,4.11,26.8,2.8,0.393,0.0,observed_and_verified_proxy
2019-08-01,2019,8,3,Ernakulam,Central,9.98,76.28,Seer Fish,985.82,4128.7,238.77,26.55,31.71,4.16,0.9,669.9,3.93,26.22,2.21,0.384,0.0,observed_and_verified_proxy
2019-09-01,2019,9,3,Ernakulam,Central,9.98,76.28,Seer Fish,984.27,3910.9,251.67,26.93,32.71,3.02,0.6,429.9,3.14,26.67,1.36,0.363,0.0,observed_and_verified_proxy
2019-10-01,2019,10,4,Ernakulam,Central,9.98,76.28,Seer Fish,1379.4,6396.7,215.64,27.07,32.2,2.33,0.3,552.6,2.8,26.79,1.05,0.658,0.376,observed_and_verified_proxy
2019-11-01,2019,11,4,Ernakulam,Central,9.98,76.28,Seer Fish,1512.19,6295.2,240.21,27.14,33.87,1.33,0.12,152.1,1.92,27.64,1.0,0.663,0.328,observed_and_verified_proxy
2019-12-01,2019,12,4,Ernakulam,Central,9.98,76.28,Seer Fish,1392.36,6771.8,205.61,27.51,34.26,1.04,0.06,58.2,1.89,27.49,1.0,0.698,0.45,observed_and_verified_proxy
2019-01-01,2019,1,1,Alappuzha,South,9.49,76.33,Seer Fish,724.21,4410.7,164.19,28.14,34.5,0.94,0.05,0.0,3.21,26.55,1.0,0.414,0.174,observed_and_verified_proxy
2019-02-01,2019,2,1,Alappuzha,South,9.49,76.33,Seer Fish,717.43,4827.8,148.6,28.86,34.48,1.09,0.1,5.7,3.3,28.77,1.0,0.452,0.257,observed_and_verified_proxy
2019-03-01,2019,3,1,Alappuzha,South,9.49,76.33,Seer Fish,725.95,4472.3,162.32,29.49,34.42,1.38,0.2,18.9,2.67,29.88,1.0,0.42,0.186,observed_and_verified_proxy
2019-04-01,2019,4,2,Alappuzha,South,9.49,76.33,Seer Fish,464.06,3082.1,150.57,29.85,34.14,1.89,0.35,86.1,3.0,29.94,1.05,0.235,0.0,observed_and_verified_proxy
2019-05-01,2019,5,2,Alappuzha,South,9.49,76.33,Seer Fish,440.25,2966.0,148.43,29.77,34.15,2.73,0.65,84.3,4.62,28.98,1.36,0.22,0.0,observed_and_verified_proxy
2019-06-01,2019,6,2,Alappuzha,South,9.49,76.33,Seer Fish,454.14,2870.3,158.22,28.91,33.61,3.73,0.95,214.5,5.2,27.74,2.21,0.217,0.0,observed_and_verified_proxy
2019-07-01,2019,7,3,Alappuzha,South,9.49,76.33,Seer Fish,945.27,3526.5,268.05,27.27,33.91,3.78,1.0,141.3,5.11,26.48,2.8,0.366,0.0,observed_and_verified_proxy
2019-08-01,2019,8,3,Alappuzha,South,9.49,76.33,Seer Fish,942.57,3578.6,263.39,26.55,33.15,3.73,0.9,324.6,5.32,26.27,2.21,0.371,0.0,observed_and_verified_proxy
2019-09-01,2019,9,3,Alappuzha,South,9.49,76.33,Seer Fish,930.08,3683.9,252.47,26.93,33.38,2.82,0.6,269.7,4.05,26.51,1.36,0.38,0.0,observed_and_verified_proxy
2019-10-01,2019,10,4,Alappuzha,South,9.49,76.33,Seer Fish,1331.47,5787.2,230.07,27.07,32.98,2.1,0.3,364.2,2.93,26.45,1.05,0.668,0.357,observed_and_verified_proxy
2019-11-01,2019,11,4,Alappuzha,South,9.49,76.33,Seer Fish,1288.58,5482.9,235.02,27.14,33.73,1.37,0.12,183.6,2.85,27.11,1.0,0.627,0.293,observed_and_verified_proxy
2019-12-01,2019,12,4,Alappuzha,South,9.49,76.33,Seer Fish,1259.89,6075.4,207.38,27.51,34.28,1.03,0.06,52.8,4.09,26.3,1.0,0.69,0.437,observed_and_verified_proxy
2019-01-01,2019,1,1,Kollam,South,8.89,76.6,Seer Fish,677.58,3979.1,170.29,28.14,34.5,0.94,0.05,0.0,3.21,26.55,1.0,0.389,0.128,observed_and_verified_proxy
2019-02-01,2019,2,1,Kollam,South,8.89,76.6,Seer Fish,669.52,4111.8,162.83,28.86,34.48,1.09,0.1,5.7,3.3,28.77,1.0,0.4,0.159,observed_and_verified_proxy
2019-03-01,2019,3,1,Kollam,South,8.89,76.6,Seer Fish,698.92,4585.3,152.43,29.49,34.42,1.38,0.2,18.9,2.67,29.88,1.0,0.455,0.252,observed_and_verified_proxy
2019-04-01,2019,4,2,Kollam,South,8.89,76.6,Seer Fish,430.88,2762.8,155.95,29.85,34.14,1.89,0.35,86.1,3.0,29.94,1.05,0.217,0.0,observed_and_verified_proxy
2019-05-01,2019,5,2,Kollam,South,8.89,76.6,Seer Fish,431.95,2615.2,165.17,29.77,34.15,2.73,0.65,84.3,4.62,28.98,1.36,0.206,0.0,observed_and_verified_proxy
2019-06-01,2019,6,2,Kollam,South,8.89,76.6,Seer Fish,433.89,2526.8,171.71,28.91,33.61,3.73,0.95,214.5,5.2,27.74,2.21,0.2,0.0,observed_and_verified_proxy
2019-07-01,2019,7,3,Kollam,South,8.89,76.6,Seer Fish,872.1,3382.6,257.82,27.27,33.91,3.78,1.0,141.3,5.11,26.48,2.8,0.366,0.0,observed_and_verified_proxy
2019-08-01,2019,8,3,Kollam,South,8.89,76.6,Seer Fish,805.52,3217.4,250.36,26.55,33.15,3.73,0.9,324.6,5.32,26.27,2.21,0.338,0.0,observed_and_verified_proxy
2019-09-01,2019,9,3,Kollam,South,8.89,76.6,Seer Fish,853.94,3398.1,251.3,26.93,33.38,2.82,0.6,269.7,4.05,26.51,1.36,0.364,0.0,observed_and_verified_proxy
2019-10-01,2019,10,4,Kollam,South,8.89,76.6,Seer Fish,1153.73,5435.0,212.28,27.07,32.98,2.1,0.3,364.2,2.93,26.45,1.05,0.645,0.367,observed_and_verified_proxy
2019-11-01,2019,11,4,Kollam,South,8.89,76.6,Seer Fish,1184.21,5549.0,213.41,27.14,33.73,1.37,0.12,183.6,2.85,27.11,1.0,0.664,0.388,observed_and_verified_proxy
2019-12-01,2019,12,4,Kollam,South,8.89,76.6,Seer Fish,1181.53,4879.5,242.14,27.51,34.28,1.03,0.06,52.8,4.09,26.3,1.0,0.583,0.22,observed_and_verified_proxy
2019-01-01,2019,1,1,Kannur,North,11.87,75.37,Seer Fish,529.28,3596.9,147.15,28.14,34.5,0.94,0.05,0.3,2.51,26.45,1.0,0.4,0.193,observed_and_verified_proxy
2019-02-01,2019,2,1,Kannur,North,11.87,75.37,Seer Fish,513.7,3381.9,151.9,28.86,34.47,1.09,0.1,7.2,2.63,28.3,1.0,0.371,0.145,observed_and_verified_proxy
2019-03-01,2019,3,1,Kannur,North,11.87,75.37,Seer Fish,519.92,3362.1,154.64,29.49,34.45,1.38,0.2,12.6,2.83,28.91,1.0,0.371,0.139,observed_and_verified_proxy
2019-04-01,2019,4,2,Kannur,North,11.87,75.37,Seer Fish,328.29,2238.8,146.64,29.85,34.15,1.88,0.35,83.4,2.8,29.45,1.05,0.192,0.0,observed_and_verified_proxy
2019-05-01,2019,5,2,Kannur,North,11.87,75.37,Seer Fish,338.43,2318.2,145.99,29.77,34.15,2.72,0.65,83.4,3.22,28.57,1.36,0.203,0.0,observed_and_verified_proxy
2019-06-01,2019,6,2,Kannur,North,11.87,75.37,Seer Fish,319.83,2120.7,150.82,28.91,33.48,3.77,0.95,244.8,3.63,27.62,2.21,0.179,0.0,observed_and_verified_proxy
2019-07-01,2019,7,3,Kannur,North,11.87,75.37,Seer Fish,676.04,2543.9,265.75,27.27,32.7,4.14,1.0,432.6,3.72,26.17,2.8,0.317,0.0,observed_and_verified_proxy
2019-08-01,2019,8,3,Kannur,North,11.87,75.37,Seer Fish,670.45,2669.5,251.15,26.55,31.57,4.2,0.9,702.9,3.61,25.54,2.21,0.331,0.0,observed_and_verified_proxy
2019-09-01,2019,9,3,Kannur,North,11.87,75.37,Seer Fish,627.73,2811.1,223.3,26.93,33.09,2.9,0.6,339.6,2.76,25.96,1.36,0.339,0.0,observed_and_verified_proxy
2019-10-01,2019,10,4,Kannur,North,11.87,75.37,Seer Fish,909.25,4326.0,210.18,27.07,32.78,2.16,0.3,412.8,2.42,26.11,1.05,0.604,0.318,observed_and_verified_proxy
2019-11-01,2019,11,4,Kannur,North,11.87,75.37,Seer Fish,968.86,4375.7,221.42,27.14,34.0,1.29,0.12,120.9,1.94,26.82,1.0,0.625,0.32,observed_and_verified_proxy
2019-12-01,2019,12,4,Kannur,North,11.87,75.37,Seer Fish,924.98,4003.1,231.07,27.51,34.23,1.05,0.06,65.7,1.82,26.56,1.0,0.562,0.218,observed_and_verified_proxy
2019-01-01,2019,1,1,Thiruvananthapuram,South,8.52,76.94,Seer Fish,411.75,2789.0,147.64,28.14,34.5,0.94,0.05,0.0,3.21,26.55,1.0,0.333,0.105,observed_and_verified_proxy
2019-02-01,2019,2,1,Thiruvananthapuram,South,8.52,76.94,Seer Fish,438.3,2581.2,169.8,28.86,34.48,1.09,0.1,5.7,3.3,28.77,1.0,0.319,0.037,observed_and_verified_proxy
2019-03-01,2019,3,1,Thiruvananthapuram,South,8.52,76.94,Seer Fish,435.08,2866.6,151.77,29.49,34.42,1.38,0.2,18.9,2.67,29.88,1.0,0.353,0.121,observed_and_verified_proxy
2019-04-01,2019,4,2,Thiruvananthapuram,South,8.52,76.94,Seer Fish,265.49,1769.4,150.04,29.85,34.14,1.89,0.35,86.1,3.0,29.94,1.05,0.162,0.0,observed_and_verified_proxy
2019-05-01,2019,5,2,Thiruvananthapuram,South,8.52,76.94,Seer Fish,262.73,1718.4,152.89,29.77,34.15,2.73,0.65,84.3,4.62,28.98,1.36,0.157,0.0,observed_and_verified_proxy
2019-06-01,2019,6,2,Thiruvananthapuram,South,8.52,76.94,Seer Fish,256.37,1696.3,151.14,28.91,33.61,3.73,0.95,214.5,5.2,27.74,2.21,0.152,0.0,observed_and_verified_proxy
2019-07-01,2019,7,3,Thiruvananthapuram,South,8.52,76.94,Seer Fish,556.72,2213.4,251.52,27.27,33.91,3.78,1.0,141.3,5.11,26.48,2.8,0.308,0.0,observed_and_verified_proxy
2019-08-01,2019,8,3,Thiruvananthapuram,South,8.52,76.94,Seer Fish,553.23,2121.1,260.83,26.55,33.15,3.73,0.9,324.6,5.32,26.27,2.21,0.295,0.0,observed_and_verified_proxy
2019-09-01,2019,9,3,Thiruvananthapuram,South,8.52,76.94,Seer Fish,539.28,2241.5,240.59,26.93,33.38,2.82,0.6,269.7,4.05,26.51,1.36,0.308,0.0,observed_and_verified_proxy
2019-10-01,2019,10,4,Thiruvananthapuram,South,8.52,76.94,Seer Fish,753.73,3527.3,213.68,27.07,32.98,2.1,0.3,364.2,2.93,26.45,1.05,0.561,0.254,observed_and_verified_proxy
2019-11-01,2019,11,4,Thiruvananthapuram,South,8.52,76.94,Seer Fish,794.7,3647.6,217.87,27.14,33.73,1.37,0.12,183.6,2.85,27.11,1.0,0.592,0.286,observed_and_verified_proxy
2019-12-01,2019,12,4,Thiruvananthapuram,South,8.52,76.94,Seer Fish,778.46,3208.0,242.66,27.51,34.28,1.03,0.06,52.8,4.09,26.3,1.0,0.517,0.133,observed_and_verified_proxy
2019-01-01,2019,1,1,Malappuram,North,11.07,76.07,Seer Fish,321.74,2122.5,151.59,28.14,34.5,0.94,0.05,0.3,2.51,26.45,1.0,0.283,0.031,observed_and_verified_proxy
2019-02-01,2019,2,1,Malappuram,North,11.07,76.07,Seer Fish,336.85,2199.2,153.17,28.86,34.47,1.09,0.1,7.2,2.63,28.3,1.0,0.301,0.051,observed_and_verified_proxy
2019-03-01,2019,3,1,Malappuram,North,11.07,76.07,Seer Fish,324.42,2006.8,161.66,29.49,34.45,1.38,0.2,12.6,2.83,28.91,1.0,0.269,0.0,observed_and_verified_proxy
2019-04-01,2019,4,2,Malappuram,North,11.07,76.07,Seer Fish,209.59,1395.0,150.25,29.85,34.15,1.88,0.35,83.4,2.8,29.45,1.05,0.14,0.0,observed_and_verified_proxy
2019-05-01,2019,5,2,Malappuram,North,11.07,76.07,Seer Fish,207.79,1342.6,154.77,29.77,34.15,2.72,0.65,83.4,3.22,28.57,1.36,0.134,0.0,observed_and_verified_proxy
2019-06-01,2019,6,2,Malappuram,North,11.07,76.07,Seer Fish,215.3,1441.0,149.41,28.91,33.48,3.77,0.95,244.8,3.63,27.62,2.21,0.148,0.0,observed_and_verified_proxy
2019-07-01,2019,7,3,Malappuram,North,11.07,76.07,Seer Fish,429.72,1592.7,269.8,27.27,32.7,4.14,1.0,432.6,3.72,26.17,2.8,0.25,0.0,observed_and_verified_proxy
2019-08-01,2019,8,3,Malappuram,North,11.07,76.07,Seer Fish,432.17,1550.5,278.73,26.55,31.57,4.2,0.9,702.9,3.61,25.54,2.21,0.244,0.0,observed_and_verified_proxy
2019-09-01,2019,9,3,Malappuram,North,11.07,76.07,Seer Fish,430.01,1772.5,242.59,26.93,33.09,2.9,0.6,339.6,2.76,25.96,1.36,0.279,0.0,observed_and_verified_proxy
2019-10-01,2019,10,4,Malappuram,North,11.07,76.07,Seer Fish,584.43,2601.5,224.66,27.07,32.78,2.16,0.3,412.8,2.42,26.11,1.05,0.477,0.121,observed_and_verified_proxy
2019-11-01,2019,11,4,Malappuram,North,11.07,76.07,Seer Fish,576.34,2473.9,232.97,27.14,34.0,1.29,0.12,120.9,1.94,26.82,1.0,0.451,0.068,observed_and_verified_proxy
2019-12-01,2019,12,4,Malappuram,North,11.07,76.07,Seer Fish,599.51,2667.1,224.78,27.51,34.23,1.05,0.06,65.7,1.82,26.56,1.0,0.495,0.144,observed_and_verified_proxy
2019-01-01,2019,1,1,Thrissur,Central,10.52,76.21,Seer Fish,248.0,1517.3,163.45,28.14,34.5,0.94,0.05,0.0,2.26,26.95,1.0,0.24,0.0,observed_and_verified_proxy
2019-02-01,2019,2,1,Thrissur,Central,10.52,76.21,Seer Fish,248.21,1418.7,174.96,28.86,34.44,1.1,0.1,13.5,2.56,29.5,1.0,0.224,0.0,observed_and_verified_proxy
2019-03-01,2019,3,1,Thrissur,Central,10.52,76.21,Seer Fish,235.18,1422.8,165.29,29.49,34.44,1.38,0.2,14.7,2.93,30.31,1.0,0.217,0.0,observed_and_verified_proxy
2019-04-01,2019,4,2,Thrissur,Central,10.52,76.21,Seer Fish,149.61,963.0,155.36,29.85,34.08,1.91,0.35,101.7,3.1,30.23,1.05,0.106,0.0,observed_and_verified_proxy
2019-05-01,2019,5,2,Thrissur,Central,10.52,76.21,Seer Fish,154.35,1026.4,150.38,29.77,34.2,2.71,0.65,71.4,3.7,29.17,1.36,0.115,0.0,observed_and_verified_proxy
2019-06-01,2019,6,2,Thrissur,Central,10.52,76.21,Seer Fish,141.66,1040.1,136.19,28.91,33.13,3.87,0.95,329.1,4.05,27.94,2.21,0.109,0.0,observed_and_verified_proxy
2019-07-01,2019,7,3,Thrissur,Central,10.52,76.21,Seer Fish,302.1,1099.0,274.88,27.27,32.79,4.11,1.0,410.1,4.11,26.8,2.8,0.197,0.0,observed_and_verified_proxy
2019-08-01,2019,8,3,Thrissur,Central,10.52,76.21,Seer Fish,307.19,1220.6,251.67,26.55,31.71,4.16,0.9,669.9,3.93,26.22,2.21,0.221,0.0,observed_and_verified_proxy
2019-09-01,2019,9,3,Thrissur,Central,10.52,76.21,Seer Fish,301.06,1149.2,261.97,26.93,32.71,3.02,0.6,429.9,3.14,26.67,1.36,0.206,0.0,observed_and_verified_proxy
2019-10-01,2019,10,4,Thrissur,Central,10.52,76.21,Seer Fish,427.6,2037.4,209.88,27.07,32.2,2.33,0.3,552.6,2.8,26.79,1.05,0.447,0.115,observed_and_verified_proxy
2019-11-01,2019,11,4,Thrissur,Central,10.52,76.21,Seer Fish,429.29,1773.5,242.06,27.14,33.87,1.33,0.12,152.1,1.92,27.64,1.0,0.39,0.0,observed_and_verified_proxy
2019-12-01,2019,12,4,Thrissur,Central,10.52,76.21,Seer Fish,429.26,1907.0,225.1,27.51,34.26,1.04,0.06,58.2,1.89,27.49,1.0,0.419,0.045,observed_and_verified_proxy
2019-01-01,2019,1,1,Kasaragod,North,12.5,74.99,Seer Fish,141.17,962.6,146.66,28.14,34.5,0.94,0.05,0.3,2.51,26.45,1.0,0.168,0.0,observed_and_verified_proxy
2019-02-01,2019,2,1,Kasaragod,North,12.5,74.99,Seer Fish,139.14,992.0,140.27,28.86,34.47,1.09,0.1,7.2,2.63,28.3,1.0,0.171,0.0,observed_and_verified_proxy
2019-03-01,2019,3,1,Kasaragod,North,12.5,74.99,Seer Fish,149.55,933.6,160.2,29.49,34.45,1.38,0.2,12.6,2.83,28.91,1.0,0.171,0.0,observed_and_verified_proxy
2019-04-01,2019,4,2,Kasaragod,North,12.5,74.99,Seer Fish,87.09,565.7,153.94,29.85,34.15,1.88,0.35,83.4,2.8,29.45,1.05,0.067,0.0,observed_and_verified_proxy
2019-05-01,2019,5,2,Kasaragod,North,12.5,74.99,Seer Fish,89.16,560.2,159.16,29.77,34.15,2.72,0.65,83.4,3.22,28.57,1.36,0.067,0.0,observed_and_verified_proxy
2019-06-01,2019,6,2,Kasaragod,North,12.5,74.99,Seer Fish,87.07,573.8,151.74,28.91,33.48,3.77,0.95,244.8,3.63,27.62,2.21,0.068,0.0,observed_and_verified_proxy
2019-07-01,2019,7,3,Kasaragod,North,12.5,74.99,Seer Fish,173.09,764.9,226.3,27.27,32.7,4.14,1.0,432.6,3.72,26.17,2.8,0.156,0.0,observed_and_verified_proxy
2019-08-01,2019,8,3,Kasaragod,North,12.5,74.99,Seer Fish,185.2,736.3,251.53,26.55,31.57,4.2,0.9,702.9,3.61,25.54,2.21,0.158,0.0,observed_and_verified_proxy
2019-09-01,2019,9,3,Kasaragod,North,12.5,74.99,Seer Fish,173.06,689.1,251.13,26.93,33.09,2.9,0.6,339.6,2.76,25.96,1.36,0.141,0.0,observed_and_verified_proxy
2019-10-01,2019,10,4,Kasaragod,North,12.5,74.99,Seer Fish,256.02,1083.1,236.38,27.07,32.78,2.16,0.3,412.8,2.42,26.11,1.05,0.291,0.0,observed_and_verified_proxy
2019-11-01,2019,11,4,Kasaragod,North,12.5,74.99,Seer Fish,247.65,1157.3,213.99,27.14,34.0,1.29,0.12,120.9,1.94,26.82,1.0,0.304,0.0,observed_and_verified_proxy
2019-12-01,2019,12,4,Kasaragod,North,12.5,74.99,Seer Fish,267.82,1145.4,233.83,27.51,34.23,1.05,0.06,65.7,1.82,26.56,1.0,0.317,0.0,observed_and_verified_proxy
2020-01-01,2020,1,1,Kozhikode,North,11.25,75.78,Seer Fish,583.03,5662.9,102.96,28.14,34.49,0.94,0.05,3.0,2.23,27.11,1.0,0.382,0.268,observed_and_verified_proxy
2020-02-01,2020,2,1,Kozhikode,North,11.25,75.78,Seer Fish,605.58,5449.7,111.12,28.86,34.48,1.09,0.1,4.2,2.53,28.28,1.0,0.374,0.239,observed_and_verified_proxy
2020-03-01,2020,3,1,Kozhikode,North,11.25,75.78,Seer Fish,596.52,6030.0,98.93,29.49,34.43,1.38,0.2,15.9,2.7,29.15,1.0,0.411,0.315,observed_and_verified_proxy
2020-04-01,2020,4,2,Kozhikode,North,11.25,75.78,Seer Fish,354.15,3684.6,96.12,29.85,34.28,1.84,0.35,51.9,2.45,29.62,1.05,0.191,0.035,observed_and_verified_proxy
2020-05-01,2020,5,2,Kozhikode,North,11.25,75.78,Seer Fish,379.88,3428.1,110.81,29.77,33.77,2.84,0.65,175.5,2.97,28.61,1.36,0.185,0.0,observed_and_verified_proxy
2020-06-01,2020,6,2,Kozhikode,North,11.25,75.78,Seer Fish,375.96,3997.8,94.04,28.91,32.77,3.98,0.95,415.8,3.31,26.7,2.21,0.215,0.071,observed_and_verified_proxy
2020-07-01,2020,7,3,Kozhikode,North,11.25,75.78,Seer Fish,721.77,4881.2,147.87,27.27,32.43,4.22,1.0,497.7,3.3,25.63,2.8,0.361,0.141,observed_and_verified_proxy
2020-08-01,2020,8,3,Kozhikode,North,11.25,75.78,Seer Fish,782.89,4425.9,176.89,26.55,32.38,3.96,0.9,508.8,3.43,25.75,2.21,0.338,0.047,observed_and_verified_proxy
2020-09-01,2020,9,3,Kozhikode,North,11.25,75.78,Seer Fish,766.51,4570.8,167.7,26.93,32.58,3.06,0.6,460.2,2.85,25.47,1.36,0.347,0.078,observed_and_verified_proxy
2020-10-01,2020,10,4,Kozhikode,North,11.25,75.78,Seer Fish,1087.67,7278.9,149.43,27.07,33.63,1.9,0.3,209.7,2.64,25.74,1.05,0.625,0.48,observed_and_verified_proxy
2020-11-01,2020,11,4,Kozhikode,North,11.25,75.78,Seer Fish,1096.57,6859.5,159.86,27.14,33.99,1.29,0.12,122.4,1.78,26.55,1.0,0.59,0.412,observed_and_verified_proxy
2020-12-01,2020,12,4,Kozhikode,North,11.25,75.78,Seer Fish,1076.61,6769.4,159.04,27.51,34.29,1.03,0.06,49.5,1.74,26.47,1.0,0.579,0.4,observed_and_verified_proxy
2020-01-01,2020,1,1,Ernakulam,Central,9.98,76.28,Seer Fish,545.0,5605.9,97.22,28.14,34.46,0.95,0.05,9.6,1.95,28.23,1.0,0.409,0.316,observed_and_verified_proxy
2020-02-01,2020,2,1,Ernakulam,Central,9.98,76.28,Seer Fish,555.24,5318.8,104.39,28.86,34.39,1.11,0.1,26.4,2.31,29.48,1.0,0.392,0.278,observed_and_verified_proxy
2020-03-01,2020,3,1,Ernakulam,Central,9.98,76.28,Seer Fish,549.84,4999.5,109.98,29.49,34.28,1.42,0.2,51.6,2.66,29.9,1.0,0.367,0.232,observed_and_verified_proxy
2020-04-01,2020,4,2,Ernakulam,Central,9.98,76.28,Seer Fish,330.93,3318.9,99.71,29.85,34.1,1.9,0.35,96.9,2.61,30.13,1.05,0.185,0.019,observed_and_verified_proxy
2020-05-01,2020,5,2,Ernakulam,Central,9.98,76.28,Seer Fish,316.35,3226.5,98.05,29.77,33.48,2.93,0.65,245.7,3.48,29.0,1.36,0.175,0.01,observed_and_verified_proxy
2020-06-01,2020,6,2,Ernakulam,Central,9.98,76.28,Seer Fish,335.33,3381.5,99.17,28.91,32.84,3.96,0.95,398.4,3.99,27.33,2.21,0.19,0.027,observed_and_verified_proxy
2020-07-01,2020,7,3,Ernakulam,Central,9.98,76.28,Seer Fish,661.39,3756.3,176.07,27.27,32.4,4.23,1.0,505.2,3.71,26.19,2.8,0.3,0.0,observed_and_verified_proxy
2020-08-01,2020,8,3,Ernakulam,Central,9.98,76.28,Seer Fish,708.79,4166.8,170.11,26.55,32.73,3.85,0.9,425.1,3.84,26.39,2.21,0.342,0.067,observed_and_verified_proxy
2020-09-01,2020,9,3,Ernakulam,Central,9.98,76.28,Seer Fish,648.03,3944.8,164.28,26.93,32.41,3.11,0.6,502.5,3.59,26.3,1.36,0.312,0.04,observed_and_verified_proxy
2020-10-01,2020,10,4,Ernakulam,Central,9.98,76.28,Seer Fish,960.21,6424.3,149.47,27.07,33.48,1.95,0.3,246.0,3.29,26.48,1.05,0.592,0.437,observed_and_verified_proxy
2020-11-01,2020,11,4,Ernakulam,Central,9.98,76.28,Seer Fish,985.96,6227.7,158.32,27.14,33.85,1.33,0.12,155.1,1.92,27.56,1.0,0.579,0.401,observed_and_verified_proxy
2020-12-01,2020,12,4,Ernakulam,Central,9.98,76.28,Seer Fish,989.89,6747.8,146.7,27.51,34.12,1.08,0.06,90.0,2.02,27.02,1.0,0.628,0.49,observed_and_verified_proxy
2020-01-01,2020,1,1,Alappuzha,South,9.49,76.33,Seer Fish,465.57,4879.5,95.41,28.14,34.34,0.99,0.05,39.0,3.23,26.6,1.0,0.373,0.273,observed_and_verified_proxy
2020-02-01,2020,2,1,Alappuzha,South,9.49,76.33,Seer Fish,482.68,4951.9,97.47,28.86,34.45,1.09,0.1,11.1,3.21,28.42,1.0,0.386,0.285,observed_and_verified_proxy
2020-03-01,2020,3,1,Alappuzha,South,9.49,76.33,Seer Fish,491.75,4672.2,105.25,29.49,34.4,1.39,0.2,25.2,2.61,29.82,1.0,0.368,0.244,observed_and_verified_proxy
2020-04-01,2020,4,2,Alappuzha,South,9.49,76.33,Seer Fish,298.94,2777.4,107.64,29.85,34.12,1.89,0.35,91.2,2.65,30.11,1.05,0.165,0.0,observed_and_verified_proxy
2020-05-01,2020,5,2,Alappuzha,South,9.49,76.33,Seer Fish,283.84,2742.5,103.5,29.77,33.21,3.01,0.65,310.2,4.09,28.54,1.36,0.158,0.0,observed_and_verified_proxy
2020-06-01,2020,6,2,Alappuzha,South,9.49,76.33,Seer Fish,289.84,2712.8,106.84,28.91,33.52,3.75,0.95,234.9,5.18,27.03,2.21,0.158,0.0,observed_and_verified_proxy
2020-07-01,2020,7,3,Alappuzha,South,9.49,76.33,Seer Fish,597.06,3782.2,157.86,27.27,33.76,3.82,1.0,177.9,4.74,26.01,2.8,0.327,0.074,observed_and_verified_proxy
2020-08-01,2020,8,3,Alappuzha,South,9.49,76.33,Seer Fish,606.64,3686.6,164.55,26.55,33.82,3.52,0.9,163.2,5.0,26.11,2.21,0.321,0.051,observed_and_verified_proxy
2020-09-01,2020,9,3,Alappuzha,South,9.49,76.33,Seer Fish,624.02,3290.1,189.67,26.93,32.58,3.06,0.6,461.1,4.88,26.2,1.36,0.29,0.0,observed_and_verified_proxy
2020-10-01,2020,10,4,Alappuzha,South,9.49,76.33,Seer Fish,808.94,5231.3,154.64,27.07,33.91,1.82,0.3,142.5,4.37,26.13,1.05,0.513,0.323,observed_and_verified_proxy
2020-11-01,2020,11,4,Alappuzha,South,9.49,76.33,Seer Fish,862.54,6022.1,143.23,27.14,33.71,1.37,0.12,190.5,3.12,26.87,1.0,0.605,0.468,observed_and_verified_proxy
2020-12-01,2020,12,4,Alappuzha,South,9.49,76.33,Seer Fish,825.94,6001.7,137.62,27.51,34.27,1.04,0.06,54.3,4.05,26.03,1.0,0.593,0.466,observed_and_verified_proxy
2020-01-01,2020,1,1,Kollam,South,8.89,76.6,Seer Fish,441.49,4613.2,95.7,28.14,34.34,0.99,0.05,39.0,3.23,26.6,1.0,0.368,0.266,observed_and_verified_proxy
2020-02-01,2020,2,1,Kollam,South,8.89,76.6,Seer Fish,461.55,4644.8,99.37,28.86,34.45,1.09,0.1,11.1,3.21,28.42,1.0,0.379,0.272,observed_and_verified_proxy
2020-03-01,2020,3,1,Kollam,South,8.89,76.6,Seer Fish,461.75,4487.3,102.9,29.49,34.4,1.39,0.2,25.2,2.61,29.82,1.0,0.366,0.248,observed_and_verified_proxy
2020-04-01,2020,4,2,Kollam,South,8.89,76.6,Seer Fish,285.8,2928.1,97.61,29.85,34.12,1.89,0.35,91.2,2.65,30.11,1.05,0.181,0.019,observed_and_verified_proxy
2020-05-01,2020,5,2,Kollam,South,8.89,76.6,Seer Fish,285.37,2769.1,103.06,29.77,33.21,3.01,0.65,310.2,4.09,28.54,1.36,0.171,0.0,observed_and_verified_proxy
2020-06-01,2020,6,2,Kollam,South,8.89,76.6,Seer Fish,264.59,2702.1,97.92,28.91,33.52,3.75,0.95,234.9,5.18,27.03,2.21,0.159,0.0,observed_and_verified_proxy
2020-07-01,2020,7,3,Kollam,South,8.89,76.6,Seer Fish,574.43,3209.0,179.01,27.27,33.76,3.82,1.0,177.9,4.74,26.01,2.8,0.292,0.0,observed_and_verified_proxy
2020-08-01,2020,8,3,Kollam,South,8.89,76.6,Seer Fish,537.82,3516.3,152.95,26.55,33.82,3.52,0.9,163.2,5.0,26.11,2.21,0.31,0.063,observed_and_verified_proxy
2020-09-01,2020,9,3,Kollam,South,8.89,76.6,Seer Fish,570.78,3517.9,162.25,26.93,32.58,3.06,0.6,461.1,4.88,26.2,1.36,0.319,0.054,observed_and_verified_proxy
2020-10-01,2020,10,4,Kollam,South,8.89,76.6,Seer Fish,806.14,5570.0,144.73,27.07,33.91,1.82,0.3,142.5,4.37,26.13,1.05,0.585,0.438,observed_and_verified_proxy
2020-11-01,2020,11,4,Kollam,South,8.89,76.6,Seer Fish,810.59,5167.4,156.87,27.14,33.71,1.37,0.12,190.5,3.12,26.87,1.0,0.544,0.358,observed_and_verified_proxy
2020-12-01,2020,12,4,Kollam,South,8.89,76.6,Seer Fish,807.29,5084.2,158.79,27.51,34.27,1.04,0.06,54.3,4.05,26.03,1.0,0.534,0.341,observed_and_verified_proxy
2020-01-01,2020,1,1,Kannur,North,11.87,75.37,Seer Fish,363.81,3385.1,107.47,28.14,34.49,0.94,0.05,3.0,2.23,27.11,1.0,0.309,0.162,observed_and_verified_proxy
2020-02-01,2020,2,1,Kannur,North,11.87,75.37,Seer Fish,359.21,3527.6,101.83,28.86,34.48,1.09,0.1,4.2,2.53,28.28,1.0,0.319,0.189,observed_and_verified_proxy
2020-03-01,2020,3,1,Kannur,North,11.87,75.37,Seer Fish,350.2,3304.9,105.96,29.49,34.43,1.38,0.2,15.9,2.7,29.15,1.0,0.295,0.148,observed_and_verified_proxy
2020-04-01,2020,4,2,Kannur,North,11.87,75.37,Seer Fish,207.33,2023.7,102.45,29.85,34.28,1.84,0.35,51.9,2.45,29.62,1.05,0.128,0.0,observed_and_verified_proxy
2020-05-01,2020,5,2,Kannur,North,11.87,75.37,Seer Fish,207.98,2210.4,94.09,29.77,33.77,2.84,0.65,175.5,2.97,28.61,1.36,0.141,0.0,observed_and_verified_proxy
2020-06-01,2020,6,2,Kannur,North,11.87,75.37,Seer Fish,210.94,2297.2,91.82,28.91,32.77,3.98,0.95,415.8,3.31,26.7,2.21,0.148,0.0,observed_and_verified_proxy
2020-07-01,2020,7,3,Kannur,North,11.87,75.37,Seer Fish,435.85,2646.1,164.71,27.27,32.43,4.22,1.0,497.7,3.3,25.63,2.8,0.267,0.0,observed_and_verified_proxy
2020-08-01,2020,8,3,Kannur,North,11.87,75.37,Seer Fish,428.66,2778.8,154.26,26.55,32.38,3.96,0.9,508.8,3.43,25.75,2.21,0.278,0.018,observed_and_verified_proxy
2020-09-01,2020,9,3,Kannur,North,11.87,75.37,Seer Fish,425.27,2447.9,173.72,26.93,32.58,3.06,0.6,460.2,2.85,25.47,1.36,0.244,0.0,observed_and_verified_proxy
2020-10-01,2020,10,4,Kannur,North,11.87,75.37,Seer Fish,627.18,4445.1,141.1,27.07,33.63,1.9,0.3,209.7,2.64,25.74,1.05,0.535,0.382,observed_and_verified_proxy
2020-11-01,2020,11,4,Kannur,North,11.87,75.37,Seer Fish,611.47,4489.0,136.22,27.14,33.99,1.29,0.12,122.4,1.78,26.55,1.0,0.535,0.392,observed_and_verified_proxy
2020-12-01,2020,12,4,Kannur,North,11.87,75.37,Seer Fish,596.81,3926.8,151.99,27.51,34.29,1.03,0.06,49.5,1.74,26.47,1.0,0.462,0.263,observed_and_verified_proxy
2020-01-01,2020,1,1,Thiruvananthapuram,South,8.52,76.94,Seer Fish,298.21,2656.2,112.27,28.14,34.34,0.99,0.05,39.0,3.23,26.6,1.0,0.263,0.092,observed_and_verified_proxy
2020-02-01,2020,2,1,Thiruvananthapuram,South,8.52,76.94,Seer Fish,283.59,2602.8,108.95,28.86,34.45,1.09,0.1,11.1,3.21,28.42,1.0,0.249,0.082,observed_and_verified_proxy
2020-03-01,2020,3,1,Thiruvananthapuram,South,8.52,76.94,Seer Fish,299.19,2865.5,104.41,29.49,34.4,1.39,0.2,25.2,2.61,29.82,1.0,0.284,0.137,observed_and_verified_proxy
2020-04-01,2020,4,2,Thiruvananthapuram,South,8.52,76.94,Seer Fish,177.28,1736.6,102.08,29.85,34.12,1.89,0.35,91.2,2.65,30.11,1.05,0.12,0.0,observed_and_verified_proxy
2020-05-01,2020,5,2,Thiruvananthapuram,South,8.52,76.94,Seer Fish,170.05,1708.2,99.55,29.77,33.21,3.01,0.65,310.2,4.09,28.54,1.36,0.115,0.0,observed_and_verified_proxy
2020-06-01,2020,6,2,Thiruvananthapuram,South,8.52,76.94,Seer Fish,169.76,1736.2,97.78,28.91,33.52,3.75,0.95,234.9,5.18,27.03,2.21,0.116,0.0,observed_and_verified_proxy
2020-07-01,2020,7,3,Thiruvananthapuram,South,8.52,76.94,Seer Fish,350.91,2185.1,160.59,27.27,33.76,3.82,1.0,177.9,4.74,26.01,2.8,0.238,0.0,observed_and_verified_proxy
2020-08-01,2020,8,3,Thiruvananthapuram,South,8.52,76.94,Seer Fish,345.77,2250.4,153.65,26.55,33.82,3.52,0.9,163.2,5.0,26.11,2.21,0.243,0.0,observed_and_verified_proxy
2020-09-01,2020,9,3,Thiruvananthapuram,South,8.52,76.94,Seer Fish,355.52,2202.0,161.45,26.93,32.58,3.06,0.6,461.1,4.88,26.2,1.36,0.242,0.0,observed_and_verified_proxy
2020-10-01,2020,10,4,Thiruvananthapuram,South,8.52,76.94,Seer Fish,528.82,3587.5,147.41,27.07,33.91,1.82,0.3,142.5,4.37,26.13,1.05,0.488,0.307,observed_and_verified_proxy
2020-11-01,2020,11,4,Thiruvananthapuram,South,8.52,76.94,Seer Fish,517.43,3585.2,144.32,27.14,33.71,1.37,0.12,190.5,3.12,26.87,1.0,0.482,0.306,observed_and_verified_proxy
2020-12-01,2020,12,4,Thiruvananthapuram,South,8.52,76.94,Seer Fish,493.1,3240.3,152.18,27.51,34.27,1.04,0.06,54.3,4.05,26.03,1.0,0.426,0.215,observed_and_verified_proxy
2020-01-01,2020,1,1,Malappuram,North,11.07,76.07,Seer Fish,214.99,2153.3,99.84,28.14,34.49,0.94,0.05,3.0,2.23,27.11,1.0,0.22,0.064,observed_and_verified_proxy
2020-02-01,2020,2,1,Malappuram,North,11.07,76.07,Seer Fish,220.32,2014.4,109.37,28.86,34.48,1.09,0.1,4.2,2.53,28.28,1.0,0.21,0.029,observed_and_verified_proxy
2020-03-01,2020,3,1,Malappuram,North,11.07,76.07,Seer Fish,212.49,2061.9,103.05,29.49,34.43,1.38,0.2,15.9,2.7,29.15,1.0,0.209,0.043,observed_and_verified_proxy
2020-04-01,2020,4,2,Malappuram,North,11.07,76.07,Seer Fish,134.43,1454.8,92.41,29.85,34.28,1.84,0.35,51.9,2.45,29.62,1.05,0.105,0.0,observed_and_verified_proxy
2020-05-01,2020,5,2,Malappuram,North,11.07,76.07,Seer Fish,134.86,1305.3,103.31,29.77,33.77,2.84,0.65,175.5,2.97,28.61,1.36,0.094,0.0,observed_and_verified_proxy
2020-06-01,2020,6,2,Malappuram,North,11.07,76.07,Seer Fish,130.71,1301.4,100.43,28.91,32.77,3.98,0.95,415.8,3.31,26.7,2.21,0.092,0.0,observed_and_verified_proxy
2020-07-01,2020,7,3,Malappuram,North,11.07,76.07,Seer Fish,291.96,1623.7,179.81,27.27,32.43,4.22,1.0,497.7,3.3,25.63,2.8,0.204,0.0,observed_and_verified_proxy
2020-08-01,2020,8,3,Malappuram,North,11.07,76.07,Seer Fish,282.3,1633.4,172.83,26.55,32.38,3.96,0.9,508.8,3.43,25.75,2.21,0.2,0.0,observed_and_verified_proxy
2020-09-01,2020,9,3,Malappuram,North,11.07,76.07,Seer Fish,292.06,1652.0,176.79,26.93,32.58,3.06,0.6,460.2,2.85,25.47,1.36,0.207,0.0,observed_and_verified_proxy
2020-10-01,2020,10,4,Malappuram,North,11.07,76.07,Seer Fish,397.26,2600.0,152.79,27.07,33.63,1.9,0.3,209.7,2.64,25.74,1.05,0.392,0.169,observed_and_verified_proxy
2020-11-01,2020,11,4,Malappuram,North,11.07,76.07,Seer Fish,387.09,2607.3,148.47,27.14,33.99,1.29,0.12,122.4,1.78,26.55,1.0,0.387,0.173,observed_and_verified_proxy
2020-12-01,2020,12,4,Malappuram,North,11.07,76.07,Seer Fish,406.64,2463.4,165.07,27.51,34.29,1.03,0.06,49.5,1.74,26.47,1.0,0.376,0.122,observed_and_verified_proxy
2020-01-01,2020,1,1,Thrissur,Central,10.52,76.21,Seer Fish,164.04,1618.3,101.36,28.14,34.46,0.95,0.05,9.6,1.95,28.23,1.0,0.19,0.022,observed_and_verified_proxy
2020-02-01,2020,2,1,Thrissur,Central,10.52,76.21,Seer Fish,158.34,1523.6,103.93,28.86,34.39,1.11,0.1,26.4,2.31,29.48,1.0,0.175,0.0,observed_and_verified_proxy
2020-03-01,2020,3,1,Thrissur,Central,10.52,76.21,Seer Fish,165.1,1555.9,106.11,29.49,34.28,1.42,0.2,51.6,2.66,29.9,1.0,0.184,0.003,observed_and_verified_proxy
2020-04-01,2020,4,2,Thrissur,Central,10.52,76.21,Seer Fish,93.64,970.2,96.52,29.85,34.1,1.9,0.35,96.9,2.61,30.13,1.05,0.073,0.0,observed_and_verified_proxy
2020-05-01,2020,5,2,Thrissur,Central,10.52,76.21,Seer Fish,98.45,964.5,102.08,29.77,33.48,2.93,0.65,245.7,3.48,29.0,1.36,0.076,0.0,observed_and_verified_proxy
2020-06-01,2020,6,2,Thrissur,Central,10.52,76.21,Seer Fish,94.74,907.0,104.46,28.91,32.84,3.96,0.95,398.4,3.99,27.33,2.21,0.069,0.0,observed_and_verified_proxy
2020-07-01,2020,7,3,Thrissur,Central,10.52,76.21,Seer Fish,204.3,1265.3,161.46,27.27,32.4,4.23,1.0,505.2,3.71,26.19,2.8,0.175,0.0,observed_and_verified_proxy
2020-08-01,2020,8,3,Thrissur,Central,10.52,76.21,Seer Fish,192.36,1126.2,170.8,26.55,32.73,3.85,0.9,425.1,3.84,26.39,2.21,0.149,0.0,observed_and_verified_proxy
2020-09-01,2020,9,3,Thrissur,Central,10.52,76.21,Seer Fish,192.4,1131.3,170.07,26.93,32.41,3.11,0.6,502.5,3.59,26.3,1.36,0.15,0.0,observed_and_verified_proxy
2020-10-01,2020,10,4,Thrissur,Central,10.52,76.21,Seer Fish,294.97,1987.8,148.39,27.07,33.48,1.95,0.3,246.0,3.29,26.48,1.05,0.351,0.127,observed_and_verified_proxy
2020-11-01,2020,11,4,Thrissur,Central,10.52,76.21,Seer Fish,271.52,1910.1,142.15,27.14,33.85,1.33,0.12,155.1,1.92,27.56,1.0,0.32,0.1,observed_and_verified_proxy
2020-12-01,2020,12,4,Thrissur,Central,10.52,76.21,Seer Fish,282.55,1929.0,146.47,27.51,34.12,1.08,0.06,90.0,2.02,27.02,1.0,0.332,0.106,observed_and_verified_proxy
2020-01-01,2020,1,1,Kasaragod,North,12.5,74.99,Seer Fish,98.6,949.6,103.83,28.14,34.49,0.94,0.05,3.0,2.23,27.11,1.0,0.124,0.0,observed_and_verified_proxy
2020-02-01,2020,2,1,Kasaragod,North,12.5,74.99,Seer Fish,96.34,881.2,109.33,28.86,34.48,1.09,0.1,4.2,2.53,28.28,1.0,0.113,0.0,observed_and_verified_proxy
2020-03-01,2020,3,1,Kasaragod,North,12.5,74.99,Seer Fish,99.16,958.2,103.49,29.49,34.43,1.38,0.2,15.9,2.7,29.15,1.0,0.126,0.0,observed_and_verified_proxy
2020-04-01,2020,4,2,Kasaragod,North,12.5,74.99,Seer Fish,57.04,558.1,102.2,29.85,34.28,1.84,0.35,51.9,2.45,29.62,1.05,0.05,0.0,observed_and_verified_proxy
2020-05-01,2020,5,2,Kasaragod,North,12.5,74.99,Seer Fish,60.23,548.9,109.74,29.77,33.77,2.84,0.65,175.5,2.97,28.61,1.36,0.05,0.0,observed_and_verified_proxy
2020-06-01,2020,6,2,Kasaragod,North,12.5,74.99,Seer Fish,55.97,547.1,102.3,28.91,32.77,3.98,0.95,415.8,3.31,26.7,2.21,0.05,0.0,observed_and_verified_proxy
2020-07-01,2020,7,3,Kasaragod,North,12.5,74.99,Seer Fish,120.63,727.7,165.76,27.27,32.43,4.22,1.0,497.7,3.3,25.63,2.8,0.112,0.0,observed_and_verified_proxy
2020-08-01,2020,8,3,Kasaragod,North,12.5,74.99,Seer Fish,120.5,734.8,163.98,26.55,32.38,3.96,0.9,508.8,3.43,25.75,2.21,0.113,0.0,observed_and_verified_proxy
2020-09-01,2020,9,3,Kasaragod,North,12.5,74.99,Seer Fish,117.83,690.8,170.56,26.93,32.58,3.06,0.6,460.2,2.85,25.47,1.36,0.105,0.0,observed_and_verified_proxy
2020-10-01,2020,10,4,Kasaragod,North,12.5,74.99,Seer Fish,173.79,1199.8,144.85,27.07,33.63,1.9,0.3,209.7,2.64,25.74,1.05,0.246,0.0,observed_and_verified_proxy
2020-11-01,2020,11,4,Kasaragod,North,12.5,74.99,Seer Fish,172.74,1149.7,150.25,27.14,33.99,1.29,0.12,122.4,1.78,26.55,1.0,0.234,0.0,observed_and_verified_proxy
2020-12-01,2020,12,4,Kasaragod,North,12.5,74.99,Seer Fish,161.28,1153.2,139.85,27.51,34.29,1.03,0.06,49.5,1.74,26.47,1.0,0.223,0.0,observed_and_verified_proxy
2021-01-01,2021,1,1,Kozhikode,North,11.25,75.78,Seer Fish,930.21,5764.1,161.38,28.14,34.15,1.04,0.05,83.7,1.78,26.71,1.0,0.47,0.252,observed_and_verified_proxy
2021-02-01,2021,2,1,Kozhikode,North,11.25,75.78,Seer Fish,931.24,5833.6,159.63,28.86,34.41,1.11,0.1,21.9,2.28,27.3,1.0,0.476,0.264,observed_and_verified_proxy
2021-03-01,2021,3,1,Kozhikode,North,11.25,75.78,Seer Fish,943.32,6156.5,153.22,29.49,34.28,1.42,0.2,51.9,2.16,28.65,1.0,0.504,0.315,observed_and_verified_proxy
2021-04-01,2021,4,2,Kozhikode,North,11.25,75.78,Seer Fish,590.36,3645.8,161.93,29.85,34.15,1.88,0.35,83.4,2.36,28.59,1.05,0.247,0.0,observed_and_verified_proxy
2021-05-01,2021,5,2,Kozhikode,North,11.25,75.78,Seer Fish,564.61,3432.2,164.51,29.77,32.99,3.07,0.65,363.0,2.76,27.58,1.36,0.228,0.0,observed_and_verified_proxy
2021-06-01,2021,6,2,Kozhikode,North,11.25,75.78,Seer Fish,567.53,3709.9,152.98,28.91,33.17,3.86,0.95,318.9,3.35,26.66,2.21,0.247,0.0,observed_and_verified_proxy
2021-07-01,2021,7,3,Kozhikode,North,11.25,75.78,Seer Fish,1114.09,4182.3,266.38,27.27,32.49,4.2,1.0,483.3,3.75,25.72,2.8,0.362,0.0,observed_and_verified_proxy
2021-08-01,2021,8,3,Kozhikode,North,11.25,75.78,Seer Fish,1169.39,4869.2,240.16,26.55,33.16,3.72,0.9,320.7,2.96,25.44,2.21,0.427,0.022,observed_and_verified_proxy
2021-09-01,2021,9,3,Kozhikode,North,11.25,75.78,Seer Fish,1204.01,4637.9,259.6,26.93,33.35,2.82,0.6,275.1,2.96,25.8,1.36,0.411,0.0,observed_and_verified_proxy
2021-10-01,2021,10,4,Kozhikode,North,11.25,75.78,Seer Fish,1717.57,6946.9,247.24,27.07,32.45,2.25,0.3,492.0,2.28,26.16,1.0,0.674,0.327,observed_and_verified_proxy
2021-11-01,2021,11,4,Kozhikode,North,11.25,75.78,Seer Fish,1713.24,6675.8,256.63,27.14,33.14,1.54,0.12,327.0,2.2,25.91,0.83,0.648,0.272,observed_and_verified_proxy
2021-12-01,2021,12,4,Kozhikode,North,11.25,75.78,Seer Fish,1644.02,6920.6,237.55,27.51,34.42,0.99,0.06,18.0,1.69,25.88,0.63,0.665,0.337,observed_and_verified_proxy
2021-01-01,2021,1,1,Ernakulam,Central,9.98,76.28,Seer Fish,793.34,5217.3,152.06,28.14,33.99,1.09,0.05,123.3,1.88,27.1,1.0,0.448,0.245,observed_and_verified_proxy
2021-02-01,2021,2,1,Ernakulam,Central,9.98,76.28,Seer Fish,808.98,5516.6,146.64,28.86,34.47,1.09,0.1,8.4,2.03,28.09,1.0,0.478,0.295,observed_and_verified_proxy
2021-03-01,2021,3,1,Ernakulam,Central,9.98,76.28,Seer Fish,817.71,5532.0,147.81,29.49,34.2,1.45,0.2,71.4,2.25,29.67,1.0,0.481,0.297,observed_and_verified_proxy
2021-04-01,2021,4,2,Ernakulam,Central,9.98,76.28,Seer Fish,534.93,3138.1,170.46,29.85,34.0,1.93,0.35,120.3,2.36,28.78,1.05,0.227,0.0,observed_and_verified_proxy
2021-05-01,2021,5,2,Ernakulam,Central,9.98,76.28,Seer Fish,536.35,3560.9,150.62,29.77,32.16,3.32,0.65,561.3,3.23,28.04,1.36,0.258,0.001,observed_and_verified_proxy
2021-06-01,2021,6,2,Ernakulam,Central,9.98,76.28,Seer Fish,497.65,3217.2,154.68,28.91,33.12,3.87,0.95,330.9,3.97,27.27,2.21,0.225,0.0,observed_and_verified_proxy
2021-07-01,2021,7,3,Ernakulam,Central,9.98,76.28,Seer Fish,1065.83,3966.1,268.74,27.27,32.73,4.13,1.0,424.5,4.24,26.35,2.8,0.378,0.0,observed_and_verified_proxy
2021-08-01,2021,8,3,Ernakulam,Central,9.98,76.28,Seer Fish,1021.74,4146.1,246.43,26.55,32.95,3.79,0.9,372.0,3.45,26.05,2.21,0.39,0.0,observed_and_verified_proxy
2021-09-01,2021,9,3,Ernakulam,Central,9.98,76.28,Seer Fish,1049.16,4163.4,252.0,26.93,33.25,2.86,0.6,300.9,3.55,26.5,1.36,0.395,0.0,observed_and_verified_proxy
2021-10-01,2021,10,4,Ernakulam,Central,9.98,76.28,Seer Fish,1501.76,6619.4,226.87,27.07,32.29,2.3,0.3,530.1,2.94,26.63,1.3,0.696,0.4,observed_and_verified_proxy
2021-11-01,2021,11,4,Ernakulam,Central,9.98,76.28,Seer Fish,1453.28,6762.6,214.9,27.14,32.71,1.67,0.12,428.7,2.74,26.41,1.04,0.705,0.439,observed_and_verified_proxy
2021-12-01,2021,12,4,Ernakulam,Central,9.98,76.28,Seer Fish,1504.51,6113.7,246.09,27.51,34.32,1.02,0.06,43.8,1.85,26.68,0.78,0.643,0.289,observed_and_verified_proxy
2021-01-01,2021,1,1,Alappuzha,South,9.49,76.33,Seer Fish,767.71,4542.7,169.0,28.14,33.57,1.22,0.05,223.8,3.71,25.84,1.0,0.437,0.192,observed_and_verified_proxy
2021-02-01,2021,2,1,Alappuzha,South,9.49,76.33,Seer Fish,722.31,4563.0,158.3,28.86,34.48,1.09,0.1,5.1,3.46,26.74,1.0,0.428,0.205,observed_and_verified_proxy
2021-03-01,2021,3,1,Alappuzha,South,9.49,76.33,Seer Fish,710.31,4873.3,145.75,29.49,34.23,1.44,0.2,64.2,2.84,28.46,1.0,0.454,0.266,observed_and_verified_proxy
2021-04-01,2021,4,2,Alappuzha,South,9.49,76.33,Seer Fish,457.78,2900.8,157.81,29.85,34.02,1.93,0.35,116.4,3.02,28.66,1.05,0.22,0.0,observed_and_verified_proxy
2021-05-01,2021,5,2,Alappuzha,South,9.49,76.33,Seer Fish,459.21,2711.7,169.35,29.77,31.97,3.38,0.65,607.2,4.13,27.77,1.36,0.206,0.0,observed_and_verified_proxy
2021-06-01,2021,6,2,Alappuzha,South,9.49,76.33,Seer Fish,453.12,2966.1,152.77,28.91,34.03,3.6,0.95,113.4,5.13,26.94,2.21,0.224,0.0,observed_and_verified_proxy
2021-07-01,2021,7,3,Alappuzha,South,9.49,76.33,Seer Fish,894.05,3425.2,261.02,27.27,33.66,3.85,1.0,202.5,5.74,26.29,2.8,0.349,0.0,observed_and_verified_proxy
2021-08-01,2021,8,3,Alappuzha,South,9.49,76.33,Seer Fish,875.63,3500.6,250.14,26.55,33.85,3.51,0.9,155.1,5.17,25.99,2.21,0.354,0.0,observed_and_verified_proxy
2021-09-01,2021,9,3,Alappuzha,South,9.49,76.33,Seer Fish,942.25,3749.2,251.32,26.93,33.62,2.75,0.6,212.4,5.09,26.37,1.36,0.389,0.0,observed_and_verified_proxy
2021-10-01,2021,10,4,Alappuzha,South,9.49,76.33,Seer Fish,1250.87,5220.4,239.61,27.07,32.72,2.17,0.3,427.5,3.83,26.43,1.48,0.592,0.237,observed_and_verified_proxy
2021-11-01,2021,11,4,Alappuzha,South,9.49,76.33,Seer Fish,1302.37,5908.5,220.43,27.14,32.61,1.7,0.12,452.7,3.64,26.05,1.2,0.678,0.391,observed_and_verified_proxy
2021-12-01,2021,12,4,Alappuzha,South,9.49,76.33,Seer Fish,1313.39,5758.4,228.08,27.51,34.23,1.05,0.06,64.8,3.48,25.76,0.86,0.662,0.354,observed_and_verified_proxy
2021-01-01,2021,1,1,Kollam,South,8.89,76.6,Seer Fish,715.92,4023.7,177.93,28.14,33.57,1.22,0.05,223.8,3.71,25.84,1.0,0.403,0.128,observed_and_verified_proxy
2021-02-01,2021,2,1,Kollam,South,8.89,76.6,Seer Fish,699.82,4223.2,165.71,28.86,34.48,1.09,0.1,5.1,3.46,26.74,1.0,0.419,0.176,observed_and_verified_proxy
2021-03-01,2021,3,1,Kollam,South,8.89,76.6,Seer Fish,654.73,4047.0,161.78,29.49,34.23,1.44,0.2,64.2,2.84,28.46,1.0,0.39,0.148,observed_and_verified_proxy
2021-04-01,2021,4,2,Kollam,South,8.89,76.6,Seer Fish,438.26,2880.6,152.14,29.85,34.02,1.93,0.35,116.4,3.02,28.66,1.05,0.229,0.0,observed_and_verified_proxy
2021-05-01,2021,5,2,Kollam,South,8.89,76.6,Seer Fish,442.39,2941.6,150.39,29.77,31.97,3.38,0.65,607.2,4.13,27.77,1.36,0.235,0.0,observed_and_verified_proxy
2021-06-01,2021,6,2,Kollam,South,8.89,76.6,Seer Fish,402.96,2894.8,139.2,28.91,34.03,3.6,0.95,113.4,5.13,26.94,2.21,0.22,0.0,observed_and_verified_proxy
2021-07-01,2021,7,3,Kollam,South,8.89,76.6,Seer Fish,822.61,3540.6,232.34,27.27,33.66,3.85,1.0,202.5,5.74,26.29,2.8,0.375,0.0,observed_and_verified_proxy
2021-08-01,2021,8,3,Kollam,South,8.89,76.6,Seer Fish,840.99,3153.6,266.68,26.55,33.85,3.51,0.9,155.1,5.17,25.99,2.21,0.336,0.0,observed_and_verified_proxy
2021-09-01,2021,9,3,Kollam,South,8.89,76.6,Seer Fish,843.66,3312.3,254.7,26.93,33.62,2.75,0.6,212.4,5.09,26.37,1.36,0.354,0.0,observed_and_verified_proxy
2021-10-01,2021,10,4,Kollam,South,8.89,76.6,Seer Fish,1198.41,5205.5,230.22,27.07,32.72,2.17,0.3,427.5,3.83,26.43,1.48,0.625,0.3,observed_and_verified_proxy
2021-11-01,2021,11,4,Kollam,South,8.89,76.6,Seer Fish,1224.59,5220.2,234.59,27.14,32.61,1.7,0.12,452.7,3.64,26.05,1.2,0.63,0.298,observed_and_verified_proxy
2021-12-01,2021,12,4,Kollam,South,8.89,76.6,Seer Fish,1202.27,5446.2,220.75,27.51,34.23,1.05,0.06,64.8,3.48,25.76,0.86,0.654,0.36,observed_and_verified_proxy
2021-01-01,2021,1,1,Kannur,North,11.87,75.37,Seer Fish,552.35,3625.7,152.34,28.14,34.15,1.04,0.05,83.7,1.78,26.71,1.0,0.412,0.197,observed_and_verified_proxy
2021-02-01,2021,2,1,Kannur,North,11.87,75.37,Seer Fish,553.33,3617.2,152.97,28.86,34.41,1.11,0.1,21.9,2.28,27.3,1.0,0.411,0.195,observed_and_verified_proxy
2021-03-01,2021,3,1,Kannur,North,11.87,75.37,Seer Fish,559.82,3174.7,176.34,29.49,34.28,1.42,0.2,51.9,2.16,28.65,1.0,0.363,0.08,observed_and_verified_proxy
2021-04-01,2021,4,2,Kannur,North,11.87,75.37,Seer Fish,324.04,2075.6,156.12,29.85,34.15,1.88,0.35,83.4,2.36,28.59,1.05,0.177,0.0,observed_and_verified_proxy
2021-05-01,2021,5,2,Kannur,North,11.87,75.37,Seer Fish,329.8,2228.8,147.97,29.77,32.99,3.07,0.65,363.0,2.76,27.58,1.36,0.192,0.0,observed_and_verified_proxy
2021-06-01,2021,6,2,Kannur,North,11.87,75.37,Seer Fish,344.83,2168.8,158.99,28.91,33.17,3.86,0.95,318.9,3.35,26.66,2.21,0.192,0.0,observed_and_verified_proxy
2021-07-01,2021,7,3,Kannur,North,11.87,75.37,Seer Fish,686.18,2823.2,243.05,27.27,32.49,4.2,1.0,483.3,3.75,25.72,2.8,0.353,0.0,observed_and_verified_proxy
2021-08-01,2021,8,3,Kannur,North,11.87,75.37,Seer Fish,668.89,2629.2,254.41,26.55,33.16,3.72,0.9,320.7,2.96,25.44,2.21,0.326,0.0,observed_and_verified_proxy
2021-09-01,2021,9,3,Kannur,North,11.87,75.37,Seer Fish,671.11,2808.2,238.98,26.93,33.35,2.82,0.6,275.1,2.96,25.8,1.36,0.348,0.0,observed_and_verified_proxy
2021-10-01,2021,10,4,Kannur,North,11.87,75.37,Seer Fish,960.83,4060.2,236.65,27.07,32.45,2.25,0.3,492.0,2.28,26.16,1.0,0.578,0.226,observed_and_verified_proxy
2021-11-01,2021,11,4,Kannur,North,11.87,75.37,Seer Fish,972.62,4153.0,234.2,27.14,33.14,1.54,0.12,327.0,2.2,25.91,0.83,0.594,0.251,observed_and_verified_proxy
2021-12-01,2021,12,4,Kannur,North,11.87,75.37,Seer Fish,977.2,4138.6,236.12,27.51,34.42,0.99,0.06,18.0,1.69,25.88,0.63,0.593,0.246,observed_and_verified_proxy
2021-01-01,2021,1,1,Thiruvananthapuram,South,8.52,76.94,Seer Fish,432.83,2587.6,167.27,28.14,33.57,1.22,0.05,223.8,3.71,25.84,1.0,0.318,0.041,observed_and_verified_proxy
2021-02-01,2021,2,1,Thiruvananthapuram,South,8.52,76.94,Seer Fish,432.76,2563.6,168.81,28.86,34.48,1.09,0.1,5.1,3.46,26.74,1.0,0.315,0.034,observed_and_verified_proxy
2021-03-01,2021,3,1,Thiruvananthapuram,South,8.52,76.94,Seer Fish,459.26,2966.0,154.84,29.49,34.23,1.44,0.2,64.2,2.84,28.46,1.0,0.376,0.144,observed_and_verified_proxy
2021-04-01,2021,4,2,Thiruvananthapuram,South,8.52,76.94,Seer Fish,266.5,1802.3,147.86,29.85,34.02,1.93,0.35,116.4,3.02,28.66,1.05,0.166,0.0,observed_and_verified_proxy
2021-05-01,2021,5,2,Thiruvananthapuram,South,8.52,76.94,Seer Fish,283.17,1696.3,166.94,29.77,31.97,3.38,0.65,607.2,4.13,27.77,1.36,0.162,0.0,observed_and_verified_proxy
2021-06-01,2021,6,2,Thiruvananthapuram,South,8.52,76.94,Seer Fish,259.4,1761.6,147.25,28.91,34.03,3.6,0.95,113.4,5.13,26.94,2.21,0.159,0.0,observed_and_verified_proxy
2021-07-01,2021,7,3,Thiruvananthapuram,South,8.52,76.94,Seer Fish,530.39,1994.3,265.95,27.27,33.66,3.85,1.0,202.5,5.74,26.29,2.8,0.272,0.0,observed_and_verified_proxy
2021-08-01,2021,8,3,Thiruvananthapuram,South,8.52,76.94,Seer Fish,549.88,2124.0,258.89,26.55,33.85,3.51,0.9,155.1,5.17,25.99,2.21,0.294,0.0,observed_and_verified_proxy
2021-09-01,2021,9,3,Thiruvananthapuram,South,8.52,76.94,Seer Fish,570.4,2182.9,261.31,26.93,33.62,2.75,0.6,212.4,5.09,26.37,1.36,0.308,0.0,observed_and_verified_proxy
2021-10-01,2021,10,4,Thiruvananthapuram,South,8.52,76.94,Seer Fish,800.17,3257.8,245.62,27.07,32.72,2.17,0.3,427.5,3.83,26.43,1.48,0.53,0.144,observed_and_verified_proxy
2021-11-01,2021,11,4,Thiruvananthapuram,South,8.52,76.94,Seer Fish,753.13,3463.7,217.44,27.14,32.61,1.7,0.12,452.7,3.64,26.05,1.2,0.551,0.233,observed_and_verified_proxy
2021-12-01,2021,12,4,Thiruvananthapuram,South,8.52,76.94,Seer Fish,748.14,3354.7,223.01,27.51,34.23,1.05,0.06,64.8,3.48,25.76,0.86,0.532,0.196,observed_and_verified_proxy
2021-01-01,2021,1,1,Malappuram,North,11.07,76.07,Seer Fish,353.37,2021.4,174.81,28.14,34.15,1.04,0.05,83.7,1.78,26.71,1.0,0.285,0.0,observed_and_verified_proxy
2021-02-01,2021,2,1,Malappuram,North,11.07,76.07,Seer Fish,332.2,2262.6,146.82,28.86,34.41,1.11,0.1,21.9,2.28,27.3,1.0,0.307,0.073,observed_and_verified_proxy
2021-03-01,2021,3,1,Malappuram,North,11.07,76.07,Seer Fish,337.1,2238.8,150.57,29.49,34.28,1.42,0.2,51.9,2.16,28.65,1.0,0.307,0.064,observed_and_verified_proxy
2021-04-01,2021,4,2,Malappuram,North,11.07,76.07,Seer Fish,203.55,1280.9,158.91,29.85,34.15,1.88,0.35,83.4,2.36,28.59,1.05,0.126,0.0,observed_and_verified_proxy
2021-05-01,2021,5,2,Malappuram,North,11.07,76.07,Seer Fish,221.19,1387.3,159.44,29.77,32.99,3.07,0.65,363.0,2.76,27.58,1.36,0.145,0.0,observed_and_verified_proxy
2021-06-01,2021,6,2,Malappuram,North,11.07,76.07,Seer Fish,214.97,1343.1,160.06,28.91,33.17,3.86,0.95,318.9,3.35,26.66,2.21,0.137,0.0,observed_and_verified_proxy
2021-07-01,2021,7,3,Malappuram,North,11.07,76.07,Seer Fish,424.34,1796.9,236.15,27.27,32.49,4.2,1.0,483.3,3.75,25.72,2.8,0.281,0.0,observed_and_verified_proxy
2021-08-01,2021,8,3,Malappuram,North,11.07,76.07,Seer Fish,412.79,1726.7,239.06,26.55,33.16,3.72,0.9,320.7,2.96,25.44,2.21,0.266,0.0,observed_and_verified_proxy
2021-09-01,2021,9,3,Malappuram,North,11.07,76.07,Seer Fish,420.21,1568.5,267.9,26.93,33.35,2.82,0.6,275.1,2.96,25.8,1.36,0.244,0.0,observed_and_verified_proxy
2021-10-01,2021,10,4,Malappuram,North,11.07,76.07,Seer Fish,603.52,2722.9,221.65,27.07,32.45,2.25,0.3,492.0,2.28,26.16,1.0,0.507,0.166,observed_and_verified_proxy
2021-11-01,2021,11,4,Malappuram,North,11.07,76.07,Seer Fish,636.07,2470.4,257.47,27.14,33.14,1.54,0.12,327.0,2.2,25.91,0.83,0.47,0.039,observed_and_verified_proxy
2021-12-01,2021,12,4,Malappuram,North,11.07,76.07,Seer Fish,612.49,2650.8,231.06,27.51,34.42,0.99,0.06,18.0,1.69,25.88,0.63,0.496,0.132,observed_and_verified_proxy
2021-01-01,2021,1,1,Thrissur,Central,10.52,76.21,Seer Fish,243.82,1437.3,169.63,28.14,33.99,1.09,0.05,123.3,1.88,27.1,1.0,0.224,0.0,observed_and_verified_proxy
2021-02-01,2021,2,1,Thrissur,Central,10.52,76.21,Seer Fish,242.14,1576.6,153.59,28.86,34.47,1.09,0.1,8.4,2.03,28.09,1.0,0.245,0.0,observed_and_verified_proxy
2021-03-01,2021,3,1,Thrissur,Central,10.52,76.21,Seer Fish,237.17,1506.9,157.39,29.49,34.2,1.45,0.2,71.4,2.25,29.67,1.0,0.231,0.0,observed_and_verified_proxy
2021-04-01,2021,4,2,Thrissur,Central,10.52,76.21,Seer Fish,154.4,974.6,158.42,29.85,34.0,1.93,0.35,120.3,2.36,28.78,1.05,0.11,0.0,observed_and_verified_proxy
2021-05-01,2021,5,2,Thrissur,Central,10.52,76.21,Seer Fish,149.46,916.9,163.01,29.77,32.16,3.32,0.65,561.3,3.23,28.04,1.36,0.1,0.0,observed_and_verified_proxy
2021-06-01,2021,6,2,Thrissur,Central,10.52,76.21,Seer Fish,143.73,925.2,155.34,28.91,33.12,3.87,0.95,330.9,3.97,27.27,2.21,0.098,0.0,observed_and_verified_proxy
2021-07-01,2021,7,3,Thrissur,Central,10.52,76.21,Seer Fish,301.98,1166.6,258.86,27.27,32.73,4.13,1.0,424.5,4.24,26.35,2.8,0.209,0.0,observed_and_verified_proxy
2021-08-01,2021,8,3,Thrissur,Central,10.52,76.21,Seer Fish,318.12,1159.6,274.34,26.55,32.95,3.79,0.9,372.0,3.45,26.05,2.21,0.215,0.0,observed_and_verified_proxy
2021-09-01,2021,9,3,Thrissur,Central,10.52,76.21,Seer Fish,313.42,1193.1,262.7,26.93,33.25,2.86,0.6,300.9,3.55,26.5,1.36,0.219,0.0,observed_and_verified_proxy
2021-10-01,2021,10,4,Thrissur,Central,10.52,76.21,Seer Fish,440.89,2040.8,216.04,27.07,32.29,2.3,0.3,530.1,2.94,26.63,1.3,0.455,0.112,observed_and_verified_proxy
2021-11-01,2021,11,4,Thrissur,Central,10.52,76.21,Seer Fish,424.32,1885.8,225.01,27.14,32.71,1.67,0.12,428.7,2.74,26.41,1.04,0.412,0.036,observed_and_verified_proxy
2021-12-01,2021,12,4,Thrissur,Central,10.52,76.21,Seer Fish,419.41,1838.4,228.14,27.51,34.32,1.02,0.06,43.8,1.85,26.68,0.78,0.399,0.012,observed_and_verified_proxy
2021-01-01,2021,1,1,Kasaragod,North,12.5,74.99,Seer Fish,150.39,995.7,151.04,28.14,34.15,1.04,0.05,83.7,1.78,26.71,1.0,0.183,0.0,observed_and_verified_proxy
2021-02-01,2021,2,1,Kasaragod,North,12.5,74.99,Seer Fish,147.94,943.5,156.79,28.86,34.41,1.11,0.1,21.9,2.28,27.3,1.0,0.171,0.0,observed_and_verified_proxy
2021-03-01,2021,3,1,Kasaragod,North,12.5,74.99,Seer Fish,149.56,896.4,166.84,29.49,34.28,1.42,0.2,51.9,2.16,28.65,1.0,0.164,0.0,observed_and_verified_proxy
2021-04-01,2021,4,2,Kasaragod,North,12.5,74.99,Seer Fish,91.49,633.2,144.5,29.85,34.15,1.88,0.35,83.4,2.36,28.59,1.05,0.078,0.0,observed_and_verified_proxy
2021-05-01,2021,5,2,Kasaragod,North,12.5,74.99,Seer Fish,90.93,557.0,163.24,29.77,32.99,3.07,0.65,363.0,2.76,27.58,1.36,0.068,0.0,observed_and_verified_proxy
2021-06-01,2021,6,2,Kasaragod,North,12.5,74.99,Seer Fish,86.24,549.5,156.96,28.91,33.17,3.86,0.95,318.9,3.35,26.66,2.21,0.064,0.0,observed_and_verified_proxy
2021-07-01,2021,7,3,Kasaragod,North,12.5,74.99,Seer Fish,192.48,758.1,253.89,27.27,32.49,4.2,1.0,483.3,3.75,25.72,2.8,0.167,0.0,observed_and_verified_proxy
2021-08-01,2021,8,3,Kasaragod,North,12.5,74.99,Seer Fish,188.66,664.2,284.03,26.55,33.16,3.72,0.9,320.7,2.96,25.44,2.21,0.144,0.0,observed_and_verified_proxy
2021-09-01,2021,9,3,Kasaragod,North,12.5,74.99,Seer Fish,183.73,680.2,270.14,26.93,33.35,2.82,0.6,275.1,2.96,25.8,1.36,0.145,0.0,observed_and_verified_proxy
2021-10-01,2021,10,4,Kasaragod,North,12.5,74.99,Seer Fish,253.56,1189.6,213.15,27.07,32.45,2.25,0.3,492.0,2.28,26.16,1.0,0.318,0.0,observed_and_verified_proxy
2021-11-01,2021,11,4,Kasaragod,North,12.5,74.99,Seer Fish,252.08,1063.5,237.02,27.14,33.14,1.54,0.12,327.0,2.2,25.91,0.83,0.283,0.0,observed_and_verified_proxy
2021-12-01,2021,12,4,Kasaragod,North,12.5,74.99,Seer Fish,266.88,1155.2,231.02,27.51,34.42,0.99,0.06,18.0,1.69,25.88,0.63,0.319,0.0,observed_and_verified_proxy
2022-01-01,2022,1,1,Kozhikode,North,11.25,75.78,Seer Fish,1162.55,5624.5,206.69,28.14,34.45,0.96,0.05,12.3,2.16,25.96,0.65,0.493,0.181,observed_and_verified_proxy
2022-02-01,2022,2,1,Kozhikode,North,11.25,75.78,Seer Fish,1131.29,6216.7,181.98,28.86,34.48,1.08,0.1,3.9,2.31,27.38,0.66,0.54,0.298,observed_and_verified_proxy
2022-03-01,2022,3,1,Kozhikode,North,11.25,75.78,Seer Fish,1182.19,5528.7,213.83,29.49,34.31,1.42,0.2,45.9,2.37,28.67,0.63,0.487,0.158,observed_and_verified_proxy
2022-04-01,2022,4,2,Kozhikode,North,11.25,75.78,Seer Fish,702.45,3433.4,204.59,29.85,33.87,1.97,0.35,150.6,2.2,28.26,0.75,0.251,0.0,observed_and_verified_proxy
2022-05-01,2022,5,2,Kozhikode,North,11.25,75.78,Seer Fish,726.05,3502.0,207.33,29.77,33.13,3.03,0.65,327.6,3.28,27.17,1.17,0.26,0.0,observed_and_verified_proxy
2022-06-01,2022,6,2,Kozhikode,North,11.25,75.78,Seer Fish,674.58,3946.1,170.95,28.91,33.3,3.82,0.95,288.9,2.73,26.23,1.61,0.284,0.0,observed_and_verified_proxy
2022-07-01,2022,7,3,Kozhikode,North,11.25,75.78,Seer Fish,1400.4,4369.1,320.53,27.27,31.91,4.38,1.0,622.5,3.46,25.26,2.1,0.403,0.0,observed_and_verified_proxy
2022-08-01,2022,8,3,Kozhikode,North,11.25,75.78,Seer Fish,1413.95,4835.1,292.43,26.55,32.16,4.02,0.9,562.8,3.52,25.01,1.83,0.448,0.0,observed_and_verified_proxy
2022-09-01,2022,9,3,Kozhikode,North,11.25,75.78,Seer Fish,1435.7,4871.2,294.73,26.93,33.64,2.74,0.6,207.3,2.76,25.34,1.24,0.453,0.0,observed_and_verified_proxy
2022-10-01,2022,10,4,Kozhikode,North,11.25,75.78,Seer Fish,1944.98,7710.2,252.26,27.07,33.88,1.82,0.3,147.6,2.11,25.69,0.9,0.769,0.439,observed_and_verified_proxy
2022-11-01,2022,11,4,Kozhikode,North,11.25,75.78,Seer Fish,2053.93,7601.4,270.21,28.73,34.08,1.26,0.12,101.1,1.71,25.93,0.62,0.766,0.395,observed_and_verified_proxy
2022-12-01,2022,12,4,Kozhikode,North,11.25,75.78,Seer Fish,2065.44,7673.4,269.17,28.85,34.06,1.1,0.06,105.3,1.87,26.12,0.69,0.774,0.408,observed_and_verified_proxy
2022-01-01,2022,1,1,Ernakulam,Central,9.98,76.28,Seer Fish,1009.67,5263.1,191.84,28.14,34.43,0.96,0.05,17.4,2.14,27.4,0.77,0.493,0.215,observed_and_verified_proxy
2022-02-01,2022,2,1,Ernakulam,Central,9.98,76.28,Seer Fish,1065.69,5582.3,190.91,28.86,34.4,1.11,0.1,24.3,2.05,28.51,0.77,0.532,0.268,observed_and_verified_proxy
2022-03-01,2022,3,1,Ernakulam,Central,9.98,76.28,Seer Fish,1009.45,5391.9,187.22,29.49,34.18,1.45,0.2,75.9,2.36,29.65,0.78,0.505,0.24,observed_and_verified_proxy
2022-04-01,2022,4,2,Ernakulam,Central,9.98,76.28,Seer Fish,622.19,3331.7,186.75,29.85,33.31,2.14,0.35,286.5,2.2,28.36,0.91,0.259,0.0,observed_and_verified_proxy
2022-05-01,2022,5,2,Ernakulam,Central,9.98,76.28,Seer Fish,606.29,3405.2,178.05,29.77,32.72,3.15,0.65,426.6,3.63,27.62,1.51,0.261,0.0,observed_and_verified_proxy
2022-06-01,2022,6,2,Ernakulam,Central,9.98,76.28,Seer Fish,641.28,3363.7,190.65,28.91,33.16,3.86,0.95,321.3,3.21,26.75,1.82,0.265,0.0,observed_and_verified_proxy
2022-07-01,2022,7,3,Ernakulam,Central,9.98,76.28,Seer Fish,1336.51,3840.7,347.98,27.27,32.7,4.14,1.0,432.9,3.81,25.83,2.27,0.391,0.0,observed_and_verified_proxy
2022-08-01,2022,8,3,Ernakulam,Central,9.98,76.28,Seer Fish,1248.36,3776.4,330.56,26.55,32.41,3.95,0.9,501.9,3.92,25.68,2.08,0.378,0.0,observed_and_verified_proxy
2022-09-01,2022,9,3,Ernakulam,Central,9.98,76.28,Seer Fish,1242.91,3775.9,329.17,26.93,33.73,2.71,0.6,185.4,3.3,26.01,1.53,0.377,0.0,observed_and_verified_proxy
2022-10-01,2022,10,4,Ernakulam,Central,9.98,76.28,Seer Fish,1898.87,6760.2,280.89,27.07,33.63,1.9,0.3,207.6,2.51,26.39,1.16,0.749,0.35,observed_and_verified_proxy
2022-11-01,2022,11,4,Ernakulam,Central,9.98,76.28,Seer Fish,1739.26,6808.5,255.46,28.69,33.51,1.43,0.12,238.2,1.84,26.59,0.79,0.741,0.395,observed_and_verified_proxy
2022-12-01,2022,12,4,Ernakulam,Central,9.98,76.28,Seer Fish,1796.42,6452.2,278.42,28.82,33.95,1.13,0.06,133.2,1.97,27.06,0.87,0.707,0.3,observed_and_verified_proxy
2022-01-01,2022,1,1,Alappuzha,South,9.49,76.33,Seer Fish,914.58,4735.4,193.14,28.14,33.74,1.17,0.05,182.1,3.5,26.07,0.84,0.486,0.203,observed_and_verified_proxy
2022-02-01,2022,2,1,Alappuzha,South,9.49,76.33,Seer Fish,921.36,4916.8,187.39,28.86,34.37,1.12,0.1,32.4,3.02,27.4,0.83,0.506,0.241,observed_and_verified_proxy
2022-03-01,2022,3,1,Alappuzha,South,9.49,76.33,Seer Fish,880.48,4974.4,177.0,29.49,34.31,1.42,0.2,44.4,2.84,28.87,0.92,0.504,0.261,observed_and_verified_proxy
2022-04-01,2022,4,2,Alappuzha,South,9.49,76.33,Seer Fish,546.54,2793.1,195.68,29.85,33.65,2.04,0.35,205.2,2.35,28.53,1.06,0.232,0.0,observed_and_verified_proxy
2022-05-01,2022,5,2,Alappuzha,South,9.49,76.33,Seer Fish,544.58,2828.0,192.57,29.77,33.53,2.91,0.65,233.4,5.03,27.43,1.77,0.234,0.0,observed_and_verified_proxy
2022-06-01,2022,6,2,Alappuzha,South,9.49,76.33,Seer Fish,562.99,2965.9,189.82,28.91,33.92,3.63,0.95,138.0,4.83,26.55,1.99,0.249,0.0,observed_and_verified_proxy
2022-07-01,2022,7,3,Alappuzha,South,9.49,76.33,Seer Fish,1118.35,3292.1,339.7,27.27,33.87,3.79,1.0,150.3,5.44,25.78,2.43,0.361,0.0,observed_and_verified_proxy
2022-08-01,2022,8,3,Alappuzha,South,9.49,76.33,Seer Fish,1179.89,3585.2,329.1,26.55,33.59,3.59,0.9,218.7,5.31,25.57,2.23,0.4,0.0,observed_and_verified_proxy
2022-09-01,2022,9,3,Alappuzha,South,9.49,76.33,Seer Fish,1193.19,3586.1,332.72,26.93,34.2,2.57,0.6,71.7,4.69,25.93,1.71,0.401,0.0,observed_and_verified_proxy
2022-10-01,2022,10,4,Alappuzha,South,9.49,76.33,Seer Fish,1553.68,5462.2,284.44,27.07,33.69,1.88,0.3,195.6,3.48,26.26,1.36,0.656,0.221,observed_and_verified_proxy
2022-11-01,2022,11,4,Alappuzha,South,9.49,76.33,Seer Fish,1620.46,5388.6,300.72,28.6,33.82,1.34,0.12,163.5,2.36,26.24,0.93,0.654,0.181,observed_and_verified_proxy
2022-12-01,2022,12,4,Alappuzha,South,9.49,76.33,Seer Fish,1595.49,5242.7,304.32,28.75,34.12,1.08,0.06,91.8,3.28,26.48,0.99,0.634,0.147,observed_and_verified_proxy
2022-01-01,2022,1,1,Kollam,South,8.89,76.6,Seer Fish,825.86,4416.7,186.98,28.14,33.74,1.17,0.05,182.1,3.5,26.07,0.84,0.468,0.193,observed_and_verified_proxy
2022-02-01,2022,2,1,Kollam,South,8.89,76.6,Seer Fish,858.29,4559.8,188.23,28.86,34.37,1.12,0.1,32.4,3.02,27.4,0.83,0.49,0.219,observed_and_verified_proxy
2022-03-01,2022,3,1,Kollam,South,8.89,76.6,Seer Fish,811.15,4141.7,195.85,29.49,34.31,1.42,0.2,44.4,2.84,28.87,0.92,0.436,0.131,observed_and_verified_proxy
2022-04-01,2022,4,2,Kollam,South,8.89,76.6,Seer Fish,525.89,2921.4,180.02,29.85,33.65,2.04,0.35,205.2,2.35,28.53,1.06,0.255,0.0,observed_and_verified_proxy
2022-05-01,2022,5,2,Kollam,South,8.89,76.6,Seer Fish,542.89,2669.3,203.39,29.77,33.53,2.91,0.65,233.4,5.03,27.43,1.77,0.236,0.0,observed_and_verified_proxy
2022-06-01,2022,6,2,Kollam,South,8.89,76.6,Seer Fish,516.86,2528.2,204.43,28.91,33.92,3.63,0.95,138.0,4.83,26.55,1.99,0.219,0.0,observed_and_verified_proxy
2022-07-01,2022,7,3,Kollam,South,8.89,76.6,Seer Fish,1040.51,3111.7,334.38,27.27,33.87,3.79,1.0,150.3,5.44,25.78,2.43,0.357,0.0,observed_and_verified_proxy
2022-08-01,2022,8,3,Kollam,South,8.89,76.6,Seer Fish,1010.09,3506.0,288.11,26.55,33.59,3.59,0.9,218.7,5.31,25.57,2.23,0.399,0.0,observed_and_verified_proxy
2022-09-01,2022,9,3,Kollam,South,8.89,76.6,Seer Fish,1015.18,3076.3,330.01,26.93,34.2,2.57,0.6,71.7,4.69,25.93,1.71,0.351,0.0,observed_and_verified_proxy
2022-10-01,2022,10,4,Kollam,South,8.89,76.6,Seer Fish,1451.77,5031.3,288.55,27.07,33.69,1.88,0.3,195.6,3.48,26.26,1.36,0.636,0.186,observed_and_verified_proxy
2022-11-01,2022,11,4,Kollam,South,8.89,76.6,Seer Fish,1446.1,5641.2,256.35,28.6,33.82,1.34,0.12,163.5,2.36,26.24,0.93,0.713,0.357,observed_and_verified_proxy
2022-12-01,2022,12,4,Kollam,South,8.89,76.6,Seer Fish,1504.62,5363.9,280.51,28.75,34.12,1.08,0.06,91.8,3.28,26.48,0.99,0.685,0.267,observed_and_verified_proxy
2022-01-01,2022,1,1,Kannur,North,11.87,75.37,Seer Fish,686.62,3323.4,206.6,28.14,34.45,0.96,0.05,12.3,2.16,25.96,0.65,0.416,0.082,observed_and_verified_proxy
2022-02-01,2022,2,1,Kannur,North,11.87,75.37,Seer Fish,695.79,3614.4,192.5,28.86,34.48,1.08,0.1,3.9,2.31,27.38,0.66,0.455,0.164,observed_and_verified_proxy
2022-03-01,2022,3,1,Kannur,North,11.87,75.37,Seer Fish,638.34,3634.5,175.63,29.49,34.31,1.42,0.2,45.9,2.37,28.67,0.63,0.441,0.183,observed_and_verified_proxy
2022-04-01,2022,4,2,Kannur,North,11.87,75.37,Seer Fish,427.81,2029.6,210.79,29.85,33.87,1.97,0.35,150.6,2.2,28.26,0.75,0.203,0.0,observed_and_verified_proxy
2022-05-01,2022,5,2,Kannur,North,11.87,75.37,Seer Fish,403.59,2194.6,183.9,29.77,33.13,3.03,0.65,327.6,3.28,27.17,1.17,0.212,0.0,observed_and_verified_proxy
2022-06-01,2022,6,2,Kannur,North,11.87,75.37,Seer Fish,398.63,2077.8,191.85,28.91,33.3,3.82,0.95,288.9,2.73,26.23,1.61,0.2,0.0,observed_and_verified_proxy
2022-07-01,2022,7,3,Kannur,North,11.87,75.37,Seer Fish,875.05,2668.3,327.95,27.27,31.91,4.38,1.0,622.5,3.46,25.26,2.1,0.368,0.0,observed_and_verified_proxy
2022-08-01,2022,8,3,Kannur,North,11.87,75.37,Seer Fish,846.27,2697.0,313.78,26.55,32.16,4.02,0.9,562.8,3.52,25.01,1.83,0.367,0.0,observed_and_verified_proxy
2022-09-01,2022,9,3,Kannur,North,11.87,75.37,Seer Fish,795.9,2459.7,323.57,26.93,33.64,2.74,0.6,207.3,2.76,25.34,1.24,0.327,0.0,observed_and_verified_proxy
2022-10-01,2022,10,4,Kannur,North,11.87,75.37,Seer Fish,1187.47,4285.9,277.06,27.07,33.88,1.82,0.3,147.6,2.11,25.69,0.9,0.653,0.233,observed_and_verified_proxy
2022-11-01,2022,11,4,Kannur,North,11.87,75.37,Seer Fish,1215.92,4330.8,280.76,28.73,34.08,1.26,0.12,101.1,1.71,25.93,0.62,0.664,0.24,observed_and_verified_proxy
2022-12-01,2022,12,4,Kannur,North,11.87,75.37,Seer Fish,1144.6,4148.0,275.94,28.85,34.06,1.1,0.06,105.3,1.87,26.12,0.69,0.625,0.199,observed_and_verified_proxy
2022-01-01,2022,1,1,Thiruvananthapuram,South,8.52,76.94,Seer Fish,521.29,2566.7,203.1,28.14,33.74,1.17,0.05,182.1,3.5,26.07,0.84,0.347,0.0,observed_and_verified_proxy
2022-02-01,2022,2,1,Thiruvananthapuram,South,8.52,76.94,Seer Fish,534.51,2759.3,193.71,28.86,34.37,1.12,0.1,32.4,3.02,27.4,0.83,0.377,0.06,observed_and_verified_proxy
2022-03-01,2022,3,1,Thiruvananthapuram,South,8.52,76.94,Seer Fish,559.94,2834.9,197.52,29.49,34.31,1.42,0.2,44.4,2.84,28.87,0.92,0.396,0.076,observed_and_verified_proxy
2022-04-01,2022,4,2,Thiruvananthapuram,South,8.52,76.94,Seer Fish,332.76,1773.4,187.63,29.85,33.65,2.04,0.35,205.2,2.35,28.53,1.06,0.187,0.0,observed_and_verified_proxy
2022-05-01,2022,5,2,Thiruvananthapuram,South,8.52,76.94,Seer Fish,353.11,1671.0,211.32,29.77,33.53,2.91,0.65,233.4,5.03,27.43,1.77,0.183,0.0,observed_and_verified_proxy
2022-06-01,2022,6,2,Thiruvananthapuram,South,8.52,76.94,Seer Fish,348.28,1842.6,189.01,28.91,33.92,3.63,0.95,138.0,4.83,26.55,1.99,0.2,0.0,observed_and_verified_proxy
2022-07-01,2022,7,3,Thiruvananthapuram,South,8.52,76.94,Seer Fish,656.81,2122.1,309.51,27.27,33.87,3.79,1.0,150.3,5.44,25.78,2.43,0.319,0.0,observed_and_verified_proxy
2022-08-01,2022,8,3,Thiruvananthapuram,South,8.52,76.94,Seer Fish,670.6,2072.6,323.56,26.55,33.59,3.59,0.9,218.7,5.31,25.57,2.23,0.314,0.0,observed_and_verified_proxy
2022-09-01,2022,9,3,Thiruvananthapuram,South,8.52,76.94,Seer Fish,681.92,2280.9,298.97,26.93,34.2,2.57,0.6,71.7,4.69,25.93,1.71,0.348,0.0,observed_and_verified_proxy
2022-10-01,2022,10,4,Thiruvananthapuram,South,8.52,76.94,Seer Fish,922.44,3569.6,258.42,27.07,33.69,1.88,0.3,195.6,3.48,26.26,1.36,0.612,0.222,observed_and_verified_proxy
2022-11-01,2022,11,4,Thiruvananthapuram,South,8.52,76.94,Seer Fish,924.05,3639.3,253.91,28.6,33.82,1.34,0.12,163.5,2.36,26.24,0.93,0.625,0.248,observed_and_verified_proxy
2022-12-01,2022,12,4,Thiruvananthapuram,South,8.52,76.94,Seer Fish,951.34,3599.5,264.3,28.75,34.12,1.08,0.06,91.8,3.28,26.48,0.99,0.624,0.224,observed_and_verified_proxy
2022-01-01,2022,1,1,Malappuram,North,11.07,76.07,Seer Fish,428.42,2063.2,207.65,28.14,34.45,0.96,0.05,12.3,2.16,25.96,0.65,0.324,0.0,observed_and_verified_proxy
2022-02-01,2022,2,1,Malappuram,North,11.07,76.07,Seer Fish,413.68,2245.7,184.21,28.86,34.48,1.08,0.1,3.9,2.31,27.38,0.66,0.346,0.04,observed_and_verified_proxy
2022-03-01,2022,3,1,Malappuram,North,11.07,76.07,Seer Fish,416.69,2283.2,182.5,29.49,34.31,1.42,0.2,45.9,2.37,28.67,0.63,0.353,0.053,observed_and_verified_proxy
2022-04-01,2022,4,2,Malappuram,North,11.07,76.07,Seer Fish,264.04,1389.1,190.09,29.85,33.87,1.97,0.35,150.6,2.2,28.26,0.75,0.163,0.0,observed_and_verified_proxy
2022-05-01,2022,5,2,Malappuram,North,11.07,76.07,Seer Fish,262.03,1419.5,184.59,29.77,33.13,3.03,0.65,327.6,3.28,27.17,1.17,0.166,0.0,observed_and_verified_proxy
2022-06-01,2022,6,2,Malappuram,North,11.07,76.07,Seer Fish,258.04,1353.1,190.71,28.91,33.3,3.82,0.95,288.9,2.73,26.23,1.61,0.157,0.0,observed_and_verified_proxy
2022-07-01,2022,7,3,Malappuram,North,11.07,76.07,Seer Fish,510.1,1645.4,310.0,27.27,31.91,4.38,1.0,622.5,3.46,25.26,2.1,0.283,0.0,observed_and_verified_proxy
2022-08-01,2022,8,3,Malappuram,North,11.07,76.07,Seer Fish,555.96,1690.5,328.87,26.55,32.16,4.02,0.9,562.8,3.52,25.01,1.83,0.303,0.0,observed_and_verified_proxy
2022-09-01,2022,9,3,Malappuram,North,11.07,76.07,Seer Fish,547.01,1729.9,316.21,26.93,33.64,2.74,0.6,207.3,2.76,25.34,1.24,0.307,0.0,observed_and_verified_proxy
2022-10-01,2022,10,4,Malappuram,North,11.07,76.07,Seer Fish,765.79,2701.8,283.43,27.07,33.88,1.82,0.3,147.6,2.11,25.69,0.9,0.556,0.093,observed_and_verified_proxy
2022-11-01,2022,11,4,Malappuram,North,11.07,76.07,Seer Fish,740.31,2559.2,289.27,28.73,34.08,1.26,0.12,101.1,1.71,25.93,0.62,0.52,0.033,observed_and_verified_proxy
2022-12-01,2022,12,4,Malappuram,North,11.07,76.07,Seer Fish,733.33,2728.3,268.78,28.85,34.06,1.1,0.06,105.3,1.87,26.12,0.69,0.552,0.12,observed_and_verified_proxy
2022-01-01,2022,1,1,Thrissur,Central,10.52,76.21,Seer Fish,299.27,1661.4,180.13,28.14,34.43,0.96,0.05,17.4,2.14,27.4,0.77,0.296,0.0,observed_and_verified_proxy
2022-02-01,2022,2,1,Thrissur,Central,10.52,76.21,Seer Fish,315.84,1421.3,222.22,28.86,34.4,1.11,0.1,24.3,2.05,28.51,0.77,0.262,0.0,observed_and_verified_proxy
2022-03-01,2022,3,1,Thrissur,Central,10.52,76.21,Seer Fish,293.58,1632.4,179.84,29.49,34.18,1.45,0.2,75.9,2.36,29.65,0.78,0.288,0.0,observed_and_verified_proxy
2022-04-01,2022,4,2,Thrissur,Central,10.52,76.21,Seer Fish,194.09,991.7,195.71,29.85,33.31,2.14,0.35,286.5,2.2,28.36,0.91,0.132,0.0,observed_and_verified_proxy
2022-05-01,2022,5,2,Thrissur,Central,10.52,76.21,Seer Fish,196.0,914.5,214.33,29.77,32.72,3.15,0.65,426.6,3.63,27.62,1.51,0.123,0.0,observed_and_verified_proxy
2022-06-01,2022,6,2,Thrissur,Central,10.52,76.21,Seer Fish,194.64,1012.6,192.23,28.91,33.16,3.86,0.95,321.3,3.21,26.75,1.82,0.135,0.0,observed_and_verified_proxy
2022-07-01,2022,7,3,Thrissur,Central,10.52,76.21,Seer Fish,397.42,1132.3,350.99,27.27,32.7,4.14,1.0,432.9,3.81,25.83,2.27,0.239,0.0,observed_and_verified_proxy
2022-08-01,2022,8,3,Thrissur,Central,10.52,76.21,Seer Fish,373.76,1123.0,332.84,26.55,32.41,3.95,0.9,501.9,3.92,25.68,2.08,0.229,0.0,observed_and_verified_proxy
2022-09-01,2022,9,3,Thrissur,Central,10.52,76.21,Seer Fish,394.91,1199.9,329.14,26.93,33.73,2.71,0.6,185.4,3.3,26.01,1.53,0.252,0.0,observed_and_verified_proxy
2022-10-01,2022,10,4,Thrissur,Central,10.52,76.21,Seer Fish,518.4,1861.7,278.45,27.07,33.63,1.9,0.3,207.6,2.51,26.39,1.16,0.451,0.0,observed_and_verified_proxy
2022-11-01,2022,11,4,Thrissur,Central,10.52,76.21,Seer Fish,536.96,1910.8,281.01,28.69,33.51,1.43,0.12,238.2,1.84,26.59,0.79,0.471,0.0,observed_and_verified_proxy
2022-12-01,2022,12,4,Thrissur,Central,10.52,76.21,Seer Fish,512.25,1756.0,291.71,28.82,33.95,1.13,0.06,133.2,1.97,27.06,0.87,0.423,0.0,observed_and_verified_proxy
2022-01-01,2022,1,1,Kasaragod,North,12.5,74.99,Seer Fish,182.47,893.1,204.3,28.14,34.45,0.96,0.05,12.3,2.16,25.96,0.65,0.19,0.0,observed_and_verified_proxy
2022-02-01,2022,2,1,Kasaragod,North,12.5,74.99,Seer Fish,175.4,980.9,178.81,28.86,34.48,1.08,0.1,3.9,2.31,27.38,0.66,0.202,0.0,observed_and_verified_proxy
2022-03-01,2022,3,1,Kasaragod,North,12.5,74.99,Seer Fish,175.5,911.3,192.59,29.49,34.31,1.42,0.2,45.9,2.37,28.67,0.63,0.188,0.0,observed_and_verified_proxy
2022-04-01,2022,4,2,Kasaragod,North,12.5,74.99,Seer Fish,116.89,628.1,186.09,29.85,33.87,1.97,0.35,150.6,2.2,28.26,0.75,0.094,0.0,observed_and_verified_proxy
2022-05-01,2022,5,2,Kasaragod,North,12.5,74.99,Seer Fish,117.13,584.1,200.52,29.77,33.13,3.03,0.65,327.6,3.28,27.17,1.17,0.088,0.0,observed_and_verified_proxy
2022-06-01,2022,6,2,Kasaragod,North,12.5,74.99,Seer Fish,111.84,603.1,185.43,28.91,33.3,3.82,0.95,288.9,2.73,26.23,1.61,0.087,0.0,observed_and_verified_proxy
2022-07-01,2022,7,3,Kasaragod,North,12.5,74.99,Seer Fish,227.01,743.9,305.15,27.27,31.91,4.38,1.0,622.5,3.46,25.26,2.1,0.184,0.0,observed_and_verified_proxy
2022-08-01,2022,8,3,Kasaragod,North,12.5,74.99,Seer Fish,231.44,743.4,311.34,26.55,32.16,4.02,0.9,562.8,3.52,25.01,1.83,0.187,0.0,observed_and_verified_proxy
2022-09-01,2022,9,3,Kasaragod,North,12.5,74.99,Seer Fish,233.06,736.4,316.48,26.93,33.64,2.74,0.6,207.3,2.76,25.34,1.24,0.186,0.0,observed_and_verified_proxy
2022-10-01,2022,10,4,Kasaragod,North,12.5,74.99,Seer Fish,308.46,1220.6,252.72,27.07,33.88,1.82,0.3,147.6,2.11,25.69,0.9,0.37,0.0,observed_and_verified_proxy
2022-11-01,2022,11,4,Kasaragod,North,12.5,74.99,Seer Fish,314.06,1133.3,277.13,28.73,34.08,1.26,0.12,101.1,1.71,25.93,0.62,0.347,0.0,observed_and_verified_proxy
2022-12-01,2022,12,4,Kasaragod,North,12.5,74.99,Seer Fish,307.19,1113.3,275.93,28.85,34.06,1.1,0.06,105.3,1.87,26.12,0.69,0.336,0.0,observed_and_verified_proxy
2023-01-01,2023,1,1,Kozhikode,North,11.25,75.78,Seer Fish,1020.99,5754.0,177.44,28.49,34.44,0.96,0.05,14.4,2.02,26.13,0.63,0.484,0.235,observed_and_verified_proxy
2023-02-01,2023,2,1,Kozhikode,North,11.25,75.78,Seer Fish,1093.67,5880.4,185.99,28.74,34.49,1.08,0.1,1.8,2.19,28.03,0.62,0.506,0.244,observed_and_verified_proxy
2023-03-01,2023,3,1,Kozhikode,North,11.25,75.78,Seer Fish,1052.82,5404.3,194.81,29.45,34.42,1.39,0.2,20.1,2.48,28.84,0.67,0.459,0.164,observed_and_verified_proxy
2023-04-01,2023,4,2,Kozhikode,North,11.25,75.78,Seer Fish,652.74,3821.4,170.81,30.12,34.31,1.84,0.35,45.9,2.41,29.18,0.75,0.271,0.0,observed_and_verified_proxy
2023-05-01,2023,5,2,Kozhikode,North,11.25,75.78,Seer Fish,627.09,3845.7,163.06,30.65,34.07,2.75,0.65,102.6,2.54,28.53,0.8,0.268,0.0,observed_and_verified_proxy
2023-06-01,2023,6,2,Kozhikode,North,11.25,75.78,Seer Fish,675.18,3527.5,191.4,30.25,33.42,3.78,0.95,259.8,2.71,27.53,1.64,0.254,0.0,observed_and_verified_proxy
2023-07-01,2023,7,3,Kozhikode,North,11.25,75.78,Seer Fish,1333.8,4236.9,314.8,27.87,32.24,4.28,1.0,542.4,3.52,25.82,2.04,0.386,0.0,observed_and_verified_proxy
2023-08-01,2023,8,3,Kozhikode,North,11.25,75.78,Seer Fish,1331.3,4346.8,306.27,27.52,34.2,3.41,0.9,72.6,2.98,26.12,1.28,0.396,0.0,observed_and_verified_proxy
2023-09-01,2023,9,3,Kozhikode,North,11.25,75.78,Seer Fish,1303.97,4684.4,278.37,28.48,33.03,2.92,0.6,351.9,2.64,25.87,1.23,0.424,0.0,observed_and_verified_proxy
2023-10-01,2023,10,4,Kozhikode,North,11.25,75.78,Seer Fish,1819.65,7218.6,252.08,29.84,33.66,1.89,0.3,200.7,1.81,26.5,0.83,0.71,0.362,observed_and_verified_proxy
2023-11-01,2023,11,4,Kozhikode,North,11.25,75.78,Seer Fish,1924.15,7363.1,261.32,29.88,33.58,1.41,0.12,221.1,1.71,26.82,0.65,0.732,0.371,observed_and_verified_proxy
2023-12-01,2023,12,4,Kozhikode,North,11.25,75.78,Seer Fish,1831.71,7556.5,242.4,30.23,34.28,1.03,0.06,52.2,1.67,26.73,0.61,0.744,0.428,observed_and_verified_proxy
2023-01-01,2023,1,1,Ernakulam,Central,9.98,76.28,Seer Fish,973.37,5216.2,186.61,28.38,34.43,0.96,0.05,16.5,1.81,26.88,0.78,0.483,0.213,observed_and_verified_proxy
2023-02-01,2023,2,1,Ernakulam,Central,9.98,76.28,Seer Fish,920.33,5372.6,171.3,28.71,34.47,1.09,0.1,6.6,1.85,28.72,0.75,0.488,0.253,observed_and_verified_proxy
2023-03-01,2023,3,1,Ernakulam,Central,9.98,76.28,Seer Fish,939.57,4855.7,193.5,29.62,34.34,1.41,0.2,39.3,2.46,29.72,0.76,0.444,0.147,observed_and_verified_proxy
2023-04-01,2023,4,2,Ernakulam,Central,9.98,76.28,Seer Fish,579.72,3306.3,175.34,30.27,34.09,1.9,0.35,98.7,2.45,30.03,0.92,0.249,0.0,observed_and_verified_proxy
2023-05-01,2023,5,2,Ernakulam,Central,9.98,76.28,Seer Fish,605.23,3278.4,184.61,30.67,34.05,2.75,0.65,107.1,2.77,28.79,0.96,0.251,0.0,observed_and_verified_proxy
2023-06-01,2023,6,2,Ernakulam,Central,9.98,76.28,Seer Fish,565.32,3108.6,181.86,29.68,33.34,3.81,0.95,279.3,3.26,28.08,1.8,0.231,0.0,observed_and_verified_proxy
2023-07-01,2023,7,3,Ernakulam,Central,9.98,76.28,Seer Fish,1191.27,4309.8,276.41,27.34,32.78,4.11,1.0,411.9,3.66,26.57,2.23,0.425,0.0,observed_and_verified_proxy
2023-08-01,2023,8,3,Ernakulam,Central,9.98,76.28,Seer Fish,1207.8,3931.8,307.19,27.36,34.13,3.43,0.9,88.8,3.3,26.92,1.52,0.389,0.0,observed_and_verified_proxy
2023-09-01,2023,9,3,Ernakulam,Central,9.98,76.28,Seer Fish,1235.01,3797.1,325.25,28.4,32.53,3.07,0.6,472.5,3.04,26.64,1.49,0.379,0.0,observed_and_verified_proxy
2023-10-01,2023,10,4,Ernakulam,Central,9.98,76.28,Seer Fish,1714.01,5965.7,287.31,29.72,33.02,2.08,0.3,355.2,2.22,27.18,1.05,0.647,0.202,observed_and_verified_proxy
2023-11-01,2023,11,4,Ernakulam,Central,9.98,76.28,Seer Fish,1642.58,6383.0,257.34,30.02,33.37,1.47,0.12,270.6,1.87,27.51,0.81,0.685,0.319,observed_and_verified_proxy
2023-12-01,2023,12,4,Ernakulam,Central,9.98,76.28,Seer Fish,1716.62,6518.3,263.35,30.06,34.01,1.12,0.06,118.5,2.2,27.42,0.75,0.707,0.334,observed_and_verified_proxy
2023-01-01,2023,1,1,Alappuzha,South,9.49,76.33,Seer Fish,824.57,4296.1,191.94,28.23,34.4,0.97,0.05,24.6,3.38,26.37,0.85,0.425,0.125,observed_and_verified_proxy
2023-02-01,2023,2,1,Alappuzha,South,9.49,76.33,Seer Fish,866.02,4630.7,187.02,28.26,34.45,1.09,0.1,11.4,2.75,27.67,0.87,0.466,0.19,observed_and_verified_proxy
2023-03-01,2023,3,1,Alappuzha,South,9.49,76.33,Seer Fish,871.39,4706.5,185.14,29.25,34.39,1.39,0.2,25.8,3.4,29.17,0.89,0.475,0.206,observed_and_verified_proxy
2023-04-01,2023,4,2,Alappuzha,South,9.49,76.33,Seer Fish,522.9,2767.1,188.97,30.24,34.18,1.87,0.35,75.9,2.79,29.66,1.1,0.225,0.0,observed_and_verified_proxy
2023-05-01,2023,5,2,Alappuzha,South,9.49,76.33,Seer Fish,496.24,2928.8,169.43,30.6,33.89,2.8,0.65,147.3,3.81,28.69,1.14,0.232,0.0,observed_and_verified_proxy
2023-06-01,2023,6,2,Alappuzha,South,9.49,76.33,Seer Fish,502.91,2741.2,183.46,29.07,34.01,3.61,0.95,116.7,5.15,27.89,1.96,0.218,0.0,observed_and_verified_proxy
2023-07-01,2023,7,3,Alappuzha,South,9.49,76.33,Seer Fish,1043.04,3766.1,276.95,26.43,33.85,3.79,1.0,155.7,5.07,26.54,2.35,0.404,0.0,observed_and_verified_proxy
2023-08-01,2023,8,3,Alappuzha,South,9.49,76.33,Seer Fish,1000.37,3529.1,283.46,27.24,34.34,3.37,0.9,37.5,4.7,27.13,1.75,0.373,0.0,observed_and_verified_proxy
2023-09-01,2023,9,3,Alappuzha,South,9.49,76.33,Seer Fish,1056.95,3611.2,292.69,28.11,33.15,2.88,0.6,324.0,4.58,26.88,1.67,0.389,0.0,observed_and_verified_proxy
2023-10-01,2023,10,4,Alappuzha,South,9.49,76.33,Seer Fish,1463.04,5553.6,263.44,29.37,32.7,2.18,0.3,431.4,2.74,26.99,1.24,0.657,0.269,observed_and_verified_proxy
2023-11-01,2023,11,4,Alappuzha,South,9.49,76.33,Seer Fish,1537.96,5880.6,261.53,29.91,33.47,1.45,0.12,247.2,2.68,27.12,0.98,0.704,0.335,observed_and_verified_proxy
2023-12-01,2023,12,4,Alappuzha,South,9.49,76.33,Seer Fish,1461.51,5681.3,257.25,29.61,33.63,1.23,0.06,208.5,4.48,26.61,0.91,0.672,0.302,observed_and_verified_proxy
2023-01-01,2023,1,1,Kollam,South,8.89,76.6,Seer Fish,796.69,4112.6,193.72,28.23,34.4,0.97,0.05,24.6,3.38,26.37,0.85,0.43,0.128,observed_and_verified_proxy
2023-02-01,2023,2,1,Kollam,South,8.89,76.6,Seer Fish,799.92,4382.0,182.55,28.26,34.45,1.09,0.1,11.4,2.75,27.67,0.87,0.459,0.191,observed_and_verified_proxy
2023-03-01,2023,3,1,Kollam,South,8.89,76.6,Seer Fish,746.76,4579.5,163.06,29.25,34.39,1.39,0.2,25.8,3.4,29.17,0.89,0.466,0.244,observed_and_verified_proxy
2023-04-01,2023,4,2,Kollam,South,8.89,76.6,Seer Fish,484.71,2907.3,166.72,30.24,34.18,1.87,0.35,75.9,2.79,29.66,1.1,0.243,0.0,observed_and_verified_proxy
2023-05-01,2023,5,2,Kollam,South,8.89,76.6,Seer Fish,477.97,2797.5,170.86,30.6,33.89,2.8,0.65,147.3,3.81,28.69,1.14,0.233,0.0,observed_and_verified_proxy
2023-06-01,2023,6,2,Kollam,South,8.89,76.6,Seer Fish,469.06,2733.8,171.58,29.07,34.01,3.61,0.95,116.7,5.15,27.89,1.96,0.225,0.0,observed_and_verified_proxy
2023-07-01,2023,7,3,Kollam,South,8.89,76.6,Seer Fish,973.97,3512.1,277.32,26.43,33.85,3.79,1.0,155.7,5.07,26.54,2.35,0.395,0.0,observed_and_verified_proxy
2023-08-01,2023,8,3,Kollam,South,8.89,76.6,Seer Fish,933.96,3405.6,274.24,27.24,34.34,3.37,0.9,37.5,4.7,27.13,1.75,0.377,0.0,observed_and_verified_proxy
2023-09-01,2023,9,3,Kollam,South,8.89,76.6,Seer Fish,966.12,3433.3,281.39,28.11,33.15,2.88,0.6,324.0,4.58,26.88,1.67,0.385,0.0,observed_and_verified_proxy
2023-10-01,2023,10,4,Kollam,South,8.89,76.6,Seer Fish,1353.45,5546.8,244.01,29.37,32.7,2.18,0.3,431.4,2.74,26.99,1.24,0.689,0.353,observed_and_verified_proxy
2023-11-01,2023,11,4,Kollam,South,8.89,76.6,Seer Fish,1342.38,5088.4,263.81,29.91,33.47,1.45,0.12,247.2,2.68,27.12,0.98,0.631,0.233,observed_and_verified_proxy
2023-12-01,2023,12,4,Kollam,South,8.89,76.6,Seer Fish,1401.72,4990.3,280.89,29.61,33.63,1.23,0.06,208.5,4.48,26.61,0.91,0.626,0.189,observed_and_verified_proxy
2023-01-01,2023,1,1,Kannur,North,11.87,75.37,Seer Fish,615.02,3137.3,196.03,28.49,34.44,0.96,0.05,14.4,2.02,26.13,0.63,0.375,0.051,observed_and_verified_proxy
2023-02-01,2023,2,1,Kannur,North,11.87,75.37,Seer Fish,615.17,3550.7,173.25,28.74,34.49,1.08,0.1,1.8,2.19,28.03,0.62,0.424,0.166,observed_and_verified_proxy
2023-03-01,2023,3,1,Kannur,North,11.87,75.37,Seer Fish,604.75,3461.2,174.72,29.45,34.42,1.39,0.2,20.1,2.48,28.84,0.67,0.41,0.145,observed_and_verified_proxy
2023-04-01,2023,4,2,Kannur,North,11.87,75.37,Seer Fish,377.2,2291.4,164.62,30.12,34.31,1.84,0.35,45.9,2.41,29.18,0.75,0.213,0.0,observed_and_verified_proxy
2023-05-01,2023,5,2,Kannur,North,11.87,75.37,Seer Fish,387.03,2066.8,187.26,30.65,34.07,2.75,0.65,102.6,2.54,28.53,0.8,0.195,0.0,observed_and_verified_proxy
2023-06-01,2023,6,2,Kannur,North,11.87,75.37,Seer Fish,391.6,2297.1,170.47,30.25,33.42,3.78,0.95,259.8,2.71,27.53,1.64,0.218,0.0,observed_and_verified_proxy
2023-07-01,2023,7,3,Kannur,North,11.87,75.37,Seer Fish,737.99,2804.8,263.12,27.87,32.24,4.28,1.0,542.4,3.52,25.82,2.04,0.362,0.0,observed_and_verified_proxy
2023-08-01,2023,8,3,Kannur,North,11.87,75.37,Seer Fish,797.18,2452.6,325.04,27.52,34.2,3.41,0.9,72.6,2.98,26.12,1.28,0.326,0.0,observed_and_verified_proxy
2023-09-01,2023,9,3,Kannur,North,11.87,75.37,Seer Fish,769.16,2490.0,308.9,28.48,33.03,2.92,0.6,351.9,2.64,25.87,1.23,0.327,0.0,observed_and_verified_proxy
2023-10-01,2023,10,4,Kannur,North,11.87,75.37,Seer Fish,1078.68,4035.0,267.33,29.84,33.66,1.89,0.3,200.7,1.81,26.5,0.83,0.597,0.182,observed_and_verified_proxy
2023-11-01,2023,11,4,Kannur,North,11.87,75.37,Seer Fish,1056.95,3843.4,275.01,29.88,33.58,1.41,0.12,221.1,1.71,26.82,0.65,0.565,0.123,observed_and_verified_proxy
2023-12-01,2023,12,4,Kannur,North,11.87,75.37,Seer Fish,1096.94,3869.9,283.46,30.23,34.28,1.03,0.06,52.2,1.67,26.73,0.61,0.575,0.118,observed_and_verified_proxy
2023-01-01,2023,1,1,Thiruvananthapuram,South,8.52,76.94,Seer Fish,523.5,2617.6,199.99,28.23,34.4,0.97,0.05,24.6,3.38,26.37,0.85,0.354,0.016,observed_and_verified_proxy
2023-02-01,2023,2,1,Thiruvananthapuram,South,8.52,76.94,Seer Fish,509.99,2983.9,170.92,28.26,34.45,1.09,0.1,11.4,2.75,27.67,0.87,0.399,0.138,observed_and_verified_proxy
2023-03-01,2023,3,1,Thiruvananthapuram,South,8.52,76.94,Seer Fish,510.04,2688.4,189.72,29.25,34.39,1.39,0.2,25.8,3.4,29.17,0.89,0.359,0.045,observed_and_verified_proxy
2023-04-01,2023,4,2,Thiruvananthapuram,South,8.52,76.94,Seer Fish,295.11,1787.5,165.1,30.24,34.18,1.87,0.35,75.9,2.79,29.66,1.1,0.176,0.0,observed_and_verified_proxy
2023-05-01,2023,5,2,Thiruvananthapuram,South,8.52,76.94,Seer Fish,297.95,1858.7,160.3,30.6,33.89,2.8,0.65,147.3,3.81,28.69,1.14,0.184,0.0,observed_and_verified_proxy
2023-06-01,2023,6,2,Thiruvananthapuram,South,8.52,76.94,Seer Fish,304.75,1796.5,169.64,29.07,34.01,3.61,0.95,116.7,5.15,27.89,1.96,0.18,0.0,observed_and_verified_proxy
2023-07-01,2023,7,3,Thiruvananthapuram,South,8.52,76.94,Seer Fish,615.92,2063.4,298.49,26.43,33.85,3.79,1.0,155.7,5.07,26.54,2.35,0.301,0.0,observed_and_verified_proxy
2023-08-01,2023,8,3,Thiruvananthapuram,South,8.52,76.94,Seer Fish,628.11,2072.2,303.11,27.24,34.34,3.37,0.9,37.5,4.7,27.13,1.75,0.305,0.0,observed_and_verified_proxy
2023-09-01,2023,9,3,Thiruvananthapuram,South,8.52,76.94,Seer Fish,632.05,2249.6,280.96,28.11,33.15,2.88,0.6,324.0,4.58,26.88,1.67,0.332,0.0,observed_and_verified_proxy
2023-10-01,2023,10,4,Thiruvananthapuram,South,8.52,76.94,Seer Fish,913.91,3483.0,262.39,29.37,32.7,2.18,0.3,431.4,2.74,26.99,1.24,0.596,0.191,observed_and_verified_proxy
2023-11-01,2023,11,4,Thiruvananthapuram,South,8.52,76.94,Seer Fish,908.15,3141.1,289.12,29.91,33.47,1.45,0.12,247.2,2.68,27.12,0.98,0.536,0.054,observed_and_verified_proxy
2023-12-01,2023,12,4,Thiruvananthapuram,South,8.52,76.94,Seer Fish,853.9,3492.6,244.49,29.61,33.63,1.23,0.06,208.5,4.48,26.61,0.91,0.583,0.214,observed_and_verified_proxy
2023-01-01,2023,1,1,Malappuram,North,11.07,76.07,Seer Fish,403.29,2202.8,183.08,28.49,34.44,0.96,0.05,14.4,2.02,26.13,0.63,0.335,0.028,observed_and_verified_proxy
2023-02-01,2023,2,1,Malappuram,North,11.07,76.07,Seer Fish,404.16,2175.7,185.76,28.74,34.49,1.08,0.1,1.8,2.19,28.03,0.62,0.331,0.017,observed_and_verified_proxy
2023-03-01,2023,3,1,Malappuram,North,11.07,76.07,Seer Fish,393.61,2316.4,169.92,29.45,34.42,1.39,0.2,20.1,2.48,28.84,0.67,0.347,0.074,observed_and_verified_proxy
2023-04-01,2023,4,2,Malappuram,North,11.07,76.07,Seer Fish,241.95,1352.8,178.85,30.12,34.31,1.84,0.35,45.9,2.41,29.18,0.75,0.15,0.0,observed_and_verified_proxy
2023-05-01,2023,5,2,Malappuram,North,11.07,76.07,Seer Fish,241.89,1296.8,186.52,30.65,34.07,2.75,0.65,102.6,2.54,28.53,0.8,0.144,0.0,observed_and_verified_proxy
2023-06-01,2023,6,2,Malappuram,North,11.07,76.07,Seer Fish,242.18,1406.6,172.17,30.25,33.42,3.78,0.95,259.8,2.71,27.53,1.64,0.156,0.0,observed_and_verified_proxy
2023-07-01,2023,7,3,Malappuram,North,11.07,76.07,Seer Fish,477.58,1716.6,278.21,27.87,32.24,4.28,1.0,542.4,3.52,25.82,2.04,0.285,0.0,observed_and_verified_proxy
2023-08-01,2023,8,3,Malappuram,North,11.07,76.07,Seer Fish,468.08,1681.7,278.33,27.52,34.2,3.41,0.9,72.6,2.98,26.12,1.28,0.277,0.0,observed_and_verified_proxy
2023-09-01,2023,9,3,Malappuram,North,11.07,76.07,Seer Fish,487.62,1656.3,294.41,28.48,33.03,2.92,0.6,351.9,2.64,25.87,1.23,0.278,0.0,observed_and_verified_proxy
2023-10-01,2023,10,4,Malappuram,North,11.07,76.07,Seer Fish,671.99,2712.5,247.74,29.84,33.66,1.89,0.3,200.7,1.81,26.5,0.83,0.529,0.137,observed_and_verified_proxy
2023-11-01,2023,11,4,Malappuram,North,11.07,76.07,Seer Fish,695.17,2715.2,256.03,29.88,33.58,1.41,0.12,221.1,1.71,26.82,0.65,0.537,0.129,observed_and_verified_proxy
2023-12-01,2023,12,4,Malappuram,North,11.07,76.07,Seer Fish,673.87,2767.4,243.5,30.23,34.28,1.03,0.06,52.2,1.67,26.73,0.61,0.54,0.161,observed_and_verified_proxy
2023-01-01,2023,1,1,Thrissur,Central,10.52,76.21,Seer Fish,284.5,1530.2,185.92,28.38,34.43,0.96,0.05,16.5,1.81,26.88,0.78,0.264,0.0,observed_and_verified_proxy
2023-02-01,2023,2,1,Thrissur,Central,10.52,76.21,Seer Fish,290.81,1520.7,191.24,28.71,34.47,1.09,0.1,6.6,1.85,28.72,0.75,0.266,0.0,observed_and_verified_proxy
2023-03-01,2023,3,1,Thrissur,Central,10.52,76.21,Seer Fish,265.17,1506.8,175.98,29.62,34.34,1.41,0.2,39.3,2.46,29.72,0.76,0.249,0.0,observed_and_verified_proxy
2023-04-01,2023,4,2,Thrissur,Central,10.52,76.21,Seer Fish,169.74,1039.8,163.23,30.27,34.09,1.9,0.35,98.7,2.45,30.03,0.92,0.125,0.0,observed_and_verified_proxy
2023-05-01,2023,5,2,Thrissur,Central,10.52,76.21,Seer Fish,163.22,969.0,168.45,30.67,34.05,2.75,0.65,107.1,2.77,28.79,0.96,0.114,0.0,observed_and_verified_proxy
2023-06-01,2023,6,2,Thrissur,Central,10.52,76.21,Seer Fish,172.49,1003.4,171.91,29.68,33.34,3.81,0.95,279.3,3.26,28.08,1.8,0.123,0.0,observed_and_verified_proxy
2023-07-01,2023,7,3,Thrissur,Central,10.52,76.21,Seer Fish,337.49,1187.9,284.1,27.34,32.78,4.11,1.0,411.9,3.66,26.57,2.23,0.228,0.0,observed_and_verified_proxy
2023-08-01,2023,8,3,Thrissur,Central,10.52,76.21,Seer Fish,335.43,1095.7,306.12,27.36,34.13,3.43,0.9,88.8,3.3,26.92,1.52,0.209,0.0,observed_and_verified_proxy
2023-09-01,2023,9,3,Thrissur,Central,10.52,76.21,Seer Fish,362.69,1265.5,286.61,28.4,32.53,3.07,0.6,472.5,3.04,26.64,1.49,0.253,0.0,observed_and_verified_proxy
2023-10-01,2023,10,4,Thrissur,Central,10.52,76.21,Seer Fish,509.16,1840.1,276.71,29.72,33.02,2.08,0.3,355.2,2.22,27.18,1.05,0.442,0.0,observed_and_verified_proxy
2023-11-01,2023,11,4,Thrissur,Central,10.52,76.21,Seer Fish,507.82,1846.1,275.07,30.02,33.37,1.47,0.12,270.6,1.87,27.51,0.81,0.443,0.0,observed_and_verified_proxy
2023-12-01,2023,12,4,Thrissur,Central,10.52,76.21,Seer Fish,487.87,1883.5,259.02,30.06,34.01,1.12,0.06,118.5,2.2,27.42,0.75,0.443,0.0,observed_and_verified_proxy
2023-01-01,2023,1,1,Kasaragod,North,12.5,74.99,Seer Fish,162.35,917.6,176.93,28.49,34.44,0.96,0.05,14.4,2.02,26.13,0.63,0.179,0.0,observed_and_verified_proxy
2023-02-01,2023,2,1,Kasaragod,North,12.5,74.99,Seer Fish,164.85,945.7,174.32,28.74,34.49,1.08,0.1,1.8,2.19,28.03,0.62,0.186,0.0,observed_and_verified_proxy
2023-03-01,2023,3,1,Kasaragod,North,12.5,74.99,Seer Fish,170.14,915.3,185.88,29.45,34.42,1.39,0.2,20.1,2.48,28.84,0.67,0.184,0.0,observed_and_verified_proxy
2023-04-01,2023,4,2,Kasaragod,North,12.5,74.99,Seer Fish,100.78,561.1,179.61,30.12,34.31,1.84,0.35,45.9,2.41,29.18,0.75,0.075,0.0,observed_and_verified_proxy
2023-05-01,2023,5,2,Kasaragod,North,12.5,74.99,Seer Fish,98.47,603.8,163.1,30.65,34.07,2.75,0.65,102.6,2.54,28.53,0.8,0.079,0.0,observed_and_verified_proxy
2023-06-01,2023,6,2,Kasaragod,North,12.5,74.99,Seer Fish,100.51,566.5,177.42,30.25,33.42,3.78,0.95,259.8,2.71,27.53,1.64,0.075,0.0,observed_and_verified_proxy
2023-07-01,2023,7,3,Kasaragod,North,12.5,74.99,Seer Fish,200.03,691.2,289.41,27.87,32.24,4.28,1.0,542.4,3.52,25.82,2.04,0.157,0.0,observed_and_verified_proxy
2023-08-01,2023,8,3,Kasaragod,North,12.5,74.99,Seer Fish,203.99,682.9,298.7,27.52,34.2,3.41,0.9,72.6,2.98,26.12,1.28,0.157,0.0,observed_and_verified_proxy
2023-09-01,2023,9,3,Kasaragod,North,12.5,74.99,Seer Fish,206.09,743.5,277.17,28.48,33.03,2.92,0.6,351.9,2.64,25.87,1.23,0.172,0.0,observed_and_verified_proxy
2023-10-01,2023,10,4,Kasaragod,North,12.5,74.99,Seer Fish,298.84,1056.1,282.96,29.84,33.66,1.89,0.3,200.7,1.81,26.5,0.83,0.314,0.0,observed_and_verified_proxy
2023-11-01,2023,11,4,Kasaragod,North,12.5,74.99,Seer Fish,292.91,1205.4,243.0,29.88,33.58,1.41,0.12,221.1,1.71,26.82,0.65,0.353,0.0,observed_and_verified_proxy
2023-12-01,2023,12,4,Kasaragod,North,12.5,74.99,Seer Fish,304.42,1085.5,280.45,30.23,34.28,1.03,0.06,52.2,1.67,26.73,0.61,0.326,0.0,observed_and_verified_proxy
2024-01-01,2024,1,1,Kozhikode,North,11.25,75.78,Seer Fish,1020.92,5790.1,176.32,29.58,34.2,1.03,0.05,72.0,2.06,26.55,0.62,0.487,0.241,observed_and_verified_proxy
2024-02-01,2024,2,1,Kozhikode,North,11.25,75.78,Seer Fish,994.0,5702.3,174.32,29.75,34.5,1.08,0.1,0.3,2.54,28.29,0.62,0.475,0.231,observed_and_verified_proxy
2024-03-01,2024,3,1,Kozhikode,North,11.25,75.78,Seer Fish,1027.71,5540.7,185.48,30.1,34.48,1.37,0.2,4.5,2.75,29.62,0.74,0.467,0.195,observed_and_verified_proxy
2024-04-01,2024,4,2,Kozhikode,North,11.25,75.78,Seer Fish,614.65,3717.0,165.36,31.29,34.42,1.8,0.35,19.5,2.61,30.61,0.79,0.257,0.0,observed_and_verified_proxy
2024-05-01,2024,5,2,Kozhikode,North,11.25,75.78,Seer Fish,608.09,3818.1,159.26,31.32,33.32,2.97,0.65,282.9,3.08,28.56,1.1,0.263,0.0,observed_and_verified_proxy
2024-06-01,2024,6,2,Kozhikode,North,11.25,75.78,Seer Fish,667.07,3622.5,184.15,29.3,32.63,4.02,0.95,447.6,2.89,26.97,1.69,0.259,0.0,observed_and_verified_proxy
2024-07-01,2024,7,3,Kozhikode,North,11.25,75.78,Seer Fish,1278.91,4875.0,262.34,28.05,31.44,4.52,1.0,734.7,3.62,25.92,2.08,0.439,0.0,observed_and_verified_proxy
2024-08-01,2024,8,3,Kozhikode,North,11.25,75.78,Seer Fish,1264.53,4754.9,265.94,27.47,33.28,3.69,0.9,293.7,3.19,25.92,1.61,0.427,0.0,observed_and_verified_proxy
2024-09-01,2024,9,3,Kozhikode,North,11.25,75.78,Seer Fish,1345.11,4377.4,307.28,27.98,33.89,2.66,0.6,146.4,3.3,26.26,1.28,0.4,0.0,observed_and_verified_proxy
2024-10-01,2024,10,4,Kozhikode,North,11.25,75.78,Seer Fish,1744.28,7204.0,242.13,29.37,33.65,1.9,0.3,204.0,2.11,26.34,1.0,0.702,0.374,observed_and_verified_proxy
2024-11-01,2024,11,4,Kozhikode,North,11.25,75.78,Seer Fish,1894.84,7059.5,268.41,29.98,34.09,1.26,0.12,99.0,1.71,27.07,0.62,0.7,0.313,observed_and_verified_proxy
2024-12-01,2024,12,4,Kozhikode,North,11.25,75.78,Seer Fish,1837.52,7743.4,237.3,29.4,34.02,1.11,0.06,116.1,2.2,26.53,0.75,0.763,0.464,observed_and_verified_proxy
2024-01-01,2024,1,1,Ernakulam,Central,9.98,76.28,Seer Fish,952.59,5431.8,175.37,29.48,34.28,1.01,0.05,53.7,1.89,27.57,0.72,0.499,0.259,observed_and_verified_proxy
2024-02-01,2024,2,1,Ernakulam,Central,9.98,76.28,Seer Fish,911.13,4850.7,187.84,29.63,34.49,1.08,0.1,1.5,2.2,29.36,0.74,0.439,0.153,observed_and_verified_proxy
2024-03-01,2024,3,1,Ernakulam,Central,9.98,76.28,Seer Fish,965.94,5073.4,190.39,30.3,34.4,1.39,0.2,23.1,2.81,30.79,0.88,0.468,0.186,observed_and_verified_proxy
2024-04-01,2024,4,2,Ernakulam,Central,9.98,76.28,Seer Fish,543.76,3288.8,165.34,31.41,34.22,1.86,0.35,67.8,2.79,30.94,0.96,0.24,0.0,observed_and_verified_proxy
2024-05-01,2024,5,2,Ernakulam,Central,9.98,76.28,Seer Fish,582.38,3525.1,165.21,31.14,32.22,3.3,0.65,546.6,3.68,29.17,1.37,0.266,0.0,observed_and_verified_proxy
2024-06-01,2024,6,2,Ernakulam,Central,9.98,76.28,Seer Fish,588.58,3250.3,181.09,28.94,33.0,3.91,0.95,359.7,3.27,27.53,1.96,0.246,0.0,observed_and_verified_proxy
2024-07-01,2024,7,3,Ernakulam,Central,9.98,76.28,Seer Fish,1130.09,3961.5,285.27,28.04,32.2,4.29,1.0,553.2,3.78,26.78,2.25,0.385,0.0,observed_and_verified_proxy
2024-08-01,2024,8,3,Ernakulam,Central,9.98,76.28,Seer Fish,1206.47,4315.3,279.58,27.02,33.26,3.69,0.9,298.5,3.79,26.52,1.82,0.427,0.0,observed_and_verified_proxy
2024-09-01,2024,9,3,Ernakulam,Central,9.98,76.28,Seer Fish,1102.17,4156.3,265.18,27.93,33.83,2.68,0.6,161.4,3.72,27.09,1.52,0.4,0.0,observed_and_verified_proxy
2024-10-01,2024,10,4,Ernakulam,Central,9.98,76.28,Seer Fish,1611.96,6856.5,235.1,29.18,33.45,1.96,0.3,253.2,2.35,27.0,1.25,0.733,0.43,observed_and_verified_proxy
2024-11-01,2024,11,4,Ernakulam,Central,9.98,76.28,Seer Fish,1598.97,6622.4,241.45,30.0,33.72,1.37,0.12,186.9,1.86,27.54,0.78,0.707,0.382,observed_and_verified_proxy
2024-12-01,2024,12,4,Ernakulam,Central,9.98,76.28,Seer Fish,1601.02,5935.4,269.74,29.36,33.91,1.14,0.06,140.4,2.46,27.23,0.94,0.633,0.224,observed_and_verified_proxy
2024-01-01,2024,1,1,Alappuzha,South,9.49,76.33,Seer Fish,817.6,4422.4,184.88,29.38,34.4,0.97,0.05,24.3,4.04,26.21,0.8,0.436,0.155,observed_and_verified_proxy
2024-02-01,2024,2,1,Alappuzha,South,9.49,76.33,Seer Fish,832.34,4756.0,175.01,29.48,34.48,1.08,0.1,3.9,4.08,28.13,0.85,0.472,0.224,observed_and_verified_proxy
2024-03-01,2024,3,1,Alappuzha,South,9.49,76.33,Seer Fish,804.22,4940.7,162.78,30.21,34.37,1.4,0.2,30.3,2.56,30.17,0.97,0.484,0.267,observed_and_verified_proxy
2024-04-01,2024,4,2,Alappuzha,South,9.49,76.33,Seer Fish,485.82,2906.6,167.14,31.45,34.25,1.86,0.35,60.3,2.87,30.65,1.07,0.227,0.0,observed_and_verified_proxy
2024-05-01,2024,5,2,Alappuzha,South,9.49,76.33,Seer Fish,508.31,3167.2,160.49,30.65,32.71,3.16,0.65,429.9,4.52,28.9,1.59,0.253,0.0,observed_and_verified_proxy
2024-06-01,2024,6,2,Alappuzha,South,9.49,76.33,Seer Fish,487.36,2983.1,163.38,28.27,33.42,3.78,0.95,258.9,4.83,27.25,2.13,0.234,0.0,observed_and_verified_proxy
2024-07-01,2024,7,3,Alappuzha,South,9.49,76.33,Seer Fish,1003.48,3352.5,299.32,27.32,33.68,3.85,1.0,197.7,5.06,26.55,2.33,0.355,0.0,observed_and_verified_proxy
2024-08-01,2024,8,3,Alappuzha,South,9.49,76.33,Seer Fish,1001.08,3410.9,293.49,26.26,33.73,3.55,0.9,185.1,4.6,26.19,1.95,0.361,0.0,observed_and_verified_proxy
2024-09-01,2024,9,3,Alappuzha,South,9.49,76.33,Seer Fish,1019.04,3374.5,301.98,27.4,33.98,2.63,0.6,123.6,5.0,26.86,1.7,0.359,0.0,observed_and_verified_proxy
2024-10-01,2024,10,4,Alappuzha,South,9.49,76.33,Seer Fish,1507.4,5986.4,251.8,29.29,33.37,1.98,0.3,270.9,3.29,26.83,1.4,0.714,0.368,observed_and_verified_proxy
2024-11-01,2024,11,4,Alappuzha,South,9.49,76.33,Seer Fish,1483.38,5945.8,249.49,29.64,33.79,1.35,0.12,171.3,2.57,26.97,0.93,0.706,0.363,observed_and_verified_proxy
2024-12-01,2024,12,4,Alappuzha,South,9.49,76.33,Seer Fish,1455.62,5401.0,269.51,29.31,34.2,1.06,0.06,72.0,3.16,26.84,1.03,0.638,0.231,observed_and_verified_proxy
2024-01-01,2024,1,1,Kollam,South,8.89,76.6,Seer Fish,798.05,4573.3,174.5,29.38,34.4,0.97,0.05,24.3,4.04,26.21,0.8,0.478,0.234,observed_and_verified_proxy
2024-02-01,2024,2,1,Kollam,South,8.89,76.6,Seer Fish,783.94,4594.5,170.63,29.48,34.48,1.08,0.1,3.9,4.08,28.13,0.85,0.477,0.241,observed_and_verified_proxy
2024-03-01,2024,3,1,Kollam,South,8.89,76.6,Seer Fish,736.79,4437.7,166.03,30.21,34.37,1.4,0.2,30.3,2.56,30.17,0.97,0.45,0.216,observed_and_verified_proxy
2024-04-01,2024,4,2,Kollam,South,8.89,76.6,Seer Fish,480.77,2720.1,176.74,31.45,34.25,1.86,0.35,60.3,2.87,30.65,1.07,0.227,0.0,observed_and_verified_proxy
2024-05-01,2024,5,2,Kollam,South,8.89,76.6,Seer Fish,491.11,2685.1,182.9,30.65,32.71,3.16,0.65,429.9,4.52,28.9,1.59,0.226,0.0,observed_and_verified_proxy
2024-06-01,2024,6,2,Kollam,South,8.89,76.6,Seer Fish,467.13,2738.7,170.57,28.27,33.42,3.78,0.95,258.9,4.83,27.25,2.13,0.225,0.0,observed_and_verified_proxy
2024-07-01,2024,7,3,Kollam,South,8.89,76.6,Seer Fish,903.85,3298.3,274.03,27.32,33.68,3.85,1.0,197.7,5.06,26.55,2.33,0.361,0.0,observed_and_verified_proxy
2024-08-01,2024,8,3,Kollam,South,8.89,76.6,Seer Fish,935.79,3311.6,282.58,26.26,33.73,3.55,0.9,185.1,4.6,26.19,1.95,0.367,0.0,observed_and_verified_proxy
2024-09-01,2024,9,3,Kollam,South,8.89,76.6,Seer Fish,920.14,3225.7,285.25,27.4,33.98,2.63,0.6,123.6,5.0,26.86,1.7,0.355,0.0,observed_and_verified_proxy
2024-10-01,2024,10,4,Kollam,South,8.89,76.6,Seer Fish,1368.09,5622.8,243.31,29.29,33.37,1.98,0.3,270.9,3.29,26.83,1.4,0.7,0.37,observed_and_verified_proxy
2024-11-01,2024,11,4,Kollam,South,8.89,76.6,Seer Fish,1361.71,5624.7,242.09,29.64,33.79,1.35,0.12,171.3,2.57,26.97,0.93,0.7,0.372,observed_and_verified_proxy
2024-12-01,2024,12,4,Kollam,South,8.89,76.6,Seer Fish,1378.02,5158.3,267.14,29.31,34.2,1.06,0.06,72.0,3.16,26.84,1.03,0.644,0.243,observed_and_verified_proxy
2024-01-01,2024,1,1,Kannur,North,11.87,75.37,Seer Fish,627.76,3582.4,175.23,29.58,34.2,1.03,0.05,72.0,2.06,26.55,0.62,0.432,0.172,observed_and_verified_proxy
2024-02-01,2024,2,1,Kannur,North,11.87,75.37,Seer Fish,603.67,3358.2,179.76,29.75,34.5,1.08,0.1,0.3,2.54,28.29,0.62,0.398,0.117,observed_and_verified_proxy
2024-03-01,2024,3,1,Kannur,North,11.87,75.37,Seer Fish,613.84,3234.0,189.81,30.1,34.48,1.37,0.2,4.5,2.75,29.62,0.74,0.386,0.08,observed_and_verified_proxy
2024-04-01,2024,4,2,Kannur,North,11.87,75.37,Seer Fish,382.28,1992.2,191.89,31.29,34.42,1.8,0.35,19.5,2.61,30.61,0.79,0.187,0.0,observed_and_verified_proxy
2024-05-01,2024,5,2,Kannur,North,11.87,75.37,Seer Fish,361.64,2321.8,155.76,31.32,33.32,2.97,0.65,282.9,3.08,28.56,1.1,0.211,0.0,observed_and_verified_proxy
2024-06-01,2024,6,2,Kannur,North,11.87,75.37,Seer Fish,371.64,2141.9,173.51,29.3,32.63,4.02,0.95,447.6,2.89,26.97,1.69,0.198,0.0,observed_and_verified_proxy
2024-07-01,2024,7,3,Kannur,North,11.87,75.37,Seer Fish,725.58,2472.6,293.45,28.05,31.44,4.52,1.0,734.7,3.62,25.92,2.08,0.317,0.0,observed_and_verified_proxy
2024-08-01,2024,8,3,Kannur,North,11.87,75.37,Seer Fish,778.65,2692.3,289.22,27.47,33.28,3.69,0.9,293.7,3.19,25.92,1.61,0.355,0.0,observed_and_verified_proxy
2024-09-01,2024,9,3,Kannur,North,11.87,75.37,Seer Fish,767.6,2719.2,282.29,27.98,33.89,2.66,0.6,146.4,3.3,26.26,1.28,0.356,0.0,observed_and_verified_proxy
2024-10-01,2024,10,4,Kannur,North,11.87,75.37,Seer Fish,1094.89,4105.7,266.68,29.37,33.65,1.9,0.3,204.0,2.11,26.34,1.0,0.61,0.2,observed_and_verified_proxy
2024-11-01,2024,11,4,Kannur,North,11.87,75.37,Seer Fish,1022.64,4284.4,238.69,29.98,34.09,1.26,0.12,99.0,1.71,27.07,0.62,0.623,0.279,observed_and_verified_proxy
2024-12-01,2024,12,4,Kannur,North,11.87,75.37,Seer Fish,1051.82,3996.0,263.21,29.4,34.02,1.11,0.06,116.1,2.2,26.53,0.75,0.586,0.177,observed_and_verified_proxy
2024-01-01,2024,1,1,Thiruvananthapuram,South,8.52,76.94,Seer Fish,472.36,2909.7,162.34,29.38,34.4,0.97,0.05,24.3,4.04,26.21,0.8,0.374,0.125,observed_and_verified_proxy
2024-02-01,2024,2,1,Thiruvananthapuram,South,8.52,76.94,Seer Fish,477.36,2669.8,178.8,29.48,34.48,1.08,0.1,3.9,4.08,28.13,0.85,0.345,0.051,observed_and_verified_proxy
2024-03-01,2024,3,1,Thiruvananthapuram,South,8.52,76.94,Seer Fish,469.88,2768.6,169.71,30.21,34.37,1.4,0.2,30.3,2.56,30.17,0.97,0.355,0.084,observed_and_verified_proxy
2024-04-01,2024,4,2,Thiruvananthapuram,South,8.52,76.94,Seer Fish,295.17,1680.6,175.63,31.45,34.25,1.86,0.35,60.3,2.87,30.65,1.07,0.165,0.0,observed_and_verified_proxy
2024-05-01,2024,5,2,Thiruvananthapuram,South,8.52,76.94,Seer Fish,296.88,1640.0,181.02,30.65,32.71,3.16,0.65,429.9,4.52,28.9,1.59,0.162,0.0,observed_and_verified_proxy
2024-06-01,2024,6,2,Thiruvananthapuram,South,8.52,76.94,Seer Fish,288.44,1702.6,169.42,28.27,33.42,3.78,0.95,258.9,4.83,27.25,2.13,0.165,0.0,observed_and_verified_proxy
2024-07-01,2024,7,3,Thiruvananthapuram,South,8.52,76.94,Seer Fish,603.93,2301.2,262.44,27.32,33.68,3.85,1.0,197.7,5.06,26.55,2.33,0.333,0.0,observed_and_verified_proxy
2024-08-01,2024,8,3,Thiruvananthapuram,South,8.52,76.94,Seer Fish,631.97,2092.2,302.05,26.26,33.73,3.55,0.9,185.1,4.6,26.19,1.95,0.309,0.0,observed_and_verified_proxy
2024-09-01,2024,9,3,Thiruvananthapuram,South,8.52,76.94,Seer Fish,638.72,2005.6,318.46,27.4,33.98,2.63,0.6,123.6,5.0,26.86,1.7,0.298,0.0,observed_and_verified_proxy
2024-10-01,2024,10,4,Thiruvananthapuram,South,8.52,76.94,Seer Fish,899.94,3337.0,269.69,29.29,33.37,1.98,0.3,270.9,3.29,26.83,1.4,0.568,0.138,observed_and_verified_proxy
2024-11-01,2024,11,4,Thiruvananthapuram,South,8.52,76.94,Seer Fish,898.44,3611.2,248.79,29.64,33.79,1.35,0.12,171.3,2.57,26.97,0.93,0.614,0.245,observed_and_verified_proxy
2024-12-01,2024,12,4,Thiruvananthapuram,South,8.52,76.94,Seer Fish,854.89,3499.3,244.3,29.31,34.2,1.06,0.06,72.0,3.16,26.84,1.03,0.584,0.216,observed_and_verified_proxy
2024-01-01,2024,1,1,Malappuram,North,11.07,76.07,Seer Fish,374.51,2285.0,163.9,29.58,34.2,1.03,0.05,72.0,2.06,26.55,0.62,0.333,0.068,observed_and_verified_proxy
2024-02-01,2024,2,1,Malappuram,North,11.07,76.07,Seer Fish,362.44,2238.0,161.95,29.75,34.5,1.08,0.1,0.3,2.54,28.29,0.62,0.32,0.056,observed_and_verified_proxy
2024-03-01,2024,3,1,Malappuram,North,11.07,76.07,Seer Fish,375.68,2245.3,167.32,30.1,34.48,1.37,0.2,4.5,2.75,29.62,0.74,0.328,0.054,observed_and_verified_proxy
2024-04-01,2024,4,2,Malappuram,North,11.07,76.07,Seer Fish,237.92,1278.3,186.13,31.29,34.42,1.8,0.35,19.5,2.61,30.61,0.79,0.14,0.0,observed_and_verified_proxy
2024-05-01,2024,5,2,Malappuram,North,11.07,76.07,Seer Fish,236.25,1419.7,166.4,31.32,33.32,2.97,0.65,282.9,3.08,28.56,1.1,0.155,0.0,observed_and_verified_proxy
2024-06-01,2024,6,2,Malappuram,North,11.07,76.07,Seer Fish,241.58,1352.1,178.66,29.3,32.63,4.02,0.95,447.6,2.89,26.97,1.69,0.15,0.0,observed_and_verified_proxy
2024-07-01,2024,7,3,Malappuram,North,11.07,76.07,Seer Fish,482.63,1577.6,305.93,28.05,31.44,4.52,1.0,734.7,3.62,25.92,2.08,0.264,0.0,observed_and_verified_proxy
2024-08-01,2024,8,3,Malappuram,North,11.07,76.07,Seer Fish,483.91,1698.6,284.89,27.47,33.28,3.69,0.9,293.7,3.19,25.92,1.61,0.284,0.0,observed_and_verified_proxy
2024-09-01,2024,9,3,Malappuram,North,11.07,76.07,Seer Fish,472.0,1749.0,269.87,27.98,33.89,2.66,0.6,146.4,3.3,26.26,1.28,0.289,0.0,observed_and_verified_proxy
2024-10-01,2024,10,4,Malappuram,North,11.07,76.07,Seer Fish,653.86,2656.7,246.12,29.37,33.65,1.9,0.3,204.0,2.11,26.34,1.0,0.512,0.119,observed_and_verified_proxy
2024-11-01,2024,11,4,Malappuram,North,11.07,76.07,Seer Fish,666.31,2466.6,270.14,29.98,34.09,1.26,0.12,99.0,1.71,27.07,0.62,0.479,0.023,observed_and_verified_proxy
2024-12-01,2024,12,4,Malappuram,North,11.07,76.07,Seer Fish,683.59,2837.1,240.95,29.4,34.02,1.11,0.06,116.1,2.2,26.53,0.75,0.557,0.189,observed_and_verified_proxy
2024-01-01,2024,1,1,Thrissur,Central,10.52,76.21,Seer Fish,263.19,1429.3,184.14,29.48,34.28,1.01,0.05,53.7,1.89,27.57,0.72,0.235,0.0,observed_and_verified_proxy
2024-02-01,2024,2,1,Thrissur,Central,10.52,76.21,Seer Fish,264.12,1443.8,182.93,29.63,34.49,1.08,0.1,1.5,2.2,29.36,0.74,0.238,0.0,observed_and_verified_proxy
2024-03-01,2024,3,1,Thrissur,Central,10.52,76.21,Seer Fish,278.55,1487.6,187.24,30.3,34.4,1.39,0.2,23.1,2.81,30.79,0.88,0.253,0.0,observed_and_verified_proxy
2024-04-01,2024,4,2,Thrissur,Central,10.52,76.21,Seer Fish,168.66,996.7,169.21,31.41,34.22,1.86,0.35,67.8,2.79,30.94,0.96,0.12,0.0,observed_and_verified_proxy
2024-05-01,2024,5,2,Thrissur,Central,10.52,76.21,Seer Fish,169.28,991.4,170.75,31.14,32.22,3.3,0.65,546.6,3.68,29.17,1.37,0.119,0.0,observed_and_verified_proxy
2024-06-01,2024,6,2,Thrissur,Central,10.52,76.21,Seer Fish,164.19,942.2,174.26,28.94,33.0,3.91,0.95,359.7,3.27,27.53,1.96,0.111,0.0,observed_and_verified_proxy
2024-07-01,2024,7,3,Thrissur,Central,10.52,76.21,Seer Fish,351.41,1215.9,289.01,28.04,32.2,4.29,1.0,553.2,3.78,26.78,2.25,0.239,0.0,observed_and_verified_proxy
2024-08-01,2024,8,3,Thrissur,Central,10.52,76.21,Seer Fish,340.33,1115.2,305.18,27.02,33.26,3.69,0.9,298.5,3.79,26.52,1.82,0.215,0.0,observed_and_verified_proxy
2024-09-01,2024,9,3,Thrissur,Central,10.52,76.21,Seer Fish,326.31,1135.7,287.31,27.93,33.83,2.68,0.6,161.4,3.72,27.09,1.52,0.214,0.0,observed_and_verified_proxy
2024-10-01,2024,10,4,Thrissur,Central,10.52,76.21,Seer Fish,495.8,1896.5,261.43,29.18,33.45,1.96,0.3,253.2,2.35,27.0,1.25,0.45,0.004,observed_and_verified_proxy
2024-11-01,2024,11,4,Thrissur,Central,10.52,76.21,Seer Fish,463.45,1829.8,253.28,30.0,33.72,1.37,0.12,186.9,1.86,27.54,0.78,0.419,0.0,observed_and_verified_proxy
2024-12-01,2024,12,4,Thrissur,Central,10.52,76.21,Seer Fish,481.33,1983.6,242.65,29.36,33.91,1.14,0.06,140.4,2.46,27.23,0.94,0.463,0.063,observed_and_verified_proxy
2024-01-01,2024,1,1,Kasaragod,North,12.5,74.99,Seer Fish,157.07,856.8,183.32,29.58,34.2,1.03,0.05,72.0,2.06,26.55,0.62,0.163,0.0,observed_and_verified_proxy
2024-02-01,2024,2,1,Kasaragod,North,12.5,74.99,Seer Fish,161.1,866.5,185.91,29.75,34.5,1.08,0.1,0.3,2.54,28.29,0.62,0.168,0.0,observed_and_verified_proxy
2024-03-01,2024,3,1,Kasaragod,North,12.5,74.99,Seer Fish,157.1,964.3,162.92,30.1,34.48,1.37,0.2,4.5,2.75,29.62,0.74,0.183,0.0,observed_and_verified_proxy
2024-04-01,2024,4,2,Kasaragod,North,12.5,74.99,Seer Fish,102.55,560.1,183.08,31.29,34.42,1.8,0.35,19.5,2.61,30.61,0.79,0.076,0.0,observed_and_verified_proxy
2024-05-01,2024,5,2,Kasaragod,North,12.5,74.99,Seer Fish,102.64,616.8,166.41,31.32,33.32,2.97,0.65,282.9,3.08,28.56,1.1,0.083,0.0,observed_and_verified_proxy
2024-06-01,2024,6,2,Kasaragod,North,12.5,74.99,Seer Fish,101.82,541.8,187.93,29.3,32.63,4.02,0.95,447.6,2.89,26.97,1.69,0.073,0.0,observed_and_verified_proxy
2024-07-01,2024,7,3,Kasaragod,North,12.5,74.99,Seer Fish,201.86,740.4,272.62,28.05,31.44,4.52,1.0,734.7,3.62,25.92,2.08,0.169,0.0,observed_and_verified_proxy
2024-08-01,2024,8,3,Kasaragod,North,12.5,74.99,Seer Fish,211.72,682.8,310.06,27.47,33.28,3.69,0.9,293.7,3.19,25.92,1.61,0.161,0.0,observed_and_verified_proxy
2024-09-01,2024,9,3,Kasaragod,North,12.5,74.99,Seer Fish,213.57,716.9,297.9,27.98,33.89,2.66,0.6,146.4,3.3,26.26,1.28,0.17,0.0,observed_and_verified_proxy
2024-10-01,2024,10,4,Kasaragod,North,12.5,74.99,Seer Fish,285.42,1203.4,237.19,29.37,33.65,1.9,0.3,204.0,2.11,26.34,1.0,0.347,0.0,observed_and_verified_proxy
2024-11-01,2024,11,4,Kasaragod,North,12.5,74.99,Seer Fish,279.56,1053.7,265.31,29.98,34.09,1.26,0.12,99.0,1.71,27.07,0.62,0.3,0.0,observed_and_verified_proxy
2024-12-01,2024,12,4,Kasaragod,North,12.5,74.99,Seer Fish,297.5,1097.2,271.15,29.4,34.02,1.11,0.06,116.1,2.2,26.53,0.75,0.325,0.0,observed_and_verified_proxy
2025-01-01,2025,1,1,Kozhikode,North,11.25,75.78,Seer Fish,1071.0,5986.0,178.92,28.14,34.46,0.95,0.05,10.5,1.97,26.95,1.0,0.511,0.267,observed_and_verified_proxy
2025-02-01,2025,2,1,Kozhikode,North,11.25,75.78,Seer Fish,1077.8,5939.8,181.45,28.86,34.5,1.08,0.1,0.3,2.37,28.71,1.0,0.508,0.258,observed_and_verified_proxy
2025-03-01,2025,3,1,Kozhikode,North,11.25,75.78,Seer Fish,1079.24,5453.9,197.88,29.49,34.2,1.45,0.2,71.7,2.35,29.11,1.0,0.467,0.167,observed_and_verified_proxy
2025-04-01,2025,4,2,Kozhikode,North,11.25,75.78,Seer Fish,658.02,3788.0,173.71,29.85,34.02,1.92,0.35,114.9,2.43,28.73,1.05,0.27,0.0,observed_and_verified_proxy
2025-05-01,2025,5,2,Kozhikode,North,11.25,75.78,Seer Fish,636.43,3948.9,161.17,29.77,32.37,3.26,0.65,512.1,4.18,28.34,1.36,0.277,0.002,observed_and_verified_proxy
2025-06-01,2025,6,2,Kozhikode,North,11.25,75.78,Seer Fish,658.11,3685.1,178.59,28.91,32.48,4.07,0.95,485.4,4.03,26.95,2.21,0.262,0.0,observed_and_verified_proxy
2025-07-01,2025,7,3,Kozhikode,North,11.25,75.78,Seer Fish,1260.08,4725.0,266.68,27.27,32.39,4.23,1.0,506.1,4.15,25.84,2.8,0.424,0.0,observed_and_verified_proxy
2025-08-01,2025,8,3,Kozhikode,North,11.25,75.78,Seer Fish,1278.45,4161.1,307.24,26.55,33.25,3.7,0.9,300.9,3.83,25.37,2.21,0.375,0.0,observed_and_verified_proxy
2025-09-01,2025,9,3,Kozhikode,North,11.25,75.78,Seer Fish,1351.02,4640.5,291.14,26.93,33.95,2.65,0.6,132.9,3.58,25.96,1.36,0.424,0.0,observed_and_verified_proxy
2025-10-01,2025,10,4,Kozhikode,North,11.25,75.78,Seer Fish,1829.19,7110.6,257.25,27.07,33.28,2.01,0.3,292.8,2.72,26.71,1.05,0.7,0.338,observed_and_verified_proxy
2025-11-01,2025,11,4,Kozhikode,North,11.25,75.78,Seer Fish,1769.97,7645.6,231.5,27.14,34.28,1.2,0.12,53.1,2.37,26.3,1.0,0.747,0.457,observed_and_verified_proxy
2025-12-01,2025,12,4,Kozhikode,North,11.25,75.78,Seer Fish,1935.55,7230.8,267.68,27.51,34.41,1.0,0.06,21.9,2.04,25.7,1.0,0.72,0.341,observed_and_verified_proxy
2025-01-01,2025,1,1,Ernakulam,Central,9.98,76.28,Seer Fish,984.44,5123.1,192.16,28.14,34.46,0.95,0.05,10.5,1.96,27.7,1.0,0.476,0.192,observed_and_verified_proxy
2025-02-01,2025,2,1,Ernakulam,Central,9.98,76.28,Seer Fish,926.96,4825.7,192.09,28.86,34.5,1.08,0.1,0.9,1.9,29.53,1.0,0.439,0.144,observed_and_verified_proxy
2025-03-01,2025,3,1,Ernakulam,Central,9.98,76.28,Seer Fish,943.87,5504.9,171.46,29.49,34.02,1.5,0.2,115.5,2.29,29.7,1.0,0.504,0.274,observed_and_verified_proxy
2025-04-01,2025,4,2,Ernakulam,Central,9.98,76.28,Seer Fish,572.9,3088.3,185.51,29.85,33.63,2.04,0.35,208.8,2.61,28.86,1.05,0.231,0.0,observed_and_verified_proxy
2025-05-01,2025,5,2,Ernakulam,Central,9.98,76.28,Seer Fish,603.91,3301.6,182.91,29.77,32.56,3.2,0.65,464.4,4.71,29.13,1.36,0.253,0.0,observed_and_verified_proxy
2025-06-01,2025,6,2,Ernakulam,Central,9.98,76.28,Seer Fish,593.82,3402.8,174.51,28.91,32.18,4.15,0.95,555.9,4.58,27.74,2.21,0.259,0.0,observed_and_verified_proxy
2025-07-01,2025,7,3,Ernakulam,Central,9.98,76.28,Seer Fish,1173.62,4028.7,291.32,27.27,32.55,4.19,1.0,468.6,4.66,26.75,2.8,0.396,0.0,observed_and_verified_proxy
2025-08-01,2025,8,3,Ernakulam,Central,9.98,76.28,Seer Fish,1145.26,4319.3,265.15,26.55,33.3,3.68,0.9,288.6,4.13,26.27,2.21,0.421,0.0,observed_and_verified_proxy
2025-09-01,2025,9,3,Ernakulam,Central,9.98,76.28,Seer Fish,1229.35,3874.6,317.28,26.93,33.59,2.75,0.6,217.2,3.99,26.88,1.36,0.386,0.0,observed_and_verified_proxy
2025-10-01,2025,10,4,Ernakulam,Central,9.98,76.28,Seer Fish,1591.6,6768.7,235.14,27.07,33.16,2.04,0.3,322.5,3.23,27.53,1.05,0.721,0.415,observed_and_verified_proxy
2025-11-01,2025,11,4,Ernakulam,Central,9.98,76.28,Seer Fish,1692.21,6215.8,272.24,27.14,33.92,1.31,0.12,139.2,2.76,27.13,1.0,0.672,0.269,observed_and_verified_proxy
2025-12-01,2025,12,4,Ernakulam,Central,9.98,76.28,Seer Fish,1703.55,6551.0,260.04,27.51,34.42,0.99,0.06,18.9,2.07,26.42,1.0,0.709,0.344,observed_and_verified_proxy
2025-01-01,2025,1,1,Alappuzha,South,9.49,76.33,Seer Fish,831.29,4426.2,187.81,28.14,34.38,0.97,0.05,27.6,4.12,26.48,1.0,0.439,0.153,observed_and_verified_proxy
2025-02-01,2025,2,1,Alappuzha,South,9.49,76.33,Seer Fish,826.18,4274.4,193.29,28.86,34.48,1.09,0.1,5.7,2.97,28.16,1.0,0.423,0.12,observed_and_verified_proxy
2025-03-01,2025,3,1,Alappuzha,South,9.49,76.33,Seer Fish,788.9,4689.1,168.24,29.49,34.05,1.49,0.2,106.8,2.58,29.2,1.0,0.456,0.218,observed_and_verified_proxy
2025-04-01,2025,4,2,Alappuzha,South,9.49,76.33,Seer Fish,495.49,2861.8,173.14,29.85,33.74,2.01,0.35,181.2,3.13,28.63,1.05,0.226,0.0,observed_and_verified_proxy
2025-05-01,2025,5,2,Alappuzha,South,9.49,76.33,Seer Fish,516.58,2810.6,183.79,29.77,33.19,3.01,0.65,315.3,5.28,28.78,1.36,0.227,0.0,observed_and_verified_proxy
2025-06-01,2025,6,2,Alappuzha,South,9.49,76.33,Seer Fish,499.58,3045.4,164.05,28.91,33.32,3.81,0.95,283.8,5.34,27.3,2.21,0.242,0.0,observed_and_verified_proxy
2025-07-01,2025,7,3,Alappuzha,South,9.49,76.33,Seer Fish,1061.26,3670.6,289.13,27.27,33.74,3.83,1.0,181.5,6.01,26.55,2.8,0.396,0.0,observed_and_verified_proxy
2025-08-01,2025,8,3,Alappuzha,South,9.49,76.33,Seer Fish,1072.99,3305.2,324.63,26.55,34.03,3.46,0.9,113.7,5.08,25.98,2.21,0.358,0.0,observed_and_verified_proxy
2025-09-01,2025,9,3,Alappuzha,South,9.49,76.33,Seer Fish,1038.2,3594.9,288.8,26.93,33.79,2.69,0.6,169.8,4.95,26.66,1.36,0.385,0.0,observed_and_verified_proxy
2025-10-01,2025,10,4,Alappuzha,South,9.49,76.33,Seer Fish,1524.16,5740.3,265.52,27.07,33.31,2.0,0.3,286.2,3.68,27.12,1.05,0.686,0.302,observed_and_verified_proxy
2025-11-01,2025,11,4,Alappuzha,South,9.49,76.33,Seer Fish,1535.44,5699.1,269.42,27.14,33.56,1.42,0.12,224.7,3.28,26.58,1.0,0.682,0.288,observed_and_verified_proxy
2025-12-01,2025,12,4,Alappuzha,South,9.49,76.33,Seer Fish,1466.43,5961.3,245.99,27.51,34.48,0.97,0.06,5.4,3.49,25.33,1.0,0.706,0.371,observed_and_verified_proxy
2025-01-01,2025,1,1,Kollam,South,8.89,76.6,Seer Fish,756.81,4202.7,180.08,28.14,34.38,0.97,0.05,27.6,4.12,26.48,1.0,0.43,0.159,observed_and_verified_proxy
2025-02-01,2025,2,1,Kollam,South,8.89,76.6,Seer Fish,795.73,4121.0,193.09,28.86,34.48,1.09,0.1,5.7,2.97,28.16,1.0,0.43,0.13,observed_and_verified_proxy
2025-03-01,2025,3,1,Kollam,South,8.89,76.6,Seer Fish,795.74,4439.6,179.24,29.49,34.05,1.49,0.2,106.8,2.58,29.2,1.0,0.464,0.204,observed_and_verified_proxy
2025-04-01,2025,4,2,Kollam,South,8.89,76.6,Seer Fish,462.88,2726.1,169.8,29.85,33.74,2.01,0.35,181.2,3.13,28.63,1.05,0.223,0.0,observed_and_verified_proxy
2025-05-01,2025,5,2,Kollam,South,8.89,76.6,Seer Fish,476.98,2733.5,174.49,29.77,33.19,3.01,0.65,315.3,5.28,28.78,1.36,0.227,0.0,observed_and_verified_proxy
2025-06-01,2025,6,2,Kollam,South,8.89,76.6,Seer Fish,466.77,2583.1,180.7,28.91,33.32,3.81,0.95,283.8,5.34,27.3,2.21,0.212,0.0,observed_and_verified_proxy
2025-07-01,2025,7,3,Kollam,South,8.89,76.6,Seer Fish,966.45,3141.1,307.68,27.27,33.74,3.83,1.0,181.5,6.01,26.55,2.8,0.352,0.0,observed_and_verified_proxy
2025-08-01,2025,8,3,Kollam,South,8.89,76.6,Seer Fish,959.91,3303.6,290.57,26.55,34.03,3.46,0.9,113.7,5.08,25.98,2.21,0.369,0.0,observed_and_verified_proxy
2025-09-01,2025,9,3,Kollam,South,8.89,76.6,Seer Fish,943.49,3521.5,267.92,26.93,33.79,2.69,0.6,169.8,4.95,26.66,1.36,0.391,0.0,observed_and_verified_proxy
2025-10-01,2025,10,4,Kollam,South,8.89,76.6,Seer Fish,1333.23,5514.2,241.78,27.07,33.31,2.0,0.3,286.2,3.68,27.12,1.05,0.682,0.349,observed_and_verified_proxy
2025-11-01,2025,11,4,Kollam,South,8.89,76.6,Seer Fish,1365.49,5471.8,249.55,27.14,33.56,1.42,0.12,224.7,3.28,26.58,1.0,0.681,0.331,observed_and_verified_proxy
2025-12-01,2025,12,4,Kollam,South,8.89,76.6,Seer Fish,1423.08,5471.0,260.11,27.51,34.48,0.97,0.06,5.4,3.49,25.33,1.0,0.689,0.317,observed_and_verified_proxy
2025-01-01,2025,1,1,Kannur,North,11.87,75.37,Seer Fish,606.2,3289.0,184.31,28.14,34.46,0.95,0.05,10.5,1.97,26.95,1.0,0.39,0.098,observed_and_verified_proxy
2025-02-01,2025,2,1,Kannur,North,11.87,75.37,Seer Fish,589.29,3451.7,170.72,28.86,34.5,1.08,0.1,0.3,2.37,28.71,1.0,0.404,0.146,observed_and_verified_proxy
2025-03-01,2025,3,1,Kannur,North,11.87,75.37,Seer Fish,592.34,3373.3,175.6,29.49,34.2,1.45,0.2,71.7,2.35,29.11,1.0,0.396,0.125,observed_and_verified_proxy
2025-04-01,2025,4,2,Kannur,North,11.87,75.37,Seer Fish,367.94,2060.4,178.57,29.85,34.02,1.92,0.35,114.9,2.43,28.73,1.05,0.189,0.0,observed_and_verified_proxy
2025-05-01,2025,5,2,Kannur,North,11.87,75.37,Seer Fish,372.98,2203.8,169.24,29.77,32.37,3.26,0.65,512.1,4.18,28.34,1.36,0.204,0.0,observed_and_verified_proxy
2025-06-01,2025,6,2,Kannur,North,11.87,75.37,Seer Fish,361.26,2034.0,177.61,28.91,32.48,4.07,0.95,485.4,4.03,26.95,2.21,0.185,0.0,observed_and_verified_proxy
2025-07-01,2025,7,3,Kannur,North,11.87,75.37,Seer Fish,731.24,2817.5,259.54,27.27,32.39,4.23,1.0,506.1,4.15,25.84,2.8,0.362,0.0,observed_and_verified_proxy
2025-08-01,2025,8,3,Kannur,North,11.87,75.37,Seer Fish,795.77,2537.1,313.66,26.55,33.25,3.7,0.9,300.9,3.83,25.37,2.21,0.337,0.0,observed_and_verified_proxy
2025-09-01,2025,9,3,Kannur,North,11.87,75.37,Seer Fish,771.59,2646.8,291.52,26.93,33.95,2.65,0.6,132.9,3.58,25.96,1.36,0.348,0.0,observed_and_verified_proxy
2025-10-01,2025,10,4,Kannur,North,11.87,75.37,Seer Fish,1113.42,4480.5,248.5,27.07,33.28,2.01,0.3,292.8,2.72,26.71,1.05,0.669,0.318,observed_and_verified_proxy
2025-11-01,2025,11,4,Kannur,North,11.87,75.37,Seer Fish,1092.79,4349.3,251.26,27.14,34.28,1.2,0.12,53.1,2.37,26.3,1.0,0.646,0.281,observed_and_verified_proxy
2025-12-01,2025,12,4,Kannur,North,11.87,75.37,Seer Fish,1125.35,4231.0,265.98,27.51,34.41,1.0,0.06,21.9,2.04,25.7,1.0,0.634,0.233,observed_and_verified_proxy
2025-01-01,2025,1,1,Thiruvananthapuram,South,8.52,76.94,Seer Fish,501.3,2598.8,192.9,28.14,34.38,0.97,0.05,27.6,4.12,26.48,1.0,0.344,0.019,observed_and_verified_proxy
2025-02-01,2025,2,1,Thiruvananthapuram,South,8.52,76.94,Seer Fish,481.86,2771.9,173.84,28.86,34.48,1.09,0.1,5.7,2.97,28.16,1.0,0.36,0.082,observed_and_verified_proxy
2025-03-01,2025,3,1,Thiruvananthapuram,South,8.52,76.94,Seer Fish,516.44,2686.6,192.23,29.49,34.05,1.49,0.2,106.8,2.58,29.2,1.0,0.361,0.042,observed_and_verified_proxy
2025-04-01,2025,4,2,Thiruvananthapuram,South,8.52,76.94,Seer Fish,317.71,1769.2,179.58,29.85,33.74,2.01,0.35,181.2,3.13,28.63,1.05,0.182,0.0,observed_and_verified_proxy
2025-05-01,2025,5,2,Thiruvananthapuram,South,8.52,76.94,Seer Fish,306.54,1832.9,167.24,29.77,33.19,3.01,0.65,315.3,5.28,28.78,1.36,0.184,0.0,observed_and_verified_proxy
2025-06-01,2025,6,2,Thiruvananthapuram,South,8.52,76.94,Seer Fish,320.87,1801.4,178.13,28.91,33.32,3.81,0.95,283.8,5.34,27.3,2.21,0.186,0.0,observed_and_verified_proxy
2025-07-01,2025,7,3,Thiruvananthapuram,South,8.52,76.94,Seer Fish,651.62,2056.3,316.89,27.27,33.74,3.83,1.0,181.5,6.01,26.55,2.8,0.308,0.0,observed_and_verified_proxy
2025-08-01,2025,8,3,Thiruvananthapuram,South,8.52,76.94,Seer Fish,631.91,1997.5,316.36,26.55,34.03,3.46,0.9,113.7,5.08,25.98,2.21,0.295,0.0,observed_and_verified_proxy
2025-09-01,2025,9,3,Thiruvananthapuram,South,8.52,76.94,Seer Fish,596.65,2266.8,263.21,26.93,33.79,2.69,0.6,169.8,4.95,26.66,1.36,0.326,0.0,observed_and_verified_proxy
2025-10-01,2025,10,4,Thiruvananthapuram,South,8.52,76.94,Seer Fish,896.75,3486.4,257.21,27.07,33.31,2.0,0.3,286.2,3.68,27.12,1.05,0.592,0.198,observed_and_verified_proxy
2025-11-01,2025,11,4,Thiruvananthapuram,South,8.52,76.94,Seer Fish,871.8,3455.3,252.31,27.14,33.56,1.42,0.12,224.7,3.28,26.58,1.0,0.581,0.195,observed_and_verified_proxy
2025-12-01,2025,12,4,Thiruvananthapuram,South,8.52,76.94,Seer Fish,861.72,3168.3,271.98,27.51,34.48,0.97,0.06,5.4,3.49,25.33,1.0,0.53,0.085,observed_and_verified_proxy
2025-01-01,2025,1,1,Malappuram,North,11.07,76.07,Seer Fish,380.44,2316.5,164.23,28.14,34.46,0.95,0.05,10.5,1.97,26.95,1.0,0.34,0.078,observed_and_verified_proxy
2025-02-01,2025,2,1,Malappuram,North,11.07,76.07,Seer Fish,382.37,2262.6,168.99,28.86,34.5,1.08,0.1,0.3,2.37,28.71,1.0,0.333,0.058,observed_and_verified_proxy
2025-03-01,2025,3,1,Malappuram,North,11.07,76.07,Seer Fish,381.16,2061.5,184.89,29.49,34.2,1.45,0.2,71.7,2.35,29.11,1.0,0.303,0.0,observed_and_verified_proxy
2025-04-01,2025,4,2,Malappuram,North,11.07,76.07,Seer Fish,237.56,1416.8,167.68,29.85,34.02,1.92,0.35,114.9,2.43,28.73,1.05,0.155,0.0,observed_and_verified_proxy
2025-05-01,2025,5,2,Malappuram,North,11.07,76.07,Seer Fish,228.62,1463.1,156.26,29.77,32.37,3.26,0.65,512.1,4.18,28.34,1.36,0.156,0.0,observed_and_verified_proxy
2025-06-01,2025,6,2,Malappuram,North,11.07,76.07,Seer Fish,232.95,1285.3,181.24,28.91,32.48,4.07,0.95,485.4,4.03,26.95,2.21,0.139,0.0,observed_and_verified_proxy
2025-07-01,2025,7,3,Malappuram,North,11.07,76.07,Seer Fish,474.04,1561.1,303.66,27.27,32.39,4.23,1.0,506.1,4.15,25.84,2.8,0.258,0.0,observed_and_verified_proxy
2025-08-01,2025,8,3,Malappuram,North,11.07,76.07,Seer Fish,466.53,1631.8,285.9,26.55,33.25,3.7,0.9,300.9,3.83,25.37,2.21,0.268,0.0,observed_and_verified_proxy
2025-09-01,2025,9,3,Malappuram,North,11.07,76.07,Seer Fish,465.67,1667.6,279.25,26.93,33.95,2.65,0.6,132.9,3.58,25.96,1.36,0.274,0.0,observed_and_verified_proxy
2025-10-01,2025,10,4,Malappuram,North,11.07,76.07,Seer Fish,666.16,2508.2,265.6,27.07,33.28,2.01,0.3,292.8,2.72,26.71,1.05,0.487,0.043,observed_and_verified_proxy
2025-11-01,2025,11,4,Malappuram,North,11.07,76.07,Seer Fish,709.7,2828.3,250.93,27.14,34.28,1.2,0.12,53.1,2.37,26.3,1.0,0.564,0.176,observed_and_verified_proxy
2025-12-01,2025,12,4,Malappuram,North,11.07,76.07,Seer Fish,661.24,2783.7,237.54,27.51,34.41,1.0,0.06,21.9,2.04,25.7,1.0,0.539,0.173,observed_and_verified_proxy
2025-01-01,2025,1,1,Thrissur,Central,10.52,76.21,Seer Fish,289.13,1502.2,192.48,28.14,34.46,0.95,0.05,10.5,1.96,27.7,1.0,0.262,0.0,observed_and_verified_proxy
2025-02-01,2025,2,1,Thrissur,Central,10.52,76.21,Seer Fish,285.68,1574.5,181.44,28.86,34.5,1.08,0.1,0.9,1.9,29.53,1.0,0.273,0.0,observed_and_verified_proxy
2025-03-01,2025,3,1,Thrissur,Central,10.52,76.21,Seer Fish,263.13,1536.6,171.25,29.49,34.02,1.5,0.2,115.5,2.29,29.7,1.0,0.252,0.0,observed_and_verified_proxy
2025-04-01,2025,4,2,Thrissur,Central,10.52,76.21,Seer Fish,172.55,955.6,180.57,29.85,33.63,2.04,0.35,208.8,2.61,28.86,1.05,0.117,0.0,observed_and_verified_proxy
2025-05-01,2025,5,2,Thrissur,Central,10.52,76.21,Seer Fish,174.86,1052.4,166.15,29.77,32.56,3.2,0.65,464.4,4.71,29.13,1.36,0.13,0.0,observed_and_verified_proxy
2025-06-01,2025,6,2,Thrissur,Central,10.52,76.21,Seer Fish,167.74,922.5,181.83,28.91,32.18,4.15,0.95,555.9,4.58,27.74,2.21,0.11,0.0,observed_and_verified_proxy
2025-07-01,2025,7,3,Thrissur,Central,10.52,76.21,Seer Fish,340.99,1282.8,265.81,27.27,32.55,4.19,1.0,468.6,4.66,26.75,2.8,0.248,0.0,observed_and_verified_proxy
2025-08-01,2025,8,3,Thrissur,Central,10.52,76.21,Seer Fish,360.04,1277.3,281.89,26.55,33.3,3.68,0.9,288.6,4.13,26.27,2.21,0.255,0.0,observed_and_verified_proxy
2025-09-01,2025,9,3,Thrissur,Central,10.52,76.21,Seer Fish,343.72,1114.2,308.49,26.93,33.59,2.75,0.6,217.2,3.99,26.88,1.36,0.216,0.0,observed_and_verified_proxy
2025-10-01,2025,10,4,Thrissur,Central,10.52,76.21,Seer Fish,490.77,1852.5,264.92,27.07,33.16,2.04,0.3,322.5,3.23,27.53,1.05,0.437,0.0,observed_and_verified_proxy
2025-11-01,2025,11,4,Thrissur,Central,10.52,76.21,Seer Fish,509.33,2035.3,250.25,27.14,33.92,1.31,0.12,139.2,2.76,27.13,1.0,0.489,0.08,observed_and_verified_proxy
2025-12-01,2025,12,4,Thrissur,Central,10.52,76.21,Seer Fish,500.01,2014.0,248.27,27.51,34.42,0.99,0.06,18.9,2.07,26.42,1.0,0.48,0.072,observed_and_verified_proxy
2025-01-01,2025,1,1,Kasaragod,North,12.5,74.99,Seer Fish,172.64,884.2,195.25,28.14,34.46,0.95,0.05,10.5,1.97,26.95,1.0,0.18,0.0,observed_and_verified_proxy
2025-02-01,2025,2,1,Kasaragod,North,12.5,74.99,Seer Fish,170.22,930.6,182.92,28.86,34.5,1.08,0.1,0.3,2.37,28.71,1.0,0.188,0.0,observed_and_verified_proxy
2025-03-01,2025,3,1,Kasaragod,North,12.5,74.99,Seer Fish,163.3,989.6,165.02,29.49,34.2,1.45,0.2,71.7,2.35,29.11,1.0,0.193,0.0,observed_and_verified_proxy
2025-04-01,2025,4,2,Kasaragod,North,12.5,74.99,Seer Fish,103.93,621.3,167.27,29.85,34.02,1.92,0.35,114.9,2.43,28.73,1.05,0.085,0.0,observed_and_verified_proxy
2025-05-01,2025,5,2,Kasaragod,North,12.5,74.99,Seer Fish,98.35,552.7,177.93,29.77,32.37,3.26,0.65,512.1,4.18,28.34,1.36,0.072,0.0,observed_and_verified_proxy
2025-06-01,2025,6,2,Kasaragod,North,12.5,74.99,Seer Fish,98.01,628.0,156.07,28.91,32.48,4.07,0.95,485.4,4.03,26.95,2.21,0.082,0.0,observed_and_verified_proxy
2025-07-01,2025,7,3,Kasaragod,North,12.5,74.99,Seer Fish,214.59,750.1,286.07,27.27,32.39,4.23,1.0,506.1,4.15,25.84,2.8,0.179,0.0,observed_and_verified_proxy
2025-08-01,2025,8,3,Kasaragod,North,12.5,74.99,Seer Fish,197.97,741.2,267.11,26.55,33.25,3.7,0.9,300.9,3.83,25.37,2.21,0.167,0.0,observed_and_verified_proxy
2025-09-01,2025,9,3,Kasaragod,North,12.5,74.99,Seer Fish,200.29,695.5,287.97,26.93,33.95,2.65,0.6,132.9,3.58,25.96,1.36,0.158,0.0,observed_and_verified_proxy
2025-10-01,2025,10,4,Kasaragod,North,12.5,74.99,Seer Fish,293.03,1107.1,264.69,27.07,33.28,2.01,0.3,292.8,2.72,26.71,1.05,0.325,0.0,observed_and_verified_proxy
2025-11-01,2025,11,4,Kasaragod,North,12.5,74.99,Seer Fish,291.41,1087.8,267.88,27.14,34.28,1.2,0.12,53.1,2.37,26.3,1.0,0.318,0.0,observed_and_verified_proxy
2025-12-01,2025,12,4,Kasaragod,North,12.5,74.99,Seer Fish,291.58,1169.4,249.35,27.51,34.41,1.0,0.06,21.9,2.04,25.7,1.0,0.342,0.0,observed_and_verified_proxy
