date,year,month,quarter,district,region,latitude,longitude,species,catch_tonnes,fishing_effort_boat_days,cpue_kg_per_boat_day,sea_surface_temperature_c,salinity_psu,chlorophyll_a_mg_m3,upwelling_index,rainfall_mm,wind_speed_ms,air_temperature_c,wave_height_m,fishing_pressure,overfishing_risk_label,data_type
2012-01-01,2012,1,1,Kozhikode,North,11.25,75.78,Tuna,3082.27,6234.5,494.39,28.14,34.5,0.94,0.05,0.9,2.4,26.22,1.0,0.672,0.0,observed_and_verified_proxy
2012-02-01,2012,2,1,Kozhikode,North,11.25,75.78,Tuna,2949.55,5590.4,527.61,28.86,34.48,1.09,0.1,6.0,2.36,27.6,1.0,0.599,0.0,observed_and_verified_proxy
2012-03-01,2012,3,1,Kozhikode,North,11.25,75.78,Tuna,3107.06,5476.6,567.33,29.49,34.47,1.37,0.2,6.3,2.79,28.24,1.0,0.591,0.0,observed_and_verified_proxy
2012-04-01,2012,4,2,Kozhikode,North,11.25,75.78,Tuna,1070.76,3438.1,311.44,29.85,33.89,1.96,0.35,147.3,2.7,28.11,1.05,0.294,0.0,observed_and_verified_proxy
2012-05-01,2012,5,2,Kozhikode,North,11.25,75.78,Tuna,1091.72,3767.3,289.79,29.77,34.29,2.68,0.65,50.4,3.46,27.51,1.36,0.324,0.0,observed_and_verified_proxy
2012-06-01,2012,6,2,Kozhikode,North,11.25,75.78,Tuna,1107.7,3582.2,309.23,28.91,32.12,4.17,0.95,570.6,3.59,26.13,2.21,0.309,0.0,observed_and_verified_proxy
2012-07-01,2012,7,3,Kozhikode,North,11.25,75.78,Tuna,1566.68,4526.0,346.15,27.27,32.99,4.05,1.0,362.4,3.71,25.56,2.8,0.43,0.0,observed_and_verified_proxy
2012-08-01,2012,8,3,Kozhikode,North,11.25,75.78,Tuna,1676.61,4829.7,347.15,26.55,32.34,3.97,0.9,518.4,3.49,25.18,2.21,0.466,0.0,observed_and_verified_proxy
2012-09-01,2012,9,3,Kozhikode,North,11.25,75.78,Tuna,1575.55,4695.2,335.56,26.93,33.54,2.77,0.6,230.7,2.97,25.49,1.36,0.447,0.0,observed_and_verified_proxy
2012-10-01,2012,10,4,Kozhikode,North,11.25,75.78,Tuna,3976.0,6731.6,590.64,27.07,33.61,1.91,0.3,212.7,2.13,26.22,1.05,0.749,0.0,observed_and_verified_proxy
2012-11-01,2012,11,4,Kozhikode,North,11.25,75.78,Tuna,4049.47,7681.7,527.16,27.14,33.98,1.29,0.12,124.5,1.9,26.01,1.0,0.857,0.0,observed_and_verified_proxy
2012-12-01,2012,12,4,Kozhikode,North,11.25,75.78,Tuna,3998.56,6788.4,589.03,27.51,34.46,0.98,0.06,9.0,1.88,26.49,1.0,0.756,0.0,observed_and_verified_proxy
2012-01-01,2012,1,1,Ernakulam,Central,9.98,76.28,Tuna,2727.13,4973.3,548.35,28.14,34.49,0.94,0.05,1.5,2.08,26.93,1.0,0.589,0.0,observed_and_verified_proxy
2012-02-01,2012,2,1,Ernakulam,Central,9.98,76.28,Tuna,2778.48,5631.4,493.39,28.86,34.41,1.11,0.1,21.6,2.15,28.59,1.0,0.668,0.0,observed_and_verified_proxy
2012-03-01,2012,3,1,Ernakulam,Central,9.98,76.28,Tuna,2554.58,5498.1,464.63,29.49,34.34,1.41,0.2,37.8,3.08,29.05,1.0,0.644,0.0,observed_and_verified_proxy
2012-04-01,2012,4,2,Ernakulam,Central,9.98,76.28,Tuna,1001.37,3377.4,296.49,29.85,33.4,2.11,0.35,264.3,2.98,28.43,1.05,0.315,0.0,observed_and_verified_proxy
2012-05-01,2012,5,2,Ernakulam,Central,9.98,76.28,Tuna,961.04,3195.2,300.78,29.77,33.97,2.78,0.65,127.8,3.77,27.56,1.36,0.294,0.0,observed_and_verified_proxy
2012-06-01,2012,6,2,Ernakulam,Central,9.98,76.28,Tuna,945.95,3159.7,299.38,28.91,33.22,3.84,0.95,307.8,4.05,26.61,2.21,0.29,0.0,observed_and_verified_proxy
2012-07-01,2012,7,3,Ernakulam,Central,9.98,76.28,Tuna,1451.38,3805.1,381.43,27.27,33.6,3.87,1.0,216.6,4.29,26.26,2.8,0.396,0.0,observed_and_verified_proxy
2012-08-01,2012,8,3,Ernakulam,Central,9.98,76.28,Tuna,1498.26,4196.4,357.04,26.55,33.13,3.73,0.9,328.5,3.96,25.96,2.21,0.441,0.0,observed_and_verified_proxy
2012-09-01,2012,9,3,Ernakulam,Central,9.98,76.28,Tuna,1386.69,4341.6,319.4,26.93,33.77,2.7,0.6,176.1,3.5,26.33,1.36,0.447,0.0,observed_and_verified_proxy
2012-10-01,2012,10,4,Ernakulam,Central,9.98,76.28,Tuna,3457.95,6065.5,570.1,27.07,33.65,1.9,0.3,204.9,2.5,26.88,1.05,0.742,0.0,observed_and_verified_proxy
2012-11-01,2012,11,4,Ernakulam,Central,9.98,76.28,Tuna,3462.94,6543.8,529.19,27.14,33.95,1.3,0.12,132.9,2.11,26.86,1.0,0.801,0.0,observed_and_verified_proxy
2012-12-01,2012,12,4,Ernakulam,Central,9.98,76.28,Tuna,3655.44,6212.6,588.4,27.51,34.45,0.98,0.06,12.0,2.12,27.67,1.0,0.765,0.0,observed_and_verified_proxy
2012-01-01,2012,1,1,Alappuzha,South,9.49,76.33,Tuna,2276.0,4971.7,457.79,28.14,34.48,0.95,0.05,5.1,3.31,26.16,1.0,0.647,0.0,observed_and_verified_proxy
2012-02-01,2012,2,1,Alappuzha,South,9.49,76.33,Tuna,2265.91,4680.4,484.13,28.86,34.46,1.09,0.1,8.7,3.5,27.77,1.0,0.609,0.0,observed_and_verified_proxy
2012-03-01,2012,3,1,Alappuzha,South,9.49,76.33,Tuna,2459.14,4764.7,516.12,29.49,34.37,1.4,0.2,31.2,3.16,28.86,1.0,0.629,0.0,observed_and_verified_proxy
2012-04-01,2012,4,2,Alappuzha,South,9.49,76.33,Tuna,827.72,2936.2,281.9,29.85,33.89,1.96,0.35,147.3,3.5,28.5,1.05,0.291,0.0,observed_and_verified_proxy
2012-05-01,2012,5,2,Alappuzha,South,9.49,76.33,Tuna,822.38,2928.0,280.87,29.77,34.19,2.71,0.65,75.3,5.2,27.83,1.36,0.289,0.0,observed_and_verified_proxy
2012-06-01,2012,6,2,Alappuzha,South,9.49,76.33,Tuna,855.96,2772.9,308.69,28.91,34.07,3.59,0.95,103.5,5.89,27.06,2.21,0.278,0.0,observed_and_verified_proxy
2012-07-01,2012,7,3,Alappuzha,South,9.49,76.33,Tuna,1306.41,3675.1,355.48,27.27,33.94,3.77,1.0,133.8,6.12,26.69,2.8,0.422,0.0,observed_and_verified_proxy
2012-08-01,2012,8,3,Alappuzha,South,9.49,76.33,Tuna,1253.48,3697.6,339.0,26.55,33.85,3.52,0.9,156.9,5.26,26.32,2.21,0.42,0.0,observed_and_verified_proxy
2012-09-01,2012,9,3,Alappuzha,South,9.49,76.33,Tuna,1231.48,3568.9,345.06,26.93,34.18,2.58,0.6,77.7,4.92,26.59,1.36,0.403,0.0,observed_and_verified_proxy
2012-10-01,2012,10,4,Alappuzha,South,9.49,76.33,Tuna,3090.19,5356.3,576.93,27.07,33.64,1.9,0.3,205.8,3.37,26.77,1.05,0.732,0.0,observed_and_verified_proxy
2012-11-01,2012,11,4,Alappuzha,South,9.49,76.33,Tuna,3024.61,5517.3,548.21,27.14,33.95,1.3,0.12,131.1,2.84,26.58,1.0,0.752,0.0,observed_and_verified_proxy
2012-12-01,2012,12,4,Alappuzha,South,9.49,76.33,Tuna,3193.68,6005.6,531.78,27.51,34.27,1.04,0.06,54.0,4.25,26.63,1.0,0.824,0.0,observed_and_verified_proxy
2012-01-01,2012,1,1,Kollam,South,8.89,76.6,Tuna,2283.24,4324.3,528.01,28.14,34.48,0.95,0.05,5.1,3.31,26.16,1.0,0.603,0.0,observed_and_verified_proxy
2012-02-01,2012,2,1,Kollam,South,8.89,76.6,Tuna,2256.7,4253.4,530.56,28.86,34.46,1.09,0.1,8.7,3.5,27.77,1.0,0.592,0.0,observed_and_verified_proxy
2012-03-01,2012,3,1,Kollam,South,8.89,76.6,Tuna,2296.5,4326.8,530.76,29.49,34.37,1.4,0.2,31.2,3.16,28.86,1.0,0.604,0.0,observed_and_verified_proxy
2012-04-01,2012,4,2,Kollam,South,8.89,76.6,Tuna,818.81,2949.0,277.65,29.85,33.89,1.96,0.35,147.3,3.5,28.5,1.05,0.311,0.0,observed_and_verified_proxy
2012-05-01,2012,5,2,Kollam,South,8.89,76.6,Tuna,813.98,2568.9,316.85,29.77,34.19,2.71,0.65,75.3,5.2,27.83,1.36,0.271,0.0,observed_and_verified_proxy
2012-06-01,2012,6,2,Kollam,South,8.89,76.6,Tuna,823.5,2695.2,305.54,28.91,34.07,3.59,0.95,103.5,5.89,27.06,2.21,0.285,0.0,observed_and_verified_proxy
2012-07-01,2012,7,3,Kollam,South,8.89,76.6,Tuna,1194.42,3324.7,359.26,27.27,33.94,3.77,1.0,133.8,6.12,26.69,2.8,0.399,0.0,observed_and_verified_proxy
2012-08-01,2012,8,3,Kollam,South,8.89,76.6,Tuna,1225.47,3397.0,360.75,26.55,33.85,3.52,0.9,156.9,5.26,26.32,2.21,0.41,0.0,observed_and_verified_proxy
2012-09-01,2012,9,3,Kollam,South,8.89,76.6,Tuna,1160.68,3130.1,370.82,26.93,34.18,2.58,0.6,77.7,4.92,26.59,1.36,0.372,0.0,observed_and_verified_proxy
2012-10-01,2012,10,4,Kollam,South,8.89,76.6,Tuna,2865.76,5673.4,505.12,27.07,33.64,1.9,0.3,205.8,3.37,26.77,1.05,0.822,0.0,observed_and_verified_proxy
2012-11-01,2012,11,4,Kollam,South,8.89,76.6,Tuna,3009.22,5142.0,585.22,27.14,33.95,1.3,0.12,131.1,2.84,26.58,1.0,0.75,0.0,observed_and_verified_proxy
2012-12-01,2012,12,4,Kollam,South,8.89,76.6,Tuna,2765.2,5688.1,486.14,27.51,34.27,1.04,0.06,54.0,4.25,26.63,1.0,0.819,0.0,observed_and_verified_proxy
2012-01-01,2012,1,1,Kannur,North,11.87,75.37,Tuna,1694.45,3613.5,468.92,28.14,34.5,0.94,0.05,0.9,2.4,26.22,1.0,0.604,0.0,observed_and_verified_proxy
2012-02-01,2012,2,1,Kannur,North,11.87,75.37,Tuna,1671.08,3568.6,468.27,28.86,34.48,1.09,0.1,6.0,2.36,27.6,1.0,0.595,0.0,observed_and_verified_proxy
2012-03-01,2012,3,1,Kannur,North,11.87,75.37,Tuna,1782.28,3169.7,562.28,29.49,34.47,1.37,0.2,6.3,2.79,28.24,1.0,0.536,0.0,observed_and_verified_proxy
2012-04-01,2012,4,2,Kannur,North,11.87,75.37,Tuna,593.74,2306.9,257.38,29.85,33.89,1.96,0.35,147.3,2.7,28.11,1.05,0.271,0.0,observed_and_verified_proxy
2012-05-01,2012,5,2,Kannur,North,11.87,75.37,Tuna,637.96,2280.9,279.69,29.77,34.29,2.68,0.65,50.4,3.46,27.51,1.36,0.277,0.0,observed_and_verified_proxy
2012-06-01,2012,6,2,Kannur,North,11.87,75.37,Tuna,593.65,2013.0,294.91,28.91,32.12,4.17,0.95,570.6,3.59,26.13,2.21,0.237,0.0,observed_and_verified_proxy
2012-07-01,2012,7,3,Kannur,North,11.87,75.37,Tuna,934.4,2822.7,331.02,27.27,32.99,4.05,1.0,362.4,3.71,25.56,2.8,0.398,0.0,observed_and_verified_proxy
2012-08-01,2012,8,3,Kannur,North,11.87,75.37,Tuna,947.28,2819.3,336.0,26.55,32.34,3.97,0.9,518.4,3.49,25.18,2.21,0.399,0.0,observed_and_verified_proxy
2012-09-01,2012,9,3,Kannur,North,11.87,75.37,Tuna,922.25,2765.5,333.48,26.93,33.54,2.77,0.6,230.7,2.97,25.49,1.36,0.388,0.0,observed_and_verified_proxy
2012-10-01,2012,10,4,Kannur,North,11.87,75.37,Tuna,2180.0,4135.7,527.12,27.07,33.61,1.91,0.3,212.7,2.13,26.22,1.05,0.728,0.0,observed_and_verified_proxy
2012-11-01,2012,11,4,Kannur,North,11.87,75.37,Tuna,2275.76,3905.8,582.67,27.14,33.98,1.29,0.12,124.5,1.9,26.01,1.0,0.693,0.0,observed_and_verified_proxy
2012-12-01,2012,12,4,Kannur,North,11.87,75.37,Tuna,2155.79,3837.3,561.8,27.51,34.46,0.98,0.06,9.0,1.88,26.49,1.0,0.674,0.0,observed_and_verified_proxy
2012-01-01,2012,1,1,Thiruvananthapuram,South,8.52,76.94,Tuna,1350.55,2578.5,523.76,28.14,34.48,0.95,0.05,5.1,3.31,26.16,1.0,0.498,0.0,observed_and_verified_proxy
2012-02-01,2012,2,1,Thiruvananthapuram,South,8.52,76.94,Tuna,1422.56,2695.7,527.72,28.86,34.46,1.09,0.1,8.7,3.5,27.77,1.0,0.528,0.0,observed_and_verified_proxy
2012-03-01,2012,3,1,Thiruvananthapuram,South,8.52,76.94,Tuna,1453.41,2592.4,560.65,29.49,34.37,1.4,0.2,31.2,3.16,28.86,1.0,0.51,0.0,observed_and_verified_proxy
2012-04-01,2012,4,2,Thiruvananthapuram,South,8.52,76.94,Tuna,512.58,1804.4,284.08,29.85,33.89,1.96,0.35,147.3,3.5,28.5,1.05,0.242,0.0,observed_and_verified_proxy
2012-05-01,2012,5,2,Thiruvananthapuram,South,8.52,76.94,Tuna,532.53,1788.3,297.78,29.77,34.19,2.71,0.65,75.3,5.2,27.83,1.36,0.244,0.0,observed_and_verified_proxy
2012-06-01,2012,6,2,Thiruvananthapuram,South,8.52,76.94,Tuna,508.84,1675.4,303.72,28.91,34.07,3.59,0.95,103.5,5.89,27.06,2.21,0.224,0.0,observed_and_verified_proxy
2012-07-01,2012,7,3,Thiruvananthapuram,South,8.52,76.94,Tuna,732.99,2022.3,362.44,27.27,33.94,3.77,1.0,133.8,6.12,26.69,2.8,0.318,0.0,observed_and_verified_proxy
2012-08-01,2012,8,3,Thiruvananthapuram,South,8.52,76.94,Tuna,761.71,2261.7,336.79,26.55,33.85,3.52,0.9,156.9,5.26,26.32,2.21,0.361,0.0,observed_and_verified_proxy
2012-09-01,2012,9,3,Thiruvananthapuram,South,8.52,76.94,Tuna,783.46,2114.6,370.5,26.93,34.18,2.58,0.6,77.7,4.92,26.59,1.36,0.341,0.0,observed_and_verified_proxy
2012-10-01,2012,10,4,Thiruvananthapuram,South,8.52,76.94,Tuna,1805.52,3594.8,502.25,27.07,33.64,1.9,0.3,205.8,3.37,26.77,1.05,0.745,0.0,observed_and_verified_proxy
2012-11-01,2012,11,4,Thiruvananthapuram,South,8.52,76.94,Tuna,1921.11,3487.4,550.86,27.14,33.95,1.3,0.12,131.1,2.84,26.58,1.0,0.732,0.0,observed_and_verified_proxy
2012-12-01,2012,12,4,Thiruvananthapuram,South,8.52,76.94,Tuna,1935.93,3583.1,540.3,27.51,34.27,1.04,0.06,54.0,4.25,26.63,1.0,0.753,0.0,observed_and_verified_proxy
2012-01-01,2012,1,1,Malappuram,North,11.07,76.07,Tuna,1053.63,2108.7,499.66,28.14,34.5,0.94,0.05,0.9,2.4,26.22,1.0,0.486,0.0,observed_and_verified_proxy
2012-02-01,2012,2,1,Malappuram,North,11.07,76.07,Tuna,1089.81,2111.0,516.25,28.86,34.48,1.09,0.1,6.0,2.36,27.6,1.0,0.492,0.0,observed_and_verified_proxy
2012-03-01,2012,3,1,Malappuram,North,11.07,76.07,Tuna,1099.06,2081.1,528.11,29.49,34.47,1.37,0.2,6.3,2.79,28.24,1.0,0.487,0.0,observed_and_verified_proxy
2012-04-01,2012,4,2,Malappuram,North,11.07,76.07,Tuna,403.35,1469.7,274.44,29.85,33.89,1.96,0.35,147.3,2.7,28.11,1.05,0.223,0.0,observed_and_verified_proxy
2012-05-01,2012,5,2,Malappuram,North,11.07,76.07,Tuna,381.09,1363.1,279.57,29.77,34.29,2.68,0.65,50.4,3.46,27.51,1.36,0.201,0.0,observed_and_verified_proxy
2012-06-01,2012,6,2,Malappuram,North,11.07,76.07,Tuna,393.66,1426.2,276.02,28.91,32.12,4.17,0.95,570.6,3.59,26.13,2.21,0.214,0.0,observed_and_verified_proxy
2012-07-01,2012,7,3,Malappuram,North,11.07,76.07,Tuna,571.69,1798.7,317.84,27.27,32.99,4.05,1.0,362.4,3.71,25.56,2.8,0.326,0.0,observed_and_verified_proxy
2012-08-01,2012,8,3,Malappuram,North,11.07,76.07,Tuna,594.78,1559.1,381.47,26.55,32.34,3.97,0.9,518.4,3.49,25.18,2.21,0.288,0.0,observed_and_verified_proxy
2012-09-01,2012,9,3,Malappuram,North,11.07,76.07,Tuna,615.03,1700.6,361.65,26.93,33.54,2.77,0.6,230.7,2.97,25.49,1.36,0.319,0.0,observed_and_verified_proxy
2012-10-01,2012,10,4,Malappuram,North,11.07,76.07,Tuna,1451.69,2511.2,578.08,27.07,33.61,1.91,0.3,212.7,2.13,26.22,1.05,0.635,0.0,observed_and_verified_proxy
2012-11-01,2012,11,4,Malappuram,North,11.07,76.07,Tuna,1465.56,2671.4,548.61,27.14,33.98,1.29,0.12,124.5,1.9,26.01,1.0,0.678,0.0,observed_and_verified_proxy
2012-12-01,2012,12,4,Malappuram,North,11.07,76.07,Tuna,1389.17,2545.9,545.65,27.51,34.46,0.98,0.06,9.0,1.88,26.49,1.0,0.637,0.0,observed_and_verified_proxy
2012-01-01,2012,1,1,Thrissur,Central,10.52,76.21,Tuna,819.82,1478.3,554.59,28.14,34.49,0.94,0.05,1.5,2.08,26.93,1.0,0.437,0.0,observed_and_verified_proxy
2012-02-01,2012,2,1,Thrissur,Central,10.52,76.21,Tuna,779.43,1516.2,514.05,28.86,34.41,1.11,0.1,21.6,2.15,28.59,1.0,0.44,0.0,observed_and_verified_proxy
2012-03-01,2012,3,1,Thrissur,Central,10.52,76.21,Tuna,777.8,1617.9,480.74,29.49,34.34,1.41,0.2,37.8,3.08,29.05,1.0,0.469,0.0,observed_and_verified_proxy
2012-04-01,2012,4,2,Thrissur,Central,10.52,76.21,Tuna,275.58,950.7,289.88,29.85,33.4,2.11,0.35,264.3,2.98,28.43,1.05,0.161,0.0,observed_and_verified_proxy
2012-05-01,2012,5,2,Thrissur,Central,10.52,76.21,Tuna,290.36,1048.6,276.91,29.77,33.97,2.78,0.65,127.8,3.77,27.56,1.36,0.183,0.0,observed_and_verified_proxy
2012-06-01,2012,6,2,Thrissur,Central,10.52,76.21,Tuna,279.99,962.4,290.94,28.91,33.22,3.84,0.95,307.8,4.05,26.61,2.21,0.165,0.0,observed_and_verified_proxy
2012-07-01,2012,7,3,Thrissur,Central,10.52,76.21,Tuna,410.53,1284.3,319.65,27.27,33.6,3.87,1.0,216.6,4.29,26.26,2.8,0.276,0.0,observed_and_verified_proxy
2012-08-01,2012,8,3,Thrissur,Central,10.52,76.21,Tuna,416.29,1270.2,327.73,26.55,33.13,3.73,0.9,328.5,3.96,25.96,2.21,0.275,0.0,observed_and_verified_proxy
2012-09-01,2012,9,3,Thrissur,Central,10.52,76.21,Tuna,432.0,1117.6,386.55,26.93,33.77,2.7,0.6,176.1,3.5,26.33,1.36,0.247,0.0,observed_and_verified_proxy
2012-10-01,2012,10,4,Thrissur,Central,10.52,76.21,Tuna,1039.92,1785.3,582.48,27.07,33.65,1.9,0.3,204.9,2.5,26.88,1.05,0.574,0.0,observed_and_verified_proxy
2012-11-01,2012,11,4,Thrissur,Central,10.52,76.21,Tuna,1064.64,2039.5,522.0,27.14,33.95,1.3,0.12,132.9,2.11,26.86,1.0,0.661,0.0,observed_and_verified_proxy
2012-12-01,2012,12,4,Thrissur,Central,10.52,76.21,Tuna,1018.97,1991.3,511.7,27.51,34.45,0.98,0.06,12.0,2.12,27.67,1.0,0.636,0.0,observed_and_verified_proxy
2012-01-01,2012,1,1,Kasaragod,North,12.5,74.99,Tuna,463.67,984.4,471.02,28.14,34.5,0.94,0.05,0.9,2.4,26.22,1.0,0.376,0.0,observed_and_verified_proxy
2012-02-01,2012,2,1,Kasaragod,North,12.5,74.99,Tuna,454.44,878.8,517.13,28.86,34.48,1.09,0.1,6.0,2.36,27.6,1.0,0.332,0.0,observed_and_verified_proxy
2012-03-01,2012,3,1,Kasaragod,North,12.5,74.99,Tuna,478.5,945.1,506.28,29.49,34.47,1.37,0.2,6.3,2.79,28.24,1.0,0.367,0.0,observed_and_verified_proxy
2012-04-01,2012,4,2,Kasaragod,North,12.5,74.99,Tuna,165.37,580.5,284.86,29.85,33.89,1.96,0.35,147.3,2.7,28.11,1.05,0.115,0.0,observed_and_verified_proxy
2012-05-01,2012,5,2,Kasaragod,North,12.5,74.99,Tuna,169.04,607.0,278.49,29.77,34.29,2.68,0.65,50.4,3.46,27.51,1.36,0.122,0.0,observed_and_verified_proxy
2012-06-01,2012,6,2,Kasaragod,North,12.5,74.99,Tuna,171.39,635.0,269.91,28.91,32.12,4.17,0.95,570.6,3.59,26.13,2.21,0.129,0.0,observed_and_verified_proxy
2012-07-01,2012,7,3,Kasaragod,North,12.5,74.99,Tuna,264.1,745.5,354.26,27.27,32.99,4.05,1.0,362.4,3.71,25.56,2.8,0.205,0.0,observed_and_verified_proxy
2012-08-01,2012,8,3,Kasaragod,North,12.5,74.99,Tuna,263.59,757.1,348.14,26.55,32.34,3.97,0.9,518.4,3.49,25.18,2.21,0.207,0.0,observed_and_verified_proxy
2012-09-01,2012,9,3,Kasaragod,North,12.5,74.99,Tuna,262.92,693.2,379.3,26.93,33.54,2.77,0.6,230.7,2.97,25.49,1.36,0.19,0.0,observed_and_verified_proxy
2012-10-01,2012,10,4,Kasaragod,North,12.5,74.99,Tuna,594.61,1211.9,490.62,27.07,33.61,1.91,0.3,212.7,2.13,26.22,1.05,0.522,0.0,observed_and_verified_proxy
2012-11-01,2012,11,4,Kasaragod,North,12.5,74.99,Tuna,586.71,1160.9,505.38,27.14,33.98,1.29,0.12,124.5,1.9,26.01,1.0,0.497,0.0,observed_and_verified_proxy
2012-12-01,2012,12,4,Kasaragod,North,12.5,74.99,Tuna,603.95,1136.3,531.49,27.51,34.46,0.98,0.06,9.0,1.88,26.49,1.0,0.493,0.0,observed_and_verified_proxy
2013-01-01,2013,1,1,Kozhikode,North,11.25,75.78,Tuna,2495.65,6183.7,403.59,28.14,34.5,0.94,0.05,0.9,2.52,27.09,1.0,0.646,0.0,observed_and_verified_proxy
2013-02-01,2013,2,1,Kozhikode,North,11.25,75.78,Tuna,2488.09,6106.1,407.47,28.86,34.35,1.13,0.1,36.9,2.48,27.75,1.0,0.637,0.0,observed_and_verified_proxy
2013-03-01,2013,3,1,Kozhikode,North,11.25,75.78,Tuna,2458.85,6248.9,393.49,29.49,34.35,1.4,0.2,36.0,2.43,28.8,1.0,0.651,0.0,observed_and_verified_proxy
2013-04-01,2013,4,2,Kozhikode,North,11.25,75.78,Tuna,879.9,3929.7,223.91,29.85,34.44,1.8,0.35,14.1,3.14,28.95,1.05,0.314,0.0,observed_and_verified_proxy
2013-05-01,2013,5,2,Kozhikode,North,11.25,75.78,Tuna,869.88,3670.2,237.01,29.77,33.78,2.84,0.65,173.4,3.54,28.12,1.36,0.292,0.0,observed_and_verified_proxy
2013-06-01,2013,6,2,Kozhikode,North,11.25,75.78,Tuna,871.08,3526.5,247.01,28.91,30.31,4.72,0.95,1005.0,4.36,25.96,2.21,0.281,0.0,observed_and_verified_proxy
2013-07-01,2013,7,3,Kozhikode,North,11.25,75.78,Tuna,1226.35,4454.1,275.33,27.27,30.2,4.89,1.0,1032.9,4.31,24.98,2.8,0.396,0.0,observed_and_verified_proxy
2013-08-01,2013,8,3,Kozhikode,North,11.25,75.78,Tuna,1270.44,4712.6,269.58,26.55,32.78,3.84,0.9,413.7,3.73,25.01,2.21,0.424,0.0,observed_and_verified_proxy
2013-09-01,2013,9,3,Kozhikode,North,11.25,75.78,Tuna,1305.53,4164.6,313.48,26.93,33.46,2.79,0.6,249.6,3.24,25.21,1.36,0.377,0.0,observed_and_verified_proxy
2013-10-01,2013,10,4,Kozhikode,North,11.25,75.78,Tuna,3098.92,7735.1,400.63,27.07,33.72,1.87,0.3,187.2,3.09,25.68,1.05,0.835,0.195,observed_and_verified_proxy
2013-11-01,2013,11,4,Kozhikode,North,11.25,75.78,Tuna,3158.92,6787.5,465.4,27.14,34.09,1.26,0.12,98.4,1.69,26.29,1.0,0.734,0.0,observed_and_verified_proxy
2013-12-01,2013,12,4,Kozhikode,North,11.25,75.78,Tuna,3066.41,7661.3,400.25,27.51,34.42,0.99,0.06,18.0,2.04,25.65,1.0,0.825,0.184,observed_and_verified_proxy
2013-01-01,2013,1,1,Ernakulam,Central,9.98,76.28,Tuna,2045.63,5544.9,368.92,28.14,34.49,0.94,0.05,3.0,2.33,28.31,1.0,0.624,0.0,observed_and_verified_proxy
2013-02-01,2013,2,1,Ernakulam,Central,9.98,76.28,Tuna,2118.31,4836.5,437.98,28.86,34.17,1.18,0.1,78.6,2.51,28.5,1.0,0.548,0.0,observed_and_verified_proxy
2013-03-01,2013,3,1,Ernakulam,Central,9.98,76.28,Tuna,2192.07,5057.6,433.42,29.49,34.31,1.42,0.2,45.3,2.44,29.43,1.0,0.577,0.0,observed_and_verified_proxy
2013-04-01,2013,4,2,Ernakulam,Central,9.98,76.28,Tuna,733.91,3352.8,218.9,29.85,34.43,1.8,0.35,17.4,3.57,29.84,1.05,0.279,0.0,observed_and_verified_proxy
2013-05-01,2013,5,2,Ernakulam,Central,9.98,76.28,Tuna,773.03,3532.3,218.85,29.77,33.65,2.87,0.65,203.7,4.19,28.43,1.36,0.3,0.0,observed_and_verified_proxy
2013-06-01,2013,6,2,Ernakulam,Central,9.98,76.28,Tuna,763.58,3308.5,230.79,28.91,30.75,4.58,0.95,899.1,4.89,26.48,2.21,0.28,0.0,observed_and_verified_proxy
2013-07-01,2013,7,3,Ernakulam,Central,9.98,76.28,Tuna,1159.56,3964.9,292.46,27.27,32.16,4.3,1.0,561.3,4.43,25.63,2.8,0.388,0.0,observed_and_verified_proxy
2013-08-01,2013,8,3,Ernakulam,Central,9.98,76.28,Tuna,1109.49,3996.0,277.65,26.55,33.38,3.66,0.9,269.1,4.08,25.66,2.21,0.386,0.0,observed_and_verified_proxy
2013-09-01,2013,9,3,Ernakulam,Central,9.98,76.28,Tuna,1179.44,3756.0,314.01,26.93,33.66,2.73,0.6,201.0,3.89,25.96,1.36,0.369,0.0,observed_and_verified_proxy
2013-10-01,2013,10,4,Ernakulam,Central,9.98,76.28,Tuna,2899.66,6927.3,418.58,27.07,33.64,1.9,0.3,206.1,3.23,26.22,1.05,0.828,0.146,observed_and_verified_proxy
2013-11-01,2013,11,4,Ernakulam,Central,9.98,76.28,Tuna,2671.19,6695.5,398.95,27.14,33.67,1.39,0.12,200.1,1.9,26.73,1.0,0.79,0.14,observed_and_verified_proxy
2013-12-01,2013,12,4,Ernakulam,Central,9.98,76.28,Tuna,2808.14,6499.9,432.03,27.51,34.31,1.03,0.06,46.2,2.19,26.41,1.0,0.773,0.045,observed_and_verified_proxy
2013-01-01,2013,1,1,Alappuzha,South,9.49,76.33,Tuna,1911.86,4302.3,444.38,28.14,34.48,0.95,0.05,4.5,3.16,27.38,1.0,0.541,0.0,observed_and_verified_proxy
2013-02-01,2013,2,1,Alappuzha,South,9.49,76.33,Tuna,1843.09,4302.4,428.39,28.86,34.29,1.14,0.1,49.8,3.28,28.13,1.0,0.537,0.0,observed_and_verified_proxy
2013-03-01,2013,3,1,Alappuzha,South,9.49,76.33,Tuna,1841.3,4423.6,416.25,29.49,34.18,1.46,0.2,77.4,2.79,29.17,1.0,0.552,0.0,observed_and_verified_proxy
2013-04-01,2013,4,2,Alappuzha,South,9.49,76.33,Tuna,648.27,2784.2,232.84,29.85,34.25,1.86,0.35,60.3,3.87,29.19,1.05,0.25,0.0,observed_and_verified_proxy
2013-05-01,2013,5,2,Alappuzha,South,9.49,76.33,Tuna,692.69,3160.4,219.18,29.77,34.05,2.75,0.65,106.8,5.46,28.24,1.36,0.291,0.0,observed_and_verified_proxy
2013-06-01,2013,6,2,Alappuzha,South,9.49,76.33,Tuna,643.01,2749.2,233.89,28.91,32.66,4.01,0.95,441.3,6.19,26.32,2.21,0.245,0.0,observed_and_verified_proxy
2013-07-01,2013,7,3,Alappuzha,South,9.49,76.33,Tuna,1047.83,3445.3,304.13,27.27,33.57,3.88,1.0,222.9,5.36,25.44,2.8,0.37,0.0,observed_and_verified_proxy
2013-08-01,2013,8,3,Alappuzha,South,9.49,76.33,Tuna,1014.16,3588.9,282.58,26.55,33.96,3.48,0.9,129.0,5.24,25.42,2.21,0.382,0.0,observed_and_verified_proxy
2013-09-01,2013,9,3,Alappuzha,South,9.49,76.33,Tuna,1006.07,3387.4,297.01,26.93,33.82,2.68,0.6,162.6,5.2,25.82,1.36,0.359,0.0,observed_and_verified_proxy
2013-10-01,2013,10,4,Alappuzha,South,9.49,76.33,Tuna,2576.92,5637.5,457.1,27.07,33.7,1.88,0.3,190.8,4.26,26.12,1.05,0.749,0.0,observed_and_verified_proxy
2013-11-01,2013,11,4,Alappuzha,South,9.49,76.33,Tuna,2385.71,5769.2,413.53,27.14,33.41,1.46,0.12,261.3,2.28,26.52,1.0,0.757,0.065,observed_and_verified_proxy
2013-12-01,2013,12,4,Alappuzha,South,9.49,76.33,Tuna,2465.21,5956.7,413.86,27.51,34.34,1.01,0.06,37.5,3.61,25.77,1.0,0.786,0.102,observed_and_verified_proxy
2013-01-01,2013,1,1,Kollam,South,8.89,76.6,Tuna,1718.76,4609.5,372.88,28.14,34.48,0.95,0.05,4.5,3.16,27.38,1.0,0.607,0.0,observed_and_verified_proxy
2013-02-01,2013,2,1,Kollam,South,8.89,76.6,Tuna,1830.19,4426.3,413.48,28.86,34.29,1.14,0.1,49.8,3.28,28.13,1.0,0.591,0.0,observed_and_verified_proxy
2013-03-01,2013,3,1,Kollam,South,8.89,76.6,Tuna,1840.44,3979.0,462.54,29.49,34.18,1.46,0.2,77.4,2.79,29.17,1.0,0.532,0.0,observed_and_verified_proxy
2013-04-01,2013,4,2,Kollam,South,8.89,76.6,Tuna,616.02,2910.3,211.67,29.85,34.25,1.86,0.35,60.3,3.87,29.19,1.05,0.273,0.0,observed_and_verified_proxy
2013-05-01,2013,5,2,Kollam,South,8.89,76.6,Tuna,610.26,2601.6,234.57,29.77,34.05,2.75,0.65,106.8,5.46,28.24,1.36,0.243,0.0,observed_and_verified_proxy
2013-06-01,2013,6,2,Kollam,South,8.89,76.6,Tuna,602.06,2826.9,212.98,28.91,32.66,4.01,0.95,441.3,6.19,26.32,2.21,0.263,0.0,observed_and_verified_proxy
2013-07-01,2013,7,3,Kollam,South,8.89,76.6,Tuna,903.81,3580.9,252.4,27.27,33.57,3.88,1.0,222.9,5.36,25.44,2.8,0.392,0.0,observed_and_verified_proxy
2013-08-01,2013,8,3,Kollam,South,8.89,76.6,Tuna,982.72,3338.1,294.39,26.55,33.96,3.48,0.9,129.0,5.24,25.42,2.21,0.376,0.0,observed_and_verified_proxy
2013-09-01,2013,9,3,Kollam,South,8.89,76.6,Tuna,990.4,3462.6,286.03,26.93,33.82,2.68,0.6,162.6,5.2,25.82,1.36,0.391,0.0,observed_and_verified_proxy
2013-10-01,2013,10,4,Kollam,South,8.89,76.6,Tuna,2332.64,5544.9,420.68,27.07,33.7,1.88,0.3,190.8,4.26,26.12,1.05,0.777,0.075,observed_and_verified_proxy
2013-11-01,2013,11,4,Kollam,South,8.89,76.6,Tuna,2209.47,5404.2,408.84,27.14,33.41,1.46,0.12,261.3,2.28,26.52,1.0,0.749,0.066,observed_and_verified_proxy
2013-12-01,2013,12,4,Kollam,South,8.89,76.6,Tuna,2411.15,5679.4,424.54,27.51,34.34,1.01,0.06,37.5,3.61,25.77,1.0,0.8,0.097,observed_and_verified_proxy
2013-01-01,2013,1,1,Kannur,North,11.87,75.37,Tuna,1350.72,3152.1,428.52,28.14,34.5,0.94,0.05,0.9,2.52,27.09,1.0,0.498,0.0,observed_and_verified_proxy
2013-02-01,2013,2,1,Kannur,North,11.87,75.37,Tuna,1393.97,3541.2,393.65,28.86,34.35,1.13,0.1,36.9,2.48,27.75,1.0,0.564,0.0,observed_and_verified_proxy
2013-03-01,2013,3,1,Kannur,North,11.87,75.37,Tuna,1332.66,3334.4,399.67,29.49,34.35,1.4,0.2,36.0,2.43,28.8,1.0,0.525,0.0,observed_and_verified_proxy
2013-04-01,2013,4,2,Kannur,North,11.87,75.37,Tuna,486.87,2126.3,228.98,29.85,34.44,1.8,0.35,14.1,3.14,28.95,1.05,0.227,0.0,observed_and_verified_proxy
2013-05-01,2013,5,2,Kannur,North,11.87,75.37,Tuna,491.62,2320.7,211.84,29.77,33.78,2.84,0.65,173.4,3.54,28.12,1.36,0.249,0.0,observed_and_verified_proxy
2013-06-01,2013,6,2,Kannur,North,11.87,75.37,Tuna,483.17,2175.9,222.06,28.91,30.31,4.72,0.95,1005.0,4.36,25.96,2.21,0.231,0.0,observed_and_verified_proxy
2013-07-01,2013,7,3,Kannur,North,11.87,75.37,Tuna,746.93,2515.0,296.99,27.27,30.2,4.89,1.0,1032.9,4.31,24.98,2.8,0.326,0.0,observed_and_verified_proxy
2013-08-01,2013,8,3,Kannur,North,11.87,75.37,Tuna,744.18,2575.8,288.91,26.55,32.78,3.84,0.9,413.7,3.73,25.01,2.21,0.333,0.0,observed_and_verified_proxy
2013-09-01,2013,9,3,Kannur,North,11.87,75.37,Tuna,717.26,2701.2,265.54,26.93,33.46,2.79,0.6,249.6,3.24,25.21,1.36,0.345,0.0,observed_and_verified_proxy
2013-10-01,2013,10,4,Kannur,North,11.87,75.37,Tuna,1883.4,4305.0,437.49,27.07,33.72,1.87,0.3,187.2,3.09,25.68,1.05,0.736,0.0,observed_and_verified_proxy
2013-11-01,2013,11,4,Kannur,North,11.87,75.37,Tuna,1845.55,4204.7,438.93,27.14,34.09,1.26,0.12,98.4,1.69,26.29,1.0,0.716,0.0,observed_and_verified_proxy
2013-12-01,2013,12,4,Kannur,North,11.87,75.37,Tuna,1824.37,4205.8,433.78,27.51,34.42,0.99,0.06,18.0,2.04,25.65,1.0,0.715,0.0,observed_and_verified_proxy
2013-01-01,2013,1,1,Thiruvananthapuram,South,8.52,76.94,Tuna,1086.83,2622.5,414.42,28.14,34.48,0.95,0.05,4.5,3.16,27.38,1.0,0.475,0.0,observed_and_verified_proxy
2013-02-01,2013,2,1,Thiruvananthapuram,South,8.52,76.94,Tuna,1178.06,2874.1,409.89,28.86,34.29,1.14,0.1,49.8,3.28,28.13,1.0,0.534,0.0,observed_and_verified_proxy
2013-03-01,2013,3,1,Thiruvananthapuram,South,8.52,76.94,Tuna,1170.41,2802.8,417.59,29.49,34.18,1.46,0.2,77.4,2.79,29.17,1.0,0.52,0.0,observed_and_verified_proxy
2013-04-01,2013,4,2,Thiruvananthapuram,South,8.52,76.94,Tuna,401.6,1640.8,244.76,29.85,34.25,1.86,0.35,60.3,3.87,29.19,1.05,0.193,0.0,observed_and_verified_proxy
2013-05-01,2013,5,2,Thiruvananthapuram,South,8.52,76.94,Tuna,388.65,1898.7,204.69,29.77,34.05,2.75,0.65,106.8,5.46,28.24,1.36,0.22,0.0,observed_and_verified_proxy
2013-06-01,2013,6,2,Thiruvananthapuram,South,8.52,76.94,Tuna,396.91,1724.1,230.21,28.91,32.66,4.01,0.95,441.3,6.19,26.32,2.21,0.202,0.0,observed_and_verified_proxy
2013-07-01,2013,7,3,Thiruvananthapuram,South,8.52,76.94,Tuna,639.01,2232.6,286.22,27.27,33.57,3.88,1.0,222.9,5.36,25.44,2.8,0.331,0.0,observed_and_verified_proxy
2013-08-01,2013,8,3,Thiruvananthapuram,South,8.52,76.94,Tuna,584.17,2117.0,275.95,26.55,33.96,3.48,0.9,129.0,5.24,25.42,2.21,0.302,0.0,observed_and_verified_proxy
2013-09-01,2013,9,3,Thiruvananthapuram,South,8.52,76.94,Tuna,582.87,2024.7,287.88,26.93,33.82,2.68,0.6,162.6,5.2,25.82,1.36,0.288,0.0,observed_and_verified_proxy
2013-10-01,2013,10,4,Thiruvananthapuram,South,8.52,76.94,Tuna,1513.08,3485.6,434.1,27.07,33.7,1.88,0.3,190.8,4.26,26.12,1.05,0.693,0.0,observed_and_verified_proxy
2013-11-01,2013,11,4,Thiruvananthapuram,South,8.52,76.94,Tuna,1435.34,3657.5,392.43,27.14,33.41,1.46,0.12,261.3,2.28,26.52,1.0,0.718,0.061,observed_and_verified_proxy
2013-12-01,2013,12,4,Thiruvananthapuram,South,8.52,76.94,Tuna,1447.8,3538.1,409.2,27.51,34.34,1.01,0.06,37.5,3.61,25.77,1.0,0.696,0.0,observed_and_verified_proxy
2013-01-01,2013,1,1,Malappuram,North,11.07,76.07,Tuna,917.97,2241.0,409.63,28.14,34.5,0.94,0.05,0.9,2.52,27.09,1.0,0.493,0.0,observed_and_verified_proxy
2013-02-01,2013,2,1,Malappuram,North,11.07,76.07,Tuna,919.74,2082.2,441.72,28.86,34.35,1.13,0.1,36.9,2.48,27.75,1.0,0.459,0.0,observed_and_verified_proxy
2013-03-01,2013,3,1,Malappuram,North,11.07,76.07,Tuna,911.25,2225.1,409.53,29.49,34.35,1.4,0.2,36.0,2.43,28.8,1.0,0.489,0.0,observed_and_verified_proxy
2013-04-01,2013,4,2,Malappuram,North,11.07,76.07,Tuna,315.71,1314.3,240.21,29.85,34.44,1.8,0.35,14.1,3.14,28.95,1.05,0.173,0.0,observed_and_verified_proxy
2013-05-01,2013,5,2,Malappuram,North,11.07,76.07,Tuna,312.01,1285.3,242.75,29.77,33.78,2.84,0.65,173.4,3.54,28.12,1.36,0.168,0.0,observed_and_verified_proxy
2013-06-01,2013,6,2,Malappuram,North,11.07,76.07,Tuna,327.07,1329.4,246.02,28.91,30.31,4.72,0.95,1005.0,4.36,25.96,2.21,0.179,0.0,observed_and_verified_proxy
2013-07-01,2013,7,3,Malappuram,North,11.07,76.07,Tuna,476.84,1762.7,270.52,27.27,30.2,4.89,1.0,1032.9,4.31,24.98,2.8,0.293,0.0,observed_and_verified_proxy
2013-08-01,2013,8,3,Malappuram,North,11.07,76.07,Tuna,457.95,1670.7,274.11,26.55,32.78,3.84,0.9,413.7,3.73,25.01,2.21,0.272,0.0,observed_and_verified_proxy
2013-09-01,2013,9,3,Malappuram,North,11.07,76.07,Tuna,456.84,1614.9,282.88,26.93,33.46,2.79,0.6,249.6,3.24,25.21,1.36,0.262,0.0,observed_and_verified_proxy
2013-10-01,2013,10,4,Malappuram,North,11.07,76.07,Tuna,1126.77,2573.9,437.77,27.07,33.72,1.87,0.3,187.2,3.09,25.68,1.05,0.606,0.0,observed_and_verified_proxy
2013-11-01,2013,11,4,Malappuram,North,11.07,76.07,Tuna,1184.06,2489.1,475.7,27.14,34.09,1.26,0.12,98.4,1.69,26.29,1.0,0.595,0.0,observed_and_verified_proxy
2013-12-01,2013,12,4,Malappuram,North,11.07,76.07,Tuna,1188.6,2462.1,482.76,27.51,34.42,0.99,0.06,18.0,2.04,25.65,1.0,0.589,0.0,observed_and_verified_proxy
2013-01-01,2013,1,1,Thrissur,Central,10.52,76.21,Tuna,596.73,1526.2,390.99,28.14,34.49,0.94,0.05,3.0,2.33,28.31,1.0,0.395,0.0,observed_and_verified_proxy
2013-02-01,2013,2,1,Thrissur,Central,10.52,76.21,Tuna,631.32,1459.3,432.61,28.86,34.17,1.18,0.1,78.6,2.51,28.5,1.0,0.388,0.0,observed_and_verified_proxy
2013-03-01,2013,3,1,Thrissur,Central,10.52,76.21,Tuna,650.4,1448.8,448.92,29.49,34.31,1.42,0.2,45.3,2.44,29.43,1.0,0.39,0.0,observed_and_verified_proxy
2013-04-01,2013,4,2,Thrissur,Central,10.52,76.21,Tuna,220.82,1015.5,217.45,29.85,34.43,1.8,0.35,17.4,3.57,29.84,1.05,0.148,0.0,observed_and_verified_proxy
2013-05-01,2013,5,2,Thrissur,Central,10.52,76.21,Tuna,217.56,1033.0,210.6,29.77,33.65,2.87,0.65,203.7,4.19,28.43,1.36,0.149,0.0,observed_and_verified_proxy
2013-06-01,2013,6,2,Thrissur,Central,10.52,76.21,Tuna,217.06,916.3,236.87,28.91,30.75,4.58,0.95,899.1,4.89,26.48,2.21,0.132,0.0,observed_and_verified_proxy
2013-07-01,2013,7,3,Thrissur,Central,10.52,76.21,Tuna,332.27,1218.9,272.59,27.27,32.16,4.3,1.0,561.3,4.43,25.63,2.8,0.232,0.0,observed_and_verified_proxy
2013-08-01,2013,8,3,Thrissur,Central,10.52,76.21,Tuna,348.65,1279.3,272.52,26.55,33.38,3.66,0.9,269.1,4.08,25.66,2.21,0.25,0.0,observed_and_verified_proxy
2013-09-01,2013,9,3,Thrissur,Central,10.52,76.21,Tuna,339.22,1147.0,295.74,26.93,33.66,2.73,0.6,201.0,3.89,25.96,1.36,0.221,0.0,observed_and_verified_proxy
2013-10-01,2013,10,4,Thrissur,Central,10.52,76.21,Tuna,793.98,1797.7,441.67,27.07,33.64,1.9,0.3,206.1,3.23,26.22,1.05,0.525,0.0,observed_and_verified_proxy
2013-11-01,2013,11,4,Thrissur,Central,10.52,76.21,Tuna,862.36,1895.0,455.08,27.14,33.67,1.39,0.12,200.1,1.9,26.73,1.0,0.571,0.0,observed_and_verified_proxy
2013-12-01,2013,12,4,Thrissur,Central,10.52,76.21,Tuna,783.86,1974.6,396.97,27.51,34.31,1.03,0.06,46.2,2.19,26.41,1.0,0.574,0.0,observed_and_verified_proxy
2013-01-01,2013,1,1,Kasaragod,North,12.5,74.99,Tuna,370.42,971.6,381.24,28.14,34.5,0.94,0.05,0.9,2.52,27.09,1.0,0.328,0.0,observed_and_verified_proxy
2013-02-01,2013,2,1,Kasaragod,North,12.5,74.99,Tuna,386.56,876.4,441.06,28.86,34.35,1.13,0.1,36.9,2.48,27.75,1.0,0.303,0.0,observed_and_verified_proxy
2013-03-01,2013,3,1,Kasaragod,North,12.5,74.99,Tuna,364.81,970.5,375.9,29.49,34.35,1.4,0.2,36.0,2.43,28.8,1.0,0.325,0.0,observed_and_verified_proxy
2013-04-01,2013,4,2,Kasaragod,North,12.5,74.99,Tuna,141.52,545.0,259.67,29.85,34.44,1.8,0.35,14.1,3.14,28.95,1.05,0.095,0.0,observed_and_verified_proxy
2013-05-01,2013,5,2,Kasaragod,North,12.5,74.99,Tuna,129.68,569.0,227.92,29.77,33.78,2.84,0.65,173.4,3.54,28.12,1.36,0.093,0.0,observed_and_verified_proxy
2013-06-01,2013,6,2,Kasaragod,North,12.5,74.99,Tuna,136.6,597.4,228.64,28.91,30.31,4.72,0.95,1005.0,4.36,25.96,2.21,0.102,0.0,observed_and_verified_proxy
2013-07-01,2013,7,3,Kasaragod,North,12.5,74.99,Tuna,197.87,681.1,290.51,27.27,30.2,4.89,1.0,1032.9,4.31,24.98,2.8,0.153,0.0,observed_and_verified_proxy
2013-08-01,2013,8,3,Kasaragod,North,12.5,74.99,Tuna,195.13,766.6,254.52,26.55,32.78,3.84,0.9,413.7,3.73,25.01,2.21,0.171,0.0,observed_and_verified_proxy
2013-09-01,2013,9,3,Kasaragod,North,12.5,74.99,Tuna,209.4,753.3,277.97,26.93,33.46,2.79,0.6,249.6,3.24,25.21,1.36,0.176,0.0,observed_and_verified_proxy
2013-10-01,2013,10,4,Kasaragod,North,12.5,74.99,Tuna,494.94,1144.4,432.48,27.07,33.72,1.87,0.3,187.2,3.09,25.68,1.05,0.452,0.0,observed_and_verified_proxy
2013-11-01,2013,11,4,Kasaragod,North,12.5,74.99,Tuna,480.52,1191.7,403.23,27.14,34.09,1.26,0.12,98.4,1.69,26.29,1.0,0.463,0.0,observed_and_verified_proxy
2013-12-01,2013,12,4,Kasaragod,North,12.5,74.99,Tuna,504.27,1166.6,432.26,27.51,34.42,0.99,0.06,18.0,2.04,25.65,1.0,0.465,0.0,observed_and_verified_proxy
2014-01-01,2014,1,1,Kozhikode,North,11.25,75.78,Tuna,2076.05,5557.2,373.57,28.14,34.49,0.94,0.05,2.7,2.31,26.86,1.0,0.561,0.0,observed_and_verified_proxy
2014-02-01,2014,2,1,Kozhikode,North,11.25,75.78,Tuna,2144.31,6023.9,355.97,28.86,34.49,1.08,0.1,1.5,2.69,27.6,1.0,0.612,0.005,observed_and_verified_proxy
2014-03-01,2014,3,1,Kozhikode,North,11.25,75.78,Tuna,2039.68,5607.0,363.78,29.49,34.47,1.37,0.2,7.2,2.61,29.09,1.0,0.564,0.0,observed_and_verified_proxy
2014-04-01,2014,4,2,Kozhikode,North,11.25,75.78,Tuna,714.21,3799.7,187.97,29.85,34.2,1.87,0.35,71.4,2.55,28.67,1.05,0.28,0.0,observed_and_verified_proxy
2014-05-01,2014,5,2,Kozhikode,North,11.25,75.78,Tuna,759.73,3661.9,207.47,29.77,33.36,2.96,0.65,273.9,2.6,27.74,1.36,0.277,0.0,observed_and_verified_proxy
2014-06-01,2014,6,2,Kozhikode,North,11.25,75.78,Tuna,728.3,3904.6,186.53,28.91,32.7,4.0,0.95,432.3,4.0,26.95,2.21,0.29,0.0,observed_and_verified_proxy
2014-07-01,2014,7,3,Kozhikode,North,11.25,75.78,Tuna,1146.12,4650.5,246.45,27.27,30.79,4.71,1.0,890.7,3.85,25.69,2.8,0.406,0.0,observed_and_verified_proxy
2014-08-01,2014,8,3,Kozhikode,North,11.25,75.78,Tuna,1132.06,4748.5,238.4,26.55,31.72,4.15,0.9,666.9,3.42,25.12,2.21,0.413,0.007,observed_and_verified_proxy
2014-09-01,2014,9,3,Kozhikode,North,11.25,75.78,Tuna,1053.67,4266.9,246.94,26.93,33.26,2.85,0.6,296.7,3.28,25.73,1.36,0.363,0.0,observed_and_verified_proxy
2014-10-01,2014,10,4,Kozhikode,North,11.25,75.78,Tuna,2784.28,6855.5,406.14,27.07,33.45,1.96,0.3,252.3,2.28,26.02,1.05,0.728,0.044,observed_and_verified_proxy
2014-11-01,2014,11,4,Kozhikode,North,11.25,75.78,Tuna,2552.13,7227.5,353.11,27.14,34.13,1.25,0.12,89.7,1.6,26.15,1.0,0.757,0.2,observed_and_verified_proxy
2014-12-01,2014,12,4,Kozhikode,North,11.25,75.78,Tuna,2674.04,7101.1,376.57,27.51,34.35,1.01,0.06,34.8,1.84,25.95,1.0,0.75,0.138,observed_and_verified_proxy
2014-01-01,2014,1,1,Ernakulam,Central,9.98,76.28,Tuna,1756.8,4898.5,358.64,28.14,34.49,0.94,0.05,2.7,2.08,27.4,1.0,0.534,0.0,observed_and_verified_proxy
2014-02-01,2014,2,1,Ernakulam,Central,9.98,76.28,Tuna,1920.79,5631.8,341.06,28.86,34.41,1.11,0.1,21.0,2.56,28.53,1.0,0.626,0.056,observed_and_verified_proxy
2014-03-01,2014,3,1,Ernakulam,Central,9.98,76.28,Tuna,1801.82,5652.4,318.77,29.49,34.44,1.38,0.2,15.6,2.47,30.04,1.0,0.62,0.097,observed_and_verified_proxy
2014-04-01,2014,4,2,Ernakulam,Central,9.98,76.28,Tuna,686.16,3458.9,198.38,29.85,34.05,1.91,0.35,107.4,2.94,29.23,1.05,0.28,0.0,observed_and_verified_proxy
2014-05-01,2014,5,2,Ernakulam,Central,9.98,76.28,Tuna,642.52,3410.0,188.42,29.77,33.43,2.94,0.65,257.4,3.17,28.45,1.36,0.269,0.0,observed_and_verified_proxy
2014-06-01,2014,6,2,Ernakulam,Central,9.98,76.28,Tuna,671.11,3156.5,212.61,28.91,33.22,3.84,0.95,306.6,4.64,27.51,2.21,0.253,0.0,observed_and_verified_proxy
2014-07-01,2014,7,3,Ernakulam,Central,9.98,76.28,Tuna,959.65,4154.4,230.99,27.27,32.58,4.18,1.0,461.7,4.0,26.21,2.8,0.383,0.0,observed_and_verified_proxy
2014-08-01,2014,8,3,Ernakulam,Central,9.98,76.28,Tuna,939.69,4204.6,223.49,26.55,31.86,4.11,0.9,633.6,3.98,25.8,2.21,0.384,0.003,observed_and_verified_proxy
2014-09-01,2014,9,3,Ernakulam,Central,9.98,76.28,Tuna,977.91,3867.7,252.84,26.93,33.55,2.77,0.6,228.9,3.77,26.39,1.36,0.358,0.0,observed_and_verified_proxy
2014-10-01,2014,10,4,Ernakulam,Central,9.98,76.28,Tuna,2280.46,6170.3,369.58,27.07,33.19,2.03,0.3,313.8,2.46,26.57,1.05,0.709,0.1,observed_and_verified_proxy
2014-11-01,2014,11,4,Ernakulam,Central,9.98,76.28,Tuna,2308.27,6896.7,334.69,27.14,33.97,1.3,0.12,128.1,2.08,26.83,1.0,0.794,0.288,observed_and_verified_proxy
2014-12-01,2014,12,4,Ernakulam,Central,9.98,76.28,Tuna,2313.59,6911.6,334.74,27.51,34.41,0.99,0.06,21.3,2.03,27.05,1.0,0.796,0.291,observed_and_verified_proxy
2014-01-01,2014,1,1,Alappuzha,South,9.49,76.33,Tuna,1665.34,4307.7,386.6,28.14,34.35,0.98,0.05,35.7,3.73,26.52,1.0,0.526,0.0,observed_and_verified_proxy
2014-02-01,2014,2,1,Alappuzha,South,9.49,76.33,Tuna,1692.33,4715.7,358.87,28.86,34.44,1.1,0.1,15.6,2.88,27.9,1.0,0.578,0.0,observed_and_verified_proxy
2014-03-01,2014,3,1,Alappuzha,South,9.49,76.33,Tuna,1548.31,4745.7,326.26,29.49,34.38,1.4,0.2,28.2,3.01,29.09,1.0,0.569,0.015,observed_and_verified_proxy
2014-04-01,2014,4,2,Alappuzha,South,9.49,76.33,Tuna,565.63,3047.8,185.58,29.85,34.0,1.93,0.35,119.7,3.21,28.85,1.05,0.257,0.0,observed_and_verified_proxy
2014-05-01,2014,5,2,Alappuzha,South,9.49,76.33,Tuna,565.74,2782.2,203.34,29.77,33.6,2.89,0.65,215.7,4.35,28.18,1.36,0.234,0.0,observed_and_verified_proxy
2014-06-01,2014,6,2,Alappuzha,South,9.49,76.33,Tuna,603.87,3170.8,190.45,28.91,33.96,3.62,0.95,130.2,6.05,27.29,2.21,0.275,0.0,observed_and_verified_proxy
2014-07-01,2014,7,3,Alappuzha,South,9.49,76.33,Tuna,905.88,3705.6,244.46,27.27,33.91,3.78,1.0,140.4,5.88,26.33,2.8,0.379,0.0,observed_and_verified_proxy
2014-08-01,2014,8,3,Alappuzha,South,9.49,76.33,Tuna,903.39,3400.8,265.64,26.55,32.74,3.85,0.9,423.3,5.38,25.84,2.21,0.347,0.0,observed_and_verified_proxy
2014-09-01,2014,9,3,Alappuzha,South,9.49,76.33,Tuna,904.86,3653.0,247.7,26.93,33.78,2.7,0.6,172.2,4.7,26.23,1.36,0.373,0.0,observed_and_verified_proxy
2014-10-01,2014,10,4,Alappuzha,South,9.49,76.33,Tuna,2146.27,5689.0,377.26,27.07,32.99,2.09,0.3,361.5,2.95,26.35,1.05,0.732,0.114,observed_and_verified_proxy
2014-11-01,2014,11,4,Alappuzha,South,9.49,76.33,Tuna,2198.73,5377.8,408.85,27.14,33.96,1.3,0.12,128.7,3.27,26.06,1.0,0.695,0.0,observed_and_verified_proxy
2014-12-01,2014,12,4,Alappuzha,South,9.49,76.33,Tuna,2118.04,5966.1,355.01,27.51,34.13,1.08,0.06,88.5,3.94,25.64,1.0,0.766,0.207,observed_and_verified_proxy
2014-01-01,2014,1,1,Kollam,South,8.89,76.6,Tuna,1450.35,4573.9,317.09,28.14,34.35,0.98,0.05,35.7,3.73,26.52,1.0,0.578,0.047,observed_and_verified_proxy
2014-02-01,2014,2,1,Kollam,South,8.89,76.6,Tuna,1542.52,4562.6,338.08,28.86,34.44,1.1,0.1,15.6,2.88,27.9,1.0,0.586,0.011,observed_and_verified_proxy
2014-03-01,2014,3,1,Kollam,South,8.89,76.6,Tuna,1522.47,4106.0,370.79,29.49,34.38,1.4,0.2,28.2,3.01,29.09,1.0,0.526,0.0,observed_and_verified_proxy
2014-04-01,2014,4,2,Kollam,South,8.89,76.6,Tuna,519.73,2632.4,197.43,29.85,34.0,1.93,0.35,119.7,3.21,28.85,1.05,0.228,0.0,observed_and_verified_proxy
2014-05-01,2014,5,2,Kollam,South,8.89,76.6,Tuna,547.74,2909.2,188.28,29.77,33.6,2.89,0.65,215.7,4.35,28.18,1.36,0.259,0.0,observed_and_verified_proxy
2014-06-01,2014,6,2,Kollam,South,8.89,76.6,Tuna,533.82,2776.3,192.28,28.91,33.96,3.62,0.95,130.2,6.05,27.29,2.21,0.244,0.0,observed_and_verified_proxy
2014-07-01,2014,7,3,Kollam,South,8.89,76.6,Tuna,850.19,3499.2,242.97,27.27,33.91,3.78,1.0,140.4,5.88,26.33,2.8,0.375,0.0,observed_and_verified_proxy
2014-08-01,2014,8,3,Kollam,South,8.89,76.6,Tuna,821.4,3527.9,232.83,26.55,32.74,3.85,0.9,423.3,5.38,25.84,2.21,0.373,0.0,observed_and_verified_proxy
2014-09-01,2014,9,3,Kollam,South,8.89,76.6,Tuna,818.94,3408.0,240.3,26.93,33.78,2.7,0.6,172.2,4.7,26.23,1.36,0.36,0.0,observed_and_verified_proxy
2014-10-01,2014,10,4,Kollam,South,8.89,76.6,Tuna,1976.58,5646.8,350.04,27.07,32.99,2.09,0.3,361.5,2.95,26.35,1.05,0.766,0.219,observed_and_verified_proxy
2014-11-01,2014,11,4,Kollam,South,8.89,76.6,Tuna,2012.56,5421.9,371.19,27.14,33.96,1.3,0.12,128.7,3.27,26.06,1.0,0.739,0.135,observed_and_verified_proxy
2014-12-01,2014,12,4,Kollam,South,8.89,76.6,Tuna,1951.02,5073.3,384.57,27.51,34.13,1.08,0.06,88.5,3.94,25.64,1.0,0.687,0.038,observed_and_verified_proxy
2014-01-01,2014,1,1,Kannur,North,11.87,75.37,Tuna,1237.85,3427.4,361.16,28.14,34.49,0.94,0.05,2.7,2.31,26.86,1.0,0.528,0.0,observed_and_verified_proxy
2014-02-01,2014,2,1,Kannur,North,11.87,75.37,Tuna,1233.32,3233.3,381.45,28.86,34.49,1.08,0.1,1.5,2.69,27.6,1.0,0.498,0.0,observed_and_verified_proxy
2014-03-01,2014,3,1,Kannur,North,11.87,75.37,Tuna,1154.1,3582.1,322.19,29.49,34.47,1.37,0.2,7.2,2.61,29.09,1.0,0.541,0.0,observed_and_verified_proxy
2014-04-01,2014,4,2,Kannur,North,11.87,75.37,Tuna,418.35,2185.1,191.46,29.85,34.2,1.87,0.35,71.4,2.55,28.67,1.05,0.215,0.0,observed_and_verified_proxy
2014-05-01,2014,5,2,Kannur,North,11.87,75.37,Tuna,440.33,2235.2,197.0,29.77,33.36,2.96,0.65,273.9,2.6,27.74,1.36,0.227,0.0,observed_and_verified_proxy
2014-06-01,2014,6,2,Kannur,North,11.87,75.37,Tuna,442.11,2031.8,217.6,28.91,32.7,4.0,0.95,432.3,4.0,26.95,2.21,0.206,0.0,observed_and_verified_proxy
2014-07-01,2014,7,3,Kannur,North,11.87,75.37,Tuna,644.41,2826.6,227.98,27.27,30.79,4.71,1.0,890.7,3.85,25.69,2.8,0.345,0.0,observed_and_verified_proxy
2014-08-01,2014,8,3,Kannur,North,11.87,75.37,Tuna,644.31,2713.4,237.46,26.55,31.72,4.15,0.9,666.9,3.42,25.12,2.21,0.331,0.0,observed_and_verified_proxy
2014-09-01,2014,9,3,Kannur,North,11.87,75.37,Tuna,652.78,2692.3,242.46,26.93,33.26,2.85,0.6,296.7,3.28,25.73,1.36,0.33,0.0,observed_and_verified_proxy
2014-10-01,2014,10,4,Kannur,North,11.87,75.37,Tuna,1534.22,4096.5,374.52,27.07,33.45,1.96,0.3,252.3,2.28,26.02,1.05,0.669,0.037,observed_and_verified_proxy
2014-11-01,2014,11,4,Kannur,North,11.87,75.37,Tuna,1477.74,3905.0,378.42,27.14,34.13,1.25,0.12,89.7,1.6,26.15,1.0,0.632,0.0,observed_and_verified_proxy
2014-12-01,2014,12,4,Kannur,North,11.87,75.37,Tuna,1568.31,3969.6,395.08,27.51,34.35,1.01,0.06,34.8,1.84,25.95,1.0,0.652,0.0,observed_and_verified_proxy
2014-01-01,2014,1,1,Thiruvananthapuram,South,8.52,76.94,Tuna,954.56,2871.2,332.47,28.14,34.35,0.98,0.05,35.7,3.73,26.52,1.0,0.498,0.0,observed_and_verified_proxy
2014-02-01,2014,2,1,Thiruvananthapuram,South,8.52,76.94,Tuna,956.95,2699.3,354.52,28.86,34.44,1.1,0.1,15.6,2.88,27.9,1.0,0.469,0.0,observed_and_verified_proxy
2014-03-01,2014,3,1,Thiruvananthapuram,South,8.52,76.94,Tuna,960.52,2839.3,338.29,29.49,34.38,1.4,0.2,28.2,3.01,29.09,1.0,0.494,0.0,observed_and_verified_proxy
2014-04-01,2014,4,2,Thiruvananthapuram,South,8.52,76.94,Tuna,334.27,1781.6,187.63,29.85,34.0,1.93,0.35,119.7,3.21,28.85,1.05,0.189,0.0,observed_and_verified_proxy
2014-05-01,2014,5,2,Thiruvananthapuram,South,8.52,76.94,Tuna,352.35,1753.5,200.94,29.77,33.6,2.89,0.65,215.7,4.35,28.18,1.36,0.192,0.0,observed_and_verified_proxy
2014-06-01,2014,6,2,Thiruvananthapuram,South,8.52,76.94,Tuna,356.91,1710.4,208.67,28.91,33.96,3.62,0.95,130.2,6.05,27.29,2.21,0.188,0.0,observed_and_verified_proxy
2014-07-01,2014,7,3,Thiruvananthapuram,South,8.52,76.94,Tuna,539.68,2201.7,245.12,27.27,33.91,3.78,1.0,140.4,5.88,26.33,2.8,0.302,0.0,observed_and_verified_proxy
2014-08-01,2014,8,3,Thiruvananthapuram,South,8.52,76.94,Tuna,537.02,2067.3,259.78,26.55,32.74,3.85,0.9,423.3,5.38,25.84,2.21,0.283,0.0,observed_and_verified_proxy
2014-09-01,2014,9,3,Thiruvananthapuram,South,8.52,76.94,Tuna,520.62,2278.4,228.51,26.93,33.78,2.7,0.6,172.2,4.7,26.23,1.36,0.307,0.0,observed_and_verified_proxy
2014-10-01,2014,10,4,Thiruvananthapuram,South,8.52,76.94,Tuna,1323.32,3469.8,381.38,27.07,32.99,2.09,0.3,361.5,2.95,26.35,1.05,0.666,0.019,observed_and_verified_proxy
2014-11-01,2014,11,4,Thiruvananthapuram,South,8.52,76.94,Tuna,1257.89,3421.9,367.6,27.14,33.96,1.3,0.12,128.7,3.27,26.06,1.0,0.648,0.025,observed_and_verified_proxy
2014-12-01,2014,12,4,Thiruvananthapuram,South,8.52,76.94,Tuna,1282.66,3263.8,392.99,27.51,34.13,1.08,0.06,88.5,3.94,25.64,1.0,0.621,0.0,observed_and_verified_proxy
2014-01-01,2014,1,1,Malappuram,North,11.07,76.07,Tuna,762.87,2240.2,340.54,28.14,34.49,0.94,0.05,2.7,2.31,26.86,1.0,0.46,0.0,observed_and_verified_proxy
2014-02-01,2014,2,1,Malappuram,North,11.07,76.07,Tuna,768.32,2220.4,346.03,28.86,34.49,1.08,0.1,1.5,2.69,27.6,1.0,0.458,0.0,observed_and_verified_proxy
2014-03-01,2014,3,1,Malappuram,North,11.07,76.07,Tuna,787.88,2130.1,369.88,29.49,34.47,1.37,0.2,7.2,2.61,29.09,1.0,0.443,0.0,observed_and_verified_proxy
2014-04-01,2014,4,2,Malappuram,North,11.07,76.07,Tuna,275.85,1271.3,216.99,29.85,34.2,1.87,0.35,71.4,2.55,28.67,1.05,0.154,0.0,observed_and_verified_proxy
2014-05-01,2014,5,2,Malappuram,North,11.07,76.07,Tuna,273.63,1467.1,186.52,29.77,33.36,2.96,0.65,273.9,2.6,27.74,1.36,0.176,0.0,observed_and_verified_proxy
2014-06-01,2014,6,2,Malappuram,North,11.07,76.07,Tuna,279.79,1291.2,216.69,28.91,32.7,4.0,0.95,432.3,4.0,26.95,2.21,0.158,0.0,observed_and_verified_proxy
2014-07-01,2014,7,3,Malappuram,North,11.07,76.07,Tuna,415.33,1665.5,249.37,27.27,30.79,4.71,1.0,890.7,3.85,25.69,2.8,0.257,0.0,observed_and_verified_proxy
2014-08-01,2014,8,3,Malappuram,North,11.07,76.07,Tuna,413.28,1701.0,242.95,26.55,31.72,4.15,0.9,666.9,3.42,25.12,2.21,0.262,0.0,observed_and_verified_proxy
2014-09-01,2014,9,3,Malappuram,North,11.07,76.07,Tuna,398.22,1611.1,247.18,26.93,33.26,2.85,0.6,296.7,3.28,25.73,1.36,0.243,0.0,observed_and_verified_proxy
2014-10-01,2014,10,4,Malappuram,North,11.07,76.07,Tuna,1010.23,2809.5,359.57,27.07,33.45,1.96,0.3,252.3,2.28,26.02,1.05,0.639,0.032,observed_and_verified_proxy
2014-11-01,2014,11,4,Malappuram,North,11.07,76.07,Tuna,990.67,2538.7,390.22,27.14,34.13,1.25,0.12,89.7,1.6,26.15,1.0,0.574,0.0,observed_and_verified_proxy
2014-12-01,2014,12,4,Malappuram,North,11.07,76.07,Tuna,994.38,2450.9,405.72,27.51,34.35,1.01,0.06,34.8,1.84,25.95,1.0,0.555,0.0,observed_and_verified_proxy
2014-01-01,2014,1,1,Thrissur,Central,10.52,76.21,Tuna,547.95,1612.2,339.87,28.14,34.49,0.94,0.05,2.7,2.08,27.4,1.0,0.401,0.0,observed_and_verified_proxy
2014-02-01,2014,2,1,Thrissur,Central,10.52,76.21,Tuna,530.11,1529.1,346.69,28.86,34.41,1.11,0.1,21.0,2.56,28.53,1.0,0.375,0.0,observed_and_verified_proxy
2014-03-01,2014,3,1,Thrissur,Central,10.52,76.21,Tuna,533.23,1643.6,324.43,29.49,34.44,1.38,0.2,15.6,2.47,30.04,1.0,0.404,0.0,observed_and_verified_proxy
2014-04-01,2014,4,2,Thrissur,Central,10.52,76.21,Tuna,185.95,985.9,188.6,29.85,34.05,1.91,0.35,107.4,2.94,29.23,1.05,0.127,0.0,observed_and_verified_proxy
2014-05-01,2014,5,2,Thrissur,Central,10.52,76.21,Tuna,197.45,931.3,212.01,29.77,33.43,2.94,0.65,257.4,3.17,28.45,1.36,0.126,0.0,observed_and_verified_proxy
2014-06-01,2014,6,2,Thrissur,Central,10.52,76.21,Tuna,189.38,961.2,197.03,28.91,33.22,3.84,0.95,306.6,4.64,27.51,2.21,0.126,0.0,observed_and_verified_proxy
2014-07-01,2014,7,3,Thrissur,Central,10.52,76.21,Tuna,290.31,1215.5,238.83,27.27,32.58,4.18,1.0,461.7,4.0,26.21,2.8,0.213,0.0,observed_and_verified_proxy
2014-08-01,2014,8,3,Thrissur,Central,10.52,76.21,Tuna,285.86,1142.1,250.3,26.55,31.86,4.11,0.9,633.6,3.98,25.8,2.21,0.198,0.0,observed_and_verified_proxy
2014-09-01,2014,9,3,Thrissur,Central,10.52,76.21,Tuna,293.36,1123.4,261.13,26.93,33.55,2.77,0.6,228.9,3.77,26.39,1.36,0.198,0.0,observed_and_verified_proxy
2014-10-01,2014,10,4,Thrissur,Central,10.52,76.21,Tuna,682.36,1877.8,363.38,27.07,33.19,2.03,0.3,313.8,2.46,26.57,1.05,0.516,0.0,observed_and_verified_proxy
2014-11-01,2014,11,4,Thrissur,Central,10.52,76.21,Tuna,712.82,1960.5,363.59,27.14,33.97,1.3,0.12,128.1,2.08,26.83,1.0,0.549,0.0,observed_and_verified_proxy
2014-12-01,2014,12,4,Thrissur,Central,10.52,76.21,Tuna,712.75,1887.2,377.67,27.51,34.41,0.99,0.06,21.3,2.03,27.05,1.0,0.528,0.0,observed_and_verified_proxy
2014-01-01,2014,1,1,Kasaragod,North,12.5,74.99,Tuna,321.97,967.4,332.84,28.14,34.49,0.94,0.05,2.7,2.31,26.86,1.0,0.301,0.0,observed_and_verified_proxy
2014-02-01,2014,2,1,Kasaragod,North,12.5,74.99,Tuna,317.72,927.5,342.55,28.86,34.49,1.08,0.1,1.5,2.69,27.6,1.0,0.286,0.0,observed_and_verified_proxy
2014-03-01,2014,3,1,Kasaragod,North,12.5,74.99,Tuna,315.92,850.9,371.26,29.49,34.47,1.37,0.2,7.2,2.61,29.09,1.0,0.261,0.0,observed_and_verified_proxy
2014-04-01,2014,4,2,Kasaragod,North,12.5,74.99,Tuna,120.23,601.9,199.74,29.85,34.2,1.87,0.35,71.4,2.55,28.67,1.05,0.093,0.0,observed_and_verified_proxy
2014-05-01,2014,5,2,Kasaragod,North,12.5,74.99,Tuna,118.42,590.6,200.51,29.77,33.36,2.96,0.65,273.9,2.6,27.74,1.36,0.09,0.0,observed_and_verified_proxy
2014-06-01,2014,6,2,Kasaragod,North,12.5,74.99,Tuna,118.72,549.6,215.99,28.91,32.7,4.0,0.95,432.3,4.0,26.95,2.21,0.084,0.0,observed_and_verified_proxy
2014-07-01,2014,7,3,Kasaragod,North,12.5,74.99,Tuna,169.24,678.9,249.27,27.27,30.79,4.71,1.0,890.7,3.85,25.69,2.8,0.136,0.0,observed_and_verified_proxy
2014-08-01,2014,8,3,Kasaragod,North,12.5,74.99,Tuna,178.88,675.8,264.69,26.55,31.72,4.15,0.9,666.9,3.42,25.12,2.21,0.141,0.0,observed_and_verified_proxy
2014-09-01,2014,9,3,Kasaragod,North,12.5,74.99,Tuna,181.15,726.9,249.21,26.93,33.26,2.85,0.6,296.7,3.28,25.73,1.36,0.153,0.0,observed_and_verified_proxy
2014-10-01,2014,10,4,Kasaragod,North,12.5,74.99,Tuna,442.78,1085.8,407.81,27.07,33.45,1.96,0.3,252.3,2.28,26.02,1.05,0.405,0.0,observed_and_verified_proxy
2014-11-01,2014,11,4,Kasaragod,North,12.5,74.99,Tuna,437.85,1111.4,393.96,27.14,34.13,1.25,0.12,89.7,1.6,26.15,1.0,0.412,0.0,observed_and_verified_proxy
2014-12-01,2014,12,4,Kasaragod,North,12.5,74.99,Tuna,423.76,1179.4,359.32,27.51,34.35,1.01,0.06,34.8,1.84,25.95,1.0,0.429,0.0,observed_and_verified_proxy
2015-01-01,2015,1,1,Kozhikode,North,11.25,75.78,Tuna,1773.31,5665.9,312.98,28.14,34.5,0.94,0.05,0.3,2.31,26.07,1.0,0.554,0.024,observed_and_verified_proxy
2015-02-01,2015,2,1,Kozhikode,North,11.25,75.78,Tuna,1681.12,5941.3,282.95,28.86,34.5,1.08,0.1,0.9,2.47,27.55,1.0,0.574,0.117,observed_and_verified_proxy
2015-03-01,2015,3,1,Kozhikode,North,11.25,75.78,Tuna,1747.36,5808.9,300.81,29.49,34.33,1.41,0.2,41.1,2.45,28.35,1.0,0.566,0.067,observed_and_verified_proxy
2015-04-01,2015,4,2,Kozhikode,North,11.25,75.78,Tuna,635.78,3910.5,162.58,29.85,33.99,1.93,0.35,121.8,2.15,28.13,1.05,0.274,0.0,observed_and_verified_proxy
2015-05-01,2015,5,2,Kozhikode,North,11.25,75.78,Tuna,621.12,3900.2,159.25,29.77,33.69,2.86,0.65,195.0,2.54,27.7,1.36,0.271,0.0,observed_and_verified_proxy
2015-06-01,2015,6,2,Kozhikode,North,11.25,75.78,Tuna,587.53,3914.4,150.09,28.91,32.35,4.11,0.95,516.3,3.47,26.65,2.21,0.265,0.011,observed_and_verified_proxy
2015-07-01,2015,7,3,Kozhikode,North,11.25,75.78,Tuna,930.09,4827.5,192.66,27.27,33.0,4.05,1.0,360.9,3.55,25.95,2.8,0.393,0.083,observed_and_verified_proxy
2015-08-01,2015,8,3,Kozhikode,North,11.25,75.78,Tuna,927.07,4327.4,214.23,26.55,33.34,3.67,0.9,277.2,3.07,25.74,2.21,0.352,0.0,observed_and_verified_proxy
2015-09-01,2015,9,3,Kozhikode,North,11.25,75.78,Tuna,952.49,4716.8,201.93,26.93,33.59,2.75,0.6,217.8,2.69,26.18,1.36,0.388,0.055,observed_and_verified_proxy
2015-10-01,2015,10,4,Kozhikode,North,11.25,75.78,Tuna,2225.64,7474.0,297.78,27.07,33.85,1.84,0.3,156.9,2.03,26.73,1.05,0.765,0.332,observed_and_verified_proxy
2015-11-01,2015,11,4,Kozhikode,North,11.25,75.78,Tuna,2219.17,7501.3,295.84,27.14,33.84,1.34,0.12,159.6,2.14,26.34,1.0,0.767,0.34,observed_and_verified_proxy
2015-12-01,2015,12,4,Kozhikode,North,11.25,75.78,Tuna,2352.2,7265.9,323.73,27.51,34.36,1.01,0.06,33.0,1.88,26.68,1.0,0.751,0.257,observed_and_verified_proxy
2015-01-01,2015,1,1,Ernakulam,Central,9.98,76.28,Tuna,1487.15,5605.4,265.31,28.14,34.48,0.94,0.05,3.9,2.21,27.13,1.0,0.588,0.174,observed_and_verified_proxy
2015-02-01,2015,2,1,Ernakulam,Central,9.98,76.28,Tuna,1505.32,5306.8,283.66,28.86,34.49,1.08,0.1,2.4,2.52,28.77,1.0,0.558,0.095,observed_and_verified_proxy
2015-03-01,2015,3,1,Ernakulam,Central,9.98,76.28,Tuna,1551.1,5408.1,286.81,29.49,34.3,1.42,0.2,46.8,2.61,29.41,1.0,0.573,0.107,observed_and_verified_proxy
2015-04-01,2015,4,2,Ernakulam,Central,9.98,76.28,Tuna,571.0,3097.8,184.33,29.85,33.86,1.97,0.35,152.7,2.38,28.65,1.05,0.231,0.0,observed_and_verified_proxy
2015-05-01,2015,5,2,Ernakulam,Central,9.98,76.28,Tuna,573.42,3170.0,180.89,29.77,33.58,2.9,0.65,220.5,2.82,28.24,1.36,0.237,0.0,observed_and_verified_proxy
2015-06-01,2015,6,2,Ernakulam,Central,9.98,76.28,Tuna,567.02,3088.3,183.6,28.91,32.77,3.98,0.95,415.2,3.85,27.3,2.21,0.23,0.0,observed_and_verified_proxy
2015-07-01,2015,7,3,Ernakulam,Central,9.98,76.28,Tuna,819.22,4023.4,203.62,27.27,33.57,3.88,1.0,223.8,3.89,26.58,2.8,0.35,0.002,observed_and_verified_proxy
2015-08-01,2015,8,3,Ernakulam,Central,9.98,76.28,Tuna,849.36,3978.6,213.48,26.55,33.78,3.54,0.9,173.1,3.26,26.41,2.21,0.351,0.0,observed_and_verified_proxy
2015-09-01,2015,9,3,Ernakulam,Central,9.98,76.28,Tuna,822.17,4141.6,198.51,26.93,33.4,2.81,0.6,264.0,3.09,26.8,1.36,0.361,0.028,observed_and_verified_proxy
2015-10-01,2015,10,4,Ernakulam,Central,9.98,76.28,Tuna,1949.07,6317.6,308.51,27.07,33.38,1.98,0.3,268.2,2.22,27.18,1.05,0.704,0.23,observed_and_verified_proxy
2015-11-01,2015,11,4,Ernakulam,Central,9.98,76.28,Tuna,2056.3,6365.4,323.04,27.14,33.48,1.44,0.12,245.7,2.32,26.85,1.0,0.717,0.214,observed_and_verified_proxy
2015-12-01,2015,12,4,Ernakulam,Central,9.98,76.28,Tuna,2003.97,6223.0,322.03,27.51,34.22,1.05,0.06,68.1,1.99,26.97,1.0,0.698,0.191,observed_and_verified_proxy
2015-01-01,2015,1,1,Alappuzha,South,9.49,76.33,Tuna,1367.65,4385.9,311.83,28.14,34.49,0.94,0.05,2.4,3.58,25.7,1.0,0.51,0.0,observed_and_verified_proxy
2015-02-01,2015,2,1,Alappuzha,South,9.49,76.33,Tuna,1387.1,4707.4,294.66,28.86,34.49,1.08,0.1,1.2,3.57,27.53,1.0,0.549,0.059,observed_and_verified_proxy
2015-03-01,2015,3,1,Alappuzha,South,9.49,76.33,Tuna,1407.68,4628.6,304.12,29.49,34.34,1.41,0.2,38.1,2.66,29.11,1.0,0.542,0.029,observed_and_verified_proxy
2015-04-01,2015,4,2,Alappuzha,South,9.49,76.33,Tuna,498.94,2904.7,171.77,29.85,33.47,2.09,0.35,247.5,2.46,28.59,1.05,0.23,0.0,observed_and_verified_proxy
2015-05-01,2015,5,2,Alappuzha,South,9.49,76.33,Tuna,490.18,2745.7,178.52,29.77,33.27,2.99,0.65,295.5,3.9,27.9,1.36,0.216,0.0,observed_and_verified_proxy
2015-06-01,2015,6,2,Alappuzha,South,9.49,76.33,Tuna,467.5,3057.2,152.92,28.91,33.23,3.84,0.95,304.8,4.84,27.07,2.21,0.234,0.0,observed_and_verified_proxy
2015-07-01,2015,7,3,Alappuzha,South,9.49,76.33,Tuna,759.58,3474.1,218.64,27.27,34.23,3.68,1.0,65.1,5.11,26.21,2.8,0.333,0.0,observed_and_verified_proxy
2015-08-01,2015,8,3,Alappuzha,South,9.49,76.33,Tuna,717.85,3760.4,190.9,26.55,34.25,3.39,0.9,59.7,4.76,26.35,2.21,0.352,0.033,observed_and_verified_proxy
2015-09-01,2015,9,3,Alappuzha,South,9.49,76.33,Tuna,725.57,3844.4,188.73,26.93,33.56,2.76,0.6,225.0,4.12,26.46,1.36,0.361,0.05,observed_and_verified_proxy
2015-10-01,2015,10,4,Alappuzha,South,9.49,76.33,Tuna,1703.55,5603.5,304.01,27.07,33.08,2.07,0.3,340.8,2.74,26.8,1.05,0.688,0.218,observed_and_verified_proxy
2015-11-01,2015,11,4,Alappuzha,South,9.49,76.33,Tuna,1768.02,6047.4,292.36,27.14,33.19,1.53,0.12,314.7,2.97,26.41,1.0,0.748,0.323,observed_and_verified_proxy
2015-12-01,2015,12,4,Alappuzha,South,9.49,76.33,Tuna,1793.35,6000.2,298.88,27.51,33.81,1.18,0.06,166.2,3.63,26.01,1.0,0.745,0.304,observed_and_verified_proxy
2015-01-01,2015,1,1,Kollam,South,8.89,76.6,Tuna,1205.67,4554.5,264.72,28.14,34.49,0.94,0.05,2.4,3.58,25.7,1.0,0.548,0.124,observed_and_verified_proxy
2015-02-01,2015,2,1,Kollam,South,8.89,76.6,Tuna,1298.08,4360.6,297.68,28.86,34.49,1.08,0.1,1.2,3.57,27.53,1.0,0.535,0.034,observed_and_verified_proxy
2015-03-01,2015,3,1,Kollam,South,8.89,76.6,Tuna,1231.01,4644.1,265.07,29.49,34.34,1.41,0.2,38.1,2.66,29.11,1.0,0.562,0.141,observed_and_verified_proxy
2015-04-01,2015,4,2,Kollam,South,8.89,76.6,Tuna,475.36,2861.6,166.12,29.85,33.47,2.09,0.35,247.5,2.46,28.59,1.05,0.237,0.0,observed_and_verified_proxy
2015-05-01,2015,5,2,Kollam,South,8.89,76.6,Tuna,444.76,2538.7,175.19,29.77,33.27,2.99,0.65,295.5,3.9,27.9,1.36,0.203,0.0,observed_and_verified_proxy
2015-06-01,2015,6,2,Kollam,South,8.89,76.6,Tuna,444.21,2909.7,152.66,28.91,33.23,3.84,0.95,304.8,4.84,27.07,2.21,0.233,0.0,observed_and_verified_proxy
2015-07-01,2015,7,3,Kollam,South,8.89,76.6,Tuna,671.39,3176.3,211.37,27.27,34.23,3.68,1.0,65.1,5.11,26.21,2.8,0.31,0.0,observed_and_verified_proxy
2015-08-01,2015,8,3,Kollam,South,8.89,76.6,Tuna,649.92,3354.2,193.76,26.55,34.25,3.39,0.9,59.7,4.76,26.35,2.21,0.322,0.0,observed_and_verified_proxy
2015-09-01,2015,9,3,Kollam,South,8.89,76.6,Tuna,693.15,3267.9,212.11,26.93,33.56,2.76,0.6,225.0,4.12,26.46,1.36,0.323,0.0,observed_and_verified_proxy
2015-10-01,2015,10,4,Kollam,South,8.89,76.6,Tuna,1612.39,5576.3,289.15,27.07,33.08,2.07,0.3,340.8,2.74,26.8,1.05,0.724,0.298,observed_and_verified_proxy
2015-11-01,2015,11,4,Kollam,South,8.89,76.6,Tuna,1628.39,5068.5,321.28,27.14,33.19,1.53,0.12,314.7,2.97,26.41,1.0,0.659,0.143,observed_and_verified_proxy
2015-12-01,2015,12,4,Kollam,South,8.89,76.6,Tuna,1630.24,5284.7,308.48,27.51,33.81,1.18,0.06,166.2,3.63,26.01,1.0,0.688,0.209,observed_and_verified_proxy
2015-01-01,2015,1,1,Kannur,North,11.87,75.37,Tuna,1040.44,3273.6,317.82,28.14,34.5,0.94,0.05,0.3,2.31,26.07,1.0,0.479,0.0,observed_and_verified_proxy
2015-02-01,2015,2,1,Kannur,North,11.87,75.37,Tuna,965.83,3358.1,287.62,28.86,34.5,1.08,0.1,0.9,2.47,27.55,1.0,0.479,0.0,observed_and_verified_proxy
2015-03-01,2015,3,1,Kannur,North,11.87,75.37,Tuna,954.38,3471.6,274.91,29.49,34.33,1.41,0.2,41.1,2.45,28.35,1.0,0.493,0.03,observed_and_verified_proxy
2015-04-01,2015,4,2,Kannur,North,11.87,75.37,Tuna,354.6,2050.2,172.96,29.85,33.99,1.93,0.35,121.8,2.15,28.13,1.05,0.184,0.0,observed_and_verified_proxy
2015-05-01,2015,5,2,Kannur,North,11.87,75.37,Tuna,358.01,1997.1,179.26,29.77,33.69,2.86,0.65,195.0,2.54,27.7,1.36,0.18,0.0,observed_and_verified_proxy
2015-06-01,2015,6,2,Kannur,North,11.87,75.37,Tuna,367.58,2022.1,181.78,28.91,32.35,4.11,0.95,516.3,3.47,26.65,2.21,0.185,0.0,observed_and_verified_proxy
2015-07-01,2015,7,3,Kannur,North,11.87,75.37,Tuna,536.39,2782.2,192.8,27.27,33.0,4.05,1.0,360.9,3.55,25.95,2.8,0.312,0.0,observed_and_verified_proxy
2015-08-01,2015,8,3,Kannur,North,11.87,75.37,Tuna,559.79,2695.9,207.64,26.55,33.34,3.67,0.9,277.2,3.07,25.74,2.21,0.308,0.0,observed_and_verified_proxy
2015-09-01,2015,9,3,Kannur,North,11.87,75.37,Tuna,546.72,2602.1,210.11,26.93,33.59,2.75,0.6,217.8,2.69,26.18,1.36,0.294,0.0,observed_and_verified_proxy
2015-10-01,2015,10,4,Kannur,North,11.87,75.37,Tuna,1243.59,3935.1,316.03,27.07,33.85,1.84,0.3,156.9,2.03,26.73,1.05,0.607,0.087,observed_and_verified_proxy
2015-11-01,2015,11,4,Kannur,North,11.87,75.37,Tuna,1287.43,4120.5,312.45,27.14,33.84,1.34,0.12,159.6,2.14,26.34,1.0,0.642,0.141,observed_and_verified_proxy
2015-12-01,2015,12,4,Kannur,North,11.87,75.37,Tuna,1235.46,4376.6,282.29,27.51,34.36,1.01,0.06,33.0,1.88,26.68,1.0,0.674,0.249,observed_and_verified_proxy
2015-01-01,2015,1,1,Thiruvananthapuram,South,8.52,76.94,Tuna,839.6,2855.6,294.02,28.14,34.49,0.94,0.05,2.4,3.58,25.7,1.0,0.473,0.0,observed_and_verified_proxy
2015-02-01,2015,2,1,Thiruvananthapuram,South,8.52,76.94,Tuna,783.85,2968.8,264.03,28.86,34.49,1.08,0.1,1.2,3.57,27.53,1.0,0.48,0.037,observed_and_verified_proxy
2015-03-01,2015,3,1,Thiruvananthapuram,South,8.52,76.94,Tuna,794.0,2686.3,295.57,29.49,34.34,1.41,0.2,38.1,2.66,29.11,1.0,0.436,0.0,observed_and_verified_proxy
2015-04-01,2015,4,2,Thiruvananthapuram,South,8.52,76.94,Tuna,292.01,1795.1,162.67,29.85,33.47,2.09,0.35,247.5,2.46,28.59,1.05,0.175,0.0,observed_and_verified_proxy
2015-05-01,2015,5,2,Thiruvananthapuram,South,8.52,76.94,Tuna,291.65,1689.6,172.62,29.77,33.27,2.99,0.65,295.5,3.9,27.9,1.36,0.165,0.0,observed_and_verified_proxy
2015-06-01,2015,6,2,Thiruvananthapuram,South,8.52,76.94,Tuna,303.72,1852.3,163.97,28.91,33.23,3.84,0.95,304.8,4.84,27.07,2.21,0.185,0.0,observed_and_verified_proxy
2015-07-01,2015,7,3,Thiruvananthapuram,South,8.52,76.94,Tuna,448.33,1992.7,224.99,27.27,34.23,3.68,1.0,65.1,5.11,26.21,2.8,0.249,0.0,observed_and_verified_proxy
2015-08-01,2015,8,3,Thiruvananthapuram,South,8.52,76.94,Tuna,456.05,2164.1,210.73,26.55,34.25,3.39,0.9,59.7,4.76,26.35,2.21,0.273,0.0,observed_and_verified_proxy
2015-09-01,2015,9,3,Thiruvananthapuram,South,8.52,76.94,Tuna,435.13,2125.7,204.7,26.93,33.56,2.76,0.6,225.0,4.12,26.46,1.36,0.262,0.0,observed_and_verified_proxy
2015-10-01,2015,10,4,Thiruvananthapuram,South,8.52,76.94,Tuna,1088.53,3479.7,312.83,27.07,33.08,2.07,0.3,340.8,2.74,26.8,1.05,0.631,0.125,observed_and_verified_proxy
2015-11-01,2015,11,4,Thiruvananthapuram,South,8.52,76.94,Tuna,1019.53,3441.5,296.24,27.14,33.19,1.53,0.12,314.7,2.97,26.41,1.0,0.611,0.136,observed_and_verified_proxy
2015-12-01,2015,12,4,Thiruvananthapuram,South,8.52,76.94,Tuna,1100.28,3373.0,326.21,27.51,33.81,1.18,0.06,166.2,3.63,26.01,1.0,0.614,0.073,observed_and_verified_proxy
2015-01-01,2015,1,1,Malappuram,North,11.07,76.07,Tuna,628.42,2309.8,272.07,28.14,34.5,0.94,0.05,0.3,2.31,26.07,1.0,0.438,0.0,observed_and_verified_proxy
2015-02-01,2015,2,1,Malappuram,North,11.07,76.07,Tuna,619.81,2236.9,277.09,28.86,34.5,1.08,0.1,0.9,2.47,27.55,1.0,0.421,0.0,observed_and_verified_proxy
2015-03-01,2015,3,1,Malappuram,North,11.07,76.07,Tuna,625.35,2314.6,270.18,29.49,34.33,1.41,0.2,41.1,2.45,28.35,1.0,0.437,0.0,observed_and_verified_proxy
2015-04-01,2015,4,2,Malappuram,North,11.07,76.07,Tuna,228.27,1417.4,161.05,29.85,33.99,1.93,0.35,121.8,2.15,28.13,1.05,0.151,0.0,observed_and_verified_proxy
2015-05-01,2015,5,2,Malappuram,North,11.07,76.07,Tuna,229.79,1269.3,181.04,29.77,33.69,2.86,0.65,195.0,2.54,27.7,1.36,0.136,0.0,observed_and_verified_proxy
2015-06-01,2015,6,2,Malappuram,North,11.07,76.07,Tuna,216.44,1461.3,148.11,28.91,32.35,4.11,0.95,516.3,3.47,26.65,2.21,0.15,0.0,observed_and_verified_proxy
2015-07-01,2015,7,3,Malappuram,North,11.07,76.07,Tuna,348.34,1566.8,222.32,27.27,33.0,4.05,1.0,360.9,3.55,25.95,2.8,0.219,0.0,observed_and_verified_proxy
2015-08-01,2015,8,3,Malappuram,North,11.07,76.07,Tuna,350.27,1790.3,195.65,26.55,33.34,3.67,0.9,277.2,3.07,25.74,2.21,0.251,0.0,observed_and_verified_proxy
2015-09-01,2015,9,3,Malappuram,North,11.07,76.07,Tuna,332.01,1555.4,213.45,26.93,33.59,2.75,0.6,217.8,2.69,26.18,1.36,0.211,0.0,observed_and_verified_proxy
2015-10-01,2015,10,4,Malappuram,North,11.07,76.07,Tuna,823.22,2705.1,304.33,27.07,33.85,1.84,0.3,156.9,2.03,26.73,1.05,0.572,0.068,observed_and_verified_proxy
2015-11-01,2015,11,4,Malappuram,North,11.07,76.07,Tuna,845.97,2646.3,319.68,27.14,33.84,1.34,0.12,159.6,2.14,26.34,1.0,0.566,0.025,observed_and_verified_proxy
2015-12-01,2015,12,4,Malappuram,North,11.07,76.07,Tuna,853.5,2605.3,327.6,27.51,34.36,1.01,0.06,33.0,1.88,26.68,1.0,0.559,0.0,observed_and_verified_proxy
2015-01-01,2015,1,1,Thrissur,Central,10.52,76.21,Tuna,449.94,1572.0,286.22,28.14,34.48,0.94,0.05,3.9,2.21,27.13,1.0,0.355,0.0,observed_and_verified_proxy
2015-02-01,2015,2,1,Thrissur,Central,10.52,76.21,Tuna,458.55,1660.9,276.08,28.86,34.49,1.08,0.1,2.4,2.52,28.77,1.0,0.378,0.0,observed_and_verified_proxy
2015-03-01,2015,3,1,Thrissur,Central,10.52,76.21,Tuna,455.19,1522.2,299.04,29.49,34.3,1.42,0.2,46.8,2.61,29.41,1.0,0.345,0.0,observed_and_verified_proxy
2015-04-01,2015,4,2,Thrissur,Central,10.52,76.21,Tuna,157.4,1041.8,151.08,29.85,33.86,1.97,0.35,152.7,2.38,28.65,1.05,0.119,0.0,observed_and_verified_proxy
2015-05-01,2015,5,2,Thrissur,Central,10.52,76.21,Tuna,156.76,946.9,165.55,29.77,33.58,2.9,0.65,220.5,2.82,28.24,1.36,0.108,0.0,observed_and_verified_proxy
2015-06-01,2015,6,2,Thrissur,Central,10.52,76.21,Tuna,163.94,1019.9,160.75,28.91,32.77,3.98,0.95,415.2,3.85,27.3,2.21,0.12,0.0,observed_and_verified_proxy
2015-07-01,2015,7,3,Thrissur,Central,10.52,76.21,Tuna,248.36,1102.4,225.28,27.27,33.57,3.88,1.0,223.8,3.89,26.58,2.8,0.174,0.0,observed_and_verified_proxy
2015-08-01,2015,8,3,Thrissur,Central,10.52,76.21,Tuna,246.17,1221.3,201.56,26.55,33.78,3.54,0.9,173.1,3.26,26.41,2.21,0.192,0.0,observed_and_verified_proxy
2015-09-01,2015,9,3,Thrissur,Central,10.52,76.21,Tuna,241.9,1188.3,203.57,26.93,33.4,2.81,0.6,264.0,3.09,26.8,1.36,0.184,0.0,observed_and_verified_proxy
2015-10-01,2015,10,4,Thrissur,Central,10.52,76.21,Tuna,584.11,1891.7,308.77,27.07,33.38,1.98,0.3,268.2,2.22,27.18,1.05,0.485,0.0,observed_and_verified_proxy
2015-11-01,2015,11,4,Thrissur,Central,10.52,76.21,Tuna,609.02,1840.4,330.91,27.14,33.48,1.44,0.12,245.7,2.32,26.85,1.0,0.481,0.0,observed_and_verified_proxy
2015-12-01,2015,12,4,Thrissur,Central,10.52,76.21,Tuna,598.65,1895.0,315.9,27.51,34.22,1.05,0.06,68.1,1.99,26.97,1.0,0.492,0.0,observed_and_verified_proxy
2015-01-01,2015,1,1,Kasaragod,North,12.5,74.99,Tuna,276.53,964.8,286.62,28.14,34.5,0.94,0.05,0.3,2.31,26.07,1.0,0.273,0.0,observed_and_verified_proxy
2015-02-01,2015,2,1,Kasaragod,North,12.5,74.99,Tuna,261.42,922.3,283.45,28.86,34.5,1.08,0.1,0.9,2.47,27.55,1.0,0.251,0.0,observed_and_verified_proxy
2015-03-01,2015,3,1,Kasaragod,North,12.5,74.99,Tuna,259.11,881.7,293.88,29.49,34.33,1.41,0.2,41.1,2.45,28.35,1.0,0.239,0.0,observed_and_verified_proxy
2015-04-01,2015,4,2,Kasaragod,North,12.5,74.99,Tuna,97.3,541.8,179.58,29.85,33.99,1.93,0.35,121.8,2.15,28.13,1.05,0.07,0.0,observed_and_verified_proxy
2015-05-01,2015,5,2,Kasaragod,North,12.5,74.99,Tuna,93.31,594.8,156.89,29.77,33.69,2.86,0.65,195.0,2.54,27.7,1.36,0.074,0.0,observed_and_verified_proxy
2015-06-01,2015,6,2,Kasaragod,North,12.5,74.99,Tuna,99.86,612.6,163.01,28.91,32.35,4.11,0.95,516.3,3.47,26.65,2.21,0.081,0.0,observed_and_verified_proxy
2015-07-01,2015,7,3,Kasaragod,North,12.5,74.99,Tuna,150.4,726.6,207.01,27.27,33.0,4.05,1.0,360.9,3.55,25.95,2.8,0.133,0.0,observed_and_verified_proxy
2015-08-01,2015,8,3,Kasaragod,North,12.5,74.99,Tuna,147.48,714.9,206.31,26.55,33.34,3.67,0.9,277.2,3.07,25.74,2.21,0.129,0.0,observed_and_verified_proxy
2015-09-01,2015,9,3,Kasaragod,North,12.5,74.99,Tuna,145.96,712.6,204.84,26.93,33.59,2.75,0.6,217.8,2.69,26.18,1.36,0.128,0.0,observed_and_verified_proxy
2015-10-01,2015,10,4,Kasaragod,North,12.5,74.99,Tuna,346.93,1196.2,290.02,27.07,33.85,1.84,0.3,156.9,2.03,26.73,1.05,0.389,0.0,observed_and_verified_proxy
2015-11-01,2015,11,4,Kasaragod,North,12.5,74.99,Tuna,339.59,1133.6,299.57,27.14,33.84,1.34,0.12,159.6,2.14,26.34,1.0,0.364,0.0,observed_and_verified_proxy
2015-12-01,2015,12,4,Kasaragod,North,12.5,74.99,Tuna,356.21,1149.5,309.87,27.51,34.36,1.01,0.06,33.0,1.88,26.68,1.0,0.38,0.0,observed_and_verified_proxy
2016-01-01,2016,1,1,Kozhikode,North,11.25,75.78,Tuna,1906.58,5435.6,350.76,28.14,34.49,0.94,0.05,2.7,2.3,26.9,1.0,0.54,0.0,observed_and_verified_proxy
2016-02-01,2016,2,1,Kozhikode,North,11.25,75.78,Tuna,1941.3,5521.5,351.59,28.86,34.48,1.09,0.1,6.0,2.56,28.45,1.0,0.55,0.0,observed_and_verified_proxy
2016-03-01,2016,3,1,Kozhikode,North,11.25,75.78,Tuna,1916.3,6064.2,316.0,29.49,34.46,1.37,0.2,10.5,2.52,29.4,1.0,0.603,0.081,observed_and_verified_proxy
2016-04-01,2016,4,2,Kozhikode,North,11.25,75.78,Tuna,670.08,3925.7,170.69,29.85,34.4,1.81,0.35,23.1,2.88,29.81,1.05,0.282,0.0,observed_and_verified_proxy
2016-05-01,2016,5,2,Kozhikode,North,11.25,75.78,Tuna,687.48,3663.2,187.67,29.77,33.78,2.84,0.65,172.2,3.22,28.79,1.36,0.266,0.0,observed_and_verified_proxy
2016-06-01,2016,6,2,Kozhikode,North,11.25,75.78,Tuna,692.23,3913.8,176.87,28.91,32.34,4.11,0.95,519.0,3.89,26.51,2.21,0.285,0.0,observed_and_verified_proxy
2016-07-01,2016,7,3,Kozhikode,North,11.25,75.78,Tuna,1011.54,4750.3,212.94,27.27,32.67,4.15,1.0,440.1,3.67,25.35,2.8,0.398,0.045,observed_and_verified_proxy
2016-08-01,2016,8,3,Kozhikode,North,11.25,75.78,Tuna,986.63,4872.6,202.48,26.55,33.58,3.6,0.9,222.0,3.74,25.4,2.21,0.405,0.077,observed_and_verified_proxy
2016-09-01,2016,9,3,Kozhikode,North,11.25,75.78,Tuna,1008.54,4469.1,225.67,26.93,34.16,2.58,0.6,82.2,3.29,25.06,1.36,0.374,0.0,observed_and_verified_proxy
2016-10-01,2016,10,4,Kozhikode,North,11.25,75.78,Tuna,2517.24,6662.2,377.84,27.07,34.33,1.69,0.3,40.2,2.58,25.91,1.05,0.697,0.066,observed_and_verified_proxy
2016-11-01,2016,11,4,Kozhikode,North,11.25,75.78,Tuna,2327.7,7562.3,307.8,27.14,34.29,1.2,0.12,50.7,2.08,26.65,1.0,0.78,0.33,observed_and_verified_proxy
2016-12-01,2016,12,4,Kozhikode,North,11.25,75.78,Tuna,2436.43,7011.2,347.51,27.51,34.33,1.02,0.06,41.7,2.43,26.52,1.0,0.729,0.175,observed_and_verified_proxy
2016-01-01,2016,1,1,Ernakulam,Central,9.98,76.28,Tuna,1738.18,5365.9,323.93,28.14,34.49,0.94,0.05,1.5,2.01,27.28,1.0,0.584,0.039,observed_and_verified_proxy
2016-02-01,2016,2,1,Ernakulam,Central,9.98,76.28,Tuna,1723.16,5078.2,339.32,28.86,34.24,1.16,0.1,63.0,2.24,28.95,1.0,0.551,0.0,observed_and_verified_proxy
2016-03-01,2016,3,1,Ernakulam,Central,9.98,76.28,Tuna,1640.76,4848.6,338.4,29.49,34.34,1.41,0.2,37.2,2.65,30.01,1.0,0.52,0.0,observed_and_verified_proxy
2016-04-01,2016,4,2,Ernakulam,Central,9.98,76.28,Tuna,619.42,3412.0,181.54,29.85,34.27,1.85,0.35,56.1,3.14,30.08,1.05,0.264,0.0,observed_and_verified_proxy
2016-05-01,2016,5,2,Ernakulam,Central,9.98,76.28,Tuna,616.11,3459.7,178.08,29.77,33.51,2.92,0.65,237.0,3.68,29.06,1.36,0.267,0.0,observed_and_verified_proxy
2016-06-01,2016,6,2,Ernakulam,Central,9.98,76.28,Tuna,586.42,3201.7,183.16,28.91,32.51,4.06,0.95,477.9,4.5,27.05,2.21,0.242,0.0,observed_and_verified_proxy
2016-07-01,2016,7,3,Ernakulam,Central,9.98,76.28,Tuna,876.58,4079.7,214.86,27.27,32.76,4.12,1.0,417.3,4.02,25.99,2.8,0.364,0.0,observed_and_verified_proxy
2016-08-01,2016,8,3,Ernakulam,Central,9.98,76.28,Tuna,877.66,3803.4,230.76,26.55,33.76,3.54,0.9,177.0,4.25,26.07,2.21,0.339,0.0,observed_and_verified_proxy
2016-09-01,2016,9,3,Ernakulam,Central,9.98,76.28,Tuna,886.69,3861.4,229.63,26.93,34.25,2.56,0.6,60.6,4.01,25.87,1.36,0.346,0.0,observed_and_verified_proxy
2016-10-01,2016,10,4,Ernakulam,Central,9.98,76.28,Tuna,2244.49,6759.7,332.04,27.07,33.92,1.81,0.3,139.2,3.11,26.58,1.05,0.774,0.269,observed_and_verified_proxy
2016-11-01,2016,11,4,Ernakulam,Central,9.98,76.28,Tuna,2238.01,6784.3,329.88,27.14,34.04,1.27,0.12,110.4,2.06,26.99,1.0,0.777,0.277,observed_and_verified_proxy
2016-12-01,2016,12,4,Ernakulam,Central,9.98,76.28,Tuna,2214.86,6916.8,320.22,27.51,34.39,1.0,0.06,27.0,2.49,27.4,1.0,0.79,0.316,observed_and_verified_proxy
2016-01-01,2016,1,1,Alappuzha,South,9.49,76.33,Tuna,1430.94,4934.6,289.98,28.14,34.5,0.94,0.05,0.6,3.59,25.59,1.0,0.58,0.11,observed_and_verified_proxy
2016-02-01,2016,2,1,Alappuzha,South,9.49,76.33,Tuna,1500.18,4878.3,307.52,28.86,34.35,1.12,0.1,35.1,2.91,27.53,1.0,0.581,0.072,observed_and_verified_proxy
2016-03-01,2016,3,1,Alappuzha,South,9.49,76.33,Tuna,1473.65,4351.8,338.63,29.49,34.38,1.4,0.2,28.5,2.46,29.62,1.0,0.516,0.0,observed_and_verified_proxy
2016-04-01,2016,4,2,Alappuzha,South,9.49,76.33,Tuna,508.91,3021.3,168.44,29.85,34.26,1.85,0.35,58.5,3.14,29.91,1.05,0.242,0.0,observed_and_verified_proxy
2016-05-01,2016,5,2,Alappuzha,South,9.49,76.33,Tuna,552.93,3170.6,174.39,29.77,33.34,2.97,0.65,278.4,4.38,28.62,1.36,0.264,0.0,observed_and_verified_proxy
2016-06-01,2016,6,2,Alappuzha,South,9.49,76.33,Tuna,544.41,3060.8,177.87,28.91,33.25,3.84,0.95,300.3,5.78,26.87,2.21,0.253,0.0,observed_and_verified_proxy
2016-07-01,2016,7,3,Alappuzha,South,9.49,76.33,Tuna,813.26,3507.1,231.89,27.27,33.99,3.75,1.0,123.3,5.31,25.86,2.8,0.345,0.0,observed_and_verified_proxy
2016-08-01,2016,8,3,Alappuzha,South,9.49,76.33,Tuna,821.95,3540.9,232.13,26.55,34.27,3.39,0.9,54.0,5.8,26.05,2.21,0.349,0.0,observed_and_verified_proxy
2016-09-01,2016,9,3,Alappuzha,South,9.49,76.33,Tuna,783.0,3469.3,225.7,26.93,34.43,2.5,0.6,17.7,5.73,26.09,1.36,0.336,0.0,observed_and_verified_proxy
2016-10-01,2016,10,4,Alappuzha,South,9.49,76.33,Tuna,1836.83,5752.4,319.31,27.07,34.17,1.74,0.3,78.3,4.36,26.82,1.05,0.718,0.223,observed_and_verified_proxy
2016-11-01,2016,11,4,Alappuzha,South,9.49,76.33,Tuna,1866.08,5650.1,330.28,27.14,33.93,1.31,0.12,137.1,2.33,27.08,1.0,0.707,0.186,observed_and_verified_proxy
2016-12-01,2016,12,4,Alappuzha,South,9.49,76.33,Tuna,1918.87,5265.4,364.43,27.51,34.41,1.0,0.06,22.8,3.24,27.3,1.0,0.663,0.052,observed_and_verified_proxy
2016-01-01,2016,1,1,Kollam,South,8.89,76.6,Tuna,1421.03,4213.7,337.24,28.14,34.5,0.94,0.05,0.6,3.59,25.59,1.0,0.53,0.0,observed_and_verified_proxy
2016-02-01,2016,2,1,Kollam,South,8.89,76.6,Tuna,1349.33,4150.5,325.1,28.86,34.35,1.12,0.1,35.1,2.91,27.53,1.0,0.515,0.0,observed_and_verified_proxy
2016-03-01,2016,3,1,Kollam,South,8.89,76.6,Tuna,1420.13,4342.3,327.05,29.49,34.38,1.4,0.2,28.5,2.46,29.62,1.0,0.546,0.0,observed_and_verified_proxy
2016-04-01,2016,4,2,Kollam,South,8.89,76.6,Tuna,471.64,2727.1,172.95,29.85,34.26,1.85,0.35,58.5,3.14,29.91,1.05,0.225,0.0,observed_and_verified_proxy
2016-05-01,2016,5,2,Kollam,South,8.89,76.6,Tuna,514.9,2568.4,200.48,29.77,33.34,2.97,0.65,278.4,4.38,28.62,1.36,0.222,0.0,observed_and_verified_proxy
2016-06-01,2016,6,2,Kollam,South,8.89,76.6,Tuna,468.79,2593.4,180.77,28.91,33.25,3.84,0.95,300.3,5.78,26.87,2.21,0.213,0.0,observed_and_verified_proxy
2016-07-01,2016,7,3,Kollam,South,8.89,76.6,Tuna,703.11,3403.3,206.6,27.27,33.99,3.75,1.0,123.3,5.31,25.86,2.8,0.338,0.0,observed_and_verified_proxy
2016-08-01,2016,8,3,Kollam,South,8.89,76.6,Tuna,739.3,3202.1,230.88,26.55,34.27,3.39,0.9,54.0,5.8,26.05,2.21,0.325,0.0,observed_and_verified_proxy
2016-09-01,2016,9,3,Kollam,South,8.89,76.6,Tuna,750.34,3551.1,211.3,26.93,34.43,2.5,0.6,17.7,5.73,26.09,1.36,0.362,0.002,observed_and_verified_proxy
2016-10-01,2016,10,4,Kollam,South,8.89,76.6,Tuna,1787.17,5306.4,336.8,27.07,34.17,1.74,0.3,78.3,4.36,26.82,1.05,0.705,0.168,observed_and_verified_proxy
2016-11-01,2016,11,4,Kollam,South,8.89,76.6,Tuna,1840.79,5214.6,353.01,27.14,33.93,1.31,0.12,137.1,2.33,27.08,1.0,0.697,0.122,observed_and_verified_proxy
2016-12-01,2016,12,4,Kollam,South,8.89,76.6,Tuna,1823.42,5406.5,337.27,27.51,34.41,1.0,0.06,22.8,3.24,27.3,1.0,0.722,0.189,observed_and_verified_proxy
2016-01-01,2016,1,1,Kannur,North,11.87,75.37,Tuna,1054.63,3182.8,331.35,28.14,34.49,0.94,0.05,2.7,2.3,26.9,1.0,0.467,0.0,observed_and_verified_proxy
2016-02-01,2016,2,1,Kannur,North,11.87,75.37,Tuna,1046.03,3524.0,296.83,28.86,34.48,1.09,0.1,6.0,2.56,28.45,1.0,0.516,0.011,observed_and_verified_proxy
2016-03-01,2016,3,1,Kannur,North,11.87,75.37,Tuna,1115.77,3657.6,305.06,29.49,34.46,1.37,0.2,10.5,2.52,29.4,1.0,0.547,0.033,observed_and_verified_proxy
2016-04-01,2016,4,2,Kannur,North,11.87,75.37,Tuna,397.09,2139.0,185.65,29.85,34.4,1.81,0.35,23.1,2.88,29.81,1.05,0.205,0.0,observed_and_verified_proxy
2016-05-01,2016,5,2,Kannur,North,11.87,75.37,Tuna,389.63,2187.5,178.12,29.77,33.78,2.84,0.65,172.2,3.22,28.79,1.36,0.207,0.0,observed_and_verified_proxy
2016-06-01,2016,6,2,Kannur,North,11.87,75.37,Tuna,373.98,1996.3,187.34,28.91,32.34,4.11,0.95,519.0,3.89,26.51,2.21,0.185,0.0,observed_and_verified_proxy
2016-07-01,2016,7,3,Kannur,North,11.87,75.37,Tuna,567.12,2647.0,214.25,27.27,32.67,4.15,1.0,440.1,3.67,25.35,2.8,0.304,0.0,observed_and_verified_proxy
2016-08-01,2016,8,3,Kannur,North,11.87,75.37,Tuna,578.21,2544.3,227.26,26.55,33.58,3.6,0.9,222.0,3.74,25.4,2.21,0.295,0.0,observed_and_verified_proxy
2016-09-01,2016,9,3,Kannur,North,11.87,75.37,Tuna,587.55,2523.0,232.88,26.93,34.16,2.58,0.6,82.2,3.29,25.06,1.36,0.295,0.0,observed_and_verified_proxy
2016-10-01,2016,10,4,Kannur,North,11.87,75.37,Tuna,1360.08,4097.0,331.97,27.07,34.33,1.69,0.3,40.2,2.58,25.91,1.05,0.648,0.105,observed_and_verified_proxy
2016-11-01,2016,11,4,Kannur,North,11.87,75.37,Tuna,1383.1,4165.7,332.02,27.14,34.29,1.2,0.12,50.7,2.08,26.65,1.0,0.662,0.123,observed_and_verified_proxy
2016-12-01,2016,12,4,Kannur,North,11.87,75.37,Tuna,1453.18,4143.3,350.73,27.51,34.33,1.02,0.06,41.7,2.43,26.52,1.0,0.667,0.088,observed_and_verified_proxy
2016-01-01,2016,1,1,Thiruvananthapuram,South,8.52,76.94,Tuna,920.42,2944.3,312.61,28.14,34.5,0.94,0.05,0.6,3.59,25.59,1.0,0.505,0.0,observed_and_verified_proxy
2016-02-01,2016,2,1,Thiruvananthapuram,South,8.52,76.94,Tuna,921.61,2747.0,335.5,28.86,34.35,1.12,0.1,35.1,2.91,27.53,1.0,0.471,0.0,observed_and_verified_proxy
2016-03-01,2016,3,1,Thiruvananthapuram,South,8.52,76.94,Tuna,898.11,2834.3,316.87,29.49,34.38,1.4,0.2,28.5,2.46,29.62,1.0,0.482,0.0,observed_and_verified_proxy
2016-04-01,2016,4,2,Thiruvananthapuram,South,8.52,76.94,Tuna,307.65,1684.2,182.67,29.85,34.26,1.85,0.35,58.5,3.14,29.91,1.05,0.17,0.0,observed_and_verified_proxy
2016-05-01,2016,5,2,Thiruvananthapuram,South,8.52,76.94,Tuna,302.17,1880.3,160.7,29.77,33.34,2.97,0.65,278.4,4.38,28.62,1.36,0.187,0.0,observed_and_verified_proxy
2016-06-01,2016,6,2,Thiruvananthapuram,South,8.52,76.94,Tuna,331.77,1857.5,178.61,28.91,33.25,3.84,0.95,300.3,5.78,26.87,2.21,0.196,0.0,observed_and_verified_proxy
2016-07-01,2016,7,3,Thiruvananthapuram,South,8.52,76.94,Tuna,468.26,2097.2,223.27,27.27,33.99,3.75,1.0,123.3,5.31,25.86,2.8,0.268,0.0,observed_and_verified_proxy
2016-08-01,2016,8,3,Thiruvananthapuram,South,8.52,76.94,Tuna,465.88,1979.0,235.41,26.55,34.27,3.39,0.9,54.0,5.8,26.05,2.21,0.253,0.0,observed_and_verified_proxy
2016-09-01,2016,9,3,Thiruvananthapuram,South,8.52,76.94,Tuna,492.56,2202.0,223.69,26.93,34.43,2.5,0.6,17.7,5.73,26.09,1.36,0.289,0.0,observed_and_verified_proxy
2016-10-01,2016,10,4,Thiruvananthapuram,South,8.52,76.94,Tuna,1198.84,3370.8,355.65,27.07,34.17,1.74,0.3,78.3,4.36,26.82,1.05,0.629,0.028,observed_and_verified_proxy
2016-11-01,2016,11,4,Thiruvananthapuram,South,8.52,76.94,Tuna,1163.62,3537.8,328.91,27.14,33.93,1.31,0.12,137.1,2.33,27.08,1.0,0.655,0.12,observed_and_verified_proxy
2016-12-01,2016,12,4,Thiruvananthapuram,South,8.52,76.94,Tuna,1192.47,3326.6,358.47,27.51,34.41,1.0,0.06,22.8,3.24,27.3,1.0,0.62,0.009,observed_and_verified_proxy
2016-01-01,2016,1,1,Malappuram,North,11.07,76.07,Tuna,699.44,2168.2,322.6,28.14,34.49,0.94,0.05,2.7,2.3,26.9,1.0,0.43,0.0,observed_and_verified_proxy
2016-02-01,2016,2,1,Malappuram,North,11.07,76.07,Tuna,665.48,2031.2,327.63,28.86,34.48,1.09,0.1,6.0,2.56,28.45,1.0,0.394,0.0,observed_and_verified_proxy
2016-03-01,2016,3,1,Malappuram,North,11.07,76.07,Tuna,684.15,2144.5,319.02,29.49,34.46,1.37,0.2,10.5,2.52,29.4,1.0,0.421,0.0,observed_and_verified_proxy
2016-04-01,2016,4,2,Malappuram,North,11.07,76.07,Tuna,253.44,1316.8,192.47,29.85,34.4,1.81,0.35,23.1,2.88,29.81,1.05,0.151,0.0,observed_and_verified_proxy
2016-05-01,2016,5,2,Malappuram,North,11.07,76.07,Tuna,255.0,1263.8,201.77,29.77,33.78,2.84,0.65,172.2,3.22,28.79,1.36,0.145,0.0,observed_and_verified_proxy
2016-06-01,2016,6,2,Malappuram,North,11.07,76.07,Tuna,244.34,1353.6,180.5,28.91,32.34,4.11,0.95,519.0,3.89,26.51,2.21,0.151,0.0,observed_and_verified_proxy
2016-07-01,2016,7,3,Malappuram,North,11.07,76.07,Tuna,386.25,1626.6,237.46,27.27,32.67,4.15,1.0,440.1,3.67,25.35,2.8,0.241,0.0,observed_and_verified_proxy
2016-08-01,2016,8,3,Malappuram,North,11.07,76.07,Tuna,352.82,1779.3,198.29,26.55,33.58,3.6,0.9,222.0,3.74,25.4,2.21,0.25,0.0,observed_and_verified_proxy
2016-09-01,2016,9,3,Malappuram,North,11.07,76.07,Tuna,359.96,1760.0,204.52,26.93,34.16,2.58,0.6,82.2,3.29,25.06,1.36,0.251,0.0,observed_and_verified_proxy
2016-10-01,2016,10,4,Malappuram,North,11.07,76.07,Tuna,913.48,2724.4,335.29,27.07,34.33,1.69,0.3,40.2,2.58,25.91,1.05,0.599,0.033,observed_and_verified_proxy
2016-11-01,2016,11,4,Malappuram,North,11.07,76.07,Tuna,882.57,2818.0,313.19,27.14,34.29,1.2,0.12,50.7,2.08,26.65,1.0,0.612,0.099,observed_and_verified_proxy
2016-12-01,2016,12,4,Malappuram,North,11.07,76.07,Tuna,853.35,2534.0,336.76,27.51,34.33,1.02,0.06,41.7,2.43,26.52,1.0,0.543,0.0,observed_and_verified_proxy
2016-01-01,2016,1,1,Thrissur,Central,10.52,76.21,Tuna,491.41,1636.1,300.36,28.14,34.49,0.94,0.05,1.5,2.01,27.28,1.0,0.386,0.0,observed_and_verified_proxy
2016-02-01,2016,2,1,Thrissur,Central,10.52,76.21,Tuna,472.65,1615.7,292.54,28.86,34.24,1.16,0.1,63.0,2.24,28.95,1.0,0.374,0.0,observed_and_verified_proxy
2016-03-01,2016,3,1,Thrissur,Central,10.52,76.21,Tuna,488.89,1417.2,344.97,29.49,34.34,1.41,0.2,37.2,2.65,30.01,1.0,0.334,0.0,observed_and_verified_proxy
2016-04-01,2016,4,2,Thrissur,Central,10.52,76.21,Tuna,167.36,1045.1,160.13,29.85,34.27,1.85,0.35,56.1,3.14,30.08,1.05,0.125,0.0,observed_and_verified_proxy
2016-05-01,2016,5,2,Thrissur,Central,10.52,76.21,Tuna,182.43,901.9,202.27,29.77,33.51,2.92,0.65,237.0,3.68,29.06,1.36,0.115,0.0,observed_and_verified_proxy
2016-06-01,2016,6,2,Thrissur,Central,10.52,76.21,Tuna,178.05,956.1,186.22,28.91,32.51,4.06,0.95,477.9,4.5,27.05,2.21,0.12,0.0,observed_and_verified_proxy
2016-07-01,2016,7,3,Thrissur,Central,10.52,76.21,Tuna,259.84,1098.1,236.62,27.27,32.76,4.12,1.0,417.3,4.02,25.99,2.8,0.179,0.0,observed_and_verified_proxy
2016-08-01,2016,8,3,Thrissur,Central,10.52,76.21,Tuna,262.1,1199.3,218.55,26.55,33.76,3.54,0.9,177.0,4.25,26.07,2.21,0.196,0.0,observed_and_verified_proxy
2016-09-01,2016,9,3,Thrissur,Central,10.52,76.21,Tuna,272.96,1232.1,221.55,26.93,34.25,2.56,0.6,60.6,4.01,25.87,1.36,0.207,0.0,observed_and_verified_proxy
2016-10-01,2016,10,4,Thrissur,Central,10.52,76.21,Tuna,645.12,1984.2,325.12,27.07,33.92,1.81,0.3,139.2,3.11,26.58,1.05,0.532,0.0,observed_and_verified_proxy
2016-11-01,2016,11,4,Thrissur,Central,10.52,76.21,Tuna,608.15,1746.9,348.13,27.14,34.04,1.27,0.12,110.4,2.06,26.99,1.0,0.457,0.0,observed_and_verified_proxy
2016-12-01,2016,12,4,Thrissur,Central,10.52,76.21,Tuna,665.54,1769.6,376.1,27.51,34.39,1.0,0.06,27.0,2.49,27.4,1.0,0.481,0.0,observed_and_verified_proxy
2016-01-01,2016,1,1,Kasaragod,North,12.5,74.99,Tuna,290.34,943.1,307.86,28.14,34.49,0.94,0.05,2.7,2.3,26.9,1.0,0.275,0.0,observed_and_verified_proxy
2016-02-01,2016,2,1,Kasaragod,North,12.5,74.99,Tuna,289.01,853.7,338.52,28.86,34.48,1.09,0.1,6.0,2.56,28.45,1.0,0.248,0.0,observed_and_verified_proxy
2016-03-01,2016,3,1,Kasaragod,North,12.5,74.99,Tuna,282.09,934.8,301.75,29.49,34.46,1.37,0.2,10.5,2.52,29.4,1.0,0.268,0.0,observed_and_verified_proxy
2016-04-01,2016,4,2,Kasaragod,North,12.5,74.99,Tuna,109.22,589.1,185.39,29.85,34.4,1.81,0.35,23.1,2.88,29.81,1.05,0.084,0.0,observed_and_verified_proxy
2016-05-01,2016,5,2,Kasaragod,North,12.5,74.99,Tuna,103.11,592.0,174.17,29.77,33.78,2.84,0.65,172.2,3.22,28.79,1.36,0.08,0.0,observed_and_verified_proxy
2016-06-01,2016,6,2,Kasaragod,North,12.5,74.99,Tuna,102.85,575.3,178.77,28.91,32.34,4.11,0.95,519.0,3.89,26.51,2.21,0.078,0.0,observed_and_verified_proxy
2016-07-01,2016,7,3,Kasaragod,North,12.5,74.99,Tuna,158.64,681.6,232.76,27.27,32.67,4.15,1.0,440.1,3.67,25.35,2.8,0.13,0.0,observed_and_verified_proxy
2016-08-01,2016,8,3,Kasaragod,North,12.5,74.99,Tuna,152.52,689.0,221.35,26.55,33.58,3.6,0.9,222.0,3.74,25.4,2.21,0.128,0.0,observed_and_verified_proxy
2016-09-01,2016,9,3,Kasaragod,North,12.5,74.99,Tuna,164.99,759.9,217.11,26.93,34.16,2.58,0.6,82.2,3.29,25.06,1.36,0.15,0.0,observed_and_verified_proxy
2016-10-01,2016,10,4,Kasaragod,North,12.5,74.99,Tuna,390.08,1209.0,322.66,27.07,34.33,1.69,0.3,40.2,2.58,25.91,1.05,0.42,0.0,observed_and_verified_proxy
2016-11-01,2016,11,4,Kasaragod,North,12.5,74.99,Tuna,399.55,1096.2,364.5,27.14,34.29,1.2,0.12,50.7,2.08,26.65,1.0,0.386,0.0,observed_and_verified_proxy
2016-12-01,2016,12,4,Kasaragod,North,12.5,74.99,Tuna,387.77,1171.4,331.02,27.51,34.33,1.02,0.06,41.7,2.43,26.52,1.0,0.406,0.0,observed_and_verified_proxy
2017-01-01,2017,1,1,Kozhikode,North,11.25,75.78,Tuna,1995.12,5980.2,333.62,28.14,34.44,0.96,0.05,14.7,2.4,26.87,1.0,0.599,0.038,observed_and_verified_proxy
2017-02-01,2017,2,1,Kozhikode,North,11.25,75.78,Tuna,2184.61,5881.0,371.47,28.86,34.5,1.08,0.1,0.9,2.54,27.8,1.0,0.6,0.0,observed_and_verified_proxy
2017-03-01,2017,3,1,Kozhikode,North,11.25,75.78,Tuna,2011.12,5386.7,373.35,29.49,34.3,1.42,0.2,47.1,2.68,28.25,1.0,0.541,0.0,observed_and_verified_proxy
2017-04-01,2017,4,2,Kozhikode,North,11.25,75.78,Tuna,718.77,3509.5,204.8,29.85,34.2,1.87,0.35,72.6,2.88,28.59,1.05,0.259,0.0,observed_and_verified_proxy
2017-05-01,2017,5,2,Kozhikode,North,11.25,75.78,Tuna,712.84,3640.1,195.83,29.77,33.64,2.88,0.65,206.1,2.89,27.94,1.36,0.268,0.0,observed_and_verified_proxy
2017-06-01,2017,6,2,Kozhikode,North,11.25,75.78,Tuna,778.44,3883.4,200.45,28.91,32.76,3.98,0.95,417.0,3.52,26.65,2.21,0.296,0.0,observed_and_verified_proxy
2017-07-01,2017,7,3,Kozhikode,North,11.25,75.78,Tuna,1116.54,4724.1,236.35,27.27,33.07,4.03,1.0,342.9,3.37,25.83,2.8,0.409,0.006,observed_and_verified_proxy
2017-08-01,2017,8,3,Kozhikode,North,11.25,75.78,Tuna,1097.46,4515.0,243.07,26.55,32.86,3.81,0.9,393.0,3.22,25.43,2.21,0.389,0.0,observed_and_verified_proxy
2017-09-01,2017,9,3,Kozhikode,North,11.25,75.78,Tuna,1141.0,4579.5,249.15,26.93,33.08,2.9,0.6,339.9,3.01,25.74,1.36,0.399,0.0,observed_and_verified_proxy
2017-10-01,2017,10,4,Kozhikode,North,11.25,75.78,Tuna,2628.65,7542.3,348.52,27.07,33.89,1.82,0.3,147.0,2.0,26.15,1.05,0.794,0.258,observed_and_verified_proxy
2017-11-01,2017,11,4,Kozhikode,North,11.25,75.78,Tuna,2625.19,7404.0,354.56,27.14,34.16,1.24,0.12,81.3,1.8,26.34,1.0,0.779,0.225,observed_and_verified_proxy
2017-12-01,2017,12,4,Kozhikode,North,11.25,75.78,Tuna,2836.56,6834.6,415.03,27.51,34.34,1.02,0.06,38.4,2.24,25.77,1.0,0.728,0.024,observed_and_verified_proxy
2017-01-01,2017,1,1,Ernakulam,Central,9.98,76.28,Tuna,1945.53,5093.2,381.98,28.14,34.41,0.97,0.05,21.0,2.12,27.75,1.0,0.567,0.0,observed_and_verified_proxy
2017-02-01,2017,2,1,Ernakulam,Central,9.98,76.28,Tuna,1947.0,5187.3,375.34,28.86,34.49,1.08,0.1,1.2,2.4,28.83,1.0,0.578,0.0,observed_and_verified_proxy
2017-03-01,2017,3,1,Ernakulam,Central,9.98,76.28,Tuna,1901.56,5154.1,368.94,29.49,34.13,1.47,0.2,89.4,2.57,28.83,1.0,0.572,0.0,observed_and_verified_proxy
2017-04-01,2017,4,2,Ernakulam,Central,9.98,76.28,Tuna,650.82,3359.9,193.7,29.85,34.3,1.84,0.35,47.4,3.33,29.4,1.05,0.266,0.0,observed_and_verified_proxy
2017-05-01,2017,5,2,Ernakulam,Central,9.98,76.28,Tuna,687.82,3491.9,196.98,29.77,33.18,3.02,0.65,316.2,3.5,28.57,1.36,0.283,0.0,observed_and_verified_proxy
2017-06-01,2017,6,2,Ernakulam,Central,9.98,76.28,Tuna,679.31,3395.7,200.05,28.91,32.59,4.03,0.95,457.8,4.14,27.22,2.21,0.274,0.0,observed_and_verified_proxy
2017-07-01,2017,7,3,Ernakulam,Central,9.98,76.28,Tuna,1022.66,4130.1,247.61,27.27,33.26,3.97,1.0,298.2,3.76,26.47,2.8,0.388,0.0,observed_and_verified_proxy
2017-08-01,2017,8,3,Ernakulam,Central,9.98,76.28,Tuna,1006.95,4218.0,238.73,26.55,32.97,3.78,0.9,367.5,3.62,26.13,2.21,0.395,0.0,observed_and_verified_proxy
2017-09-01,2017,9,3,Ernakulam,Central,9.98,76.28,Tuna,976.1,4055.2,240.71,26.93,32.89,2.96,0.6,385.8,3.74,26.42,1.36,0.376,0.0,observed_and_verified_proxy
2017-10-01,2017,10,4,Ernakulam,Central,9.98,76.28,Tuna,2449.01,6173.4,396.7,27.07,33.53,1.93,0.3,232.2,2.76,26.79,1.05,0.718,0.052,observed_and_verified_proxy
2017-11-01,2017,11,4,Ernakulam,Central,9.98,76.28,Tuna,2406.54,6622.3,363.4,27.14,33.83,1.34,0.12,161.7,2.09,27.02,1.0,0.768,0.191,observed_and_verified_proxy
2017-12-01,2017,12,4,Ernakulam,Central,9.98,76.28,Tuna,2532.91,6408.5,395.24,27.51,34.34,1.02,0.06,37.8,2.47,26.58,1.0,0.75,0.096,observed_and_verified_proxy
2017-01-01,2017,1,1,Alappuzha,South,9.49,76.33,Tuna,1687.25,4357.2,387.24,28.14,34.45,0.96,0.05,13.2,3.44,27.34,1.0,0.534,0.0,observed_and_verified_proxy
2017-02-01,2017,2,1,Alappuzha,South,9.49,76.33,Tuna,1667.95,4282.4,389.49,28.86,34.5,1.08,0.1,0.6,3.7,27.99,1.0,0.523,0.0,observed_and_verified_proxy
2017-03-01,2017,3,1,Alappuzha,South,9.49,76.33,Tuna,1644.68,4951.6,332.15,29.49,34.13,1.47,0.2,89.1,2.69,28.62,1.0,0.603,0.045,observed_and_verified_proxy
2017-04-01,2017,4,2,Alappuzha,South,9.49,76.33,Tuna,618.53,2927.6,211.27,29.85,34.28,1.85,0.35,53.4,4.24,28.97,1.05,0.257,0.0,observed_and_verified_proxy
2017-05-01,2017,5,2,Alappuzha,South,9.49,76.33,Tuna,611.48,2809.9,217.62,29.77,33.78,2.84,0.65,172.5,4.62,28.54,1.36,0.245,0.0,observed_and_verified_proxy
2017-06-01,2017,6,2,Alappuzha,South,9.49,76.33,Tuna,615.09,2782.9,221.03,28.91,33.4,3.79,0.95,265.2,5.45,26.94,2.21,0.244,0.0,observed_and_verified_proxy
2017-07-01,2017,7,3,Alappuzha,South,9.49,76.33,Tuna,918.35,3366.8,272.77,27.27,34.23,3.68,1.0,65.7,5.35,26.41,2.8,0.346,0.0,observed_and_verified_proxy
2017-08-01,2017,8,3,Alappuzha,South,9.49,76.33,Tuna,904.19,3696.9,244.58,26.55,33.98,3.47,0.9,123.6,4.92,26.03,2.21,0.378,0.0,observed_and_verified_proxy
2017-09-01,2017,9,3,Alappuzha,South,9.49,76.33,Tuna,887.13,3564.5,248.88,26.93,33.38,2.81,0.6,267.9,4.64,26.17,1.36,0.362,0.0,observed_and_verified_proxy
2017-10-01,2017,10,4,Alappuzha,South,9.49,76.33,Tuna,2074.52,5544.9,374.13,27.07,33.74,1.87,0.3,182.1,3.76,26.57,1.05,0.709,0.091,observed_and_verified_proxy
2017-11-01,2017,11,4,Alappuzha,South,9.49,76.33,Tuna,2046.03,5825.0,351.25,27.14,33.06,1.57,0.12,345.6,2.86,26.37,1.0,0.743,0.185,observed_and_verified_proxy
2017-12-01,2017,12,4,Alappuzha,South,9.49,76.33,Tuna,2170.07,5372.0,403.96,27.51,34.12,1.08,0.06,90.6,3.65,25.75,1.0,0.693,0.003,observed_and_verified_proxy
2017-01-01,2017,1,1,Kollam,South,8.89,76.6,Tuna,1509.62,4597.3,328.37,28.14,34.45,0.96,0.05,13.2,3.44,27.34,1.0,0.587,0.034,observed_and_verified_proxy
2017-02-01,2017,2,1,Kollam,South,8.89,76.6,Tuna,1467.66,4224.0,347.46,28.86,34.5,1.08,0.1,0.6,3.7,27.99,1.0,0.536,0.0,observed_and_verified_proxy
2017-03-01,2017,3,1,Kollam,South,8.89,76.6,Tuna,1582.86,4350.9,363.8,29.49,34.13,1.47,0.2,89.1,2.69,28.62,1.0,0.562,0.0,observed_and_verified_proxy
2017-04-01,2017,4,2,Kollam,South,8.89,76.6,Tuna,571.37,2709.7,210.86,29.85,34.28,1.85,0.35,53.4,4.24,28.97,1.05,0.246,0.0,observed_and_verified_proxy
2017-05-01,2017,5,2,Kollam,South,8.89,76.6,Tuna,524.74,2929.8,179.11,29.77,33.78,2.84,0.65,172.5,4.62,28.54,1.36,0.255,0.0,observed_and_verified_proxy
2017-06-01,2017,6,2,Kollam,South,8.89,76.6,Tuna,528.59,2738.8,193.0,28.91,33.4,3.79,0.95,265.2,5.45,26.94,2.21,0.239,0.0,observed_and_verified_proxy
2017-07-01,2017,7,3,Kollam,South,8.89,76.6,Tuna,785.33,3134.4,250.55,27.27,34.23,3.68,1.0,65.7,5.35,26.41,2.8,0.326,0.0,observed_and_verified_proxy
2017-08-01,2017,8,3,Kollam,South,8.89,76.6,Tuna,830.68,3468.4,239.5,26.55,33.98,3.47,0.9,123.6,4.92,26.03,2.21,0.368,0.0,observed_and_verified_proxy
2017-09-01,2017,9,3,Kollam,South,8.89,76.6,Tuna,857.1,3143.0,272.7,26.93,33.38,2.81,0.6,267.9,4.64,26.17,1.36,0.338,0.0,observed_and_verified_proxy
2017-10-01,2017,10,4,Kollam,South,8.89,76.6,Tuna,2014.24,5192.0,387.95,27.07,33.74,1.87,0.3,182.1,3.76,26.57,1.05,0.707,0.058,observed_and_verified_proxy
2017-11-01,2017,11,4,Kollam,South,8.89,76.6,Tuna,1958.01,5548.0,352.92,27.14,33.06,1.57,0.12,345.6,2.86,26.37,1.0,0.752,0.193,observed_and_verified_proxy
2017-12-01,2017,12,4,Kollam,South,8.89,76.6,Tuna,1956.52,5475.0,357.35,27.51,34.12,1.08,0.06,90.6,3.65,25.75,1.0,0.742,0.17,observed_and_verified_proxy
2017-01-01,2017,1,1,Kannur,North,11.87,75.37,Tuna,1171.42,3376.6,346.93,28.14,34.44,0.96,0.05,14.7,2.4,26.87,1.0,0.512,0.0,observed_and_verified_proxy
2017-02-01,2017,2,1,Kannur,North,11.87,75.37,Tuna,1257.2,3587.9,350.4,28.86,34.5,1.08,0.1,0.9,2.54,27.8,1.0,0.556,0.0,observed_and_verified_proxy
2017-03-01,2017,3,1,Kannur,North,11.87,75.37,Tuna,1181.0,3616.0,326.6,29.49,34.3,1.42,0.2,47.1,2.68,28.25,1.0,0.55,0.0,observed_and_verified_proxy
2017-04-01,2017,4,2,Kannur,North,11.87,75.37,Tuna,426.87,2132.1,200.21,29.85,34.2,1.87,0.35,72.6,2.88,28.59,1.05,0.213,0.0,observed_and_verified_proxy
2017-05-01,2017,5,2,Kannur,North,11.87,75.37,Tuna,430.59,2229.7,193.12,29.77,33.64,2.88,0.65,206.1,2.89,27.94,1.36,0.223,0.0,observed_and_verified_proxy
2017-06-01,2017,6,2,Kannur,North,11.87,75.37,Tuna,449.14,2199.9,204.17,28.91,32.76,3.98,0.95,417.0,3.52,26.65,2.21,0.225,0.0,observed_and_verified_proxy
2017-07-01,2017,7,3,Kannur,North,11.87,75.37,Tuna,648.52,2519.9,257.35,27.27,33.07,4.03,1.0,342.9,3.37,25.83,2.8,0.308,0.0,observed_and_verified_proxy
2017-08-01,2017,8,3,Kannur,North,11.87,75.37,Tuna,666.85,2758.9,241.71,26.55,32.86,3.81,0.9,393.0,3.22,25.43,2.21,0.341,0.0,observed_and_verified_proxy
2017-09-01,2017,9,3,Kannur,North,11.87,75.37,Tuna,674.42,2410.7,279.76,26.93,33.08,2.9,0.6,339.9,3.01,25.74,1.36,0.3,0.0,observed_and_verified_proxy
2017-10-01,2017,10,4,Kannur,North,11.87,75.37,Tuna,1560.72,4283.3,364.37,27.07,33.89,1.82,0.3,147.0,2.0,26.15,1.05,0.702,0.103,observed_and_verified_proxy
2017-11-01,2017,11,4,Kannur,North,11.87,75.37,Tuna,1504.66,4395.6,342.31,27.14,34.16,1.24,0.12,81.3,1.8,26.34,1.0,0.714,0.168,observed_and_verified_proxy
2017-12-01,2017,12,4,Kannur,North,11.87,75.37,Tuna,1569.73,4393.1,357.32,27.51,34.34,1.02,0.06,38.4,2.24,25.77,1.0,0.721,0.143,observed_and_verified_proxy
2017-01-01,2017,1,1,Thiruvananthapuram,South,8.52,76.94,Tuna,1012.91,2732.0,370.76,28.14,34.45,0.96,0.05,13.2,3.44,27.34,1.0,0.484,0.0,observed_and_verified_proxy
2017-02-01,2017,2,1,Thiruvananthapuram,South,8.52,76.94,Tuna,946.31,2861.6,330.7,28.86,34.5,1.08,0.1,0.6,3.7,27.99,1.0,0.495,0.0,observed_and_verified_proxy
2017-03-01,2017,3,1,Thiruvananthapuram,South,8.52,76.94,Tuna,985.02,2667.7,369.24,29.49,34.13,1.47,0.2,89.1,2.69,28.62,1.0,0.468,0.0,observed_and_verified_proxy
2017-04-01,2017,4,2,Thiruvananthapuram,South,8.52,76.94,Tuna,355.47,1653.0,215.05,29.85,34.28,1.85,0.35,53.4,4.24,28.97,1.05,0.182,0.0,observed_and_verified_proxy
2017-05-01,2017,5,2,Thiruvananthapuram,South,8.52,76.94,Tuna,353.14,1692.7,208.63,29.77,33.78,2.84,0.65,172.5,4.62,28.54,1.36,0.185,0.0,observed_and_verified_proxy
2017-06-01,2017,6,2,Thiruvananthapuram,South,8.52,76.94,Tuna,365.23,1846.4,197.8,28.91,33.4,3.79,0.95,265.2,5.45,26.94,2.21,0.206,0.0,observed_and_verified_proxy
2017-07-01,2017,7,3,Thiruvananthapuram,South,8.52,76.94,Tuna,506.07,2285.8,221.39,27.27,34.23,3.68,1.0,65.7,5.35,26.41,2.8,0.304,0.0,observed_and_verified_proxy
2017-08-01,2017,8,3,Thiruvananthapuram,South,8.52,76.94,Tuna,550.1,2086.2,263.69,26.55,33.98,3.47,0.9,123.6,4.92,26.03,2.21,0.289,0.0,observed_and_verified_proxy
2017-09-01,2017,9,3,Thiruvananthapuram,South,8.52,76.94,Tuna,550.63,2002.5,274.97,26.93,33.38,2.81,0.6,267.9,4.64,26.17,1.36,0.278,0.0,observed_and_verified_proxy
2017-10-01,2017,10,4,Thiruvananthapuram,South,8.52,76.94,Tuna,1342.24,3274.2,409.95,27.07,33.74,1.87,0.3,182.1,3.76,26.57,1.05,0.631,0.0,observed_and_verified_proxy
2017-11-01,2017,11,4,Thiruvananthapuram,South,8.52,76.94,Tuna,1295.87,3556.7,364.34,27.14,33.06,1.57,0.12,345.6,2.86,26.37,1.0,0.679,0.073,observed_and_verified_proxy
2017-12-01,2017,12,4,Thiruvananthapuram,South,8.52,76.94,Tuna,1251.06,3407.9,367.1,27.51,34.12,1.08,0.06,90.6,3.65,25.75,1.0,0.644,0.022,observed_and_verified_proxy
2017-01-01,2017,1,1,Malappuram,North,11.07,76.07,Tuna,774.02,2020.9,383.01,28.14,34.44,0.96,0.05,14.7,2.4,26.87,1.0,0.418,0.0,observed_and_verified_proxy
2017-02-01,2017,2,1,Malappuram,North,11.07,76.07,Tuna,734.74,2070.4,354.87,28.86,34.5,1.08,0.1,0.9,2.54,27.8,1.0,0.419,0.0,observed_and_verified_proxy
2017-03-01,2017,3,1,Malappuram,North,11.07,76.07,Tuna,750.51,2248.3,333.81,29.49,34.3,1.42,0.2,47.1,2.68,28.25,1.0,0.459,0.0,observed_and_verified_proxy
2017-04-01,2017,4,2,Malappuram,North,11.07,76.07,Tuna,263.12,1442.5,182.4,29.85,34.2,1.87,0.35,72.6,2.88,28.59,1.05,0.169,0.0,observed_and_verified_proxy
2017-05-01,2017,5,2,Malappuram,North,11.07,76.07,Tuna,270.19,1379.2,195.91,29.77,33.64,2.88,0.65,206.1,2.89,27.94,1.36,0.165,0.0,observed_and_verified_proxy
2017-06-01,2017,6,2,Malappuram,North,11.07,76.07,Tuna,273.58,1419.4,192.74,28.91,32.76,3.98,0.95,417.0,3.52,26.65,2.21,0.171,0.0,observed_and_verified_proxy
2017-07-01,2017,7,3,Malappuram,North,11.07,76.07,Tuna,396.5,1552.2,255.44,27.27,33.07,4.03,1.0,342.9,3.37,25.83,2.8,0.234,0.0,observed_and_verified_proxy
2017-08-01,2017,8,3,Malappuram,North,11.07,76.07,Tuna,411.22,1724.5,238.46,26.55,32.86,3.81,0.9,393.0,3.22,25.43,2.21,0.265,0.0,observed_and_verified_proxy
2017-09-01,2017,9,3,Malappuram,North,11.07,76.07,Tuna,392.18,1681.4,233.25,26.93,33.08,2.9,0.6,339.9,3.01,25.74,1.36,0.251,0.0,observed_and_verified_proxy
2017-10-01,2017,10,4,Malappuram,North,11.07,76.07,Tuna,1036.17,2667.2,388.49,27.07,33.89,1.82,0.3,147.0,2.0,26.15,1.05,0.612,0.0,observed_and_verified_proxy
2017-11-01,2017,11,4,Malappuram,North,11.07,76.07,Tuna,982.44,2649.2,370.84,27.14,34.16,1.24,0.12,81.3,1.8,26.34,1.0,0.597,0.0,observed_and_verified_proxy
2017-12-01,2017,12,4,Malappuram,North,11.07,76.07,Tuna,1025.2,2837.0,361.37,27.51,34.34,1.02,0.06,38.4,2.24,25.77,1.0,0.649,0.04,observed_and_verified_proxy
2017-01-01,2017,1,1,Thrissur,Central,10.52,76.21,Tuna,569.85,1604.9,355.07,28.14,34.41,0.97,0.05,21.0,2.12,27.75,1.0,0.407,0.0,observed_and_verified_proxy
2017-02-01,2017,2,1,Thrissur,Central,10.52,76.21,Tuna,538.62,1636.8,329.07,28.86,34.49,1.08,0.1,1.2,2.4,28.83,1.0,0.404,0.0,observed_and_verified_proxy
2017-03-01,2017,3,1,Thrissur,Central,10.52,76.21,Tuna,524.23,1632.5,321.12,29.49,34.13,1.47,0.2,89.4,2.57,28.83,1.0,0.398,0.0,observed_and_verified_proxy
2017-04-01,2017,4,2,Thrissur,Central,10.52,76.21,Tuna,201.35,1035.5,194.45,29.85,34.3,1.84,0.35,47.4,3.33,29.4,1.05,0.142,0.0,observed_and_verified_proxy
2017-05-01,2017,5,2,Thrissur,Central,10.52,76.21,Tuna,190.32,949.4,200.47,29.77,33.18,3.02,0.65,316.2,3.5,28.57,1.36,0.125,0.0,observed_and_verified_proxy
2017-06-01,2017,6,2,Thrissur,Central,10.52,76.21,Tuna,199.7,948.2,210.62,28.91,32.59,4.03,0.95,457.8,4.14,27.22,2.21,0.129,0.0,observed_and_verified_proxy
2017-07-01,2017,7,3,Thrissur,Central,10.52,76.21,Tuna,308.94,1279.3,241.49,27.27,33.26,3.97,1.0,298.2,3.76,26.47,2.8,0.233,0.0,observed_and_verified_proxy
2017-08-01,2017,8,3,Thrissur,Central,10.52,76.21,Tuna,296.44,1204.1,246.19,26.55,32.97,3.78,0.9,367.5,3.62,26.13,2.21,0.213,0.0,observed_and_verified_proxy
2017-09-01,2017,9,3,Thrissur,Central,10.52,76.21,Tuna,281.59,1102.9,255.31,26.93,32.89,2.96,0.6,385.8,3.74,26.42,1.36,0.189,0.0,observed_and_verified_proxy
2017-10-01,2017,10,4,Thrissur,Central,10.52,76.21,Tuna,730.16,2041.1,357.73,27.07,33.53,1.93,0.3,232.2,2.76,26.79,1.05,0.577,0.0,observed_and_verified_proxy
2017-11-01,2017,11,4,Thrissur,Central,10.52,76.21,Tuna,715.83,1786.0,400.79,27.14,33.83,1.34,0.12,161.7,2.09,27.02,1.0,0.501,0.0,observed_and_verified_proxy
2017-12-01,2017,12,4,Thrissur,Central,10.52,76.21,Tuna,735.67,1793.1,410.28,27.51,34.34,1.02,0.06,37.8,2.47,26.58,1.0,0.508,0.0,observed_and_verified_proxy
2017-01-01,2017,1,1,Kasaragod,North,12.5,74.99,Tuna,328.01,872.9,375.75,28.14,34.44,0.96,0.05,14.7,2.4,26.87,1.0,0.274,0.0,observed_and_verified_proxy
2017-02-01,2017,2,1,Kasaragod,North,12.5,74.99,Tuna,312.16,885.5,352.52,28.86,34.5,1.08,0.1,0.9,2.54,27.8,1.0,0.27,0.0,observed_and_verified_proxy
2017-03-01,2017,3,1,Kasaragod,North,12.5,74.99,Tuna,344.17,943.0,364.96,29.49,34.3,1.42,0.2,47.1,2.68,28.25,1.0,0.305,0.0,observed_and_verified_proxy
2017-04-01,2017,4,2,Kasaragod,North,12.5,74.99,Tuna,119.7,577.0,207.44,29.85,34.2,1.87,0.35,72.6,2.88,28.59,1.05,0.088,0.0,observed_and_verified_proxy
2017-05-01,2017,5,2,Kasaragod,North,12.5,74.99,Tuna,114.49,611.5,187.23,29.77,33.64,2.88,0.65,206.1,2.89,27.94,1.36,0.09,0.0,observed_and_verified_proxy
2017-06-01,2017,6,2,Kasaragod,North,12.5,74.99,Tuna,114.9,599.2,191.76,28.91,32.76,3.98,0.95,417.0,3.52,26.65,2.21,0.089,0.0,observed_and_verified_proxy
2017-07-01,2017,7,3,Kasaragod,North,12.5,74.99,Tuna,176.27,717.6,245.66,27.27,33.07,4.03,1.0,342.9,3.37,25.83,2.8,0.148,0.0,observed_and_verified_proxy
2017-08-01,2017,8,3,Kasaragod,North,12.5,74.99,Tuna,183.5,769.2,238.55,26.55,32.86,3.81,0.9,393.0,3.22,25.43,2.21,0.164,0.0,observed_and_verified_proxy
2017-09-01,2017,9,3,Kasaragod,North,12.5,74.99,Tuna,179.21,666.0,269.09,26.93,33.08,2.9,0.6,339.9,3.01,25.74,1.36,0.139,0.0,observed_and_verified_proxy
2017-10-01,2017,10,4,Kasaragod,North,12.5,74.99,Tuna,439.86,1205.9,364.75,27.07,33.89,1.82,0.3,147.0,2.0,26.15,1.05,0.448,0.0,observed_and_verified_proxy
2017-11-01,2017,11,4,Kasaragod,North,12.5,74.99,Tuna,445.87,1068.0,417.5,27.14,34.16,1.24,0.12,81.3,1.8,26.34,1.0,0.4,0.0,observed_and_verified_proxy
2017-12-01,2017,12,4,Kasaragod,North,12.5,74.99,Tuna,424.69,1210.3,350.91,27.51,34.34,1.02,0.06,38.4,2.24,25.77,1.0,0.441,0.0,observed_and_verified_proxy
2018-01-01,2018,1,1,Kozhikode,North,11.25,75.78,Tuna,2257.62,6086.0,370.95,28.14,34.49,0.94,0.05,1.5,2.16,26.51,1.0,0.624,0.0,observed_and_verified_proxy
2018-02-01,2018,2,1,Kozhikode,North,11.25,75.78,Tuna,2195.07,6314.3,347.63,28.86,34.47,1.09,0.1,7.2,2.33,27.86,1.0,0.644,0.065,observed_and_verified_proxy
2018-03-01,2018,3,1,Kozhikode,North,11.25,75.78,Tuna,2362.68,6240.3,378.62,29.49,34.38,1.39,0.2,27.6,2.6,28.89,1.0,0.645,0.0,observed_and_verified_proxy
2018-04-01,2018,4,2,Kozhikode,North,11.25,75.78,Tuna,828.93,3911.3,211.93,29.85,34.05,1.92,0.35,109.2,2.47,28.72,1.05,0.306,0.0,observed_and_verified_proxy
2018-05-01,2018,5,2,Kozhikode,North,11.25,75.78,Tuna,816.41,3584.3,227.78,29.77,33.01,3.07,0.65,357.9,3.06,27.57,1.36,0.279,0.0,observed_and_verified_proxy
2018-06-01,2018,6,2,Kozhikode,North,11.25,75.78,Tuna,787.04,3738.7,210.51,28.91,32.49,4.06,0.95,482.1,3.68,26.4,2.21,0.286,0.0,observed_and_verified_proxy
2018-07-01,2018,7,3,Kozhikode,North,11.25,75.78,Tuna,1217.75,4446.9,273.84,27.27,32.3,4.26,1.0,527.1,4.14,25.56,2.8,0.395,0.0,observed_and_verified_proxy
2018-08-01,2018,8,3,Kozhikode,North,11.25,75.78,Tuna,1198.63,4841.3,247.58,26.55,32.37,3.96,0.9,510.9,3.83,24.89,2.21,0.428,0.006,observed_and_verified_proxy
2018-09-01,2018,9,3,Kozhikode,North,11.25,75.78,Tuna,1290.84,4652.9,277.43,26.93,34.0,2.63,0.6,120.3,2.89,25.47,1.36,0.42,0.0,observed_and_verified_proxy
2018-10-01,2018,10,4,Kozhikode,North,11.25,75.78,Tuna,3094.6,7064.2,438.07,27.07,33.44,1.96,0.3,253.5,2.05,26.38,1.05,0.762,0.017,observed_and_verified_proxy
2018-11-01,2018,11,4,Kozhikode,North,11.25,75.78,Tuna,3123.69,7134.0,437.86,27.14,34.2,1.23,0.12,72.3,1.93,26.57,1.0,0.771,0.029,observed_and_verified_proxy
2018-12-01,2018,12,4,Kozhikode,North,11.25,75.78,Tuna,2924.0,6936.5,421.54,27.51,34.42,0.99,0.06,18.0,2.08,26.88,1.0,0.742,0.028,observed_and_verified_proxy
2018-01-01,2018,1,1,Ernakulam,Central,9.98,76.28,Tuna,1977.18,5278.3,374.58,28.14,34.49,0.94,0.05,2.7,1.95,27.24,1.0,0.59,0.0,observed_and_verified_proxy
2018-02-01,2018,2,1,Ernakulam,Central,9.98,76.28,Tuna,2066.53,5469.2,377.85,28.86,34.45,1.09,0.1,11.1,2.04,29.03,1.0,0.617,0.0,observed_and_verified_proxy
2018-03-01,2018,3,1,Ernakulam,Central,9.98,76.28,Tuna,2087.76,5138.9,406.26,29.49,34.3,1.42,0.2,47.4,2.68,29.82,1.0,0.581,0.0,observed_and_verified_proxy
2018-04-01,2018,4,2,Ernakulam,Central,9.98,76.28,Tuna,703.93,3530.5,199.38,29.85,34.04,1.92,0.35,110.1,2.51,29.22,1.05,0.289,0.0,observed_and_verified_proxy
2018-05-01,2018,5,2,Ernakulam,Central,9.98,76.28,Tuna,758.9,3390.9,223.8,29.77,33.21,3.01,0.65,310.2,3.62,27.84,1.36,0.286,0.0,observed_and_verified_proxy
2018-06-01,2018,6,2,Ernakulam,Central,9.98,76.28,Tuna,765.15,3238.1,236.29,28.91,32.14,4.17,0.95,566.7,4.31,26.97,2.21,0.274,0.0,observed_and_verified_proxy
2018-07-01,2018,7,3,Ernakulam,Central,9.98,76.28,Tuna,1089.79,4356.0,250.18,27.27,31.65,4.46,1.0,684.3,4.43,26.17,2.8,0.418,0.0,observed_and_verified_proxy
2018-08-01,2018,8,3,Ernakulam,Central,9.98,76.28,Tuna,1070.75,3943.0,271.56,26.55,32.29,3.98,0.9,529.5,4.42,25.64,2.21,0.376,0.0,observed_and_verified_proxy
2018-09-01,2018,9,3,Ernakulam,Central,9.98,76.28,Tuna,1151.66,4278.4,269.18,26.93,34.09,2.6,0.6,99.6,3.42,26.26,1.36,0.418,0.0,observed_and_verified_proxy
2018-10-01,2018,10,4,Ernakulam,Central,9.98,76.28,Tuna,2780.19,6509.7,427.08,27.07,33.17,2.04,0.3,318.6,2.24,26.99,1.05,0.773,0.055,observed_and_verified_proxy
2018-11-01,2018,11,4,Ernakulam,Central,9.98,76.28,Tuna,2718.28,5981.9,454.42,27.14,33.7,1.38,0.12,193.2,2.09,27.31,1.0,0.708,0.0,observed_and_verified_proxy
2018-12-01,2018,12,4,Ernakulam,Central,9.98,76.28,Tuna,2649.95,6484.3,408.67,27.51,34.39,1.0,0.06,26.1,1.87,27.39,1.0,0.764,0.085,observed_and_verified_proxy
2018-01-01,2018,1,1,Alappuzha,South,9.49,76.33,Tuna,1853.27,4774.9,388.12,28.14,34.48,0.95,0.05,4.2,3.02,26.06,1.0,0.597,0.0,observed_and_verified_proxy
2018-02-01,2018,2,1,Alappuzha,South,9.49,76.33,Tuna,1761.88,4375.3,402.69,28.86,34.45,1.1,0.1,12.3,3.58,27.9,1.0,0.541,0.0,observed_and_verified_proxy
2018-03-01,2018,3,1,Alappuzha,South,9.49,76.33,Tuna,1856.05,4897.1,379.01,29.49,34.34,1.41,0.2,38.7,3.13,29.01,1.0,0.612,0.0,observed_and_verified_proxy
2018-04-01,2018,4,2,Alappuzha,South,9.49,76.33,Tuna,674.37,2789.6,241.74,29.85,34.14,1.89,0.35,87.0,2.61,29.18,1.05,0.254,0.0,observed_and_verified_proxy
2018-05-01,2018,5,2,Alappuzha,South,9.49,76.33,Tuna,650.61,2906.2,223.87,29.77,33.72,2.85,0.65,186.6,4.49,27.99,1.36,0.261,0.0,observed_and_verified_proxy
2018-06-01,2018,6,2,Alappuzha,South,9.49,76.33,Tuna,645.19,3007.2,214.55,28.91,33.3,3.82,0.95,288.9,5.57,26.65,2.21,0.269,0.0,observed_and_verified_proxy
2018-07-01,2018,7,3,Alappuzha,South,9.49,76.33,Tuna,925.34,3736.1,247.68,27.27,33.42,3.92,1.0,258.9,5.54,25.66,2.8,0.385,0.0,observed_and_verified_proxy
2018-08-01,2018,8,3,Alappuzha,South,9.49,76.33,Tuna,965.47,3475.7,277.78,26.55,33.13,3.73,0.9,329.4,5.8,25.23,2.21,0.363,0.0,observed_and_verified_proxy
2018-09-01,2018,9,3,Alappuzha,South,9.49,76.33,Tuna,932.18,3774.9,246.95,26.93,34.14,2.59,0.6,85.8,4.3,25.81,1.36,0.39,0.0,observed_and_verified_proxy
2018-10-01,2018,10,4,Alappuzha,South,9.49,76.33,Tuna,2383.33,6114.7,389.77,27.07,33.33,1.99,0.3,280.8,2.57,26.56,1.05,0.802,0.177,observed_and_verified_proxy
2018-11-01,2018,11,4,Alappuzha,South,9.49,76.33,Tuna,2328.43,5932.7,392.48,27.14,33.8,1.35,0.12,167.4,2.84,26.48,1.0,0.775,0.136,observed_and_verified_proxy
2018-12-01,2018,12,4,Alappuzha,South,9.49,76.33,Tuna,2358.78,5933.8,397.52,27.51,34.41,1.0,0.06,22.5,2.94,26.6,1.0,0.777,0.127,observed_and_verified_proxy
2018-01-01,2018,1,1,Kollam,South,8.89,76.6,Tuna,1656.44,4340.8,381.6,28.14,34.48,0.95,0.05,4.2,3.02,26.06,1.0,0.567,0.0,observed_and_verified_proxy
2018-02-01,2018,2,1,Kollam,South,8.89,76.6,Tuna,1674.5,4015.3,417.03,28.86,34.45,1.1,0.1,12.3,3.58,27.9,1.0,0.526,0.0,observed_and_verified_proxy
2018-03-01,2018,3,1,Kollam,South,8.89,76.6,Tuna,1663.15,4298.5,386.91,29.49,34.34,1.41,0.2,38.7,3.13,29.01,1.0,0.562,0.0,observed_and_verified_proxy
2018-04-01,2018,4,2,Kollam,South,8.89,76.6,Tuna,596.57,2616.1,228.04,29.85,34.14,1.89,0.35,87.0,2.61,29.18,1.05,0.242,0.0,observed_and_verified_proxy
2018-05-01,2018,5,2,Kollam,South,8.89,76.6,Tuna,616.15,2800.6,220.01,29.77,33.72,2.85,0.65,186.6,4.49,27.99,1.36,0.263,0.0,observed_and_verified_proxy
2018-06-01,2018,6,2,Kollam,South,8.89,76.6,Tuna,631.85,2916.8,216.62,28.91,33.3,3.82,0.95,288.9,5.57,26.65,2.21,0.277,0.0,observed_and_verified_proxy
2018-07-01,2018,7,3,Kollam,South,8.89,76.6,Tuna,922.28,3388.0,272.22,27.27,33.42,3.92,1.0,258.9,5.54,25.66,2.8,0.374,0.0,observed_and_verified_proxy
2018-08-01,2018,8,3,Kollam,South,8.89,76.6,Tuna,942.73,3568.7,264.17,26.55,33.13,3.73,0.9,329.4,5.8,25.23,2.21,0.397,0.0,observed_and_verified_proxy
2018-09-01,2018,9,3,Kollam,South,8.89,76.6,Tuna,934.85,3122.7,299.38,26.93,34.14,2.59,0.6,85.8,4.3,25.81,1.36,0.346,0.0,observed_and_verified_proxy
2018-10-01,2018,10,4,Kollam,South,8.89,76.6,Tuna,2234.51,5291.0,422.32,27.07,33.33,1.99,0.3,280.8,2.57,26.56,1.05,0.735,0.017,observed_and_verified_proxy
2018-11-01,2018,11,4,Kollam,South,8.89,76.6,Tuna,2108.67,5427.7,388.5,27.14,33.8,1.35,0.12,167.4,2.84,26.48,1.0,0.746,0.107,observed_and_verified_proxy
2018-12-01,2018,12,4,Kollam,South,8.89,76.6,Tuna,2210.98,5010.0,441.32,27.51,34.41,1.0,0.06,22.5,2.94,26.6,1.0,0.695,0.0,observed_and_verified_proxy
2018-01-01,2018,1,1,Kannur,North,11.87,75.37,Tuna,1295.93,3162.6,409.77,28.14,34.49,0.94,0.05,1.5,2.16,26.51,1.0,0.494,0.0,observed_and_verified_proxy
2018-02-01,2018,2,1,Kannur,North,11.87,75.37,Tuna,1271.5,3236.8,392.83,28.86,34.47,1.09,0.1,7.2,2.33,27.86,1.0,0.503,0.0,observed_and_verified_proxy
2018-03-01,2018,3,1,Kannur,North,11.87,75.37,Tuna,1297.65,3608.5,359.61,29.49,34.38,1.39,0.2,27.6,2.6,28.89,1.0,0.564,0.0,observed_and_verified_proxy
2018-04-01,2018,4,2,Kannur,North,11.87,75.37,Tuna,482.77,2271.7,212.52,29.85,34.05,1.92,0.35,109.2,2.47,28.72,1.05,0.242,0.0,observed_and_verified_proxy
2018-05-01,2018,5,2,Kannur,North,11.87,75.37,Tuna,458.72,2155.1,212.85,29.77,33.01,3.07,0.65,357.9,3.06,27.57,1.36,0.223,0.0,observed_and_verified_proxy
2018-06-01,2018,6,2,Kannur,North,11.87,75.37,Tuna,476.07,2077.8,229.12,28.91,32.49,4.06,0.95,482.1,3.68,26.4,2.21,0.219,0.0,observed_and_verified_proxy
2018-07-01,2018,7,3,Kannur,North,11.87,75.37,Tuna,694.7,2779.9,249.9,27.27,32.3,4.26,1.0,527.1,4.14,25.56,2.8,0.35,0.0,observed_and_verified_proxy
2018-08-01,2018,8,3,Kannur,North,11.87,75.37,Tuna,703.39,2535.8,277.38,26.55,32.37,3.96,0.9,510.9,3.83,24.89,2.21,0.321,0.0,observed_and_verified_proxy
2018-09-01,2018,9,3,Kannur,North,11.87,75.37,Tuna,701.41,2451.2,286.15,26.93,34.0,2.63,0.6,120.3,2.89,25.47,1.36,0.31,0.0,observed_and_verified_proxy
2018-10-01,2018,10,4,Kannur,North,11.87,75.37,Tuna,1801.41,4327.3,416.29,27.07,33.44,1.96,0.3,253.5,2.05,26.38,1.05,0.733,0.028,observed_and_verified_proxy
2018-11-01,2018,11,4,Kannur,North,11.87,75.37,Tuna,1790.78,4110.3,435.68,27.14,34.2,1.23,0.12,72.3,1.93,26.57,1.0,0.695,0.0,observed_and_verified_proxy
2018-12-01,2018,12,4,Kannur,North,11.87,75.37,Tuna,1807.27,4064.2,444.68,27.51,34.42,0.99,0.06,18.0,2.08,26.88,1.0,0.689,0.0,observed_and_verified_proxy
2018-01-01,2018,1,1,Thiruvananthapuram,South,8.52,76.94,Tuna,1091.21,2785.9,391.69,28.14,34.48,0.95,0.05,4.2,3.02,26.06,1.0,0.505,0.0,observed_and_verified_proxy
2018-02-01,2018,2,1,Thiruvananthapuram,South,8.52,76.94,Tuna,1110.95,2817.0,394.38,28.86,34.45,1.1,0.1,12.3,3.58,27.9,1.0,0.514,0.0,observed_and_verified_proxy
2018-03-01,2018,3,1,Thiruvananthapuram,South,8.52,76.94,Tuna,1080.87,2733.0,395.5,29.49,34.34,1.41,0.2,38.7,3.13,29.01,1.0,0.494,0.0,observed_and_verified_proxy
2018-04-01,2018,4,2,Thiruvananthapuram,South,8.52,76.94,Tuna,400.52,1631.8,245.45,29.85,34.14,1.89,0.35,87.0,2.61,29.18,1.05,0.192,0.0,observed_and_verified_proxy
2018-05-01,2018,5,2,Thiruvananthapuram,South,8.52,76.94,Tuna,400.45,1730.6,231.39,29.77,33.72,2.85,0.65,186.6,4.49,27.99,1.36,0.204,0.0,observed_and_verified_proxy
2018-06-01,2018,6,2,Thiruvananthapuram,South,8.52,76.94,Tuna,396.88,1804.5,219.94,28.91,33.3,3.82,0.95,288.9,5.57,26.65,2.21,0.211,0.0,observed_and_verified_proxy
2018-07-01,2018,7,3,Thiruvananthapuram,South,8.52,76.94,Tuna,558.17,2236.4,249.58,27.27,33.42,3.92,1.0,258.9,5.54,25.66,2.8,0.312,0.0,observed_and_verified_proxy
2018-08-01,2018,8,3,Thiruvananthapuram,South,8.52,76.94,Tuna,566.33,2072.7,273.23,26.55,33.13,3.73,0.9,329.4,5.8,25.23,2.21,0.291,0.0,observed_and_verified_proxy
2018-09-01,2018,9,3,Thiruvananthapuram,South,8.52,76.94,Tuna,599.27,2136.8,280.46,26.93,34.14,2.59,0.6,85.8,4.3,25.81,1.36,0.308,0.0,observed_and_verified_proxy
2018-10-01,2018,10,4,Thiruvananthapuram,South,8.52,76.94,Tuna,1354.67,3212.6,421.67,27.07,33.33,1.99,0.3,280.8,2.57,26.56,1.05,0.621,0.0,observed_and_verified_proxy
2018-11-01,2018,11,4,Thiruvananthapuram,South,8.52,76.94,Tuna,1420.53,3495.1,406.43,27.14,33.8,1.35,0.12,167.4,2.84,26.48,1.0,0.684,0.0,observed_and_verified_proxy
2018-12-01,2018,12,4,Thiruvananthapuram,South,8.52,76.94,Tuna,1460.66,3457.2,422.5,27.51,34.41,1.0,0.06,22.5,2.94,26.6,1.0,0.681,0.0,observed_and_verified_proxy
2018-01-01,2018,1,1,Malappuram,North,11.07,76.07,Tuna,855.53,2048.0,417.73,28.14,34.49,0.94,0.05,1.5,2.16,26.51,1.0,0.44,0.0,observed_and_verified_proxy
2018-02-01,2018,2,1,Malappuram,North,11.07,76.07,Tuna,869.43,2198.0,395.55,28.86,34.47,1.09,0.1,7.2,2.33,27.86,1.0,0.475,0.0,observed_and_verified_proxy
2018-03-01,2018,3,1,Malappuram,North,11.07,76.07,Tuna,861.02,2195.0,392.26,29.49,34.38,1.39,0.2,27.6,2.6,28.89,1.0,0.472,0.0,observed_and_verified_proxy
2018-04-01,2018,4,2,Malappuram,North,11.07,76.07,Tuna,290.19,1375.5,210.97,29.85,34.05,1.92,0.35,109.2,2.47,28.72,1.05,0.172,0.0,observed_and_verified_proxy
2018-05-01,2018,5,2,Malappuram,North,11.07,76.07,Tuna,290.21,1300.9,223.09,29.77,33.01,3.07,0.65,357.9,3.06,27.57,1.36,0.163,0.0,observed_and_verified_proxy
2018-06-01,2018,6,2,Malappuram,North,11.07,76.07,Tuna,308.03,1293.6,238.12,28.91,32.49,4.06,0.95,482.1,3.68,26.4,2.21,0.168,0.0,observed_and_verified_proxy
2018-07-01,2018,7,3,Malappuram,North,11.07,76.07,Tuna,471.92,1763.7,267.58,27.27,32.3,4.26,1.0,527.1,4.14,25.56,2.8,0.291,0.0,observed_and_verified_proxy
2018-08-01,2018,8,3,Malappuram,North,11.07,76.07,Tuna,442.0,1726.7,255.98,26.55,32.37,3.96,0.9,510.9,3.83,24.89,2.21,0.276,0.0,observed_and_verified_proxy
2018-09-01,2018,9,3,Malappuram,North,11.07,76.07,Tuna,473.66,1631.4,290.33,26.93,34.0,2.63,0.6,120.3,2.89,25.47,1.36,0.27,0.0,observed_and_verified_proxy
2018-10-01,2018,10,4,Malappuram,North,11.07,76.07,Tuna,1100.19,2832.1,388.47,27.07,33.44,1.96,0.3,253.5,2.05,26.38,1.05,0.662,0.0,observed_and_verified_proxy
2018-11-01,2018,11,4,Malappuram,North,11.07,76.07,Tuna,1086.47,2558.9,424.59,27.14,34.2,1.23,0.12,72.3,1.93,26.57,1.0,0.596,0.0,observed_and_verified_proxy
2018-12-01,2018,12,4,Malappuram,North,11.07,76.07,Tuna,1078.07,2668.2,404.04,27.51,34.42,0.99,0.06,18.0,2.08,26.88,1.0,0.62,0.0,observed_and_verified_proxy
2018-01-01,2018,1,1,Thrissur,Central,10.52,76.21,Tuna,600.08,1509.7,397.49,28.14,34.49,0.94,0.05,2.7,1.95,27.24,1.0,0.392,0.0,observed_and_verified_proxy
2018-02-01,2018,2,1,Thrissur,Central,10.52,76.21,Tuna,601.39,1441.0,417.35,28.86,34.45,1.09,0.1,11.1,2.04,29.03,1.0,0.375,0.0,observed_and_verified_proxy
2018-03-01,2018,3,1,Thrissur,Central,10.52,76.21,Tuna,585.09,1482.2,394.74,29.49,34.3,1.42,0.2,47.4,2.68,29.82,1.0,0.381,0.0,observed_and_verified_proxy
2018-04-01,2018,4,2,Thrissur,Central,10.52,76.21,Tuna,222.42,986.0,225.58,29.85,34.04,1.92,0.35,110.1,2.51,29.22,1.05,0.145,0.0,observed_and_verified_proxy
2018-05-01,2018,5,2,Thrissur,Central,10.52,76.21,Tuna,226.36,1020.9,221.74,29.77,33.21,3.01,0.65,310.2,3.62,27.84,1.36,0.151,0.0,observed_and_verified_proxy
2018-06-01,2018,6,2,Thrissur,Central,10.52,76.21,Tuna,223.59,993.7,225.0,28.91,32.14,4.17,0.95,566.7,4.31,26.97,2.21,0.146,0.0,observed_and_verified_proxy
2018-07-01,2018,7,3,Thrissur,Central,10.52,76.21,Tuna,323.16,1251.0,258.31,27.27,31.65,4.46,1.0,684.3,4.43,26.17,2.8,0.234,0.0,observed_and_verified_proxy
2018-08-01,2018,8,3,Thrissur,Central,10.52,76.21,Tuna,324.16,1145.1,283.07,26.55,32.29,3.98,0.9,529.5,4.42,25.64,2.21,0.214,0.0,observed_and_verified_proxy
2018-09-01,2018,9,3,Thrissur,Central,10.52,76.21,Tuna,338.16,1115.1,303.27,26.93,34.09,2.6,0.6,99.6,3.42,26.26,1.36,0.214,0.0,observed_and_verified_proxy
2018-10-01,2018,10,4,Thrissur,Central,10.52,76.21,Tuna,778.08,1787.5,435.3,27.07,33.17,2.04,0.3,318.6,2.24,26.99,1.05,0.518,0.0,observed_and_verified_proxy
2018-11-01,2018,11,4,Thrissur,Central,10.52,76.21,Tuna,764.73,1973.9,387.43,27.14,33.7,1.38,0.12,193.2,2.09,27.31,1.0,0.568,0.0,observed_and_verified_proxy
2018-12-01,2018,12,4,Thrissur,Central,10.52,76.21,Tuna,794.66,1994.5,398.42,27.51,34.39,1.0,0.06,26.1,1.87,27.39,1.0,0.583,0.0,observed_and_verified_proxy
2018-01-01,2018,1,1,Kasaragod,North,12.5,74.99,Tuna,348.15,913.7,381.03,28.14,34.49,0.94,0.05,1.5,2.16,26.51,1.0,0.298,0.0,observed_and_verified_proxy
2018-02-01,2018,2,1,Kasaragod,North,12.5,74.99,Tuna,365.76,935.9,390.8,28.86,34.47,1.09,0.1,7.2,2.33,27.86,1.0,0.314,0.0,observed_and_verified_proxy
2018-03-01,2018,3,1,Kasaragod,North,12.5,74.99,Tuna,345.19,964.1,358.05,29.49,34.38,1.39,0.2,27.6,2.6,28.89,1.0,0.313,0.0,observed_and_verified_proxy
2018-04-01,2018,4,2,Kasaragod,North,12.5,74.99,Tuna,132.67,588.7,225.36,29.85,34.05,1.92,0.35,109.2,2.47,28.72,1.05,0.098,0.0,observed_and_verified_proxy
2018-05-01,2018,5,2,Kasaragod,North,12.5,74.99,Tuna,124.1,593.2,209.21,29.77,33.01,3.07,0.65,357.9,3.06,27.57,1.36,0.094,0.0,observed_and_verified_proxy
2018-06-01,2018,6,2,Kasaragod,North,12.5,74.99,Tuna,129.01,583.1,221.24,28.91,32.49,4.06,0.95,482.1,3.68,26.4,2.21,0.095,0.0,observed_and_verified_proxy
2018-07-01,2018,7,3,Kasaragod,North,12.5,74.99,Tuna,200.94,741.6,270.96,27.27,32.3,4.26,1.0,527.1,4.14,25.56,2.8,0.169,0.0,observed_and_verified_proxy
2018-08-01,2018,8,3,Kasaragod,North,12.5,74.99,Tuna,196.54,755.1,260.29,26.55,32.37,3.96,0.9,510.9,3.83,24.89,2.21,0.169,0.0,observed_and_verified_proxy
2018-09-01,2018,9,3,Kasaragod,North,12.5,74.99,Tuna,202.93,680.6,298.15,26.93,34.0,2.63,0.6,120.3,2.89,25.47,1.36,0.156,0.0,observed_and_verified_proxy
2018-10-01,2018,10,4,Kasaragod,North,12.5,74.99,Tuna,485.98,1163.2,417.81,27.07,33.44,1.96,0.3,253.5,2.05,26.38,1.05,0.455,0.0,observed_and_verified_proxy
2018-11-01,2018,11,4,Kasaragod,North,12.5,74.99,Tuna,464.31,1164.4,398.76,27.14,34.2,1.23,0.12,72.3,1.93,26.57,1.0,0.445,0.0,observed_and_verified_proxy
2018-12-01,2018,12,4,Kasaragod,North,12.5,74.99,Tuna,489.29,1189.0,411.53,27.51,34.42,0.99,0.06,18.0,2.08,26.88,1.0,0.467,0.0,observed_and_verified_proxy
2019-01-01,2019,1,1,Kozhikode,North,11.25,75.78,Tuna,1971.32,5728.7,344.11,28.14,34.5,0.94,0.05,0.3,2.51,26.45,1.0,0.573,0.0,observed_and_verified_proxy
2019-02-01,2019,2,1,Kozhikode,North,11.25,75.78,Tuna,1947.02,5656.1,344.23,28.86,34.47,1.09,0.1,7.2,2.63,28.3,1.0,0.564,0.0,observed_and_verified_proxy
2019-03-01,2019,3,1,Kozhikode,North,11.25,75.78,Tuna,2030.77,5632.8,360.52,29.49,34.45,1.38,0.2,12.6,2.83,28.91,1.0,0.566,0.0,observed_and_verified_proxy
2019-04-01,2019,4,2,Kozhikode,North,11.25,75.78,Tuna,703.71,3459.5,203.41,29.85,34.15,1.88,0.35,83.4,2.8,29.45,1.05,0.253,0.0,observed_and_verified_proxy
2019-05-01,2019,5,2,Kozhikode,North,11.25,75.78,Tuna,721.57,3497.5,206.31,29.77,34.15,2.72,0.65,83.4,3.22,28.57,1.36,0.259,0.0,observed_and_verified_proxy
2019-06-01,2019,6,2,Kozhikode,North,11.25,75.78,Tuna,693.88,4016.1,172.77,28.91,33.48,3.77,0.95,244.8,3.63,27.62,2.21,0.293,0.0,observed_and_verified_proxy
2019-07-01,2019,7,3,Kozhikode,North,11.25,75.78,Tuna,995.73,4552.9,218.71,27.27,32.7,4.14,1.0,432.6,3.72,26.17,2.8,0.38,0.008,observed_and_verified_proxy
2019-08-01,2019,8,3,Kozhikode,North,11.25,75.78,Tuna,990.6,4238.5,233.72,26.55,31.57,4.2,0.9,702.9,3.61,25.54,2.21,0.353,0.0,observed_and_verified_proxy
2019-09-01,2019,9,3,Kozhikode,North,11.25,75.78,Tuna,1027.82,4496.9,228.56,26.93,33.09,2.9,0.6,339.6,2.76,25.96,1.36,0.379,0.0,observed_and_verified_proxy
2019-10-01,2019,10,4,Kozhikode,North,11.25,75.78,Tuna,2523.49,7326.9,344.42,27.07,32.78,2.16,0.3,412.8,2.42,26.11,1.05,0.766,0.231,observed_and_verified_proxy
2019-11-01,2019,11,4,Kozhikode,North,11.25,75.78,Tuna,2568.45,6768.1,379.49,27.14,34.0,1.29,0.12,120.9,1.94,26.82,1.0,0.71,0.08,observed_and_verified_proxy
2019-12-01,2019,12,4,Kozhikode,North,11.25,75.78,Tuna,2453.06,7414.8,330.83,27.51,34.23,1.05,0.06,65.7,1.82,26.56,1.0,0.772,0.268,observed_and_verified_proxy
2019-01-01,2019,1,1,Ernakulam,Central,9.98,76.28,Tuna,1663.3,5574.3,298.39,28.14,34.5,0.94,0.05,0.0,2.26,26.95,1.0,0.6,0.117,observed_and_verified_proxy
2019-02-01,2019,2,1,Ernakulam,Central,9.98,76.28,Tuna,1786.03,5654.7,315.85,28.86,34.44,1.1,0.1,13.5,2.56,29.5,1.0,0.619,0.102,observed_and_verified_proxy
2019-03-01,2019,3,1,Ernakulam,Central,9.98,76.28,Tuna,1682.66,5091.0,330.52,29.49,34.44,1.38,0.2,14.7,2.93,30.31,1.0,0.55,0.0,observed_and_verified_proxy
2019-04-01,2019,4,2,Ernakulam,Central,9.98,76.28,Tuna,596.03,3371.3,176.79,29.85,34.08,1.91,0.35,101.7,3.1,30.23,1.05,0.257,0.0,observed_and_verified_proxy
2019-05-01,2019,5,2,Ernakulam,Central,9.98,76.28,Tuna,651.47,3116.7,209.02,29.77,34.2,2.71,0.65,71.4,3.7,29.17,1.36,0.247,0.0,observed_and_verified_proxy
2019-06-01,2019,6,2,Ernakulam,Central,9.98,76.28,Tuna,614.6,3281.4,187.3,28.91,33.13,3.87,0.95,329.1,4.05,27.94,2.21,0.253,0.0,observed_and_verified_proxy
2019-07-01,2019,7,3,Ernakulam,Central,9.98,76.28,Tuna,928.13,4187.3,221.66,27.27,32.79,4.11,1.0,410.1,4.11,26.8,2.8,0.381,0.003,observed_and_verified_proxy
2019-08-01,2019,8,3,Ernakulam,Central,9.98,76.28,Tuna,912.44,4128.7,221.0,26.55,31.71,4.16,0.9,669.9,3.93,26.22,2.21,0.374,0.0,observed_and_verified_proxy
2019-09-01,2019,9,3,Ernakulam,Central,9.98,76.28,Tuna,918.61,3910.9,234.88,26.93,32.71,3.02,0.6,429.9,3.14,26.67,1.36,0.355,0.0,observed_and_verified_proxy
2019-10-01,2019,10,4,Ernakulam,Central,9.98,76.28,Tuna,2338.67,6396.7,365.6,27.07,32.2,2.33,0.3,552.6,2.8,26.79,1.05,0.738,0.147,observed_and_verified_proxy
2019-11-01,2019,11,4,Ernakulam,Central,9.98,76.28,Tuna,2300.19,6295.2,365.39,27.14,33.87,1.33,0.12,152.1,1.92,27.64,1.0,0.724,0.13,observed_and_verified_proxy
2019-12-01,2019,12,4,Ernakulam,Central,9.98,76.28,Tuna,2361.24,6771.8,348.68,27.51,34.26,1.04,0.06,58.2,1.89,27.49,1.0,0.783,0.243,observed_and_verified_proxy
2019-01-01,2019,1,1,Alappuzha,South,9.49,76.33,Tuna,1565.19,4410.7,354.86,28.14,34.5,0.94,0.05,0.0,3.21,26.55,1.0,0.531,0.0,observed_and_verified_proxy
2019-02-01,2019,2,1,Alappuzha,South,9.49,76.33,Tuna,1498.24,4827.8,310.33,28.86,34.48,1.09,0.1,5.7,3.3,28.77,1.0,0.575,0.057,observed_and_verified_proxy
2019-03-01,2019,3,1,Alappuzha,South,9.49,76.33,Tuna,1544.2,4472.3,345.28,29.49,34.42,1.38,0.2,18.9,2.67,29.88,1.0,0.536,0.0,observed_and_verified_proxy
2019-04-01,2019,4,2,Alappuzha,South,9.49,76.33,Tuna,566.64,3082.1,183.85,29.85,34.14,1.89,0.35,86.1,3.0,29.94,1.05,0.26,0.0,observed_and_verified_proxy
2019-05-01,2019,5,2,Alappuzha,South,9.49,76.33,Tuna,557.64,2966.0,188.01,29.77,34.15,2.73,0.65,84.3,4.62,28.98,1.36,0.248,0.0,observed_and_verified_proxy
2019-06-01,2019,6,2,Alappuzha,South,9.49,76.33,Tuna,549.1,2870.3,191.3,28.91,33.61,3.73,0.95,214.5,5.2,27.74,2.21,0.238,0.0,observed_and_verified_proxy
2019-07-01,2019,7,3,Alappuzha,South,9.49,76.33,Tuna,788.39,3526.5,223.56,27.27,33.91,3.78,1.0,141.3,5.11,26.48,2.8,0.343,0.0,observed_and_verified_proxy
2019-08-01,2019,8,3,Alappuzha,South,9.49,76.33,Tuna,787.96,3578.6,220.19,26.55,33.15,3.73,0.9,324.6,5.32,26.27,2.21,0.348,0.0,observed_and_verified_proxy
2019-09-01,2019,9,3,Alappuzha,South,9.49,76.33,Tuna,803.51,3683.9,218.11,26.93,33.38,2.82,0.6,269.7,4.05,26.51,1.36,0.36,0.0,observed_and_verified_proxy
2019-10-01,2019,10,4,Alappuzha,South,9.49,76.33,Tuna,2036.35,5787.2,351.87,27.07,32.98,2.1,0.3,364.2,2.93,26.45,1.05,0.738,0.177,observed_and_verified_proxy
2019-11-01,2019,11,4,Alappuzha,South,9.49,76.33,Tuna,1970.69,5482.9,359.42,27.14,33.73,1.37,0.12,183.6,2.85,27.11,1.0,0.694,0.104,observed_and_verified_proxy
2019-12-01,2019,12,4,Alappuzha,South,9.49,76.33,Tuna,1988.86,6075.4,327.36,27.51,34.28,1.03,0.06,52.8,4.09,26.3,1.0,0.771,0.274,observed_and_verified_proxy
2019-01-01,2019,1,1,Kollam,South,8.89,76.6,Tuna,1431.06,3979.1,359.64,28.14,34.5,0.94,0.05,0.0,3.21,26.55,1.0,0.502,0.0,observed_and_verified_proxy
2019-02-01,2019,2,1,Kollam,South,8.89,76.6,Tuna,1417.38,4111.8,344.71,28.86,34.48,1.09,0.1,5.7,3.3,28.77,1.0,0.517,0.0,observed_and_verified_proxy
2019-03-01,2019,3,1,Kollam,South,8.89,76.6,Tuna,1372.14,4585.3,299.24,29.49,34.42,1.38,0.2,18.9,2.67,29.88,1.0,0.572,0.078,observed_and_verified_proxy
2019-04-01,2019,4,2,Kollam,South,8.89,76.6,Tuna,513.57,2762.8,185.88,29.85,34.14,1.89,0.35,86.1,3.0,29.94,1.05,0.238,0.0,observed_and_verified_proxy
2019-05-01,2019,5,2,Kollam,South,8.89,76.6,Tuna,516.21,2615.2,197.39,29.77,34.15,2.73,0.65,84.3,4.62,28.98,1.36,0.226,0.0,observed_and_verified_proxy
2019-06-01,2019,6,2,Kollam,South,8.89,76.6,Tuna,528.83,2526.8,209.29,28.91,33.61,3.73,0.95,214.5,5.2,27.74,2.21,0.221,0.0,observed_and_verified_proxy
2019-07-01,2019,7,3,Kollam,South,8.89,76.6,Tuna,743.15,3382.6,219.7,27.27,33.91,3.78,1.0,141.3,5.11,26.48,2.8,0.344,0.0,observed_and_verified_proxy
2019-08-01,2019,8,3,Kollam,South,8.89,76.6,Tuna,764.17,3217.4,237.51,26.55,33.15,3.73,0.9,324.6,5.32,26.27,2.21,0.331,0.0,observed_and_verified_proxy
2019-09-01,2019,9,3,Kollam,South,8.89,76.6,Tuna,736.16,3398.1,216.64,26.93,33.38,2.82,0.6,269.7,4.05,26.51,1.36,0.344,0.0,observed_and_verified_proxy
2019-10-01,2019,10,4,Kollam,South,8.89,76.6,Tuna,1779.94,5435.0,327.49,27.07,32.98,2.1,0.3,364.2,2.93,26.45,1.05,0.722,0.21,observed_and_verified_proxy
2019-11-01,2019,11,4,Kollam,South,8.89,76.6,Tuna,1837.91,5549.0,331.21,27.14,33.73,1.37,0.12,183.6,2.85,27.11,1.0,0.742,0.228,observed_and_verified_proxy
2019-12-01,2019,12,4,Kollam,South,8.89,76.6,Tuna,1907.05,4879.5,390.82,27.51,34.28,1.03,0.06,52.8,4.09,26.3,1.0,0.657,0.0,observed_and_verified_proxy
2019-01-01,2019,1,1,Kannur,North,11.87,75.37,Tuna,1161.93,3596.9,323.03,28.14,34.5,0.94,0.05,0.3,2.51,26.45,1.0,0.544,0.0,observed_and_verified_proxy
2019-02-01,2019,2,1,Kannur,North,11.87,75.37,Tuna,1145.61,3381.9,338.75,28.86,34.47,1.09,0.1,7.2,2.63,28.3,1.0,0.51,0.0,observed_and_verified_proxy
2019-03-01,2019,3,1,Kannur,North,11.87,75.37,Tuna,1153.49,3362.1,343.09,29.49,34.45,1.38,0.2,12.6,2.83,28.91,1.0,0.508,0.0,observed_and_verified_proxy
2019-04-01,2019,4,2,Kannur,North,11.87,75.37,Tuna,383.25,2238.8,171.18,29.85,34.15,1.88,0.35,83.4,2.8,29.45,1.05,0.21,0.0,observed_and_verified_proxy
2019-05-01,2019,5,2,Kannur,North,11.87,75.37,Tuna,399.05,2318.2,172.14,29.77,34.15,2.72,0.65,83.4,3.22,28.57,1.36,0.223,0.0,observed_and_verified_proxy
2019-06-01,2019,6,2,Kannur,North,11.87,75.37,Tuna,408.24,2120.7,192.51,28.91,33.48,3.77,0.95,244.8,3.63,27.62,2.21,0.206,0.0,observed_and_verified_proxy
2019-07-01,2019,7,3,Kannur,North,11.87,75.37,Tuna,577.78,2543.9,227.12,27.27,32.7,4.14,1.0,432.6,3.72,26.17,2.8,0.295,0.0,observed_and_verified_proxy
2019-08-01,2019,8,3,Kannur,North,11.87,75.37,Tuna,629.65,2669.5,235.87,26.55,31.57,4.2,0.9,702.9,3.61,25.54,2.21,0.322,0.0,observed_and_verified_proxy
2019-09-01,2019,9,3,Kannur,North,11.87,75.37,Tuna,573.18,2811.1,203.9,26.93,33.09,2.9,0.6,339.6,2.76,25.96,1.36,0.325,0.0,observed_and_verified_proxy
2019-10-01,2019,10,4,Kannur,North,11.87,75.37,Tuna,1401.08,4326.0,323.87,27.07,32.78,2.16,0.3,412.8,2.42,26.11,1.05,0.69,0.177,observed_and_verified_proxy
2019-11-01,2019,11,4,Kannur,North,11.87,75.37,Tuna,1491.58,4375.7,340.88,27.14,34.0,1.29,0.12,120.9,1.94,26.82,1.0,0.709,0.165,observed_and_verified_proxy
2019-12-01,2019,12,4,Kannur,North,11.87,75.37,Tuna,1420.95,4003.1,354.96,27.51,34.23,1.05,0.06,65.7,1.82,26.56,1.0,0.641,0.044,observed_and_verified_proxy
2019-01-01,2019,1,1,Thiruvananthapuram,South,8.52,76.94,Tuna,920.34,2789.0,329.99,28.14,34.5,0.94,0.05,0.0,3.21,26.55,1.0,0.478,0.0,observed_and_verified_proxy
2019-02-01,2019,2,1,Thiruvananthapuram,South,8.52,76.94,Tuna,910.58,2581.2,352.77,28.86,34.48,1.09,0.1,5.7,3.3,28.77,1.0,0.441,0.0,observed_and_verified_proxy
2019-03-01,2019,3,1,Thiruvananthapuram,South,8.52,76.94,Tuna,922.59,2866.6,321.84,29.49,34.42,1.38,0.2,18.9,2.67,29.88,1.0,0.492,0.0,observed_and_verified_proxy
2019-04-01,2019,4,2,Thiruvananthapuram,South,8.52,76.94,Tuna,339.74,1769.4,192.01,29.85,34.14,1.89,0.35,86.1,3.0,29.94,1.05,0.189,0.0,observed_and_verified_proxy
2019-05-01,2019,5,2,Thiruvananthapuram,South,8.52,76.94,Tuna,313.55,1718.4,182.47,29.77,34.15,2.73,0.65,84.3,4.62,28.98,1.36,0.175,0.0,observed_and_verified_proxy
2019-06-01,2019,6,2,Thiruvananthapuram,South,8.52,76.94,Tuna,333.75,1696.3,196.76,28.91,33.61,3.73,0.95,214.5,5.2,27.74,2.21,0.18,0.0,observed_and_verified_proxy
2019-07-01,2019,7,3,Thiruvananthapuram,South,8.52,76.94,Tuna,468.94,2213.4,211.86,27.27,33.91,3.78,1.0,141.3,5.11,26.48,2.8,0.283,0.0,observed_and_verified_proxy
2019-08-01,2019,8,3,Thiruvananthapuram,South,8.52,76.94,Tuna,516.06,2121.1,243.3,26.55,33.15,3.73,0.9,324.6,5.32,26.27,2.21,0.285,0.0,observed_and_verified_proxy
2019-09-01,2019,9,3,Thiruvananthapuram,South,8.52,76.94,Tuna,484.65,2241.5,216.22,26.93,33.38,2.82,0.6,269.7,4.05,26.51,1.36,0.292,0.0,observed_and_verified_proxy
2019-10-01,2019,10,4,Thiruvananthapuram,South,8.52,76.94,Tuna,1144.11,3527.3,324.36,27.07,32.98,2.1,0.3,364.2,2.93,26.45,1.05,0.649,0.123,observed_and_verified_proxy
2019-11-01,2019,11,4,Thiruvananthapuram,South,8.52,76.94,Tuna,1157.98,3647.6,317.47,27.14,33.73,1.37,0.12,183.6,2.85,27.11,1.0,0.674,0.171,observed_and_verified_proxy
2019-12-01,2019,12,4,Thiruvananthapuram,South,8.52,76.94,Tuna,1145.04,3208.0,356.94,27.51,34.28,1.03,0.06,52.8,4.09,26.3,1.0,0.591,0.0,observed_and_verified_proxy
2019-01-01,2019,1,1,Malappuram,North,11.07,76.07,Tuna,723.83,2122.5,341.03,28.14,34.5,0.94,0.05,0.3,2.51,26.45,1.0,0.427,0.0,observed_and_verified_proxy
2019-02-01,2019,2,1,Malappuram,North,11.07,76.07,Tuna,690.7,2199.2,314.07,28.86,34.47,1.09,0.1,7.2,2.63,28.3,1.0,0.434,0.0,observed_and_verified_proxy
2019-03-01,2019,3,1,Malappuram,North,11.07,76.07,Tuna,723.38,2006.8,360.46,29.49,34.45,1.38,0.2,12.6,2.83,28.91,1.0,0.404,0.0,observed_and_verified_proxy
2019-04-01,2019,4,2,Malappuram,North,11.07,76.07,Tuna,265.84,1395.0,190.57,29.85,34.15,1.88,0.35,83.4,2.8,29.45,1.05,0.165,0.0,observed_and_verified_proxy
2019-05-01,2019,5,2,Malappuram,North,11.07,76.07,Tuna,267.72,1342.6,199.41,29.77,34.15,2.72,0.65,83.4,3.22,28.57,1.36,0.159,0.0,observed_and_verified_proxy
2019-06-01,2019,6,2,Malappuram,North,11.07,76.07,Tuna,264.52,1441.0,183.56,28.91,33.48,3.77,0.95,244.8,3.63,27.62,2.21,0.17,0.0,observed_and_verified_proxy
2019-07-01,2019,7,3,Malappuram,North,11.07,76.07,Tuna,390.66,1592.7,245.28,27.27,32.7,4.14,1.0,432.6,3.72,26.17,2.8,0.238,0.0,observed_and_verified_proxy
2019-08-01,2019,8,3,Malappuram,North,11.07,76.07,Tuna,384.89,1550.5,248.24,26.55,31.57,4.2,0.9,702.9,3.61,25.54,2.21,0.229,0.0,observed_and_verified_proxy
2019-09-01,2019,9,3,Malappuram,North,11.07,76.07,Tuna,378.17,1772.5,213.35,26.93,33.09,2.9,0.6,339.6,2.76,25.96,1.36,0.26,0.0,observed_and_verified_proxy
2019-10-01,2019,10,4,Malappuram,North,11.07,76.07,Tuna,896.62,2601.5,344.66,27.07,32.78,2.16,0.3,412.8,2.42,26.11,1.05,0.568,0.0,observed_and_verified_proxy
2019-11-01,2019,11,4,Malappuram,North,11.07,76.07,Tuna,939.82,2473.9,379.89,27.14,34.0,1.29,0.12,120.9,1.94,26.82,1.0,0.549,0.0,observed_and_verified_proxy
2019-12-01,2019,12,4,Malappuram,North,11.07,76.07,Tuna,947.88,2667.1,355.4,27.51,34.23,1.05,0.06,65.7,1.82,26.56,1.0,0.594,0.0,observed_and_verified_proxy
2019-01-01,2019,1,1,Thrissur,Central,10.52,76.21,Tuna,485.91,1517.3,320.25,28.14,34.5,0.94,0.05,0.0,2.26,26.95,1.0,0.356,0.0,observed_and_verified_proxy
2019-02-01,2019,2,1,Thrissur,Central,10.52,76.21,Tuna,509.49,1418.7,359.13,28.86,34.44,1.1,0.1,13.5,2.56,29.5,1.0,0.341,0.0,observed_and_verified_proxy
2019-03-01,2019,3,1,Thrissur,Central,10.52,76.21,Tuna,516.11,1422.8,362.73,29.49,34.44,1.38,0.2,14.7,2.93,30.31,1.0,0.344,0.0,observed_and_verified_proxy
2019-04-01,2019,4,2,Thrissur,Central,10.52,76.21,Tuna,187.08,963.0,194.27,29.85,34.08,1.91,0.35,101.7,3.1,30.23,1.05,0.125,0.0,observed_and_verified_proxy
2019-05-01,2019,5,2,Thrissur,Central,10.52,76.21,Tuna,179.03,1026.4,174.43,29.77,34.2,2.71,0.65,71.4,3.7,29.17,1.36,0.129,0.0,observed_and_verified_proxy
2019-06-01,2019,6,2,Thrissur,Central,10.52,76.21,Tuna,179.39,1040.1,172.47,28.91,33.13,3.87,0.95,329.1,4.05,27.94,2.21,0.131,0.0,observed_and_verified_proxy
2019-07-01,2019,7,3,Thrissur,Central,10.52,76.21,Tuna,271.5,1099.0,247.04,27.27,32.79,4.11,1.0,410.1,4.11,26.8,2.8,0.184,0.0,observed_and_verified_proxy
2019-08-01,2019,8,3,Thrissur,Central,10.52,76.21,Tuna,284.11,1220.6,232.76,26.55,31.71,4.16,0.9,669.9,3.93,26.22,2.21,0.211,0.0,observed_and_verified_proxy
2019-09-01,2019,9,3,Thrissur,Central,10.52,76.21,Tuna,282.67,1149.2,245.97,26.93,32.71,3.02,0.6,429.9,3.14,26.67,1.36,0.198,0.0,observed_and_verified_proxy
2019-10-01,2019,10,4,Thrissur,Central,10.52,76.21,Tuna,677.25,2037.4,332.42,27.07,32.2,2.33,0.3,552.6,2.8,26.79,1.05,0.558,0.0,observed_and_verified_proxy
2019-11-01,2019,11,4,Thrissur,Central,10.52,76.21,Tuna,694.23,1773.5,391.45,27.14,33.87,1.33,0.12,152.1,1.92,27.64,1.0,0.491,0.0,observed_and_verified_proxy
2019-12-01,2019,12,4,Thrissur,Central,10.52,76.21,Tuna,688.87,1907.0,361.24,27.51,34.26,1.04,0.06,58.2,1.89,27.49,1.0,0.526,0.0,observed_and_verified_proxy
2019-01-01,2019,1,1,Kasaragod,North,12.5,74.99,Tuna,320.12,962.6,332.58,28.14,34.5,0.94,0.05,0.3,2.51,26.45,1.0,0.298,0.0,observed_and_verified_proxy
2019-02-01,2019,2,1,Kasaragod,North,12.5,74.99,Tuna,290.74,992.0,293.09,28.86,34.47,1.09,0.1,7.2,2.63,28.3,1.0,0.289,0.0,observed_and_verified_proxy
2019-03-01,2019,3,1,Kasaragod,North,12.5,74.99,Tuna,319.96,933.6,342.73,29.49,34.45,1.38,0.2,12.6,2.83,28.91,1.0,0.289,0.0,observed_and_verified_proxy
2019-04-01,2019,4,2,Kasaragod,North,12.5,74.99,Tuna,110.85,565.7,195.95,29.85,34.15,1.88,0.35,83.4,2.8,29.45,1.05,0.081,0.0,observed_and_verified_proxy
2019-05-01,2019,5,2,Kasaragod,North,12.5,74.99,Tuna,112.62,560.2,201.05,29.77,34.15,2.72,0.65,83.4,3.22,28.57,1.36,0.082,0.0,observed_and_verified_proxy
2019-06-01,2019,6,2,Kasaragod,North,12.5,74.99,Tuna,109.15,573.8,190.23,28.91,33.48,3.77,0.95,244.8,3.63,27.62,2.21,0.082,0.0,observed_and_verified_proxy
2019-07-01,2019,7,3,Kasaragod,North,12.5,74.99,Tuna,156.52,764.9,204.63,27.27,32.7,4.14,1.0,432.6,3.72,26.17,2.8,0.145,0.0,observed_and_verified_proxy
2019-08-01,2019,8,3,Kasaragod,North,12.5,74.99,Tuna,171.42,736.3,232.81,26.55,31.57,4.2,0.9,702.9,3.61,25.54,2.21,0.149,0.0,observed_and_verified_proxy
2019-09-01,2019,9,3,Kasaragod,North,12.5,74.99,Tuna,157.19,689.1,228.1,26.93,33.09,2.9,0.6,339.6,2.76,25.96,1.36,0.131,0.0,observed_and_verified_proxy
2019-10-01,2019,10,4,Kasaragod,North,12.5,74.99,Tuna,380.71,1083.1,351.49,27.07,32.78,2.16,0.3,412.8,2.42,26.11,1.05,0.372,0.0,observed_and_verified_proxy
2019-11-01,2019,11,4,Kasaragod,North,12.5,74.99,Tuna,408.82,1157.3,353.25,27.14,34.0,1.29,0.12,120.9,1.94,26.82,1.0,0.413,0.0,observed_and_verified_proxy
2019-12-01,2019,12,4,Kasaragod,North,12.5,74.99,Tuna,403.84,1145.4,352.58,27.51,34.23,1.05,0.06,65.7,1.82,26.56,1.0,0.406,0.0,observed_and_verified_proxy
2020-01-01,2020,1,1,Kozhikode,North,11.25,75.78,Tuna,1306.33,5662.9,230.68,28.14,34.49,0.94,0.05,3.0,2.23,27.11,1.0,0.513,0.155,observed_and_verified_proxy
2020-02-01,2020,2,1,Kozhikode,North,11.25,75.78,Tuna,1229.56,5449.7,225.62,28.86,34.48,1.09,0.1,4.2,2.53,28.28,1.0,0.485,0.13,observed_and_verified_proxy
2020-03-01,2020,3,1,Kozhikode,North,11.25,75.78,Tuna,1235.35,6030.0,204.87,29.49,34.43,1.38,0.2,15.9,2.7,29.15,1.0,0.538,0.244,observed_and_verified_proxy
2020-04-01,2020,4,2,Kozhikode,North,11.25,75.78,Tuna,463.11,3684.6,125.69,29.85,34.28,1.84,0.35,51.9,2.45,29.62,1.05,0.222,0.009,observed_and_verified_proxy
2020-05-01,2020,5,2,Kozhikode,North,11.25,75.78,Tuna,481.51,3428.1,140.46,29.77,33.77,2.84,0.65,175.5,2.97,28.61,1.36,0.211,0.0,observed_and_verified_proxy
2020-06-01,2020,6,2,Kozhikode,North,11.25,75.78,Tuna,469.05,3997.8,117.33,28.91,32.77,3.98,0.95,415.8,3.31,26.7,2.21,0.242,0.055,observed_and_verified_proxy
2020-07-01,2020,7,3,Kozhikode,North,11.25,75.78,Tuna,664.35,4881.2,136.1,27.27,32.43,4.22,1.0,497.7,3.3,25.63,2.8,0.349,0.151,observed_and_verified_proxy
2020-08-01,2020,8,3,Kozhikode,North,11.25,75.78,Tuna,670.55,4425.9,151.51,26.55,32.38,3.96,0.9,508.8,3.43,25.75,2.21,0.318,0.076,observed_and_verified_proxy
2020-09-01,2020,9,3,Kozhikode,North,11.25,75.78,Tuna,720.6,4570.8,157.65,26.93,32.58,3.06,0.6,460.2,2.85,25.47,1.36,0.338,0.089,observed_and_verified_proxy
2020-10-01,2020,10,4,Kozhikode,North,11.25,75.78,Tuna,1677.78,7278.9,230.5,27.07,33.63,1.9,0.3,209.7,2.64,25.74,1.05,0.703,0.401,observed_and_verified_proxy
2020-11-01,2020,11,4,Kozhikode,North,11.25,75.78,Tuna,1729.52,6859.5,252.13,27.14,33.99,1.29,0.12,122.4,1.78,26.55,1.0,0.667,0.307,observed_and_verified_proxy
2020-12-01,2020,12,4,Kozhikode,North,11.25,75.78,Tuna,1738.59,6769.4,256.83,27.51,34.29,1.03,0.06,49.5,1.74,26.47,1.0,0.659,0.286,observed_and_verified_proxy
2020-01-01,2020,1,1,Ernakulam,Central,9.98,76.28,Tuna,1193.39,5605.9,212.88,28.14,34.46,0.95,0.05,9.6,1.95,28.23,1.0,0.553,0.246,observed_and_verified_proxy
2020-02-01,2020,2,1,Ernakulam,Central,9.98,76.28,Tuna,1088.65,5318.8,204.68,28.86,34.39,1.11,0.1,26.4,2.31,29.48,1.0,0.51,0.209,observed_and_verified_proxy
2020-03-01,2020,3,1,Ernakulam,Central,9.98,76.28,Tuna,1134.54,4999.5,226.93,29.49,34.28,1.42,0.2,51.6,2.66,29.9,1.0,0.486,0.128,observed_and_verified_proxy
2020-04-01,2020,4,2,Ernakulam,Central,9.98,76.28,Tuna,412.62,3318.9,124.32,29.85,34.1,1.9,0.35,96.9,2.61,30.13,1.05,0.21,0.0,observed_and_verified_proxy
2020-05-01,2020,5,2,Ernakulam,Central,9.98,76.28,Tuna,430.99,3226.5,133.58,29.77,33.48,2.93,0.65,245.7,3.48,29.0,1.36,0.209,0.0,observed_and_verified_proxy
2020-06-01,2020,6,2,Ernakulam,Central,9.98,76.28,Tuna,400.93,3381.5,118.57,28.91,32.84,3.96,0.95,398.4,3.99,27.33,2.21,0.211,0.011,observed_and_verified_proxy
2020-07-01,2020,7,3,Ernakulam,Central,9.98,76.28,Tuna,644.27,3756.3,171.52,27.27,32.4,4.23,1.0,505.2,3.71,26.19,2.8,0.296,0.004,observed_and_verified_proxy
2020-08-01,2020,8,3,Ernakulam,Central,9.98,76.28,Tuna,636.52,4166.8,152.76,26.55,32.73,3.85,0.9,425.1,3.84,26.39,2.21,0.327,0.085,observed_and_verified_proxy
2020-09-01,2020,9,3,Ernakulam,Central,9.98,76.28,Tuna,615.8,3944.8,156.1,26.93,32.41,3.11,0.6,502.5,3.59,26.3,1.36,0.305,0.049,observed_and_verified_proxy
2020-10-01,2020,10,4,Ernakulam,Central,9.98,76.28,Tuna,1485.88,6424.3,231.29,27.07,33.48,1.95,0.3,246.0,3.29,26.48,1.05,0.673,0.361,observed_and_verified_proxy
2020-11-01,2020,11,4,Ernakulam,Central,9.98,76.28,Tuna,1563.81,6227.7,251.1,27.14,33.85,1.33,0.12,155.1,1.92,27.56,1.0,0.661,0.301,observed_and_verified_proxy
2020-12-01,2020,12,4,Ernakulam,Central,9.98,76.28,Tuna,1530.87,6747.8,226.87,27.51,34.12,1.08,0.06,90.0,2.02,27.02,1.0,0.712,0.422,observed_and_verified_proxy
2020-01-01,2020,1,1,Alappuzha,South,9.49,76.33,Tuna,997.09,4879.5,204.34,28.14,34.34,0.99,0.05,39.0,3.23,26.6,1.0,0.516,0.217,observed_and_verified_proxy
2020-02-01,2020,2,1,Alappuzha,South,9.49,76.33,Tuna,1003.2,4951.9,202.59,28.86,34.45,1.09,0.1,11.1,3.21,28.42,1.0,0.525,0.232,observed_and_verified_proxy
2020-03-01,2020,3,1,Alappuzha,South,9.49,76.33,Tuna,1058.86,4672.2,226.63,29.49,34.4,1.39,0.2,25.2,2.61,29.82,1.0,0.504,0.151,observed_and_verified_proxy
2020-04-01,2020,4,2,Alappuzha,South,9.49,76.33,Tuna,367.25,2777.4,132.23,29.85,34.12,1.89,0.35,91.2,2.65,30.11,1.05,0.187,0.0,observed_and_verified_proxy
2020-05-01,2020,5,2,Alappuzha,South,9.49,76.33,Tuna,358.35,2742.5,130.67,29.77,33.21,3.01,0.65,310.2,4.09,28.54,1.36,0.182,0.0,observed_and_verified_proxy
2020-06-01,2020,6,2,Alappuzha,South,9.49,76.33,Tuna,348.92,2712.8,128.62,28.91,33.52,3.75,0.95,234.9,5.18,27.03,2.21,0.177,0.0,observed_and_verified_proxy
2020-07-01,2020,7,3,Alappuzha,South,9.49,76.33,Tuna,533.53,3782.2,141.06,27.27,33.76,3.82,1.0,177.9,4.74,26.01,2.8,0.31,0.089,observed_and_verified_proxy
2020-08-01,2020,8,3,Alappuzha,South,9.49,76.33,Tuna,570.13,3686.6,154.65,26.55,33.82,3.52,0.9,163.2,5.0,26.11,2.21,0.312,0.062,observed_and_verified_proxy
2020-09-01,2020,9,3,Alappuzha,South,9.49,76.33,Tuna,524.74,3290.1,159.49,26.93,32.58,3.06,0.6,461.1,4.88,26.2,1.36,0.267,0.0,observed_and_verified_proxy
2020-10-01,2020,10,4,Alappuzha,South,9.49,76.33,Tuna,1351.72,5231.3,258.39,27.07,33.91,1.82,0.3,142.5,4.37,26.13,1.05,0.606,0.214,observed_and_verified_proxy
2020-11-01,2020,11,4,Alappuzha,South,9.49,76.33,Tuna,1323.55,6022.1,219.78,27.14,33.71,1.37,0.12,190.5,3.12,26.87,1.0,0.694,0.414,observed_and_verified_proxy
2020-12-01,2020,12,4,Alappuzha,South,9.49,76.33,Tuna,1315.05,6001.7,219.11,27.51,34.27,1.04,0.06,54.3,4.05,26.03,1.0,0.69,0.41,observed_and_verified_proxy
2020-01-01,2020,1,1,Kollam,South,8.89,76.6,Tuna,928.15,4613.2,201.19,28.14,34.34,0.99,0.05,39.0,3.23,26.6,1.0,0.51,0.216,observed_and_verified_proxy
2020-02-01,2020,2,1,Kollam,South,8.89,76.6,Tuna,927.11,4644.8,199.6,28.86,34.45,1.09,0.1,11.1,3.21,28.42,1.0,0.513,0.224,observed_and_verified_proxy
2020-03-01,2020,3,1,Kollam,South,8.89,76.6,Tuna,957.77,4487.3,213.44,29.49,34.4,1.39,0.2,25.2,2.61,29.82,1.0,0.501,0.178,observed_and_verified_proxy
2020-04-01,2020,4,2,Kollam,South,8.89,76.6,Tuna,342.3,2928.1,116.9,29.85,34.12,1.89,0.35,91.2,2.65,30.11,1.05,0.202,0.003,observed_and_verified_proxy
2020-05-01,2020,5,2,Kollam,South,8.89,76.6,Tuna,323.97,2769.1,116.99,29.77,33.21,3.01,0.65,310.2,4.09,28.54,1.36,0.185,0.0,observed_and_verified_proxy
2020-06-01,2020,6,2,Kollam,South,8.89,76.6,Tuna,351.18,2702.1,129.96,28.91,33.52,3.75,0.95,234.9,5.18,27.03,2.21,0.19,0.0,observed_and_verified_proxy
2020-07-01,2020,7,3,Kollam,South,8.89,76.6,Tuna,501.49,3209.0,156.27,27.27,33.76,3.82,1.0,177.9,4.74,26.01,2.8,0.273,0.008,observed_and_verified_proxy
2020-08-01,2020,8,3,Kollam,South,8.89,76.6,Tuna,506.26,3516.3,143.98,26.55,33.82,3.52,0.9,163.2,5.0,26.11,2.21,0.301,0.071,observed_and_verified_proxy
2020-09-01,2020,9,3,Kollam,South,8.89,76.6,Tuna,513.45,3517.9,145.95,26.93,32.58,3.06,0.6,461.1,4.88,26.2,1.36,0.303,0.07,observed_and_verified_proxy
2020-10-01,2020,10,4,Kollam,South,8.89,76.6,Tuna,1235.01,5570.0,221.73,27.07,33.91,1.82,0.3,142.5,4.37,26.13,1.05,0.674,0.384,observed_and_verified_proxy
2020-11-01,2020,11,4,Kollam,South,8.89,76.6,Tuna,1282.4,5167.4,248.17,27.14,33.71,1.37,0.12,190.5,3.12,26.87,1.0,0.632,0.27,observed_and_verified_proxy
2020-12-01,2020,12,4,Kollam,South,8.89,76.6,Tuna,1210.99,5084.2,238.19,27.51,34.27,1.04,0.06,54.3,4.05,26.03,1.0,0.612,0.266,observed_and_verified_proxy
2020-01-01,2020,1,1,Kannur,North,11.87,75.37,Tuna,732.55,3385.1,216.4,28.14,34.49,0.94,0.05,3.0,2.23,27.11,1.0,0.435,0.085,observed_and_verified_proxy
2020-02-01,2020,2,1,Kannur,North,11.87,75.37,Tuna,743.18,3527.6,210.68,28.86,34.48,1.09,0.1,4.2,2.53,28.28,1.0,0.456,0.125,observed_and_verified_proxy
2020-03-01,2020,3,1,Kannur,North,11.87,75.37,Tuna,763.03,3304.9,230.88,29.49,34.43,1.38,0.2,15.9,2.7,29.15,1.0,0.432,0.049,observed_and_verified_proxy
2020-04-01,2020,4,2,Kannur,North,11.87,75.37,Tuna,262.87,2023.7,129.89,29.85,34.28,1.84,0.35,51.9,2.45,29.62,1.05,0.151,0.0,observed_and_verified_proxy
2020-05-01,2020,5,2,Kannur,North,11.87,75.37,Tuna,279.0,2210.4,126.22,29.77,33.77,2.84,0.65,175.5,2.97,28.61,1.36,0.171,0.0,observed_and_verified_proxy
2020-06-01,2020,6,2,Kannur,North,11.87,75.37,Tuna,273.25,2297.2,118.95,28.91,32.77,3.98,0.95,415.8,3.31,26.7,2.21,0.176,0.0,observed_and_verified_proxy
2020-07-01,2020,7,3,Kannur,North,11.87,75.37,Tuna,382.26,2646.1,144.46,27.27,32.43,4.22,1.0,497.7,3.3,25.63,2.8,0.248,0.002,observed_and_verified_proxy
2020-08-01,2020,8,3,Kannur,North,11.87,75.37,Tuna,397.29,2778.8,142.97,26.55,32.38,3.96,0.9,508.8,3.43,25.75,2.21,0.266,0.028,observed_and_verified_proxy
2020-09-01,2020,9,3,Kannur,North,11.87,75.37,Tuna,408.99,2447.9,167.07,26.93,32.58,3.06,0.6,460.2,2.85,25.47,1.36,0.238,0.0,observed_and_verified_proxy
2020-10-01,2020,10,4,Kannur,North,11.87,75.37,Tuna,982.39,4445.1,221.01,27.07,33.63,1.9,0.3,209.7,2.64,25.74,1.05,0.638,0.338,observed_and_verified_proxy
2020-11-01,2020,11,4,Kannur,North,11.87,75.37,Tuna,962.67,4489.0,214.45,27.14,33.99,1.29,0.12,122.4,1.78,26.55,1.0,0.639,0.355,observed_and_verified_proxy
2020-12-01,2020,12,4,Kannur,North,11.87,75.37,Tuna,1010.48,3926.8,257.33,27.51,34.29,1.03,0.06,49.5,1.74,26.47,1.0,0.569,0.167,observed_and_verified_proxy
2020-01-01,2020,1,1,Thiruvananthapuram,South,8.52,76.94,Tuna,586.57,2656.2,220.83,28.14,34.34,0.99,0.05,39.0,3.23,26.6,1.0,0.379,0.002,observed_and_verified_proxy
2020-02-01,2020,2,1,Thiruvananthapuram,South,8.52,76.94,Tuna,590.7,2602.8,226.95,28.86,34.45,1.09,0.1,11.1,3.21,28.42,1.0,0.373,0.0,observed_and_verified_proxy
2020-03-01,2020,3,1,Thiruvananthapuram,South,8.52,76.94,Tuna,603.17,2865.5,210.49,29.49,34.4,1.39,0.2,25.2,2.61,29.82,1.0,0.414,0.071,observed_and_verified_proxy
2020-04-01,2020,4,2,Thiruvananthapuram,South,8.52,76.94,Tuna,220.39,1736.6,126.9,29.85,34.12,1.89,0.35,91.2,2.65,30.11,1.05,0.141,0.0,observed_and_verified_proxy
2020-05-01,2020,5,2,Thiruvananthapuram,South,8.52,76.94,Tuna,211.84,1708.2,124.02,29.77,33.21,3.01,0.65,310.2,4.09,28.54,1.36,0.134,0.0,observed_and_verified_proxy
2020-06-01,2020,6,2,Thiruvananthapuram,South,8.52,76.94,Tuna,217.36,1736.2,125.19,28.91,33.52,3.75,0.95,234.9,5.18,27.03,2.21,0.139,0.0,observed_and_verified_proxy
2020-07-01,2020,7,3,Thiruvananthapuram,South,8.52,76.94,Tuna,340.76,2185.1,155.94,27.27,33.76,3.82,1.0,177.9,4.74,26.01,2.8,0.234,0.0,observed_and_verified_proxy
2020-08-01,2020,8,3,Thiruvananthapuram,South,8.52,76.94,Tuna,336.49,2250.4,149.53,26.55,33.82,3.52,0.9,163.2,5.0,26.11,2.21,0.239,0.0,observed_and_verified_proxy
2020-09-01,2020,9,3,Thiruvananthapuram,South,8.52,76.94,Tuna,341.92,2202.0,155.28,26.93,32.58,3.06,0.6,461.1,4.88,26.2,1.36,0.237,0.0,observed_and_verified_proxy
2020-10-01,2020,10,4,Thiruvananthapuram,South,8.52,76.94,Tuna,832.79,3587.5,232.14,27.07,33.91,1.82,0.3,142.5,4.37,26.13,1.05,0.593,0.255,observed_and_verified_proxy
2020-11-01,2020,11,4,Thiruvananthapuram,South,8.52,76.94,Tuna,815.44,3585.2,227.45,27.14,33.71,1.37,0.12,190.5,3.12,26.87,1.0,0.588,0.259,observed_and_verified_proxy
2020-12-01,2020,12,4,Thiruvananthapuram,South,8.52,76.94,Tuna,828.7,3240.3,255.75,27.51,34.27,1.04,0.06,54.3,4.05,26.03,1.0,0.535,0.127,observed_and_verified_proxy
2020-01-01,2020,1,1,Malappuram,North,11.07,76.07,Tuna,461.99,2153.3,214.55,28.14,34.49,0.94,0.05,3.0,2.23,27.11,1.0,0.352,0.0,observed_and_verified_proxy
2020-02-01,2020,2,1,Malappuram,North,11.07,76.07,Tuna,493.72,2014.4,245.09,28.86,34.48,1.09,0.1,4.2,2.53,28.28,1.0,0.34,0.0,observed_and_verified_proxy
2020-03-01,2020,3,1,Malappuram,North,11.07,76.07,Tuna,491.87,2061.9,238.55,29.49,34.43,1.38,0.2,15.9,2.7,29.15,1.0,0.348,0.0,observed_and_verified_proxy
2020-04-01,2020,4,2,Malappuram,North,11.07,76.07,Tuna,170.85,1454.8,117.44,29.85,34.28,1.84,0.35,51.9,2.45,29.62,1.05,0.126,0.0,observed_and_verified_proxy
2020-05-01,2020,5,2,Malappuram,North,11.07,76.07,Tuna,161.62,1305.3,123.82,29.77,33.77,2.84,0.65,175.5,2.97,28.61,1.36,0.108,0.0,observed_and_verified_proxy
2020-06-01,2020,6,2,Malappuram,North,11.07,76.07,Tuna,163.83,1301.4,125.88,28.91,32.77,3.98,0.95,415.8,3.31,26.7,2.21,0.109,0.0,observed_and_verified_proxy
2020-07-01,2020,7,3,Malappuram,North,11.07,76.07,Tuna,252.74,1623.7,155.65,27.27,32.43,4.22,1.0,497.7,3.3,25.63,2.8,0.185,0.0,observed_and_verified_proxy
2020-08-01,2020,8,3,Malappuram,North,11.07,76.07,Tuna,251.2,1633.4,153.79,26.55,32.38,3.96,0.9,508.8,3.43,25.75,2.21,0.186,0.0,observed_and_verified_proxy
2020-09-01,2020,9,3,Malappuram,North,11.07,76.07,Tuna,247.73,1652.0,149.96,26.93,32.58,3.06,0.6,460.2,2.85,25.47,1.36,0.186,0.0,observed_and_verified_proxy
2020-10-01,2020,10,4,Malappuram,North,11.07,76.07,Tuna,603.59,2600.0,232.15,27.07,33.63,1.9,0.3,209.7,2.64,25.74,1.05,0.484,0.113,observed_and_verified_proxy
2020-11-01,2020,11,4,Malappuram,North,11.07,76.07,Tuna,613.09,2607.3,235.15,27.14,33.99,1.29,0.12,122.4,1.78,26.55,1.0,0.488,0.112,observed_and_verified_proxy
2020-12-01,2020,12,4,Malappuram,North,11.07,76.07,Tuna,605.75,2463.4,245.9,27.51,34.29,1.03,0.06,49.5,1.74,26.47,1.0,0.459,0.05,observed_and_verified_proxy
2020-01-01,2020,1,1,Thrissur,Central,10.52,76.21,Tuna,342.67,1618.3,211.74,28.14,34.46,0.95,0.05,9.6,1.95,28.23,1.0,0.313,0.0,observed_and_verified_proxy
2020-02-01,2020,2,1,Thrissur,Central,10.52,76.21,Tuna,327.73,1523.6,215.1,28.86,34.39,1.11,0.1,26.4,2.31,29.48,1.0,0.287,0.0,observed_and_verified_proxy
2020-03-01,2020,3,1,Thrissur,Central,10.52,76.21,Tuna,327.23,1555.9,210.32,29.49,34.28,1.42,0.2,51.6,2.66,29.9,1.0,0.293,0.0,observed_and_verified_proxy
2020-04-01,2020,4,2,Thrissur,Central,10.52,76.21,Tuna,122.53,970.2,126.29,29.85,34.1,1.9,0.35,96.9,2.61,30.13,1.05,0.091,0.0,observed_and_verified_proxy
2020-05-01,2020,5,2,Thrissur,Central,10.52,76.21,Tuna,117.76,964.5,122.1,29.77,33.48,2.93,0.65,245.7,3.48,29.0,1.36,0.088,0.0,observed_and_verified_proxy
2020-06-01,2020,6,2,Thrissur,Central,10.52,76.21,Tuna,115.77,907.0,127.64,28.91,32.84,3.96,0.95,398.4,3.99,27.33,2.21,0.081,0.0,observed_and_verified_proxy
2020-07-01,2020,7,3,Thrissur,Central,10.52,76.21,Tuna,176.66,1265.3,139.62,27.27,32.4,4.23,1.0,505.2,3.71,26.19,2.8,0.157,0.0,observed_and_verified_proxy
2020-08-01,2020,8,3,Thrissur,Central,10.52,76.21,Tuna,184.38,1126.2,163.71,26.55,32.73,3.85,0.9,425.1,3.84,26.39,2.21,0.144,0.0,observed_and_verified_proxy
2020-09-01,2020,9,3,Thrissur,Central,10.52,76.21,Tuna,189.6,1131.3,167.6,26.93,32.41,3.11,0.6,502.5,3.59,26.3,1.36,0.148,0.0,observed_and_verified_proxy
2020-10-01,2020,10,4,Thrissur,Central,10.52,76.21,Tuna,425.21,1987.8,213.91,27.07,33.48,1.95,0.3,246.0,3.29,26.48,1.05,0.435,0.09,observed_and_verified_proxy
2020-11-01,2020,11,4,Thrissur,Central,10.52,76.21,Tuna,459.18,1910.1,240.4,27.14,33.85,1.33,0.12,155.1,1.92,27.56,1.0,0.435,0.032,observed_and_verified_proxy
2020-12-01,2020,12,4,Thrissur,Central,10.52,76.21,Tuna,451.82,1929.0,234.23,27.51,34.12,1.08,0.06,90.0,2.02,27.02,1.0,0.436,0.046,observed_and_verified_proxy
2020-01-01,2020,1,1,Kasaragod,North,12.5,74.99,Tuna,211.7,949.6,222.95,28.14,34.49,0.94,0.05,3.0,2.23,27.11,1.0,0.224,0.0,observed_and_verified_proxy
2020-02-01,2020,2,1,Kasaragod,North,12.5,74.99,Tuna,200.44,881.2,227.46,28.86,34.48,1.09,0.1,4.2,2.53,28.28,1.0,0.2,0.0,observed_and_verified_proxy
2020-03-01,2020,3,1,Kasaragod,North,12.5,74.99,Tuna,206.9,958.2,215.94,29.49,34.43,1.38,0.2,15.9,2.7,29.15,1.0,0.223,0.0,observed_and_verified_proxy
2020-04-01,2020,4,2,Kasaragod,North,12.5,74.99,Tuna,74.68,558.1,133.82,29.85,34.28,1.84,0.35,51.9,2.45,29.62,1.05,0.058,0.0,observed_and_verified_proxy
2020-05-01,2020,5,2,Kasaragod,North,12.5,74.99,Tuna,75.64,548.9,137.81,29.77,33.77,2.84,0.65,175.5,2.97,28.61,1.36,0.057,0.0,observed_and_verified_proxy
2020-06-01,2020,6,2,Kasaragod,North,12.5,74.99,Tuna,69.66,547.1,127.32,28.91,32.77,3.98,0.95,415.8,3.31,26.7,2.21,0.053,0.0,observed_and_verified_proxy
2020-07-01,2020,7,3,Kasaragod,North,12.5,74.99,Tuna,110.01,727.7,151.17,27.27,32.43,4.22,1.0,497.7,3.3,25.63,2.8,0.104,0.0,observed_and_verified_proxy
2020-08-01,2020,8,3,Kasaragod,North,12.5,74.99,Tuna,107.41,734.8,146.18,26.55,32.38,3.96,0.9,508.8,3.43,25.75,2.21,0.103,0.0,observed_and_verified_proxy
2020-09-01,2020,9,3,Kasaragod,North,12.5,74.99,Tuna,110.91,690.8,160.55,26.93,32.58,3.06,0.6,460.2,2.85,25.47,1.36,0.1,0.0,observed_and_verified_proxy
2020-10-01,2020,10,4,Kasaragod,North,12.5,74.99,Tuna,253.52,1199.8,211.31,27.07,33.63,1.9,0.3,209.7,2.64,25.74,1.05,0.32,0.0,observed_and_verified_proxy
2020-11-01,2020,11,4,Kasaragod,North,12.5,74.99,Tuna,275.4,1149.7,239.55,27.14,33.99,1.29,0.12,122.4,1.78,26.55,1.0,0.324,0.0,observed_and_verified_proxy
2020-12-01,2020,12,4,Kasaragod,North,12.5,74.99,Tuna,258.77,1153.2,224.39,27.51,34.29,1.03,0.06,49.5,1.74,26.47,1.0,0.312,0.0,observed_and_verified_proxy
2021-01-01,2021,1,1,Kozhikode,North,11.25,75.78,Tuna,2066.77,5764.1,358.56,28.14,34.15,1.04,0.05,83.7,1.78,26.71,1.0,0.582,0.0,observed_and_verified_proxy
2021-02-01,2021,2,1,Kozhikode,North,11.25,75.78,Tuna,2069.03,5833.6,354.67,28.86,34.41,1.11,0.1,21.9,2.28,27.3,1.0,0.589,0.0,observed_and_verified_proxy
2021-03-01,2021,3,1,Kozhikode,North,11.25,75.78,Tuna,1883.31,6156.5,305.91,29.49,34.28,1.42,0.2,51.9,2.16,28.65,1.0,0.61,0.113,observed_and_verified_proxy
2021-04-01,2021,4,2,Kozhikode,North,11.25,75.78,Tuna,698.23,3645.8,191.52,29.85,34.15,1.88,0.35,83.4,2.36,28.59,1.05,0.266,0.0,observed_and_verified_proxy
2021-05-01,2021,5,2,Kozhikode,North,11.25,75.78,Tuna,722.41,3432.2,210.48,29.77,32.99,3.07,0.65,363.0,2.76,27.58,1.36,0.254,0.0,observed_and_verified_proxy
2021-06-01,2021,6,2,Kozhikode,North,11.25,75.78,Tuna,693.47,3709.9,186.92,28.91,33.17,3.86,0.95,318.9,3.35,26.66,2.21,0.27,0.0,observed_and_verified_proxy
2021-07-01,2021,7,3,Kozhikode,North,11.25,75.78,Tuna,1067.53,4182.3,255.25,27.27,32.49,4.2,1.0,483.3,3.75,25.72,2.8,0.357,0.0,observed_and_verified_proxy
2021-08-01,2021,8,3,Kozhikode,North,11.25,75.78,Tuna,1014.33,4869.2,208.32,26.55,33.16,3.72,0.9,320.7,2.96,25.44,2.21,0.409,0.068,observed_and_verified_proxy
2021-09-01,2021,9,3,Kozhikode,North,11.25,75.78,Tuna,1023.78,4637.9,220.74,26.93,33.35,2.82,0.6,275.1,2.96,25.8,1.36,0.39,0.017,observed_and_verified_proxy
2021-10-01,2021,10,4,Kozhikode,North,11.25,75.78,Tuna,2610.06,6946.9,375.72,27.07,32.45,2.25,0.3,492.0,2.28,26.16,1.0,0.731,0.115,observed_and_verified_proxy
2021-11-01,2021,11,4,Kozhikode,North,11.25,75.78,Tuna,2590.13,6675.8,387.99,27.14,33.14,1.54,0.12,327.0,2.2,25.91,0.83,0.701,0.049,observed_and_verified_proxy
2021-12-01,2021,12,4,Kozhikode,North,11.25,75.78,Tuna,2496.63,6920.6,360.75,27.51,34.42,0.99,0.06,18.0,1.69,25.88,0.63,0.723,0.138,observed_and_verified_proxy
2021-01-01,2021,1,1,Ernakulam,Central,9.98,76.28,Tuna,1759.4,5217.3,337.23,28.14,33.99,1.09,0.05,123.3,1.88,27.1,1.0,0.569,0.0,observed_and_verified_proxy
2021-02-01,2021,2,1,Ernakulam,Central,9.98,76.28,Tuna,1713.61,5516.6,310.63,28.86,34.47,1.09,0.1,8.4,2.03,28.09,1.0,0.598,0.087,observed_and_verified_proxy
2021-03-01,2021,3,1,Ernakulam,Central,9.98,76.28,Tuna,1786.39,5532.0,322.92,29.49,34.2,1.45,0.2,71.4,2.25,29.67,1.0,0.605,0.069,observed_and_verified_proxy
2021-04-01,2021,4,2,Ernakulam,Central,9.98,76.28,Tuna,643.54,3138.1,205.07,29.85,34.0,1.93,0.35,120.3,2.36,28.78,1.05,0.247,0.0,observed_and_verified_proxy
2021-05-01,2021,5,2,Ernakulam,Central,9.98,76.28,Tuna,651.72,3560.9,183.02,29.77,32.16,3.32,0.65,561.3,3.23,28.04,1.36,0.282,0.0,observed_and_verified_proxy
2021-06-01,2021,6,2,Ernakulam,Central,9.98,76.28,Tuna,653.78,3217.2,203.21,28.91,33.12,3.87,0.95,330.9,3.97,27.27,2.21,0.255,0.0,observed_and_verified_proxy
2021-07-01,2021,7,3,Ernakulam,Central,9.98,76.28,Tuna,982.81,3966.1,247.81,27.27,32.73,4.13,1.0,424.5,4.24,26.35,2.8,0.368,0.0,observed_and_verified_proxy
2021-08-01,2021,8,3,Ernakulam,Central,9.98,76.28,Tuna,949.78,4146.1,229.08,26.55,32.95,3.79,0.9,372.0,3.45,26.05,2.21,0.38,0.0,observed_and_verified_proxy
2021-09-01,2021,9,3,Ernakulam,Central,9.98,76.28,Tuna,978.91,4163.4,235.12,26.93,33.25,2.86,0.6,300.9,3.55,26.5,1.36,0.386,0.0,observed_and_verified_proxy
2021-10-01,2021,10,4,Ernakulam,Central,9.98,76.28,Tuna,2310.24,6619.4,349.01,27.07,32.29,2.3,0.3,530.1,2.94,26.63,1.3,0.762,0.215,observed_and_verified_proxy
2021-11-01,2021,11,4,Ernakulam,Central,9.98,76.28,Tuna,2411.25,6762.6,356.56,27.14,32.71,1.67,0.12,428.7,2.74,26.41,1.04,0.784,0.227,observed_and_verified_proxy
2021-12-01,2021,12,4,Ernakulam,Central,9.98,76.28,Tuna,2319.67,6113.7,379.42,27.51,34.32,1.02,0.06,43.8,1.85,26.68,0.78,0.704,0.073,observed_and_verified_proxy
2021-01-01,2021,1,1,Alappuzha,South,9.49,76.33,Tuna,1560.18,4542.7,343.45,28.14,33.57,1.22,0.05,223.8,3.71,25.84,1.0,0.546,0.0,observed_and_verified_proxy
2021-02-01,2021,2,1,Alappuzha,South,9.49,76.33,Tuna,1502.76,4563.0,329.33,28.86,34.48,1.09,0.1,5.1,3.46,26.74,1.0,0.543,0.0,observed_and_verified_proxy
2021-03-01,2021,3,1,Alappuzha,South,9.49,76.33,Tuna,1493.44,4873.3,306.45,29.49,34.23,1.44,0.2,64.2,2.84,28.46,1.0,0.58,0.072,observed_and_verified_proxy
2021-04-01,2021,4,2,Alappuzha,South,9.49,76.33,Tuna,542.46,2900.8,187.01,29.85,34.02,1.93,0.35,116.4,3.02,28.66,1.05,0.24,0.0,observed_and_verified_proxy
2021-05-01,2021,5,2,Alappuzha,South,9.49,76.33,Tuna,533.87,2711.7,196.88,29.77,31.97,3.38,0.65,607.2,4.13,27.77,1.36,0.222,0.0,observed_and_verified_proxy
2021-06-01,2021,6,2,Alappuzha,South,9.49,76.33,Tuna,566.75,2966.1,191.08,28.91,34.03,3.6,0.95,113.4,5.13,26.94,2.21,0.25,0.0,observed_and_verified_proxy
2021-07-01,2021,7,3,Alappuzha,South,9.49,76.33,Tuna,867.11,3425.2,253.15,27.27,33.66,3.85,1.0,202.5,5.74,26.29,2.8,0.345,0.0,observed_and_verified_proxy
2021-08-01,2021,8,3,Alappuzha,South,9.49,76.33,Tuna,873.29,3500.6,249.47,26.55,33.85,3.51,0.9,155.1,5.17,25.99,2.21,0.353,0.0,observed_and_verified_proxy
2021-09-01,2021,9,3,Alappuzha,South,9.49,76.33,Tuna,841.86,3749.2,224.54,26.93,33.62,2.75,0.6,212.4,5.09,26.37,1.36,0.373,0.0,observed_and_verified_proxy
2021-10-01,2021,10,4,Alappuzha,South,9.49,76.33,Tuna,1975.88,5220.4,378.49,27.07,32.72,2.17,0.3,427.5,3.83,26.43,1.48,0.661,0.019,observed_and_verified_proxy
2021-11-01,2021,11,4,Alappuzha,South,9.49,76.33,Tuna,2001.64,5908.5,338.78,27.14,32.61,1.7,0.12,452.7,3.64,26.05,1.2,0.75,0.223,observed_and_verified_proxy
2021-12-01,2021,12,4,Alappuzha,South,9.49,76.33,Tuna,2033.63,5758.4,353.16,27.51,34.23,1.05,0.06,64.8,3.48,25.76,0.86,0.734,0.169,observed_and_verified_proxy
2021-01-01,2021,1,1,Kollam,South,8.89,76.6,Tuna,1461.16,4023.7,363.14,28.14,33.57,1.22,0.05,223.8,3.71,25.84,1.0,0.51,0.0,observed_and_verified_proxy
2021-02-01,2021,2,1,Kollam,South,8.89,76.6,Tuna,1448.58,4223.2,343.0,28.86,34.48,1.09,0.1,5.1,3.46,26.74,1.0,0.534,0.0,observed_and_verified_proxy
2021-03-01,2021,3,1,Kollam,South,8.89,76.6,Tuna,1397.08,4047.0,345.21,29.49,34.23,1.44,0.2,64.2,2.84,28.46,1.0,0.507,0.0,observed_and_verified_proxy
2021-04-01,2021,4,2,Kollam,South,8.89,76.6,Tuna,519.75,2880.6,180.43,29.85,34.02,1.93,0.35,116.4,3.02,28.66,1.05,0.25,0.0,observed_and_verified_proxy
2021-05-01,2021,5,2,Kollam,South,8.89,76.6,Tuna,528.21,2941.6,179.57,29.77,31.97,3.38,0.65,607.2,4.13,27.77,1.36,0.257,0.0,observed_and_verified_proxy
2021-06-01,2021,6,2,Kollam,South,8.89,76.6,Tuna,503.52,2894.8,173.94,28.91,34.03,3.6,0.95,113.4,5.13,26.94,2.21,0.247,0.0,observed_and_verified_proxy
2021-07-01,2021,7,3,Kollam,South,8.89,76.6,Tuna,790.16,3540.6,223.17,27.27,33.66,3.85,1.0,202.5,5.74,26.29,2.8,0.369,0.0,observed_and_verified_proxy
2021-08-01,2021,8,3,Kollam,South,8.89,76.6,Tuna,750.39,3153.6,237.95,26.55,33.85,3.51,0.9,155.1,5.17,25.99,2.21,0.322,0.0,observed_and_verified_proxy
2021-09-01,2021,9,3,Kollam,South,8.89,76.6,Tuna,787.24,3312.3,237.67,26.93,33.62,2.75,0.6,212.4,5.09,26.37,1.36,0.345,0.0,observed_and_verified_proxy
2021-10-01,2021,10,4,Kollam,South,8.89,76.6,Tuna,1932.87,5205.5,371.31,27.07,32.72,2.17,0.3,427.5,3.83,26.43,1.48,0.703,0.089,observed_and_verified_proxy
2021-11-01,2021,11,4,Kollam,South,8.89,76.6,Tuna,1906.37,5220.2,365.19,27.14,32.61,1.7,0.12,452.7,3.64,26.05,1.2,0.703,0.103,observed_and_verified_proxy
2021-12-01,2021,12,4,Kollam,South,8.89,76.6,Tuna,1880.58,5446.2,345.3,27.51,34.23,1.05,0.06,64.8,3.48,25.76,0.86,0.732,0.184,observed_and_verified_proxy
2021-01-01,2021,1,1,Kannur,North,11.87,75.37,Tuna,1180.99,3625.7,325.72,28.14,34.15,1.04,0.05,83.7,1.78,26.71,1.0,0.551,0.0,observed_and_verified_proxy
2021-02-01,2021,2,1,Kannur,North,11.87,75.37,Tuna,1188.12,3617.2,328.47,28.86,34.41,1.11,0.1,21.9,2.28,27.3,1.0,0.551,0.0,observed_and_verified_proxy
2021-03-01,2021,3,1,Kannur,North,11.87,75.37,Tuna,1155.84,3174.7,364.08,29.49,34.28,1.42,0.2,51.9,2.16,28.65,1.0,0.48,0.0,observed_and_verified_proxy
2021-04-01,2021,4,2,Kannur,North,11.87,75.37,Tuna,396.4,2075.6,190.99,29.85,34.15,1.88,0.35,83.4,2.36,28.59,1.05,0.199,0.0,observed_and_verified_proxy
2021-05-01,2021,5,2,Kannur,North,11.87,75.37,Tuna,401.72,2228.8,180.24,29.77,32.99,3.07,0.65,363.0,2.76,27.58,1.36,0.215,0.0,observed_and_verified_proxy
2021-06-01,2021,6,2,Kannur,North,11.87,75.37,Tuna,428.03,2168.8,197.36,28.91,33.17,3.86,0.95,318.9,3.35,26.66,2.21,0.217,0.0,observed_and_verified_proxy
2021-07-01,2021,7,3,Kannur,North,11.87,75.37,Tuna,585.32,2823.2,207.32,27.27,32.49,4.2,1.0,483.3,3.75,25.72,2.8,0.33,0.0,observed_and_verified_proxy
2021-08-01,2021,8,3,Kannur,North,11.87,75.37,Tuna,621.98,2629.2,236.57,26.55,33.16,3.72,0.9,320.7,2.96,25.44,2.21,0.315,0.0,observed_and_verified_proxy
2021-09-01,2021,9,3,Kannur,North,11.87,75.37,Tuna,624.17,2808.2,222.27,26.93,33.35,2.82,0.6,275.1,2.96,25.8,1.36,0.337,0.0,observed_and_verified_proxy
2021-10-01,2021,10,4,Kannur,North,11.87,75.37,Tuna,1487.93,4060.2,366.47,27.07,32.45,2.25,0.3,492.0,2.28,26.16,1.0,0.658,0.041,observed_and_verified_proxy
2021-11-01,2021,11,4,Kannur,North,11.87,75.37,Tuna,1482.02,4153.0,356.85,27.14,33.14,1.54,0.12,327.0,2.2,25.91,0.83,0.672,0.081,observed_and_verified_proxy
2021-12-01,2021,12,4,Kannur,North,11.87,75.37,Tuna,1507.73,4138.6,364.31,27.51,34.42,0.99,0.06,18.0,1.69,25.88,0.63,0.673,0.065,observed_and_verified_proxy
2021-01-01,2021,1,1,Thiruvananthapuram,South,8.52,76.94,Tuna,931.18,2587.6,359.86,28.14,33.57,1.22,0.05,223.8,3.71,25.84,1.0,0.445,0.0,observed_and_verified_proxy
2021-02-01,2021,2,1,Thiruvananthapuram,South,8.52,76.94,Tuna,901.35,2563.6,351.59,28.86,34.48,1.09,0.1,5.1,3.46,26.74,1.0,0.436,0.0,observed_and_verified_proxy
2021-03-01,2021,3,1,Thiruvananthapuram,South,8.52,76.94,Tuna,922.53,2966.0,311.03,29.49,34.23,1.44,0.2,64.2,2.84,28.46,1.0,0.509,0.0,observed_and_verified_proxy
2021-04-01,2021,4,2,Thiruvananthapuram,South,8.52,76.94,Tuna,342.14,1802.3,189.83,29.85,34.02,1.93,0.35,116.4,3.02,28.66,1.05,0.194,0.0,observed_and_verified_proxy
2021-05-01,2021,5,2,Thiruvananthapuram,South,8.52,76.94,Tuna,332.51,1696.3,196.02,29.77,31.97,3.38,0.65,607.2,4.13,27.77,1.36,0.179,0.0,observed_and_verified_proxy
2021-06-01,2021,6,2,Thiruvananthapuram,South,8.52,76.94,Tuna,331.82,1761.6,188.36,28.91,34.03,3.6,0.95,113.4,5.13,26.94,2.21,0.186,0.0,observed_and_verified_proxy
2021-07-01,2021,7,3,Thiruvananthapuram,South,8.52,76.94,Tuna,502.18,1994.3,251.8,27.27,33.66,3.85,1.0,202.5,5.74,26.29,2.8,0.264,0.0,observed_and_verified_proxy
2021-08-01,2021,8,3,Thiruvananthapuram,South,8.52,76.94,Tuna,487.29,2124.0,229.42,26.55,33.85,3.51,0.9,155.1,5.17,25.99,2.21,0.277,0.0,observed_and_verified_proxy
2021-09-01,2021,9,3,Thiruvananthapuram,South,8.52,76.94,Tuna,506.96,2182.9,232.25,26.93,33.62,2.75,0.6,212.4,5.09,26.37,1.36,0.291,0.0,observed_and_verified_proxy
2021-10-01,2021,10,4,Thiruvananthapuram,South,8.52,76.94,Tuna,1250.46,3257.8,383.84,27.07,32.72,2.17,0.3,427.5,3.83,26.43,1.48,0.616,0.0,observed_and_verified_proxy
2021-11-01,2021,11,4,Thiruvananthapuram,South,8.52,76.94,Tuna,1197.04,3463.7,345.6,27.14,32.61,1.7,0.12,452.7,3.64,26.05,1.2,0.646,0.072,observed_and_verified_proxy
2021-12-01,2021,12,4,Thiruvananthapuram,South,8.52,76.94,Tuna,1281.73,3354.7,382.07,27.51,34.23,1.05,0.06,64.8,3.48,25.76,0.86,0.638,0.0,observed_and_verified_proxy
2021-01-01,2021,1,1,Malappuram,North,11.07,76.07,Tuna,747.02,2021.4,369.55,28.14,34.15,1.04,0.05,83.7,1.78,26.71,1.0,0.412,0.0,observed_and_verified_proxy
2021-02-01,2021,2,1,Malappuram,North,11.07,76.07,Tuna,739.35,2262.6,326.77,28.86,34.41,1.11,0.1,21.9,2.28,27.3,1.0,0.459,0.0,observed_and_verified_proxy
2021-03-01,2021,3,1,Malappuram,North,11.07,76.07,Tuna,731.19,2238.8,326.6,29.49,34.28,1.42,0.2,51.9,2.16,28.65,1.0,0.452,0.0,observed_and_verified_proxy
2021-04-01,2021,4,2,Malappuram,North,11.07,76.07,Tuna,259.76,1280.9,202.8,29.85,34.15,1.88,0.35,83.4,2.36,28.59,1.05,0.149,0.0,observed_and_verified_proxy
2021-05-01,2021,5,2,Malappuram,North,11.07,76.07,Tuna,252.22,1387.3,181.81,29.77,32.99,3.07,0.65,363.0,2.76,27.58,1.36,0.158,0.0,observed_and_verified_proxy
2021-06-01,2021,6,2,Malappuram,North,11.07,76.07,Tuna,261.15,1343.1,194.44,28.91,33.17,3.86,0.95,318.9,3.35,26.66,2.21,0.157,0.0,observed_and_verified_proxy
2021-07-01,2021,7,3,Malappuram,North,11.07,76.07,Tuna,394.94,1796.9,219.79,27.27,32.49,4.2,1.0,483.3,3.75,25.72,2.8,0.27,0.0,observed_and_verified_proxy
2021-08-01,2021,8,3,Malappuram,North,11.07,76.07,Tuna,385.93,1726.7,223.51,26.55,33.16,3.72,0.9,320.7,2.96,25.44,2.21,0.256,0.0,observed_and_verified_proxy
2021-09-01,2021,9,3,Malappuram,North,11.07,76.07,Tuna,390.66,1568.5,249.06,26.93,33.35,2.82,0.6,275.1,2.96,25.8,1.36,0.234,0.0,observed_and_verified_proxy
2021-10-01,2021,10,4,Malappuram,North,11.07,76.07,Tuna,908.49,2722.9,333.65,27.07,32.45,2.25,0.3,492.0,2.28,26.16,1.0,0.597,0.035,observed_and_verified_proxy
2021-11-01,2021,11,4,Malappuram,North,11.07,76.07,Tuna,927.81,2470.4,375.57,27.14,33.14,1.54,0.12,327.0,2.2,25.91,0.83,0.546,0.0,observed_and_verified_proxy
2021-12-01,2021,12,4,Malappuram,North,11.07,76.07,Tuna,976.98,2650.8,368.56,27.51,34.42,0.99,0.06,18.0,1.69,25.88,0.63,0.596,0.0,observed_and_verified_proxy
2021-01-01,2021,1,1,Thrissur,Central,10.52,76.21,Tuna,537.76,1437.3,374.14,28.14,33.99,1.09,0.05,123.3,1.88,27.1,1.0,0.355,0.0,observed_and_verified_proxy
2021-02-01,2021,2,1,Thrissur,Central,10.52,76.21,Tuna,516.57,1576.6,327.65,28.86,34.47,1.09,0.1,8.4,2.03,28.09,1.0,0.381,0.0,observed_and_verified_proxy
2021-03-01,2021,3,1,Thrissur,Central,10.52,76.21,Tuna,544.56,1506.9,361.38,29.49,34.2,1.45,0.2,71.4,2.25,29.67,1.0,0.374,0.0,observed_and_verified_proxy
2021-04-01,2021,4,2,Thrissur,Central,10.52,76.21,Tuna,184.31,974.6,189.11,29.85,34.0,1.93,0.35,120.3,2.36,28.78,1.05,0.125,0.0,observed_and_verified_proxy
2021-05-01,2021,5,2,Thrissur,Central,10.52,76.21,Tuna,193.22,916.9,210.74,29.77,32.16,3.32,0.65,561.3,3.23,28.04,1.36,0.122,0.0,observed_and_verified_proxy
2021-06-01,2021,6,2,Thrissur,Central,10.52,76.21,Tuna,188.84,925.2,204.1,28.91,33.12,3.87,0.95,330.9,3.97,27.27,2.21,0.121,0.0,observed_and_verified_proxy
2021-07-01,2021,7,3,Thrissur,Central,10.52,76.21,Tuna,281.16,1166.6,241.01,27.27,32.73,4.13,1.0,424.5,4.24,26.35,2.8,0.2,0.0,observed_and_verified_proxy
2021-08-01,2021,8,3,Thrissur,Central,10.52,76.21,Tuna,282.87,1159.6,243.94,26.55,32.95,3.79,0.9,372.0,3.45,26.05,2.21,0.2,0.0,observed_and_verified_proxy
2021-09-01,2021,9,3,Thrissur,Central,10.52,76.21,Tuna,272.29,1193.1,228.22,26.93,33.25,2.86,0.6,300.9,3.55,26.5,1.36,0.2,0.0,observed_and_verified_proxy
2021-10-01,2021,10,4,Thrissur,Central,10.52,76.21,Tuna,702.34,2040.8,344.15,27.07,32.29,2.3,0.3,530.1,2.94,26.63,1.3,0.568,0.0,observed_and_verified_proxy
2021-11-01,2021,11,4,Thrissur,Central,10.52,76.21,Tuna,697.3,1885.8,369.76,27.14,32.71,1.67,0.12,428.7,2.74,26.41,1.04,0.523,0.0,observed_and_verified_proxy
2021-12-01,2021,12,4,Thrissur,Central,10.52,76.21,Tuna,660.5,1838.4,359.28,27.51,34.32,1.02,0.06,43.8,1.85,26.68,0.78,0.498,0.0,observed_and_verified_proxy
2021-01-01,2021,1,1,Kasaragod,North,12.5,74.99,Tuna,324.06,995.7,325.46,28.14,34.15,1.04,0.05,83.7,1.78,26.71,1.0,0.311,0.0,observed_and_verified_proxy
2021-02-01,2021,2,1,Kasaragod,North,12.5,74.99,Tuna,299.22,943.5,317.13,28.86,34.41,1.11,0.1,21.9,2.28,27.3,1.0,0.28,0.0,observed_and_verified_proxy
2021-03-01,2021,3,1,Kasaragod,North,12.5,74.99,Tuna,324.71,896.4,362.22,29.49,34.28,1.42,0.2,51.9,2.16,28.65,1.0,0.28,0.0,observed_and_verified_proxy
2021-04-01,2021,4,2,Kasaragod,North,12.5,74.99,Tuna,108.61,633.2,171.53,29.85,34.15,1.88,0.35,83.4,2.36,28.59,1.05,0.09,0.0,observed_and_verified_proxy
2021-05-01,2021,5,2,Kasaragod,North,12.5,74.99,Tuna,112.82,557.0,202.54,29.77,32.99,3.07,0.65,363.0,2.76,27.58,1.36,0.081,0.0,observed_and_verified_proxy
2021-06-01,2021,6,2,Kasaragod,North,12.5,74.99,Tuna,115.52,549.5,210.24,28.91,33.17,3.86,0.95,318.9,3.35,26.66,2.21,0.082,0.0,observed_and_verified_proxy
2021-07-01,2021,7,3,Kasaragod,North,12.5,74.99,Tuna,167.23,758.1,220.59,27.27,32.49,4.2,1.0,483.3,3.75,25.72,2.8,0.151,0.0,observed_and_verified_proxy
2021-08-01,2021,8,3,Kasaragod,North,12.5,74.99,Tuna,170.34,664.2,256.44,26.55,33.16,3.72,0.9,320.7,2.96,25.44,2.21,0.134,0.0,observed_and_verified_proxy
2021-09-01,2021,9,3,Kasaragod,North,12.5,74.99,Tuna,170.62,680.2,250.85,26.93,33.35,2.82,0.6,275.1,2.96,25.8,1.36,0.137,0.0,observed_and_verified_proxy
2021-10-01,2021,10,4,Kasaragod,North,12.5,74.99,Tuna,416.58,1189.6,350.19,27.07,32.45,2.25,0.3,492.0,2.28,26.16,1.0,0.429,0.0,observed_and_verified_proxy
2021-11-01,2021,11,4,Kasaragod,North,12.5,74.99,Tuna,406.52,1063.5,382.24,27.14,33.14,1.54,0.12,327.0,2.2,25.91,0.83,0.379,0.0,observed_and_verified_proxy
2021-12-01,2021,12,4,Kasaragod,North,12.5,74.99,Tuna,398.36,1155.2,344.84,27.51,34.42,0.99,0.06,18.0,1.69,25.88,0.63,0.407,0.0,observed_and_verified_proxy
2022-01-01,2022,1,1,Kozhikode,North,11.25,75.78,Tuna,2326.04,5624.5,413.56,28.14,34.45,0.96,0.05,12.3,2.16,25.96,0.65,0.58,0.0,observed_and_verified_proxy
2022-02-01,2022,2,1,Kozhikode,North,11.25,75.78,Tuna,2389.97,6216.7,384.44,28.86,34.48,1.08,0.1,3.9,2.31,27.38,0.66,0.644,0.0,observed_and_verified_proxy
2022-03-01,2022,3,1,Kozhikode,North,11.25,75.78,Tuna,2393.79,5528.7,432.97,29.49,34.31,1.42,0.2,45.9,2.37,28.67,0.63,0.573,0.0,observed_and_verified_proxy
2022-04-01,2022,4,2,Kozhikode,North,11.25,75.78,Tuna,871.76,3433.4,253.9,29.85,33.87,1.97,0.35,150.6,2.2,28.26,0.75,0.273,0.0,observed_and_verified_proxy
2022-05-01,2022,5,2,Kozhikode,North,11.25,75.78,Tuna,856.42,3502.0,244.55,29.77,33.13,3.03,0.65,327.6,3.28,27.17,1.17,0.277,0.0,observed_and_verified_proxy
2022-06-01,2022,6,2,Kozhikode,North,11.25,75.78,Tuna,868.8,3946.1,220.16,28.91,33.3,3.82,0.95,288.9,2.73,26.23,1.61,0.314,0.0,observed_and_verified_proxy
2022-07-01,2022,7,3,Kozhikode,North,11.25,75.78,Tuna,1351.88,4369.1,309.42,27.27,31.91,4.38,1.0,622.5,3.46,25.26,2.1,0.4,0.0,observed_and_verified_proxy
2022-08-01,2022,8,3,Kozhikode,North,11.25,75.78,Tuna,1252.91,4835.1,259.13,26.55,32.16,4.02,0.9,562.8,3.52,25.01,1.83,0.433,0.0,observed_and_verified_proxy
2022-09-01,2022,9,3,Kozhikode,North,11.25,75.78,Tuna,1292.71,4871.2,265.38,26.93,33.64,2.74,0.6,207.3,2.76,25.34,1.24,0.44,0.0,observed_and_verified_proxy
2022-10-01,2022,10,4,Kozhikode,North,11.25,75.78,Tuna,3343.57,7710.2,433.66,27.07,33.88,1.82,0.3,147.6,2.11,25.69,0.9,0.84,0.129,observed_and_verified_proxy
2022-11-01,2022,11,4,Kozhikode,North,11.25,75.78,Tuna,3171.55,7601.4,417.23,28.73,34.08,1.26,0.12,101.1,1.71,25.93,0.62,0.823,0.142,observed_and_verified_proxy
2022-12-01,2022,12,4,Kozhikode,North,11.25,75.78,Tuna,3044.9,7673.4,396.81,28.85,34.06,1.1,0.06,105.3,1.87,26.12,0.69,0.826,0.192,observed_and_verified_proxy
2022-01-01,2022,1,1,Ernakulam,Central,9.98,76.28,Tuna,2193.59,5263.1,416.79,28.14,34.43,0.96,0.05,17.4,2.14,27.4,0.77,0.6,0.0,observed_and_verified_proxy
2022-02-01,2022,2,1,Ernakulam,Central,9.98,76.28,Tuna,2264.71,5582.3,405.7,28.86,34.4,1.11,0.1,24.3,2.05,28.51,0.77,0.64,0.0,observed_and_verified_proxy
2022-03-01,2022,3,1,Ernakulam,Central,9.98,76.28,Tuna,2181.19,5391.9,404.53,29.49,34.18,1.45,0.2,75.9,2.36,29.65,0.78,0.614,0.0,observed_and_verified_proxy
2022-04-01,2022,4,2,Ernakulam,Central,9.98,76.28,Tuna,758.79,3331.7,227.75,29.85,33.31,2.14,0.35,286.5,2.2,28.36,0.91,0.281,0.0,observed_and_verified_proxy
2022-05-01,2022,5,2,Ernakulam,Central,9.98,76.28,Tuna,796.78,3405.2,233.99,29.77,32.72,3.15,0.65,426.6,3.63,27.62,1.51,0.293,0.0,observed_and_verified_proxy
2022-06-01,2022,6,2,Ernakulam,Central,9.98,76.28,Tuna,747.86,3363.7,222.33,28.91,33.16,3.86,0.95,321.3,3.21,26.75,1.82,0.282,0.0,observed_and_verified_proxy
2022-07-01,2022,7,3,Ernakulam,Central,9.98,76.28,Tuna,1185.4,3840.7,308.64,27.27,32.7,4.14,1.0,432.9,3.81,25.83,2.27,0.378,0.0,observed_and_verified_proxy
2022-08-01,2022,8,3,Ernakulam,Central,9.98,76.28,Tuna,1208.0,3776.4,319.88,26.55,32.41,3.95,0.9,501.9,3.92,25.68,2.08,0.374,0.0,observed_and_verified_proxy
2022-09-01,2022,9,3,Ernakulam,Central,9.98,76.28,Tuna,1123.47,3775.9,297.54,26.93,33.73,2.71,0.6,185.4,3.3,26.01,1.53,0.366,0.0,observed_and_verified_proxy
2022-10-01,2022,10,4,Ernakulam,Central,9.98,76.28,Tuna,2758.45,6760.2,408.04,27.07,33.63,1.9,0.3,207.6,2.51,26.39,1.16,0.802,0.135,observed_and_verified_proxy
2022-11-01,2022,11,4,Ernakulam,Central,9.98,76.28,Tuna,2756.34,6808.5,404.84,28.69,33.51,1.43,0.12,238.2,1.84,26.59,0.79,0.807,0.15,observed_and_verified_proxy
2022-12-01,2022,12,4,Ernakulam,Central,9.98,76.28,Tuna,2809.09,6452.2,435.37,28.82,33.95,1.13,0.06,133.2,1.97,27.06,0.87,0.767,0.03,observed_and_verified_proxy
2022-01-01,2022,1,1,Alappuzha,South,9.49,76.33,Tuna,1871.34,4735.4,395.19,28.14,33.74,1.17,0.05,182.1,3.5,26.07,0.84,0.593,0.0,observed_and_verified_proxy
2022-02-01,2022,2,1,Alappuzha,South,9.49,76.33,Tuna,1838.73,4916.8,373.97,28.86,34.37,1.12,0.1,32.4,3.02,27.4,0.83,0.614,0.0,observed_and_verified_proxy
2022-03-01,2022,3,1,Alappuzha,South,9.49,76.33,Tuna,1985.49,4974.4,399.14,29.49,34.31,1.42,0.2,44.4,2.84,28.87,0.92,0.631,0.0,observed_and_verified_proxy
2022-04-01,2022,4,2,Alappuzha,South,9.49,76.33,Tuna,710.54,2793.1,254.39,29.85,33.65,2.04,0.35,205.2,2.35,28.53,1.06,0.26,0.0,observed_and_verified_proxy
2022-05-01,2022,5,2,Alappuzha,South,9.49,76.33,Tuna,664.93,2828.0,235.12,29.77,33.53,2.91,0.65,233.4,5.03,27.43,1.77,0.256,0.0,observed_and_verified_proxy
2022-06-01,2022,6,2,Alappuzha,South,9.49,76.33,Tuna,658.35,2965.9,221.97,28.91,33.92,3.63,0.95,138.0,4.83,26.55,1.99,0.268,0.0,observed_and_verified_proxy
2022-07-01,2022,7,3,Alappuzha,South,9.49,76.33,Tuna,986.92,3292.1,299.78,27.27,33.87,3.79,1.0,150.3,5.44,25.78,2.43,0.347,0.0,observed_and_verified_proxy
2022-08-01,2022,8,3,Alappuzha,South,9.49,76.33,Tuna,1002.73,3585.2,279.69,26.55,33.59,3.59,0.9,218.7,5.31,25.57,2.23,0.38,0.0,observed_and_verified_proxy
2022-09-01,2022,9,3,Alappuzha,South,9.49,76.33,Tuna,1011.76,3586.1,282.13,26.93,34.2,2.57,0.6,71.7,4.69,25.93,1.71,0.381,0.0,observed_and_verified_proxy
2022-10-01,2022,10,4,Alappuzha,South,9.49,76.33,Tuna,2641.92,5462.2,483.67,27.07,33.69,1.88,0.3,195.6,3.48,26.26,1.36,0.729,0.0,observed_and_verified_proxy
2022-11-01,2022,11,4,Alappuzha,South,9.49,76.33,Tuna,2563.7,5388.6,475.77,28.6,33.82,1.34,0.12,163.5,2.36,26.24,0.93,0.716,0.0,observed_and_verified_proxy
2022-12-01,2022,12,4,Alappuzha,South,9.49,76.33,Tuna,2563.97,5242.7,489.05,28.75,34.12,1.08,0.06,91.8,3.28,26.48,0.99,0.696,0.0,observed_and_verified_proxy
2022-01-01,2022,1,1,Kollam,South,8.89,76.6,Tuna,1841.34,4416.7,416.9,28.14,33.74,1.17,0.05,182.1,3.5,26.07,0.84,0.591,0.0,observed_and_verified_proxy
2022-02-01,2022,2,1,Kollam,South,8.89,76.6,Tuna,1784.69,4559.8,391.4,28.86,34.37,1.12,0.1,32.4,3.02,27.4,0.83,0.606,0.0,observed_and_verified_proxy
2022-03-01,2022,3,1,Kollam,South,8.89,76.6,Tuna,1867.07,4141.7,450.8,29.49,34.31,1.42,0.2,44.4,2.84,28.87,0.92,0.556,0.0,observed_and_verified_proxy
2022-04-01,2022,4,2,Kollam,South,8.89,76.6,Tuna,642.62,2921.4,219.97,29.85,33.65,2.04,0.35,205.2,2.35,28.53,1.06,0.279,0.0,observed_and_verified_proxy
2022-05-01,2022,5,2,Kollam,South,8.89,76.6,Tuna,624.78,2669.3,234.06,29.77,33.53,2.91,0.65,233.4,5.03,27.43,1.77,0.252,0.0,observed_and_verified_proxy
2022-06-01,2022,6,2,Kollam,South,8.89,76.6,Tuna,618.48,2528.2,244.63,28.91,33.92,3.63,0.95,138.0,4.83,26.55,1.99,0.238,0.0,observed_and_verified_proxy
2022-07-01,2022,7,3,Kollam,South,8.89,76.6,Tuna,980.43,3111.7,315.08,27.27,33.87,3.79,1.0,150.3,5.44,25.78,2.43,0.35,0.0,observed_and_verified_proxy
2022-08-01,2022,8,3,Kollam,South,8.89,76.6,Tuna,1016.01,3506.0,289.8,26.55,33.59,3.59,0.9,218.7,5.31,25.57,2.23,0.4,0.0,observed_and_verified_proxy
2022-09-01,2022,9,3,Kollam,South,8.89,76.6,Tuna,990.78,3076.3,322.07,26.93,34.2,2.57,0.6,71.7,4.69,25.93,1.71,0.348,0.0,observed_and_verified_proxy
2022-10-01,2022,10,4,Kollam,South,8.89,76.6,Tuna,2421.82,5031.3,481.35,27.07,33.69,1.88,0.3,195.6,3.48,26.26,1.36,0.709,0.0,observed_and_verified_proxy
2022-11-01,2022,11,4,Kollam,South,8.89,76.6,Tuna,2340.73,5641.2,414.93,28.6,33.82,1.34,0.12,163.5,2.36,26.24,0.93,0.791,0.106,observed_and_verified_proxy
2022-12-01,2022,12,4,Kollam,South,8.89,76.6,Tuna,2253.48,5363.9,420.12,28.75,34.12,1.08,0.06,91.8,3.28,26.48,0.99,0.747,0.037,observed_and_verified_proxy
2022-01-01,2022,1,1,Kannur,North,11.87,75.37,Tuna,1432.02,3323.4,430.89,28.14,34.45,0.96,0.05,12.3,2.16,25.96,0.65,0.533,0.0,observed_and_verified_proxy
2022-02-01,2022,2,1,Kannur,North,11.87,75.37,Tuna,1437.58,3614.4,397.74,28.86,34.48,1.08,0.1,3.9,2.31,27.38,0.66,0.58,0.0,observed_and_verified_proxy
2022-03-01,2022,3,1,Kannur,North,11.87,75.37,Tuna,1479.85,3634.5,407.16,29.49,34.31,1.42,0.2,45.9,2.37,28.67,0.63,0.588,0.0,observed_and_verified_proxy
2022-04-01,2022,4,2,Kannur,North,11.87,75.37,Tuna,509.12,2029.6,250.85,29.85,33.87,1.97,0.35,150.6,2.2,28.26,0.75,0.222,0.0,observed_and_verified_proxy
2022-05-01,2022,5,2,Kannur,North,11.87,75.37,Tuna,503.94,2194.6,229.62,29.77,33.13,3.03,0.65,327.6,3.28,27.17,1.17,0.238,0.0,observed_and_verified_proxy
2022-06-01,2022,6,2,Kannur,North,11.87,75.37,Tuna,514.22,2077.8,247.48,28.91,33.3,3.82,0.95,288.9,2.73,26.23,1.61,0.228,0.0,observed_and_verified_proxy
2022-07-01,2022,7,3,Kannur,North,11.87,75.37,Tuna,741.78,2668.3,278.0,27.27,31.91,4.38,1.0,622.5,3.46,25.26,2.1,0.345,0.0,observed_and_verified_proxy
2022-08-01,2022,8,3,Kannur,North,11.87,75.37,Tuna,778.86,2697.0,288.78,26.55,32.16,4.02,0.9,562.8,3.52,25.01,1.83,0.356,0.0,observed_and_verified_proxy
2022-09-01,2022,9,3,Kannur,North,11.87,75.37,Tuna,790.95,2459.7,321.56,26.93,33.64,2.74,0.6,207.3,2.76,25.34,1.24,0.326,0.0,observed_and_verified_proxy
2022-10-01,2022,10,4,Kannur,North,11.87,75.37,Tuna,1836.47,4285.9,428.49,27.07,33.88,1.82,0.3,147.6,2.11,25.69,0.9,0.729,0.0,observed_and_verified_proxy
2022-11-01,2022,11,4,Kannur,North,11.87,75.37,Tuna,1864.31,4330.8,430.48,28.73,34.08,1.26,0.12,101.1,1.71,25.93,0.62,0.739,0.004,observed_and_verified_proxy
2022-12-01,2022,12,4,Kannur,North,11.87,75.37,Tuna,1913.48,4148.0,461.31,28.85,34.06,1.1,0.06,105.3,1.87,26.12,0.69,0.712,0.0,observed_and_verified_proxy
2022-01-01,2022,1,1,Thiruvananthapuram,South,8.52,76.94,Tuna,1177.71,2566.7,458.85,28.14,33.74,1.17,0.05,182.1,3.5,26.07,0.84,0.477,0.0,observed_and_verified_proxy
2022-02-01,2022,2,1,Thiruvananthapuram,South,8.52,76.94,Tuna,1175.13,2759.3,425.87,28.86,34.37,1.12,0.1,32.4,3.02,27.4,0.83,0.512,0.0,observed_and_verified_proxy
2022-03-01,2022,3,1,Thiruvananthapuram,South,8.52,76.94,Tuna,1166.34,2834.9,411.43,29.49,34.31,1.42,0.2,44.4,2.84,28.87,0.92,0.525,0.0,observed_and_verified_proxy
2022-04-01,2022,4,2,Thiruvananthapuram,South,8.52,76.94,Tuna,395.59,1773.4,223.06,29.85,33.65,2.04,0.35,205.2,2.35,28.53,1.06,0.207,0.0,observed_and_verified_proxy
2022-05-01,2022,5,2,Thiruvananthapuram,South,8.52,76.94,Tuna,408.24,1671.0,244.31,29.77,33.53,2.91,0.65,233.4,5.03,27.43,1.77,0.199,0.0,observed_and_verified_proxy
2022-06-01,2022,6,2,Thiruvananthapuram,South,8.52,76.94,Tuna,422.59,1842.6,229.34,28.91,33.92,3.63,0.95,138.0,4.83,26.55,1.99,0.223,0.0,observed_and_verified_proxy
2022-07-01,2022,7,3,Thiruvananthapuram,South,8.52,76.94,Tuna,626.7,2122.1,295.32,27.27,33.87,3.79,1.0,150.3,5.44,25.78,2.43,0.312,0.0,observed_and_verified_proxy
2022-08-01,2022,8,3,Thiruvananthapuram,South,8.52,76.94,Tuna,651.81,2072.6,314.49,26.55,33.59,3.59,0.9,218.7,5.31,25.57,2.23,0.31,0.0,observed_and_verified_proxy
2022-09-01,2022,9,3,Thiruvananthapuram,South,8.52,76.94,Tuna,610.18,2280.9,267.51,26.93,34.2,2.57,0.6,71.7,4.69,25.93,1.71,0.332,0.0,observed_and_verified_proxy
2022-10-01,2022,10,4,Thiruvananthapuram,South,8.52,76.94,Tuna,1472.28,3569.6,412.45,27.07,33.69,1.88,0.3,195.6,3.48,26.26,1.36,0.705,0.0,observed_and_verified_proxy
2022-11-01,2022,11,4,Thiruvananthapuram,South,8.52,76.94,Tuna,1526.32,3639.3,419.4,28.6,33.82,1.34,0.12,163.5,2.36,26.24,0.93,0.725,0.011,observed_and_verified_proxy
2022-12-01,2022,12,4,Thiruvananthapuram,South,8.52,76.94,Tuna,1568.02,3599.5,435.62,28.75,34.12,1.08,0.06,91.8,3.28,26.48,0.99,0.722,0.0,observed_and_verified_proxy
2022-01-01,2022,1,1,Malappuram,North,11.07,76.07,Tuna,885.57,2063.2,429.22,28.14,34.45,0.96,0.05,12.3,2.16,25.96,0.65,0.449,0.0,observed_and_verified_proxy
2022-02-01,2022,2,1,Malappuram,North,11.07,76.07,Tuna,910.19,2245.7,405.3,28.86,34.48,1.08,0.1,3.9,2.31,27.38,0.66,0.493,0.0,observed_and_verified_proxy
2022-03-01,2022,3,1,Malappuram,North,11.07,76.07,Tuna,926.43,2283.2,405.75,29.49,34.31,1.42,0.2,45.9,2.37,28.67,0.63,0.504,0.0,observed_and_verified_proxy
2022-04-01,2022,4,2,Malappuram,North,11.07,76.07,Tuna,307.13,1389.1,221.1,29.85,33.87,1.97,0.35,150.6,2.2,28.26,0.75,0.18,0.0,observed_and_verified_proxy
2022-05-01,2022,5,2,Malappuram,North,11.07,76.07,Tuna,312.1,1419.5,219.87,29.77,33.13,3.03,0.65,327.6,3.28,27.17,1.17,0.186,0.0,observed_and_verified_proxy
2022-06-01,2022,6,2,Malappuram,North,11.07,76.07,Tuna,309.04,1353.1,228.4,28.91,33.3,3.82,0.95,288.9,2.73,26.23,1.61,0.176,0.0,observed_and_verified_proxy
2022-07-01,2022,7,3,Malappuram,North,11.07,76.07,Tuna,472.76,1645.4,287.31,27.27,31.91,4.38,1.0,622.5,3.46,25.26,2.1,0.272,0.0,observed_and_verified_proxy
2022-08-01,2022,8,3,Malappuram,North,11.07,76.07,Tuna,475.65,1690.5,281.36,26.55,32.16,4.02,0.9,562.8,3.52,25.01,1.83,0.28,0.0,observed_and_verified_proxy
2022-09-01,2022,9,3,Malappuram,North,11.07,76.07,Tuna,475.09,1729.9,274.63,26.93,33.64,2.74,0.6,207.3,2.76,25.34,1.24,0.287,0.0,observed_and_verified_proxy
2022-10-01,2022,10,4,Malappuram,North,11.07,76.07,Tuna,1227.35,2701.8,454.27,27.07,33.88,1.82,0.3,147.6,2.11,25.69,0.9,0.653,0.0,observed_and_verified_proxy
2022-11-01,2022,11,4,Malappuram,North,11.07,76.07,Tuna,1120.96,2559.2,438.01,28.73,34.08,1.26,0.12,101.1,1.71,25.93,0.62,0.602,0.0,observed_and_verified_proxy
2022-12-01,2022,12,4,Malappuram,North,11.07,76.07,Tuna,1123.21,2728.3,411.68,28.85,34.06,1.1,0.06,105.3,1.87,26.12,0.69,0.642,0.0,observed_and_verified_proxy
2022-01-01,2022,1,1,Thrissur,Central,10.52,76.21,Tuna,672.95,1661.4,405.04,28.14,34.43,0.96,0.05,17.4,2.14,27.4,0.77,0.454,0.0,observed_and_verified_proxy
2022-02-01,2022,2,1,Thrissur,Central,10.52,76.21,Tuna,672.26,1421.3,472.99,28.86,34.4,1.11,0.1,24.3,2.05,28.51,0.77,0.388,0.0,observed_and_verified_proxy
2022-03-01,2022,3,1,Thrissur,Central,10.52,76.21,Tuna,651.74,1632.4,399.24,29.49,34.18,1.45,0.2,75.9,2.36,29.65,0.78,0.44,0.0,observed_and_verified_proxy
2022-04-01,2022,4,2,Thrissur,Central,10.52,76.21,Tuna,235.82,991.7,237.8,29.85,33.31,2.14,0.35,286.5,2.2,28.36,0.91,0.151,0.0,observed_and_verified_proxy
2022-05-01,2022,5,2,Thrissur,Central,10.52,76.21,Tuna,223.24,914.5,244.12,29.77,32.72,3.15,0.65,426.6,3.63,27.62,1.51,0.134,0.0,observed_and_verified_proxy
2022-06-01,2022,6,2,Thrissur,Central,10.52,76.21,Tuna,234.82,1012.6,231.9,28.91,33.16,3.86,0.95,321.3,3.21,26.75,1.82,0.154,0.0,observed_and_verified_proxy
2022-07-01,2022,7,3,Thrissur,Central,10.52,76.21,Tuna,341.8,1132.3,301.86,27.27,32.7,4.14,1.0,432.9,3.81,25.83,2.27,0.219,0.0,observed_and_verified_proxy
2022-08-01,2022,8,3,Thrissur,Central,10.52,76.21,Tuna,362.82,1123.0,323.1,26.55,32.41,3.95,0.9,501.9,3.92,25.68,2.08,0.225,0.0,observed_and_verified_proxy
2022-09-01,2022,9,3,Thrissur,Central,10.52,76.21,Tuna,356.03,1199.9,296.73,26.93,33.73,2.71,0.6,185.4,3.3,26.01,1.53,0.238,0.0,observed_and_verified_proxy
2022-10-01,2022,10,4,Thrissur,Central,10.52,76.21,Tuna,809.62,1861.7,434.88,27.07,33.63,1.9,0.3,207.6,2.51,26.39,1.16,0.548,0.0,observed_and_verified_proxy
2022-11-01,2022,11,4,Thrissur,Central,10.52,76.21,Tuna,881.87,1910.8,461.51,28.69,33.51,1.43,0.12,238.2,1.84,26.59,0.79,0.581,0.0,observed_and_verified_proxy
2022-12-01,2022,12,4,Thrissur,Central,10.52,76.21,Tuna,876.05,1756.0,498.89,28.82,33.95,1.13,0.06,133.2,1.97,27.06,0.87,0.532,0.0,observed_and_verified_proxy
2022-01-01,2022,1,1,Kasaragod,North,12.5,74.99,Tuna,398.56,893.1,446.26,28.14,34.45,0.96,0.05,12.3,2.16,25.96,0.65,0.314,0.0,observed_and_verified_proxy
2022-02-01,2022,2,1,Kasaragod,North,12.5,74.99,Tuna,395.39,980.9,403.08,28.86,34.48,1.08,0.1,3.9,2.31,27.38,0.66,0.344,0.0,observed_and_verified_proxy
2022-03-01,2022,3,1,Kasaragod,North,12.5,74.99,Tuna,396.9,911.3,435.54,29.49,34.31,1.42,0.2,45.9,2.37,28.67,0.63,0.32,0.0,observed_and_verified_proxy
2022-04-01,2022,4,2,Kasaragod,North,12.5,74.99,Tuna,135.53,628.1,215.77,29.85,33.87,1.97,0.35,150.6,2.2,28.26,0.75,0.106,0.0,observed_and_verified_proxy
2022-05-01,2022,5,2,Kasaragod,North,12.5,74.99,Tuna,142.24,584.1,243.5,29.77,33.13,3.03,0.65,327.6,3.28,27.17,1.17,0.103,0.0,observed_and_verified_proxy
2022-06-01,2022,6,2,Kasaragod,North,12.5,74.99,Tuna,141.68,603.1,234.91,28.91,33.3,3.82,0.95,288.9,2.73,26.23,1.61,0.106,0.0,observed_and_verified_proxy
2022-07-01,2022,7,3,Kasaragod,North,12.5,74.99,Tuna,200.35,743.9,269.31,27.27,31.91,4.38,1.0,622.5,3.46,25.26,2.1,0.169,0.0,observed_and_verified_proxy
2022-08-01,2022,8,3,Kasaragod,North,12.5,74.99,Tuna,212.17,743.4,285.42,26.55,32.16,4.02,0.9,562.8,3.52,25.01,1.83,0.176,0.0,observed_and_verified_proxy
2022-09-01,2022,9,3,Kasaragod,North,12.5,74.99,Tuna,200.31,736.4,272.01,26.93,33.64,2.74,0.6,207.3,2.76,25.34,1.24,0.167,0.0,observed_and_verified_proxy
2022-10-01,2022,10,4,Kasaragod,North,12.5,74.99,Tuna,484.95,1220.6,397.31,27.07,33.88,1.82,0.3,147.6,2.11,25.69,0.9,0.477,0.0,observed_and_verified_proxy
2022-11-01,2022,11,4,Kasaragod,North,12.5,74.99,Tuna,479.35,1133.3,422.98,28.73,34.08,1.26,0.12,101.1,1.71,25.93,0.62,0.44,0.0,observed_and_verified_proxy
2022-12-01,2022,12,4,Kasaragod,North,12.5,74.99,Tuna,527.47,1113.3,473.79,28.85,34.06,1.1,0.06,105.3,1.87,26.12,0.69,0.454,0.0,observed_and_verified_proxy
2023-01-01,2023,1,1,Kozhikode,North,11.25,75.78,Tuna,2304.84,5754.0,400.57,28.49,34.44,0.96,0.05,14.4,2.02,26.13,0.63,0.593,0.0,observed_and_verified_proxy
2023-02-01,2023,2,1,Kozhikode,North,11.25,75.78,Tuna,2323.89,5880.4,395.2,28.74,34.49,1.08,0.1,1.8,2.19,28.03,0.62,0.606,0.0,observed_and_verified_proxy
2023-03-01,2023,3,1,Kozhikode,North,11.25,75.78,Tuna,2290.21,5404.3,423.77,29.45,34.42,1.39,0.2,20.1,2.48,28.84,0.67,0.556,0.0,observed_and_verified_proxy
2023-04-01,2023,4,2,Kozhikode,North,11.25,75.78,Tuna,842.33,3821.4,220.43,30.12,34.31,1.84,0.35,45.9,2.41,29.18,0.75,0.3,0.0,observed_and_verified_proxy
2023-05-01,2023,5,2,Kozhikode,North,11.25,75.78,Tuna,807.57,3845.7,209.99,30.65,34.07,2.75,0.65,102.6,2.54,28.53,0.8,0.298,0.0,observed_and_verified_proxy
2023-06-01,2023,6,2,Kozhikode,North,11.25,75.78,Tuna,826.03,3527.5,234.17,30.25,33.42,3.78,0.95,259.8,2.71,27.53,1.64,0.275,0.0,observed_and_verified_proxy
2023-07-01,2023,7,3,Kozhikode,North,11.25,75.78,Tuna,1156.64,4236.9,272.99,27.87,32.24,4.28,1.0,542.4,3.52,25.82,2.04,0.371,0.0,observed_and_verified_proxy
2023-08-01,2023,8,3,Kozhikode,North,11.25,75.78,Tuna,1257.27,4346.8,289.24,27.52,34.2,3.41,0.9,72.6,2.98,26.12,1.28,0.39,0.0,observed_and_verified_proxy
2023-09-01,2023,9,3,Kozhikode,North,11.25,75.78,Tuna,1187.94,4684.4,253.6,28.48,33.03,2.92,0.6,351.9,2.64,25.87,1.23,0.413,0.0,observed_and_verified_proxy
2023-10-01,2023,10,4,Kozhikode,North,11.25,75.78,Tuna,3007.04,7218.6,416.57,29.84,33.66,1.89,0.3,200.7,1.81,26.5,0.83,0.776,0.083,observed_and_verified_proxy
2023-11-01,2023,11,4,Kozhikode,North,11.25,75.78,Tuna,2824.16,7363.1,383.55,29.88,33.58,1.41,0.12,221.1,1.71,26.82,0.65,0.784,0.167,observed_and_verified_proxy
2023-12-01,2023,12,4,Kozhikode,North,11.25,75.78,Tuna,2903.24,7556.5,384.21,30.23,34.28,1.03,0.06,52.2,1.67,26.73,0.61,0.808,0.196,observed_and_verified_proxy
2023-01-01,2023,1,1,Ernakulam,Central,9.98,76.28,Tuna,2034.1,5216.2,389.96,28.38,34.43,0.96,0.05,16.5,1.81,26.88,0.78,0.586,0.0,observed_and_verified_proxy
2023-02-01,2023,2,1,Ernakulam,Central,9.98,76.28,Tuna,2002.42,5372.6,372.71,28.71,34.47,1.09,0.1,6.6,1.85,28.72,0.75,0.602,0.0,observed_and_verified_proxy
2023-03-01,2023,3,1,Ernakulam,Central,9.98,76.28,Tuna,2075.0,4855.7,427.34,29.62,34.34,1.41,0.2,39.3,2.46,29.72,0.76,0.548,0.0,observed_and_verified_proxy
2023-04-01,2023,4,2,Ernakulam,Central,9.98,76.28,Tuna,689.13,3306.3,208.43,30.27,34.09,1.9,0.35,98.7,2.45,30.03,0.92,0.268,0.0,observed_and_verified_proxy
2023-05-01,2023,5,2,Ernakulam,Central,9.98,76.28,Tuna,695.4,3278.4,212.12,30.67,34.05,2.75,0.65,107.1,2.77,28.79,0.96,0.267,0.0,observed_and_verified_proxy
2023-06-01,2023,6,2,Ernakulam,Central,9.98,76.28,Tuna,715.42,3108.6,230.14,29.68,33.34,3.81,0.95,279.3,3.26,28.08,1.8,0.256,0.0,observed_and_verified_proxy
2023-07-01,2023,7,3,Ernakulam,Central,9.98,76.28,Tuna,1038.58,4309.8,240.98,27.34,32.78,4.11,1.0,411.9,3.66,26.57,2.23,0.407,0.0,observed_and_verified_proxy
2023-08-01,2023,8,3,Ernakulam,Central,9.98,76.28,Tuna,1067.25,3931.8,271.44,27.36,34.13,3.43,0.9,88.8,3.3,26.92,1.52,0.375,0.0,observed_and_verified_proxy
2023-09-01,2023,9,3,Ernakulam,Central,9.98,76.28,Tuna,1067.64,3797.1,281.17,28.4,32.53,3.07,0.6,472.5,3.04,26.64,1.49,0.362,0.0,observed_and_verified_proxy
2023-10-01,2023,10,4,Ernakulam,Central,9.98,76.28,Tuna,2651.53,5965.7,444.46,29.72,33.02,2.08,0.3,355.2,2.22,27.18,1.05,0.703,0.0,observed_and_verified_proxy
2023-11-01,2023,11,4,Ernakulam,Central,9.98,76.28,Tuna,2636.69,6383.0,413.08,30.02,33.37,1.47,0.12,270.6,1.87,27.51,0.81,0.751,0.059,observed_and_verified_proxy
2023-12-01,2023,12,4,Ernakulam,Central,9.98,76.28,Tuna,2567.75,6518.3,393.93,30.06,34.01,1.12,0.06,118.5,2.2,27.42,0.75,0.764,0.118,observed_and_verified_proxy
2023-01-01,2023,1,1,Alappuzha,South,9.49,76.33,Tuna,1764.4,4296.1,410.7,28.23,34.4,0.97,0.05,24.6,3.38,26.37,0.85,0.531,0.0,observed_and_verified_proxy
2023-02-01,2023,2,1,Alappuzha,South,9.49,76.33,Tuna,1692.35,4630.7,365.46,28.26,34.45,1.09,0.1,11.4,2.75,27.67,0.87,0.567,0.0,observed_and_verified_proxy
2023-03-01,2023,3,1,Alappuzha,South,9.49,76.33,Tuna,1858.18,4706.5,394.81,29.25,34.39,1.39,0.2,25.8,3.4,29.17,0.89,0.589,0.0,observed_and_verified_proxy
2023-04-01,2023,4,2,Alappuzha,South,9.49,76.33,Tuna,629.45,2767.1,227.47,30.24,34.18,1.87,0.35,75.9,2.79,29.66,1.1,0.245,0.0,observed_and_verified_proxy
2023-05-01,2023,5,2,Alappuzha,South,9.49,76.33,Tuna,624.37,2928.8,213.18,30.6,33.89,2.8,0.65,147.3,3.81,28.69,1.14,0.258,0.0,observed_and_verified_proxy
2023-06-01,2023,6,2,Alappuzha,South,9.49,76.33,Tuna,605.72,2741.2,220.97,29.07,34.01,3.61,0.95,116.7,5.15,27.89,1.96,0.238,0.0,observed_and_verified_proxy
2023-07-01,2023,7,3,Alappuzha,South,9.49,76.33,Tuna,941.38,3766.1,249.96,26.43,33.85,3.79,1.0,155.7,5.07,26.54,2.35,0.39,0.0,observed_and_verified_proxy
2023-08-01,2023,8,3,Alappuzha,South,9.49,76.33,Tuna,937.6,3529.1,265.68,27.24,34.34,3.37,0.9,37.5,4.7,27.13,1.75,0.365,0.0,observed_and_verified_proxy
2023-09-01,2023,9,3,Alappuzha,South,9.49,76.33,Tuna,915.29,3611.2,253.46,28.11,33.15,2.88,0.6,324.0,4.58,26.88,1.67,0.371,0.0,observed_and_verified_proxy
2023-10-01,2023,10,4,Alappuzha,South,9.49,76.33,Tuna,2225.92,5553.6,400.8,29.37,32.7,2.18,0.3,431.4,2.74,26.99,1.24,0.72,0.045,observed_and_verified_proxy
2023-11-01,2023,11,4,Alappuzha,South,9.49,76.33,Tuna,2250.74,5880.6,382.74,29.91,33.47,1.45,0.12,247.2,2.68,27.12,0.98,0.764,0.142,observed_and_verified_proxy
2023-12-01,2023,12,4,Alappuzha,South,9.49,76.33,Tuna,2298.82,5681.3,404.63,29.61,33.63,1.23,0.06,208.5,4.48,26.61,0.91,0.741,0.064,observed_and_verified_proxy
2023-01-01,2023,1,1,Kollam,South,8.89,76.6,Tuna,1693.85,4112.6,411.86,28.23,34.4,0.97,0.05,24.6,3.38,26.37,0.85,0.54,0.0,observed_and_verified_proxy
2023-02-01,2023,2,1,Kollam,South,8.89,76.6,Tuna,1622.72,4382.0,370.32,28.26,34.45,1.09,0.1,11.4,2.75,27.67,0.87,0.57,0.0,observed_and_verified_proxy
2023-03-01,2023,3,1,Kollam,South,8.89,76.6,Tuna,1727.3,4579.5,377.18,29.25,34.39,1.39,0.2,25.8,3.4,29.17,0.89,0.604,0.0,observed_and_verified_proxy
2023-04-01,2023,4,2,Kollam,South,8.89,76.6,Tuna,600.68,2907.3,206.61,30.24,34.18,1.87,0.35,75.9,2.79,29.66,1.1,0.27,0.0,observed_and_verified_proxy
2023-05-01,2023,5,2,Kollam,South,8.89,76.6,Tuna,591.43,2797.5,211.42,30.6,33.89,2.8,0.65,147.3,3.81,28.69,1.14,0.258,0.0,observed_and_verified_proxy
2023-06-01,2023,6,2,Kollam,South,8.89,76.6,Tuna,566.87,2733.8,207.36,29.07,34.01,3.61,0.95,116.7,5.15,27.89,1.96,0.247,0.0,observed_and_verified_proxy
2023-07-01,2023,7,3,Kollam,South,8.89,76.6,Tuna,855.53,3512.1,243.6,26.43,33.85,3.79,1.0,155.7,5.07,26.54,2.35,0.377,0.0,observed_and_verified_proxy
2023-08-01,2023,8,3,Kollam,South,8.89,76.6,Tuna,850.57,3405.6,249.75,27.24,34.34,3.37,0.9,37.5,4.7,27.13,1.75,0.365,0.0,observed_and_verified_proxy
2023-09-01,2023,9,3,Kollam,South,8.89,76.6,Tuna,928.84,3433.3,270.54,28.11,33.15,2.88,0.6,324.0,4.58,26.88,1.67,0.38,0.0,observed_and_verified_proxy
2023-10-01,2023,10,4,Kollam,South,8.89,76.6,Tuna,2147.08,5546.8,387.09,29.37,32.7,2.18,0.3,431.4,2.74,26.99,1.24,0.765,0.134,observed_and_verified_proxy
2023-11-01,2023,11,4,Kollam,South,8.89,76.6,Tuna,2107.25,5088.4,414.12,29.91,33.47,1.45,0.12,247.2,2.68,27.12,0.98,0.699,0.0,observed_and_verified_proxy
2023-12-01,2023,12,4,Kollam,South,8.89,76.6,Tuna,2086.52,4990.3,418.12,29.61,33.63,1.23,0.06,208.5,4.48,26.61,0.91,0.685,0.0,observed_and_verified_proxy
2023-01-01,2023,1,1,Kannur,North,11.87,75.37,Tuna,1236.3,3137.3,394.06,28.49,34.44,0.96,0.05,14.4,2.02,26.13,0.63,0.484,0.0,observed_and_verified_proxy
2023-02-01,2023,2,1,Kannur,North,11.87,75.37,Tuna,1285.02,3550.7,361.91,28.74,34.49,1.08,0.1,1.8,2.19,28.03,0.62,0.553,0.0,observed_and_verified_proxy
2023-03-01,2023,3,1,Kannur,North,11.87,75.37,Tuna,1351.24,3461.2,390.4,29.45,34.42,1.39,0.2,20.1,2.48,28.84,0.67,0.547,0.0,observed_and_verified_proxy
2023-04-01,2023,4,2,Kannur,North,11.87,75.37,Tuna,457.48,2291.4,199.65,30.12,34.31,1.84,0.35,45.9,2.41,29.18,0.75,0.237,0.0,observed_and_verified_proxy
2023-05-01,2023,5,2,Kannur,North,11.87,75.37,Tuna,481.51,2066.8,232.97,30.65,34.07,2.75,0.65,102.6,2.54,28.53,0.8,0.219,0.0,observed_and_verified_proxy
2023-06-01,2023,6,2,Kannur,North,11.87,75.37,Tuna,481.72,2297.1,209.7,30.25,33.42,3.78,0.95,259.8,2.71,27.53,1.64,0.244,0.0,observed_and_verified_proxy
2023-07-01,2023,7,3,Kannur,North,11.87,75.37,Tuna,692.31,2804.8,246.83,27.87,32.24,4.28,1.0,542.4,3.52,25.82,2.04,0.353,0.0,observed_and_verified_proxy
2023-08-01,2023,8,3,Kannur,North,11.87,75.37,Tuna,727.54,2452.6,296.64,27.52,34.2,3.41,0.9,72.6,2.98,26.12,1.28,0.315,0.0,observed_and_verified_proxy
2023-09-01,2023,9,3,Kannur,North,11.87,75.37,Tuna,720.08,2490.0,289.19,28.48,33.03,2.92,0.6,351.9,2.64,25.87,1.23,0.318,0.0,observed_and_verified_proxy
2023-10-01,2023,10,4,Kannur,North,11.87,75.37,Tuna,1631.71,4035.0,404.39,29.84,33.66,1.89,0.3,200.7,1.81,26.5,0.83,0.669,0.0,observed_and_verified_proxy
2023-11-01,2023,11,4,Kannur,North,11.87,75.37,Tuna,1730.33,3843.4,450.21,29.88,33.58,1.41,0.12,221.1,1.71,26.82,0.65,0.645,0.0,observed_and_verified_proxy
2023-12-01,2023,12,4,Kannur,North,11.87,75.37,Tuna,1708.63,3869.9,441.52,30.23,34.28,1.03,0.06,52.2,1.67,26.73,0.61,0.648,0.0,observed_and_verified_proxy
2023-01-01,2023,1,1,Thiruvananthapuram,South,8.52,76.94,Tuna,1064.82,2617.6,406.79,28.23,34.4,0.97,0.05,24.6,3.38,26.37,0.85,0.471,0.0,observed_and_verified_proxy
2023-02-01,2023,2,1,Thiruvananthapuram,South,8.52,76.94,Tuna,1048.19,2983.9,351.28,28.26,34.45,1.09,0.1,11.4,2.75,27.67,0.87,0.534,0.0,observed_and_verified_proxy
2023-03-01,2023,3,1,Thiruvananthapuram,South,8.52,76.94,Tuna,1114.84,2688.4,414.68,29.25,34.39,1.39,0.2,25.8,3.4,29.17,0.89,0.491,0.0,observed_and_verified_proxy
2023-04-01,2023,4,2,Thiruvananthapuram,South,8.52,76.94,Tuna,364.08,1787.5,203.68,30.24,34.18,1.87,0.35,75.9,2.79,29.66,1.1,0.199,0.0,observed_and_verified_proxy
2023-05-01,2023,5,2,Thiruvananthapuram,South,8.52,76.94,Tuna,392.45,1858.7,211.15,30.6,33.89,2.8,0.65,147.3,3.81,28.69,1.14,0.216,0.0,observed_and_verified_proxy
2023-06-01,2023,6,2,Thiruvananthapuram,South,8.52,76.94,Tuna,378.12,1796.5,210.48,29.07,34.01,3.61,0.95,116.7,5.15,27.89,1.96,0.205,0.0,observed_and_verified_proxy
2023-07-01,2023,7,3,Thiruvananthapuram,South,8.52,76.94,Tuna,552.6,2063.4,267.8,26.43,33.85,3.79,1.0,155.7,5.07,26.54,2.35,0.287,0.0,observed_and_verified_proxy
2023-08-01,2023,8,3,Thiruvananthapuram,South,8.52,76.94,Tuna,552.04,2072.2,266.4,27.24,34.34,3.37,0.9,37.5,4.7,27.13,1.75,0.288,0.0,observed_and_verified_proxy
2023-09-01,2023,9,3,Thiruvananthapuram,South,8.52,76.94,Tuna,550.15,2249.6,244.56,28.11,33.15,2.88,0.6,324.0,4.58,26.88,1.67,0.312,0.0,observed_and_verified_proxy
2023-10-01,2023,10,4,Thiruvananthapuram,South,8.52,76.94,Tuna,1446.67,3483.0,415.36,29.37,32.7,2.18,0.3,431.4,2.74,26.99,1.24,0.685,0.0,observed_and_verified_proxy
2023-11-01,2023,11,4,Thiruvananthapuram,South,8.52,76.94,Tuna,1427.46,3141.1,454.45,29.91,33.47,1.45,0.12,247.2,2.68,27.12,0.98,0.615,0.0,observed_and_verified_proxy
2023-12-01,2023,12,4,Thiruvananthapuram,South,8.52,76.94,Tuna,1345.64,3492.6,385.28,29.61,33.63,1.23,0.06,208.5,4.48,26.61,0.91,0.674,0.02,observed_and_verified_proxy
2023-01-01,2023,1,1,Malappuram,North,11.07,76.07,Tuna,834.49,2202.8,378.83,28.49,34.44,0.96,0.05,14.4,2.02,26.13,0.63,0.469,0.0,observed_and_verified_proxy
2023-02-01,2023,2,1,Malappuram,North,11.07,76.07,Tuna,811.03,2175.7,372.77,28.74,34.49,1.08,0.1,1.8,2.19,28.03,0.62,0.458,0.0,observed_and_verified_proxy
2023-03-01,2023,3,1,Malappuram,North,11.07,76.07,Tuna,856.42,2316.4,369.72,29.45,34.42,1.39,0.2,20.1,2.48,28.84,0.67,0.497,0.0,observed_and_verified_proxy
2023-04-01,2023,4,2,Malappuram,North,11.07,76.07,Tuna,307.01,1352.8,226.95,30.12,34.31,1.84,0.35,45.9,2.41,29.18,0.75,0.175,0.0,observed_and_verified_proxy
2023-05-01,2023,5,2,Malappuram,North,11.07,76.07,Tuna,293.28,1296.8,226.15,30.65,34.07,2.75,0.65,102.6,2.54,28.53,0.8,0.163,0.0,observed_and_verified_proxy
2023-06-01,2023,6,2,Malappuram,North,11.07,76.07,Tuna,306.61,1406.6,217.97,30.25,33.42,3.78,0.95,259.8,2.71,27.53,1.64,0.182,0.0,observed_and_verified_proxy
2023-07-01,2023,7,3,Malappuram,North,11.07,76.07,Tuna,433.66,1716.6,252.62,27.87,32.24,4.28,1.0,542.4,3.52,25.82,2.04,0.271,0.0,observed_and_verified_proxy
2023-08-01,2023,8,3,Malappuram,North,11.07,76.07,Tuna,423.37,1681.7,251.75,27.52,34.2,3.41,0.9,72.6,2.98,26.12,1.28,0.262,0.0,observed_and_verified_proxy
2023-09-01,2023,9,3,Malappuram,North,11.07,76.07,Tuna,464.34,1656.3,280.35,28.48,33.03,2.92,0.6,351.9,2.64,25.87,1.23,0.271,0.0,observed_and_verified_proxy
2023-10-01,2023,10,4,Malappuram,North,11.07,76.07,Tuna,1079.33,2712.5,397.91,29.84,33.66,1.89,0.3,200.7,1.81,26.5,0.83,0.631,0.0,observed_and_verified_proxy
2023-11-01,2023,11,4,Malappuram,North,11.07,76.07,Tuna,1133.82,2715.2,417.59,29.88,33.58,1.41,0.12,221.1,1.71,26.82,0.65,0.641,0.0,observed_and_verified_proxy
2023-12-01,2023,12,4,Malappuram,North,11.07,76.07,Tuna,1122.89,2767.4,405.76,30.23,34.28,1.03,0.06,52.2,1.67,26.73,0.61,0.651,0.0,observed_and_verified_proxy
2023-01-01,2023,1,1,Thrissur,Central,10.52,76.21,Tuna,603.93,1530.2,394.67,28.38,34.43,0.96,0.05,16.5,1.81,26.88,0.78,0.399,0.0,observed_and_verified_proxy
2023-02-01,2023,2,1,Thrissur,Central,10.52,76.21,Tuna,600.06,1520.7,394.6,28.71,34.47,1.09,0.1,6.6,1.85,28.72,0.75,0.395,0.0,observed_and_verified_proxy
2023-03-01,2023,3,1,Thrissur,Central,10.52,76.21,Tuna,578.61,1506.8,383.99,29.62,34.34,1.41,0.2,39.3,2.46,29.72,0.76,0.385,0.0,observed_and_verified_proxy
2023-04-01,2023,4,2,Thrissur,Central,10.52,76.21,Tuna,203.8,1039.8,195.99,30.27,34.09,1.9,0.35,98.7,2.45,30.03,0.92,0.143,0.0,observed_and_verified_proxy
2023-05-01,2023,5,2,Thrissur,Central,10.52,76.21,Tuna,220.9,969.0,227.97,30.67,34.05,2.75,0.65,107.1,2.77,28.79,0.96,0.141,0.0,observed_and_verified_proxy
2023-06-01,2023,6,2,Thrissur,Central,10.52,76.21,Tuna,205.6,1003.4,204.9,29.68,33.34,3.81,0.95,279.3,3.26,28.08,1.8,0.139,0.0,observed_and_verified_proxy
2023-07-01,2023,7,3,Thrissur,Central,10.52,76.21,Tuna,329.42,1187.9,277.31,27.34,32.78,4.11,1.0,411.9,3.66,26.57,2.23,0.225,0.0,observed_and_verified_proxy
2023-08-01,2023,8,3,Thrissur,Central,10.52,76.21,Tuna,304.67,1095.7,278.05,27.36,34.13,3.43,0.9,88.8,3.3,26.92,1.52,0.198,0.0,observed_and_verified_proxy
2023-09-01,2023,9,3,Thrissur,Central,10.52,76.21,Tuna,315.1,1265.5,249.0,28.4,32.53,3.07,0.6,472.5,3.04,26.64,1.49,0.233,0.0,observed_and_verified_proxy
2023-10-01,2023,10,4,Thrissur,Central,10.52,76.21,Tuna,761.19,1840.1,413.67,29.72,33.02,2.08,0.3,355.2,2.22,27.18,1.05,0.529,0.0,observed_and_verified_proxy
2023-11-01,2023,11,4,Thrissur,Central,10.52,76.21,Tuna,771.65,1846.1,417.98,30.02,33.37,1.47,0.12,270.6,1.87,27.51,0.81,0.533,0.0,observed_and_verified_proxy
2023-12-01,2023,12,4,Thrissur,Central,10.52,76.21,Tuna,792.08,1883.5,420.53,30.06,34.01,1.12,0.06,118.5,2.2,27.42,0.75,0.55,0.0,observed_and_verified_proxy
2023-01-01,2023,1,1,Kasaragod,North,12.5,74.99,Tuna,368.23,917.6,401.3,28.49,34.44,0.96,0.05,14.4,2.02,26.13,0.63,0.309,0.0,observed_and_verified_proxy
2023-02-01,2023,2,1,Kasaragod,North,12.5,74.99,Tuna,341.63,945.7,361.25,28.74,34.49,1.08,0.1,1.8,2.19,28.03,0.62,0.305,0.0,observed_and_verified_proxy
2023-03-01,2023,3,1,Kasaragod,North,12.5,74.99,Tuna,359.86,915.3,393.14,29.45,34.42,1.39,0.2,20.1,2.48,28.84,0.67,0.304,0.0,observed_and_verified_proxy
2023-04-01,2023,4,2,Kasaragod,North,12.5,74.99,Tuna,133.51,561.1,237.96,30.12,34.31,1.84,0.35,45.9,2.41,29.18,0.75,0.094,0.0,observed_and_verified_proxy
2023-05-01,2023,5,2,Kasaragod,North,12.5,74.99,Tuna,130.82,603.8,216.67,30.65,34.07,2.75,0.65,102.6,2.54,28.53,0.8,0.099,0.0,observed_and_verified_proxy
2023-06-01,2023,6,2,Kasaragod,North,12.5,74.99,Tuna,125.62,566.5,221.75,30.25,33.42,3.78,0.95,259.8,2.71,27.53,1.64,0.09,0.0,observed_and_verified_proxy
2023-07-01,2023,7,3,Kasaragod,North,12.5,74.99,Tuna,189.47,691.2,274.13,27.87,32.24,4.28,1.0,542.4,3.52,25.82,2.04,0.151,0.0,observed_and_verified_proxy
2023-08-01,2023,8,3,Kasaragod,North,12.5,74.99,Tuna,197.17,682.9,288.72,27.52,34.2,3.41,0.9,72.6,2.98,26.12,1.28,0.153,0.0,observed_and_verified_proxy
2023-09-01,2023,9,3,Kasaragod,North,12.5,74.99,Tuna,199.09,743.5,267.76,28.48,33.03,2.92,0.6,351.9,2.64,25.87,1.23,0.168,0.0,observed_and_verified_proxy
2023-10-01,2023,10,4,Kasaragod,North,12.5,74.99,Tuna,444.85,1056.1,421.21,29.84,33.66,1.89,0.3,200.7,1.81,26.5,0.83,0.395,0.0,observed_and_verified_proxy
2023-11-01,2023,11,4,Kasaragod,North,12.5,74.99,Tuna,449.69,1205.4,373.06,29.88,33.58,1.41,0.12,221.1,1.71,26.82,0.65,0.453,0.0,observed_and_verified_proxy
2023-12-01,2023,12,4,Kasaragod,North,12.5,74.99,Tuna,458.55,1085.5,422.45,30.23,34.28,1.03,0.06,52.2,1.67,26.73,0.61,0.412,0.0,observed_and_verified_proxy
2024-01-01,2024,1,1,Kozhikode,North,11.25,75.78,Tuna,2131.63,5790.1,368.15,29.58,34.2,1.03,0.05,72.0,2.06,26.55,0.62,0.588,0.0,observed_and_verified_proxy
2024-02-01,2024,2,1,Kozhikode,North,11.25,75.78,Tuna,2130.1,5702.3,373.55,29.75,34.5,1.08,0.1,0.3,2.54,28.29,0.62,0.579,0.0,observed_and_verified_proxy
2024-03-01,2024,3,1,Kozhikode,North,11.25,75.78,Tuna,2096.15,5540.7,378.32,30.1,34.48,1.37,0.2,4.5,2.75,29.62,0.74,0.561,0.0,observed_and_verified_proxy
2024-04-01,2024,4,2,Kozhikode,North,11.25,75.78,Tuna,760.45,3717.0,204.59,31.29,34.42,1.8,0.35,19.5,2.61,30.61,0.79,0.281,0.0,observed_and_verified_proxy
2024-05-01,2024,5,2,Kozhikode,North,11.25,75.78,Tuna,779.01,3818.1,204.03,31.32,33.32,2.97,0.65,282.9,3.08,28.56,1.1,0.291,0.0,observed_and_verified_proxy
2024-06-01,2024,6,2,Kozhikode,North,11.25,75.78,Tuna,818.78,3622.5,226.03,29.3,32.63,4.02,0.95,447.6,2.89,26.97,1.69,0.282,0.0,observed_and_verified_proxy
2024-07-01,2024,7,3,Kozhikode,North,11.25,75.78,Tuna,1233.26,4875.0,252.98,28.05,31.44,4.52,1.0,734.7,3.62,25.92,2.08,0.435,0.003,observed_and_verified_proxy
2024-08-01,2024,8,3,Kozhikode,North,11.25,75.78,Tuna,1209.52,4754.9,254.38,27.47,33.28,3.69,0.9,293.7,3.19,25.92,1.61,0.422,0.0,observed_and_verified_proxy
2024-09-01,2024,9,3,Kozhikode,North,11.25,75.78,Tuna,1213.33,4377.4,277.18,27.98,33.89,2.66,0.6,146.4,3.3,26.26,1.28,0.388,0.0,observed_and_verified_proxy
2024-10-01,2024,10,4,Kozhikode,North,11.25,75.78,Tuna,2895.68,7204.0,401.96,29.37,33.65,1.9,0.3,204.0,2.11,26.34,1.0,0.77,0.108,observed_and_verified_proxy
2024-11-01,2024,11,4,Kozhikode,North,11.25,75.78,Tuna,2722.45,7059.5,385.64,29.98,34.09,1.26,0.12,99.0,1.71,27.07,0.62,0.747,0.115,observed_and_verified_proxy
2024-12-01,2024,12,4,Kozhikode,North,11.25,75.78,Tuna,2729.41,7743.4,352.48,29.4,34.02,1.11,0.06,116.1,2.2,26.53,0.75,0.82,0.283,observed_and_verified_proxy
2024-01-01,2024,1,1,Ernakulam,Central,9.98,76.28,Tuna,1947.31,5431.8,358.5,29.48,34.28,1.01,0.05,53.7,1.89,27.57,0.72,0.605,0.0,observed_and_verified_proxy
2024-02-01,2024,2,1,Ernakulam,Central,9.98,76.28,Tuna,1937.6,4850.7,399.45,29.63,34.49,1.08,0.1,1.5,2.2,29.36,0.74,0.54,0.0,observed_and_verified_proxy
2024-03-01,2024,3,1,Ernakulam,Central,9.98,76.28,Tuna,1907.48,5073.4,375.98,30.3,34.4,1.39,0.2,23.1,2.81,30.79,0.88,0.563,0.0,observed_and_verified_proxy
2024-04-01,2024,4,2,Ernakulam,Central,9.98,76.28,Tuna,729.45,3288.8,221.8,31.41,34.22,1.86,0.35,67.8,2.79,30.94,0.96,0.273,0.0,observed_and_verified_proxy
2024-05-01,2024,5,2,Ernakulam,Central,9.98,76.28,Tuna,668.48,3525.1,189.64,31.14,32.22,3.3,0.65,546.6,3.68,29.17,1.37,0.282,0.0,observed_and_verified_proxy
2024-06-01,2024,6,2,Ernakulam,Central,9.98,76.28,Tuna,670.96,3250.3,206.43,28.94,33.0,3.91,0.95,359.7,3.27,27.53,1.96,0.261,0.0,observed_and_verified_proxy
2024-07-01,2024,7,3,Ernakulam,Central,9.98,76.28,Tuna,1014.8,3961.5,256.17,28.04,32.2,4.29,1.0,553.2,3.78,26.78,2.25,0.372,0.0,observed_and_verified_proxy
2024-08-01,2024,8,3,Ernakulam,Central,9.98,76.28,Tuna,1046.39,4315.3,242.49,27.02,33.26,3.69,0.9,298.5,3.79,26.52,1.82,0.409,0.0,observed_and_verified_proxy
2024-09-01,2024,9,3,Ernakulam,Central,9.98,76.28,Tuna,1027.93,4156.3,247.32,27.93,33.83,2.68,0.6,161.4,3.72,27.09,1.52,0.392,0.0,observed_and_verified_proxy
2024-10-01,2024,10,4,Ernakulam,Central,9.98,76.28,Tuna,2607.25,6856.5,380.26,29.18,33.45,1.96,0.3,253.2,2.35,27.0,1.25,0.806,0.202,observed_and_verified_proxy
2024-11-01,2024,11,4,Ernakulam,Central,9.98,76.28,Tuna,2528.02,6622.4,381.74,30.0,33.72,1.37,0.12,186.9,1.86,27.54,0.78,0.774,0.158,observed_and_verified_proxy
2024-12-01,2024,12,4,Ernakulam,Central,9.98,76.28,Tuna,2477.56,5935.4,417.42,29.36,33.91,1.14,0.06,140.4,2.46,27.23,0.94,0.692,0.0,observed_and_verified_proxy
2024-01-01,2024,1,1,Alappuzha,South,9.49,76.33,Tuna,1738.84,4422.4,393.19,29.38,34.4,0.97,0.05,24.3,4.04,26.21,0.8,0.545,0.0,observed_and_verified_proxy
2024-02-01,2024,2,1,Alappuzha,South,9.49,76.33,Tuna,1753.29,4756.0,368.65,29.48,34.48,1.08,0.1,3.9,4.08,28.13,0.85,0.587,0.0,observed_and_verified_proxy
2024-03-01,2024,3,1,Alappuzha,South,9.49,76.33,Tuna,1692.29,4940.7,342.52,30.21,34.37,1.4,0.2,30.3,2.56,30.17,0.97,0.605,0.026,observed_and_verified_proxy
2024-04-01,2024,4,2,Alappuzha,South,9.49,76.33,Tuna,642.33,2906.6,220.99,31.45,34.25,1.86,0.35,60.3,2.87,30.65,1.07,0.259,0.0,observed_and_verified_proxy
2024-05-01,2024,5,2,Alappuzha,South,9.49,76.33,Tuna,593.18,3167.2,187.29,30.65,32.71,3.16,0.65,429.9,4.52,28.9,1.59,0.273,0.0,observed_and_verified_proxy
2024-06-01,2024,6,2,Alappuzha,South,9.49,76.33,Tuna,635.9,2983.1,213.17,28.27,33.42,3.78,0.95,258.9,4.83,27.25,2.13,0.265,0.0,observed_and_verified_proxy
2024-07-01,2024,7,3,Alappuzha,South,9.49,76.33,Tuna,914.12,3352.5,272.67,27.32,33.68,3.85,1.0,197.7,5.06,26.55,2.33,0.344,0.0,observed_and_verified_proxy
2024-08-01,2024,8,3,Alappuzha,South,9.49,76.33,Tuna,947.31,3410.9,277.73,26.26,33.73,3.55,0.9,185.1,4.6,26.19,1.95,0.354,0.0,observed_and_verified_proxy
2024-09-01,2024,9,3,Alappuzha,South,9.49,76.33,Tuna,903.63,3374.5,267.78,27.4,33.98,2.63,0.6,123.6,5.0,26.86,1.7,0.345,0.0,observed_and_verified_proxy
2024-10-01,2024,10,4,Alappuzha,South,9.49,76.33,Tuna,2359.22,5986.4,394.1,29.29,33.37,1.98,0.3,270.9,3.29,26.83,1.4,0.784,0.143,observed_and_verified_proxy
2024-11-01,2024,11,4,Alappuzha,South,9.49,76.33,Tuna,2199.98,5945.8,370.01,29.64,33.79,1.35,0.12,171.3,2.57,26.97,0.93,0.769,0.177,observed_and_verified_proxy
2024-12-01,2024,12,4,Alappuzha,South,9.49,76.33,Tuna,2219.89,5401.0,411.02,29.31,34.2,1.06,0.06,72.0,3.16,26.84,1.03,0.7,0.0,observed_and_verified_proxy
2024-01-01,2024,1,1,Kollam,South,8.89,76.6,Tuna,1586.46,4573.3,346.9,29.38,34.4,0.97,0.05,24.3,4.04,26.21,0.8,0.591,0.0,observed_and_verified_proxy
2024-02-01,2024,2,1,Kollam,South,8.89,76.6,Tuna,1673.64,4594.5,364.27,29.48,34.48,1.08,0.1,3.9,4.08,28.13,0.85,0.602,0.0,observed_and_verified_proxy
2024-03-01,2024,3,1,Kollam,South,8.89,76.6,Tuna,1538.35,4437.7,346.65,30.21,34.37,1.4,0.2,30.3,2.56,30.17,0.97,0.57,0.0,observed_and_verified_proxy
2024-04-01,2024,4,2,Kollam,South,8.89,76.6,Tuna,564.33,2720.1,207.46,31.45,34.25,1.86,0.35,60.3,2.87,30.65,1.07,0.245,0.0,observed_and_verified_proxy
2024-05-01,2024,5,2,Kollam,South,8.89,76.6,Tuna,559.9,2685.1,208.52,30.65,32.71,3.16,0.65,429.9,4.52,28.9,1.59,0.241,0.0,observed_and_verified_proxy
2024-06-01,2024,6,2,Kollam,South,8.89,76.6,Tuna,582.69,2738.7,212.77,28.27,33.42,3.78,0.95,258.9,4.83,27.25,2.13,0.251,0.0,observed_and_verified_proxy
2024-07-01,2024,7,3,Kollam,South,8.89,76.6,Tuna,882.8,3298.3,267.65,27.32,33.68,3.85,1.0,197.7,5.06,26.55,2.33,0.358,0.0,observed_and_verified_proxy
2024-08-01,2024,8,3,Kollam,South,8.89,76.6,Tuna,891.26,3311.6,269.14,26.26,33.73,3.55,0.9,185.1,4.6,26.19,1.95,0.361,0.0,observed_and_verified_proxy
2024-09-01,2024,9,3,Kollam,South,8.89,76.6,Tuna,909.26,3225.7,281.88,27.4,33.98,2.63,0.6,123.6,5.0,26.86,1.7,0.354,0.0,observed_and_verified_proxy
2024-10-01,2024,10,4,Kollam,South,8.89,76.6,Tuna,2198.95,5622.8,391.08,29.29,33.37,1.98,0.3,270.9,3.29,26.83,1.4,0.779,0.144,observed_and_verified_proxy
2024-11-01,2024,11,4,Kollam,South,8.89,76.6,Tuna,2102.95,5624.7,373.88,29.64,33.79,1.35,0.12,171.3,2.57,26.97,0.93,0.773,0.174,observed_and_verified_proxy
2024-12-01,2024,12,4,Kollam,South,8.89,76.6,Tuna,2145.01,5158.3,415.83,29.31,34.2,1.06,0.06,72.0,3.16,26.84,1.03,0.711,0.001,observed_and_verified_proxy
2024-01-01,2024,1,1,Kannur,North,11.87,75.37,Tuna,1322.48,3582.4,369.16,29.58,34.2,1.03,0.05,72.0,2.06,26.55,0.62,0.563,0.0,observed_and_verified_proxy
2024-02-01,2024,2,1,Kannur,North,11.87,75.37,Tuna,1308.48,3358.2,389.64,29.75,34.5,1.08,0.1,0.3,2.54,28.29,0.62,0.526,0.0,observed_and_verified_proxy
2024-03-01,2024,3,1,Kannur,North,11.87,75.37,Tuna,1242.56,3234.0,384.21,30.1,34.48,1.37,0.2,4.5,2.75,29.62,0.74,0.499,0.0,observed_and_verified_proxy
2024-04-01,2024,4,2,Kannur,North,11.87,75.37,Tuna,465.7,1992.2,233.76,31.29,34.42,1.8,0.35,19.5,2.61,30.61,0.79,0.208,0.0,observed_and_verified_proxy
2024-05-01,2024,5,2,Kannur,North,11.87,75.37,Tuna,456.84,2321.8,196.76,31.32,33.32,2.97,0.65,282.9,3.08,28.56,1.1,0.24,0.0,observed_and_verified_proxy
2024-06-01,2024,6,2,Kannur,North,11.87,75.37,Tuna,466.58,2141.9,217.83,29.3,32.63,4.02,0.95,447.6,2.89,26.97,1.69,0.224,0.0,observed_and_verified_proxy
2024-07-01,2024,7,3,Kannur,North,11.87,75.37,Tuna,648.27,2472.6,262.18,28.05,31.44,4.52,1.0,734.7,3.62,25.92,2.08,0.302,0.0,observed_and_verified_proxy
2024-08-01,2024,8,3,Kannur,North,11.87,75.37,Tuna,712.72,2692.3,264.73,27.47,33.28,3.69,0.9,293.7,3.19,25.92,1.61,0.342,0.0,observed_and_verified_proxy
2024-09-01,2024,9,3,Kannur,North,11.87,75.37,Tuna,691.91,2719.2,254.45,27.98,33.89,2.66,0.6,146.4,3.3,26.26,1.28,0.342,0.0,observed_and_verified_proxy
2024-10-01,2024,10,4,Kannur,North,11.87,75.37,Tuna,1693.77,4105.7,412.54,29.37,33.65,1.9,0.3,204.0,2.11,26.34,1.0,0.686,0.0,observed_and_verified_proxy
2024-11-01,2024,11,4,Kannur,North,11.87,75.37,Tuna,1733.94,4284.4,404.71,29.98,34.09,1.26,0.12,99.0,1.71,27.07,0.62,0.72,0.036,observed_and_verified_proxy
2024-12-01,2024,12,4,Kannur,North,11.87,75.37,Tuna,1699.55,3996.0,425.31,29.4,34.02,1.11,0.06,116.1,2.2,26.53,0.75,0.668,0.0,observed_and_verified_proxy
2024-01-01,2024,1,1,Thiruvananthapuram,South,8.52,76.94,Tuna,1014.0,2909.7,348.49,29.38,34.4,0.97,0.05,24.3,4.04,26.21,0.8,0.516,0.0,observed_and_verified_proxy
2024-02-01,2024,2,1,Thiruvananthapuram,South,8.52,76.94,Tuna,1020.98,2669.8,382.42,29.48,34.48,1.08,0.1,3.9,4.08,28.13,0.85,0.474,0.0,observed_and_verified_proxy
2024-03-01,2024,3,1,Thiruvananthapuram,South,8.52,76.94,Tuna,1081.81,2768.6,390.73,30.21,34.37,1.4,0.2,30.3,2.56,30.17,0.97,0.501,0.0,observed_and_verified_proxy
2024-04-01,2024,4,2,Thiruvananthapuram,South,8.52,76.94,Tuna,364.42,1680.6,216.84,31.45,34.25,1.86,0.35,60.3,2.87,30.65,1.07,0.187,0.0,observed_and_verified_proxy
2024-05-01,2024,5,2,Thiruvananthapuram,South,8.52,76.94,Tuna,364.3,1640.0,222.14,30.65,32.71,3.16,0.65,429.9,4.52,28.9,1.59,0.183,0.0,observed_and_verified_proxy
2024-06-01,2024,6,2,Thiruvananthapuram,South,8.52,76.94,Tuna,363.03,1702.6,213.23,28.27,33.42,3.78,0.95,258.9,4.83,27.25,2.13,0.189,0.0,observed_and_verified_proxy
2024-07-01,2024,7,3,Thiruvananthapuram,South,8.52,76.94,Tuna,549.78,2301.2,238.91,27.32,33.68,3.85,1.0,197.7,5.06,26.55,2.33,0.319,0.0,observed_and_verified_proxy
2024-08-01,2024,8,3,Thiruvananthapuram,South,8.52,76.94,Tuna,530.87,2092.2,253.73,26.26,33.73,3.55,0.9,185.1,4.6,26.19,1.95,0.285,0.0,observed_and_verified_proxy
2024-09-01,2024,9,3,Thiruvananthapuram,South,8.52,76.94,Tuna,566.01,2005.6,282.21,27.4,33.98,2.63,0.6,123.6,5.0,26.86,1.7,0.282,0.0,observed_and_verified_proxy
2024-10-01,2024,10,4,Thiruvananthapuram,South,8.52,76.94,Tuna,1312.23,3337.0,393.24,29.29,33.37,1.98,0.3,270.9,3.29,26.83,1.4,0.639,0.0,observed_and_verified_proxy
2024-11-01,2024,11,4,Thiruvananthapuram,South,8.52,76.94,Tuna,1307.27,3611.2,362.01,29.64,33.79,1.35,0.12,171.3,2.57,26.97,0.93,0.691,0.094,observed_and_verified_proxy
2024-12-01,2024,12,4,Thiruvananthapuram,South,8.52,76.94,Tuna,1318.37,3499.3,376.75,29.31,34.2,1.06,0.06,72.0,3.16,26.84,1.03,0.671,0.035,observed_and_verified_proxy
2024-01-01,2024,1,1,Malappuram,North,11.07,76.07,Tuna,811.73,2285.0,355.24,29.58,34.2,1.03,0.05,72.0,2.06,26.55,0.62,0.481,0.0,observed_and_verified_proxy
2024-02-01,2024,2,1,Malappuram,North,11.07,76.07,Tuna,770.93,2238.0,344.48,29.75,34.5,1.08,0.1,0.3,2.54,28.29,0.62,0.462,0.0,observed_and_verified_proxy
2024-03-01,2024,3,1,Malappuram,North,11.07,76.07,Tuna,810.95,2245.3,361.17,30.1,34.48,1.37,0.2,4.5,2.75,29.62,0.74,0.472,0.0,observed_and_verified_proxy
2024-04-01,2024,4,2,Malappuram,North,11.07,76.07,Tuna,276.62,1278.3,216.4,31.29,34.42,1.8,0.35,19.5,2.61,30.61,0.79,0.155,0.0,observed_and_verified_proxy
2024-05-01,2024,5,2,Malappuram,North,11.07,76.07,Tuna,297.63,1419.7,209.64,31.32,33.32,2.97,0.65,282.9,3.08,28.56,1.1,0.18,0.0,observed_and_verified_proxy
2024-06-01,2024,6,2,Malappuram,North,11.07,76.07,Tuna,301.78,1352.1,223.19,29.3,32.63,4.02,0.95,447.6,2.89,26.97,1.69,0.173,0.0,observed_and_verified_proxy
2024-07-01,2024,7,3,Malappuram,North,11.07,76.07,Tuna,422.15,1577.6,267.58,28.05,31.44,4.52,1.0,734.7,3.62,25.92,2.08,0.246,0.0,observed_and_verified_proxy
2024-08-01,2024,8,3,Malappuram,North,11.07,76.07,Tuna,442.83,1698.6,260.71,27.47,33.28,3.69,0.9,293.7,3.19,25.92,1.61,0.271,0.0,observed_and_verified_proxy
2024-09-01,2024,9,3,Malappuram,North,11.07,76.07,Tuna,447.54,1749.0,255.88,27.98,33.89,2.66,0.6,146.4,3.3,26.26,1.28,0.281,0.0,observed_and_verified_proxy
2024-10-01,2024,10,4,Malappuram,North,11.07,76.07,Tuna,1032.34,2656.7,388.58,29.37,33.65,1.9,0.3,204.0,2.11,26.34,1.0,0.609,0.0,observed_and_verified_proxy
2024-11-01,2024,11,4,Malappuram,North,11.07,76.07,Tuna,1048.34,2466.6,425.02,29.98,34.09,1.26,0.12,99.0,1.71,27.07,0.62,0.568,0.0,observed_and_verified_proxy
2024-12-01,2024,12,4,Malappuram,North,11.07,76.07,Tuna,1013.11,2837.1,357.1,29.4,34.02,1.11,0.06,116.1,2.2,26.53,0.75,0.646,0.046,observed_and_verified_proxy
2024-01-01,2024,1,1,Thrissur,Central,10.52,76.21,Tuna,593.27,1429.3,415.08,29.48,34.28,1.01,0.05,53.7,1.89,27.57,0.72,0.369,0.0,observed_and_verified_proxy
2024-02-01,2024,2,1,Thrissur,Central,10.52,76.21,Tuna,601.87,1443.8,416.85,29.63,34.49,1.08,0.1,1.5,2.2,29.36,0.74,0.376,0.0,observed_and_verified_proxy
2024-03-01,2024,3,1,Thrissur,Central,10.52,76.21,Tuna,567.29,1487.6,381.33,30.3,34.4,1.39,0.2,23.1,2.81,30.79,0.88,0.377,0.0,observed_and_verified_proxy
2024-04-01,2024,4,2,Thrissur,Central,10.52,76.21,Tuna,202.22,996.7,202.89,31.41,34.22,1.86,0.35,67.8,2.79,30.94,0.96,0.137,0.0,observed_and_verified_proxy
2024-05-01,2024,5,2,Thrissur,Central,10.52,76.21,Tuna,216.83,991.4,218.72,31.14,32.22,3.3,0.65,546.6,3.68,29.17,1.37,0.143,0.0,observed_and_verified_proxy
2024-06-01,2024,6,2,Thrissur,Central,10.52,76.21,Tuna,204.07,942.2,216.58,28.94,33.0,3.91,0.95,359.7,3.27,27.53,1.96,0.13,0.0,observed_and_verified_proxy
2024-07-01,2024,7,3,Thrissur,Central,10.52,76.21,Tuna,309.86,1215.9,254.84,28.04,32.2,4.29,1.0,553.2,3.78,26.78,2.25,0.222,0.0,observed_and_verified_proxy
2024-08-01,2024,8,3,Thrissur,Central,10.52,76.21,Tuna,314.24,1115.2,281.79,27.02,33.26,3.69,0.9,298.5,3.79,26.52,1.82,0.205,0.0,observed_and_verified_proxy
2024-09-01,2024,9,3,Thrissur,Central,10.52,76.21,Tuna,322.83,1135.7,284.25,27.93,33.83,2.68,0.6,161.4,3.72,27.09,1.52,0.212,0.0,observed_and_verified_proxy
2024-10-01,2024,10,4,Thrissur,Central,10.52,76.21,Tuna,788.84,1896.5,415.95,29.18,33.45,1.96,0.3,253.2,2.35,27.0,1.25,0.553,0.0,observed_and_verified_proxy
2024-11-01,2024,11,4,Thrissur,Central,10.52,76.21,Tuna,778.51,1829.8,425.47,30.0,33.72,1.37,0.12,186.9,1.86,27.54,0.78,0.531,0.0,observed_and_verified_proxy
2024-12-01,2024,12,4,Thrissur,Central,10.52,76.21,Tuna,785.2,1983.6,395.84,29.36,33.91,1.14,0.06,140.4,2.46,27.23,0.94,0.577,0.0,observed_and_verified_proxy
2024-01-01,2024,1,1,Kasaragod,North,12.5,74.99,Tuna,360.24,856.8,420.42,29.58,34.2,1.03,0.05,72.0,2.06,26.55,0.62,0.285,0.0,observed_and_verified_proxy
2024-02-01,2024,2,1,Kasaragod,North,12.5,74.99,Tuna,359.76,866.5,415.17,29.75,34.5,1.08,0.1,0.3,2.54,28.29,0.62,0.288,0.0,observed_and_verified_proxy
2024-03-01,2024,3,1,Kasaragod,North,12.5,74.99,Tuna,332.42,964.3,344.73,30.1,34.48,1.37,0.2,4.5,2.75,29.62,0.74,0.306,0.0,observed_and_verified_proxy
2024-04-01,2024,4,2,Kasaragod,North,12.5,74.99,Tuna,122.77,560.1,219.19,31.29,34.42,1.8,0.35,19.5,2.61,30.61,0.79,0.088,0.0,observed_and_verified_proxy
2024-05-01,2024,5,2,Kasaragod,North,12.5,74.99,Tuna,118.83,616.8,192.66,31.32,33.32,2.97,0.65,282.9,3.08,28.56,1.1,0.094,0.0,observed_and_verified_proxy
2024-06-01,2024,6,2,Kasaragod,North,12.5,74.99,Tuna,125.66,541.8,231.93,29.3,32.63,4.02,0.95,447.6,2.89,26.97,1.69,0.086,0.0,observed_and_verified_proxy
2024-07-01,2024,7,3,Kasaragod,North,12.5,74.99,Tuna,186.52,740.4,251.9,28.05,31.44,4.52,1.0,734.7,3.62,25.92,2.08,0.16,0.0,observed_and_verified_proxy
2024-08-01,2024,8,3,Kasaragod,North,12.5,74.99,Tuna,187.77,682.8,274.99,27.47,33.28,3.69,0.9,293.7,3.19,25.92,1.61,0.148,0.0,observed_and_verified_proxy
2024-09-01,2024,9,3,Kasaragod,North,12.5,74.99,Tuna,191.72,716.9,267.42,27.98,33.89,2.66,0.6,146.4,3.3,26.26,1.28,0.158,0.0,observed_and_verified_proxy
2024-10-01,2024,10,4,Kasaragod,North,12.5,74.99,Tuna,456.5,1203.4,379.35,29.37,33.65,1.9,0.3,204.0,2.11,26.34,1.0,0.456,0.0,observed_and_verified_proxy
2024-11-01,2024,11,4,Kasaragod,North,12.5,74.99,Tuna,460.41,1053.7,436.95,29.98,34.09,1.26,0.12,99.0,1.71,27.07,0.62,0.401,0.0,observed_and_verified_proxy
2024-12-01,2024,12,4,Kasaragod,North,12.5,74.99,Tuna,459.13,1097.2,418.47,29.4,34.02,1.11,0.06,116.1,2.2,26.53,0.75,0.417,0.0,observed_and_verified_proxy
2025-01-01,2025,1,1,Kozhikode,North,11.25,75.78,Tuna,2268.52,5986.0,378.97,28.14,34.46,0.95,0.05,10.5,1.97,26.95,1.0,0.615,0.0,observed_and_verified_proxy
2025-02-01,2025,2,1,Kozhikode,North,11.25,75.78,Tuna,2266.27,5939.8,381.54,28.86,34.5,1.08,0.1,0.3,2.37,28.71,1.0,0.61,0.0,observed_and_verified_proxy
2025-03-01,2025,3,1,Kozhikode,North,11.25,75.78,Tuna,2296.35,5453.9,421.05,29.49,34.2,1.45,0.2,71.7,2.35,29.11,1.0,0.561,0.0,observed_and_verified_proxy
2025-04-01,2025,4,2,Kozhikode,North,11.25,75.78,Tuna,809.65,3788.0,213.74,29.85,34.02,1.92,0.35,114.9,2.43,28.73,1.05,0.293,0.0,observed_and_verified_proxy
2025-05-01,2025,5,2,Kozhikode,North,11.25,75.78,Tuna,777.66,3948.9,196.93,29.77,32.37,3.26,0.65,512.1,4.18,28.34,1.36,0.301,0.0,observed_and_verified_proxy
2025-06-01,2025,6,2,Kozhikode,North,11.25,75.78,Tuna,816.92,3685.1,221.68,28.91,32.48,4.07,0.95,485.4,4.03,26.95,2.21,0.286,0.0,observed_and_verified_proxy
2025-07-01,2025,7,3,Kozhikode,North,11.25,75.78,Tuna,1168.93,4725.0,247.39,27.27,32.39,4.23,1.0,506.1,4.15,25.84,2.8,0.415,0.0,observed_and_verified_proxy
2025-08-01,2025,8,3,Kozhikode,North,11.25,75.78,Tuna,1149.03,4161.1,276.14,26.55,33.25,3.7,0.9,300.9,3.83,25.37,2.21,0.363,0.0,observed_and_verified_proxy
2025-09-01,2025,9,3,Kozhikode,North,11.25,75.78,Tuna,1162.84,4640.5,250.59,26.93,33.95,2.65,0.6,132.9,3.58,25.96,1.36,0.407,0.0,observed_and_verified_proxy
2025-10-01,2025,10,4,Kozhikode,North,11.25,75.78,Tuna,3030.01,7110.6,426.12,27.07,33.28,2.01,0.3,292.8,2.72,26.71,1.05,0.765,0.047,observed_and_verified_proxy
2025-11-01,2025,11,4,Kozhikode,North,11.25,75.78,Tuna,2999.54,7645.6,392.32,27.14,34.28,1.2,0.12,53.1,2.37,26.3,1.0,0.821,0.196,observed_and_verified_proxy
2025-12-01,2025,12,4,Kozhikode,North,11.25,75.78,Tuna,2815.8,7230.8,389.42,27.51,34.41,1.0,0.06,21.9,2.04,25.7,1.0,0.769,0.135,observed_and_verified_proxy
2025-01-01,2025,1,1,Ernakulam,Central,9.98,76.28,Tuna,1913.56,5123.1,373.52,28.14,34.46,0.95,0.05,10.5,1.96,27.7,1.0,0.569,0.0,observed_and_verified_proxy
2025-02-01,2025,2,1,Ernakulam,Central,9.98,76.28,Tuna,1981.61,4825.7,410.63,28.86,34.5,1.08,0.1,0.9,1.9,29.53,1.0,0.54,0.0,observed_and_verified_proxy
2025-03-01,2025,3,1,Ernakulam,Central,9.98,76.28,Tuna,2019.46,5504.9,366.85,29.49,34.02,1.5,0.2,115.5,2.29,29.7,1.0,0.618,0.0,observed_and_verified_proxy
2025-04-01,2025,4,2,Ernakulam,Central,9.98,76.28,Tuna,736.36,3088.3,238.44,29.85,33.63,2.04,0.35,208.8,2.61,28.86,1.05,0.258,0.0,observed_and_verified_proxy
2025-05-01,2025,5,2,Ernakulam,Central,9.98,76.28,Tuna,742.09,3301.6,224.77,29.77,32.56,3.2,0.65,464.4,4.71,29.13,1.36,0.276,0.0,observed_and_verified_proxy
2025-06-01,2025,6,2,Ernakulam,Central,9.98,76.28,Tuna,695.01,3402.8,204.25,28.91,32.18,4.15,0.95,555.9,4.58,27.74,2.21,0.277,0.0,observed_and_verified_proxy
2025-07-01,2025,7,3,Ernakulam,Central,9.98,76.28,Tuna,1061.92,4028.7,263.59,27.27,32.55,4.19,1.0,468.6,4.66,26.75,2.8,0.384,0.0,observed_and_verified_proxy
2025-08-01,2025,8,3,Ernakulam,Central,9.98,76.28,Tuna,1068.88,4319.3,247.46,26.55,33.3,3.68,0.9,288.6,4.13,26.27,2.21,0.412,0.0,observed_and_verified_proxy
2025-09-01,2025,9,3,Ernakulam,Central,9.98,76.28,Tuna,1088.97,3874.6,281.05,26.93,33.59,2.75,0.6,217.2,3.99,26.88,1.36,0.372,0.0,observed_and_verified_proxy
2025-10-01,2025,10,4,Ernakulam,Central,9.98,76.28,Tuna,2501.39,6768.7,369.55,27.07,33.16,2.04,0.3,322.5,3.23,27.53,1.05,0.79,0.206,observed_and_verified_proxy
2025-11-01,2025,11,4,Ernakulam,Central,9.98,76.28,Tuna,2553.77,6215.8,410.85,27.14,33.92,1.31,0.12,139.2,2.76,27.13,1.0,0.728,0.033,observed_and_verified_proxy
2025-12-01,2025,12,4,Ernakulam,Central,9.98,76.28,Tuna,2489.59,6551.0,380.03,27.51,34.42,0.99,0.06,18.9,2.07,26.42,1.0,0.764,0.149,observed_and_verified_proxy
2025-01-01,2025,1,1,Alappuzha,South,9.49,76.33,Tuna,1717.99,4426.2,388.14,28.14,34.38,0.97,0.05,27.6,4.12,26.48,1.0,0.544,0.0,observed_and_verified_proxy
2025-02-01,2025,2,1,Alappuzha,South,9.49,76.33,Tuna,1838.51,4274.4,430.12,28.86,34.48,1.09,0.1,5.7,2.97,28.16,1.0,0.533,0.0,observed_and_verified_proxy
2025-03-01,2025,3,1,Alappuzha,South,9.49,76.33,Tuna,1720.78,4689.1,366.98,29.49,34.05,1.49,0.2,106.8,2.58,29.2,1.0,0.577,0.0,observed_and_verified_proxy
2025-04-01,2025,4,2,Alappuzha,South,9.49,76.33,Tuna,623.76,2861.8,217.96,29.85,33.74,2.01,0.35,181.2,3.13,28.63,1.05,0.252,0.0,observed_and_verified_proxy
2025-05-01,2025,5,2,Alappuzha,South,9.49,76.33,Tuna,612.77,2810.6,218.02,29.77,33.19,3.01,0.65,315.3,5.28,28.78,1.36,0.246,0.0,observed_and_verified_proxy
2025-06-01,2025,6,2,Alappuzha,South,9.49,76.33,Tuna,640.71,3045.4,210.39,28.91,33.32,3.81,0.95,283.8,5.34,27.3,2.21,0.272,0.0,observed_and_verified_proxy
2025-07-01,2025,7,3,Alappuzha,South,9.49,76.33,Tuna,943.09,3670.6,256.93,27.27,33.74,3.83,1.0,181.5,6.01,26.55,2.8,0.381,0.0,observed_and_verified_proxy
2025-08-01,2025,8,3,Alappuzha,South,9.49,76.33,Tuna,910.02,3305.2,275.33,26.55,34.03,3.46,0.9,113.7,5.08,25.98,2.21,0.339,0.0,observed_and_verified_proxy
2025-09-01,2025,9,3,Alappuzha,South,9.49,76.33,Tuna,933.37,3594.9,259.64,26.93,33.79,2.69,0.6,169.8,4.95,26.66,1.36,0.372,0.0,observed_and_verified_proxy
2025-10-01,2025,10,4,Alappuzha,South,9.49,76.33,Tuna,2346.08,5740.3,408.7,27.07,33.31,2.0,0.3,286.2,3.68,27.12,1.05,0.751,0.068,observed_and_verified_proxy
2025-11-01,2025,11,4,Alappuzha,South,9.49,76.33,Tuna,2353.78,5699.1,413.01,27.14,33.56,1.42,0.12,224.7,3.28,26.58,1.0,0.746,0.052,observed_and_verified_proxy
2025-12-01,2025,12,4,Alappuzha,South,9.49,76.33,Tuna,2264.51,5961.3,379.87,27.51,34.48,0.97,0.06,5.4,3.49,25.33,1.0,0.775,0.163,observed_and_verified_proxy
2025-01-01,2025,1,1,Kollam,South,8.89,76.6,Tuna,1615.76,4202.7,384.46,28.14,34.38,0.97,0.05,27.6,4.12,26.48,1.0,0.546,0.0,observed_and_verified_proxy
2025-02-01,2025,2,1,Kollam,South,8.89,76.6,Tuna,1571.22,4121.0,381.27,28.86,34.48,1.09,0.1,5.7,2.97,28.16,1.0,0.532,0.0,observed_and_verified_proxy
2025-03-01,2025,3,1,Kollam,South,8.89,76.6,Tuna,1708.5,4439.6,384.83,29.49,34.05,1.49,0.2,106.8,2.58,29.2,1.0,0.584,0.0,observed_and_verified_proxy
2025-04-01,2025,4,2,Kollam,South,8.89,76.6,Tuna,571.73,2726.1,209.73,29.85,33.74,2.01,0.35,181.2,3.13,28.63,1.05,0.247,0.0,observed_and_verified_proxy
2025-05-01,2025,5,2,Kollam,South,8.89,76.6,Tuna,563.03,2733.5,205.98,29.77,33.19,3.01,0.65,315.3,5.28,28.78,1.36,0.246,0.0,observed_and_verified_proxy
2025-06-01,2025,6,2,Kollam,South,8.89,76.6,Tuna,600.52,2583.1,232.48,28.91,33.32,3.81,0.95,283.8,5.34,27.3,2.21,0.24,0.0,observed_and_verified_proxy
2025-07-01,2025,7,3,Kollam,South,8.89,76.6,Tuna,908.02,3141.1,289.08,27.27,33.74,3.83,1.0,181.5,6.01,26.55,2.8,0.345,0.0,observed_and_verified_proxy
2025-08-01,2025,8,3,Kollam,South,8.89,76.6,Tuna,839.74,3303.6,254.19,26.55,34.03,3.46,0.9,113.7,5.08,25.98,2.21,0.352,0.0,observed_and_verified_proxy
2025-09-01,2025,9,3,Kollam,South,8.89,76.6,Tuna,839.81,3521.5,238.48,26.93,33.79,2.69,0.6,169.8,4.95,26.66,1.36,0.375,0.0,observed_and_verified_proxy
2025-10-01,2025,10,4,Kollam,South,8.89,76.6,Tuna,2072.9,5514.2,375.92,27.07,33.31,2.0,0.3,286.2,3.68,27.12,1.05,0.756,0.147,observed_and_verified_proxy
2025-11-01,2025,11,4,Kollam,South,8.89,76.6,Tuna,2096.44,5471.8,383.14,27.14,33.56,1.42,0.12,224.7,3.28,26.58,1.0,0.751,0.125,observed_and_verified_proxy
2025-12-01,2025,12,4,Kollam,South,8.89,76.6,Tuna,2048.81,5471.0,374.49,27.51,34.48,0.97,0.06,5.4,3.49,25.33,1.0,0.748,0.14,observed_and_verified_proxy
2025-01-01,2025,1,1,Kannur,North,11.87,75.37,Tuna,1274.63,3289.0,387.54,28.14,34.46,0.95,0.05,10.5,1.97,26.95,1.0,0.511,0.0,observed_and_verified_proxy
2025-02-01,2025,2,1,Kannur,North,11.87,75.37,Tuna,1312.15,3451.7,380.14,28.86,34.5,1.08,0.1,0.3,2.37,28.71,1.0,0.541,0.0,observed_and_verified_proxy
2025-03-01,2025,3,1,Kannur,North,11.87,75.37,Tuna,1234.79,3373.3,366.05,29.49,34.2,1.45,0.2,71.7,2.35,29.11,1.0,0.52,0.0,observed_and_verified_proxy
2025-04-01,2025,4,2,Kannur,North,11.87,75.37,Tuna,484.89,2060.4,235.33,29.85,34.02,1.92,0.35,114.9,2.43,28.73,1.05,0.22,0.0,observed_and_verified_proxy
2025-05-01,2025,5,2,Kannur,North,11.87,75.37,Tuna,457.04,2203.8,207.38,29.77,32.37,3.26,0.65,512.1,4.18,28.34,1.36,0.228,0.0,observed_and_verified_proxy
2025-06-01,2025,6,2,Kannur,North,11.87,75.37,Tuna,478.36,2034.0,235.19,28.91,32.48,4.07,0.95,485.4,4.03,26.95,2.21,0.215,0.0,observed_and_verified_proxy
2025-07-01,2025,7,3,Kannur,North,11.87,75.37,Tuna,713.42,2817.5,253.21,27.27,32.39,4.23,1.0,506.1,4.15,25.84,2.8,0.359,0.0,observed_and_verified_proxy
2025-08-01,2025,8,3,Kannur,North,11.87,75.37,Tuna,660.65,2537.1,260.4,26.55,33.25,3.7,0.9,300.9,3.83,25.37,2.21,0.313,0.0,observed_and_verified_proxy
2025-09-01,2025,9,3,Kannur,North,11.87,75.37,Tuna,697.74,2646.8,263.62,26.93,33.95,2.65,0.6,132.9,3.58,25.96,1.36,0.334,0.0,observed_and_verified_proxy
2025-10-01,2025,10,4,Kannur,North,11.87,75.37,Tuna,1714.94,4480.5,382.75,27.07,33.28,2.01,0.3,292.8,2.72,26.71,1.05,0.751,0.126,observed_and_verified_proxy
2025-11-01,2025,11,4,Kannur,North,11.87,75.37,Tuna,1692.86,4349.3,389.23,27.14,34.28,1.2,0.12,53.1,2.37,26.3,1.0,0.727,0.08,observed_and_verified_proxy
2025-12-01,2025,12,4,Kannur,North,11.87,75.37,Tuna,1651.27,4231.0,390.28,27.51,34.41,1.0,0.06,21.9,2.04,25.7,1.0,0.703,0.047,observed_and_verified_proxy
2025-01-01,2025,1,1,Thiruvananthapuram,South,8.52,76.94,Tuna,1026.84,2598.8,395.12,28.14,34.38,0.97,0.05,27.6,4.12,26.48,1.0,0.462,0.0,observed_and_verified_proxy
2025-02-01,2025,2,1,Thiruvananthapuram,South,8.52,76.94,Tuna,1078.91,2771.9,389.23,28.86,34.48,1.09,0.1,5.7,2.97,28.16,1.0,0.501,0.0,observed_and_verified_proxy
2025-03-01,2025,3,1,Thiruvananthapuram,South,8.52,76.94,Tuna,1030.7,2686.6,383.64,29.49,34.05,1.49,0.2,106.8,2.58,29.2,1.0,0.479,0.0,observed_and_verified_proxy
2025-04-01,2025,4,2,Thiruvananthapuram,South,8.52,76.94,Tuna,360.25,1769.2,203.62,29.85,33.74,2.01,0.35,181.2,3.13,28.63,1.05,0.196,0.0,observed_and_verified_proxy
2025-05-01,2025,5,2,Thiruvananthapuram,South,8.52,76.94,Tuna,373.83,1832.9,203.96,29.77,33.19,3.01,0.65,315.3,5.28,28.78,1.36,0.207,0.0,observed_and_verified_proxy
2025-06-01,2025,6,2,Thiruvananthapuram,South,8.52,76.94,Tuna,381.74,1801.4,211.92,28.91,33.32,3.81,0.95,283.8,5.34,27.3,2.21,0.206,0.0,observed_and_verified_proxy
2025-07-01,2025,7,3,Thiruvananthapuram,South,8.52,76.94,Tuna,591.63,2056.3,287.72,27.27,33.74,3.83,1.0,181.5,6.01,26.55,2.8,0.295,0.0,observed_and_verified_proxy
2025-08-01,2025,8,3,Thiruvananthapuram,South,8.52,76.94,Tuna,588.81,1997.5,294.78,26.55,34.03,3.46,0.9,113.7,5.08,25.98,2.21,0.286,0.0,observed_and_verified_proxy
2025-09-01,2025,9,3,Thiruvananthapuram,South,8.52,76.94,Tuna,550.36,2266.8,242.8,26.93,33.79,2.69,0.6,169.8,4.95,26.66,1.36,0.314,0.0,observed_and_verified_proxy
2025-10-01,2025,10,4,Thiruvananthapuram,South,8.52,76.94,Tuna,1365.96,3486.4,391.79,27.07,33.31,2.0,0.3,286.2,3.68,27.12,1.05,0.675,0.007,observed_and_verified_proxy
2025-11-01,2025,11,4,Thiruvananthapuram,South,8.52,76.94,Tuna,1385.33,3455.3,400.92,27.14,33.56,1.42,0.12,224.7,3.28,26.58,1.0,0.672,0.0,observed_and_verified_proxy
2025-12-01,2025,12,4,Thiruvananthapuram,South,8.52,76.94,Tuna,1366.2,3168.3,431.2,27.51,34.48,0.97,0.06,5.4,3.49,25.33,1.0,0.614,0.0,observed_and_verified_proxy
2025-01-01,2025,1,1,Malappuram,North,11.07,76.07,Tuna,789.54,2316.5,340.83,28.14,34.46,0.95,0.05,10.5,1.97,26.95,1.0,0.482,0.0,observed_and_verified_proxy
2025-02-01,2025,2,1,Malappuram,North,11.07,76.07,Tuna,784.59,2262.6,346.76,28.86,34.5,1.08,0.1,0.3,2.37,28.71,1.0,0.47,0.0,observed_and_verified_proxy
2025-03-01,2025,3,1,Malappuram,North,11.07,76.07,Tuna,807.41,2061.5,391.66,29.49,34.2,1.45,0.2,71.7,2.35,29.11,1.0,0.433,0.0,observed_and_verified_proxy
2025-04-01,2025,4,2,Malappuram,North,11.07,76.07,Tuna,293.0,1416.8,206.81,29.85,34.02,1.92,0.35,114.9,2.43,28.73,1.05,0.178,0.0,observed_and_verified_proxy
2025-05-01,2025,5,2,Malappuram,North,11.07,76.07,Tuna,298.47,1463.1,204.0,29.77,32.37,3.26,0.65,512.1,4.18,28.34,1.36,0.186,0.0,observed_and_verified_proxy
2025-06-01,2025,6,2,Malappuram,North,11.07,76.07,Tuna,289.66,1285.3,225.36,28.91,32.48,4.07,0.95,485.4,4.03,26.95,2.21,0.16,0.0,observed_and_verified_proxy
2025-07-01,2025,7,3,Malappuram,North,11.07,76.07,Tuna,420.45,1561.1,269.33,27.27,32.39,4.23,1.0,506.1,4.15,25.84,2.8,0.243,0.0,observed_and_verified_proxy
2025-08-01,2025,8,3,Malappuram,North,11.07,76.07,Tuna,446.29,1631.8,273.5,26.55,33.25,3.7,0.9,300.9,3.83,25.37,2.21,0.262,0.0,observed_and_verified_proxy
2025-09-01,2025,9,3,Malappuram,North,11.07,76.07,Tuna,433.91,1667.6,260.2,26.93,33.95,2.65,0.6,132.9,3.58,25.96,1.36,0.264,0.0,observed_and_verified_proxy
2025-10-01,2025,10,4,Malappuram,North,11.07,76.07,Tuna,1029.91,2508.2,410.62,27.07,33.28,2.01,0.3,292.8,2.72,26.71,1.05,0.574,0.0,observed_and_verified_proxy
2025-11-01,2025,11,4,Malappuram,North,11.07,76.07,Tuna,1071.08,2828.3,378.7,27.14,34.28,1.2,0.12,53.1,2.37,26.3,1.0,0.656,0.011,observed_and_verified_proxy
2025-12-01,2025,12,4,Malappuram,North,11.07,76.07,Tuna,1041.57,2783.7,374.16,27.51,34.41,1.0,0.06,21.9,2.04,25.7,1.0,0.64,0.0,observed_and_verified_proxy
2025-01-01,2025,1,1,Thrissur,Central,10.52,76.21,Tuna,604.53,1502.2,402.44,28.14,34.46,0.95,0.05,10.5,1.96,27.7,1.0,0.392,0.0,observed_and_verified_proxy
2025-02-01,2025,2,1,Thrissur,Central,10.52,76.21,Tuna,610.6,1574.5,387.8,28.86,34.5,1.08,0.1,0.9,1.9,29.53,1.0,0.412,0.0,observed_and_verified_proxy
2025-03-01,2025,3,1,Thrissur,Central,10.52,76.21,Tuna,583.18,1536.6,379.53,29.49,34.02,1.5,0.2,115.5,2.29,29.7,1.0,0.394,0.0,observed_and_verified_proxy
2025-04-01,2025,4,2,Thrissur,Central,10.52,76.21,Tuna,212.28,955.6,222.16,29.85,33.63,2.04,0.35,208.8,2.61,28.86,1.05,0.136,0.0,observed_and_verified_proxy
2025-05-01,2025,5,2,Thrissur,Central,10.52,76.21,Tuna,217.75,1052.4,206.91,29.77,32.56,3.2,0.65,464.4,4.71,29.13,1.36,0.152,0.0,observed_and_verified_proxy
2025-06-01,2025,6,2,Thrissur,Central,10.52,76.21,Tuna,210.95,922.5,228.67,28.91,32.18,4.15,0.95,555.9,4.58,27.74,2.21,0.13,0.0,observed_and_verified_proxy
2025-07-01,2025,7,3,Thrissur,Central,10.52,76.21,Tuna,314.79,1282.8,245.39,27.27,32.55,4.19,1.0,468.6,4.66,26.75,2.8,0.236,0.0,observed_and_verified_proxy
2025-08-01,2025,8,3,Thrissur,Central,10.52,76.21,Tuna,302.42,1277.3,236.77,26.55,33.3,3.68,0.9,288.6,4.13,26.27,2.21,0.229,0.0,observed_and_verified_proxy
2025-09-01,2025,9,3,Thrissur,Central,10.52,76.21,Tuna,321.64,1114.2,288.67,26.93,33.59,2.75,0.6,217.2,3.99,26.88,1.36,0.208,0.0,observed_and_verified_proxy
2025-10-01,2025,10,4,Thrissur,Central,10.52,76.21,Tuna,744.71,1852.5,402.0,27.07,33.16,2.04,0.3,322.5,3.23,27.53,1.05,0.528,0.0,observed_and_verified_proxy
2025-11-01,2025,11,4,Thrissur,Central,10.52,76.21,Tuna,795.75,2035.3,390.98,27.14,33.92,1.31,0.12,139.2,2.76,27.13,1.0,0.595,0.0,observed_and_verified_proxy
2025-12-01,2025,12,4,Thrissur,Central,10.52,76.21,Tuna,792.64,2014.0,393.56,27.51,34.42,0.99,0.06,18.9,2.07,26.42,1.0,0.588,0.0,observed_and_verified_proxy
2025-01-01,2025,1,1,Kasaragod,North,12.5,74.99,Tuna,362.11,884.2,409.52,28.14,34.46,0.95,0.05,10.5,1.97,26.95,1.0,0.295,0.0,observed_and_verified_proxy
2025-02-01,2025,2,1,Kasaragod,North,12.5,74.99,Tuna,366.25,930.6,393.59,28.86,34.5,1.08,0.1,0.3,2.37,28.71,1.0,0.312,0.0,observed_and_verified_proxy
2025-03-01,2025,3,1,Kasaragod,North,12.5,74.99,Tuna,360.42,989.6,364.22,29.49,34.2,1.45,0.2,71.7,2.35,29.11,1.0,0.329,0.0,observed_and_verified_proxy
2025-04-01,2025,4,2,Kasaragod,North,12.5,74.99,Tuna,129.47,621.3,208.37,29.85,34.02,1.92,0.35,114.9,2.43,28.73,1.05,0.101,0.0,observed_and_verified_proxy
2025-05-01,2025,5,2,Kasaragod,North,12.5,74.99,Tuna,125.35,552.7,226.77,29.77,32.37,3.26,0.65,512.1,4.18,28.34,1.36,0.088,0.0,observed_and_verified_proxy
2025-06-01,2025,6,2,Kasaragod,North,12.5,74.99,Tuna,131.7,628.0,209.71,28.91,32.48,4.07,0.95,485.4,4.03,26.95,2.21,0.104,0.0,observed_and_verified_proxy
2025-07-01,2025,7,3,Kasaragod,North,12.5,74.99,Tuna,186.04,750.1,248.01,27.27,32.39,4.23,1.0,506.1,4.15,25.84,2.8,0.161,0.0,observed_and_verified_proxy
2025-08-01,2025,8,3,Kasaragod,North,12.5,74.99,Tuna,195.75,741.2,264.11,26.55,33.25,3.7,0.9,300.9,3.83,25.37,2.21,0.166,0.0,observed_and_verified_proxy
2025-09-01,2025,9,3,Kasaragod,North,12.5,74.99,Tuna,182.76,695.5,262.77,26.93,33.95,2.65,0.6,132.9,3.58,25.96,1.36,0.148,0.0,observed_and_verified_proxy
2025-10-01,2025,10,4,Kasaragod,North,12.5,74.99,Tuna,474.75,1107.1,428.84,27.07,33.28,2.01,0.3,292.8,2.72,26.71,1.05,0.428,0.0,observed_and_verified_proxy
2025-11-01,2025,11,4,Kasaragod,North,12.5,74.99,Tuna,451.05,1087.8,414.63,27.14,34.28,1.2,0.12,53.1,2.37,26.3,1.0,0.409,0.0,observed_and_verified_proxy
2025-12-01,2025,12,4,Kasaragod,North,12.5,74.99,Tuna,481.31,1169.4,411.6,27.51,34.41,1.0,0.06,21.9,2.04,25.7,1.0,0.455,0.0,observed_and_verified_proxy
