date,year,month,district,species,scientific_name,catch_kg,fishing_effort_trips,cpue_kg_trip
2012-01-01,2012,1,Thiruvananthapuram,Oil Sardine,Sardinella longiceps,2499281.0,2335,1070.36
2012-01-01,2012,1,Thiruvananthapuram,Indian Mackerel,Rastrelliger kanagurta,986372.8,2335,422.43
2012-01-01,2012,1,Thiruvananthapuram,Seer Fish,Scomberomorus commerson,186554.7,2335,79.89
2012-01-01,2012,1,Thiruvananthapuram,Coastal Tuna,Euthynnus affinis,334778.2,2335,143.37
2012-01-01,2012,1,Kollam,Oil Sardine,Sardinella longiceps,5092718.1,2455,2074.43
2012-01-01,2012,1,Kollam,Indian Mackerel,Rastrelliger kanagurta,2646336.7,2455,1077.94
2012-01-01,2012,1,Kollam,Seer Fish,Scomberomorus commerson,531590.1,2455,216.53
2012-01-01,2012,1,Kollam,Coastal Tuna,Euthynnus affinis,675751.6,2455,275.26
2012-01-01,2012,1,Alappuzha,Oil Sardine,Sardinella longiceps,3273775.9,2103,1556.72
2012-01-01,2012,1,Alappuzha,Indian Mackerel,Rastrelliger kanagurta,1548875.8,2103,736.51
2012-01-01,2012,1,Alappuzha,Seer Fish,Scomberomorus commerson,300534.6,2103,142.91
2012-01-01,2012,1,Alappuzha,Coastal Tuna,Euthynnus affinis,371711.5,2103,176.75
2012-01-01,2012,1,Ernakulam,Oil Sardine,Sardinella longiceps,5975330.4,2858,2090.74
2012-01-01,2012,1,Ernakulam,Indian Mackerel,Rastrelliger kanagurta,2327177.6,2858,814.27
2012-01-01,2012,1,Ernakulam,Seer Fish,Scomberomorus commerson,611997.5,2858,214.13
2012-01-01,2012,1,Ernakulam,Coastal Tuna,Euthynnus affinis,786592.3,2858,275.22
2012-01-01,2012,1,Thrissur,Oil Sardine,Sardinella longiceps,644414.9,1302,494.94
2012-01-01,2012,1,Thrissur,Indian Mackerel,Rastrelliger kanagurta,224173.5,1302,172.18
2012-01-01,2012,1,Thrissur,Seer Fish,Scomberomorus commerson,51521.8,1302,39.57
2012-01-01,2012,1,Thrissur,Coastal Tuna,Euthynnus affinis,76905.5,1302,59.07
2012-01-01,2012,1,Malappuram,Oil Sardine,Sardinella longiceps,1830119.0,2058,889.27
2012-01-01,2012,1,Malappuram,Indian Mackerel,Rastrelliger kanagurta,928200.1,2058,451.02
2012-01-01,2012,1,Malappuram,Seer Fish,Scomberomorus commerson,188579.7,2058,91.63
2012-01-01,2012,1,Malappuram,Coastal Tuna,Euthynnus affinis,187676.7,2058,91.19
2012-01-01,2012,1,Kozhikode,Oil Sardine,Sardinella longiceps,6029910.1,3003,2007.96
2012-01-01,2012,1,Kozhikode,Indian Mackerel,Rastrelliger kanagurta,2852337.0,3003,949.83
2012-01-01,2012,1,Kozhikode,Seer Fish,Scomberomorus commerson,731364.0,3003,243.54
2012-01-01,2012,1,Kozhikode,Coastal Tuna,Euthynnus affinis,937195.6,3003,312.09
2012-01-01,2012,1,Kannur,Oil Sardine,Sardinella longiceps,2199713.3,1871,1175.69
2012-01-01,2012,1,Kannur,Indian Mackerel,Rastrelliger kanagurta,808385.0,1871,432.06
2012-01-01,2012,1,Kannur,Seer Fish,Scomberomorus commerson,228636.4,1871,122.2
2012-01-01,2012,1,Kannur,Coastal Tuna,Euthynnus affinis,278046.5,1871,148.61
2012-01-01,2012,1,Kasaragod,Oil Sardine,Sardinella longiceps,912172.7,1398,652.48
2012-01-01,2012,1,Kasaragod,Indian Mackerel,Rastrelliger kanagurta,434407.9,1398,310.74
2012-01-01,2012,1,Kasaragod,Seer Fish,Scomberomorus commerson,104588.5,1398,74.81
2012-01-01,2012,1,Kasaragod,Coastal Tuna,Euthynnus affinis,104937.9,1398,75.06
2012-02-01,2012,2,Thiruvananthapuram,Oil Sardine,Sardinella longiceps,1706245.5,2057,829.48
2012-02-01,2012,2,Thiruvananthapuram,Indian Mackerel,Rastrelliger kanagurta,937805.8,2057,455.91
2012-02-01,2012,2,Thiruvananthapuram,Seer Fish,Scomberomorus commerson,263521.0,2057,128.11
2012-02-01,2012,2,Thiruvananthapuram,Coastal Tuna,Euthynnus affinis,288344.4,2057,140.18
2012-02-01,2012,2,Kollam,Oil Sardine,Sardinella longiceps,4772423.9,2322,2055.31
2012-02-01,2012,2,Kollam,Indian Mackerel,Rastrelliger kanagurta,2166699.6,2322,933.12
2012-02-01,2012,2,Kollam,Seer Fish,Scomberomorus commerson,605069.2,2322,260.58
2012-02-01,2012,2,Kollam,Coastal Tuna,Euthynnus affinis,681114.2,2322,293.33
2012-02-01,2012,2,Alappuzha,Oil Sardine,Sardinella longiceps,3516488.1,2304,1526.25
2012-02-01,2012,2,Alappuzha,Indian Mackerel,Rastrelliger kanagurta,1487112.3,2304,645.45
2012-02-01,2012,2,Alappuzha,Seer Fish,Scomberomorus commerson,368359.1,2304,159.88
2012-02-01,2012,2,Alappuzha,Coastal Tuna,Euthynnus affinis,579535.2,2304,251.53
2012-02-01,2012,2,Ernakulam,Oil Sardine,Sardinella longiceps,5316470.7,2538,2094.75
2012-02-01,2012,2,Ernakulam,Indian Mackerel,Rastrelliger kanagurta,2462541.5,2538,970.27
2012-02-01,2012,2,Ernakulam,Seer Fish,Scomberomorus commerson,610182.1,2538,240.42
2012-02-01,2012,2,Ernakulam,Coastal Tuna,Euthynnus affinis,716907.7,2538,282.47
2012-02-01,2012,2,Thrissur,Oil Sardine,Sardinella longiceps,427857.1,1182,361.98
2012-02-01,2012,2,Thrissur,Indian Mackerel,Rastrelliger kanagurta,228860.5,1182,193.62
2012-02-01,2012,2,Thrissur,Seer Fish,Scomberomorus commerson,66272.2,1182,56.07
2012-02-01,2012,2,Thrissur,Coastal Tuna,Euthynnus affinis,60741.2,1182,51.39
2012-02-01,2012,2,Malappuram,Oil Sardine,Sardinella longiceps,1814493.2,1925,942.59
2012-02-01,2012,2,Malappuram,Indian Mackerel,Rastrelliger kanagurta,754715.2,1925,392.06
2012-02-01,2012,2,Malappuram,Seer Fish,Scomberomorus commerson,212663.5,1925,110.47
2012-02-01,2012,2,Malappuram,Coastal Tuna,Euthynnus affinis,256819.8,1925,133.41
2012-02-01,2012,2,Kozhikode,Oil Sardine,Sardinella longiceps,4113339.1,2369,1736.32
2012-02-01,2012,2,Kozhikode,Indian Mackerel,Rastrelliger kanagurta,2066222.0,2369,872.19
2012-02-01,2012,2,Kozhikode,Seer Fish,Scomberomorus commerson,504185.9,2369,212.83
2012-02-01,2012,2,Kozhikode,Coastal Tuna,Euthynnus affinis,686589.9,2369,289.82
2012-02-01,2012,2,Kannur,Oil Sardine,Sardinella longiceps,2303020.8,2285,1007.89
2012-02-01,2012,2,Kannur,Indian Mackerel,Rastrelliger kanagurta,1156656.0,2285,506.2
2012-02-01,2012,2,Kannur,Seer Fish,Scomberomorus commerson,306442.0,2285,134.11
2012-02-01,2012,2,Kannur,Coastal Tuna,Euthynnus affinis,445494.2,2285,194.96
2012-02-01,2012,2,Kasaragod,Oil Sardine,Sardinella longiceps,838008.8,1556,538.57
2012-02-01,2012,2,Kasaragod,Indian Mackerel,Rastrelliger kanagurta,395967.7,1556,254.48
2012-02-01,2012,2,Kasaragod,Seer Fish,Scomberomorus commerson,108732.1,1556,69.88
2012-02-01,2012,2,Kasaragod,Coastal Tuna,Euthynnus affinis,135295.1,1556,86.95
2012-03-01,2012,3,Thiruvananthapuram,Oil Sardine,Sardinella longiceps,1630596.8,2018,808.03
2012-03-01,2012,3,Thiruvananthapuram,Indian Mackerel,Rastrelliger kanagurta,890815.1,2018,441.43
2012-03-01,2012,3,Thiruvananthapuram,Seer Fish,Scomberomorus commerson,251584.9,2018,124.67
2012-03-01,2012,3,Thiruvananthapuram,Coastal Tuna,Euthynnus affinis,302959.4,2018,150.13
2012-03-01,2012,3,Kollam,Oil Sardine,Sardinella longiceps,6365183.0,3436,1852.5
2012-03-01,2012,3,Kollam,Indian Mackerel,Rastrelliger kanagurta,4467274.9,3436,1300.14
2012-03-01,2012,3,Kollam,Seer Fish,Scomberomorus commerson,1004599.9,3436,292.37
2012-03-01,2012,3,Kollam,Coastal Tuna,Euthynnus affinis,1287096.2,3436,374.59
2012-03-01,2012,3,Alappuzha,Oil Sardine,Sardinella longiceps,2851849.1,2333,1222.4
2012-03-01,2012,3,Alappuzha,Indian Mackerel,Rastrelliger kanagurta,1425316.1,2333,610.94
2012-03-01,2012,3,Alappuzha,Seer Fish,Scomberomorus commerson,336565.0,2333,144.26
2012-03-01,2012,3,Alappuzha,Coastal Tuna,Euthynnus affinis,521442.1,2333,223.51
2012-03-01,2012,3,Ernakulam,Oil Sardine,Sardinella longiceps,4911158.3,2886,1701.72
2012-03-01,2012,3,Ernakulam,Indian Mackerel,Rastrelliger kanagurta,2380825.4,2886,824.96
2012-03-01,2012,3,Ernakulam,Seer Fish,Scomberomorus commerson,712609.7,2886,246.92
2012-03-01,2012,3,Ernakulam,Coastal Tuna,Euthynnus affinis,898371.1,2886,311.29
2012-03-01,2012,3,Thrissur,Oil Sardine,Sardinella longiceps,464629.5,1326,350.4
2012-03-01,2012,3,Thrissur,Indian Mackerel,Rastrelliger kanagurta,276608.8,1326,208.6
2012-03-01,2012,3,Thrissur,Seer Fish,Scomberomorus commerson,77506.3,1326,58.45
2012-03-01,2012,3,Thrissur,Coastal Tuna,Euthynnus affinis,80835.0,1326,60.96
2012-03-01,2012,3,Malappuram,Oil Sardine,Sardinella longiceps,1159434.4,1515,765.3
2012-03-01,2012,3,Malappuram,Indian Mackerel,Rastrelliger kanagurta,516991.1,1515,341.25
2012-03-01,2012,3,Malappuram,Seer Fish,Scomberomorus commerson,143674.6,1515,94.83
2012-03-01,2012,3,Malappuram,Coastal Tuna,Euthynnus affinis,238219.5,1515,157.24
2012-03-01,2012,3,Kozhikode,Oil Sardine,Sardinella longiceps,3790990.8,2355,1609.76
2012-03-01,2012,3,Kozhikode,Indian Mackerel,Rastrelliger kanagurta,1896957.9,2355,805.5
2012-03-01,2012,3,Kozhikode,Seer Fish,Scomberomorus commerson,541329.1,2355,229.86
2012-03-01,2012,3,Kozhikode,Coastal Tuna,Euthynnus affinis,634777.8,2355,269.54
2012-03-01,2012,3,Kannur,Oil Sardine,Sardinella longiceps,1514045.9,2534,597.49
2012-03-01,2012,3,Kannur,Indian Mackerel,Rastrelliger kanagurta,1078010.6,2534,425.42
2012-03-01,2012,3,Kannur,Seer Fish,Scomberomorus commerson,320745.6,2534,126.58
2012-03-01,2012,3,Kannur,Coastal Tuna,Euthynnus affinis,420966.5,2534,166.13
2012-03-01,2012,3,Kasaragod,Oil Sardine,Sardinella longiceps,736710.7,1792,411.11
2012-03-01,2012,3,Kasaragod,Indian Mackerel,Rastrelliger kanagurta,497601.9,1792,277.68
2012-03-01,2012,3,Kasaragod,Seer Fish,Scomberomorus commerson,133113.3,1792,74.28
2012-03-01,2012,3,Kasaragod,Coastal Tuna,Euthynnus affinis,141080.3,1792,78.73
2012-04-01,2012,4,Thiruvananthapuram,Oil Sardine,Sardinella longiceps,564645.9,1955,288.82
2012-04-01,2012,4,Thiruvananthapuram,Indian Mackerel,Rastrelliger kanagurta,467218.2,1955,238.99
2012-04-01,2012,4,Thiruvananthapuram,Seer Fish,Scomberomorus commerson,176407.7,1955,90.23
2012-04-01,2012,4,Thiruvananthapuram,Coastal Tuna,Euthynnus affinis,216996.2,1955,111.0
2012-04-01,2012,4,Kollam,Oil Sardine,Sardinella longiceps,2093467.0,3273,639.62
2012-04-01,2012,4,Kollam,Indian Mackerel,Rastrelliger kanagurta,2096596.6,3273,640.57
2012-04-01,2012,4,Kollam,Seer Fish,Scomberomorus commerson,538977.8,3273,164.67
2012-04-01,2012,4,Kollam,Coastal Tuna,Euthynnus affinis,736253.1,3273,224.95
2012-04-01,2012,4,Alappuzha,Oil Sardine,Sardinella longiceps,1229291.5,2739,448.81
2012-04-01,2012,4,Alappuzha,Indian Mackerel,Rastrelliger kanagurta,1200155.7,2739,438.17
2012-04-01,2012,4,Alappuzha,Seer Fish,Scomberomorus commerson,399642.3,2739,145.91
2012-04-01,2012,4,Alappuzha,Coastal Tuna,Euthynnus affinis,477000.7,2739,174.15
2012-04-01,2012,4,Ernakulam,Oil Sardine,Sardinella longiceps,2007807.6,2965,677.17
2012-04-01,2012,4,Ernakulam,Indian Mackerel,Rastrelliger kanagurta,1469350.2,2965,495.56
2012-04-01,2012,4,Ernakulam,Seer Fish,Scomberomorus commerson,587986.9,2965,198.31
2012-04-01,2012,4,Ernakulam,Coastal Tuna,Euthynnus affinis,692769.3,2965,233.65
2012-04-01,2012,4,Thrissur,Oil Sardine,Sardinella longiceps,167447.1,1420,117.92
2012-04-01,2012,4,Thrissur,Indian Mackerel,Rastrelliger kanagurta,154297.7,1420,108.66
2012-04-01,2012,4,Thrissur,Seer Fish,Scomberomorus commerson,62748.6,1420,44.19
2012-04-01,2012,4,Thrissur,Coastal Tuna,Euthynnus affinis,62303.0,1420,43.88
2012-04-01,2012,4,Malappuram,Oil Sardine,Sardinella longiceps,422640.1,1957,215.96
2012-04-01,2012,4,Malappuram,Indian Mackerel,Rastrelliger kanagurta,477006.0,1957,243.74
2012-04-01,2012,4,Malappuram,Seer Fish,Scomberomorus commerson,183771.8,1957,93.9
2012-04-01,2012,4,Malappuram,Coastal Tuna,Euthynnus affinis,179761.2,1957,91.86
2012-04-01,2012,4,Kozhikode,Oil Sardine,Sardinella longiceps,2057700.4,3175,648.09
2012-04-01,2012,4,Kozhikode,Indian Mackerel,Rastrelliger kanagurta,1654605.1,3175,521.14
2012-04-01,2012,4,Kozhikode,Seer Fish,Scomberomorus commerson,501446.5,3175,157.94
2012-04-01,2012,4,Kozhikode,Coastal Tuna,Euthynnus affinis,680598.9,3175,214.36
2012-04-01,2012,4,Kannur,Oil Sardine,Sardinella longiceps,600784.2,2166,277.37
2012-04-01,2012,4,Kannur,Indian Mackerel,Rastrelliger kanagurta,549783.7,2166,253.82
2012-04-01,2012,4,Kannur,Seer Fish,Scomberomorus commerson,194431.2,2166,89.77
2012-04-01,2012,4,Kannur,Coastal Tuna,Euthynnus affinis,287056.9,2166,132.53
2012-04-01,2012,4,Kasaragod,Oil Sardine,Sardinella longiceps,286191.6,1712,167.17
2012-04-01,2012,4,Kasaragod,Indian Mackerel,Rastrelliger kanagurta,275705.4,1712,161.04
2012-04-01,2012,4,Kasaragod,Seer Fish,Scomberomorus commerson,115723.1,1712,67.6
2012-04-01,2012,4,Kasaragod,Coastal Tuna,Euthynnus affinis,138009.5,1712,80.61
2012-05-01,2012,5,Thiruvananthapuram,Oil Sardine,Sardinella longiceps,454923.2,1502,302.88
2012-05-01,2012,5,Thiruvananthapuram,Indian Mackerel,Rastrelliger kanagurta,497085.1,1502,330.95
2012-05-01,2012,5,Thiruvananthapuram,Seer Fish,Scomberomorus commerson,172755.2,1502,115.02
2012-05-01,2012,5,Thiruvananthapuram,Coastal Tuna,Euthynnus affinis,232247.1,1502,154.63
2012-05-01,2012,5,Kollam,Oil Sardine,Sardinella longiceps,2768280.0,2925,946.42
2012-05-01,2012,5,Kollam,Indian Mackerel,Rastrelliger kanagurta,1978018.2,2925,676.25
2012-05-01,2012,5,Kollam,Seer Fish,Scomberomorus commerson,725823.4,2925,248.14
2012-05-01,2012,5,Kollam,Coastal Tuna,Euthynnus affinis,755999.2,2925,258.46
2012-05-01,2012,5,Alappuzha,Oil Sardine,Sardinella longiceps,1381327.2,2421,570.56
2012-05-01,2012,5,Alappuzha,Indian Mackerel,Rastrelliger kanagurta,857241.1,2421,354.09
2012-05-01,2012,5,Alappuzha,Seer Fish,Scomberomorus commerson,409562.5,2421,169.17
2012-05-01,2012,5,Alappuzha,Coastal Tuna,Euthynnus affinis,487088.6,2421,201.19
2012-05-01,2012,5,Ernakulam,Oil Sardine,Sardinella longiceps,2642114.1,2761,956.94
2012-05-01,2012,5,Ernakulam,Indian Mackerel,Rastrelliger kanagurta,1912144.4,2761,692.56
2012-05-01,2012,5,Ernakulam,Seer Fish,Scomberomorus commerson,736808.4,2761,266.86
2012-05-01,2012,5,Ernakulam,Coastal Tuna,Euthynnus affinis,805177.6,2761,291.63
2012-05-01,2012,5,Thrissur,Oil Sardine,Sardinella longiceps,312088.3,1416,220.4
2012-05-01,2012,5,Thrissur,Indian Mackerel,Rastrelliger kanagurta,157294.3,1416,111.08
2012-05-01,2012,5,Thrissur,Seer Fish,Scomberomorus commerson,79502.5,1416,56.15
2012-05-01,2012,5,Thrissur,Coastal Tuna,Euthynnus affinis,82711.0,1416,58.41
2012-05-01,2012,5,Malappuram,Oil Sardine,Sardinella longiceps,551731.0,1408,391.85
2012-05-01,2012,5,Malappuram,Indian Mackerel,Rastrelliger kanagurta,314161.7,1408,223.13
2012-05-01,2012,5,Malappuram,Seer Fish,Scomberomorus commerson,130451.6,1408,92.65
2012-05-01,2012,5,Malappuram,Coastal Tuna,Euthynnus affinis,136207.0,1408,96.74
2012-05-01,2012,5,Kozhikode,Oil Sardine,Sardinella longiceps,1724608.2,2342,736.38
2012-05-01,2012,5,Kozhikode,Indian Mackerel,Rastrelliger kanagurta,1513640.2,2342,646.3
2012-05-01,2012,5,Kozhikode,Seer Fish,Scomberomorus commerson,522395.1,2342,223.06
2012-05-01,2012,5,Kozhikode,Coastal Tuna,Euthynnus affinis,562436.1,2342,240.15
2012-05-01,2012,5,Kannur,Oil Sardine,Sardinella longiceps,740662.0,1977,374.64
2012-05-01,2012,5,Kannur,Indian Mackerel,Rastrelliger kanagurta,611184.6,1977,309.15
2012-05-01,2012,5,Kannur,Seer Fish,Scomberomorus commerson,192852.9,1977,97.55
2012-05-01,2012,5,Kannur,Coastal Tuna,Euthynnus affinis,332065.9,1977,167.96
2012-05-01,2012,5,Kasaragod,Oil Sardine,Sardinella longiceps,371803.8,1417,262.39
2012-05-01,2012,5,Kasaragod,Indian Mackerel,Rastrelliger kanagurta,227128.8,1417,160.29
2012-05-01,2012,5,Kasaragod,Seer Fish,Scomberomorus commerson,87541.7,1417,61.78
2012-05-01,2012,5,Kasaragod,Coastal Tuna,Euthynnus affinis,117731.6,1417,83.09
2012-06-01,2012,6,Thiruvananthapuram,Oil Sardine,Sardinella longiceps,1653832.6,457,3618.89
2012-06-01,2012,6,Thiruvananthapuram,Indian Mackerel,Rastrelliger kanagurta,516168.1,457,1129.47
2012-06-01,2012,6,Thiruvananthapuram,Seer Fish,Scomberomorus commerson,93057.1,457,203.63
2012-06-01,2012,6,Thiruvananthapuram,Coastal Tuna,Euthynnus affinis,117090.4,457,256.22
2012-06-01,2012,6,Kollam,Oil Sardine,Sardinella longiceps,6168288.5,744,8290.71
2012-06-01,2012,6,Kollam,Indian Mackerel,Rastrelliger kanagurta,2310054.0,744,3104.91
2012-06-01,2012,6,Kollam,Seer Fish,Scomberomorus commerson,389253.3,744,523.19
2012-06-01,2012,6,Kollam,Coastal Tuna,Euthynnus affinis,482949.7,744,649.13
2012-06-01,2012,6,Alappuzha,Oil Sardine,Sardinella longiceps,3077968.6,450,6839.93
2012-06-01,2012,6,Alappuzha,Indian Mackerel,Rastrelliger kanagurta,790517.5,450,1756.71
2012-06-01,2012,6,Alappuzha,Seer Fish,Scomberomorus commerson,149573.6,450,332.39
2012-06-01,2012,6,Alappuzha,Coastal Tuna,Euthynnus affinis,176543.0,450,392.32
2012-06-01,2012,6,Ernakulam,Oil Sardine,Sardinella longiceps,4922999.8,588,8372.45
2012-06-01,2012,6,Ernakulam,Indian Mackerel,Rastrelliger kanagurta,1447598.1,588,2461.9
2012-06-01,2012,6,Ernakulam,Seer Fish,Scomberomorus commerson,274143.1,588,466.23
2012-06-01,2012,6,Ernakulam,Coastal Tuna,Euthynnus affinis,362250.0,588,616.07
2012-06-01,2012,6,Thrissur,Oil Sardine,Sardinella longiceps,484889.8,277,1750.5
2012-06-01,2012,6,Thrissur,Indian Mackerel,Rastrelliger kanagurta,145443.1,277,525.07
2012-06-01,2012,6,Thrissur,Seer Fish,Scomberomorus commerson,23881.3,277,86.21
2012-06-01,2012,6,Thrissur,Coastal Tuna,Euthynnus affinis,32413.2,277,117.02
2012-06-01,2012,6,Malappuram,Oil Sardine,Sardinella longiceps,1238682.1,395,3135.9
2012-06-01,2012,6,Malappuram,Indian Mackerel,Rastrelliger kanagurta,503291.2,395,1274.15
2012-06-01,2012,6,Malappuram,Seer Fish,Scomberomorus commerson,77396.4,395,195.94
2012-06-01,2012,6,Malappuram,Coastal Tuna,Euthynnus affinis,94795.9,395,239.99
2012-06-01,2012,6,Kozhikode,Oil Sardine,Sardinella longiceps,5259492.4,619,8496.76
2012-06-01,2012,6,Kozhikode,Indian Mackerel,Rastrelliger kanagurta,1236623.9,619,1997.78
2012-06-01,2012,6,Kozhikode,Seer Fish,Scomberomorus commerson,280713.4,619,453.49
2012-06-01,2012,6,Kozhikode,Coastal Tuna,Euthynnus affinis,329266.7,619,531.93
2012-06-01,2012,6,Kannur,Oil Sardine,Sardinella longiceps,1867421.0,432,4322.73
2012-06-01,2012,6,Kannur,Indian Mackerel,Rastrelliger kanagurta,533163.2,432,1234.17
2012-06-01,2012,6,Kannur,Seer Fish,Scomberomorus commerson,112618.0,432,260.69
2012-06-01,2012,6,Kannur,Coastal Tuna,Euthynnus affinis,142630.6,432,330.16
2012-06-01,2012,6,Kasaragod,Oil Sardine,Sardinella longiceps,842408.7,358,2353.1
2012-06-01,2012,6,Kasaragod,Indian Mackerel,Rastrelliger kanagurta,252706.8,358,705.88
2012-06-01,2012,6,Kasaragod,Seer Fish,Scomberomorus commerson,42832.4,358,119.64
2012-06-01,2012,6,Kasaragod,Coastal Tuna,Euthynnus affinis,55280.1,358,154.41
2012-07-01,2012,7,Thiruvananthapuram,Oil Sardine,Sardinella longiceps,2071043.2,417,4966.53
2012-07-01,2012,7,Thiruvananthapuram,Indian Mackerel,Rastrelliger kanagurta,460152.3,417,1103.48
2012-07-01,2012,7,Thiruvananthapuram,Seer Fish,Scomberomorus commerson,92900.5,417,222.78
2012-07-01,2012,7,Thiruvananthapuram,Coastal Tuna,Euthynnus affinis,104343.9,417,250.23
2012-07-01,2012,7,Kollam,Oil Sardine,Sardinella longiceps,6227405.5,614,10142.35
2012-07-01,2012,7,Kollam,Indian Mackerel,Rastrelliger kanagurta,1526320.7,614,2485.86
2012-07-01,2012,7,Kollam,Seer Fish,Scomberomorus commerson,289099.9,614,470.85
2012-07-01,2012,7,Kollam,Coastal Tuna,Euthynnus affinis,316101.2,614,514.82
2012-07-01,2012,7,Alappuzha,Oil Sardine,Sardinella longiceps,4480207.5,563,7957.74
2012-07-01,2012,7,Alappuzha,Indian Mackerel,Rastrelliger kanagurta,940961.3,563,1671.33
2012-07-01,2012,7,Alappuzha,Seer Fish,Scomberomorus commerson,193543.0,563,343.77
2012-07-01,2012,7,Alappuzha,Coastal Tuna,Euthynnus affinis,212736.3,563,377.86
2012-07-01,2012,7,Ernakulam,Oil Sardine,Sardinella longiceps,6006884.5,663,9060.16
2012-07-01,2012,7,Ernakulam,Indian Mackerel,Rastrelliger kanagurta,1753788.7,663,2645.23
2012-07-01,2012,7,Ernakulam,Seer Fish,Scomberomorus commerson,304022.7,663,458.56
2012-07-01,2012,7,Ernakulam,Coastal Tuna,Euthynnus affinis,278923.0,663,420.7
2012-07-01,2012,7,Thrissur,Oil Sardine,Sardinella longiceps,884767.8,358,2471.42
2012-07-01,2012,7,Thrissur,Indian Mackerel,Rastrelliger kanagurta,193606.4,358,540.8
2012-07-01,2012,7,Thrissur,Seer Fish,Scomberomorus commerson,36096.9,358,100.83
2012-07-01,2012,7,Thrissur,Coastal Tuna,Euthynnus affinis,28730.6,358,80.25
2012-07-01,2012,7,Malappuram,Oil Sardine,Sardinella longiceps,2022424.6,478,4231.01
2012-07-01,2012,7,Malappuram,Indian Mackerel,Rastrelliger kanagurta,543054.0,478,1136.1
2012-07-01,2012,7,Malappuram,Seer Fish,Scomberomorus commerson,97204.6,478,203.36
2012-07-01,2012,7,Malappuram,Coastal Tuna,Euthynnus affinis,89742.0,478,187.74
2012-07-01,2012,7,Kozhikode,Oil Sardine,Sardinella longiceps,4401542.9,486,9056.67
2012-07-01,2012,7,Kozhikode,Indian Mackerel,Rastrelliger kanagurta,1221762.5,486,2513.91
2012-07-01,2012,7,Kozhikode,Seer Fish,Scomberomorus commerson,175331.2,486,360.76
2012-07-01,2012,7,Kozhikode,Coastal Tuna,Euthynnus affinis,185733.0,486,382.17
2012-07-01,2012,7,Kannur,Oil Sardine,Sardinella longiceps,2184839.1,419,5214.41
2012-07-01,2012,7,Kannur,Indian Mackerel,Rastrelliger kanagurta,573088.4,419,1367.75
2012-07-01,2012,7,Kannur,Seer Fish,Scomberomorus commerson,117542.6,419,280.53
2012-07-01,2012,7,Kannur,Coastal Tuna,Euthynnus affinis,92354.2,419,220.42
2012-07-01,2012,7,Kasaragod,Oil Sardine,Sardinella longiceps,1165690.3,423,2755.77
2012-07-01,2012,7,Kasaragod,Indian Mackerel,Rastrelliger kanagurta,303102.8,423,716.56
2012-07-01,2012,7,Kasaragod,Seer Fish,Scomberomorus commerson,67490.3,423,159.55
2012-07-01,2012,7,Kasaragod,Coastal Tuna,Euthynnus affinis,58335.8,423,137.91
2012-08-01,2012,8,Thiruvananthapuram,Oil Sardine,Sardinella longiceps,3788597.8,1922,1971.17
2012-08-01,2012,8,Thiruvananthapuram,Indian Mackerel,Rastrelliger kanagurta,1100453.0,1922,572.56
2012-08-01,2012,8,Thiruvananthapuram,Seer Fish,Scomberomorus commerson,233971.4,1922,121.73
2012-08-01,2012,8,Thiruvananthapuram,Coastal Tuna,Euthynnus affinis,146543.7,1922,76.25
2012-08-01,2012,8,Kollam,Oil Sardine,Sardinella longiceps,13475061.0,2792,4826.31
2012-08-01,2012,8,Kollam,Indian Mackerel,Rastrelliger kanagurta,3552927.2,2792,1272.54
2012-08-01,2012,8,Kollam,Seer Fish,Scomberomorus commerson,628599.2,2792,225.14
2012-08-01,2012,8,Kollam,Coastal Tuna,Euthynnus affinis,555983.6,2792,199.13
2012-08-01,2012,8,Alappuzha,Oil Sardine,Sardinella longiceps,6920121.8,2143,3229.17
2012-08-01,2012,8,Alappuzha,Indian Mackerel,Rastrelliger kanagurta,1566135.6,2143,730.81
2012-08-01,2012,8,Alappuzha,Seer Fish,Scomberomorus commerson,344036.6,2143,160.54
2012-08-01,2012,8,Alappuzha,Coastal Tuna,Euthynnus affinis,250373.4,2143,116.83
2012-08-01,2012,8,Ernakulam,Oil Sardine,Sardinella longiceps,12389082.3,2631,4708.89
2012-08-01,2012,8,Ernakulam,Indian Mackerel,Rastrelliger kanagurta,3055533.8,2631,1161.36
2012-08-01,2012,8,Ernakulam,Seer Fish,Scomberomorus commerson,431086.8,2631,163.85
2012-08-01,2012,8,Ernakulam,Coastal Tuna,Euthynnus affinis,429908.0,2631,163.4
2012-08-01,2012,8,Thrissur,Oil Sardine,Sardinella longiceps,1253255.1,1315,953.05
2012-08-01,2012,8,Thrissur,Indian Mackerel,Rastrelliger kanagurta,277215.4,1315,210.81
2012-08-01,2012,8,Thrissur,Seer Fish,Scomberomorus commerson,54031.1,1315,41.09
2012-08-01,2012,8,Thrissur,Coastal Tuna,Euthynnus affinis,45546.0,1315,34.64
2012-08-01,2012,8,Malappuram,Oil Sardine,Sardinella longiceps,3210072.1,1873,1713.87
2012-08-01,2012,8,Malappuram,Indian Mackerel,Rastrelliger kanagurta,1072489.8,1873,572.61
2012-08-01,2012,8,Malappuram,Seer Fish,Scomberomorus commerson,175448.4,1873,93.67
2012-08-01,2012,8,Malappuram,Coastal Tuna,Euthynnus affinis,155047.5,1873,82.78
2012-08-01,2012,8,Kozhikode,Oil Sardine,Sardinella longiceps,11820380.5,3240,3648.27
2012-08-01,2012,8,Kozhikode,Indian Mackerel,Rastrelliger kanagurta,3269657.6,3240,1009.15
2012-08-01,2012,8,Kozhikode,Seer Fish,Scomberomorus commerson,624457.1,3240,192.73
2012-08-01,2012,8,Kozhikode,Coastal Tuna,Euthynnus affinis,457209.7,3240,141.11
2012-08-01,2012,8,Kannur,Oil Sardine,Sardinella longiceps,5052287.9,1944,2598.91
2012-08-01,2012,8,Kannur,Indian Mackerel,Rastrelliger kanagurta,1156269.9,1944,594.79
2012-08-01,2012,8,Kannur,Seer Fish,Scomberomorus commerson,227639.8,1944,117.1
2012-08-01,2012,8,Kannur,Coastal Tuna,Euthynnus affinis,160561.5,1944,82.59
2012-08-01,2012,8,Kasaragod,Oil Sardine,Sardinella longiceps,2055900.2,1571,1308.66
2012-08-01,2012,8,Kasaragod,Indian Mackerel,Rastrelliger kanagurta,598562.4,1571,381.01
2012-08-01,2012,8,Kasaragod,Seer Fish,Scomberomorus commerson,102919.1,1571,65.51
2012-08-01,2012,8,Kasaragod,Coastal Tuna,Euthynnus affinis,82500.4,1571,52.51
2012-09-01,2012,9,Thiruvananthapuram,Oil Sardine,Sardinella longiceps,6215966.0,2119,2933.44
2012-09-01,2012,9,Thiruvananthapuram,Indian Mackerel,Rastrelliger kanagurta,2109909.4,2119,995.71
2012-09-01,2012,9,Thiruvananthapuram,Seer Fish,Scomberomorus commerson,412358.3,2119,194.6
2012-09-01,2012,9,Thiruvananthapuram,Coastal Tuna,Euthynnus affinis,468560.7,2119,221.12
2012-09-01,2012,9,Kollam,Oil Sardine,Sardinella longiceps,21893387.5,3328,6578.54
2012-09-01,2012,9,Kollam,Indian Mackerel,Rastrelliger kanagurta,7102386.9,3328,2134.13
2012-09-01,2012,9,Kollam,Seer Fish,Scomberomorus commerson,1231339.2,3328,369.99
2012-09-01,2012,9,Kollam,Coastal Tuna,Euthynnus affinis,1517451.7,3328,455.97
2012-09-01,2012,9,Alappuzha,Oil Sardine,Sardinella longiceps,11808942.3,2409,4902.01
2012-09-01,2012,9,Alappuzha,Indian Mackerel,Rastrelliger kanagurta,3022306.9,2409,1254.59
2012-09-01,2012,9,Alappuzha,Seer Fish,Scomberomorus commerson,610046.6,2409,253.24
2012-09-01,2012,9,Alappuzha,Coastal Tuna,Euthynnus affinis,721693.0,2409,299.58
2012-09-01,2012,9,Ernakulam,Oil Sardine,Sardinella longiceps,21134485.9,2903,7280.22
2012-09-01,2012,9,Ernakulam,Indian Mackerel,Rastrelliger kanagurta,5048237.2,2903,1738.97
2012-09-01,2012,9,Ernakulam,Seer Fish,Scomberomorus commerson,1188452.4,2903,409.39
2012-09-01,2012,9,Ernakulam,Coastal Tuna,Euthynnus affinis,1280410.4,2903,441.06
2012-09-01,2012,9,Thrissur,Oil Sardine,Sardinella longiceps,2075746.0,1242,1671.29
2012-09-01,2012,9,Thrissur,Indian Mackerel,Rastrelliger kanagurta,448375.3,1242,361.01
2012-09-01,2012,9,Thrissur,Seer Fish,Scomberomorus commerson,82671.3,1242,66.56
2012-09-01,2012,9,Thrissur,Coastal Tuna,Euthynnus affinis,111138.0,1242,89.48
2012-09-01,2012,9,Malappuram,Oil Sardine,Sardinella longiceps,4705727.4,1698,2771.34
2012-09-01,2012,9,Malappuram,Indian Mackerel,Rastrelliger kanagurta,1424564.2,1698,838.97
2012-09-01,2012,9,Malappuram,Seer Fish,Scomberomorus commerson,271225.6,1698,159.73
2012-09-01,2012,9,Malappuram,Coastal Tuna,Euthynnus affinis,304859.4,1698,179.54
2012-09-01,2012,9,Kozhikode,Oil Sardine,Sardinella longiceps,19629097.3,2734,7179.63
2012-09-01,2012,9,Kozhikode,Indian Mackerel,Rastrelliger kanagurta,4424859.1,2734,1618.46
2012-09-01,2012,9,Kozhikode,Seer Fish,Scomberomorus commerson,920844.0,2734,336.81
2012-09-01,2012,9,Kozhikode,Coastal Tuna,Euthynnus affinis,1045689.7,2734,382.48
2012-09-01,2012,9,Kannur,Oil Sardine,Sardinella longiceps,7136853.1,1942,3675.0
2012-09-01,2012,9,Kannur,Indian Mackerel,Rastrelliger kanagurta,2022262.0,1942,1041.33
2012-09-01,2012,9,Kannur,Seer Fish,Scomberomorus commerson,403783.0,1942,207.92
2012-09-01,2012,9,Kannur,Coastal Tuna,Euthynnus affinis,372989.4,1942,192.06
2012-09-01,2012,9,Kasaragod,Oil Sardine,Sardinella longiceps,3736517.0,1810,2064.37
2012-09-01,2012,9,Kasaragod,Indian Mackerel,Rastrelliger kanagurta,1081964.9,1810,597.77
2012-09-01,2012,9,Kasaragod,Seer Fish,Scomberomorus commerson,196606.3,1810,108.62
2012-09-01,2012,9,Kasaragod,Coastal Tuna,Euthynnus affinis,184194.2,1810,101.76
2012-10-01,2012,10,Thiruvananthapuram,Oil Sardine,Sardinella longiceps,2283366.8,1741,1311.53
2012-10-01,2012,10,Thiruvananthapuram,Indian Mackerel,Rastrelliger kanagurta,962858.2,1741,553.05
2012-10-01,2012,10,Thiruvananthapuram,Seer Fish,Scomberomorus commerson,220445.1,1741,126.62
2012-10-01,2012,10,Thiruvananthapuram,Coastal Tuna,Euthynnus affinis,300846.8,1741,172.8
2012-10-01,2012,10,Kollam,Oil Sardine,Sardinella longiceps,9067798.2,3167,2863.21
2012-10-01,2012,10,Kollam,Indian Mackerel,Rastrelliger kanagurta,3751757.2,3167,1184.64
2012-10-01,2012,10,Kollam,Seer Fish,Scomberomorus commerson,922418.4,3167,291.26
2012-10-01,2012,10,Kollam,Coastal Tuna,Euthynnus affinis,1150784.4,3167,363.37
2012-10-01,2012,10,Alappuzha,Oil Sardine,Sardinella longiceps,5111216.2,2841,1799.09
2012-10-01,2012,10,Alappuzha,Indian Mackerel,Rastrelliger kanagurta,2107124.1,2841,741.68
2012-10-01,2012,10,Alappuzha,Seer Fish,Scomberomorus commerson,505876.9,2841,178.06
2012-10-01,2012,10,Alappuzha,Coastal Tuna,Euthynnus affinis,673067.4,2841,236.91
2012-10-01,2012,10,Ernakulam,Oil Sardine,Sardinella longiceps,7760605.0,2922,2655.92
2012-10-01,2012,10,Ernakulam,Indian Mackerel,Rastrelliger kanagurta,3230952.3,2922,1105.73
2012-10-01,2012,10,Ernakulam,Seer Fish,Scomberomorus commerson,758792.5,2922,259.68
2012-10-01,2012,10,Ernakulam,Coastal Tuna,Euthynnus affinis,895469.4,2922,306.46
2012-10-01,2012,10,Thrissur,Oil Sardine,Sardinella longiceps,750541.5,1327,565.59
2012-10-01,2012,10,Thrissur,Indian Mackerel,Rastrelliger kanagurta,288286.9,1327,217.25
2012-10-01,2012,10,Thrissur,Seer Fish,Scomberomorus commerson,72189.4,1327,54.4
2012-10-01,2012,10,Thrissur,Coastal Tuna,Euthynnus affinis,81097.5,1327,61.11
2012-10-01,2012,10,Malappuram,Oil Sardine,Sardinella longiceps,2146173.5,2123,1010.92
2012-10-01,2012,10,Malappuram,Indian Mackerel,Rastrelliger kanagurta,908296.7,2123,427.84
2012-10-01,2012,10,Malappuram,Seer Fish,Scomberomorus commerson,208027.6,2123,97.99
2012-10-01,2012,10,Malappuram,Coastal Tuna,Euthynnus affinis,253972.8,2123,119.63
2012-10-01,2012,10,Kozhikode,Oil Sardine,Sardinella longiceps,4733096.7,2622,1805.15
2012-10-01,2012,10,Kozhikode,Indian Mackerel,Rastrelliger kanagurta,2480927.4,2622,946.2
2012-10-01,2012,10,Kozhikode,Seer Fish,Scomberomorus commerson,614228.0,2622,234.26
2012-10-01,2012,10,Kozhikode,Coastal Tuna,Euthynnus affinis,702329.3,2622,267.86
2012-10-01,2012,10,Kannur,Oil Sardine,Sardinella longiceps,2439279.3,1785,1366.54
2012-10-01,2012,10,Kannur,Indian Mackerel,Rastrelliger kanagurta,923779.7,1785,517.52
2012-10-01,2012,10,Kannur,Seer Fish,Scomberomorus commerson,224941.2,1785,126.02
2012-10-01,2012,10,Kannur,Coastal Tuna,Euthynnus affinis,340212.4,1785,190.6
2012-10-01,2012,10,Kasaragod,Oil Sardine,Sardinella longiceps,1116911.6,1503,743.12
2012-10-01,2012,10,Kasaragod,Indian Mackerel,Rastrelliger kanagurta,493576.5,1503,328.39
2012-10-01,2012,10,Kasaragod,Seer Fish,Scomberomorus commerson,117017.5,1503,77.86
2012-10-01,2012,10,Kasaragod,Coastal Tuna,Euthynnus affinis,142278.0,1503,94.66
2012-11-01,2012,11,Thiruvananthapuram,Oil Sardine,Sardinella longiceps,1879228.6,1827,1028.59
2012-11-01,2012,11,Thiruvananthapuram,Indian Mackerel,Rastrelliger kanagurta,772533.4,1827,422.84
2012-11-01,2012,11,Thiruvananthapuram,Seer Fish,Scomberomorus commerson,225458.6,1827,123.4
2012-11-01,2012,11,Thiruvananthapuram,Coastal Tuna,Euthynnus affinis,306088.1,1827,167.54
2012-11-01,2012,11,Kollam,Oil Sardine,Sardinella longiceps,5188277.6,2961,1752.2
2012-11-01,2012,11,Kollam,Indian Mackerel,Rastrelliger kanagurta,3202767.6,2961,1081.65
2012-11-01,2012,11,Kollam,Seer Fish,Scomberomorus commerson,893388.2,2961,301.72
2012-11-01,2012,11,Kollam,Coastal Tuna,Euthynnus affinis,1026640.6,2961,346.72
2012-11-01,2012,11,Alappuzha,Oil Sardine,Sardinella longiceps,3490316.3,2419,1442.88
2012-11-01,2012,11,Alappuzha,Indian Mackerel,Rastrelliger kanagurta,1777058.5,2419,734.63
2012-11-01,2012,11,Alappuzha,Seer Fish,Scomberomorus commerson,444834.1,2419,183.89
2012-11-01,2012,11,Alappuzha,Coastal Tuna,Euthynnus affinis,571721.2,2419,236.35
2012-11-01,2012,11,Ernakulam,Oil Sardine,Sardinella longiceps,6094403.6,2622,2324.33
2012-11-01,2012,11,Ernakulam,Indian Mackerel,Rastrelliger kanagurta,2706423.8,2622,1032.2
2012-11-01,2012,11,Ernakulam,Seer Fish,Scomberomorus commerson,782453.2,2622,298.42
2012-11-01,2012,11,Ernakulam,Coastal Tuna,Euthynnus affinis,838541.4,2622,319.81
2012-11-01,2012,11,Thrissur,Oil Sardine,Sardinella longiceps,615672.5,1424,432.35
2012-11-01,2012,11,Thrissur,Indian Mackerel,Rastrelliger kanagurta,341150.6,1424,239.57
2012-11-01,2012,11,Thrissur,Seer Fish,Scomberomorus commerson,85184.9,1424,59.82
2012-11-01,2012,11,Thrissur,Coastal Tuna,Euthynnus affinis,118410.8,1424,83.15
2012-11-01,2012,11,Malappuram,Oil Sardine,Sardinella longiceps,1885576.3,2333,808.22
2012-11-01,2012,11,Malappuram,Indian Mackerel,Rastrelliger kanagurta,1021461.4,2333,437.83
2012-11-01,2012,11,Malappuram,Seer Fish,Scomberomorus commerson,257945.4,2333,110.56
2012-11-01,2012,11,Malappuram,Coastal Tuna,Euthynnus affinis,392377.0,2333,168.19
2012-11-01,2012,11,Kozhikode,Oil Sardine,Sardinella longiceps,5791533.1,3289,1760.88
2012-11-01,2012,11,Kozhikode,Indian Mackerel,Rastrelliger kanagurta,3027698.7,3289,920.55
2012-11-01,2012,11,Kozhikode,Seer Fish,Scomberomorus commerson,874462.2,3289,265.87
2012-11-01,2012,11,Kozhikode,Coastal Tuna,Euthynnus affinis,1093746.1,3289,332.55
2012-11-01,2012,11,Kannur,Oil Sardine,Sardinella longiceps,2065265.5,2297,899.11
2012-11-01,2012,11,Kannur,Indian Mackerel,Rastrelliger kanagurta,1362889.8,2297,593.33
2012-11-01,2012,11,Kannur,Seer Fish,Scomberomorus commerson,340462.7,2297,148.22
2012-11-01,2012,11,Kannur,Coastal Tuna,Euthynnus affinis,437816.3,2297,190.6
2012-11-01,2012,11,Kasaragod,Oil Sardine,Sardinella longiceps,1022923.8,1509,677.88
2012-11-01,2012,11,Kasaragod,Indian Mackerel,Rastrelliger kanagurta,468172.9,1509,310.25
2012-11-01,2012,11,Kasaragod,Seer Fish,Scomberomorus commerson,114419.2,1509,75.82
2012-11-01,2012,11,Kasaragod,Coastal Tuna,Euthynnus affinis,161456.4,1509,107.0
2012-12-01,2012,12,Thiruvananthapuram,Oil Sardine,Sardinella longiceps,2208511.5,2219,995.27
2012-12-01,2012,12,Thiruvananthapuram,Indian Mackerel,Rastrelliger kanagurta,893035.7,2219,402.45
2012-12-01,2012,12,Thiruvananthapuram,Seer Fish,Scomberomorus commerson,232948.2,2219,104.98
2012-12-01,2012,12,Thiruvananthapuram,Coastal Tuna,Euthynnus affinis,263678.6,2219,118.83
2012-12-01,2012,12,Kollam,Oil Sardine,Sardinella longiceps,6118299.8,2954,2071.19
2012-12-01,2012,12,Kollam,Indian Mackerel,Rastrelliger kanagurta,2981352.2,2954,1009.26
2012-12-01,2012,12,Kollam,Seer Fish,Scomberomorus commerson,787860.0,2954,266.71
2012-12-01,2012,12,Kollam,Coastal Tuna,Euthynnus affinis,687985.5,2954,232.9
2012-12-01,2012,12,Alappuzha,Oil Sardine,Sardinella longiceps,4780447.2,2563,1865.18
2012-12-01,2012,12,Alappuzha,Indian Mackerel,Rastrelliger kanagurta,1831156.7,2563,714.46
2012-12-01,2012,12,Alappuzha,Seer Fish,Scomberomorus commerson,440314.6,2563,171.8
2012-12-01,2012,12,Alappuzha,Coastal Tuna,Euthynnus affinis,445506.6,2563,173.82
2012-12-01,2012,12,Ernakulam,Oil Sardine,Sardinella longiceps,6353241.9,2836,2240.21
2012-12-01,2012,12,Ernakulam,Indian Mackerel,Rastrelliger kanagurta,2513742.3,2836,886.37
2012-12-01,2012,12,Ernakulam,Seer Fish,Scomberomorus commerson,612699.3,2836,216.04
2012-12-01,2012,12,Ernakulam,Coastal Tuna,Euthynnus affinis,720555.5,2836,254.07
2012-12-01,2012,12,Thrissur,Oil Sardine,Sardinella longiceps,557573.1,1387,402.0
2012-12-01,2012,12,Thrissur,Indian Mackerel,Rastrelliger kanagurta,333598.2,1387,240.52
2012-12-01,2012,12,Thrissur,Seer Fish,Scomberomorus commerson,67414.6,1387,48.6
2012-12-01,2012,12,Thrissur,Coastal Tuna,Euthynnus affinis,73211.0,1387,52.78
2012-12-01,2012,12,Malappuram,Oil Sardine,Sardinella longiceps,1955727.5,1737,1125.92
2012-12-01,2012,12,Malappuram,Indian Mackerel,Rastrelliger kanagurta,654871.1,1737,377.01
2012-12-01,2012,12,Malappuram,Seer Fish,Scomberomorus commerson,205067.3,1737,118.06
2012-12-01,2012,12,Malappuram,Coastal Tuna,Euthynnus affinis,184731.3,1737,106.35
2012-12-01,2012,12,Kozhikode,Oil Sardine,Sardinella longiceps,6642032.8,2771,2396.98
2012-12-01,2012,12,Kozhikode,Indian Mackerel,Rastrelliger kanagurta,2267045.1,2771,818.13
2012-12-01,2012,12,Kozhikode,Seer Fish,Scomberomorus commerson,560592.8,2771,202.31
2012-12-01,2012,12,Kozhikode,Coastal Tuna,Euthynnus affinis,615679.7,2771,222.19
2012-12-01,2012,12,Kannur,Oil Sardine,Sardinella longiceps,2624232.4,2074,1265.3
2012-12-01,2012,12,Kannur,Indian Mackerel,Rastrelliger kanagurta,1192849.6,2074,575.14
2012-12-01,2012,12,Kannur,Seer Fish,Scomberomorus commerson,217679.3,2074,104.96
2012-12-01,2012,12,Kannur,Coastal Tuna,Euthynnus affinis,278971.6,2074,134.51
2012-12-01,2012,12,Kasaragod,Oil Sardine,Sardinella longiceps,1170472.5,1639,714.14
2012-12-01,2012,12,Kasaragod,Indian Mackerel,Rastrelliger kanagurta,447799.4,1639,273.22
2012-12-01,2012,12,Kasaragod,Seer Fish,Scomberomorus commerson,103720.1,1639,63.28
2012-12-01,2012,12,Kasaragod,Coastal Tuna,Euthynnus affinis,93049.9,1639,56.77
2013-01-01,2013,1,Thiruvananthapuram,Oil Sardine,Sardinella longiceps,1861683.9,2349,792.54
2013-01-01,2013,1,Thiruvananthapuram,Indian Mackerel,Rastrelliger kanagurta,956214.1,2349,407.07
2013-01-01,2013,1,Thiruvananthapuram,Seer Fish,Scomberomorus commerson,256659.0,2349,109.26
2013-01-01,2013,1,Thiruvananthapuram,Coastal Tuna,Euthynnus affinis,269153.2,2349,114.58
2013-01-01,2013,1,Kollam,Oil Sardine,Sardinella longiceps,6241472.9,2452,2545.46
2013-01-01,2013,1,Kollam,Indian Mackerel,Rastrelliger kanagurta,2614866.1,2452,1066.42
2013-01-01,2013,1,Kollam,Seer Fish,Scomberomorus commerson,634468.1,2452,258.76
2013-01-01,2013,1,Kollam,Coastal Tuna,Euthynnus affinis,742381.4,2452,302.77
2013-01-01,2013,1,Alappuzha,Oil Sardine,Sardinella longiceps,3249352.7,2448,1327.35
2013-01-01,2013,1,Alappuzha,Indian Mackerel,Rastrelliger kanagurta,1602306.0,2448,654.54
2013-01-01,2013,1,Alappuzha,Seer Fish,Scomberomorus commerson,334881.7,2448,136.8
2013-01-01,2013,1,Alappuzha,Coastal Tuna,Euthynnus affinis,466206.5,2448,190.44
2013-01-01,2013,1,Ernakulam,Oil Sardine,Sardinella longiceps,4578070.9,2659,1721.73
2013-01-01,2013,1,Ernakulam,Indian Mackerel,Rastrelliger kanagurta,2416503.7,2659,908.8
2013-01-01,2013,1,Ernakulam,Seer Fish,Scomberomorus commerson,540427.4,2659,203.24
2013-01-01,2013,1,Ernakulam,Coastal Tuna,Euthynnus affinis,667043.4,2659,250.86
2013-01-01,2013,1,Thrissur,Oil Sardine,Sardinella longiceps,471227.7,1335,352.98
2013-01-01,2013,1,Thrissur,Indian Mackerel,Rastrelliger kanagurta,252909.6,1335,189.45
2013-01-01,2013,1,Thrissur,Seer Fish,Scomberomorus commerson,58652.2,1335,43.93
2013-01-01,2013,1,Thrissur,Coastal Tuna,Euthynnus affinis,78468.2,1335,58.78
2013-01-01,2013,1,Malappuram,Oil Sardine,Sardinella longiceps,1543739.6,1899,812.92
2013-01-01,2013,1,Malappuram,Indian Mackerel,Rastrelliger kanagurta,646971.2,1899,340.69
2013-01-01,2013,1,Malappuram,Seer Fish,Scomberomorus commerson,179333.3,1899,94.44
2013-01-01,2013,1,Malappuram,Coastal Tuna,Euthynnus affinis,180967.5,1899,95.3
2013-01-01,2013,1,Kozhikode,Oil Sardine,Sardinella longiceps,5268996.1,2525,2086.73
2013-01-01,2013,1,Kozhikode,Indian Mackerel,Rastrelliger kanagurta,2024180.1,2525,801.66
2013-01-01,2013,1,Kozhikode,Seer Fish,Scomberomorus commerson,574349.1,2525,227.46
2013-01-01,2013,1,Kozhikode,Coastal Tuna,Euthynnus affinis,595951.5,2525,236.02
2013-01-01,2013,1,Kannur,Oil Sardine,Sardinella longiceps,1889106.5,1915,986.48
2013-01-01,2013,1,Kannur,Indian Mackerel,Rastrelliger kanagurta,900306.9,1915,470.13
2013-01-01,2013,1,Kannur,Seer Fish,Scomberomorus commerson,280506.9,1915,146.48
2013-01-01,2013,1,Kannur,Coastal Tuna,Euthynnus affinis,230094.4,1915,120.15
2013-01-01,2013,1,Kasaragod,Oil Sardine,Sardinella longiceps,1053566.3,1524,691.32
2013-01-01,2013,1,Kasaragod,Indian Mackerel,Rastrelliger kanagurta,323008.7,1524,211.95
2013-01-01,2013,1,Kasaragod,Seer Fish,Scomberomorus commerson,84701.8,1524,55.58
2013-01-01,2013,1,Kasaragod,Coastal Tuna,Euthynnus affinis,133016.9,1524,87.28
2013-02-01,2013,2,Thiruvananthapuram,Oil Sardine,Sardinella longiceps,1668194.7,1935,862.12
2013-02-01,2013,2,Thiruvananthapuram,Indian Mackerel,Rastrelliger kanagurta,917094.2,1935,473.95
2013-02-01,2013,2,Thiruvananthapuram,Seer Fish,Scomberomorus commerson,177393.5,1935,91.68
2013-02-01,2013,2,Thiruvananthapuram,Coastal Tuna,Euthynnus affinis,238574.0,1935,123.29
2013-02-01,2013,2,Kollam,Oil Sardine,Sardinella longiceps,7912197.8,3534,2238.88
2013-02-01,2013,2,Kollam,Indian Mackerel,Rastrelliger kanagurta,3080014.8,3534,871.54
2013-02-01,2013,2,Kollam,Seer Fish,Scomberomorus commerson,795669.6,3534,225.15
2013-02-01,2013,2,Kollam,Coastal Tuna,Euthynnus affinis,1116246.6,3534,315.86
2013-02-01,2013,2,Alappuzha,Oil Sardine,Sardinella longiceps,3748004.5,2335,1605.14
2013-02-01,2013,2,Alappuzha,Indian Mackerel,Rastrelliger kanagurta,1385248.4,2335,593.25
2013-02-01,2013,2,Alappuzha,Seer Fish,Scomberomorus commerson,396746.9,2335,169.91
2013-02-01,2013,2,Alappuzha,Coastal Tuna,Euthynnus affinis,515573.3,2335,220.8
2013-02-01,2013,2,Ernakulam,Oil Sardine,Sardinella longiceps,6073097.8,2922,2078.4
2013-02-01,2013,2,Ernakulam,Indian Mackerel,Rastrelliger kanagurta,2488951.7,2922,851.8
2013-02-01,2013,2,Ernakulam,Seer Fish,Scomberomorus commerson,574348.4,2922,196.56
2013-02-01,2013,2,Ernakulam,Coastal Tuna,Euthynnus affinis,751238.0,2922,257.1
2013-02-01,2013,2,Thrissur,Oil Sardine,Sardinella longiceps,456588.8,1426,320.19
2013-02-01,2013,2,Thrissur,Indian Mackerel,Rastrelliger kanagurta,343531.6,1426,240.91
2013-02-01,2013,2,Thrissur,Seer Fish,Scomberomorus commerson,70740.7,1426,49.61
2013-02-01,2013,2,Thrissur,Coastal Tuna,Euthynnus affinis,78780.2,1426,55.25
2013-02-01,2013,2,Malappuram,Oil Sardine,Sardinella longiceps,1833099.6,2065,887.7
2013-02-01,2013,2,Malappuram,Indian Mackerel,Rastrelliger kanagurta,801381.6,2065,388.08
2013-02-01,2013,2,Malappuram,Seer Fish,Scomberomorus commerson,171200.4,2065,82.91
2013-02-01,2013,2,Malappuram,Coastal Tuna,Euthynnus affinis,203135.0,2065,98.37
2013-02-01,2013,2,Kozhikode,Oil Sardine,Sardinella longiceps,6440192.9,3160,2038.04
2013-02-01,2013,2,Kozhikode,Indian Mackerel,Rastrelliger kanagurta,2817409.9,3160,891.59
2013-02-01,2013,2,Kozhikode,Seer Fish,Scomberomorus commerson,716585.3,3160,226.77
2013-02-01,2013,2,Kozhikode,Coastal Tuna,Euthynnus affinis,677215.4,3160,214.31
2013-02-01,2013,2,Kannur,Oil Sardine,Sardinella longiceps,2029856.4,1837,1104.98
2013-02-01,2013,2,Kannur,Indian Mackerel,Rastrelliger kanagurta,763543.4,1837,415.65
2013-02-01,2013,2,Kannur,Seer Fish,Scomberomorus commerson,157166.9,1837,85.56
2013-02-01,2013,2,Kannur,Coastal Tuna,Euthynnus affinis,265554.4,1837,144.56
2013-02-01,2013,2,Kasaragod,Oil Sardine,Sardinella longiceps,1013574.3,1401,723.46
2013-02-01,2013,2,Kasaragod,Indian Mackerel,Rastrelliger kanagurta,404192.0,1401,288.5
2013-02-01,2013,2,Kasaragod,Seer Fish,Scomberomorus commerson,87557.7,1401,62.5
2013-02-01,2013,2,Kasaragod,Coastal Tuna,Euthynnus affinis,95972.2,1401,68.5
2013-03-01,2013,3,Thiruvananthapuram,Oil Sardine,Sardinella longiceps,1322931.0,2193,603.25
2013-03-01,2013,3,Thiruvananthapuram,Indian Mackerel,Rastrelliger kanagurta,899161.6,2193,410.01
2013-03-01,2013,3,Thiruvananthapuram,Seer Fish,Scomberomorus commerson,258184.9,2193,117.73
2013-03-01,2013,3,Thiruvananthapuram,Coastal Tuna,Euthynnus affinis,335248.7,2193,152.87
2013-03-01,2013,3,Kollam,Oil Sardine,Sardinella longiceps,3701479.7,2863,1292.87
2013-03-01,2013,3,Kollam,Indian Mackerel,Rastrelliger kanagurta,2721246.6,2863,950.49
2013-03-01,2013,3,Kollam,Seer Fish,Scomberomorus commerson,700648.2,2863,244.73
2013-03-01,2013,3,Kollam,Coastal Tuna,Euthynnus affinis,1018993.4,2863,355.92
2013-03-01,2013,3,Alappuzha,Oil Sardine,Sardinella longiceps,2319038.7,2452,945.77
2013-03-01,2013,3,Alappuzha,Indian Mackerel,Rastrelliger kanagurta,1680485.6,2452,685.35
2013-03-01,2013,3,Alappuzha,Seer Fish,Scomberomorus commerson,326878.1,2452,133.31
2013-03-01,2013,3,Alappuzha,Coastal Tuna,Euthynnus affinis,502767.0,2452,205.04
2013-03-01,2013,3,Ernakulam,Oil Sardine,Sardinella longiceps,3450058.0,2120,1627.39
2013-03-01,2013,3,Ernakulam,Indian Mackerel,Rastrelliger kanagurta,2067998.5,2120,975.47
2013-03-01,2013,3,Ernakulam,Seer Fish,Scomberomorus commerson,504222.0,2120,237.84
2013-03-01,2013,3,Ernakulam,Coastal Tuna,Euthynnus affinis,700506.6,2120,330.43
2013-03-01,2013,3,Thrissur,Oil Sardine,Sardinella longiceps,467831.3,1431,326.93
2013-03-01,2013,3,Thrissur,Indian Mackerel,Rastrelliger kanagurta,246363.7,1431,172.16
2013-03-01,2013,3,Thrissur,Seer Fish,Scomberomorus commerson,74092.3,1431,51.78
2013-03-01,2013,3,Thrissur,Coastal Tuna,Euthynnus affinis,110816.3,1431,77.44
2013-03-01,2013,3,Malappuram,Oil Sardine,Sardinella longiceps,1239133.8,1889,655.97
2013-03-01,2013,3,Malappuram,Indian Mackerel,Rastrelliger kanagurta,586808.4,1889,310.64
2013-03-01,2013,3,Malappuram,Seer Fish,Scomberomorus commerson,199424.5,1889,105.57
2013-03-01,2013,3,Malappuram,Coastal Tuna,Euthynnus affinis,246084.2,1889,130.27
2013-03-01,2013,3,Kozhikode,Oil Sardine,Sardinella longiceps,4919112.4,3120,1576.64
2013-03-01,2013,3,Kozhikode,Indian Mackerel,Rastrelliger kanagurta,2431464.1,3120,779.32
2013-03-01,2013,3,Kozhikode,Seer Fish,Scomberomorus commerson,689833.3,3120,221.1
2013-03-01,2013,3,Kozhikode,Coastal Tuna,Euthynnus affinis,914458.6,3120,293.1
2013-03-01,2013,3,Kannur,Oil Sardine,Sardinella longiceps,2025992.3,2380,851.26
2013-03-01,2013,3,Kannur,Indian Mackerel,Rastrelliger kanagurta,1143619.1,2380,480.51
2013-03-01,2013,3,Kannur,Seer Fish,Scomberomorus commerson,348561.1,2380,146.45
2013-03-01,2013,3,Kannur,Coastal Tuna,Euthynnus affinis,450489.1,2380,189.28
2013-03-01,2013,3,Kasaragod,Oil Sardine,Sardinella longiceps,580656.7,1476,393.4
2013-03-01,2013,3,Kasaragod,Indian Mackerel,Rastrelliger kanagurta,285182.5,1476,193.21
2013-03-01,2013,3,Kasaragod,Seer Fish,Scomberomorus commerson,89006.3,1476,60.3
2013-03-01,2013,3,Kasaragod,Coastal Tuna,Euthynnus affinis,131504.5,1476,89.1
2013-04-01,2013,4,Thiruvananthapuram,Oil Sardine,Sardinella longiceps,864418.9,2039,423.94
2013-04-01,2013,4,Thiruvananthapuram,Indian Mackerel,Rastrelliger kanagurta,706160.7,2039,346.33
2013-04-01,2013,4,Thiruvananthapuram,Seer Fish,Scomberomorus commerson,222970.2,2039,109.35
2013-04-01,2013,4,Thiruvananthapuram,Coastal Tuna,Euthynnus affinis,307048.5,2039,150.59
2013-04-01,2013,4,Kollam,Oil Sardine,Sardinella longiceps,2520123.5,3031,831.45
2013-04-01,2013,4,Kollam,Indian Mackerel,Rastrelliger kanagurta,2270684.4,3031,749.15
2013-04-01,2013,4,Kollam,Seer Fish,Scomberomorus commerson,700391.0,3031,231.08
2013-04-01,2013,4,Kollam,Coastal Tuna,Euthynnus affinis,856752.9,3031,282.66
2013-04-01,2013,4,Alappuzha,Oil Sardine,Sardinella longiceps,2062929.1,2618,787.98
2013-04-01,2013,4,Alappuzha,Indian Mackerel,Rastrelliger kanagurta,1103028.2,2618,421.32
2013-04-01,2013,4,Alappuzha,Seer Fish,Scomberomorus commerson,420200.5,2618,160.5
2013-04-01,2013,4,Alappuzha,Coastal Tuna,Euthynnus affinis,583783.3,2618,222.99
2013-04-01,2013,4,Ernakulam,Oil Sardine,Sardinella longiceps,2338249.1,2815,830.64
2013-04-01,2013,4,Ernakulam,Indian Mackerel,Rastrelliger kanagurta,1911389.8,2815,679.0
2013-04-01,2013,4,Ernakulam,Seer Fish,Scomberomorus commerson,582338.7,2815,206.87
2013-04-01,2013,4,Ernakulam,Coastal Tuna,Euthynnus affinis,752224.9,2815,267.22
2013-04-01,2013,4,Thrissur,Oil Sardine,Sardinella longiceps,346348.2,1536,225.49
2013-04-01,2013,4,Thrissur,Indian Mackerel,Rastrelliger kanagurta,210715.3,1536,137.18
2013-04-01,2013,4,Thrissur,Seer Fish,Scomberomorus commerson,64753.5,1536,42.16
2013-04-01,2013,4,Thrissur,Coastal Tuna,Euthynnus affinis,91089.0,1536,59.3
2013-04-01,2013,4,Malappuram,Oil Sardine,Sardinella longiceps,555853.0,1681,330.67
2013-04-01,2013,4,Malappuram,Indian Mackerel,Rastrelliger kanagurta,388740.5,1681,231.26
2013-04-01,2013,4,Malappuram,Seer Fish,Scomberomorus commerson,132466.9,1681,78.8
2013-04-01,2013,4,Malappuram,Coastal Tuna,Euthynnus affinis,249362.9,1681,148.34
2013-04-01,2013,4,Kozhikode,Oil Sardine,Sardinella longiceps,1913225.6,2515,760.73
2013-04-01,2013,4,Kozhikode,Indian Mackerel,Rastrelliger kanagurta,1767283.8,2515,702.7
2013-04-01,2013,4,Kozhikode,Seer Fish,Scomberomorus commerson,473766.4,2515,188.38
2013-04-01,2013,4,Kozhikode,Coastal Tuna,Euthynnus affinis,800615.6,2515,318.34
2013-04-01,2013,4,Kannur,Oil Sardine,Sardinella longiceps,1348563.5,2579,522.9
2013-04-01,2013,4,Kannur,Indian Mackerel,Rastrelliger kanagurta,970613.1,2579,376.35
2013-04-01,2013,4,Kannur,Seer Fish,Scomberomorus commerson,341770.0,2579,132.52
2013-04-01,2013,4,Kannur,Coastal Tuna,Euthynnus affinis,385493.3,2579,149.47
2013-04-01,2013,4,Kasaragod,Oil Sardine,Sardinella longiceps,331800.3,1659,200.0
2013-04-01,2013,4,Kasaragod,Indian Mackerel,Rastrelliger kanagurta,244685.1,1659,147.49
2013-04-01,2013,4,Kasaragod,Seer Fish,Scomberomorus commerson,97980.0,1659,59.06
2013-04-01,2013,4,Kasaragod,Coastal Tuna,Euthynnus affinis,158853.3,1659,95.75
2013-05-01,2013,5,Thiruvananthapuram,Oil Sardine,Sardinella longiceps,1167644.0,1896,615.85
2013-05-01,2013,5,Thiruvananthapuram,Indian Mackerel,Rastrelliger kanagurta,672150.0,1896,354.51
2013-05-01,2013,5,Thiruvananthapuram,Seer Fish,Scomberomorus commerson,191464.8,1896,100.98
2013-05-01,2013,5,Thiruvananthapuram,Coastal Tuna,Euthynnus affinis,257903.8,1896,136.03
2013-05-01,2013,5,Kollam,Oil Sardine,Sardinella longiceps,3563614.9,3027,1177.28
2013-05-01,2013,5,Kollam,Indian Mackerel,Rastrelliger kanagurta,2604445.8,3027,860.4
2013-05-01,2013,5,Kollam,Seer Fish,Scomberomorus commerson,569344.8,3027,188.09
2013-05-01,2013,5,Kollam,Coastal Tuna,Euthynnus affinis,1184602.1,3027,391.35
2013-05-01,2013,5,Alappuzha,Oil Sardine,Sardinella longiceps,2632862.3,2876,915.46
2013-05-01,2013,5,Alappuzha,Indian Mackerel,Rastrelliger kanagurta,1604732.2,2876,557.97
2013-05-01,2013,5,Alappuzha,Seer Fish,Scomberomorus commerson,490258.7,2876,170.47
2013-05-01,2013,5,Alappuzha,Coastal Tuna,Euthynnus affinis,608073.5,2876,211.43
2013-05-01,2013,5,Ernakulam,Oil Sardine,Sardinella longiceps,3360540.9,2569,1308.11
2013-05-01,2013,5,Ernakulam,Indian Mackerel,Rastrelliger kanagurta,2047161.6,2569,796.87
2013-05-01,2013,5,Ernakulam,Seer Fish,Scomberomorus commerson,643812.8,2569,250.61
2013-05-01,2013,5,Ernakulam,Coastal Tuna,Euthynnus affinis,767881.9,2569,298.9
2013-05-01,2013,5,Thrissur,Oil Sardine,Sardinella longiceps,302801.0,956,316.74
2013-05-01,2013,5,Thrissur,Indian Mackerel,Rastrelliger kanagurta,176390.9,956,184.51
2013-05-01,2013,5,Thrissur,Seer Fish,Scomberomorus commerson,48771.0,956,51.02
2013-05-01,2013,5,Thrissur,Coastal Tuna,Euthynnus affinis,65207.9,956,68.21
2013-05-01,2013,5,Malappuram,Oil Sardine,Sardinella longiceps,899332.5,1674,537.24
2013-05-01,2013,5,Malappuram,Indian Mackerel,Rastrelliger kanagurta,530415.3,1674,316.86
2013-05-01,2013,5,Malappuram,Seer Fish,Scomberomorus commerson,176494.2,1674,105.43
2013-05-01,2013,5,Malappuram,Coastal Tuna,Euthynnus affinis,220636.7,1674,131.8
2013-05-01,2013,5,Kozhikode,Oil Sardine,Sardinella longiceps,3065964.7,2520,1216.65
2013-05-01,2013,5,Kozhikode,Indian Mackerel,Rastrelliger kanagurta,2120823.4,2520,841.6
2013-05-01,2013,5,Kozhikode,Seer Fish,Scomberomorus commerson,578611.5,2520,229.61
2013-05-01,2013,5,Kozhikode,Coastal Tuna,Euthynnus affinis,800411.6,2520,317.62
2013-05-01,2013,5,Kannur,Oil Sardine,Sardinella longiceps,1455627.9,1893,768.95
2013-05-01,2013,5,Kannur,Indian Mackerel,Rastrelliger kanagurta,623738.1,1893,329.5
2013-05-01,2013,5,Kannur,Seer Fish,Scomberomorus commerson,292962.0,1893,154.76
2013-05-01,2013,5,Kannur,Coastal Tuna,Euthynnus affinis,303352.1,1893,160.25
2013-05-01,2013,5,Kasaragod,Oil Sardine,Sardinella longiceps,628215.1,1507,416.86
2013-05-01,2013,5,Kasaragod,Indian Mackerel,Rastrelliger kanagurta,354668.0,1507,235.35
2013-05-01,2013,5,Kasaragod,Seer Fish,Scomberomorus commerson,109109.4,1507,72.4
2013-05-01,2013,5,Kasaragod,Coastal Tuna,Euthynnus affinis,114877.2,1507,76.23
2013-06-01,2013,6,Thiruvananthapuram,Oil Sardine,Sardinella longiceps,2118516.1,365,5804.15
2013-06-01,2013,6,Thiruvananthapuram,Indian Mackerel,Rastrelliger kanagurta,460801.0,365,1262.47
2013-06-01,2013,6,Thiruvananthapuram,Seer Fish,Scomberomorus commerson,104883.0,365,287.35
2013-06-01,2013,6,Thiruvananthapuram,Coastal Tuna,Euthynnus affinis,107750.6,365,295.21
2013-06-01,2013,6,Kollam,Oil Sardine,Sardinella longiceps,7730270.1,681,11351.35
2013-06-01,2013,6,Kollam,Indian Mackerel,Rastrelliger kanagurta,2187123.4,681,3211.63
2013-06-01,2013,6,Kollam,Seer Fish,Scomberomorus commerson,367158.3,681,539.15
2013-06-01,2013,6,Kollam,Coastal Tuna,Euthynnus affinis,550739.9,681,808.72
2013-06-01,2013,6,Alappuzha,Oil Sardine,Sardinella longiceps,3591164.4,538,6675.03
2013-06-01,2013,6,Alappuzha,Indian Mackerel,Rastrelliger kanagurta,1089105.7,538,2024.36
2013-06-01,2013,6,Alappuzha,Seer Fish,Scomberomorus commerson,205646.6,538,382.24
2013-06-01,2013,6,Alappuzha,Coastal Tuna,Euthynnus affinis,297541.0,538,553.05
2013-06-01,2013,6,Ernakulam,Oil Sardine,Sardinella longiceps,6127037.2,578,10600.41
2013-06-01,2013,6,Ernakulam,Indian Mackerel,Rastrelliger kanagurta,1488579.5,578,2575.4
2013-06-01,2013,6,Ernakulam,Seer Fish,Scomberomorus commerson,320573.6,578,554.63
2013-06-01,2013,6,Ernakulam,Coastal Tuna,Euthynnus affinis,455826.7,578,788.63
2013-06-01,2013,6,Thrissur,Oil Sardine,Sardinella longiceps,558511.2,278,2009.03
2013-06-01,2013,6,Thrissur,Indian Mackerel,Rastrelliger kanagurta,162803.7,278,585.62
2013-06-01,2013,6,Thrissur,Seer Fish,Scomberomorus commerson,36672.2,278,131.91
2013-06-01,2013,6,Thrissur,Coastal Tuna,Euthynnus affinis,42755.5,278,153.8
2013-06-01,2013,6,Malappuram,Oil Sardine,Sardinella longiceps,1839396.5,449,4096.65
2013-06-01,2013,6,Malappuram,Indian Mackerel,Rastrelliger kanagurta,485602.3,449,1081.52
2013-06-01,2013,6,Malappuram,Seer Fish,Scomberomorus commerson,114852.2,449,255.8
2013-06-01,2013,6,Malappuram,Coastal Tuna,Euthynnus affinis,123670.8,449,275.44
2013-06-01,2013,6,Kozhikode,Oil Sardine,Sardinella longiceps,4694605.4,531,8841.06
2013-06-01,2013,6,Kozhikode,Indian Mackerel,Rastrelliger kanagurta,1563341.7,531,2944.15
2013-06-01,2013,6,Kozhikode,Seer Fish,Scomberomorus commerson,269155.0,531,506.88
2013-06-01,2013,6,Kozhikode,Coastal Tuna,Euthynnus affinis,342877.5,531,645.72
2013-06-01,2013,6,Kannur,Oil Sardine,Sardinella longiceps,2129808.2,375,5679.49
2013-06-01,2013,6,Kannur,Indian Mackerel,Rastrelliger kanagurta,526619.8,375,1404.32
2013-06-01,2013,6,Kannur,Seer Fish,Scomberomorus commerson,108385.9,375,289.03
2013-06-01,2013,6,Kannur,Coastal Tuna,Euthynnus affinis,157657.1,375,420.42
2013-06-01,2013,6,Kasaragod,Oil Sardine,Sardinella longiceps,930625.8,357,2606.79
2013-06-01,2013,6,Kasaragod,Indian Mackerel,Rastrelliger kanagurta,296648.9,357,830.95
2013-06-01,2013,6,Kasaragod,Seer Fish,Scomberomorus commerson,60605.7,357,169.76
2013-06-01,2013,6,Kasaragod,Coastal Tuna,Euthynnus affinis,80115.5,357,224.41
2013-07-01,2013,7,Thiruvananthapuram,Oil Sardine,Sardinella longiceps,2186601.1,464,4712.5
2013-07-01,2013,7,Thiruvananthapuram,Indian Mackerel,Rastrelliger kanagurta,518984.2,464,1118.5
2013-07-01,2013,7,Thiruvananthapuram,Seer Fish,Scomberomorus commerson,93414.9,464,201.33
2013-07-01,2013,7,Thiruvananthapuram,Coastal Tuna,Euthynnus affinis,100835.7,464,217.32
2013-07-01,2013,7,Kollam,Oil Sardine,Sardinella longiceps,7342704.1,668,10992.07
2013-07-01,2013,7,Kollam,Indian Mackerel,Rastrelliger kanagurta,1827435.5,668,2735.68
2013-07-01,2013,7,Kollam,Seer Fish,Scomberomorus commerson,335329.9,668,501.99
2013-07-01,2013,7,Kollam,Coastal Tuna,Euthynnus affinis,385084.3,668,576.47
2013-07-01,2013,7,Alappuzha,Oil Sardine,Sardinella longiceps,2806416.1,480,5846.7
2013-07-01,2013,7,Alappuzha,Indian Mackerel,Rastrelliger kanagurta,706219.0,480,1471.29
2013-07-01,2013,7,Alappuzha,Seer Fish,Scomberomorus commerson,168959.5,480,352.0
2013-07-01,2013,7,Alappuzha,Coastal Tuna,Euthynnus affinis,158487.3,480,330.18
2013-07-01,2013,7,Ernakulam,Oil Sardine,Sardinella longiceps,6231068.1,655,9513.08
2013-07-01,2013,7,Ernakulam,Indian Mackerel,Rastrelliger kanagurta,1701107.3,655,2597.11
2013-07-01,2013,7,Ernakulam,Seer Fish,Scomberomorus commerson,288732.8,655,440.81
2013-07-01,2013,7,Ernakulam,Coastal Tuna,Euthynnus affinis,323691.6,655,494.19
2013-07-01,2013,7,Thrissur,Oil Sardine,Sardinella longiceps,494858.2,276,1792.96
2013-07-01,2013,7,Thrissur,Indian Mackerel,Rastrelliger kanagurta,151719.8,276,549.71
2013-07-01,2013,7,Thrissur,Seer Fish,Scomberomorus commerson,27351.5,276,99.1
2013-07-01,2013,7,Thrissur,Coastal Tuna,Euthynnus affinis,32159.4,276,116.52
2013-07-01,2013,7,Malappuram,Oil Sardine,Sardinella longiceps,1453044.6,325,4470.91
2013-07-01,2013,7,Malappuram,Indian Mackerel,Rastrelliger kanagurta,288086.4,325,886.42
2013-07-01,2013,7,Malappuram,Seer Fish,Scomberomorus commerson,56857.1,325,174.94
2013-07-01,2013,7,Malappuram,Coastal Tuna,Euthynnus affinis,69795.6,325,214.76
2013-07-01,2013,7,Kozhikode,Oil Sardine,Sardinella longiceps,6060972.9,571,10614.66
2013-07-01,2013,7,Kozhikode,Indian Mackerel,Rastrelliger kanagurta,1244816.4,571,2180.06
2013-07-01,2013,7,Kozhikode,Seer Fish,Scomberomorus commerson,224580.5,571,393.31
2013-07-01,2013,7,Kozhikode,Coastal Tuna,Euthynnus affinis,221555.2,571,388.01
2013-07-01,2013,7,Kannur,Oil Sardine,Sardinella longiceps,1658110.2,309,5366.05
2013-07-01,2013,7,Kannur,Indian Mackerel,Rastrelliger kanagurta,346660.3,309,1121.88
2013-07-01,2013,7,Kannur,Seer Fish,Scomberomorus commerson,67971.1,309,219.97
2013-07-01,2013,7,Kannur,Coastal Tuna,Euthynnus affinis,85370.3,309,276.28
2013-07-01,2013,7,Kasaragod,Oil Sardine,Sardinella longiceps,620508.9,236,2629.28
2013-07-01,2013,7,Kasaragod,Indian Mackerel,Rastrelliger kanagurta,149877.3,236,635.07
2013-07-01,2013,7,Kasaragod,Seer Fish,Scomberomorus commerson,30960.3,236,131.19
2013-07-01,2013,7,Kasaragod,Coastal Tuna,Euthynnus affinis,27466.5,236,116.38
2013-08-01,2013,8,Thiruvananthapuram,Oil Sardine,Sardinella longiceps,6848746.3,1939,3532.1
2013-08-01,2013,8,Thiruvananthapuram,Indian Mackerel,Rastrelliger kanagurta,1713095.8,1939,883.49
2013-08-01,2013,8,Thiruvananthapuram,Seer Fish,Scomberomorus commerson,382666.0,1939,197.35
2013-08-01,2013,8,Thiruvananthapuram,Coastal Tuna,Euthynnus affinis,310937.2,1939,160.36
2013-08-01,2013,8,Kollam,Oil Sardine,Sardinella longiceps,19036799.0,2243,8487.2
2013-08-01,2013,8,Kollam,Indian Mackerel,Rastrelliger kanagurta,4612146.0,2243,2056.24
2013-08-01,2013,8,Kollam,Seer Fish,Scomberomorus commerson,945426.2,2243,421.5
2013-08-01,2013,8,Kollam,Coastal Tuna,Euthynnus affinis,1011674.7,2243,451.04
2013-08-01,2013,8,Alappuzha,Oil Sardine,Sardinella longiceps,10132201.1,1943,5214.72
2013-08-01,2013,8,Alappuzha,Indian Mackerel,Rastrelliger kanagurta,2705704.9,1943,1392.54
2013-08-01,2013,8,Alappuzha,Seer Fish,Scomberomorus commerson,500354.2,1943,257.52
2013-08-01,2013,8,Alappuzha,Coastal Tuna,Euthynnus affinis,485709.5,1943,249.98
2013-08-01,2013,8,Ernakulam,Oil Sardine,Sardinella longiceps,24418386.5,2849,8570.86
2013-08-01,2013,8,Ernakulam,Indian Mackerel,Rastrelliger kanagurta,4399229.3,2849,1544.13
2013-08-01,2013,8,Ernakulam,Seer Fish,Scomberomorus commerson,1114357.4,2849,391.14
2013-08-01,2013,8,Ernakulam,Coastal Tuna,Euthynnus affinis,1137636.3,2849,399.31
2013-08-01,2013,8,Thrissur,Oil Sardine,Sardinella longiceps,2265309.8,1446,1566.6
2013-08-01,2013,8,Thrissur,Indian Mackerel,Rastrelliger kanagurta,567423.5,1446,392.41
2013-08-01,2013,8,Thrissur,Seer Fish,Scomberomorus commerson,118330.9,1446,81.83
2013-08-01,2013,8,Thrissur,Coastal Tuna,Euthynnus affinis,117950.0,1446,81.57
2013-08-01,2013,8,Malappuram,Oil Sardine,Sardinella longiceps,4824687.1,1841,2620.69
2013-08-01,2013,8,Malappuram,Indian Mackerel,Rastrelliger kanagurta,1711879.6,1841,929.86
2013-08-01,2013,8,Malappuram,Seer Fish,Scomberomorus commerson,269164.2,1841,146.21
2013-08-01,2013,8,Malappuram,Coastal Tuna,Euthynnus affinis,307797.9,1841,167.19
2013-08-01,2013,8,Kozhikode,Oil Sardine,Sardinella longiceps,16408584.0,2370,6923.45
2013-08-01,2013,8,Kozhikode,Indian Mackerel,Rastrelliger kanagurta,4656275.8,2370,1964.67
2013-08-01,2013,8,Kozhikode,Seer Fish,Scomberomorus commerson,756540.5,2370,319.22
2013-08-01,2013,8,Kozhikode,Coastal Tuna,Euthynnus affinis,697570.9,2370,294.33
2013-08-01,2013,8,Kannur,Oil Sardine,Sardinella longiceps,10365620.6,2319,4469.87
2013-08-01,2013,8,Kannur,Indian Mackerel,Rastrelliger kanagurta,2251510.0,2319,970.9
2013-08-01,2013,8,Kannur,Seer Fish,Scomberomorus commerson,421206.0,2319,181.63
2013-08-01,2013,8,Kannur,Coastal Tuna,Euthynnus affinis,437768.5,2319,188.77
2013-08-01,2013,8,Kasaragod,Oil Sardine,Sardinella longiceps,3201171.3,1611,1987.07
2013-08-01,2013,8,Kasaragod,Indian Mackerel,Rastrelliger kanagurta,964834.1,1611,598.9
2013-08-01,2013,8,Kasaragod,Seer Fish,Scomberomorus commerson,168553.9,1611,104.63
2013-08-01,2013,8,Kasaragod,Coastal Tuna,Euthynnus affinis,174990.1,1611,108.62
2013-09-01,2013,9,Thiruvananthapuram,Oil Sardine,Sardinella longiceps,5315844.7,1711,3106.86
2013-09-01,2013,9,Thiruvananthapuram,Indian Mackerel,Rastrelliger kanagurta,1455539.1,1711,850.69
2013-09-01,2013,9,Thiruvananthapuram,Seer Fish,Scomberomorus commerson,293421.6,1711,171.49
2013-09-01,2013,9,Thiruvananthapuram,Coastal Tuna,Euthynnus affinis,308975.5,1711,180.58
2013-09-01,2013,9,Kollam,Oil Sardine,Sardinella longiceps,17057620.0,2678,6369.54
2013-09-01,2013,9,Kollam,Indian Mackerel,Rastrelliger kanagurta,5138656.8,2678,1918.84
2013-09-01,2013,9,Kollam,Seer Fish,Scomberomorus commerson,1053129.3,2678,393.25
2013-09-01,2013,9,Kollam,Coastal Tuna,Euthynnus affinis,1133947.7,2678,423.43
2013-09-01,2013,9,Alappuzha,Oil Sardine,Sardinella longiceps,11165522.1,2722,4101.96
2013-09-01,2013,9,Alappuzha,Indian Mackerel,Rastrelliger kanagurta,3354251.6,2722,1232.27
2013-09-01,2013,9,Alappuzha,Seer Fish,Scomberomorus commerson,621747.5,2722,228.42
2013-09-01,2013,9,Alappuzha,Coastal Tuna,Euthynnus affinis,879174.2,2722,322.99
2013-09-01,2013,9,Ernakulam,Oil Sardine,Sardinella longiceps,19182174.7,3434,5585.96
2013-09-01,2013,9,Ernakulam,Indian Mackerel,Rastrelliger kanagurta,6020014.7,3434,1753.06
2013-09-01,2013,9,Ernakulam,Seer Fish,Scomberomorus commerson,1259684.9,3434,366.83
2013-09-01,2013,9,Ernakulam,Coastal Tuna,Euthynnus affinis,1517953.4,3434,442.04
2013-09-01,2013,9,Thrissur,Oil Sardine,Sardinella longiceps,1605827.0,1488,1079.18
2013-09-01,2013,9,Thrissur,Indian Mackerel,Rastrelliger kanagurta,570239.8,1488,383.23
2013-09-01,2013,9,Thrissur,Seer Fish,Scomberomorus commerson,114083.1,1488,76.67
2013-09-01,2013,9,Thrissur,Coastal Tuna,Euthynnus affinis,139179.2,1488,93.53
2013-09-01,2013,9,Malappuram,Oil Sardine,Sardinella longiceps,4542049.2,1812,2506.65
2013-09-01,2013,9,Malappuram,Indian Mackerel,Rastrelliger kanagurta,1487137.8,1812,820.72
2013-09-01,2013,9,Malappuram,Seer Fish,Scomberomorus commerson,296942.0,1812,163.88
2013-09-01,2013,9,Malappuram,Coastal Tuna,Euthynnus affinis,331462.5,1812,182.93
2013-09-01,2013,9,Kozhikode,Oil Sardine,Sardinella longiceps,14368831.3,2689,5343.56
2013-09-01,2013,9,Kozhikode,Indian Mackerel,Rastrelliger kanagurta,5417257.3,2689,2014.6
2013-09-01,2013,9,Kozhikode,Seer Fish,Scomberomorus commerson,1073150.2,2689,399.09
2013-09-01,2013,9,Kozhikode,Coastal Tuna,Euthynnus affinis,1160800.3,2689,431.68
2013-09-01,2013,9,Kannur,Oil Sardine,Sardinella longiceps,6280913.4,2351,2671.59
2013-09-01,2013,9,Kannur,Indian Mackerel,Rastrelliger kanagurta,2353451.3,2351,1001.04
2013-09-01,2013,9,Kannur,Seer Fish,Scomberomorus commerson,504184.4,2351,214.46
2013-09-01,2013,9,Kannur,Coastal Tuna,Euthynnus affinis,591030.5,2351,251.4
2013-09-01,2013,9,Kasaragod,Oil Sardine,Sardinella longiceps,2537853.8,1427,1778.45
2013-09-01,2013,9,Kasaragod,Indian Mackerel,Rastrelliger kanagurta,816965.0,1427,572.51
2013-09-01,2013,9,Kasaragod,Seer Fish,Scomberomorus commerson,147741.1,1427,103.53
2013-09-01,2013,9,Kasaragod,Coastal Tuna,Euthynnus affinis,171382.7,1427,120.1
2013-10-01,2013,10,Thiruvananthapuram,Oil Sardine,Sardinella longiceps,1702636.1,1949,873.59
2013-10-01,2013,10,Thiruvananthapuram,Indian Mackerel,Rastrelliger kanagurta,829680.7,1949,425.7
2013-10-01,2013,10,Thiruvananthapuram,Seer Fish,Scomberomorus commerson,250500.3,1949,128.53
2013-10-01,2013,10,Thiruvananthapuram,Coastal Tuna,Euthynnus affinis,230458.3,1949,118.24
2013-10-01,2013,10,Kollam,Oil Sardine,Sardinella longiceps,5634417.2,2710,2079.12
2013-10-01,2013,10,Kollam,Indian Mackerel,Rastrelliger kanagurta,2799004.2,2710,1032.84
2013-10-01,2013,10,Kollam,Seer Fish,Scomberomorus commerson,629204.0,2710,232.18
2013-10-01,2013,10,Kollam,Coastal Tuna,Euthynnus affinis,867268.8,2710,320.03
2013-10-01,2013,10,Alappuzha,Oil Sardine,Sardinella longiceps,3377567.6,2426,1392.24
2013-10-01,2013,10,Alappuzha,Indian Mackerel,Rastrelliger kanagurta,1401234.7,2426,577.59
2013-10-01,2013,10,Alappuzha,Seer Fish,Scomberomorus commerson,501697.9,2426,206.8
2013-10-01,2013,10,Alappuzha,Coastal Tuna,Euthynnus affinis,501257.9,2426,206.62
2013-10-01,2013,10,Ernakulam,Oil Sardine,Sardinella longiceps,6190946.2,3122,1983.01
2013-10-01,2013,10,Ernakulam,Indian Mackerel,Rastrelliger kanagurta,2861115.4,3122,916.44
2013-10-01,2013,10,Ernakulam,Seer Fish,Scomberomorus commerson,703199.9,3122,225.24
2013-10-01,2013,10,Ernakulam,Coastal Tuna,Euthynnus affinis,825363.2,3122,264.37
2013-10-01,2013,10,Thrissur,Oil Sardine,Sardinella longiceps,547786.7,1315,416.57
2013-10-01,2013,10,Thrissur,Indian Mackerel,Rastrelliger kanagurta,266390.7,1315,202.58
2013-10-01,2013,10,Thrissur,Seer Fish,Scomberomorus commerson,66801.5,1315,50.8
2013-10-01,2013,10,Thrissur,Coastal Tuna,Euthynnus affinis,81209.5,1315,61.76
2013-10-01,2013,10,Malappuram,Oil Sardine,Sardinella longiceps,1637944.1,2045,800.95
2013-10-01,2013,10,Malappuram,Indian Mackerel,Rastrelliger kanagurta,831325.3,2045,406.52
2013-10-01,2013,10,Malappuram,Seer Fish,Scomberomorus commerson,217777.2,2045,106.49
2013-10-01,2013,10,Malappuram,Coastal Tuna,Euthynnus affinis,243302.3,2045,118.97
2013-10-01,2013,10,Kozhikode,Oil Sardine,Sardinella longiceps,5770634.5,3045,1895.12
2013-10-01,2013,10,Kozhikode,Indian Mackerel,Rastrelliger kanagurta,2582633.6,3045,848.16
2013-10-01,2013,10,Kozhikode,Seer Fish,Scomberomorus commerson,584501.0,3045,191.95
2013-10-01,2013,10,Kozhikode,Coastal Tuna,Euthynnus affinis,962957.6,3045,316.24
2013-10-01,2013,10,Kannur,Oil Sardine,Sardinella longiceps,2470920.4,2319,1065.51
2013-10-01,2013,10,Kannur,Indian Mackerel,Rastrelliger kanagurta,1275176.2,2319,549.88
2013-10-01,2013,10,Kannur,Seer Fish,Scomberomorus commerson,279902.6,2319,120.7
2013-10-01,2013,10,Kannur,Coastal Tuna,Euthynnus affinis,383095.3,2319,165.2
2013-10-01,2013,10,Kasaragod,Oil Sardine,Sardinella longiceps,645558.7,1518,425.27
2013-10-01,2013,10,Kasaragod,Indian Mackerel,Rastrelliger kanagurta,359719.5,1518,236.97
2013-10-01,2013,10,Kasaragod,Seer Fish,Scomberomorus commerson,99138.1,1518,65.31
2013-10-01,2013,10,Kasaragod,Coastal Tuna,Euthynnus affinis,139733.6,1518,92.05
2013-11-01,2013,11,Thiruvananthapuram,Oil Sardine,Sardinella longiceps,1887340.9,2130,886.08
2013-11-01,2013,11,Thiruvananthapuram,Indian Mackerel,Rastrelliger kanagurta,1098265.1,2130,515.62
2013-11-01,2013,11,Thiruvananthapuram,Seer Fish,Scomberomorus commerson,296036.8,2130,138.98
2013-11-01,2013,11,Thiruvananthapuram,Coastal Tuna,Euthynnus affinis,338404.6,2130,158.88
2013-11-01,2013,11,Kollam,Oil Sardine,Sardinella longiceps,6358015.2,2713,2343.54
2013-11-01,2013,11,Kollam,Indian Mackerel,Rastrelliger kanagurta,2829036.2,2713,1042.77
2013-11-01,2013,11,Kollam,Seer Fish,Scomberomorus commerson,684046.3,2713,252.14
2013-11-01,2013,11,Kollam,Coastal Tuna,Euthynnus affinis,938132.5,2713,345.79
2013-11-01,2013,11,Alappuzha,Oil Sardine,Sardinella longiceps,3581896.7,2357,1519.68
2013-11-01,2013,11,Alappuzha,Indian Mackerel,Rastrelliger kanagurta,1473578.4,2357,625.19
2013-11-01,2013,11,Alappuzha,Seer Fish,Scomberomorus commerson,446983.0,2357,189.64
2013-11-01,2013,11,Alappuzha,Coastal Tuna,Euthynnus affinis,633474.6,2357,268.76
2013-11-01,2013,11,Ernakulam,Oil Sardine,Sardinella longiceps,6702818.3,2930,2287.65
2013-11-01,2013,11,Ernakulam,Indian Mackerel,Rastrelliger kanagurta,2997912.6,2930,1023.18
2013-11-01,2013,11,Ernakulam,Seer Fish,Scomberomorus commerson,802076.9,2930,273.75
2013-11-01,2013,11,Ernakulam,Coastal Tuna,Euthynnus affinis,891046.5,2930,304.11
2013-11-01,2013,11,Thrissur,Oil Sardine,Sardinella longiceps,734744.4,1335,550.37
2013-11-01,2013,11,Thrissur,Indian Mackerel,Rastrelliger kanagurta,262220.5,1335,196.42
2013-11-01,2013,11,Thrissur,Seer Fish,Scomberomorus commerson,62905.3,1335,47.12
2013-11-01,2013,11,Thrissur,Coastal Tuna,Euthynnus affinis,81014.2,1335,60.68
2013-11-01,2013,11,Malappuram,Oil Sardine,Sardinella longiceps,1418895.6,1831,774.93
2013-11-01,2013,11,Malappuram,Indian Mackerel,Rastrelliger kanagurta,878673.4,1831,479.89
2013-11-01,2013,11,Malappuram,Seer Fish,Scomberomorus commerson,202575.5,1831,110.64
2013-11-01,2013,11,Malappuram,Coastal Tuna,Euthynnus affinis,220041.2,1831,120.18
2013-11-01,2013,11,Kozhikode,Oil Sardine,Sardinella longiceps,5200440.3,2632,1975.85
2013-11-01,2013,11,Kozhikode,Indian Mackerel,Rastrelliger kanagurta,2662668.9,2632,1011.65
2013-11-01,2013,11,Kozhikode,Seer Fish,Scomberomorus commerson,543821.2,2632,206.62
2013-11-01,2013,11,Kozhikode,Coastal Tuna,Euthynnus affinis,767519.8,2632,291.61
2013-11-01,2013,11,Kannur,Oil Sardine,Sardinella longiceps,2630559.7,2291,1148.21
2013-11-01,2013,11,Kannur,Indian Mackerel,Rastrelliger kanagurta,1290514.3,2291,563.3
2013-11-01,2013,11,Kannur,Seer Fish,Scomberomorus commerson,308054.8,2291,134.46
2013-11-01,2013,11,Kannur,Coastal Tuna,Euthynnus affinis,438639.6,2291,191.46
2013-11-01,2013,11,Kasaragod,Oil Sardine,Sardinella longiceps,744249.5,1258,591.61
2013-11-01,2013,11,Kasaragod,Indian Mackerel,Rastrelliger kanagurta,397339.4,1258,315.85
2013-11-01,2013,11,Kasaragod,Seer Fish,Scomberomorus commerson,103169.6,1258,82.01
2013-11-01,2013,11,Kasaragod,Coastal Tuna,Euthynnus affinis,94864.5,1258,75.41
2013-12-01,2013,12,Thiruvananthapuram,Oil Sardine,Sardinella longiceps,2111368.9,2054,1027.93
2013-12-01,2013,12,Thiruvananthapuram,Indian Mackerel,Rastrelliger kanagurta,873407.6,2054,425.22
2013-12-01,2013,12,Thiruvananthapuram,Seer Fish,Scomberomorus commerson,223803.4,2054,108.96
2013-12-01,2013,12,Thiruvananthapuram,Coastal Tuna,Euthynnus affinis,248722.2,2054,121.09
2013-12-01,2013,12,Kollam,Oil Sardine,Sardinella longiceps,9157418.5,3578,2559.37
2013-12-01,2013,12,Kollam,Indian Mackerel,Rastrelliger kanagurta,3828428.5,3578,1069.99
2013-12-01,2013,12,Kollam,Seer Fish,Scomberomorus commerson,797784.9,3578,222.97
2013-12-01,2013,12,Kollam,Coastal Tuna,Euthynnus affinis,1128913.2,3578,315.52
2013-12-01,2013,12,Alappuzha,Oil Sardine,Sardinella longiceps,3585301.3,2362,1517.91
2013-12-01,2013,12,Alappuzha,Indian Mackerel,Rastrelliger kanagurta,1581461.4,2362,669.54
2013-12-01,2013,12,Alappuzha,Seer Fish,Scomberomorus commerson,369093.6,2362,156.26
2013-12-01,2013,12,Alappuzha,Coastal Tuna,Euthynnus affinis,419155.7,2362,177.46
2013-12-01,2013,12,Ernakulam,Oil Sardine,Sardinella longiceps,7086599.1,3542,2000.73
2013-12-01,2013,12,Ernakulam,Indian Mackerel,Rastrelliger kanagurta,2708349.3,3542,764.64
2013-12-01,2013,12,Ernakulam,Seer Fish,Scomberomorus commerson,728997.5,3542,205.82
2013-12-01,2013,12,Ernakulam,Coastal Tuna,Euthynnus affinis,924542.6,3542,261.02
2013-12-01,2013,12,Thrissur,Oil Sardine,Sardinella longiceps,644740.0,1408,457.91
2013-12-01,2013,12,Thrissur,Indian Mackerel,Rastrelliger kanagurta,237553.4,1408,168.72
2013-12-01,2013,12,Thrissur,Seer Fish,Scomberomorus commerson,60392.9,1408,42.89
2013-12-01,2013,12,Thrissur,Coastal Tuna,Euthynnus affinis,71251.8,1408,50.6
2013-12-01,2013,12,Malappuram,Oil Sardine,Sardinella longiceps,1499266.0,1783,840.87
2013-12-01,2013,12,Malappuram,Indian Mackerel,Rastrelliger kanagurta,840960.9,1783,471.66
2013-12-01,2013,12,Malappuram,Seer Fish,Scomberomorus commerson,189499.8,1783,106.28
2013-12-01,2013,12,Malappuram,Coastal Tuna,Euthynnus affinis,225284.9,1783,126.35
2013-12-01,2013,12,Kozhikode,Oil Sardine,Sardinella longiceps,5633798.1,2659,2118.77
2013-12-01,2013,12,Kozhikode,Indian Mackerel,Rastrelliger kanagurta,2532719.7,2659,952.51
2013-12-01,2013,12,Kozhikode,Seer Fish,Scomberomorus commerson,498291.4,2659,187.4
2013-12-01,2013,12,Kozhikode,Coastal Tuna,Euthynnus affinis,601230.7,2659,226.11
2013-12-01,2013,12,Kannur,Oil Sardine,Sardinella longiceps,2583032.3,2300,1123.06
2013-12-01,2013,12,Kannur,Indian Mackerel,Rastrelliger kanagurta,1308143.3,2300,568.76
2013-12-01,2013,12,Kannur,Seer Fish,Scomberomorus commerson,253117.6,2300,110.05
2013-12-01,2013,12,Kannur,Coastal Tuna,Euthynnus affinis,367045.9,2300,159.59
2013-12-01,2013,12,Kasaragod,Oil Sardine,Sardinella longiceps,924393.1,1669,553.86
2013-12-01,2013,12,Kasaragod,Indian Mackerel,Rastrelliger kanagurta,425067.3,1669,254.68
2013-12-01,2013,12,Kasaragod,Seer Fish,Scomberomorus commerson,105721.6,1669,63.34
2013-12-01,2013,12,Kasaragod,Coastal Tuna,Euthynnus affinis,115653.7,1669,69.3
2014-01-01,2014,1,Thiruvananthapuram,Oil Sardine,Sardinella longiceps,1516955.1,1591,953.46
2014-01-01,2014,1,Thiruvananthapuram,Indian Mackerel,Rastrelliger kanagurta,579911.7,1591,364.5
2014-01-01,2014,1,Thiruvananthapuram,Seer Fish,Scomberomorus commerson,130100.8,1591,81.77
2014-01-01,2014,1,Thiruvananthapuram,Coastal Tuna,Euthynnus affinis,105486.1,1591,66.3
2014-01-01,2014,1,Kollam,Oil Sardine,Sardinella longiceps,6423440.7,3047,2108.12
2014-01-01,2014,1,Kollam,Indian Mackerel,Rastrelliger kanagurta,2816289.9,3047,924.28
2014-01-01,2014,1,Kollam,Seer Fish,Scomberomorus commerson,515963.8,3047,169.34
2014-01-01,2014,1,Kollam,Coastal Tuna,Euthynnus affinis,594257.6,3047,195.03
2014-01-01,2014,1,Alappuzha,Oil Sardine,Sardinella longiceps,2663882.1,2314,1151.2
2014-01-01,2014,1,Alappuzha,Indian Mackerel,Rastrelliger kanagurta,1370328.9,2314,592.19
2014-01-01,2014,1,Alappuzha,Seer Fish,Scomberomorus commerson,326033.1,2314,140.9
2014-01-01,2014,1,Alappuzha,Coastal Tuna,Euthynnus affinis,324908.4,2314,140.41
2014-01-01,2014,1,Ernakulam,Oil Sardine,Sardinella longiceps,6067165.4,3160,1919.99
2014-01-01,2014,1,Ernakulam,Indian Mackerel,Rastrelliger kanagurta,2100510.7,3160,664.72
2014-01-01,2014,1,Ernakulam,Seer Fish,Scomberomorus commerson,592046.7,3160,187.36
2014-01-01,2014,1,Ernakulam,Coastal Tuna,Euthynnus affinis,675124.1,3160,213.65
2014-01-01,2014,1,Thrissur,Oil Sardine,Sardinella longiceps,603635.5,1319,457.65
2014-01-01,2014,1,Thrissur,Indian Mackerel,Rastrelliger kanagurta,186200.2,1319,141.17
2014-01-01,2014,1,Thrissur,Seer Fish,Scomberomorus commerson,57848.6,1319,43.86
2014-01-01,2014,1,Thrissur,Coastal Tuna,Euthynnus affinis,58522.5,1319,44.37
2014-01-01,2014,1,Malappuram,Oil Sardine,Sardinella longiceps,1431899.1,1657,864.15
2014-01-01,2014,1,Malappuram,Indian Mackerel,Rastrelliger kanagurta,505656.2,1657,305.16
2014-01-01,2014,1,Malappuram,Seer Fish,Scomberomorus commerson,134372.1,1657,81.09
2014-01-01,2014,1,Malappuram,Coastal Tuna,Euthynnus affinis,130780.8,1657,78.93
2014-01-01,2014,1,Kozhikode,Oil Sardine,Sardinella longiceps,3578056.7,2077,1722.7
2014-01-01,2014,1,Kozhikode,Indian Mackerel,Rastrelliger kanagurta,1399289.7,2077,673.71
2014-01-01,2014,1,Kozhikode,Seer Fish,Scomberomorus commerson,329400.8,2077,158.59
2014-01-01,2014,1,Kozhikode,Coastal Tuna,Euthynnus affinis,404552.1,2077,194.78
2014-01-01,2014,1,Kannur,Oil Sardine,Sardinella longiceps,2618973.7,2549,1027.45
2014-01-01,2014,1,Kannur,Indian Mackerel,Rastrelliger kanagurta,910122.1,2549,357.05
2014-01-01,2014,1,Kannur,Seer Fish,Scomberomorus commerson,188642.0,2549,74.01
2014-01-01,2014,1,Kannur,Coastal Tuna,Euthynnus affinis,224094.7,2549,87.91
2014-01-01,2014,1,Kasaragod,Oil Sardine,Sardinella longiceps,858427.7,1429,600.72
2014-01-01,2014,1,Kasaragod,Indian Mackerel,Rastrelliger kanagurta,393029.7,1429,275.04
2014-01-01,2014,1,Kasaragod,Seer Fish,Scomberomorus commerson,63010.9,1429,44.09
2014-01-01,2014,1,Kasaragod,Coastal Tuna,Euthynnus affinis,76619.9,1429,53.62
2014-02-01,2014,2,Thiruvananthapuram,Oil Sardine,Sardinella longiceps,1521223.3,1868,814.36
2014-02-01,2014,2,Thiruvananthapuram,Indian Mackerel,Rastrelliger kanagurta,779914.1,1868,417.51
2014-02-01,2014,2,Thiruvananthapuram,Seer Fish,Scomberomorus commerson,172821.8,1868,92.52
2014-02-01,2014,2,Thiruvananthapuram,Coastal Tuna,Euthynnus affinis,200952.6,1868,107.58
2014-02-01,2014,2,Kollam,Oil Sardine,Sardinella longiceps,6584653.6,3270,2013.66
2014-02-01,2014,2,Kollam,Indian Mackerel,Rastrelliger kanagurta,2579262.3,3270,788.77
2014-02-01,2014,2,Kollam,Seer Fish,Scomberomorus commerson,599765.3,3270,183.41
2014-02-01,2014,2,Kollam,Coastal Tuna,Euthynnus affinis,931185.3,3270,284.77
2014-02-01,2014,2,Alappuzha,Oil Sardine,Sardinella longiceps,2830953.2,2066,1370.26
2014-02-01,2014,2,Alappuzha,Indian Mackerel,Rastrelliger kanagurta,1193558.0,2066,577.71
2014-02-01,2014,2,Alappuzha,Seer Fish,Scomberomorus commerson,372442.4,2066,180.27
2014-02-01,2014,2,Alappuzha,Coastal Tuna,Euthynnus affinis,354502.9,2066,171.59
2014-02-01,2014,2,Ernakulam,Oil Sardine,Sardinella longiceps,5080462.6,3123,1626.79
2014-02-01,2014,2,Ernakulam,Indian Mackerel,Rastrelliger kanagurta,2935730.7,3123,940.04
2014-02-01,2014,2,Ernakulam,Seer Fish,Scomberomorus commerson,575583.7,3123,184.3
2014-02-01,2014,2,Ernakulam,Coastal Tuna,Euthynnus affinis,889315.1,3123,284.76
2014-02-01,2014,2,Thrissur,Oil Sardine,Sardinella longiceps,581486.6,1428,407.2
2014-02-01,2014,2,Thrissur,Indian Mackerel,Rastrelliger kanagurta,224428.1,1428,157.16
2014-02-01,2014,2,Thrissur,Seer Fish,Scomberomorus commerson,66293.2,1428,46.42
2014-02-01,2014,2,Thrissur,Coastal Tuna,Euthynnus affinis,83769.1,1428,58.66
2014-02-01,2014,2,Malappuram,Oil Sardine,Sardinella longiceps,1444809.9,1989,726.4
2014-02-01,2014,2,Malappuram,Indian Mackerel,Rastrelliger kanagurta,735448.9,1989,369.76
2014-02-01,2014,2,Malappuram,Seer Fish,Scomberomorus commerson,154338.6,1989,77.6
2014-02-01,2014,2,Malappuram,Coastal Tuna,Euthynnus affinis,228964.9,1989,115.12
2014-02-01,2014,2,Kozhikode,Oil Sardine,Sardinella longiceps,5652951.9,2596,2177.56
2014-02-01,2014,2,Kozhikode,Indian Mackerel,Rastrelliger kanagurta,2012044.4,2596,775.06
2014-02-01,2014,2,Kozhikode,Seer Fish,Scomberomorus commerson,487762.8,2596,187.89
2014-02-01,2014,2,Kozhikode,Coastal Tuna,Euthynnus affinis,592861.8,2596,228.38
2014-02-01,2014,2,Kannur,Oil Sardine,Sardinella longiceps,2170096.2,1903,1140.36
2014-02-01,2014,2,Kannur,Indian Mackerel,Rastrelliger kanagurta,958213.3,1903,503.53
2014-02-01,2014,2,Kannur,Seer Fish,Scomberomorus commerson,231333.1,1903,121.56
2014-02-01,2014,2,Kannur,Coastal Tuna,Euthynnus affinis,231303.1,1903,121.55
2014-02-01,2014,2,Kasaragod,Oil Sardine,Sardinella longiceps,1029120.5,1576,653.0
2014-02-01,2014,2,Kasaragod,Indian Mackerel,Rastrelliger kanagurta,362663.0,1576,230.12
2014-02-01,2014,2,Kasaragod,Seer Fish,Scomberomorus commerson,98557.1,1576,62.54
2014-02-01,2014,2,Kasaragod,Coastal Tuna,Euthynnus affinis,150211.1,1576,95.31
2014-03-01,2014,3,Thiruvananthapuram,Oil Sardine,Sardinella longiceps,1034827.3,1678,616.7
2014-03-01,2014,3,Thiruvananthapuram,Indian Mackerel,Rastrelliger kanagurta,532934.0,1678,317.6
2014-03-01,2014,3,Thiruvananthapuram,Seer Fish,Scomberomorus commerson,161563.4,1678,96.28
2014-03-01,2014,3,Thiruvananthapuram,Coastal Tuna,Euthynnus affinis,176044.2,1678,104.91
2014-03-01,2014,3,Kollam,Oil Sardine,Sardinella longiceps,4819829.4,2971,1622.29
2014-03-01,2014,3,Kollam,Indian Mackerel,Rastrelliger kanagurta,2424621.4,2971,816.1
2014-03-01,2014,3,Kollam,Seer Fish,Scomberomorus commerson,635296.6,2971,213.83
2014-03-01,2014,3,Kollam,Coastal Tuna,Euthynnus affinis,922768.9,2971,310.59
2014-03-01,2014,3,Alappuzha,Oil Sardine,Sardinella longiceps,2526851.2,2576,980.92
2014-03-01,2014,3,Alappuzha,Indian Mackerel,Rastrelliger kanagurta,1312017.9,2576,509.32
2014-03-01,2014,3,Alappuzha,Seer Fish,Scomberomorus commerson,280550.4,2576,108.91
2014-03-01,2014,3,Alappuzha,Coastal Tuna,Euthynnus affinis,556674.0,2576,216.1
2014-03-01,2014,3,Ernakulam,Oil Sardine,Sardinella longiceps,3815018.3,2708,1408.8
2014-03-01,2014,3,Ernakulam,Indian Mackerel,Rastrelliger kanagurta,2105687.5,2708,777.58
2014-03-01,2014,3,Ernakulam,Seer Fish,Scomberomorus commerson,460694.3,2708,170.12
2014-03-01,2014,3,Ernakulam,Coastal Tuna,Euthynnus affinis,670917.7,2708,247.75
2014-03-01,2014,3,Thrissur,Oil Sardine,Sardinella longiceps,579504.4,1346,430.54
2014-03-01,2014,3,Thrissur,Indian Mackerel,Rastrelliger kanagurta,245079.5,1346,182.08
2014-03-01,2014,3,Thrissur,Seer Fish,Scomberomorus commerson,58314.0,1346,43.32
2014-03-01,2014,3,Thrissur,Coastal Tuna,Euthynnus affinis,83587.7,1346,62.1
2014-03-01,2014,3,Malappuram,Oil Sardine,Sardinella longiceps,1128781.2,1946,580.05
2014-03-01,2014,3,Malappuram,Indian Mackerel,Rastrelliger kanagurta,597368.5,1946,306.97
2014-03-01,2014,3,Malappuram,Seer Fish,Scomberomorus commerson,198981.7,1946,102.25
2014-03-01,2014,3,Malappuram,Coastal Tuna,Euthynnus affinis,201638.7,1946,103.62
2014-03-01,2014,3,Kozhikode,Oil Sardine,Sardinella longiceps,3006799.5,2528,1189.4
2014-03-01,2014,3,Kozhikode,Indian Mackerel,Rastrelliger kanagurta,1438287.3,2528,568.94
2014-03-01,2014,3,Kozhikode,Seer Fish,Scomberomorus commerson,491910.0,2528,194.58
2014-03-01,2014,3,Kozhikode,Coastal Tuna,Euthynnus affinis,572289.0,2528,226.38
2014-03-01,2014,3,Kannur,Oil Sardine,Sardinella longiceps,1813508.3,1924,942.57
2014-03-01,2014,3,Kannur,Indian Mackerel,Rastrelliger kanagurta,583797.5,1924,303.43
2014-03-01,2014,3,Kannur,Seer Fish,Scomberomorus commerson,248895.7,1924,129.36
2014-03-01,2014,3,Kannur,Coastal Tuna,Euthynnus affinis,269799.1,1924,140.23
2014-03-01,2014,3,Kasaragod,Oil Sardine,Sardinella longiceps,453750.1,1078,420.92
2014-03-01,2014,3,Kasaragod,Indian Mackerel,Rastrelliger kanagurta,300488.5,1078,278.75
2014-03-01,2014,3,Kasaragod,Seer Fish,Scomberomorus commerson,56742.8,1078,52.64
2014-03-01,2014,3,Kasaragod,Coastal Tuna,Euthynnus affinis,80119.6,1078,74.32
2014-04-01,2014,4,Thiruvananthapuram,Oil Sardine,Sardinella longiceps,967441.9,2038,474.7
2014-04-01,2014,4,Thiruvananthapuram,Indian Mackerel,Rastrelliger kanagurta,687594.1,2038,337.39
2014-04-01,2014,4,Thiruvananthapuram,Seer Fish,Scomberomorus commerson,198908.9,2038,97.6
2014-04-01,2014,4,Thiruvananthapuram,Coastal Tuna,Euthynnus affinis,239302.5,2038,117.42
2014-04-01,2014,4,Kollam,Oil Sardine,Sardinella longiceps,2682661.9,2952,908.76
2014-04-01,2014,4,Kollam,Indian Mackerel,Rastrelliger kanagurta,2025953.7,2952,686.3
2014-04-01,2014,4,Kollam,Seer Fish,Scomberomorus commerson,539396.0,2952,182.72
2014-04-01,2014,4,Kollam,Coastal Tuna,Euthynnus affinis,765780.2,2952,259.41
2014-04-01,2014,4,Alappuzha,Oil Sardine,Sardinella longiceps,1204041.5,2227,540.66
2014-04-01,2014,4,Alappuzha,Indian Mackerel,Rastrelliger kanagurta,789387.1,2227,354.46
2014-04-01,2014,4,Alappuzha,Seer Fish,Scomberomorus commerson,268809.0,2227,120.7
2014-04-01,2014,4,Alappuzha,Coastal Tuna,Euthynnus affinis,383697.1,2227,172.29
2014-04-01,2014,4,Ernakulam,Oil Sardine,Sardinella longiceps,1640159.9,2250,728.96
2014-04-01,2014,4,Ernakulam,Indian Mackerel,Rastrelliger kanagurta,1099298.2,2250,488.58
2014-04-01,2014,4,Ernakulam,Seer Fish,Scomberomorus commerson,428482.6,2250,190.44
2014-04-01,2014,4,Ernakulam,Coastal Tuna,Euthynnus affinis,559884.1,2250,248.84
2014-04-01,2014,4,Thrissur,Oil Sardine,Sardinella longiceps,249492.2,1465,170.3
2014-04-01,2014,4,Thrissur,Indian Mackerel,Rastrelliger kanagurta,168733.7,1465,115.18
2014-04-01,2014,4,Thrissur,Seer Fish,Scomberomorus commerson,62016.4,1465,42.33
2014-04-01,2014,4,Thrissur,Coastal Tuna,Euthynnus affinis,64835.0,1465,44.26
2014-04-01,2014,4,Malappuram,Oil Sardine,Sardinella longiceps,847585.1,1967,430.9
2014-04-01,2014,4,Malappuram,Indian Mackerel,Rastrelliger kanagurta,459488.3,1967,233.6
2014-04-01,2014,4,Malappuram,Seer Fish,Scomberomorus commerson,159729.7,1967,81.2
2014-04-01,2014,4,Malappuram,Coastal Tuna,Euthynnus affinis,209141.7,1967,106.33
2014-04-01,2014,4,Kozhikode,Oil Sardine,Sardinella longiceps,2188563.4,2915,750.79
2014-04-01,2014,4,Kozhikode,Indian Mackerel,Rastrelliger kanagurta,1571368.7,2915,539.06
2014-04-01,2014,4,Kozhikode,Seer Fish,Scomberomorus commerson,567602.0,2915,194.72
2014-04-01,2014,4,Kozhikode,Coastal Tuna,Euthynnus affinis,674140.4,2915,231.27
2014-04-01,2014,4,Kannur,Oil Sardine,Sardinella longiceps,728882.2,1844,395.27
2014-04-01,2014,4,Kannur,Indian Mackerel,Rastrelliger kanagurta,575543.7,1844,312.12
2014-04-01,2014,4,Kannur,Seer Fish,Scomberomorus commerson,146402.2,1844,79.39
2014-04-01,2014,4,Kannur,Coastal Tuna,Euthynnus affinis,227105.0,1844,123.16
2014-04-01,2014,4,Kasaragod,Oil Sardine,Sardinella longiceps,299249.7,1512,197.92
2014-04-01,2014,4,Kasaragod,Indian Mackerel,Rastrelliger kanagurta,285297.2,1512,188.69
2014-04-01,2014,4,Kasaragod,Seer Fish,Scomberomorus commerson,74965.3,1512,49.58
2014-04-01,2014,4,Kasaragod,Coastal Tuna,Euthynnus affinis,93921.1,1512,62.12
2014-05-01,2014,5,Thiruvananthapuram,Oil Sardine,Sardinella longiceps,682073.9,2084,327.29
2014-05-01,2014,5,Thiruvananthapuram,Indian Mackerel,Rastrelliger kanagurta,651522.5,2084,312.63
2014-05-01,2014,5,Thiruvananthapuram,Seer Fish,Scomberomorus commerson,181925.4,2084,87.3
2014-05-01,2014,5,Thiruvananthapuram,Coastal Tuna,Euthynnus affinis,263140.8,2084,126.27
2014-05-01,2014,5,Kollam,Oil Sardine,Sardinella longiceps,2314114.5,2947,785.24
2014-05-01,2014,5,Kollam,Indian Mackerel,Rastrelliger kanagurta,1827273.8,2947,620.05
2014-05-01,2014,5,Kollam,Seer Fish,Scomberomorus commerson,595690.4,2947,202.13
2014-05-01,2014,5,Kollam,Coastal Tuna,Euthynnus affinis,802324.6,2947,272.25
2014-05-01,2014,5,Alappuzha,Oil Sardine,Sardinella longiceps,1417788.1,2512,564.41
2014-05-01,2014,5,Alappuzha,Indian Mackerel,Rastrelliger kanagurta,1159325.2,2512,461.51
2014-05-01,2014,5,Alappuzha,Seer Fish,Scomberomorus commerson,321770.7,2512,128.09
2014-05-01,2014,5,Alappuzha,Coastal Tuna,Euthynnus affinis,443653.8,2512,176.61
2014-05-01,2014,5,Ernakulam,Oil Sardine,Sardinella longiceps,2132177.0,2696,790.87
2014-05-01,2014,5,Ernakulam,Indian Mackerel,Rastrelliger kanagurta,1796437.2,2696,666.33
2014-05-01,2014,5,Ernakulam,Seer Fish,Scomberomorus commerson,475196.8,2696,176.26
2014-05-01,2014,5,Ernakulam,Coastal Tuna,Euthynnus affinis,752395.3,2696,279.08
2014-05-01,2014,5,Thrissur,Oil Sardine,Sardinella longiceps,319286.6,1378,231.7
2014-05-01,2014,5,Thrissur,Indian Mackerel,Rastrelliger kanagurta,203958.7,1378,148.01
2014-05-01,2014,5,Thrissur,Seer Fish,Scomberomorus commerson,76328.7,1378,55.39
2014-05-01,2014,5,Thrissur,Coastal Tuna,Euthynnus affinis,59550.7,1378,43.22
2014-05-01,2014,5,Malappuram,Oil Sardine,Sardinella longiceps,530992.5,1752,303.08
2014-05-01,2014,5,Malappuram,Indian Mackerel,Rastrelliger kanagurta,501247.5,1752,286.1
2014-05-01,2014,5,Malappuram,Seer Fish,Scomberomorus commerson,131904.0,1752,75.29
2014-05-01,2014,5,Malappuram,Coastal Tuna,Euthynnus affinis,206225.3,1752,117.71
2014-05-01,2014,5,Kozhikode,Oil Sardine,Sardinella longiceps,2097327.0,2419,867.02
2014-05-01,2014,5,Kozhikode,Indian Mackerel,Rastrelliger kanagurta,1280175.2,2419,529.22
2014-05-01,2014,5,Kozhikode,Seer Fish,Scomberomorus commerson,395110.1,2419,163.34
2014-05-01,2014,5,Kozhikode,Coastal Tuna,Euthynnus affinis,591900.3,2419,244.69
2014-05-01,2014,5,Kannur,Oil Sardine,Sardinella longiceps,797965.3,1847,432.03
2014-05-01,2014,5,Kannur,Indian Mackerel,Rastrelliger kanagurta,662631.6,1847,358.76
2014-05-01,2014,5,Kannur,Seer Fish,Scomberomorus commerson,181853.9,1847,98.46
2014-05-01,2014,5,Kannur,Coastal Tuna,Euthynnus affinis,289047.6,1847,156.5
2014-05-01,2014,5,Kasaragod,Oil Sardine,Sardinella longiceps,378248.0,1612,234.65
2014-05-01,2014,5,Kasaragod,Indian Mackerel,Rastrelliger kanagurta,353974.9,1612,219.59
2014-05-01,2014,5,Kasaragod,Seer Fish,Scomberomorus commerson,72211.8,1612,44.8
2014-05-01,2014,5,Kasaragod,Coastal Tuna,Euthynnus affinis,121951.7,1612,75.65
2014-06-01,2014,6,Thiruvananthapuram,Oil Sardine,Sardinella longiceps,1705820.9,419,4071.17
2014-06-01,2014,6,Thiruvananthapuram,Indian Mackerel,Rastrelliger kanagurta,470151.3,419,1122.08
2014-06-01,2014,6,Thiruvananthapuram,Seer Fish,Scomberomorus commerson,98032.2,419,233.97
2014-06-01,2014,6,Thiruvananthapuram,Coastal Tuna,Euthynnus affinis,138198.6,419,329.83
2014-06-01,2014,6,Kollam,Oil Sardine,Sardinella longiceps,5309518.2,604,8790.59
2014-06-01,2014,6,Kollam,Indian Mackerel,Rastrelliger kanagurta,1634454.9,604,2706.05
2014-06-01,2014,6,Kollam,Seer Fish,Scomberomorus commerson,310061.6,604,513.35
2014-06-01,2014,6,Kollam,Coastal Tuna,Euthynnus affinis,393583.7,604,651.63
2014-06-01,2014,6,Alappuzha,Oil Sardine,Sardinella longiceps,2564989.3,448,5725.42
2014-06-01,2014,6,Alappuzha,Indian Mackerel,Rastrelliger kanagurta,770488.9,448,1719.84
2014-06-01,2014,6,Alappuzha,Seer Fish,Scomberomorus commerson,166073.6,448,370.7
2014-06-01,2014,6,Alappuzha,Coastal Tuna,Euthynnus affinis,199348.0,448,444.97
2014-06-01,2014,6,Ernakulam,Oil Sardine,Sardinella longiceps,3876080.2,491,7894.26
2014-06-01,2014,6,Ernakulam,Indian Mackerel,Rastrelliger kanagurta,1327830.6,491,2704.34
2014-06-01,2014,6,Ernakulam,Seer Fish,Scomberomorus commerson,231640.3,491,471.77
2014-06-01,2014,6,Ernakulam,Coastal Tuna,Euthynnus affinis,339172.3,491,690.78
2014-06-01,2014,6,Thrissur,Oil Sardine,Sardinella longiceps,418237.2,256,1633.74
2014-06-01,2014,6,Thrissur,Indian Mackerel,Rastrelliger kanagurta,117629.1,256,459.49
2014-06-01,2014,6,Thrissur,Seer Fish,Scomberomorus commerson,27399.1,256,107.03
2014-06-01,2014,6,Thrissur,Coastal Tuna,Euthynnus affinis,42834.9,256,167.32
2014-06-01,2014,6,Malappuram,Oil Sardine,Sardinella longiceps,1291269.9,400,3228.17
2014-06-01,2014,6,Malappuram,Indian Mackerel,Rastrelliger kanagurta,357347.8,400,893.37
2014-06-01,2014,6,Malappuram,Seer Fish,Scomberomorus commerson,76249.8,400,190.62
2014-06-01,2014,6,Malappuram,Coastal Tuna,Euthynnus affinis,104978.2,400,262.45
2014-06-01,2014,6,Kozhikode,Oil Sardine,Sardinella longiceps,5397130.3,685,7879.02
2014-06-01,2014,6,Kozhikode,Indian Mackerel,Rastrelliger kanagurta,1328633.1,685,1939.61
2014-06-01,2014,6,Kozhikode,Seer Fish,Scomberomorus commerson,335479.2,685,489.75
2014-06-01,2014,6,Kozhikode,Coastal Tuna,Euthynnus affinis,359579.5,685,524.93
2014-06-01,2014,6,Kannur,Oil Sardine,Sardinella longiceps,1845676.8,424,4353.01
2014-06-01,2014,6,Kannur,Indian Mackerel,Rastrelliger kanagurta,559062.6,424,1318.54
2014-06-01,2014,6,Kannur,Seer Fish,Scomberomorus commerson,111880.6,424,263.87
2014-06-01,2014,6,Kannur,Coastal Tuna,Euthynnus affinis,130737.6,424,308.34
2014-06-01,2014,6,Kasaragod,Oil Sardine,Sardinella longiceps,920943.4,329,2799.22
2014-06-01,2014,6,Kasaragod,Indian Mackerel,Rastrelliger kanagurta,248795.4,329,756.22
2014-06-01,2014,6,Kasaragod,Seer Fish,Scomberomorus commerson,42385.0,329,128.83
2014-06-01,2014,6,Kasaragod,Coastal Tuna,Euthynnus affinis,58859.2,329,178.9
2014-07-01,2014,7,Thiruvananthapuram,Oil Sardine,Sardinella longiceps,1362140.8,375,3632.38
2014-07-01,2014,7,Thiruvananthapuram,Indian Mackerel,Rastrelliger kanagurta,328977.7,375,877.27
2014-07-01,2014,7,Thiruvananthapuram,Seer Fish,Scomberomorus commerson,57338.1,375,152.9
2014-07-01,2014,7,Thiruvananthapuram,Coastal Tuna,Euthynnus affinis,69441.3,375,185.18
2014-07-01,2014,7,Kollam,Oil Sardine,Sardinella longiceps,4460546.7,539,8275.6
2014-07-01,2014,7,Kollam,Indian Mackerel,Rastrelliger kanagurta,1108792.6,539,2057.13
2014-07-01,2014,7,Kollam,Seer Fish,Scomberomorus commerson,200695.1,539,372.35
2014-07-01,2014,7,Kollam,Coastal Tuna,Euthynnus affinis,186669.5,539,346.33
2014-07-01,2014,7,Alappuzha,Oil Sardine,Sardinella longiceps,2836121.9,530,5351.17
2014-07-01,2014,7,Alappuzha,Indian Mackerel,Rastrelliger kanagurta,641950.1,530,1211.23
2014-07-01,2014,7,Alappuzha,Seer Fish,Scomberomorus commerson,140012.9,530,264.18
2014-07-01,2014,7,Alappuzha,Coastal Tuna,Euthynnus affinis,128368.0,530,242.2
2014-07-01,2014,7,Ernakulam,Oil Sardine,Sardinella longiceps,3166824.5,527,6009.15
2014-07-01,2014,7,Ernakulam,Indian Mackerel,Rastrelliger kanagurta,999032.1,527,1895.7
2014-07-01,2014,7,Ernakulam,Seer Fish,Scomberomorus commerson,161067.2,527,305.63
2014-07-01,2014,7,Ernakulam,Coastal Tuna,Euthynnus affinis,204812.5,527,388.64
2014-07-01,2014,7,Thrissur,Oil Sardine,Sardinella longiceps,389656.2,256,1522.09
2014-07-01,2014,7,Thrissur,Indian Mackerel,Rastrelliger kanagurta,113866.4,256,444.79
2014-07-01,2014,7,Thrissur,Seer Fish,Scomberomorus commerson,19390.6,256,75.74
2014-07-01,2014,7,Thrissur,Coastal Tuna,Euthynnus affinis,19935.8,256,77.87
2014-07-01,2014,7,Malappuram,Oil Sardine,Sardinella longiceps,1329512.0,382,3480.4
2014-07-01,2014,7,Malappuram,Indian Mackerel,Rastrelliger kanagurta,306732.4,382,802.96
2014-07-01,2014,7,Malappuram,Seer Fish,Scomberomorus commerson,55020.0,382,144.03
2014-07-01,2014,7,Malappuram,Coastal Tuna,Euthynnus affinis,57782.0,382,151.26
2014-07-01,2014,7,Kozhikode,Oil Sardine,Sardinella longiceps,3410446.2,448,7612.6
2014-07-01,2014,7,Kozhikode,Indian Mackerel,Rastrelliger kanagurta,846077.6,448,1888.57
2014-07-01,2014,7,Kozhikode,Seer Fish,Scomberomorus commerson,145456.3,448,324.68
2014-07-01,2014,7,Kozhikode,Coastal Tuna,Euthynnus affinis,154023.2,448,343.8
2014-07-01,2014,7,Kannur,Oil Sardine,Sardinella longiceps,1513614.0,363,4169.74
2014-07-01,2014,7,Kannur,Indian Mackerel,Rastrelliger kanagurta,398148.4,363,1096.83
2014-07-01,2014,7,Kannur,Seer Fish,Scomberomorus commerson,69502.5,363,191.47
2014-07-01,2014,7,Kannur,Coastal Tuna,Euthynnus affinis,68192.8,363,187.86
2014-07-01,2014,7,Kasaragod,Oil Sardine,Sardinella longiceps,727394.0,318,2287.4
2014-07-01,2014,7,Kasaragod,Indian Mackerel,Rastrelliger kanagurta,145136.5,318,456.4
2014-07-01,2014,7,Kasaragod,Seer Fish,Scomberomorus commerson,35368.4,318,111.22
2014-07-01,2014,7,Kasaragod,Coastal Tuna,Euthynnus affinis,31658.8,318,99.56
2014-08-01,2014,8,Thiruvananthapuram,Oil Sardine,Sardinella longiceps,4840432.4,1800,2689.13
2014-08-01,2014,8,Thiruvananthapuram,Indian Mackerel,Rastrelliger kanagurta,1199806.2,1800,666.56
2014-08-01,2014,8,Thiruvananthapuram,Seer Fish,Scomberomorus commerson,206477.7,1800,114.71
2014-08-01,2014,8,Thiruvananthapuram,Coastal Tuna,Euthynnus affinis,148646.8,1800,82.58
2014-08-01,2014,8,Kollam,Oil Sardine,Sardinella longiceps,18590333.0,2906,6397.22
2014-08-01,2014,8,Kollam,Indian Mackerel,Rastrelliger kanagurta,4711769.7,2906,1621.39
2014-08-01,2014,8,Kollam,Seer Fish,Scomberomorus commerson,851825.3,2906,293.13
2014-08-01,2014,8,Kollam,Coastal Tuna,Euthynnus affinis,772439.3,2906,265.81
2014-08-01,2014,8,Alappuzha,Oil Sardine,Sardinella longiceps,8602391.9,2112,4073.1
2014-08-01,2014,8,Alappuzha,Indian Mackerel,Rastrelliger kanagurta,1971508.4,2112,933.48
2014-08-01,2014,8,Alappuzha,Seer Fish,Scomberomorus commerson,355548.9,2112,168.35
2014-08-01,2014,8,Alappuzha,Coastal Tuna,Euthynnus affinis,298369.7,2112,141.27
2014-08-01,2014,8,Ernakulam,Oil Sardine,Sardinella longiceps,18837909.0,3257,5783.82
2014-08-01,2014,8,Ernakulam,Indian Mackerel,Rastrelliger kanagurta,4687616.6,3257,1439.24
2014-08-01,2014,8,Ernakulam,Seer Fish,Scomberomorus commerson,820865.5,3257,252.03
2014-08-01,2014,8,Ernakulam,Coastal Tuna,Euthynnus affinis,590997.1,3257,181.45
2014-08-01,2014,8,Thrissur,Oil Sardine,Sardinella longiceps,1620482.2,1284,1262.06
2014-08-01,2014,8,Thrissur,Indian Mackerel,Rastrelliger kanagurta,380222.4,1284,296.12
2014-08-01,2014,8,Thrissur,Seer Fish,Scomberomorus commerson,75468.0,1284,58.78
2014-08-01,2014,8,Thrissur,Coastal Tuna,Euthynnus affinis,70239.4,1284,54.7
2014-08-01,2014,8,Malappuram,Oil Sardine,Sardinella longiceps,5155549.8,2025,2545.95
2014-08-01,2014,8,Malappuram,Indian Mackerel,Rastrelliger kanagurta,1234184.2,2025,609.47
2014-08-01,2014,8,Malappuram,Seer Fish,Scomberomorus commerson,192584.2,2025,95.1
2014-08-01,2014,8,Malappuram,Coastal Tuna,Euthynnus affinis,194933.0,2025,96.26
2014-08-01,2014,8,Kozhikode,Oil Sardine,Sardinella longiceps,13163271.5,2537,5188.52
2014-08-01,2014,8,Kozhikode,Indian Mackerel,Rastrelliger kanagurta,3136514.9,2537,1236.31
2014-08-01,2014,8,Kozhikode,Seer Fish,Scomberomorus commerson,551933.1,2537,217.55
2014-08-01,2014,8,Kozhikode,Coastal Tuna,Euthynnus affinis,532296.6,2537,209.81
2014-08-01,2014,8,Kannur,Oil Sardine,Sardinella longiceps,4942580.3,1636,3021.14
2014-08-01,2014,8,Kannur,Indian Mackerel,Rastrelliger kanagurta,1039087.4,1636,635.14
2014-08-01,2014,8,Kannur,Seer Fish,Scomberomorus commerson,197219.1,1636,120.55
2014-08-01,2014,8,Kannur,Coastal Tuna,Euthynnus affinis,176746.2,1636,108.04
2014-08-01,2014,8,Kasaragod,Oil Sardine,Sardinella longiceps,3136936.2,1720,1823.8
2014-08-01,2014,8,Kasaragod,Indian Mackerel,Rastrelliger kanagurta,561692.8,1720,326.57
2014-08-01,2014,8,Kasaragod,Seer Fish,Scomberomorus commerson,132828.5,1720,77.23
2014-08-01,2014,8,Kasaragod,Coastal Tuna,Euthynnus affinis,70717.6,1720,41.11
2014-09-01,2014,9,Thiruvananthapuram,Oil Sardine,Sardinella longiceps,4416963.5,1559,2833.2
2014-09-01,2014,9,Thiruvananthapuram,Indian Mackerel,Rastrelliger kanagurta,1290329.3,1559,827.66
2014-09-01,2014,9,Thiruvananthapuram,Seer Fish,Scomberomorus commerson,209384.3,1559,134.31
2014-09-01,2014,9,Thiruvananthapuram,Coastal Tuna,Euthynnus affinis,254663.2,1559,163.35
2014-09-01,2014,9,Kollam,Oil Sardine,Sardinella longiceps,18861641.8,2987,6314.58
2014-09-01,2014,9,Kollam,Indian Mackerel,Rastrelliger kanagurta,4965124.7,2987,1662.24
2014-09-01,2014,9,Kollam,Seer Fish,Scomberomorus commerson,1055555.6,2987,353.38
2014-09-01,2014,9,Kollam,Coastal Tuna,Euthynnus affinis,1097899.8,2987,367.56
2014-09-01,2014,9,Alappuzha,Oil Sardine,Sardinella longiceps,10814977.8,2616,4134.17
2014-09-01,2014,9,Alappuzha,Indian Mackerel,Rastrelliger kanagurta,2670981.7,2616,1021.02
2014-09-01,2014,9,Alappuzha,Seer Fish,Scomberomorus commerson,604933.7,2616,231.24
2014-09-01,2014,9,Alappuzha,Coastal Tuna,Euthynnus affinis,579099.3,2616,221.37
2014-09-01,2014,9,Ernakulam,Oil Sardine,Sardinella longiceps,13334681.7,2279,5851.11
2014-09-01,2014,9,Ernakulam,Indian Mackerel,Rastrelliger kanagurta,3432412.7,2279,1506.1
2014-09-01,2014,9,Ernakulam,Seer Fish,Scomberomorus commerson,711107.4,2279,312.03
2014-09-01,2014,9,Ernakulam,Coastal Tuna,Euthynnus affinis,745843.6,2279,327.27
2014-09-01,2014,9,Thrissur,Oil Sardine,Sardinella longiceps,1403235.3,1092,1285.01
2014-09-01,2014,9,Thrissur,Indian Mackerel,Rastrelliger kanagurta,408730.4,1092,374.3
2014-09-01,2014,9,Thrissur,Seer Fish,Scomberomorus commerson,91499.2,1092,83.79
2014-09-01,2014,9,Thrissur,Coastal Tuna,Euthynnus affinis,87709.3,1092,80.32
2014-09-01,2014,9,Malappuram,Oil Sardine,Sardinella longiceps,5128388.5,1944,2638.06
2014-09-01,2014,9,Malappuram,Indian Mackerel,Rastrelliger kanagurta,1322191.0,1944,680.14
2014-09-01,2014,9,Malappuram,Seer Fish,Scomberomorus commerson,283887.5,1944,146.03
2014-09-01,2014,9,Malappuram,Coastal Tuna,Euthynnus affinis,226301.7,1944,116.41
2014-09-01,2014,9,Kozhikode,Oil Sardine,Sardinella longiceps,17243201.4,2691,6407.73
2014-09-01,2014,9,Kozhikode,Indian Mackerel,Rastrelliger kanagurta,3899090.9,2691,1448.94
2014-09-01,2014,9,Kozhikode,Seer Fish,Scomberomorus commerson,723488.8,2691,268.85
2014-09-01,2014,9,Kozhikode,Coastal Tuna,Euthynnus affinis,952967.2,2691,354.13
2014-09-01,2014,9,Kannur,Oil Sardine,Sardinella longiceps,6380845.7,1925,3314.73
2014-09-01,2014,9,Kannur,Indian Mackerel,Rastrelliger kanagurta,1720998.5,1925,894.03
2014-09-01,2014,9,Kannur,Seer Fish,Scomberomorus commerson,336081.4,1925,174.59
2014-09-01,2014,9,Kannur,Coastal Tuna,Euthynnus affinis,419839.4,1925,218.1
2014-09-01,2014,9,Kasaragod,Oil Sardine,Sardinella longiceps,2485989.3,1412,1760.62
2014-09-01,2014,9,Kasaragod,Indian Mackerel,Rastrelliger kanagurta,584597.1,1412,414.02
2014-09-01,2014,9,Kasaragod,Seer Fish,Scomberomorus commerson,99147.8,1412,70.22
2014-09-01,2014,9,Kasaragod,Coastal Tuna,Euthynnus affinis,150468.3,1412,106.56
2014-10-01,2014,10,Thiruvananthapuram,Oil Sardine,Sardinella longiceps,1909248.5,2057,928.17
2014-10-01,2014,10,Thiruvananthapuram,Indian Mackerel,Rastrelliger kanagurta,891067.8,2057,433.19
2014-10-01,2014,10,Thiruvananthapuram,Seer Fish,Scomberomorus commerson,198004.1,2057,96.26
2014-10-01,2014,10,Thiruvananthapuram,Coastal Tuna,Euthynnus affinis,251966.6,2057,122.49
2014-10-01,2014,10,Kollam,Oil Sardine,Sardinella longiceps,6280446.9,2939,2136.93
2014-10-01,2014,10,Kollam,Indian Mackerel,Rastrelliger kanagurta,2344798.6,2939,797.82
2014-10-01,2014,10,Kollam,Seer Fish,Scomberomorus commerson,630771.3,2939,214.62
2014-10-01,2014,10,Kollam,Coastal Tuna,Euthynnus affinis,857588.2,2939,291.8
2014-10-01,2014,10,Alappuzha,Oil Sardine,Sardinella longiceps,3448723.5,2634,1309.31
2014-10-01,2014,10,Alappuzha,Indian Mackerel,Rastrelliger kanagurta,1730383.9,2634,656.94
2014-10-01,2014,10,Alappuzha,Seer Fish,Scomberomorus commerson,361872.5,2634,137.39
2014-10-01,2014,10,Alappuzha,Coastal Tuna,Euthynnus affinis,456583.7,2634,173.34
2014-10-01,2014,10,Ernakulam,Oil Sardine,Sardinella longiceps,6273018.2,3133,2002.24
2014-10-01,2014,10,Ernakulam,Indian Mackerel,Rastrelliger kanagurta,2593010.0,3133,827.64
2014-10-01,2014,10,Ernakulam,Seer Fish,Scomberomorus commerson,544329.7,3133,173.74
2014-10-01,2014,10,Ernakulam,Coastal Tuna,Euthynnus affinis,834780.9,3133,266.45
2014-10-01,2014,10,Thrissur,Oil Sardine,Sardinella longiceps,459585.3,964,476.75
2014-10-01,2014,10,Thrissur,Indian Mackerel,Rastrelliger kanagurta,171319.2,964,177.72
2014-10-01,2014,10,Thrissur,Seer Fish,Scomberomorus commerson,39113.6,964,40.57
2014-10-01,2014,10,Thrissur,Coastal Tuna,Euthynnus affinis,39918.8,964,41.41
2014-10-01,2014,10,Malappuram,Oil Sardine,Sardinella longiceps,1678950.3,1787,939.54
2014-10-01,2014,10,Malappuram,Indian Mackerel,Rastrelliger kanagurta,640759.4,1787,358.57
2014-10-01,2014,10,Malappuram,Seer Fish,Scomberomorus commerson,153797.3,1787,86.06
2014-10-01,2014,10,Malappuram,Coastal Tuna,Euthynnus affinis,190264.9,1787,106.47
2014-10-01,2014,10,Kozhikode,Oil Sardine,Sardinella longiceps,4691793.8,2940,1595.85
2014-10-01,2014,10,Kozhikode,Indian Mackerel,Rastrelliger kanagurta,2564809.4,2940,872.38
2014-10-01,2014,10,Kozhikode,Seer Fish,Scomberomorus commerson,635755.6,2940,216.24
2014-10-01,2014,10,Kozhikode,Coastal Tuna,Euthynnus affinis,650744.5,2940,221.34
2014-10-01,2014,10,Kannur,Oil Sardine,Sardinella longiceps,2061862.8,1904,1082.91
2014-10-01,2014,10,Kannur,Indian Mackerel,Rastrelliger kanagurta,905894.0,1904,475.78
2014-10-01,2014,10,Kannur,Seer Fish,Scomberomorus commerson,253868.7,1904,133.33
2014-10-01,2014,10,Kannur,Coastal Tuna,Euthynnus affinis,265610.6,1904,139.5
2014-10-01,2014,10,Kasaragod,Oil Sardine,Sardinella longiceps,505574.2,1220,414.41
2014-10-01,2014,10,Kasaragod,Indian Mackerel,Rastrelliger kanagurta,276295.1,1220,226.47
2014-10-01,2014,10,Kasaragod,Seer Fish,Scomberomorus commerson,75095.5,1220,61.55
2014-10-01,2014,10,Kasaragod,Coastal Tuna,Euthynnus affinis,97941.9,1220,80.28
2014-11-01,2014,11,Thiruvananthapuram,Oil Sardine,Sardinella longiceps,1890402.9,2182,866.36
2014-11-01,2014,11,Thiruvananthapuram,Indian Mackerel,Rastrelliger kanagurta,1073957.5,2182,492.19
2014-11-01,2014,11,Thiruvananthapuram,Seer Fish,Scomberomorus commerson,200242.1,2182,91.77
2014-11-01,2014,11,Thiruvananthapuram,Coastal Tuna,Euthynnus affinis,338156.6,2182,154.98
2014-11-01,2014,11,Kollam,Oil Sardine,Sardinella longiceps,4776798.1,2711,1762.01
2014-11-01,2014,11,Kollam,Indian Mackerel,Rastrelliger kanagurta,2654748.9,2711,979.25
2014-11-01,2014,11,Kollam,Seer Fish,Scomberomorus commerson,565686.7,2711,208.66
2014-11-01,2014,11,Kollam,Coastal Tuna,Euthynnus affinis,805833.8,2711,297.25
2014-11-01,2014,11,Alappuzha,Oil Sardine,Sardinella longiceps,2986811.1,2634,1133.94
2014-11-01,2014,11,Alappuzha,Indian Mackerel,Rastrelliger kanagurta,1489379.3,2634,565.44
2014-11-01,2014,11,Alappuzha,Seer Fish,Scomberomorus commerson,384557.4,2634,146.0
2014-11-01,2014,11,Alappuzha,Coastal Tuna,Euthynnus affinis,542342.4,2634,205.9
2014-11-01,2014,11,Ernakulam,Oil Sardine,Sardinella longiceps,3308759.8,2142,1544.71
2014-11-01,2014,11,Ernakulam,Indian Mackerel,Rastrelliger kanagurta,1867161.6,2142,871.69
2014-11-01,2014,11,Ernakulam,Seer Fish,Scomberomorus commerson,545506.3,2142,254.67
2014-11-01,2014,11,Ernakulam,Coastal Tuna,Euthynnus affinis,553166.9,2142,258.25
2014-11-01,2014,11,Thrissur,Oil Sardine,Sardinella longiceps,450283.4,1294,347.98
2014-11-01,2014,11,Thrissur,Indian Mackerel,Rastrelliger kanagurta,285978.6,1294,221.0
2014-11-01,2014,11,Thrissur,Seer Fish,Scomberomorus commerson,59239.3,1294,45.78
2014-11-01,2014,11,Thrissur,Coastal Tuna,Euthynnus affinis,80671.2,1294,62.34
2014-11-01,2014,11,Malappuram,Oil Sardine,Sardinella longiceps,1289119.7,2116,609.22
2014-11-01,2014,11,Malappuram,Indian Mackerel,Rastrelliger kanagurta,889308.4,2116,420.28
2014-11-01,2014,11,Malappuram,Seer Fish,Scomberomorus commerson,184191.7,2116,87.05
2014-11-01,2014,11,Malappuram,Coastal Tuna,Euthynnus affinis,239714.9,2116,113.29
2014-11-01,2014,11,Kozhikode,Oil Sardine,Sardinella longiceps,4636005.4,2957,1567.81
2014-11-01,2014,11,Kozhikode,Indian Mackerel,Rastrelliger kanagurta,2504248.9,2957,846.89
2014-11-01,2014,11,Kozhikode,Seer Fish,Scomberomorus commerson,528266.8,2957,178.65
2014-11-01,2014,11,Kozhikode,Coastal Tuna,Euthynnus affinis,653578.9,2957,221.03
2014-11-01,2014,11,Kannur,Oil Sardine,Sardinella longiceps,1823768.8,1910,954.85
2014-11-01,2014,11,Kannur,Indian Mackerel,Rastrelliger kanagurta,860203.0,1910,450.37
2014-11-01,2014,11,Kannur,Seer Fish,Scomberomorus commerson,197962.8,1910,103.65
2014-11-01,2014,11,Kannur,Coastal Tuna,Euthynnus affinis,239445.4,1910,125.36
2014-11-01,2014,11,Kasaragod,Oil Sardine,Sardinella longiceps,672012.8,1266,530.82
2014-11-01,2014,11,Kasaragod,Indian Mackerel,Rastrelliger kanagurta,275635.5,1266,217.72
2014-11-01,2014,11,Kasaragod,Seer Fish,Scomberomorus commerson,84785.7,1266,66.97
2014-11-01,2014,11,Kasaragod,Coastal Tuna,Euthynnus affinis,92905.3,1266,73.38
2014-12-01,2014,12,Thiruvananthapuram,Oil Sardine,Sardinella longiceps,1520079.1,1890,804.27
2014-12-01,2014,12,Thiruvananthapuram,Indian Mackerel,Rastrelliger kanagurta,876059.4,1890,463.52
2014-12-01,2014,12,Thiruvananthapuram,Seer Fish,Scomberomorus commerson,194975.4,1890,103.16
2014-12-01,2014,12,Thiruvananthapuram,Coastal Tuna,Euthynnus affinis,255739.5,1890,135.31
2014-12-01,2014,12,Kollam,Oil Sardine,Sardinella longiceps,4910118.9,2571,1909.81
2014-12-01,2014,12,Kollam,Indian Mackerel,Rastrelliger kanagurta,2251715.1,2571,875.81
2014-12-01,2014,12,Kollam,Seer Fish,Scomberomorus commerson,552991.2,2571,215.09
2014-12-01,2014,12,Kollam,Coastal Tuna,Euthynnus affinis,806939.2,2571,313.86
2014-12-01,2014,12,Alappuzha,Oil Sardine,Sardinella longiceps,2712857.3,2243,1209.48
2014-12-01,2014,12,Alappuzha,Indian Mackerel,Rastrelliger kanagurta,1217256.6,2243,542.69
2014-12-01,2014,12,Alappuzha,Seer Fish,Scomberomorus commerson,358849.0,2243,159.99
2014-12-01,2014,12,Alappuzha,Coastal Tuna,Euthynnus affinis,374909.9,2243,167.15
2014-12-01,2014,12,Ernakulam,Oil Sardine,Sardinella longiceps,5007661.8,2505,1999.07
2014-12-01,2014,12,Ernakulam,Indian Mackerel,Rastrelliger kanagurta,2143363.3,2505,855.63
2014-12-01,2014,12,Ernakulam,Seer Fish,Scomberomorus commerson,504162.4,2505,201.26
2014-12-01,2014,12,Ernakulam,Coastal Tuna,Euthynnus affinis,636409.7,2505,254.06
2014-12-01,2014,12,Thrissur,Oil Sardine,Sardinella longiceps,759389.9,1644,461.92
2014-12-01,2014,12,Thrissur,Indian Mackerel,Rastrelliger kanagurta,305214.2,1644,185.65
2014-12-01,2014,12,Thrissur,Seer Fish,Scomberomorus commerson,67407.1,1644,41.0
2014-12-01,2014,12,Thrissur,Coastal Tuna,Euthynnus affinis,84870.1,1644,51.62
2014-12-01,2014,12,Malappuram,Oil Sardine,Sardinella longiceps,1584308.6,1809,875.79
2014-12-01,2014,12,Malappuram,Indian Mackerel,Rastrelliger kanagurta,581439.5,1809,321.41
2014-12-01,2014,12,Malappuram,Seer Fish,Scomberomorus commerson,157260.1,1809,86.93
2014-12-01,2014,12,Malappuram,Coastal Tuna,Euthynnus affinis,162837.7,1809,90.02
2014-12-01,2014,12,Kozhikode,Oil Sardine,Sardinella longiceps,3737749.2,2756,1356.22
2014-12-01,2014,12,Kozhikode,Indian Mackerel,Rastrelliger kanagurta,1683662.5,2756,610.91
2014-12-01,2014,12,Kozhikode,Seer Fish,Scomberomorus commerson,565977.8,2756,205.36
2014-12-01,2014,12,Kozhikode,Coastal Tuna,Euthynnus affinis,612557.6,2756,222.26
2014-12-01,2014,12,Kannur,Oil Sardine,Sardinella longiceps,2533926.2,2185,1159.69
2014-12-01,2014,12,Kannur,Indian Mackerel,Rastrelliger kanagurta,789293.3,2185,361.23
2014-12-01,2014,12,Kannur,Seer Fish,Scomberomorus commerson,243518.1,2185,111.45
2014-12-01,2014,12,Kannur,Coastal Tuna,Euthynnus affinis,252655.8,2185,115.63
2014-12-01,2014,12,Kasaragod,Oil Sardine,Sardinella longiceps,1009512.3,1477,683.49
2014-12-01,2014,12,Kasaragod,Indian Mackerel,Rastrelliger kanagurta,389014.3,1477,263.38
2014-12-01,2014,12,Kasaragod,Seer Fish,Scomberomorus commerson,91504.1,1477,61.95
2014-12-01,2014,12,Kasaragod,Coastal Tuna,Euthynnus affinis,96022.0,1477,65.01
2015-01-01,2015,1,Thiruvananthapuram,Oil Sardine,Sardinella longiceps,876991.6,2423,361.94
2015-01-01,2015,1,Thiruvananthapuram,Indian Mackerel,Rastrelliger kanagurta,539985.0,2423,222.86
2015-01-01,2015,1,Thiruvananthapuram,Seer Fish,Scomberomorus commerson,128955.5,2423,53.22
2015-01-01,2015,1,Thiruvananthapuram,Coastal Tuna,Euthynnus affinis,172007.9,2423,70.99
2015-01-01,2015,1,Kollam,Oil Sardine,Sardinella longiceps,2535083.7,3273,774.54
2015-01-01,2015,1,Kollam,Indian Mackerel,Rastrelliger kanagurta,1694663.7,3273,517.77
2015-01-01,2015,1,Kollam,Seer Fish,Scomberomorus commerson,465345.2,3273,142.18
2015-01-01,2015,1,Kollam,Coastal Tuna,Euthynnus affinis,472368.1,3273,144.32
2015-01-01,2015,1,Alappuzha,Oil Sardine,Sardinella longiceps,1670073.7,2967,562.88
2015-01-01,2015,1,Alappuzha,Indian Mackerel,Rastrelliger kanagurta,868105.0,2967,292.59
2015-01-01,2015,1,Alappuzha,Seer Fish,Scomberomorus commerson,262512.8,2967,88.48
2015-01-01,2015,1,Alappuzha,Coastal Tuna,Euthynnus affinis,267471.1,2967,90.15
2015-01-01,2015,1,Ernakulam,Oil Sardine,Sardinella longiceps,3200655.7,3252,984.21
2015-01-01,2015,1,Ernakulam,Indian Mackerel,Rastrelliger kanagurta,1649244.0,3252,507.15
2015-01-01,2015,1,Ernakulam,Seer Fish,Scomberomorus commerson,435917.6,3252,134.05
2015-01-01,2015,1,Ernakulam,Coastal Tuna,Euthynnus affinis,501619.1,3252,154.25
2015-01-01,2015,1,Thrissur,Oil Sardine,Sardinella longiceps,397292.8,1660,239.33
2015-01-01,2015,1,Thrissur,Indian Mackerel,Rastrelliger kanagurta,247389.7,1660,149.03
2015-01-01,2015,1,Thrissur,Seer Fish,Scomberomorus commerson,40086.4,1660,24.15
2015-01-01,2015,1,Thrissur,Coastal Tuna,Euthynnus affinis,51205.5,1660,30.85
2015-01-01,2015,1,Malappuram,Oil Sardine,Sardinella longiceps,644220.6,1919,335.71
2015-01-01,2015,1,Malappuram,Indian Mackerel,Rastrelliger kanagurta,306275.1,1919,159.6
2015-01-01,2015,1,Malappuram,Seer Fish,Scomberomorus commerson,88943.2,1919,46.35
2015-01-01,2015,1,Malappuram,Coastal Tuna,Euthynnus affinis,78471.2,1919,40.89
2015-01-01,2015,1,Kozhikode,Oil Sardine,Sardinella longiceps,2232511.4,3090,722.5
2015-01-01,2015,1,Kozhikode,Indian Mackerel,Rastrelliger kanagurta,1290506.1,3090,417.64
2015-01-01,2015,1,Kozhikode,Seer Fish,Scomberomorus commerson,330632.7,3090,107.0
2015-01-01,2015,1,Kozhikode,Coastal Tuna,Euthynnus affinis,448807.6,3090,145.25
2015-01-01,2015,1,Kannur,Oil Sardine,Sardinella longiceps,888838.4,2106,422.05
2015-01-01,2015,1,Kannur,Indian Mackerel,Rastrelliger kanagurta,479903.0,2106,227.87
2015-01-01,2015,1,Kannur,Seer Fish,Scomberomorus commerson,120070.5,2106,57.01
2015-01-01,2015,1,Kannur,Coastal Tuna,Euthynnus affinis,163115.8,2106,77.45
2015-01-01,2015,1,Kasaragod,Oil Sardine,Sardinella longiceps,318596.8,1549,205.68
2015-01-01,2015,1,Kasaragod,Indian Mackerel,Rastrelliger kanagurta,199918.1,1549,129.06
2015-01-01,2015,1,Kasaragod,Seer Fish,Scomberomorus commerson,39715.8,1549,25.64
2015-01-01,2015,1,Kasaragod,Coastal Tuna,Euthynnus affinis,61608.7,1549,39.77
2015-02-01,2015,2,Thiruvananthapuram,Oil Sardine,Sardinella longiceps,612095.3,2235,273.87
2015-02-01,2015,2,Thiruvananthapuram,Indian Mackerel,Rastrelliger kanagurta,433702.8,2235,194.05
2015-02-01,2015,2,Thiruvananthapuram,Seer Fish,Scomberomorus commerson,149188.2,2235,66.75
2015-02-01,2015,2,Thiruvananthapuram,Coastal Tuna,Euthynnus affinis,177205.8,2235,79.29
2015-02-01,2015,2,Kollam,Oil Sardine,Sardinella longiceps,1933140.7,2908,664.77
2015-02-01,2015,2,Kollam,Indian Mackerel,Rastrelliger kanagurta,1136036.9,2908,390.66
2015-02-01,2015,2,Kollam,Seer Fish,Scomberomorus commerson,326829.7,2908,112.39
2015-02-01,2015,2,Kollam,Coastal Tuna,Euthynnus affinis,372612.5,2908,128.13
2015-02-01,2015,2,Alappuzha,Oil Sardine,Sardinella longiceps,1337486.5,2716,492.45
2015-02-01,2015,2,Alappuzha,Indian Mackerel,Rastrelliger kanagurta,836004.7,2716,307.81
2015-02-01,2015,2,Alappuzha,Seer Fish,Scomberomorus commerson,204178.8,2716,75.18
2015-02-01,2015,2,Alappuzha,Coastal Tuna,Euthynnus affinis,273492.5,2716,100.7
2015-02-01,2015,2,Ernakulam,Oil Sardine,Sardinella longiceps,1262071.7,3023,417.49
2015-02-01,2015,2,Ernakulam,Indian Mackerel,Rastrelliger kanagurta,989406.8,3023,327.29
2015-02-01,2015,2,Ernakulam,Seer Fish,Scomberomorus commerson,365567.6,3023,120.93
2015-02-01,2015,2,Ernakulam,Coastal Tuna,Euthynnus affinis,314395.5,3023,104.0
2015-02-01,2015,2,Thrissur,Oil Sardine,Sardinella longiceps,275215.9,1241,221.77
2015-02-01,2015,2,Thrissur,Indian Mackerel,Rastrelliger kanagurta,90989.8,1241,73.32
2015-02-01,2015,2,Thrissur,Seer Fish,Scomberomorus commerson,48806.0,1241,39.33
2015-02-01,2015,2,Thrissur,Coastal Tuna,Euthynnus affinis,42108.5,1241,33.93
2015-02-01,2015,2,Malappuram,Oil Sardine,Sardinella longiceps,415821.6,1859,223.68
2015-02-01,2015,2,Malappuram,Indian Mackerel,Rastrelliger kanagurta,350767.9,1859,188.69
2015-02-01,2015,2,Malappuram,Seer Fish,Scomberomorus commerson,119689.6,1859,64.38
2015-02-01,2015,2,Malappuram,Coastal Tuna,Euthynnus affinis,130220.9,1859,70.05
2015-02-01,2015,2,Kozhikode,Oil Sardine,Sardinella longiceps,1630889.8,3512,464.38
2015-02-01,2015,2,Kozhikode,Indian Mackerel,Rastrelliger kanagurta,1589010.1,3512,452.45
2015-02-01,2015,2,Kozhikode,Seer Fish,Scomberomorus commerson,293117.7,3512,83.46
2015-02-01,2015,2,Kozhikode,Coastal Tuna,Euthynnus affinis,519934.3,3512,148.05
2015-02-01,2015,2,Kannur,Oil Sardine,Sardinella longiceps,549767.3,2063,266.49
2015-02-01,2015,2,Kannur,Indian Mackerel,Rastrelliger kanagurta,597148.4,2063,289.46
2015-02-01,2015,2,Kannur,Seer Fish,Scomberomorus commerson,80437.2,2063,38.99
2015-02-01,2015,2,Kannur,Coastal Tuna,Euthynnus affinis,177394.5,2063,85.99
2015-02-01,2015,2,Kasaragod,Oil Sardine,Sardinella longiceps,289245.0,1572,184.0
2015-02-01,2015,2,Kasaragod,Indian Mackerel,Rastrelliger kanagurta,193348.6,1572,123.0
2015-02-01,2015,2,Kasaragod,Seer Fish,Scomberomorus commerson,39844.4,1572,25.35
2015-02-01,2015,2,Kasaragod,Coastal Tuna,Euthynnus affinis,54565.8,1572,34.71
2015-03-01,2015,3,Thiruvananthapuram,Oil Sardine,Sardinella longiceps,370051.2,1996,185.4
2015-03-01,2015,3,Thiruvananthapuram,Indian Mackerel,Rastrelliger kanagurta,300513.2,1996,150.56
2015-03-01,2015,3,Thiruvananthapuram,Seer Fish,Scomberomorus commerson,125750.7,1996,63.0
2015-03-01,2015,3,Thiruvananthapuram,Coastal Tuna,Euthynnus affinis,189414.1,1996,94.9
2015-03-01,2015,3,Kollam,Oil Sardine,Sardinella longiceps,1847824.7,3224,573.15
2015-03-01,2015,3,Kollam,Indian Mackerel,Rastrelliger kanagurta,1351906.3,3224,419.33
2015-03-01,2015,3,Kollam,Seer Fish,Scomberomorus commerson,341452.7,3224,105.91
2015-03-01,2015,3,Kollam,Coastal Tuna,Euthynnus affinis,624469.3,3224,193.69
2015-03-01,2015,3,Alappuzha,Oil Sardine,Sardinella longiceps,868439.0,2635,329.58
2015-03-01,2015,3,Alappuzha,Indian Mackerel,Rastrelliger kanagurta,581403.7,2635,220.65
2015-03-01,2015,3,Alappuzha,Seer Fish,Scomberomorus commerson,235860.5,2635,89.51
2015-03-01,2015,3,Alappuzha,Coastal Tuna,Euthynnus affinis,277269.0,2635,105.23
2015-03-01,2015,3,Ernakulam,Oil Sardine,Sardinella longiceps,1525832.9,3202,476.52
2015-03-01,2015,3,Ernakulam,Indian Mackerel,Rastrelliger kanagurta,1488891.1,3202,464.99
2015-03-01,2015,3,Ernakulam,Seer Fish,Scomberomorus commerson,321403.1,3202,100.38
2015-03-01,2015,3,Ernakulam,Coastal Tuna,Euthynnus affinis,391100.5,3202,122.14
2015-03-01,2015,3,Thrissur,Oil Sardine,Sardinella longiceps,129291.7,1604,80.61
2015-03-01,2015,3,Thrissur,Indian Mackerel,Rastrelliger kanagurta,79198.0,1604,49.38
2015-03-01,2015,3,Thrissur,Seer Fish,Scomberomorus commerson,33611.0,1604,20.95
2015-03-01,2015,3,Thrissur,Coastal Tuna,Euthynnus affinis,57917.9,1604,36.11
2015-03-01,2015,3,Malappuram,Oil Sardine,Sardinella longiceps,400562.2,1722,232.61
2015-03-01,2015,3,Malappuram,Indian Mackerel,Rastrelliger kanagurta,285216.3,1722,165.63
2015-03-01,2015,3,Malappuram,Seer Fish,Scomberomorus commerson,75867.8,1722,44.06
2015-03-01,2015,3,Malappuram,Coastal Tuna,Euthynnus affinis,94325.4,1722,54.78
2015-03-01,2015,3,Kozhikode,Oil Sardine,Sardinella longiceps,1057461.9,2496,423.66
2015-03-01,2015,3,Kozhikode,Indian Mackerel,Rastrelliger kanagurta,913111.4,2496,365.83
2015-03-01,2015,3,Kozhikode,Seer Fish,Scomberomorus commerson,280002.4,2496,112.18
2015-03-01,2015,3,Kozhikode,Coastal Tuna,Euthynnus affinis,320691.0,2496,128.48
2015-03-01,2015,3,Kannur,Oil Sardine,Sardinella longiceps,887882.7,2382,372.75
2015-03-01,2015,3,Kannur,Indian Mackerel,Rastrelliger kanagurta,431912.3,2382,181.32
2015-03-01,2015,3,Kannur,Seer Fish,Scomberomorus commerson,155159.5,2382,65.14
2015-03-01,2015,3,Kannur,Coastal Tuna,Euthynnus affinis,199742.7,2382,83.86
2015-03-01,2015,3,Kasaragod,Oil Sardine,Sardinella longiceps,344848.1,1667,206.87
2015-03-01,2015,3,Kasaragod,Indian Mackerel,Rastrelliger kanagurta,173378.1,1667,104.01
2015-03-01,2015,3,Kasaragod,Seer Fish,Scomberomorus commerson,50567.5,1667,30.33
2015-03-01,2015,3,Kasaragod,Coastal Tuna,Euthynnus affinis,91863.9,1667,55.11
2015-04-01,2015,4,Thiruvananthapuram,Oil Sardine,Sardinella longiceps,263119.8,1904,138.19
2015-04-01,2015,4,Thiruvananthapuram,Indian Mackerel,Rastrelliger kanagurta,355364.7,1904,186.64
2015-04-01,2015,4,Thiruvananthapuram,Seer Fish,Scomberomorus commerson,93217.8,1904,48.96
2015-04-01,2015,4,Thiruvananthapuram,Coastal Tuna,Euthynnus affinis,111538.9,1904,58.58
2015-04-01,2015,4,Kollam,Oil Sardine,Sardinella longiceps,1208890.3,3381,357.55
2015-04-01,2015,4,Kollam,Indian Mackerel,Rastrelliger kanagurta,897868.3,3381,265.56
2015-04-01,2015,4,Kollam,Seer Fish,Scomberomorus commerson,265375.1,3381,78.49
2015-04-01,2015,4,Kollam,Coastal Tuna,Euthynnus affinis,343281.0,3381,101.53
2015-04-01,2015,4,Alappuzha,Oil Sardine,Sardinella longiceps,423208.1,2638,160.43
2015-04-01,2015,4,Alappuzha,Indian Mackerel,Rastrelliger kanagurta,414954.5,2638,157.3
2015-04-01,2015,4,Alappuzha,Seer Fish,Scomberomorus commerson,167092.1,2638,63.34
2015-04-01,2015,4,Alappuzha,Coastal Tuna,Euthynnus affinis,132448.0,2638,50.21
2015-04-01,2015,4,Ernakulam,Oil Sardine,Sardinella longiceps,484486.4,2951,164.18
2015-04-01,2015,4,Ernakulam,Indian Mackerel,Rastrelliger kanagurta,726357.6,2951,246.14
2015-04-01,2015,4,Ernakulam,Seer Fish,Scomberomorus commerson,248481.5,2951,84.2
2015-04-01,2015,4,Ernakulam,Coastal Tuna,Euthynnus affinis,245533.5,2951,83.2
2015-04-01,2015,4,Thrissur,Oil Sardine,Sardinella longiceps,125231.1,1581,79.21
2015-04-01,2015,4,Thrissur,Indian Mackerel,Rastrelliger kanagurta,99456.8,1581,62.91
2015-04-01,2015,4,Thrissur,Seer Fish,Scomberomorus commerson,14545.4,1581,9.2
2015-04-01,2015,4,Thrissur,Coastal Tuna,Euthynnus affinis,41033.8,1581,25.95
2015-04-01,2015,4,Malappuram,Oil Sardine,Sardinella longiceps,155578.5,1441,107.97
2015-04-01,2015,4,Malappuram,Indian Mackerel,Rastrelliger kanagurta,137055.7,1441,95.11
2015-04-01,2015,4,Malappuram,Seer Fish,Scomberomorus commerson,50974.9,1441,35.37
2015-04-01,2015,4,Malappuram,Coastal Tuna,Euthynnus affinis,60181.1,1441,41.76
2015-04-01,2015,4,Kozhikode,Oil Sardine,Sardinella longiceps,728399.4,2962,245.91
2015-04-01,2015,4,Kozhikode,Indian Mackerel,Rastrelliger kanagurta,486326.8,2962,164.19
2015-04-01,2015,4,Kozhikode,Seer Fish,Scomberomorus commerson,157811.8,2962,53.28
2015-04-01,2015,4,Kozhikode,Coastal Tuna,Euthynnus affinis,301996.5,2962,101.96
2015-04-01,2015,4,Kannur,Oil Sardine,Sardinella longiceps,281433.0,1950,144.32
2015-04-01,2015,4,Kannur,Indian Mackerel,Rastrelliger kanagurta,196925.5,1950,100.99
2015-04-01,2015,4,Kannur,Seer Fish,Scomberomorus commerson,119371.0,1950,61.22
2015-04-01,2015,4,Kannur,Coastal Tuna,Euthynnus affinis,103510.1,1950,53.08
2015-04-01,2015,4,Kasaragod,Oil Sardine,Sardinella longiceps,136085.2,1544,88.14
2015-04-01,2015,4,Kasaragod,Indian Mackerel,Rastrelliger kanagurta,112367.3,1544,72.78
2015-04-01,2015,4,Kasaragod,Seer Fish,Scomberomorus commerson,31192.7,1544,20.2
2015-04-01,2015,4,Kasaragod,Coastal Tuna,Euthynnus affinis,49038.5,1544,31.76
2015-05-01,2015,5,Thiruvananthapuram,Oil Sardine,Sardinella longiceps,226583.8,1804,125.6
2015-05-01,2015,5,Thiruvananthapuram,Indian Mackerel,Rastrelliger kanagurta,168675.0,1804,93.5
2015-05-01,2015,5,Thiruvananthapuram,Seer Fish,Scomberomorus commerson,65964.2,1804,36.57
2015-05-01,2015,5,Thiruvananthapuram,Coastal Tuna,Euthynnus affinis,103912.5,1804,57.6
2015-05-01,2015,5,Kollam,Oil Sardine,Sardinella longiceps,1172640.6,3279,357.62
2015-05-01,2015,5,Kollam,Indian Mackerel,Rastrelliger kanagurta,786896.6,3279,239.98
2015-05-01,2015,5,Kollam,Seer Fish,Scomberomorus commerson,349565.6,3279,106.61
2015-05-01,2015,5,Kollam,Coastal Tuna,Euthynnus affinis,431002.5,3279,131.44
2015-05-01,2015,5,Alappuzha,Oil Sardine,Sardinella longiceps,848449.6,2469,343.64
2015-05-01,2015,5,Alappuzha,Indian Mackerel,Rastrelliger kanagurta,598023.0,2469,242.21
2015-05-01,2015,5,Alappuzha,Seer Fish,Scomberomorus commerson,166490.6,2469,67.43
2015-05-01,2015,5,Alappuzha,Coastal Tuna,Euthynnus affinis,183308.9,2469,74.24
2015-05-01,2015,5,Ernakulam,Oil Sardine,Sardinella longiceps,595692.7,2384,249.87
2015-05-01,2015,5,Ernakulam,Indian Mackerel,Rastrelliger kanagurta,621474.8,2384,260.69
2015-05-01,2015,5,Ernakulam,Seer Fish,Scomberomorus commerson,198309.7,2384,83.18
2015-05-01,2015,5,Ernakulam,Coastal Tuna,Euthynnus affinis,346043.8,2384,145.15
2015-05-01,2015,5,Thrissur,Oil Sardine,Sardinella longiceps,105963.2,1170,90.57
2015-05-01,2015,5,Thrissur,Indian Mackerel,Rastrelliger kanagurta,52450.7,1170,44.83
2015-05-01,2015,5,Thrissur,Seer Fish,Scomberomorus commerson,23672.3,1170,20.23
2015-05-01,2015,5,Thrissur,Coastal Tuna,Euthynnus affinis,36395.3,1170,31.11
2015-05-01,2015,5,Malappuram,Oil Sardine,Sardinella longiceps,240955.9,1841,130.88
2015-05-01,2015,5,Malappuram,Indian Mackerel,Rastrelliger kanagurta,228575.1,1841,124.16
2015-05-01,2015,5,Malappuram,Seer Fish,Scomberomorus commerson,74643.0,1841,40.54
2015-05-01,2015,5,Malappuram,Coastal Tuna,Euthynnus affinis,82062.6,1841,44.58
2015-05-01,2015,5,Kozhikode,Oil Sardine,Sardinella longiceps,1030191.7,3119,330.3
2015-05-01,2015,5,Kozhikode,Indian Mackerel,Rastrelliger kanagurta,612189.5,3119,196.28
2015-05-01,2015,5,Kozhikode,Seer Fish,Scomberomorus commerson,336317.4,3119,107.83
2015-05-01,2015,5,Kozhikode,Coastal Tuna,Euthynnus affinis,306479.1,3119,98.26
2015-05-01,2015,5,Kannur,Oil Sardine,Sardinella longiceps,333851.5,2370,140.87
2015-05-01,2015,5,Kannur,Indian Mackerel,Rastrelliger kanagurta,391524.8,2370,165.2
2015-05-01,2015,5,Kannur,Seer Fish,Scomberomorus commerson,166413.0,2370,70.22
2015-05-01,2015,5,Kannur,Coastal Tuna,Euthynnus affinis,181093.9,2370,76.41
2015-05-01,2015,5,Kasaragod,Oil Sardine,Sardinella longiceps,130086.2,1513,85.98
2015-05-01,2015,5,Kasaragod,Indian Mackerel,Rastrelliger kanagurta,141474.5,1513,93.51
2015-05-01,2015,5,Kasaragod,Seer Fish,Scomberomorus commerson,54355.3,1513,35.93
2015-05-01,2015,5,Kasaragod,Coastal Tuna,Euthynnus affinis,46335.3,1513,30.62
2015-06-01,2015,6,Thiruvananthapuram,Oil Sardine,Sardinella longiceps,939613.2,393,2390.87
2015-06-01,2015,6,Thiruvananthapuram,Indian Mackerel,Rastrelliger kanagurta,275207.9,393,700.27
2015-06-01,2015,6,Thiruvananthapuram,Seer Fish,Scomberomorus commerson,48634.2,393,123.75
2015-06-01,2015,6,Thiruvananthapuram,Coastal Tuna,Euthynnus affinis,55646.6,393,141.59
2015-06-01,2015,6,Kollam,Oil Sardine,Sardinella longiceps,2764434.2,547,5053.81
2015-06-01,2015,6,Kollam,Indian Mackerel,Rastrelliger kanagurta,814392.6,547,1488.83
2015-06-01,2015,6,Kollam,Seer Fish,Scomberomorus commerson,162196.5,547,296.52
2015-06-01,2015,6,Kollam,Coastal Tuna,Euthynnus affinis,202046.9,547,369.37
2015-06-01,2015,6,Alappuzha,Oil Sardine,Sardinella longiceps,1776967.2,546,3254.52
2015-06-01,2015,6,Alappuzha,Indian Mackerel,Rastrelliger kanagurta,475202.2,546,870.33
2015-06-01,2015,6,Alappuzha,Seer Fish,Scomberomorus commerson,116764.5,546,213.85
2015-06-01,2015,6,Alappuzha,Coastal Tuna,Euthynnus affinis,151479.2,546,277.43
2015-06-01,2015,6,Ernakulam,Oil Sardine,Sardinella longiceps,2400800.7,522,4599.24
2015-06-01,2015,6,Ernakulam,Indian Mackerel,Rastrelliger kanagurta,697993.5,522,1337.15
2015-06-01,2015,6,Ernakulam,Seer Fish,Scomberomorus commerson,157691.0,522,302.09
2015-06-01,2015,6,Ernakulam,Coastal Tuna,Euthynnus affinis,186650.8,522,357.57
2015-06-01,2015,6,Thrissur,Oil Sardine,Sardinella longiceps,284909.5,309,922.04
2015-06-01,2015,6,Thrissur,Indian Mackerel,Rastrelliger kanagurta,95972.2,309,310.59
2015-06-01,2015,6,Thrissur,Seer Fish,Scomberomorus commerson,18128.5,309,58.67
2015-06-01,2015,6,Thrissur,Coastal Tuna,Euthynnus affinis,23342.5,309,75.54
2015-06-01,2015,6,Malappuram,Oil Sardine,Sardinella longiceps,576962.7,310,1861.17
2015-06-01,2015,6,Malappuram,Indian Mackerel,Rastrelliger kanagurta,179212.8,310,578.11
2015-06-01,2015,6,Malappuram,Seer Fish,Scomberomorus commerson,31006.8,310,100.02
2015-06-01,2015,6,Malappuram,Coastal Tuna,Euthynnus affinis,46218.0,310,149.09
2015-06-01,2015,6,Kozhikode,Oil Sardine,Sardinella longiceps,2445008.7,626,3905.76
2015-06-01,2015,6,Kozhikode,Indian Mackerel,Rastrelliger kanagurta,832983.6,626,1330.64
2015-06-01,2015,6,Kozhikode,Seer Fish,Scomberomorus commerson,154811.0,626,247.3
2015-06-01,2015,6,Kozhikode,Coastal Tuna,Euthynnus affinis,239330.3,626,382.32
2015-06-01,2015,6,Kannur,Oil Sardine,Sardinella longiceps,968213.3,478,2025.55
2015-06-01,2015,6,Kannur,Indian Mackerel,Rastrelliger kanagurta,340028.6,478,711.36
2015-06-01,2015,6,Kannur,Seer Fish,Scomberomorus commerson,77461.8,478,162.05
2015-06-01,2015,6,Kannur,Coastal Tuna,Euthynnus affinis,76963.2,478,161.01
2015-06-01,2015,6,Kasaragod,Oil Sardine,Sardinella longiceps,505502.5,378,1337.31
2015-06-01,2015,6,Kasaragod,Indian Mackerel,Rastrelliger kanagurta,157317.1,378,416.18
2015-06-01,2015,6,Kasaragod,Seer Fish,Scomberomorus commerson,26746.7,378,70.76
2015-06-01,2015,6,Kasaragod,Coastal Tuna,Euthynnus affinis,38075.8,378,100.73
2015-07-01,2015,7,Thiruvananthapuram,Oil Sardine,Sardinella longiceps,1054935.1,465,2268.68
2015-07-01,2015,7,Thiruvananthapuram,Indian Mackerel,Rastrelliger kanagurta,313653.1,465,674.52
2015-07-01,2015,7,Thiruvananthapuram,Seer Fish,Scomberomorus commerson,55164.8,465,118.63
2015-07-01,2015,7,Thiruvananthapuram,Coastal Tuna,Euthynnus affinis,80017.1,465,172.08
2015-07-01,2015,7,Kollam,Oil Sardine,Sardinella longiceps,3053711.6,550,5552.2
2015-07-01,2015,7,Kollam,Indian Mackerel,Rastrelliger kanagurta,735206.2,550,1336.74
2015-07-01,2015,7,Kollam,Seer Fish,Scomberomorus commerson,171535.7,550,311.88
2015-07-01,2015,7,Kollam,Coastal Tuna,Euthynnus affinis,223311.9,550,406.02
2015-07-01,2015,7,Alappuzha,Oil Sardine,Sardinella longiceps,1913429.6,528,3623.92
2015-07-01,2015,7,Alappuzha,Indian Mackerel,Rastrelliger kanagurta,538541.6,528,1019.97
2015-07-01,2015,7,Alappuzha,Seer Fish,Scomberomorus commerson,100095.5,528,189.57
2015-07-01,2015,7,Alappuzha,Coastal Tuna,Euthynnus affinis,124730.3,528,236.23
2015-07-01,2015,7,Ernakulam,Oil Sardine,Sardinella longiceps,2590650.5,592,4376.1
2015-07-01,2015,7,Ernakulam,Indian Mackerel,Rastrelliger kanagurta,742067.4,592,1253.49
2015-07-01,2015,7,Ernakulam,Seer Fish,Scomberomorus commerson,163800.3,592,276.69
2015-07-01,2015,7,Ernakulam,Coastal Tuna,Euthynnus affinis,199090.5,592,336.3
2015-07-01,2015,7,Thrissur,Oil Sardine,Sardinella longiceps,184708.0,195,947.22
2015-07-01,2015,7,Thrissur,Indian Mackerel,Rastrelliger kanagurta,55625.5,195,285.26
2015-07-01,2015,7,Thrissur,Seer Fish,Scomberomorus commerson,16098.0,195,82.55
2015-07-01,2015,7,Thrissur,Coastal Tuna,Euthynnus affinis,15566.6,195,79.83
2015-07-01,2015,7,Malappuram,Oil Sardine,Sardinella longiceps,599170.3,301,1990.6
2015-07-01,2015,7,Malappuram,Indian Mackerel,Rastrelliger kanagurta,157335.6,301,522.71
2015-07-01,2015,7,Malappuram,Seer Fish,Scomberomorus commerson,34816.3,301,115.67
2015-07-01,2015,7,Malappuram,Coastal Tuna,Euthynnus affinis,44673.6,301,148.42
2015-07-01,2015,7,Kozhikode,Oil Sardine,Sardinella longiceps,2206909.6,526,4195.65
2015-07-01,2015,7,Kozhikode,Indian Mackerel,Rastrelliger kanagurta,745610.0,526,1417.51
2015-07-01,2015,7,Kozhikode,Seer Fish,Scomberomorus commerson,133745.6,526,254.27
2015-07-01,2015,7,Kozhikode,Coastal Tuna,Euthynnus affinis,165829.0,526,315.26
2015-07-01,2015,7,Kannur,Oil Sardine,Sardinella longiceps,1012440.5,380,2664.32
2015-07-01,2015,7,Kannur,Indian Mackerel,Rastrelliger kanagurta,256839.2,380,675.89
2015-07-01,2015,7,Kannur,Seer Fish,Scomberomorus commerson,41648.0,380,109.6
2015-07-01,2015,7,Kannur,Coastal Tuna,Euthynnus affinis,76367.1,380,200.97
2015-07-01,2015,7,Kasaragod,Oil Sardine,Sardinella longiceps,464965.5,336,1383.83
2015-07-01,2015,7,Kasaragod,Indian Mackerel,Rastrelliger kanagurta,143739.7,336,427.8
2015-07-01,2015,7,Kasaragod,Seer Fish,Scomberomorus commerson,30154.7,336,89.75
2015-07-01,2015,7,Kasaragod,Coastal Tuna,Euthynnus affinis,32873.5,336,97.84
2015-08-01,2015,8,Thiruvananthapuram,Oil Sardine,Sardinella longiceps,3451369.5,1858,1857.57
2015-08-01,2015,8,Thiruvananthapuram,Indian Mackerel,Rastrelliger kanagurta,1133272.2,1858,609.94
2015-08-01,2015,8,Thiruvananthapuram,Seer Fish,Scomberomorus commerson,212097.9,1858,114.15
2015-08-01,2015,8,Thiruvananthapuram,Coastal Tuna,Euthynnus affinis,260286.9,1858,140.09
2015-08-01,2015,8,Kollam,Oil Sardine,Sardinella longiceps,12028992.2,2649,4540.96
2015-08-01,2015,8,Kollam,Indian Mackerel,Rastrelliger kanagurta,3134562.0,2649,1183.3
2015-08-01,2015,8,Kollam,Seer Fish,Scomberomorus commerson,622291.5,2649,234.92
2015-08-01,2015,8,Kollam,Coastal Tuna,Euthynnus affinis,874370.4,2649,330.08
2015-08-01,2015,8,Alappuzha,Oil Sardine,Sardinella longiceps,4821614.3,2055,2346.28
2015-08-01,2015,8,Alappuzha,Indian Mackerel,Rastrelliger kanagurta,1602845.8,2055,779.97
2015-08-01,2015,8,Alappuzha,Seer Fish,Scomberomorus commerson,327155.0,2055,159.2
2015-08-01,2015,8,Alappuzha,Coastal Tuna,Euthynnus affinis,372771.6,2055,181.4
2015-08-01,2015,8,Ernakulam,Oil Sardine,Sardinella longiceps,12969674.4,3286,3946.95
2015-08-01,2015,8,Ernakulam,Indian Mackerel,Rastrelliger kanagurta,3552664.2,3286,1081.15
2015-08-01,2015,8,Ernakulam,Seer Fish,Scomberomorus commerson,763165.9,3286,232.25
2015-08-01,2015,8,Ernakulam,Coastal Tuna,Euthynnus affinis,907054.2,3286,276.04
2015-08-01,2015,8,Thrissur,Oil Sardine,Sardinella longiceps,1174477.3,1382,849.84
2015-08-01,2015,8,Thrissur,Indian Mackerel,Rastrelliger kanagurta,338418.2,1382,244.88
2015-08-01,2015,8,Thrissur,Seer Fish,Scomberomorus commerson,67782.1,1382,49.05
2015-08-01,2015,8,Thrissur,Coastal Tuna,Euthynnus affinis,78709.9,1382,56.95
2015-08-01,2015,8,Malappuram,Oil Sardine,Sardinella longiceps,2791209.7,1551,1799.62
2015-08-01,2015,8,Malappuram,Indian Mackerel,Rastrelliger kanagurta,793699.9,1551,511.73
2015-08-01,2015,8,Malappuram,Seer Fish,Scomberomorus commerson,140348.3,1551,90.49
2015-08-01,2015,8,Malappuram,Coastal Tuna,Euthynnus affinis,155123.9,1551,100.02
2015-08-01,2015,8,Kozhikode,Oil Sardine,Sardinella longiceps,11713465.0,3193,3668.48
2015-08-01,2015,8,Kozhikode,Indian Mackerel,Rastrelliger kanagurta,2820644.3,3193,883.38
2015-08-01,2015,8,Kozhikode,Seer Fish,Scomberomorus commerson,599890.6,3193,187.88
2015-08-01,2015,8,Kozhikode,Coastal Tuna,Euthynnus affinis,761347.7,3193,238.44
2015-08-01,2015,8,Kannur,Oil Sardine,Sardinella longiceps,5569049.5,2317,2403.56
2015-08-01,2015,8,Kannur,Indian Mackerel,Rastrelliger kanagurta,1681034.3,2317,725.52
2015-08-01,2015,8,Kannur,Seer Fish,Scomberomorus commerson,270725.4,2317,116.84
2015-08-01,2015,8,Kannur,Coastal Tuna,Euthynnus affinis,263018.0,2317,113.52
2015-08-01,2015,8,Kasaragod,Oil Sardine,Sardinella longiceps,1823258.6,1557,1171.01
2015-08-01,2015,8,Kasaragod,Indian Mackerel,Rastrelliger kanagurta,545809.2,1557,350.55
2015-08-01,2015,8,Kasaragod,Seer Fish,Scomberomorus commerson,122571.9,1557,78.72
2015-08-01,2015,8,Kasaragod,Coastal Tuna,Euthynnus affinis,129740.4,1557,83.33
2015-09-01,2015,9,Thiruvananthapuram,Oil Sardine,Sardinella longiceps,2516532.3,1966,1280.03
2015-09-01,2015,9,Thiruvananthapuram,Indian Mackerel,Rastrelliger kanagurta,941014.4,1966,478.64
2015-09-01,2015,9,Thiruvananthapuram,Seer Fish,Scomberomorus commerson,187786.7,1966,95.52
2015-09-01,2015,9,Thiruvananthapuram,Coastal Tuna,Euthynnus affinis,199595.0,1966,101.52
2015-09-01,2015,9,Kollam,Oil Sardine,Sardinella longiceps,10559144.4,3007,3511.52
2015-09-01,2015,9,Kollam,Indian Mackerel,Rastrelliger kanagurta,2936177.6,3007,976.45
2015-09-01,2015,9,Kollam,Seer Fish,Scomberomorus commerson,615728.6,3007,204.77
2015-09-01,2015,9,Kollam,Coastal Tuna,Euthynnus affinis,641494.7,3007,213.33
2015-09-01,2015,9,Alappuzha,Oil Sardine,Sardinella longiceps,4385652.4,2286,1918.48
2015-09-01,2015,9,Alappuzha,Indian Mackerel,Rastrelliger kanagurta,1514936.1,2286,662.7
2015-09-01,2015,9,Alappuzha,Seer Fish,Scomberomorus commerson,307398.8,2286,134.47
2015-09-01,2015,9,Alappuzha,Coastal Tuna,Euthynnus affinis,388413.3,2286,169.91
2015-09-01,2015,9,Ernakulam,Oil Sardine,Sardinella longiceps,7612789.2,2499,3046.33
2015-09-01,2015,9,Ernakulam,Indian Mackerel,Rastrelliger kanagurta,2432605.1,2499,973.43
2015-09-01,2015,9,Ernakulam,Seer Fish,Scomberomorus commerson,413132.0,2499,165.32
2015-09-01,2015,9,Ernakulam,Coastal Tuna,Euthynnus affinis,449234.1,2499,179.77
2015-09-01,2015,9,Thrissur,Oil Sardine,Sardinella longiceps,886396.8,1484,597.3
2015-09-01,2015,9,Thrissur,Indian Mackerel,Rastrelliger kanagurta,269075.3,1484,181.32
2015-09-01,2015,9,Thrissur,Seer Fish,Scomberomorus commerson,49800.8,1484,33.56
2015-09-01,2015,9,Thrissur,Coastal Tuna,Euthynnus affinis,72175.5,1484,48.64
2015-09-01,2015,9,Malappuram,Oil Sardine,Sardinella longiceps,1941776.5,1536,1264.18
2015-09-01,2015,9,Malappuram,Indian Mackerel,Rastrelliger kanagurta,490983.0,1536,319.65
2015-09-01,2015,9,Malappuram,Seer Fish,Scomberomorus commerson,104983.3,1536,68.35
2015-09-01,2015,9,Malappuram,Coastal Tuna,Euthynnus affinis,136001.3,1536,88.54
2015-09-01,2015,9,Kozhikode,Oil Sardine,Sardinella longiceps,7913483.6,2999,2638.71
2015-09-01,2015,9,Kozhikode,Indian Mackerel,Rastrelliger kanagurta,2528193.8,2999,843.01
2015-09-01,2015,9,Kozhikode,Seer Fish,Scomberomorus commerson,516128.1,2999,172.1
2015-09-01,2015,9,Kozhikode,Coastal Tuna,Euthynnus affinis,758262.6,2999,252.84
2015-09-01,2015,9,Kannur,Oil Sardine,Sardinella longiceps,4762454.2,2631,1810.13
2015-09-01,2015,9,Kannur,Indian Mackerel,Rastrelliger kanagurta,1250347.4,2631,475.24
2015-09-01,2015,9,Kannur,Seer Fish,Scomberomorus commerson,318878.2,2631,121.2
2015-09-01,2015,9,Kannur,Coastal Tuna,Euthynnus affinis,320165.5,2631,121.69
2015-09-01,2015,9,Kasaragod,Oil Sardine,Sardinella longiceps,1178517.1,1265,931.63
2015-09-01,2015,9,Kasaragod,Indian Mackerel,Rastrelliger kanagurta,288744.8,1265,228.26
2015-09-01,2015,9,Kasaragod,Seer Fish,Scomberomorus commerson,54760.1,1265,43.29
2015-09-01,2015,9,Kasaragod,Coastal Tuna,Euthynnus affinis,99306.3,1265,78.5
2015-10-01,2015,10,Thiruvananthapuram,Oil Sardine,Sardinella longiceps,710491.5,1987,357.57
2015-10-01,2015,10,Thiruvananthapuram,Indian Mackerel,Rastrelliger kanagurta,397675.9,1987,200.14
2015-10-01,2015,10,Thiruvananthapuram,Seer Fish,Scomberomorus commerson,127820.0,1987,64.33
2015-10-01,2015,10,Thiruvananthapuram,Coastal Tuna,Euthynnus affinis,135598.2,1987,68.24
2015-10-01,2015,10,Kollam,Oil Sardine,Sardinella longiceps,2164595.6,3048,710.17
2015-10-01,2015,10,Kollam,Indian Mackerel,Rastrelliger kanagurta,1019266.1,3048,334.4
2015-10-01,2015,10,Kollam,Seer Fish,Scomberomorus commerson,333056.3,3048,109.27
2015-10-01,2015,10,Kollam,Coastal Tuna,Euthynnus affinis,492122.1,3048,161.46
2015-10-01,2015,10,Alappuzha,Oil Sardine,Sardinella longiceps,939249.8,2077,452.21
2015-10-01,2015,10,Alappuzha,Indian Mackerel,Rastrelliger kanagurta,504228.9,2077,242.77
2015-10-01,2015,10,Alappuzha,Seer Fish,Scomberomorus commerson,158701.8,2077,76.41
2015-10-01,2015,10,Alappuzha,Coastal Tuna,Euthynnus affinis,212695.0,2077,102.4
2015-10-01,2015,10,Ernakulam,Oil Sardine,Sardinella longiceps,1154706.5,2418,477.55
2015-10-01,2015,10,Ernakulam,Indian Mackerel,Rastrelliger kanagurta,785051.9,2418,324.67
2015-10-01,2015,10,Ernakulam,Seer Fish,Scomberomorus commerson,223341.2,2418,92.37
2015-10-01,2015,10,Ernakulam,Coastal Tuna,Euthynnus affinis,391068.0,2418,161.73
2015-10-01,2015,10,Thrissur,Oil Sardine,Sardinella longiceps,116357.6,1153,100.92
2015-10-01,2015,10,Thrissur,Indian Mackerel,Rastrelliger kanagurta,86096.6,1153,74.67
2015-10-01,2015,10,Thrissur,Seer Fish,Scomberomorus commerson,39003.7,1153,33.83
2015-10-01,2015,10,Thrissur,Coastal Tuna,Euthynnus affinis,39775.7,1153,34.5
2015-10-01,2015,10,Malappuram,Oil Sardine,Sardinella longiceps,371615.1,1554,239.13
2015-10-01,2015,10,Malappuram,Indian Mackerel,Rastrelliger kanagurta,222217.7,1554,143.0
2015-10-01,2015,10,Malappuram,Seer Fish,Scomberomorus commerson,98084.3,1554,63.12
2015-10-01,2015,10,Malappuram,Coastal Tuna,Euthynnus affinis,85165.1,1554,54.8
2015-10-01,2015,10,Kozhikode,Oil Sardine,Sardinella longiceps,1301229.2,2537,512.9
2015-10-01,2015,10,Kozhikode,Indian Mackerel,Rastrelliger kanagurta,673876.8,2537,265.62
2015-10-01,2015,10,Kozhikode,Seer Fish,Scomberomorus commerson,265513.0,2537,104.66
2015-10-01,2015,10,Kozhikode,Coastal Tuna,Euthynnus affinis,335534.4,2537,132.26
2015-10-01,2015,10,Kannur,Oil Sardine,Sardinella longiceps,457746.7,2100,217.97
2015-10-01,2015,10,Kannur,Indian Mackerel,Rastrelliger kanagurta,492173.6,2100,234.37
2015-10-01,2015,10,Kannur,Seer Fish,Scomberomorus commerson,106570.1,2100,50.75
2015-10-01,2015,10,Kannur,Coastal Tuna,Euthynnus affinis,143298.0,2100,68.24
2015-10-01,2015,10,Kasaragod,Oil Sardine,Sardinella longiceps,212137.5,1379,153.83
2015-10-01,2015,10,Kasaragod,Indian Mackerel,Rastrelliger kanagurta,145921.2,1379,105.82
2015-10-01,2015,10,Kasaragod,Seer Fish,Scomberomorus commerson,58114.5,1379,42.14
2015-10-01,2015,10,Kasaragod,Coastal Tuna,Euthynnus affinis,61739.3,1379,44.77
2015-11-01,2015,11,Thiruvananthapuram,Oil Sardine,Sardinella longiceps,409457.9,1515,270.27
2015-11-01,2015,11,Thiruvananthapuram,Indian Mackerel,Rastrelliger kanagurta,327861.2,1515,216.41
2015-11-01,2015,11,Thiruvananthapuram,Seer Fish,Scomberomorus commerson,91091.2,1515,60.13
2015-11-01,2015,11,Thiruvananthapuram,Coastal Tuna,Euthynnus affinis,106013.1,1515,69.98
2015-11-01,2015,11,Kollam,Oil Sardine,Sardinella longiceps,1352348.9,2516,537.5
2015-11-01,2015,11,Kollam,Indian Mackerel,Rastrelliger kanagurta,1138911.9,2516,452.67
2015-11-01,2015,11,Kollam,Seer Fish,Scomberomorus commerson,301306.7,2516,119.76
2015-11-01,2015,11,Kollam,Coastal Tuna,Euthynnus affinis,446002.4,2516,177.27
2015-11-01,2015,11,Alappuzha,Oil Sardine,Sardinella longiceps,1052739.7,2504,420.42
2015-11-01,2015,11,Alappuzha,Indian Mackerel,Rastrelliger kanagurta,878055.6,2504,350.66
2015-11-01,2015,11,Alappuzha,Seer Fish,Scomberomorus commerson,141113.4,2504,56.36
2015-11-01,2015,11,Alappuzha,Coastal Tuna,Euthynnus affinis,251924.3,2504,100.61
2015-11-01,2015,11,Ernakulam,Oil Sardine,Sardinella longiceps,1315422.4,2598,506.32
2015-11-01,2015,11,Ernakulam,Indian Mackerel,Rastrelliger kanagurta,1156681.1,2598,445.22
2015-11-01,2015,11,Ernakulam,Seer Fish,Scomberomorus commerson,255749.5,2598,98.44
2015-11-01,2015,11,Ernakulam,Coastal Tuna,Euthynnus affinis,370063.4,2598,142.44
2015-11-01,2015,11,Thrissur,Oil Sardine,Sardinella longiceps,174317.8,1343,129.8
2015-11-01,2015,11,Thrissur,Indian Mackerel,Rastrelliger kanagurta,96353.1,1343,71.74
2015-11-01,2015,11,Thrissur,Seer Fish,Scomberomorus commerson,33624.5,1343,25.04
2015-11-01,2015,11,Thrissur,Coastal Tuna,Euthynnus affinis,43297.6,1343,32.24
2015-11-01,2015,11,Malappuram,Oil Sardine,Sardinella longiceps,524229.7,1941,270.08
2015-11-01,2015,11,Malappuram,Indian Mackerel,Rastrelliger kanagurta,245195.8,1941,126.32
2015-11-01,2015,11,Malappuram,Seer Fish,Scomberomorus commerson,116248.3,1941,59.89
2015-11-01,2015,11,Malappuram,Coastal Tuna,Euthynnus affinis,142776.8,1941,73.56
2015-11-01,2015,11,Kozhikode,Oil Sardine,Sardinella longiceps,1375035.0,2475,555.57
2015-11-01,2015,11,Kozhikode,Indian Mackerel,Rastrelliger kanagurta,936964.9,2475,378.57
2015-11-01,2015,11,Kozhikode,Seer Fish,Scomberomorus commerson,235631.1,2475,95.2
2015-11-01,2015,11,Kozhikode,Coastal Tuna,Euthynnus affinis,398739.1,2475,161.11
2015-11-01,2015,11,Kannur,Oil Sardine,Sardinella longiceps,673698.7,1939,347.45
2015-11-01,2015,11,Kannur,Indian Mackerel,Rastrelliger kanagurta,345821.7,1939,178.35
2015-11-01,2015,11,Kannur,Seer Fish,Scomberomorus commerson,90347.4,1939,46.59
2015-11-01,2015,11,Kannur,Coastal Tuna,Euthynnus affinis,165479.0,1939,85.34
2015-11-01,2015,11,Kasaragod,Oil Sardine,Sardinella longiceps,359220.1,1759,204.22
2015-11-01,2015,11,Kasaragod,Indian Mackerel,Rastrelliger kanagurta,173825.3,1759,98.82
2015-11-01,2015,11,Kasaragod,Seer Fish,Scomberomorus commerson,62697.7,1759,35.64
2015-11-01,2015,11,Kasaragod,Coastal Tuna,Euthynnus affinis,78126.9,1759,44.42
2015-12-01,2015,12,Thiruvananthapuram,Oil Sardine,Sardinella longiceps,657582.4,1639,401.21
2015-12-01,2015,12,Thiruvananthapuram,Indian Mackerel,Rastrelliger kanagurta,295480.8,1639,180.28
2015-12-01,2015,12,Thiruvananthapuram,Seer Fish,Scomberomorus commerson,107287.1,1639,65.46
2015-12-01,2015,12,Thiruvananthapuram,Coastal Tuna,Euthynnus affinis,85720.1,1639,52.3
2015-12-01,2015,12,Kollam,Oil Sardine,Sardinella longiceps,2216889.4,2673,829.36
2015-12-01,2015,12,Kollam,Indian Mackerel,Rastrelliger kanagurta,1298239.4,2673,485.69
2015-12-01,2015,12,Kollam,Seer Fish,Scomberomorus commerson,335301.3,2673,125.44
2015-12-01,2015,12,Kollam,Coastal Tuna,Euthynnus affinis,430938.9,2673,161.22
2015-12-01,2015,12,Alappuzha,Oil Sardine,Sardinella longiceps,1050945.9,2256,465.84
2015-12-01,2015,12,Alappuzha,Indian Mackerel,Rastrelliger kanagurta,637869.9,2256,282.74
2015-12-01,2015,12,Alappuzha,Seer Fish,Scomberomorus commerson,252950.1,2256,112.12
2015-12-01,2015,12,Alappuzha,Coastal Tuna,Euthynnus affinis,303306.5,2256,134.44
2015-12-01,2015,12,Ernakulam,Oil Sardine,Sardinella longiceps,2055774.3,2671,769.66
2015-12-01,2015,12,Ernakulam,Indian Mackerel,Rastrelliger kanagurta,1018421.7,2671,381.29
2015-12-01,2015,12,Ernakulam,Seer Fish,Scomberomorus commerson,386101.1,2671,144.55
2015-12-01,2015,12,Ernakulam,Coastal Tuna,Euthynnus affinis,495035.8,2671,185.34
2015-12-01,2015,12,Thrissur,Oil Sardine,Sardinella longiceps,251875.4,1466,171.81
2015-12-01,2015,12,Thrissur,Indian Mackerel,Rastrelliger kanagurta,109502.1,1466,74.69
2015-12-01,2015,12,Thrissur,Seer Fish,Scomberomorus commerson,29105.4,1466,19.85
2015-12-01,2015,12,Thrissur,Coastal Tuna,Euthynnus affinis,42511.4,1466,29.0
2015-12-01,2015,12,Malappuram,Oil Sardine,Sardinella longiceps,486544.2,1862,261.3
2015-12-01,2015,12,Malappuram,Indian Mackerel,Rastrelliger kanagurta,342359.7,1862,183.87
2015-12-01,2015,12,Malappuram,Seer Fish,Scomberomorus commerson,106610.2,1862,57.26
2015-12-01,2015,12,Malappuram,Coastal Tuna,Euthynnus affinis,142362.3,1862,76.46
2015-12-01,2015,12,Kozhikode,Oil Sardine,Sardinella longiceps,1924616.2,2474,777.94
2015-12-01,2015,12,Kozhikode,Indian Mackerel,Rastrelliger kanagurta,737852.6,2474,298.24
2015-12-01,2015,12,Kozhikode,Seer Fish,Scomberomorus commerson,222689.4,2474,90.01
2015-12-01,2015,12,Kozhikode,Coastal Tuna,Euthynnus affinis,314409.1,2474,127.09
2015-12-01,2015,12,Kannur,Oil Sardine,Sardinella longiceps,995532.1,2039,488.25
2015-12-01,2015,12,Kannur,Indian Mackerel,Rastrelliger kanagurta,445312.8,2039,218.4
2015-12-01,2015,12,Kannur,Seer Fish,Scomberomorus commerson,141140.9,2039,69.22
2015-12-01,2015,12,Kannur,Coastal Tuna,Euthynnus affinis,166146.4,2039,81.48
2015-12-01,2015,12,Kasaragod,Oil Sardine,Sardinella longiceps,316099.7,1436,220.13
2015-12-01,2015,12,Kasaragod,Indian Mackerel,Rastrelliger kanagurta,180141.1,1436,125.45
2015-12-01,2015,12,Kasaragod,Seer Fish,Scomberomorus commerson,49396.6,1436,34.4
2015-12-01,2015,12,Kasaragod,Coastal Tuna,Euthynnus affinis,65072.4,1436,45.32
2016-01-01,2016,1,Thiruvananthapuram,Oil Sardine,Sardinella longiceps,706361.9,1968,358.92
2016-01-01,2016,1,Thiruvananthapuram,Indian Mackerel,Rastrelliger kanagurta,400087.6,1968,203.3
2016-01-01,2016,1,Thiruvananthapuram,Seer Fish,Scomberomorus commerson,99106.3,1968,50.36
2016-01-01,2016,1,Thiruvananthapuram,Coastal Tuna,Euthynnus affinis,127772.4,1968,64.92
2016-01-01,2016,1,Kollam,Oil Sardine,Sardinella longiceps,2532127.8,3016,839.56
2016-01-01,2016,1,Kollam,Indian Mackerel,Rastrelliger kanagurta,1242479.8,3016,411.96
2016-01-01,2016,1,Kollam,Seer Fish,Scomberomorus commerson,233996.1,3016,77.58
2016-01-01,2016,1,Kollam,Coastal Tuna,Euthynnus affinis,428530.7,3016,142.09
2016-01-01,2016,1,Alappuzha,Oil Sardine,Sardinella longiceps,1301517.4,2392,544.11
2016-01-01,2016,1,Alappuzha,Indian Mackerel,Rastrelliger kanagurta,650169.1,2392,271.81
2016-01-01,2016,1,Alappuzha,Seer Fish,Scomberomorus commerson,204804.9,2392,85.62
2016-01-01,2016,1,Alappuzha,Coastal Tuna,Euthynnus affinis,167981.4,2392,70.23
2016-01-01,2016,1,Ernakulam,Oil Sardine,Sardinella longiceps,2067084.7,2760,748.94
2016-01-01,2016,1,Ernakulam,Indian Mackerel,Rastrelliger kanagurta,941246.5,2760,341.03
2016-01-01,2016,1,Ernakulam,Seer Fish,Scomberomorus commerson,275086.8,2760,99.67
2016-01-01,2016,1,Ernakulam,Coastal Tuna,Euthynnus affinis,331331.9,2760,120.05
2016-01-01,2016,1,Thrissur,Oil Sardine,Sardinella longiceps,237072.2,1537,154.24
2016-01-01,2016,1,Thrissur,Indian Mackerel,Rastrelliger kanagurta,94097.6,1537,61.22
2016-01-01,2016,1,Thrissur,Seer Fish,Scomberomorus commerson,26259.9,1537,17.09
2016-01-01,2016,1,Thrissur,Coastal Tuna,Euthynnus affinis,50566.2,1537,32.9
2016-01-01,2016,1,Malappuram,Oil Sardine,Sardinella longiceps,503497.6,1729,291.21
2016-01-01,2016,1,Malappuram,Indian Mackerel,Rastrelliger kanagurta,265247.9,1729,153.41
2016-01-01,2016,1,Malappuram,Seer Fish,Scomberomorus commerson,67474.0,1729,39.02
2016-01-01,2016,1,Malappuram,Coastal Tuna,Euthynnus affinis,94667.9,1729,54.75
2016-01-01,2016,1,Kozhikode,Oil Sardine,Sardinella longiceps,2009122.6,2691,746.61
2016-01-01,2016,1,Kozhikode,Indian Mackerel,Rastrelliger kanagurta,1100727.0,2691,409.04
2016-01-01,2016,1,Kozhikode,Seer Fish,Scomberomorus commerson,193903.3,2691,72.06
2016-01-01,2016,1,Kozhikode,Coastal Tuna,Euthynnus affinis,280174.4,2691,104.12
2016-01-01,2016,1,Kannur,Oil Sardine,Sardinella longiceps,885952.7,2092,423.5
2016-01-01,2016,1,Kannur,Indian Mackerel,Rastrelliger kanagurta,492766.3,2092,235.55
2016-01-01,2016,1,Kannur,Seer Fish,Scomberomorus commerson,110608.7,2092,52.87
2016-01-01,2016,1,Kannur,Coastal Tuna,Euthynnus affinis,189403.4,2092,90.54
2016-01-01,2016,1,Kasaragod,Oil Sardine,Sardinella longiceps,261509.2,1348,194.0
2016-01-01,2016,1,Kasaragod,Indian Mackerel,Rastrelliger kanagurta,116319.3,1348,86.29
2016-01-01,2016,1,Kasaragod,Seer Fish,Scomberomorus commerson,42074.9,1348,31.21
2016-01-01,2016,1,Kasaragod,Coastal Tuna,Euthynnus affinis,46385.6,1348,34.41
2016-02-01,2016,2,Thiruvananthapuram,Oil Sardine,Sardinella longiceps,655885.8,1981,331.09
2016-02-01,2016,2,Thiruvananthapuram,Indian Mackerel,Rastrelliger kanagurta,318937.8,1981,161.0
2016-02-01,2016,2,Thiruvananthapuram,Seer Fish,Scomberomorus commerson,111870.8,1981,56.47
2016-02-01,2016,2,Thiruvananthapuram,Coastal Tuna,Euthynnus affinis,107126.3,1981,54.08
2016-02-01,2016,2,Kollam,Oil Sardine,Sardinella longiceps,2641905.2,3339,791.23
2016-02-01,2016,2,Kollam,Indian Mackerel,Rastrelliger kanagurta,1219116.9,3339,365.11
2016-02-01,2016,2,Kollam,Seer Fish,Scomberomorus commerson,389941.7,3339,116.78
2016-02-01,2016,2,Kollam,Coastal Tuna,Euthynnus affinis,423241.6,3339,126.76
2016-02-01,2016,2,Alappuzha,Oil Sardine,Sardinella longiceps,701871.1,2781,252.38
2016-02-01,2016,2,Alappuzha,Indian Mackerel,Rastrelliger kanagurta,832720.1,2781,299.43
2016-02-01,2016,2,Alappuzha,Seer Fish,Scomberomorus commerson,217166.4,2781,78.09
2016-02-01,2016,2,Alappuzha,Coastal Tuna,Euthynnus affinis,326081.2,2781,117.25
2016-02-01,2016,2,Ernakulam,Oil Sardine,Sardinella longiceps,1627528.4,2407,676.16
2016-02-01,2016,2,Ernakulam,Indian Mackerel,Rastrelliger kanagurta,903379.2,2407,375.31
2016-02-01,2016,2,Ernakulam,Seer Fish,Scomberomorus commerson,282425.1,2407,117.33
2016-02-01,2016,2,Ernakulam,Coastal Tuna,Euthynnus affinis,312701.3,2407,129.91
2016-02-01,2016,2,Thrissur,Oil Sardine,Sardinella longiceps,189615.0,1338,141.72
2016-02-01,2016,2,Thrissur,Indian Mackerel,Rastrelliger kanagurta,142556.9,1338,106.54
2016-02-01,2016,2,Thrissur,Seer Fish,Scomberomorus commerson,23938.9,1338,17.89
2016-02-01,2016,2,Thrissur,Coastal Tuna,Euthynnus affinis,44123.6,1338,32.98
2016-02-01,2016,2,Malappuram,Oil Sardine,Sardinella longiceps,592257.2,1733,341.75
2016-02-01,2016,2,Malappuram,Indian Mackerel,Rastrelliger kanagurta,299027.1,1733,172.55
2016-02-01,2016,2,Malappuram,Seer Fish,Scomberomorus commerson,69767.9,1733,40.26
2016-02-01,2016,2,Malappuram,Coastal Tuna,Euthynnus affinis,119710.7,1733,69.08
2016-02-01,2016,2,Kozhikode,Oil Sardine,Sardinella longiceps,2085793.4,2978,700.4
2016-02-01,2016,2,Kozhikode,Indian Mackerel,Rastrelliger kanagurta,949840.6,2978,318.95
2016-02-01,2016,2,Kozhikode,Seer Fish,Scomberomorus commerson,308120.8,2978,103.47
2016-02-01,2016,2,Kozhikode,Coastal Tuna,Euthynnus affinis,342686.3,2978,115.07
2016-02-01,2016,2,Kannur,Oil Sardine,Sardinella longiceps,501816.8,1900,264.11
2016-02-01,2016,2,Kannur,Indian Mackerel,Rastrelliger kanagurta,295138.2,1900,155.34
2016-02-01,2016,2,Kannur,Seer Fish,Scomberomorus commerson,110641.4,1900,58.23
2016-02-01,2016,2,Kannur,Coastal Tuna,Euthynnus affinis,120729.4,1900,63.54
2016-02-01,2016,2,Kasaragod,Oil Sardine,Sardinella longiceps,201342.1,1561,128.98
2016-02-01,2016,2,Kasaragod,Indian Mackerel,Rastrelliger kanagurta,201689.4,1561,129.21
2016-02-01,2016,2,Kasaragod,Seer Fish,Scomberomorus commerson,50773.9,1561,32.53
2016-02-01,2016,2,Kasaragod,Coastal Tuna,Euthynnus affinis,74948.6,1561,48.01
2016-03-01,2016,3,Thiruvananthapuram,Oil Sardine,Sardinella longiceps,248358.0,1998,124.3
2016-03-01,2016,3,Thiruvananthapuram,Indian Mackerel,Rastrelliger kanagurta,162553.3,1998,81.36
2016-03-01,2016,3,Thiruvananthapuram,Seer Fish,Scomberomorus commerson,87143.9,1998,43.62
2016-03-01,2016,3,Thiruvananthapuram,Coastal Tuna,Euthynnus affinis,88548.7,1998,44.32
2016-03-01,2016,3,Kollam,Oil Sardine,Sardinella longiceps,872513.3,3144,277.52
2016-03-01,2016,3,Kollam,Indian Mackerel,Rastrelliger kanagurta,552203.0,3144,175.64
2016-03-01,2016,3,Kollam,Seer Fish,Scomberomorus commerson,250865.1,3144,79.79
2016-03-01,2016,3,Kollam,Coastal Tuna,Euthynnus affinis,405062.7,3144,128.84
2016-03-01,2016,3,Alappuzha,Oil Sardine,Sardinella longiceps,388341.2,2093,185.54
2016-03-01,2016,3,Alappuzha,Indian Mackerel,Rastrelliger kanagurta,294944.9,2093,140.92
2016-03-01,2016,3,Alappuzha,Seer Fish,Scomberomorus commerson,119337.3,2093,57.02
2016-03-01,2016,3,Alappuzha,Coastal Tuna,Euthynnus affinis,161981.8,2093,77.39
2016-03-01,2016,3,Ernakulam,Oil Sardine,Sardinella longiceps,844951.3,2648,319.09
2016-03-01,2016,3,Ernakulam,Indian Mackerel,Rastrelliger kanagurta,606469.5,2648,229.03
2016-03-01,2016,3,Ernakulam,Seer Fish,Scomberomorus commerson,240390.5,2648,90.78
2016-03-01,2016,3,Ernakulam,Coastal Tuna,Euthynnus affinis,238991.0,2648,90.25
2016-03-01,2016,3,Thrissur,Oil Sardine,Sardinella longiceps,94194.7,1189,79.22
2016-03-01,2016,3,Thrissur,Indian Mackerel,Rastrelliger kanagurta,48773.5,1189,41.02
2016-03-01,2016,3,Thrissur,Seer Fish,Scomberomorus commerson,15101.9,1189,12.7
2016-03-01,2016,3,Thrissur,Coastal Tuna,Euthynnus affinis,19694.4,1189,16.56
2016-03-01,2016,3,Malappuram,Oil Sardine,Sardinella longiceps,196989.6,1744,112.95
2016-03-01,2016,3,Malappuram,Indian Mackerel,Rastrelliger kanagurta,204650.6,1744,117.35
2016-03-01,2016,3,Malappuram,Seer Fish,Scomberomorus commerson,43684.2,1744,25.05
2016-03-01,2016,3,Malappuram,Coastal Tuna,Euthynnus affinis,51350.7,1744,29.44
2016-03-01,2016,3,Kozhikode,Oil Sardine,Sardinella longiceps,1051563.9,3071,342.42
2016-03-01,2016,3,Kozhikode,Indian Mackerel,Rastrelliger kanagurta,633767.8,3071,206.37
2016-03-01,2016,3,Kozhikode,Seer Fish,Scomberomorus commerson,237755.4,3071,77.42
2016-03-01,2016,3,Kozhikode,Coastal Tuna,Euthynnus affinis,328465.0,3071,106.96
2016-03-01,2016,3,Kannur,Oil Sardine,Sardinella longiceps,179825.5,2012,89.38
2016-03-01,2016,3,Kannur,Indian Mackerel,Rastrelliger kanagurta,261919.0,2012,130.18
2016-03-01,2016,3,Kannur,Seer Fish,Scomberomorus commerson,47982.8,2012,23.85
2016-03-01,2016,3,Kannur,Coastal Tuna,Euthynnus affinis,159389.3,2012,79.22
2016-03-01,2016,3,Kasaragod,Oil Sardine,Sardinella longiceps,138554.2,1667,83.12
2016-03-01,2016,3,Kasaragod,Indian Mackerel,Rastrelliger kanagurta,88301.5,1667,52.97
2016-03-01,2016,3,Kasaragod,Seer Fish,Scomberomorus commerson,26140.6,1667,15.68
2016-03-01,2016,3,Kasaragod,Coastal Tuna,Euthynnus affinis,41544.9,1667,24.92
2016-04-01,2016,4,Thiruvananthapuram,Oil Sardine,Sardinella longiceps,204396.1,2064,99.03
2016-04-01,2016,4,Thiruvananthapuram,Indian Mackerel,Rastrelliger kanagurta,122603.1,2064,59.4
2016-04-01,2016,4,Thiruvananthapuram,Seer Fish,Scomberomorus commerson,79888.5,2064,38.71
2016-04-01,2016,4,Thiruvananthapuram,Coastal Tuna,Euthynnus affinis,75672.6,2064,36.66
2016-04-01,2016,4,Kollam,Oil Sardine,Sardinella longiceps,528104.8,3192,165.45
2016-04-01,2016,4,Kollam,Indian Mackerel,Rastrelliger kanagurta,585345.0,3192,183.38
2016-04-01,2016,4,Kollam,Seer Fish,Scomberomorus commerson,221710.4,3192,69.46
2016-04-01,2016,4,Kollam,Coastal Tuna,Euthynnus affinis,311314.1,3192,97.53
2016-04-01,2016,4,Alappuzha,Oil Sardine,Sardinella longiceps,290492.6,2054,141.43
2016-04-01,2016,4,Alappuzha,Indian Mackerel,Rastrelliger kanagurta,253127.3,2054,123.24
2016-04-01,2016,4,Alappuzha,Seer Fish,Scomberomorus commerson,97728.7,2054,47.58
2016-04-01,2016,4,Alappuzha,Coastal Tuna,Euthynnus affinis,118940.6,2054,57.91
2016-04-01,2016,4,Ernakulam,Oil Sardine,Sardinella longiceps,579032.5,3051,189.78
2016-04-01,2016,4,Ernakulam,Indian Mackerel,Rastrelliger kanagurta,390765.6,3051,128.08
2016-04-01,2016,4,Ernakulam,Seer Fish,Scomberomorus commerson,136060.0,3051,44.6
2016-04-01,2016,4,Ernakulam,Coastal Tuna,Euthynnus affinis,293586.4,3051,96.23
2016-04-01,2016,4,Thrissur,Oil Sardine,Sardinella longiceps,97464.4,1187,82.11
2016-04-01,2016,4,Thrissur,Indian Mackerel,Rastrelliger kanagurta,42782.1,1187,36.04
2016-04-01,2016,4,Thrissur,Seer Fish,Scomberomorus commerson,12171.4,1187,10.25
2016-04-01,2016,4,Thrissur,Coastal Tuna,Euthynnus affinis,18123.0,1187,15.27
2016-04-01,2016,4,Malappuram,Oil Sardine,Sardinella longiceps,201681.2,1982,101.76
2016-04-01,2016,4,Malappuram,Indian Mackerel,Rastrelliger kanagurta,129220.6,1982,65.2
2016-04-01,2016,4,Malappuram,Seer Fish,Scomberomorus commerson,55832.9,1982,28.17
2016-04-01,2016,4,Malappuram,Coastal Tuna,Euthynnus affinis,62371.8,1982,31.47
2016-04-01,2016,4,Kozhikode,Oil Sardine,Sardinella longiceps,339687.5,2490,136.42
2016-04-01,2016,4,Kozhikode,Indian Mackerel,Rastrelliger kanagurta,381243.5,2490,153.11
2016-04-01,2016,4,Kozhikode,Seer Fish,Scomberomorus commerson,136557.8,2490,54.84
2016-04-01,2016,4,Kozhikode,Coastal Tuna,Euthynnus affinis,309395.7,2490,124.26
2016-04-01,2016,4,Kannur,Oil Sardine,Sardinella longiceps,229913.4,1794,128.16
2016-04-01,2016,4,Kannur,Indian Mackerel,Rastrelliger kanagurta,104210.3,1794,58.09
2016-04-01,2016,4,Kannur,Seer Fish,Scomberomorus commerson,56630.8,1794,31.57
2016-04-01,2016,4,Kannur,Coastal Tuna,Euthynnus affinis,78044.8,1794,43.5
2016-04-01,2016,4,Kasaragod,Oil Sardine,Sardinella longiceps,146419.9,1467,99.81
2016-04-01,2016,4,Kasaragod,Indian Mackerel,Rastrelliger kanagurta,66864.3,1467,45.58
2016-04-01,2016,4,Kasaragod,Seer Fish,Scomberomorus commerson,30075.0,1467,20.5
2016-04-01,2016,4,Kasaragod,Coastal Tuna,Euthynnus affinis,25593.9,1467,17.45
2016-05-01,2016,5,Thiruvananthapuram,Oil Sardine,Sardinella longiceps,216633.5,1740,124.5
2016-05-01,2016,5,Thiruvananthapuram,Indian Mackerel,Rastrelliger kanagurta,105961.7,1740,60.9
2016-05-01,2016,5,Thiruvananthapuram,Seer Fish,Scomberomorus commerson,52967.5,1740,30.44
2016-05-01,2016,5,Thiruvananthapuram,Coastal Tuna,Euthynnus affinis,43062.4,1740,24.75
2016-05-01,2016,5,Kollam,Oil Sardine,Sardinella longiceps,435733.9,2819,154.57
2016-05-01,2016,5,Kollam,Indian Mackerel,Rastrelliger kanagurta,523585.5,2819,185.73
2016-05-01,2016,5,Kollam,Seer Fish,Scomberomorus commerson,200120.4,2819,70.99
2016-05-01,2016,5,Kollam,Coastal Tuna,Euthynnus affinis,284710.8,2819,101.0
2016-05-01,2016,5,Alappuzha,Oil Sardine,Sardinella longiceps,300382.7,2070,145.11
2016-05-01,2016,5,Alappuzha,Indian Mackerel,Rastrelliger kanagurta,356658.3,2070,172.3
2016-05-01,2016,5,Alappuzha,Seer Fish,Scomberomorus commerson,104687.1,2070,50.57
2016-05-01,2016,5,Alappuzha,Coastal Tuna,Euthynnus affinis,103388.6,2070,49.95
2016-05-01,2016,5,Ernakulam,Oil Sardine,Sardinella longiceps,639580.9,3123,204.8
2016-05-01,2016,5,Ernakulam,Indian Mackerel,Rastrelliger kanagurta,489018.2,3123,156.59
2016-05-01,2016,5,Ernakulam,Seer Fish,Scomberomorus commerson,156022.9,3123,49.96
2016-05-01,2016,5,Ernakulam,Coastal Tuna,Euthynnus affinis,249525.4,3123,79.9
2016-05-01,2016,5,Thrissur,Oil Sardine,Sardinella longiceps,123991.3,1550,79.99
2016-05-01,2016,5,Thrissur,Indian Mackerel,Rastrelliger kanagurta,57478.3,1550,37.08
2016-05-01,2016,5,Thrissur,Seer Fish,Scomberomorus commerson,23766.5,1550,15.33
2016-05-01,2016,5,Thrissur,Coastal Tuna,Euthynnus affinis,26069.7,1550,16.82
2016-05-01,2016,5,Malappuram,Oil Sardine,Sardinella longiceps,185258.3,1743,106.29
2016-05-01,2016,5,Malappuram,Indian Mackerel,Rastrelliger kanagurta,125382.3,1743,71.93
2016-05-01,2016,5,Malappuram,Seer Fish,Scomberomorus commerson,77095.0,1743,44.23
2016-05-01,2016,5,Malappuram,Coastal Tuna,Euthynnus affinis,42753.4,1743,24.53
2016-05-01,2016,5,Kozhikode,Oil Sardine,Sardinella longiceps,583087.5,2629,221.79
2016-05-01,2016,5,Kozhikode,Indian Mackerel,Rastrelliger kanagurta,427235.1,2629,162.51
2016-05-01,2016,5,Kozhikode,Seer Fish,Scomberomorus commerson,192688.3,2629,73.29
2016-05-01,2016,5,Kozhikode,Coastal Tuna,Euthynnus affinis,211585.3,2629,80.48
2016-05-01,2016,5,Kannur,Oil Sardine,Sardinella longiceps,227941.7,2073,109.96
2016-05-01,2016,5,Kannur,Indian Mackerel,Rastrelliger kanagurta,188106.9,2073,90.74
2016-05-01,2016,5,Kannur,Seer Fish,Scomberomorus commerson,59739.4,2073,28.82
2016-05-01,2016,5,Kannur,Coastal Tuna,Euthynnus affinis,74750.0,2073,36.06
2016-05-01,2016,5,Kasaragod,Oil Sardine,Sardinella longiceps,169120.3,1488,113.66
2016-05-01,2016,5,Kasaragod,Indian Mackerel,Rastrelliger kanagurta,100365.5,1488,67.45
2016-05-01,2016,5,Kasaragod,Seer Fish,Scomberomorus commerson,20151.5,1488,13.54
2016-05-01,2016,5,Kasaragod,Coastal Tuna,Euthynnus affinis,21116.2,1488,14.19
2016-06-01,2016,6,Thiruvananthapuram,Oil Sardine,Sardinella longiceps,562647.1,420,1339.64
2016-06-01,2016,6,Thiruvananthapuram,Indian Mackerel,Rastrelliger kanagurta,251216.9,420,598.14
2016-06-01,2016,6,Thiruvananthapuram,Seer Fish,Scomberomorus commerson,42797.1,420,101.9
2016-06-01,2016,6,Thiruvananthapuram,Coastal Tuna,Euthynnus affinis,67464.5,420,160.63
2016-06-01,2016,6,Kollam,Oil Sardine,Sardinella longiceps,1716750.4,554,3098.83
2016-06-01,2016,6,Kollam,Indian Mackerel,Rastrelliger kanagurta,576675.5,554,1040.93
2016-06-01,2016,6,Kollam,Seer Fish,Scomberomorus commerson,133354.4,554,240.71
2016-06-01,2016,6,Kollam,Coastal Tuna,Euthynnus affinis,194667.4,554,351.39
2016-06-01,2016,6,Alappuzha,Oil Sardine,Sardinella longiceps,750838.9,405,1853.92
2016-06-01,2016,6,Alappuzha,Indian Mackerel,Rastrelliger kanagurta,328188.5,405,810.34
2016-06-01,2016,6,Alappuzha,Seer Fish,Scomberomorus commerson,64832.3,405,160.08
2016-06-01,2016,6,Alappuzha,Coastal Tuna,Euthynnus affinis,107665.2,405,265.84
2016-06-01,2016,6,Ernakulam,Oil Sardine,Sardinella longiceps,1732933.3,585,2962.28
2016-06-01,2016,6,Ernakulam,Indian Mackerel,Rastrelliger kanagurta,611091.2,585,1044.6
2016-06-01,2016,6,Ernakulam,Seer Fish,Scomberomorus commerson,148870.9,585,254.48
2016-06-01,2016,6,Ernakulam,Coastal Tuna,Euthynnus affinis,181290.0,585,309.9
2016-06-01,2016,6,Thrissur,Oil Sardine,Sardinella longiceps,142137.0,276,514.99
2016-06-01,2016,6,Thrissur,Indian Mackerel,Rastrelliger kanagurta,66231.7,276,239.97
2016-06-01,2016,6,Thrissur,Seer Fish,Scomberomorus commerson,11946.8,276,43.29
2016-06-01,2016,6,Thrissur,Coastal Tuna,Euthynnus affinis,21421.5,276,77.61
2016-06-01,2016,6,Malappuram,Oil Sardine,Sardinella longiceps,413311.6,319,1295.65
2016-06-01,2016,6,Malappuram,Indian Mackerel,Rastrelliger kanagurta,143775.3,319,450.71
2016-06-01,2016,6,Malappuram,Seer Fish,Scomberomorus commerson,31590.4,319,99.03
2016-06-01,2016,6,Malappuram,Coastal Tuna,Euthynnus affinis,41991.7,319,131.64
2016-06-01,2016,6,Kozhikode,Oil Sardine,Sardinella longiceps,1632910.9,716,2280.6
2016-06-01,2016,6,Kozhikode,Indian Mackerel,Rastrelliger kanagurta,636078.8,716,888.38
2016-06-01,2016,6,Kozhikode,Seer Fish,Scomberomorus commerson,176627.7,716,246.69
2016-06-01,2016,6,Kozhikode,Coastal Tuna,Euthynnus affinis,192573.3,716,268.96
2016-06-01,2016,6,Kannur,Oil Sardine,Sardinella longiceps,717346.1,491,1460.99
2016-06-01,2016,6,Kannur,Indian Mackerel,Rastrelliger kanagurta,268759.0,491,547.37
2016-06-01,2016,6,Kannur,Seer Fish,Scomberomorus commerson,65564.0,491,133.53
2016-06-01,2016,6,Kannur,Coastal Tuna,Euthynnus affinis,79844.8,491,162.62
2016-06-01,2016,6,Kasaragod,Oil Sardine,Sardinella longiceps,212353.3,298,712.59
2016-06-01,2016,6,Kasaragod,Indian Mackerel,Rastrelliger kanagurta,93099.6,298,312.41
2016-06-01,2016,6,Kasaragod,Seer Fish,Scomberomorus commerson,23076.7,298,77.44
2016-06-01,2016,6,Kasaragod,Coastal Tuna,Euthynnus affinis,28507.2,298,95.66
2016-07-01,2016,7,Thiruvananthapuram,Oil Sardine,Sardinella longiceps,961170.5,407,2361.6
2016-07-01,2016,7,Thiruvananthapuram,Indian Mackerel,Rastrelliger kanagurta,199646.3,407,490.53
2016-07-01,2016,7,Thiruvananthapuram,Seer Fish,Scomberomorus commerson,39925.9,407,98.1
2016-07-01,2016,7,Thiruvananthapuram,Coastal Tuna,Euthynnus affinis,42696.5,407,104.91
2016-07-01,2016,7,Kollam,Oil Sardine,Sardinella longiceps,2605512.4,610,4271.33
2016-07-01,2016,7,Kollam,Indian Mackerel,Rastrelliger kanagurta,610081.6,610,1000.13
2016-07-01,2016,7,Kollam,Seer Fish,Scomberomorus commerson,137863.3,610,226.01
2016-07-01,2016,7,Kollam,Coastal Tuna,Euthynnus affinis,139400.4,610,228.53
2016-07-01,2016,7,Alappuzha,Oil Sardine,Sardinella longiceps,1718585.8,553,3107.75
2016-07-01,2016,7,Alappuzha,Indian Mackerel,Rastrelliger kanagurta,409019.1,553,739.64
2016-07-01,2016,7,Alappuzha,Seer Fish,Scomberomorus commerson,79740.8,553,144.2
2016-07-01,2016,7,Alappuzha,Coastal Tuna,Euthynnus affinis,98776.3,553,178.62
2016-07-01,2016,7,Ernakulam,Oil Sardine,Sardinella longiceps,2865894.8,667,4296.69
2016-07-01,2016,7,Ernakulam,Indian Mackerel,Rastrelliger kanagurta,679084.6,667,1018.12
2016-07-01,2016,7,Ernakulam,Seer Fish,Scomberomorus commerson,125844.9,667,188.67
2016-07-01,2016,7,Ernakulam,Coastal Tuna,Euthynnus affinis,170549.9,667,255.7
2016-07-01,2016,7,Thrissur,Oil Sardine,Sardinella longiceps,202083.0,268,754.04
2016-07-01,2016,7,Thrissur,Indian Mackerel,Rastrelliger kanagurta,53265.0,268,198.75
2016-07-01,2016,7,Thrissur,Seer Fish,Scomberomorus commerson,12773.6,268,47.66
2016-07-01,2016,7,Thrissur,Coastal Tuna,Euthynnus affinis,9283.8,268,34.64
2016-07-01,2016,7,Malappuram,Oil Sardine,Sardinella longiceps,578480.5,334,1731.98
2016-07-01,2016,7,Malappuram,Indian Mackerel,Rastrelliger kanagurta,148469.7,334,444.52
2016-07-01,2016,7,Malappuram,Seer Fish,Scomberomorus commerson,29103.0,334,87.13
2016-07-01,2016,7,Malappuram,Coastal Tuna,Euthynnus affinis,34957.9,334,104.66
2016-07-01,2016,7,Kozhikode,Oil Sardine,Sardinella longiceps,2421772.9,591,4097.75
2016-07-01,2016,7,Kozhikode,Indian Mackerel,Rastrelliger kanagurta,547415.4,591,926.25
2016-07-01,2016,7,Kozhikode,Seer Fish,Scomberomorus commerson,110821.4,591,187.52
2016-07-01,2016,7,Kozhikode,Coastal Tuna,Euthynnus affinis,110886.0,591,187.62
2016-07-01,2016,7,Kannur,Oil Sardine,Sardinella longiceps,1129907.1,487,2320.14
2016-07-01,2016,7,Kannur,Indian Mackerel,Rastrelliger kanagurta,268909.3,487,552.18
2016-07-01,2016,7,Kannur,Seer Fish,Scomberomorus commerson,56365.3,487,115.74
2016-07-01,2016,7,Kannur,Coastal Tuna,Euthynnus affinis,64269.4,487,131.97
2016-07-01,2016,7,Kasaragod,Oil Sardine,Sardinella longiceps,398899.6,336,1187.2
2016-07-01,2016,7,Kasaragod,Indian Mackerel,Rastrelliger kanagurta,90232.8,336,268.55
2016-07-01,2016,7,Kasaragod,Seer Fish,Scomberomorus commerson,16073.6,336,47.84
2016-07-01,2016,7,Kasaragod,Coastal Tuna,Euthynnus affinis,18106.6,336,53.89
2016-08-01,2016,8,Thiruvananthapuram,Oil Sardine,Sardinella longiceps,2949527.7,1855,1590.04
2016-08-01,2016,8,Thiruvananthapuram,Indian Mackerel,Rastrelliger kanagurta,987629.9,1855,532.42
2016-08-01,2016,8,Thiruvananthapuram,Seer Fish,Scomberomorus commerson,118756.9,1855,64.02
2016-08-01,2016,8,Thiruvananthapuram,Coastal Tuna,Euthynnus affinis,167972.8,1855,90.55
2016-08-01,2016,8,Kollam,Oil Sardine,Sardinella longiceps,11128633.9,3043,3657.13
2016-08-01,2016,8,Kollam,Indian Mackerel,Rastrelliger kanagurta,3109790.4,3043,1021.95
2016-08-01,2016,8,Kollam,Seer Fish,Scomberomorus commerson,603062.7,3043,198.18
2016-08-01,2016,8,Kollam,Coastal Tuna,Euthynnus affinis,560653.5,3043,184.24
2016-08-01,2016,8,Alappuzha,Oil Sardine,Sardinella longiceps,4418527.7,1744,2533.56
2016-08-01,2016,8,Alappuzha,Indian Mackerel,Rastrelliger kanagurta,1014688.0,1744,581.82
2016-08-01,2016,8,Alappuzha,Seer Fish,Scomberomorus commerson,233224.5,1744,133.73
2016-08-01,2016,8,Alappuzha,Coastal Tuna,Euthynnus affinis,236944.8,1744,135.86
2016-08-01,2016,8,Ernakulam,Oil Sardine,Sardinella longiceps,10736201.8,2752,3901.24
2016-08-01,2016,8,Ernakulam,Indian Mackerel,Rastrelliger kanagurta,2476404.3,2752,899.86
2016-08-01,2016,8,Ernakulam,Seer Fish,Scomberomorus commerson,533116.4,2752,193.72
2016-08-01,2016,8,Ernakulam,Coastal Tuna,Euthynnus affinis,616295.6,2752,223.94
2016-08-01,2016,8,Thrissur,Oil Sardine,Sardinella longiceps,1097130.6,1329,825.53
2016-08-01,2016,8,Thrissur,Indian Mackerel,Rastrelliger kanagurta,261786.5,1329,196.98
2016-08-01,2016,8,Thrissur,Seer Fish,Scomberomorus commerson,42363.6,1329,31.88
2016-08-01,2016,8,Thrissur,Coastal Tuna,Euthynnus affinis,70285.6,1329,52.89
2016-08-01,2016,8,Malappuram,Oil Sardine,Sardinella longiceps,3042401.2,1822,1669.81
2016-08-01,2016,8,Malappuram,Indian Mackerel,Rastrelliger kanagurta,764361.0,1822,419.52
2016-08-01,2016,8,Malappuram,Seer Fish,Scomberomorus commerson,137998.1,1822,75.74
2016-08-01,2016,8,Malappuram,Coastal Tuna,Euthynnus affinis,170421.3,1822,93.54
2016-08-01,2016,8,Kozhikode,Oil Sardine,Sardinella longiceps,12983619.9,3270,3970.53
2016-08-01,2016,8,Kozhikode,Indian Mackerel,Rastrelliger kanagurta,2893801.6,3270,884.95
2016-08-01,2016,8,Kozhikode,Seer Fish,Scomberomorus commerson,581548.9,3270,177.84
2016-08-01,2016,8,Kozhikode,Coastal Tuna,Euthynnus affinis,535094.0,3270,163.64
2016-08-01,2016,8,Kannur,Oil Sardine,Sardinella longiceps,4415200.7,2268,1946.74
2016-08-01,2016,8,Kannur,Indian Mackerel,Rastrelliger kanagurta,1253084.1,2268,552.51
2016-08-01,2016,8,Kannur,Seer Fish,Scomberomorus commerson,217325.3,2268,95.82
2016-08-01,2016,8,Kannur,Coastal Tuna,Euthynnus affinis,239847.5,2268,105.75
2016-08-01,2016,8,Kasaragod,Oil Sardine,Sardinella longiceps,1539207.0,1682,915.11
2016-08-01,2016,8,Kasaragod,Indian Mackerel,Rastrelliger kanagurta,385949.2,1682,229.46
2016-08-01,2016,8,Kasaragod,Seer Fish,Scomberomorus commerson,77758.0,1682,46.23
2016-08-01,2016,8,Kasaragod,Coastal Tuna,Euthynnus affinis,83319.9,1682,49.54
2016-09-01,2016,9,Thiruvananthapuram,Oil Sardine,Sardinella longiceps,2478967.9,2225,1114.14
2016-09-01,2016,9,Thiruvananthapuram,Indian Mackerel,Rastrelliger kanagurta,967015.1,2225,434.61
2016-09-01,2016,9,Thiruvananthapuram,Seer Fish,Scomberomorus commerson,191005.4,2225,85.85
2016-09-01,2016,9,Thiruvananthapuram,Coastal Tuna,Euthynnus affinis,269012.7,2225,120.9
2016-09-01,2016,9,Kollam,Oil Sardine,Sardinella longiceps,6074379.9,2842,2137.36
2016-09-01,2016,9,Kollam,Indian Mackerel,Rastrelliger kanagurta,2430408.7,2842,855.18
2016-09-01,2016,9,Kollam,Seer Fish,Scomberomorus commerson,556862.8,2842,195.94
2016-09-01,2016,9,Kollam,Coastal Tuna,Euthynnus affinis,799205.0,2842,281.21
2016-09-01,2016,9,Alappuzha,Oil Sardine,Sardinella longiceps,5300805.6,2865,1850.19
2016-09-01,2016,9,Alappuzha,Indian Mackerel,Rastrelliger kanagurta,1705747.8,2865,595.37
2016-09-01,2016,9,Alappuzha,Seer Fish,Scomberomorus commerson,303326.0,2865,105.87
2016-09-01,2016,9,Alappuzha,Coastal Tuna,Euthynnus affinis,513840.9,2865,179.35
2016-09-01,2016,9,Ernakulam,Oil Sardine,Sardinella longiceps,5578803.8,2252,2477.27
2016-09-01,2016,9,Ernakulam,Indian Mackerel,Rastrelliger kanagurta,1958739.8,2252,869.78
2016-09-01,2016,9,Ernakulam,Seer Fish,Scomberomorus commerson,389142.3,2252,172.8
2016-09-01,2016,9,Ernakulam,Coastal Tuna,Euthynnus affinis,580672.2,2252,257.85
2016-09-01,2016,9,Thrissur,Oil Sardine,Sardinella longiceps,608362.7,1281,474.91
2016-09-01,2016,9,Thrissur,Indian Mackerel,Rastrelliger kanagurta,231733.4,1281,180.9
2016-09-01,2016,9,Thrissur,Seer Fish,Scomberomorus commerson,50712.0,1281,39.59
2016-09-01,2016,9,Thrissur,Coastal Tuna,Euthynnus affinis,50431.3,1281,39.37
2016-09-01,2016,9,Malappuram,Oil Sardine,Sardinella longiceps,1545052.4,1730,893.09
2016-09-01,2016,9,Malappuram,Indian Mackerel,Rastrelliger kanagurta,623144.5,1730,360.2
2016-09-01,2016,9,Malappuram,Seer Fish,Scomberomorus commerson,122687.6,1730,70.92
2016-09-01,2016,9,Malappuram,Coastal Tuna,Euthynnus affinis,194509.0,1730,112.43
2016-09-01,2016,9,Kozhikode,Oil Sardine,Sardinella longiceps,5270563.4,2811,1874.98
2016-09-01,2016,9,Kozhikode,Indian Mackerel,Rastrelliger kanagurta,1752676.2,2811,623.51
2016-09-01,2016,9,Kozhikode,Seer Fish,Scomberomorus commerson,530606.6,2811,188.76
2016-09-01,2016,9,Kozhikode,Coastal Tuna,Euthynnus affinis,553362.1,2811,196.86
2016-09-01,2016,9,Kannur,Oil Sardine,Sardinella longiceps,2105298.3,1858,1133.1
2016-09-01,2016,9,Kannur,Indian Mackerel,Rastrelliger kanagurta,842567.9,1858,453.48
2016-09-01,2016,9,Kannur,Seer Fish,Scomberomorus commerson,167510.7,1858,90.16
2016-09-01,2016,9,Kannur,Coastal Tuna,Euthynnus affinis,189732.0,1858,102.12
2016-09-01,2016,9,Kasaragod,Oil Sardine,Sardinella longiceps,1103262.1,1482,744.44
2016-09-01,2016,9,Kasaragod,Indian Mackerel,Rastrelliger kanagurta,352322.6,1482,237.73
2016-09-01,2016,9,Kasaragod,Seer Fish,Scomberomorus commerson,48809.3,1482,32.93
2016-09-01,2016,9,Kasaragod,Coastal Tuna,Euthynnus affinis,92961.2,1482,62.73
2016-10-01,2016,10,Thiruvananthapuram,Oil Sardine,Sardinella longiceps,451668.5,1539,293.48
2016-10-01,2016,10,Thiruvananthapuram,Indian Mackerel,Rastrelliger kanagurta,242024.3,1539,157.26
2016-10-01,2016,10,Thiruvananthapuram,Seer Fish,Scomberomorus commerson,61976.9,1539,40.27
2016-10-01,2016,10,Thiruvananthapuram,Coastal Tuna,Euthynnus affinis,114271.6,1539,74.25
2016-10-01,2016,10,Kollam,Oil Sardine,Sardinella longiceps,2451568.8,2805,874.0
2016-10-01,2016,10,Kollam,Indian Mackerel,Rastrelliger kanagurta,960694.3,2805,342.49
2016-10-01,2016,10,Kollam,Seer Fish,Scomberomorus commerson,335826.5,2805,119.72
2016-10-01,2016,10,Kollam,Coastal Tuna,Euthynnus affinis,366780.0,2805,130.76
2016-10-01,2016,10,Alappuzha,Oil Sardine,Sardinella longiceps,1353544.6,2929,462.12
2016-10-01,2016,10,Alappuzha,Indian Mackerel,Rastrelliger kanagurta,638559.6,2929,218.01
2016-10-01,2016,10,Alappuzha,Seer Fish,Scomberomorus commerson,205582.4,2929,70.19
2016-10-01,2016,10,Alappuzha,Coastal Tuna,Euthynnus affinis,303604.6,2929,103.65
2016-10-01,2016,10,Ernakulam,Oil Sardine,Sardinella longiceps,1539667.3,3299,466.71
2016-10-01,2016,10,Ernakulam,Indian Mackerel,Rastrelliger kanagurta,1138831.8,3299,345.21
2016-10-01,2016,10,Ernakulam,Seer Fish,Scomberomorus commerson,307838.8,3299,93.31
2016-10-01,2016,10,Ernakulam,Coastal Tuna,Euthynnus affinis,370265.1,3299,112.24
2016-10-01,2016,10,Thrissur,Oil Sardine,Sardinella longiceps,99441.9,1282,77.57
2016-10-01,2016,10,Thrissur,Indian Mackerel,Rastrelliger kanagurta,63087.8,1282,49.21
2016-10-01,2016,10,Thrissur,Seer Fish,Scomberomorus commerson,30729.2,1282,23.97
2016-10-01,2016,10,Thrissur,Coastal Tuna,Euthynnus affinis,28109.6,1282,21.93
2016-10-01,2016,10,Malappuram,Oil Sardine,Sardinella longiceps,451942.3,1544,292.71
2016-10-01,2016,10,Malappuram,Indian Mackerel,Rastrelliger kanagurta,229193.9,1544,148.44
2016-10-01,2016,10,Malappuram,Seer Fish,Scomberomorus commerson,61371.7,1544,39.75
2016-10-01,2016,10,Malappuram,Coastal Tuna,Euthynnus affinis,70587.4,1544,45.72
2016-10-01,2016,10,Kozhikode,Oil Sardine,Sardinella longiceps,1137716.8,2423,469.55
2016-10-01,2016,10,Kozhikode,Indian Mackerel,Rastrelliger kanagurta,713569.3,2423,294.5
2016-10-01,2016,10,Kozhikode,Seer Fish,Scomberomorus commerson,243516.3,2423,100.5
2016-10-01,2016,10,Kozhikode,Coastal Tuna,Euthynnus affinis,299932.0,2423,123.79
2016-10-01,2016,10,Kannur,Oil Sardine,Sardinella longiceps,667350.9,2318,287.9
2016-10-01,2016,10,Kannur,Indian Mackerel,Rastrelliger kanagurta,360489.8,2318,155.52
2016-10-01,2016,10,Kannur,Seer Fish,Scomberomorus commerson,141866.1,2318,61.2
2016-10-01,2016,10,Kannur,Coastal Tuna,Euthynnus affinis,134380.0,2318,57.97
2016-10-01,2016,10,Kasaragod,Oil Sardine,Sardinella longiceps,205208.2,1448,141.72
2016-10-01,2016,10,Kasaragod,Indian Mackerel,Rastrelliger kanagurta,113196.9,1448,78.17
2016-10-01,2016,10,Kasaragod,Seer Fish,Scomberomorus commerson,47216.5,1448,32.61
2016-10-01,2016,10,Kasaragod,Coastal Tuna,Euthynnus affinis,44655.4,1448,30.84
2016-11-01,2016,11,Thiruvananthapuram,Oil Sardine,Sardinella longiceps,807047.9,2199,367.01
2016-11-01,2016,11,Thiruvananthapuram,Indian Mackerel,Rastrelliger kanagurta,264224.9,2199,120.16
2016-11-01,2016,11,Thiruvananthapuram,Seer Fish,Scomberomorus commerson,99150.5,2199,45.09
2016-11-01,2016,11,Thiruvananthapuram,Coastal Tuna,Euthynnus affinis,186582.0,2199,84.85
2016-11-01,2016,11,Kollam,Oil Sardine,Sardinella longiceps,1724585.1,2773,621.92
2016-11-01,2016,11,Kollam,Indian Mackerel,Rastrelliger kanagurta,1280180.6,2773,461.66
2016-11-01,2016,11,Kollam,Seer Fish,Scomberomorus commerson,271269.2,2773,97.83
2016-11-01,2016,11,Kollam,Coastal Tuna,Euthynnus affinis,434381.7,2773,156.65
2016-11-01,2016,11,Alappuzha,Oil Sardine,Sardinella longiceps,1061859.5,2369,448.23
2016-11-01,2016,11,Alappuzha,Indian Mackerel,Rastrelliger kanagurta,450134.5,2369,190.01
2016-11-01,2016,11,Alappuzha,Seer Fish,Scomberomorus commerson,191387.0,2369,80.79
2016-11-01,2016,11,Alappuzha,Coastal Tuna,Euthynnus affinis,249614.6,2369,105.37
2016-11-01,2016,11,Ernakulam,Oil Sardine,Sardinella longiceps,1466882.0,2822,519.8
2016-11-01,2016,11,Ernakulam,Indian Mackerel,Rastrelliger kanagurta,1019785.1,2822,361.37
2016-11-01,2016,11,Ernakulam,Seer Fish,Scomberomorus commerson,310374.6,2822,109.98
2016-11-01,2016,11,Ernakulam,Coastal Tuna,Euthynnus affinis,347541.9,2822,123.15
2016-11-01,2016,11,Thrissur,Oil Sardine,Sardinella longiceps,148189.2,1300,113.99
2016-11-01,2016,11,Thrissur,Indian Mackerel,Rastrelliger kanagurta,90404.9,1300,69.54
2016-11-01,2016,11,Thrissur,Seer Fish,Scomberomorus commerson,33362.7,1300,25.66
2016-11-01,2016,11,Thrissur,Coastal Tuna,Euthynnus affinis,37645.8,1300,28.96
2016-11-01,2016,11,Malappuram,Oil Sardine,Sardinella longiceps,301456.1,1931,156.11
2016-11-01,2016,11,Malappuram,Indian Mackerel,Rastrelliger kanagurta,274915.3,1931,142.37
2016-11-01,2016,11,Malappuram,Seer Fish,Scomberomorus commerson,88173.2,1931,45.66
2016-11-01,2016,11,Malappuram,Coastal Tuna,Euthynnus affinis,122287.8,1931,63.33
2016-11-01,2016,11,Kozhikode,Oil Sardine,Sardinella longiceps,1376209.9,3123,440.67
2016-11-01,2016,11,Kozhikode,Indian Mackerel,Rastrelliger kanagurta,908937.7,3123,291.05
2016-11-01,2016,11,Kozhikode,Seer Fish,Scomberomorus commerson,342349.9,3123,109.62
2016-11-01,2016,11,Kozhikode,Coastal Tuna,Euthynnus affinis,263672.6,3123,84.43
2016-11-01,2016,11,Kannur,Oil Sardine,Sardinella longiceps,479679.7,1904,251.93
2016-11-01,2016,11,Kannur,Indian Mackerel,Rastrelliger kanagurta,425983.6,1904,223.73
2016-11-01,2016,11,Kannur,Seer Fish,Scomberomorus commerson,96540.9,1904,50.7
2016-11-01,2016,11,Kannur,Coastal Tuna,Euthynnus affinis,149826.0,1904,78.69
2016-11-01,2016,11,Kasaragod,Oil Sardine,Sardinella longiceps,336687.4,1770,190.22
2016-11-01,2016,11,Kasaragod,Indian Mackerel,Rastrelliger kanagurta,223701.5,1770,126.39
2016-11-01,2016,11,Kasaragod,Seer Fish,Scomberomorus commerson,50381.7,1770,28.46
2016-11-01,2016,11,Kasaragod,Coastal Tuna,Euthynnus affinis,71227.4,1770,40.24
2016-12-01,2016,12,Thiruvananthapuram,Oil Sardine,Sardinella longiceps,1213330.2,2144,565.92
2016-12-01,2016,12,Thiruvananthapuram,Indian Mackerel,Rastrelliger kanagurta,425600.2,2144,198.51
2016-12-01,2016,12,Thiruvananthapuram,Seer Fish,Scomberomorus commerson,88657.1,2144,41.35
2016-12-01,2016,12,Thiruvananthapuram,Coastal Tuna,Euthynnus affinis,129895.7,2144,60.59
2016-12-01,2016,12,Kollam,Oil Sardine,Sardinella longiceps,2560660.5,2948,868.61
2016-12-01,2016,12,Kollam,Indian Mackerel,Rastrelliger kanagurta,1104438.8,2948,374.64
2016-12-01,2016,12,Kollam,Seer Fish,Scomberomorus commerson,211428.4,2948,71.72
2016-12-01,2016,12,Kollam,Coastal Tuna,Euthynnus affinis,394288.4,2948,133.75
2016-12-01,2016,12,Alappuzha,Oil Sardine,Sardinella longiceps,1569700.3,2350,667.96
2016-12-01,2016,12,Alappuzha,Indian Mackerel,Rastrelliger kanagurta,818932.2,2350,348.48
2016-12-01,2016,12,Alappuzha,Seer Fish,Scomberomorus commerson,159712.7,2350,67.96
2016-12-01,2016,12,Alappuzha,Coastal Tuna,Euthynnus affinis,199525.7,2350,84.9
2016-12-01,2016,12,Ernakulam,Oil Sardine,Sardinella longiceps,2698992.3,2748,982.17
2016-12-01,2016,12,Ernakulam,Indian Mackerel,Rastrelliger kanagurta,984786.1,2748,358.36
2016-12-01,2016,12,Ernakulam,Seer Fish,Scomberomorus commerson,254297.8,2748,92.54
2016-12-01,2016,12,Ernakulam,Coastal Tuna,Euthynnus affinis,308645.2,2748,112.32
2016-12-01,2016,12,Thrissur,Oil Sardine,Sardinella longiceps,359399.1,1625,221.17
2016-12-01,2016,12,Thrissur,Indian Mackerel,Rastrelliger kanagurta,93140.6,1625,57.32
2016-12-01,2016,12,Thrissur,Seer Fish,Scomberomorus commerson,50023.0,1625,30.78
2016-12-01,2016,12,Thrissur,Coastal Tuna,Euthynnus affinis,36066.4,1625,22.19
2016-12-01,2016,12,Malappuram,Oil Sardine,Sardinella longiceps,744190.8,1709,435.45
2016-12-01,2016,12,Malappuram,Indian Mackerel,Rastrelliger kanagurta,275668.8,1709,161.3
2016-12-01,2016,12,Malappuram,Seer Fish,Scomberomorus commerson,84570.7,1709,49.49
2016-12-01,2016,12,Malappuram,Coastal Tuna,Euthynnus affinis,96251.3,1709,56.32
2016-12-01,2016,12,Kozhikode,Oil Sardine,Sardinella longiceps,1753693.3,2556,686.11
2016-12-01,2016,12,Kozhikode,Indian Mackerel,Rastrelliger kanagurta,1057020.1,2556,413.54
2016-12-01,2016,12,Kozhikode,Seer Fish,Scomberomorus commerson,289352.1,2556,113.21
2016-12-01,2016,12,Kozhikode,Coastal Tuna,Euthynnus affinis,332703.5,2556,130.17
2016-12-01,2016,12,Kannur,Oil Sardine,Sardinella longiceps,559295.6,1968,284.19
2016-12-01,2016,12,Kannur,Indian Mackerel,Rastrelliger kanagurta,349516.8,1968,177.6
2016-12-01,2016,12,Kannur,Seer Fish,Scomberomorus commerson,124537.8,1968,63.28
2016-12-01,2016,12,Kannur,Coastal Tuna,Euthynnus affinis,120148.0,1968,61.05
2016-12-01,2016,12,Kasaragod,Oil Sardine,Sardinella longiceps,385037.2,1321,291.47
2016-12-01,2016,12,Kasaragod,Indian Mackerel,Rastrelliger kanagurta,133967.7,1321,101.41
2016-12-01,2016,12,Kasaragod,Seer Fish,Scomberomorus commerson,34356.8,1321,26.01
2016-12-01,2016,12,Kasaragod,Coastal Tuna,Euthynnus affinis,50210.6,1321,38.01
2017-01-01,2017,1,Thiruvananthapuram,Oil Sardine,Sardinella longiceps,1353685.1,2156,627.87
2017-01-01,2017,1,Thiruvananthapuram,Indian Mackerel,Rastrelliger kanagurta,715605.4,2156,331.91
2017-01-01,2017,1,Thiruvananthapuram,Seer Fish,Scomberomorus commerson,183605.3,2156,85.16
2017-01-01,2017,1,Thiruvananthapuram,Coastal Tuna,Euthynnus affinis,148011.2,2156,68.65
2017-01-01,2017,1,Kollam,Oil Sardine,Sardinella longiceps,6262920.5,3311,1891.55
2017-01-01,2017,1,Kollam,Indian Mackerel,Rastrelliger kanagurta,2011733.2,3311,607.59
2017-01-01,2017,1,Kollam,Seer Fish,Scomberomorus commerson,560089.4,3311,169.16
2017-01-01,2017,1,Kollam,Coastal Tuna,Euthynnus affinis,598835.2,3311,180.86
2017-01-01,2017,1,Alappuzha,Oil Sardine,Sardinella longiceps,2475963.2,2404,1029.93
2017-01-01,2017,1,Alappuzha,Indian Mackerel,Rastrelliger kanagurta,1010975.8,2404,420.54
2017-01-01,2017,1,Alappuzha,Seer Fish,Scomberomorus commerson,280102.2,2404,116.52
2017-01-01,2017,1,Alappuzha,Coastal Tuna,Euthynnus affinis,243213.3,2404,101.17
2017-01-01,2017,1,Ernakulam,Oil Sardine,Sardinella longiceps,5030096.3,3095,1625.23
2017-01-01,2017,1,Ernakulam,Indian Mackerel,Rastrelliger kanagurta,2322138.0,3095,750.29
2017-01-01,2017,1,Ernakulam,Seer Fish,Scomberomorus commerson,527823.0,3095,170.54
2017-01-01,2017,1,Ernakulam,Coastal Tuna,Euthynnus affinis,429201.0,3095,138.68
2017-01-01,2017,1,Thrissur,Oil Sardine,Sardinella longiceps,531121.1,1346,394.59
2017-01-01,2017,1,Thrissur,Indian Mackerel,Rastrelliger kanagurta,197826.8,1346,146.97
2017-01-01,2017,1,Thrissur,Seer Fish,Scomberomorus commerson,32499.9,1346,24.15
2017-01-01,2017,1,Thrissur,Coastal Tuna,Euthynnus affinis,33231.5,1346,24.69
2017-01-01,2017,1,Malappuram,Oil Sardine,Sardinella longiceps,965180.0,1578,611.65
2017-01-01,2017,1,Malappuram,Indian Mackerel,Rastrelliger kanagurta,373445.0,1578,236.66
2017-01-01,2017,1,Malappuram,Seer Fish,Scomberomorus commerson,94036.9,1578,59.59
2017-01-01,2017,1,Malappuram,Coastal Tuna,Euthynnus affinis,137859.6,1578,87.36
2017-01-01,2017,1,Kozhikode,Oil Sardine,Sardinella longiceps,3717908.3,2625,1416.35
2017-01-01,2017,1,Kozhikode,Indian Mackerel,Rastrelliger kanagurta,1474691.5,2625,561.79
2017-01-01,2017,1,Kozhikode,Seer Fish,Scomberomorus commerson,296071.4,2625,112.79
2017-01-01,2017,1,Kozhikode,Coastal Tuna,Euthynnus affinis,479095.3,2625,182.51
2017-01-01,2017,1,Kannur,Oil Sardine,Sardinella longiceps,1839529.1,1958,939.49
2017-01-01,2017,1,Kannur,Indian Mackerel,Rastrelliger kanagurta,617656.2,1958,315.45
2017-01-01,2017,1,Kannur,Seer Fish,Scomberomorus commerson,172285.6,1958,87.99
2017-01-01,2017,1,Kannur,Coastal Tuna,Euthynnus affinis,167352.2,1958,85.47
2017-01-01,2017,1,Kasaragod,Oil Sardine,Sardinella longiceps,702821.5,1618,434.38
2017-01-01,2017,1,Kasaragod,Indian Mackerel,Rastrelliger kanagurta,263206.8,1618,162.67
2017-01-01,2017,1,Kasaragod,Seer Fish,Scomberomorus commerson,67967.1,1618,42.01
2017-01-01,2017,1,Kasaragod,Coastal Tuna,Euthynnus affinis,59263.6,1618,36.63
2017-02-01,2017,2,Thiruvananthapuram,Oil Sardine,Sardinella longiceps,1277192.5,1893,674.69
2017-02-01,2017,2,Thiruvananthapuram,Indian Mackerel,Rastrelliger kanagurta,654425.8,1893,345.71
2017-02-01,2017,2,Thiruvananthapuram,Seer Fish,Scomberomorus commerson,119941.4,1893,63.36
2017-02-01,2017,2,Thiruvananthapuram,Coastal Tuna,Euthynnus affinis,133087.7,1893,70.31
2017-02-01,2017,2,Kollam,Oil Sardine,Sardinella longiceps,4499460.8,2976,1511.92
2017-02-01,2017,2,Kollam,Indian Mackerel,Rastrelliger kanagurta,2032306.8,2976,682.9
2017-02-01,2017,2,Kollam,Seer Fish,Scomberomorus commerson,432593.2,2976,145.36
2017-02-01,2017,2,Kollam,Coastal Tuna,Euthynnus affinis,398730.8,2976,133.98
2017-02-01,2017,2,Alappuzha,Oil Sardine,Sardinella longiceps,2313351.4,2362,979.4
2017-02-01,2017,2,Alappuzha,Indian Mackerel,Rastrelliger kanagurta,1055288.8,2362,446.78
2017-02-01,2017,2,Alappuzha,Seer Fish,Scomberomorus commerson,242979.6,2362,102.87
2017-02-01,2017,2,Alappuzha,Coastal Tuna,Euthynnus affinis,268885.2,2362,113.84
2017-02-01,2017,2,Ernakulam,Oil Sardine,Sardinella longiceps,3325139.1,2541,1308.59
2017-02-01,2017,2,Ernakulam,Indian Mackerel,Rastrelliger kanagurta,1551559.4,2541,610.61
2017-02-01,2017,2,Ernakulam,Seer Fish,Scomberomorus commerson,427331.6,2541,168.17
2017-02-01,2017,2,Ernakulam,Coastal Tuna,Euthynnus affinis,375415.9,2541,147.74
2017-02-01,2017,2,Thrissur,Oil Sardine,Sardinella longiceps,367810.1,1227,299.76
2017-02-01,2017,2,Thrissur,Indian Mackerel,Rastrelliger kanagurta,166142.9,1227,135.41
2017-02-01,2017,2,Thrissur,Seer Fish,Scomberomorus commerson,39234.3,1227,31.98
2017-02-01,2017,2,Thrissur,Coastal Tuna,Euthynnus affinis,27928.0,1227,22.76
2017-02-01,2017,2,Malappuram,Oil Sardine,Sardinella longiceps,1700809.1,1967,864.67
2017-02-01,2017,2,Malappuram,Indian Mackerel,Rastrelliger kanagurta,571650.3,1967,290.62
2017-02-01,2017,2,Malappuram,Seer Fish,Scomberomorus commerson,81849.2,1967,41.61
2017-02-01,2017,2,Malappuram,Coastal Tuna,Euthynnus affinis,110164.0,1967,56.01
2017-02-01,2017,2,Kozhikode,Oil Sardine,Sardinella longiceps,3636091.7,2668,1362.85
2017-02-01,2017,2,Kozhikode,Indian Mackerel,Rastrelliger kanagurta,1816239.5,2668,680.75
2017-02-01,2017,2,Kozhikode,Seer Fish,Scomberomorus commerson,344872.8,2668,129.26
2017-02-01,2017,2,Kozhikode,Coastal Tuna,Euthynnus affinis,379109.1,2668,142.09
2017-02-01,2017,2,Kannur,Oil Sardine,Sardinella longiceps,1830651.9,1992,919.0
2017-02-01,2017,2,Kannur,Indian Mackerel,Rastrelliger kanagurta,718914.0,1992,360.9
2017-02-01,2017,2,Kannur,Seer Fish,Scomberomorus commerson,100304.5,1992,50.35
2017-02-01,2017,2,Kannur,Coastal Tuna,Euthynnus affinis,172838.5,1992,86.77
2017-02-01,2017,2,Kasaragod,Oil Sardine,Sardinella longiceps,693695.6,1657,418.65
2017-02-01,2017,2,Kasaragod,Indian Mackerel,Rastrelliger kanagurta,210287.7,1657,126.91
2017-02-01,2017,2,Kasaragod,Seer Fish,Scomberomorus commerson,60552.1,1657,36.54
2017-02-01,2017,2,Kasaragod,Coastal Tuna,Euthynnus affinis,55564.1,1657,33.53
2017-03-01,2017,3,Thiruvananthapuram,Oil Sardine,Sardinella longiceps,730836.0,1955,373.83
2017-03-01,2017,3,Thiruvananthapuram,Indian Mackerel,Rastrelliger kanagurta,557085.8,1955,284.95
2017-03-01,2017,3,Thiruvananthapuram,Seer Fish,Scomberomorus commerson,167751.1,1955,85.81
2017-03-01,2017,3,Thiruvananthapuram,Coastal Tuna,Euthynnus affinis,199657.8,1955,102.13
2017-03-01,2017,3,Kollam,Oil Sardine,Sardinella longiceps,2335299.8,2564,910.8
2017-03-01,2017,3,Kollam,Indian Mackerel,Rastrelliger kanagurta,1145655.9,2564,446.82
2017-03-01,2017,3,Kollam,Seer Fish,Scomberomorus commerson,441218.2,2564,172.08
2017-03-01,2017,3,Kollam,Coastal Tuna,Euthynnus affinis,638460.7,2564,249.01
2017-03-01,2017,3,Alappuzha,Oil Sardine,Sardinella longiceps,1217631.3,2166,562.16
2017-03-01,2017,3,Alappuzha,Indian Mackerel,Rastrelliger kanagurta,854292.6,2166,394.41
2017-03-01,2017,3,Alappuzha,Seer Fish,Scomberomorus commerson,259101.2,2166,119.62
2017-03-01,2017,3,Alappuzha,Coastal Tuna,Euthynnus affinis,242515.0,2166,111.96
2017-03-01,2017,3,Ernakulam,Oil Sardine,Sardinella longiceps,3085886.2,2775,1112.03
2017-03-01,2017,3,Ernakulam,Indian Mackerel,Rastrelliger kanagurta,1300414.6,2775,468.62
2017-03-01,2017,3,Ernakulam,Seer Fish,Scomberomorus commerson,402990.7,2775,145.22
2017-03-01,2017,3,Ernakulam,Coastal Tuna,Euthynnus affinis,523818.7,2775,188.76
2017-03-01,2017,3,Thrissur,Oil Sardine,Sardinella longiceps,192523.6,1221,157.68
2017-03-01,2017,3,Thrissur,Indian Mackerel,Rastrelliger kanagurta,183067.0,1221,149.93
2017-03-01,2017,3,Thrissur,Seer Fish,Scomberomorus commerson,55950.2,1221,45.82
2017-03-01,2017,3,Thrissur,Coastal Tuna,Euthynnus affinis,44370.2,1221,36.34
2017-03-01,2017,3,Malappuram,Oil Sardine,Sardinella longiceps,618331.5,1654,373.84
2017-03-01,2017,3,Malappuram,Indian Mackerel,Rastrelliger kanagurta,371462.5,1654,224.58
2017-03-01,2017,3,Malappuram,Seer Fish,Scomberomorus commerson,96464.8,1654,58.32
2017-03-01,2017,3,Malappuram,Coastal Tuna,Euthynnus affinis,109113.2,1654,65.97
2017-03-01,2017,3,Kozhikode,Oil Sardine,Sardinella longiceps,2610167.3,2678,974.67
2017-03-01,2017,3,Kozhikode,Indian Mackerel,Rastrelliger kanagurta,1476480.1,2678,551.34
2017-03-01,2017,3,Kozhikode,Seer Fish,Scomberomorus commerson,475488.7,2678,177.55
2017-03-01,2017,3,Kozhikode,Coastal Tuna,Euthynnus affinis,399058.0,2678,149.01
2017-03-01,2017,3,Kannur,Oil Sardine,Sardinella longiceps,1110255.5,2164,513.06
2017-03-01,2017,3,Kannur,Indian Mackerel,Rastrelliger kanagurta,569409.7,2164,263.13
2017-03-01,2017,3,Kannur,Seer Fish,Scomberomorus commerson,138670.5,2164,64.08
2017-03-01,2017,3,Kannur,Coastal Tuna,Euthynnus affinis,260641.9,2164,120.44
2017-03-01,2017,3,Kasaragod,Oil Sardine,Sardinella longiceps,415973.5,1628,255.51
2017-03-01,2017,3,Kasaragod,Indian Mackerel,Rastrelliger kanagurta,233190.6,1628,143.24
2017-03-01,2017,3,Kasaragod,Seer Fish,Scomberomorus commerson,70327.2,1628,43.2
2017-03-01,2017,3,Kasaragod,Coastal Tuna,Euthynnus affinis,98365.5,1628,60.42
2017-04-01,2017,4,Thiruvananthapuram,Oil Sardine,Sardinella longiceps,591384.0,2116,279.48
2017-04-01,2017,4,Thiruvananthapuram,Indian Mackerel,Rastrelliger kanagurta,503197.1,2116,237.81
2017-04-01,2017,4,Thiruvananthapuram,Seer Fish,Scomberomorus commerson,114146.2,2116,53.94
2017-04-01,2017,4,Thiruvananthapuram,Coastal Tuna,Euthynnus affinis,147801.2,2116,69.85
2017-04-01,2017,4,Kollam,Oil Sardine,Sardinella longiceps,2229538.2,3534,630.88
2017-04-01,2017,4,Kollam,Indian Mackerel,Rastrelliger kanagurta,2141560.5,3534,605.99
2017-04-01,2017,4,Kollam,Seer Fish,Scomberomorus commerson,532620.1,3534,150.71
2017-04-01,2017,4,Kollam,Coastal Tuna,Euthynnus affinis,646907.5,3534,183.05
2017-04-01,2017,4,Alappuzha,Oil Sardine,Sardinella longiceps,954397.2,2308,413.52
2017-04-01,2017,4,Alappuzha,Indian Mackerel,Rastrelliger kanagurta,678504.7,2308,293.98
2017-04-01,2017,4,Alappuzha,Seer Fish,Scomberomorus commerson,165418.2,2308,71.67
2017-04-01,2017,4,Alappuzha,Coastal Tuna,Euthynnus affinis,296443.6,2308,128.44
2017-04-01,2017,4,Ernakulam,Oil Sardine,Sardinella longiceps,1504870.8,2627,572.85
2017-04-01,2017,4,Ernakulam,Indian Mackerel,Rastrelliger kanagurta,1231243.8,2627,468.69
2017-04-01,2017,4,Ernakulam,Seer Fish,Scomberomorus commerson,386339.2,2627,147.06
2017-04-01,2017,4,Ernakulam,Coastal Tuna,Euthynnus affinis,393916.4,2627,149.95
2017-04-01,2017,4,Thrissur,Oil Sardine,Sardinella longiceps,207613.4,1287,161.32
2017-04-01,2017,4,Thrissur,Indian Mackerel,Rastrelliger kanagurta,146484.9,1287,113.82
2017-04-01,2017,4,Thrissur,Seer Fish,Scomberomorus commerson,37700.6,1287,29.29
2017-04-01,2017,4,Thrissur,Coastal Tuna,Euthynnus affinis,56930.1,1287,44.23
2017-04-01,2017,4,Malappuram,Oil Sardine,Sardinella longiceps,221103.2,2015,109.73
2017-04-01,2017,4,Malappuram,Indian Mackerel,Rastrelliger kanagurta,291494.6,2015,144.66
2017-04-01,2017,4,Malappuram,Seer Fish,Scomberomorus commerson,130467.5,2015,64.75
2017-04-01,2017,4,Malappuram,Coastal Tuna,Euthynnus affinis,176918.4,2015,87.8
2017-04-01,2017,4,Kozhikode,Oil Sardine,Sardinella longiceps,1359775.6,2426,560.5
2017-04-01,2017,4,Kozhikode,Indian Mackerel,Rastrelliger kanagurta,833544.3,2426,343.59
2017-04-01,2017,4,Kozhikode,Seer Fish,Scomberomorus commerson,306682.2,2426,126.41
2017-04-01,2017,4,Kozhikode,Coastal Tuna,Euthynnus affinis,424800.5,2426,175.1
2017-04-01,2017,4,Kannur,Oil Sardine,Sardinella longiceps,534063.9,1852,288.37
2017-04-01,2017,4,Kannur,Indian Mackerel,Rastrelliger kanagurta,403614.4,1852,217.93
2017-04-01,2017,4,Kannur,Seer Fish,Scomberomorus commerson,125983.3,1852,68.03
2017-04-01,2017,4,Kannur,Coastal Tuna,Euthynnus affinis,186906.3,1852,100.92
2017-04-01,2017,4,Kasaragod,Oil Sardine,Sardinella longiceps,191736.3,1360,140.98
2017-04-01,2017,4,Kasaragod,Indian Mackerel,Rastrelliger kanagurta,131015.2,1360,96.33
2017-04-01,2017,4,Kasaragod,Seer Fish,Scomberomorus commerson,58891.6,1360,43.3
2017-04-01,2017,4,Kasaragod,Coastal Tuna,Euthynnus affinis,71498.2,1360,52.57
2017-05-01,2017,5,Thiruvananthapuram,Oil Sardine,Sardinella longiceps,831949.8,1946,427.52
2017-05-01,2017,5,Thiruvananthapuram,Indian Mackerel,Rastrelliger kanagurta,520249.0,1946,267.34
2017-05-01,2017,5,Thiruvananthapuram,Seer Fish,Scomberomorus commerson,169548.0,1946,87.13
2017-05-01,2017,5,Thiruvananthapuram,Coastal Tuna,Euthynnus affinis,191790.7,1946,98.56
2017-05-01,2017,5,Kollam,Oil Sardine,Sardinella longiceps,1894257.8,3021,627.03
2017-05-01,2017,5,Kollam,Indian Mackerel,Rastrelliger kanagurta,1476373.8,3021,488.7
2017-05-01,2017,5,Kollam,Seer Fish,Scomberomorus commerson,523552.4,3021,173.3
2017-05-01,2017,5,Kollam,Coastal Tuna,Euthynnus affinis,659054.9,3021,218.16
2017-05-01,2017,5,Alappuzha,Oil Sardine,Sardinella longiceps,1196045.9,2657,450.15
2017-05-01,2017,5,Alappuzha,Indian Mackerel,Rastrelliger kanagurta,1166245.5,2657,438.93
2017-05-01,2017,5,Alappuzha,Seer Fish,Scomberomorus commerson,335789.3,2657,126.38
2017-05-01,2017,5,Alappuzha,Coastal Tuna,Euthynnus affinis,474796.4,2657,178.7
2017-05-01,2017,5,Ernakulam,Oil Sardine,Sardinella longiceps,2521368.7,2895,870.94
2017-05-01,2017,5,Ernakulam,Indian Mackerel,Rastrelliger kanagurta,1291319.3,2895,446.05
2017-05-01,2017,5,Ernakulam,Seer Fish,Scomberomorus commerson,573549.3,2895,198.12
2017-05-01,2017,5,Ernakulam,Coastal Tuna,Euthynnus affinis,668046.1,2895,230.76
2017-05-01,2017,5,Thrissur,Oil Sardine,Sardinella longiceps,353277.2,1371,257.68
2017-05-01,2017,5,Thrissur,Indian Mackerel,Rastrelliger kanagurta,262416.0,1371,191.4
2017-05-01,2017,5,Thrissur,Seer Fish,Scomberomorus commerson,62106.9,1371,45.3
2017-05-01,2017,5,Thrissur,Coastal Tuna,Euthynnus affinis,65129.6,1371,47.51
2017-05-01,2017,5,Malappuram,Oil Sardine,Sardinella longiceps,574525.7,1861,308.72
2017-05-01,2017,5,Malappuram,Indian Mackerel,Rastrelliger kanagurta,454723.8,1861,244.34
2017-05-01,2017,5,Malappuram,Seer Fish,Scomberomorus commerson,124210.3,1861,66.74
2017-05-01,2017,5,Malappuram,Coastal Tuna,Euthynnus affinis,185876.0,1861,99.88
2017-05-01,2017,5,Kozhikode,Oil Sardine,Sardinella longiceps,2268056.6,3283,690.85
2017-05-01,2017,5,Kozhikode,Indian Mackerel,Rastrelliger kanagurta,1743138.3,3283,530.96
2017-05-01,2017,5,Kozhikode,Seer Fish,Scomberomorus commerson,505660.9,3283,154.02
2017-05-01,2017,5,Kozhikode,Coastal Tuna,Euthynnus affinis,661435.9,3283,201.47
2017-05-01,2017,5,Kannur,Oil Sardine,Sardinella longiceps,979227.1,2465,397.25
2017-05-01,2017,5,Kannur,Indian Mackerel,Rastrelliger kanagurta,598684.2,2465,242.87
2017-05-01,2017,5,Kannur,Seer Fish,Scomberomorus commerson,225222.8,2465,91.37
2017-05-01,2017,5,Kannur,Coastal Tuna,Euthynnus affinis,313336.8,2465,127.11
2017-05-01,2017,5,Kasaragod,Oil Sardine,Sardinella longiceps,314405.4,1511,208.08
2017-05-01,2017,5,Kasaragod,Indian Mackerel,Rastrelliger kanagurta,343820.8,1511,227.55
2017-05-01,2017,5,Kasaragod,Seer Fish,Scomberomorus commerson,79279.0,1511,52.47
2017-05-01,2017,5,Kasaragod,Coastal Tuna,Euthynnus affinis,85038.9,1511,56.28
2017-06-01,2017,6,Thiruvananthapuram,Oil Sardine,Sardinella longiceps,1167638.9,424,2753.87
2017-06-01,2017,6,Thiruvananthapuram,Indian Mackerel,Rastrelliger kanagurta,341263.8,424,804.87
2017-06-01,2017,6,Thiruvananthapuram,Seer Fish,Scomberomorus commerson,65350.6,424,154.13
2017-06-01,2017,6,Thiruvananthapuram,Coastal Tuna,Euthynnus affinis,83673.2,424,197.34
2017-06-01,2017,6,Kollam,Oil Sardine,Sardinella longiceps,4544117.1,652,6969.5
2017-06-01,2017,6,Kollam,Indian Mackerel,Rastrelliger kanagurta,1192172.8,652,1828.49
2017-06-01,2017,6,Kollam,Seer Fish,Scomberomorus commerson,261349.6,652,400.84
2017-06-01,2017,6,Kollam,Coastal Tuna,Euthynnus affinis,274826.0,652,421.51
2017-06-01,2017,6,Alappuzha,Oil Sardine,Sardinella longiceps,2365088.5,549,4307.99
2017-06-01,2017,6,Alappuzha,Indian Mackerel,Rastrelliger kanagurta,737574.4,549,1343.49
2017-06-01,2017,6,Alappuzha,Seer Fish,Scomberomorus commerson,122493.8,549,223.12
2017-06-01,2017,6,Alappuzha,Coastal Tuna,Euthynnus affinis,166082.1,549,302.52
2017-06-01,2017,6,Ernakulam,Oil Sardine,Sardinella longiceps,3092350.2,588,5259.1
2017-06-01,2017,6,Ernakulam,Indian Mackerel,Rastrelliger kanagurta,1150543.7,588,1956.71
2017-06-01,2017,6,Ernakulam,Seer Fish,Scomberomorus commerson,216346.5,588,367.94
2017-06-01,2017,6,Ernakulam,Coastal Tuna,Euthynnus affinis,261351.8,588,444.48
2017-06-01,2017,6,Thrissur,Oil Sardine,Sardinella longiceps,364761.6,301,1211.83
2017-06-01,2017,6,Thrissur,Indian Mackerel,Rastrelliger kanagurta,122440.8,301,406.78
2017-06-01,2017,6,Thrissur,Seer Fish,Scomberomorus commerson,20792.1,301,69.08
2017-06-01,2017,6,Thrissur,Coastal Tuna,Euthynnus affinis,23941.1,301,79.54
2017-06-01,2017,6,Malappuram,Oil Sardine,Sardinella longiceps,949110.7,389,2439.87
2017-06-01,2017,6,Malappuram,Indian Mackerel,Rastrelliger kanagurta,267594.2,389,687.9
2017-06-01,2017,6,Malappuram,Seer Fish,Scomberomorus commerson,67418.0,389,173.31
2017-06-01,2017,6,Malappuram,Coastal Tuna,Euthynnus affinis,56523.0,389,145.3
2017-06-01,2017,6,Kozhikode,Oil Sardine,Sardinella longiceps,2775210.2,532,5216.56
2017-06-01,2017,6,Kozhikode,Indian Mackerel,Rastrelliger kanagurta,972278.0,532,1827.59
2017-06-01,2017,6,Kozhikode,Seer Fish,Scomberomorus commerson,175265.4,532,329.45
2017-06-01,2017,6,Kozhikode,Coastal Tuna,Euthynnus affinis,226076.8,532,424.96
2017-06-01,2017,6,Kannur,Oil Sardine,Sardinella longiceps,1522983.4,424,3591.94
2017-06-01,2017,6,Kannur,Indian Mackerel,Rastrelliger kanagurta,373302.9,424,880.43
2017-06-01,2017,6,Kannur,Seer Fish,Scomberomorus commerson,86356.2,424,203.67
2017-06-01,2017,6,Kannur,Coastal Tuna,Euthynnus affinis,98698.2,424,232.78
2017-06-01,2017,6,Kasaragod,Oil Sardine,Sardinella longiceps,395125.9,235,1681.39
2017-06-01,2017,6,Kasaragod,Indian Mackerel,Rastrelliger kanagurta,115890.4,235,493.15
2017-06-01,2017,6,Kasaragod,Seer Fish,Scomberomorus commerson,21272.3,235,90.52
2017-06-01,2017,6,Kasaragod,Coastal Tuna,Euthynnus affinis,38081.3,235,162.05
2017-07-01,2017,7,Thiruvananthapuram,Oil Sardine,Sardinella longiceps,1252057.9,458,2733.75
2017-07-01,2017,7,Thiruvananthapuram,Indian Mackerel,Rastrelliger kanagurta,274808.4,458,600.02
2017-07-01,2017,7,Thiruvananthapuram,Seer Fish,Scomberomorus commerson,49272.5,458,107.58
2017-07-01,2017,7,Thiruvananthapuram,Coastal Tuna,Euthynnus affinis,57201.4,458,124.89
2017-07-01,2017,7,Kollam,Oil Sardine,Sardinella longiceps,3942431.0,608,6484.26
2017-07-01,2017,7,Kollam,Indian Mackerel,Rastrelliger kanagurta,1054078.9,608,1733.68
2017-07-01,2017,7,Kollam,Seer Fish,Scomberomorus commerson,170279.6,608,280.07
2017-07-01,2017,7,Kollam,Coastal Tuna,Euthynnus affinis,149073.1,608,245.19
2017-07-01,2017,7,Alappuzha,Oil Sardine,Sardinella longiceps,2220080.4,549,4043.86
2017-07-01,2017,7,Alappuzha,Indian Mackerel,Rastrelliger kanagurta,624847.7,549,1138.16
2017-07-01,2017,7,Alappuzha,Seer Fish,Scomberomorus commerson,110843.1,549,201.9
2017-07-01,2017,7,Alappuzha,Coastal Tuna,Euthynnus affinis,83390.5,549,151.9
2017-07-01,2017,7,Ernakulam,Oil Sardine,Sardinella longiceps,2715862.8,497,5464.51
2017-07-01,2017,7,Ernakulam,Indian Mackerel,Rastrelliger kanagurta,779050.0,497,1567.51
2017-07-01,2017,7,Ernakulam,Seer Fish,Scomberomorus commerson,131340.4,497,264.27
2017-07-01,2017,7,Ernakulam,Coastal Tuna,Euthynnus affinis,129805.9,497,261.18
2017-07-01,2017,7,Thrissur,Oil Sardine,Sardinella longiceps,272978.0,209,1306.11
2017-07-01,2017,7,Thrissur,Indian Mackerel,Rastrelliger kanagurta,49587.6,209,237.26
2017-07-01,2017,7,Thrissur,Seer Fish,Scomberomorus commerson,10531.4,209,50.39
2017-07-01,2017,7,Thrissur,Coastal Tuna,Euthynnus affinis,10755.8,209,51.46
2017-07-01,2017,7,Malappuram,Oil Sardine,Sardinella longiceps,954765.4,396,2411.02
2017-07-01,2017,7,Malappuram,Indian Mackerel,Rastrelliger kanagurta,268813.8,396,678.82
2017-07-01,2017,7,Malappuram,Seer Fish,Scomberomorus commerson,44802.4,396,113.14
2017-07-01,2017,7,Malappuram,Coastal Tuna,Euthynnus affinis,38873.6,396,98.17
2017-07-01,2017,7,Kozhikode,Oil Sardine,Sardinella longiceps,3088601.4,568,5437.68
2017-07-01,2017,7,Kozhikode,Indian Mackerel,Rastrelliger kanagurta,696096.3,568,1225.52
2017-07-01,2017,7,Kozhikode,Seer Fish,Scomberomorus commerson,160444.8,568,282.47
2017-07-01,2017,7,Kozhikode,Coastal Tuna,Euthynnus affinis,119428.9,568,210.26
2017-07-01,2017,7,Kannur,Oil Sardine,Sardinella longiceps,1243948.1,401,3102.11
2017-07-01,2017,7,Kannur,Indian Mackerel,Rastrelliger kanagurta,305969.0,401,763.01
2017-07-01,2017,7,Kannur,Seer Fish,Scomberomorus commerson,63756.9,401,158.99
2017-07-01,2017,7,Kannur,Coastal Tuna,Euthynnus affinis,46544.9,401,116.07
2017-07-01,2017,7,Kasaragod,Oil Sardine,Sardinella longiceps,500085.3,271,1845.33
2017-07-01,2017,7,Kasaragod,Indian Mackerel,Rastrelliger kanagurta,127392.7,271,470.08
2017-07-01,2017,7,Kasaragod,Seer Fish,Scomberomorus commerson,20856.7,271,76.96
2017-07-01,2017,7,Kasaragod,Coastal Tuna,Euthynnus affinis,19745.0,271,72.86
2017-08-01,2017,8,Thiruvananthapuram,Oil Sardine,Sardinella longiceps,4642640.0,1958,2371.11
2017-08-01,2017,8,Thiruvananthapuram,Indian Mackerel,Rastrelliger kanagurta,976560.3,1958,498.75
2017-08-01,2017,8,Thiruvananthapuram,Seer Fish,Scomberomorus commerson,194030.0,1958,99.1
2017-08-01,2017,8,Thiruvananthapuram,Coastal Tuna,Euthynnus affinis,168663.5,1958,86.14
2017-08-01,2017,8,Kollam,Oil Sardine,Sardinella longiceps,14948483.8,2907,5142.24
2017-08-01,2017,8,Kollam,Indian Mackerel,Rastrelliger kanagurta,3226423.5,2907,1109.88
2017-08-01,2017,8,Kollam,Seer Fish,Scomberomorus commerson,655291.0,2907,225.42
2017-08-01,2017,8,Kollam,Coastal Tuna,Euthynnus affinis,663903.9,2907,228.38
2017-08-01,2017,8,Alappuzha,Oil Sardine,Sardinella longiceps,9302942.9,2688,3460.92
2017-08-01,2017,8,Alappuzha,Indian Mackerel,Rastrelliger kanagurta,1813102.5,2688,674.52
2017-08-01,2017,8,Alappuzha,Seer Fish,Scomberomorus commerson,403654.3,2688,150.17
2017-08-01,2017,8,Alappuzha,Coastal Tuna,Euthynnus affinis,397787.6,2688,147.99
2017-08-01,2017,8,Ernakulam,Oil Sardine,Sardinella longiceps,14332358.7,3288,4358.99
2017-08-01,2017,8,Ernakulam,Indian Mackerel,Rastrelliger kanagurta,3462319.9,3288,1053.02
2017-08-01,2017,8,Ernakulam,Seer Fish,Scomberomorus commerson,640279.7,3288,194.73
2017-08-01,2017,8,Ernakulam,Coastal Tuna,Euthynnus affinis,617052.2,3288,187.67
2017-08-01,2017,8,Thrissur,Oil Sardine,Sardinella longiceps,1467978.2,1591,922.68
2017-08-01,2017,8,Thrissur,Indian Mackerel,Rastrelliger kanagurta,371783.6,1591,233.68
2017-08-01,2017,8,Thrissur,Seer Fish,Scomberomorus commerson,73244.8,1591,46.04
2017-08-01,2017,8,Thrissur,Coastal Tuna,Euthynnus affinis,45869.9,1591,28.83
2017-08-01,2017,8,Malappuram,Oil Sardine,Sardinella longiceps,4494113.4,2460,1826.88
2017-08-01,2017,8,Malappuram,Indian Mackerel,Rastrelliger kanagurta,1065918.5,2460,433.3
2017-08-01,2017,8,Malappuram,Seer Fish,Scomberomorus commerson,156441.8,2460,63.59
2017-08-01,2017,8,Malappuram,Coastal Tuna,Euthynnus affinis,264489.6,2460,107.52
2017-08-01,2017,8,Kozhikode,Oil Sardine,Sardinella longiceps,10951189.2,2570,4261.16
2017-08-01,2017,8,Kozhikode,Indian Mackerel,Rastrelliger kanagurta,3124010.3,2570,1215.57
2017-08-01,2017,8,Kozhikode,Seer Fish,Scomberomorus commerson,395221.5,2570,153.78
2017-08-01,2017,8,Kozhikode,Coastal Tuna,Euthynnus affinis,386132.3,2570,150.25
2017-08-01,2017,8,Kannur,Oil Sardine,Sardinella longiceps,4909537.0,2028,2420.88
2017-08-01,2017,8,Kannur,Indian Mackerel,Rastrelliger kanagurta,1386006.6,2028,683.44
2017-08-01,2017,8,Kannur,Seer Fish,Scomberomorus commerson,201111.2,2028,99.17
2017-08-01,2017,8,Kannur,Coastal Tuna,Euthynnus affinis,200925.2,2028,99.08
2017-08-01,2017,8,Kasaragod,Oil Sardine,Sardinella longiceps,1624128.0,1306,1243.59
2017-08-01,2017,8,Kasaragod,Indian Mackerel,Rastrelliger kanagurta,468329.0,1306,358.6
2017-08-01,2017,8,Kasaragod,Seer Fish,Scomberomorus commerson,69216.3,1306,53.0
2017-08-01,2017,8,Kasaragod,Coastal Tuna,Euthynnus affinis,81788.7,1306,62.63
2017-09-01,2017,9,Thiruvananthapuram,Oil Sardine,Sardinella longiceps,2915164.0,2006,1453.22
2017-09-01,2017,9,Thiruvananthapuram,Indian Mackerel,Rastrelliger kanagurta,844906.4,2006,421.19
2017-09-01,2017,9,Thiruvananthapuram,Seer Fish,Scomberomorus commerson,211799.4,2006,105.58
2017-09-01,2017,9,Thiruvananthapuram,Coastal Tuna,Euthynnus affinis,169571.4,2006,84.53
2017-09-01,2017,9,Kollam,Oil Sardine,Sardinella longiceps,11105710.7,2997,3705.61
2017-09-01,2017,9,Kollam,Indian Mackerel,Rastrelliger kanagurta,3141663.0,2997,1048.27
2017-09-01,2017,9,Kollam,Seer Fish,Scomberomorus commerson,574564.0,2997,191.71
2017-09-01,2017,9,Kollam,Coastal Tuna,Euthynnus affinis,585316.0,2997,195.3
2017-09-01,2017,9,Alappuzha,Oil Sardine,Sardinella longiceps,5191435.2,2066,2512.8
2017-09-01,2017,9,Alappuzha,Indian Mackerel,Rastrelliger kanagurta,1490391.3,2066,721.39
2017-09-01,2017,9,Alappuzha,Seer Fish,Scomberomorus commerson,264185.4,2066,127.87
2017-09-01,2017,9,Alappuzha,Coastal Tuna,Euthynnus affinis,224894.3,2066,108.85
2017-09-01,2017,9,Ernakulam,Oil Sardine,Sardinella longiceps,6170597.5,2317,2663.18
2017-09-01,2017,9,Ernakulam,Indian Mackerel,Rastrelliger kanagurta,1855477.3,2317,800.81
2017-09-01,2017,9,Ernakulam,Seer Fish,Scomberomorus commerson,438720.9,2317,189.35
2017-09-01,2017,9,Ernakulam,Coastal Tuna,Euthynnus affinis,377473.3,2317,162.91
2017-09-01,2017,9,Thrissur,Oil Sardine,Sardinella longiceps,1127260.1,1395,808.07
2017-09-01,2017,9,Thrissur,Indian Mackerel,Rastrelliger kanagurta,227361.5,1395,162.98
2017-09-01,2017,9,Thrissur,Seer Fish,Scomberomorus commerson,49792.3,1395,35.69
2017-09-01,2017,9,Thrissur,Coastal Tuna,Euthynnus affinis,49901.7,1395,35.77
2017-09-01,2017,9,Malappuram,Oil Sardine,Sardinella longiceps,3161569.1,2026,1560.5
2017-09-01,2017,9,Malappuram,Indian Mackerel,Rastrelliger kanagurta,731285.4,2026,360.95
2017-09-01,2017,9,Malappuram,Seer Fish,Scomberomorus commerson,132824.2,2026,65.56
2017-09-01,2017,9,Malappuram,Coastal Tuna,Euthynnus affinis,149519.7,2026,73.8
2017-09-01,2017,9,Kozhikode,Oil Sardine,Sardinella longiceps,8460813.5,2531,3342.87
2017-09-01,2017,9,Kozhikode,Indian Mackerel,Rastrelliger kanagurta,2505312.7,2531,989.85
2017-09-01,2017,9,Kozhikode,Seer Fish,Scomberomorus commerson,401167.0,2531,158.5
2017-09-01,2017,9,Kozhikode,Coastal Tuna,Euthynnus affinis,417765.1,2531,165.06
2017-09-01,2017,9,Kannur,Oil Sardine,Sardinella longiceps,3539228.3,2007,1763.44
2017-09-01,2017,9,Kannur,Indian Mackerel,Rastrelliger kanagurta,1006765.7,2007,501.63
2017-09-01,2017,9,Kannur,Seer Fish,Scomberomorus commerson,169103.7,2007,84.26
2017-09-01,2017,9,Kannur,Coastal Tuna,Euthynnus affinis,168338.1,2007,83.88
2017-09-01,2017,9,Kasaragod,Oil Sardine,Sardinella longiceps,1597448.4,1721,928.21
2017-09-01,2017,9,Kasaragod,Indian Mackerel,Rastrelliger kanagurta,425852.2,1721,247.44
2017-09-01,2017,9,Kasaragod,Seer Fish,Scomberomorus commerson,106158.9,1721,61.68
2017-09-01,2017,9,Kasaragod,Coastal Tuna,Euthynnus affinis,70362.4,1721,40.88
2017-10-01,2017,10,Thiruvananthapuram,Oil Sardine,Sardinella longiceps,1614876.2,2077,777.5
2017-10-01,2017,10,Thiruvananthapuram,Indian Mackerel,Rastrelliger kanagurta,895711.3,2077,431.25
2017-10-01,2017,10,Thiruvananthapuram,Seer Fish,Scomberomorus commerson,182153.9,2077,87.7
2017-10-01,2017,10,Thiruvananthapuram,Coastal Tuna,Euthynnus affinis,236803.9,2077,114.01
2017-10-01,2017,10,Kollam,Oil Sardine,Sardinella longiceps,4798868.8,3118,1539.09
2017-10-01,2017,10,Kollam,Indian Mackerel,Rastrelliger kanagurta,2711639.7,3118,869.67
2017-10-01,2017,10,Kollam,Seer Fish,Scomberomorus commerson,661839.7,3118,212.26
2017-10-01,2017,10,Kollam,Coastal Tuna,Euthynnus affinis,844874.3,3118,270.97
2017-10-01,2017,10,Alappuzha,Oil Sardine,Sardinella longiceps,2802964.1,2228,1258.06
2017-10-01,2017,10,Alappuzha,Indian Mackerel,Rastrelliger kanagurta,1433058.5,2228,643.2
2017-10-01,2017,10,Alappuzha,Seer Fish,Scomberomorus commerson,278944.4,2228,125.2
2017-10-01,2017,10,Alappuzha,Coastal Tuna,Euthynnus affinis,361167.6,2228,162.1
2017-10-01,2017,10,Ernakulam,Oil Sardine,Sardinella longiceps,4983206.2,3410,1461.35
2017-10-01,2017,10,Ernakulam,Indian Mackerel,Rastrelliger kanagurta,2550425.1,3410,747.93
2017-10-01,2017,10,Ernakulam,Seer Fish,Scomberomorus commerson,569607.2,3410,167.04
2017-10-01,2017,10,Ernakulam,Coastal Tuna,Euthynnus affinis,902648.8,3410,264.71
2017-10-01,2017,10,Thrissur,Oil Sardine,Sardinella longiceps,529088.4,1321,400.52
2017-10-01,2017,10,Thrissur,Indian Mackerel,Rastrelliger kanagurta,280101.6,1321,212.04
2017-10-01,2017,10,Thrissur,Seer Fish,Scomberomorus commerson,51759.4,1321,39.18
2017-10-01,2017,10,Thrissur,Coastal Tuna,Euthynnus affinis,61552.5,1321,46.6
2017-10-01,2017,10,Malappuram,Oil Sardine,Sardinella longiceps,872030.9,1760,495.47
2017-10-01,2017,10,Malappuram,Indian Mackerel,Rastrelliger kanagurta,552753.9,1760,314.06
2017-10-01,2017,10,Malappuram,Seer Fish,Scomberomorus commerson,172653.5,1760,98.1
2017-10-01,2017,10,Malappuram,Coastal Tuna,Euthynnus affinis,180253.8,1760,102.42
2017-10-01,2017,10,Kozhikode,Oil Sardine,Sardinella longiceps,4358936.0,2882,1512.47
2017-10-01,2017,10,Kozhikode,Indian Mackerel,Rastrelliger kanagurta,1766368.9,2882,612.9
2017-10-01,2017,10,Kozhikode,Seer Fish,Scomberomorus commerson,546056.2,2882,189.47
2017-10-01,2017,10,Kozhikode,Coastal Tuna,Euthynnus affinis,734462.3,2882,254.84
2017-10-01,2017,10,Kannur,Oil Sardine,Sardinella longiceps,2121626.0,2018,1051.35
2017-10-01,2017,10,Kannur,Indian Mackerel,Rastrelliger kanagurta,619766.8,2018,307.12
2017-10-01,2017,10,Kannur,Seer Fish,Scomberomorus commerson,194608.1,2018,96.44
2017-10-01,2017,10,Kannur,Coastal Tuna,Euthynnus affinis,239331.0,2018,118.6
2017-10-01,2017,10,Kasaragod,Oil Sardine,Sardinella longiceps,903492.0,1578,572.56
2017-10-01,2017,10,Kasaragod,Indian Mackerel,Rastrelliger kanagurta,385986.7,1578,244.61
2017-10-01,2017,10,Kasaragod,Seer Fish,Scomberomorus commerson,74303.0,1578,47.09
2017-10-01,2017,10,Kasaragod,Coastal Tuna,Euthynnus affinis,95741.5,1578,60.67
2017-11-01,2017,11,Thiruvananthapuram,Oil Sardine,Sardinella longiceps,1474396.5,2302,640.49
2017-11-01,2017,11,Thiruvananthapuram,Indian Mackerel,Rastrelliger kanagurta,763554.9,2302,331.69
2017-11-01,2017,11,Thiruvananthapuram,Seer Fish,Scomberomorus commerson,209791.7,2302,91.13
2017-11-01,2017,11,Thiruvananthapuram,Coastal Tuna,Euthynnus affinis,253395.4,2302,110.08
2017-11-01,2017,11,Kollam,Oil Sardine,Sardinella longiceps,4083362.0,2479,1647.18
2017-11-01,2017,11,Kollam,Indian Mackerel,Rastrelliger kanagurta,2158256.7,2479,870.62
2017-11-01,2017,11,Kollam,Seer Fish,Scomberomorus commerson,423054.3,2479,170.66
2017-11-01,2017,11,Kollam,Coastal Tuna,Euthynnus affinis,595075.3,2479,240.05
2017-11-01,2017,11,Alappuzha,Oil Sardine,Sardinella longiceps,2793557.9,2203,1268.07
2017-11-01,2017,11,Alappuzha,Indian Mackerel,Rastrelliger kanagurta,1298257.3,2203,589.31
2017-11-01,2017,11,Alappuzha,Seer Fish,Scomberomorus commerson,354027.9,2203,160.7
2017-11-01,2017,11,Alappuzha,Coastal Tuna,Euthynnus affinis,359587.1,2203,163.23
2017-11-01,2017,11,Ernakulam,Oil Sardine,Sardinella longiceps,6264191.4,3055,2050.47
2017-11-01,2017,11,Ernakulam,Indian Mackerel,Rastrelliger kanagurta,2040503.8,3055,667.92
2017-11-01,2017,11,Ernakulam,Seer Fish,Scomberomorus commerson,486571.9,3055,159.27
2017-11-01,2017,11,Ernakulam,Coastal Tuna,Euthynnus affinis,718968.4,3055,235.34
2017-11-01,2017,11,Thrissur,Oil Sardine,Sardinella longiceps,361762.6,1221,296.28
2017-11-01,2017,11,Thrissur,Indian Mackerel,Rastrelliger kanagurta,207037.2,1221,169.56
2017-11-01,2017,11,Thrissur,Seer Fish,Scomberomorus commerson,37882.6,1221,31.03
2017-11-01,2017,11,Thrissur,Coastal Tuna,Euthynnus affinis,50800.7,1221,41.61
2017-11-01,2017,11,Malappuram,Oil Sardine,Sardinella longiceps,1135060.9,1795,632.35
2017-11-01,2017,11,Malappuram,Indian Mackerel,Rastrelliger kanagurta,527618.4,1795,293.94
2017-11-01,2017,11,Malappuram,Seer Fish,Scomberomorus commerson,135336.6,1795,75.4
2017-11-01,2017,11,Malappuram,Coastal Tuna,Euthynnus affinis,180886.2,1795,100.77
2017-11-01,2017,11,Kozhikode,Oil Sardine,Sardinella longiceps,3241958.5,2483,1305.66
2017-11-01,2017,11,Kozhikode,Indian Mackerel,Rastrelliger kanagurta,1754672.9,2483,706.67
2017-11-01,2017,11,Kozhikode,Seer Fish,Scomberomorus commerson,495900.1,2483,199.72
2017-11-01,2017,11,Kozhikode,Coastal Tuna,Euthynnus affinis,583371.9,2483,234.95
2017-11-01,2017,11,Kannur,Oil Sardine,Sardinella longiceps,1706726.8,1927,885.69
2017-11-01,2017,11,Kannur,Indian Mackerel,Rastrelliger kanagurta,775646.0,1927,402.51
2017-11-01,2017,11,Kannur,Seer Fish,Scomberomorus commerson,192282.0,1927,99.78
2017-11-01,2017,11,Kannur,Coastal Tuna,Euthynnus affinis,199975.4,1927,103.78
2017-11-01,2017,11,Kasaragod,Oil Sardine,Sardinella longiceps,611452.7,1414,432.43
2017-11-01,2017,11,Kasaragod,Indian Mackerel,Rastrelliger kanagurta,289355.3,1414,204.64
2017-11-01,2017,11,Kasaragod,Seer Fish,Scomberomorus commerson,85654.8,1414,60.58
2017-11-01,2017,11,Kasaragod,Coastal Tuna,Euthynnus affinis,110178.3,1414,77.92
2017-12-01,2017,12,Thiruvananthapuram,Oil Sardine,Sardinella longiceps,1492737.5,1998,747.12
2017-12-01,2017,12,Thiruvananthapuram,Indian Mackerel,Rastrelliger kanagurta,686560.7,1998,343.62
2017-12-01,2017,12,Thiruvananthapuram,Seer Fish,Scomberomorus commerson,155009.9,1998,77.58
2017-12-01,2017,12,Thiruvananthapuram,Coastal Tuna,Euthynnus affinis,155807.0,1998,77.98
2017-12-01,2017,12,Kollam,Oil Sardine,Sardinella longiceps,4103329.9,2377,1726.26
2017-12-01,2017,12,Kollam,Indian Mackerel,Rastrelliger kanagurta,1627414.4,2377,684.65
2017-12-01,2017,12,Kollam,Seer Fish,Scomberomorus commerson,434351.2,2377,182.73
2017-12-01,2017,12,Kollam,Coastal Tuna,Euthynnus affinis,466445.0,2377,196.23
2017-12-01,2017,12,Alappuzha,Oil Sardine,Sardinella longiceps,3273322.2,2739,1195.08
2017-12-01,2017,12,Alappuzha,Indian Mackerel,Rastrelliger kanagurta,976734.1,2739,356.6
2017-12-01,2017,12,Alappuzha,Seer Fish,Scomberomorus commerson,278220.7,2739,101.58
2017-12-01,2017,12,Alappuzha,Coastal Tuna,Euthynnus affinis,352864.7,2739,128.83
2017-12-01,2017,12,Ernakulam,Oil Sardine,Sardinella longiceps,5437704.3,3335,1630.5
2017-12-01,2017,12,Ernakulam,Indian Mackerel,Rastrelliger kanagurta,2293366.3,3335,687.67
2017-12-01,2017,12,Ernakulam,Seer Fish,Scomberomorus commerson,528601.1,3335,158.5
2017-12-01,2017,12,Ernakulam,Coastal Tuna,Euthynnus affinis,647657.5,3335,194.2
2017-12-01,2017,12,Thrissur,Oil Sardine,Sardinella longiceps,470165.4,1259,373.44
2017-12-01,2017,12,Thrissur,Indian Mackerel,Rastrelliger kanagurta,240589.8,1259,191.1
2017-12-01,2017,12,Thrissur,Seer Fish,Scomberomorus commerson,50644.8,1259,40.23
2017-12-01,2017,12,Thrissur,Coastal Tuna,Euthynnus affinis,42343.3,1259,33.63
2017-12-01,2017,12,Malappuram,Oil Sardine,Sardinella longiceps,1327386.3,1763,752.91
2017-12-01,2017,12,Malappuram,Indian Mackerel,Rastrelliger kanagurta,408489.4,1763,231.7
2017-12-01,2017,12,Malappuram,Seer Fish,Scomberomorus commerson,96014.2,1763,54.46
2017-12-01,2017,12,Malappuram,Coastal Tuna,Euthynnus affinis,160147.2,1763,90.84
2017-12-01,2017,12,Kozhikode,Oil Sardine,Sardinella longiceps,4514747.8,2901,1556.27
2017-12-01,2017,12,Kozhikode,Indian Mackerel,Rastrelliger kanagurta,1988288.9,2901,685.38
2017-12-01,2017,12,Kozhikode,Seer Fish,Scomberomorus commerson,362617.7,2901,125.0
2017-12-01,2017,12,Kozhikode,Coastal Tuna,Euthynnus affinis,384359.9,2901,132.49
2017-12-01,2017,12,Kannur,Oil Sardine,Sardinella longiceps,1463094.1,1852,790.01
2017-12-01,2017,12,Kannur,Indian Mackerel,Rastrelliger kanagurta,613500.8,1852,331.26
2017-12-01,2017,12,Kannur,Seer Fish,Scomberomorus commerson,141223.5,1852,76.25
2017-12-01,2017,12,Kannur,Coastal Tuna,Euthynnus affinis,187084.8,1852,101.02
2017-12-01,2017,12,Kasaragod,Oil Sardine,Sardinella longiceps,466519.5,1590,293.41
2017-12-01,2017,12,Kasaragod,Indian Mackerel,Rastrelliger kanagurta,336803.3,1590,211.83
2017-12-01,2017,12,Kasaragod,Seer Fish,Scomberomorus commerson,94891.1,1590,59.68
2017-12-01,2017,12,Kasaragod,Coastal Tuna,Euthynnus affinis,94816.5,1590,59.63
2018-01-01,2018,1,Thiruvananthapuram,Oil Sardine,Sardinella longiceps,1653073.9,2351,703.14
2018-01-01,2018,1,Thiruvananthapuram,Indian Mackerel,Rastrelliger kanagurta,728605.7,2351,309.91
2018-01-01,2018,1,Thiruvananthapuram,Seer Fish,Scomberomorus commerson,163264.2,2351,69.44
2018-01-01,2018,1,Thiruvananthapuram,Coastal Tuna,Euthynnus affinis,160123.0,2351,68.11
2018-01-01,2018,1,Kollam,Oil Sardine,Sardinella longiceps,5947664.9,3305,1799.6
2018-01-01,2018,1,Kollam,Indian Mackerel,Rastrelliger kanagurta,2257713.2,3305,683.12
2018-01-01,2018,1,Kollam,Seer Fish,Scomberomorus commerson,543712.7,3305,164.51
2018-01-01,2018,1,Kollam,Coastal Tuna,Euthynnus affinis,602578.9,3305,182.32
2018-01-01,2018,1,Alappuzha,Oil Sardine,Sardinella longiceps,2160018.1,2117,1020.32
2018-01-01,2018,1,Alappuzha,Indian Mackerel,Rastrelliger kanagurta,962641.7,2117,454.72
2018-01-01,2018,1,Alappuzha,Seer Fish,Scomberomorus commerson,282237.7,2117,133.32
2018-01-01,2018,1,Alappuzha,Coastal Tuna,Euthynnus affinis,259225.8,2117,122.45
2018-01-01,2018,1,Ernakulam,Oil Sardine,Sardinella longiceps,4099749.7,2980,1375.75
2018-01-01,2018,1,Ernakulam,Indian Mackerel,Rastrelliger kanagurta,1833210.4,2980,615.17
2018-01-01,2018,1,Ernakulam,Seer Fish,Scomberomorus commerson,414721.2,2980,139.17
2018-01-01,2018,1,Ernakulam,Coastal Tuna,Euthynnus affinis,499498.6,2980,167.62
2018-01-01,2018,1,Thrissur,Oil Sardine,Sardinella longiceps,303214.5,1263,240.07
2018-01-01,2018,1,Thrissur,Indian Mackerel,Rastrelliger kanagurta,231144.9,1263,183.01
2018-01-01,2018,1,Thrissur,Seer Fish,Scomberomorus commerson,24137.4,1263,19.11
2018-01-01,2018,1,Thrissur,Coastal Tuna,Euthynnus affinis,42259.7,1263,33.46
2018-01-01,2018,1,Malappuram,Oil Sardine,Sardinella longiceps,1333299.9,2082,640.39
2018-01-01,2018,1,Malappuram,Indian Mackerel,Rastrelliger kanagurta,793353.4,2082,381.05
2018-01-01,2018,1,Malappuram,Seer Fish,Scomberomorus commerson,125827.4,2082,60.44
2018-01-01,2018,1,Malappuram,Coastal Tuna,Euthynnus affinis,160117.7,2082,76.91
2018-01-01,2018,1,Kozhikode,Oil Sardine,Sardinella longiceps,3074192.6,2282,1347.15
2018-01-01,2018,1,Kozhikode,Indian Mackerel,Rastrelliger kanagurta,1350994.8,2282,592.02
2018-01-01,2018,1,Kozhikode,Seer Fish,Scomberomorus commerson,348689.5,2282,152.8
2018-01-01,2018,1,Kozhikode,Coastal Tuna,Euthynnus affinis,328772.1,2282,144.07
2018-01-01,2018,1,Kannur,Oil Sardine,Sardinella longiceps,1833068.0,2341,783.03
2018-01-01,2018,1,Kannur,Indian Mackerel,Rastrelliger kanagurta,724441.9,2341,309.46
2018-01-01,2018,1,Kannur,Seer Fish,Scomberomorus commerson,209059.9,2341,89.3
2018-01-01,2018,1,Kannur,Coastal Tuna,Euthynnus affinis,286050.8,2341,122.19
2018-01-01,2018,1,Kasaragod,Oil Sardine,Sardinella longiceps,785504.4,1556,504.82
2018-01-01,2018,1,Kasaragod,Indian Mackerel,Rastrelliger kanagurta,283380.5,1556,182.12
2018-01-01,2018,1,Kasaragod,Seer Fish,Scomberomorus commerson,72060.9,1556,46.31
2018-01-01,2018,1,Kasaragod,Coastal Tuna,Euthynnus affinis,76020.3,1556,48.86
2018-02-01,2018,2,Thiruvananthapuram,Oil Sardine,Sardinella longiceps,1427655.0,1698,840.79
2018-02-01,2018,2,Thiruvananthapuram,Indian Mackerel,Rastrelliger kanagurta,579536.6,1698,341.31
2018-02-01,2018,2,Thiruvananthapuram,Seer Fish,Scomberomorus commerson,135332.3,1698,79.7
2018-02-01,2018,2,Thiruvananthapuram,Coastal Tuna,Euthynnus affinis,133183.6,1698,78.44
2018-02-01,2018,2,Kollam,Oil Sardine,Sardinella longiceps,4883297.8,3108,1571.2
2018-02-01,2018,2,Kollam,Indian Mackerel,Rastrelliger kanagurta,1903822.5,3108,612.56
2018-02-01,2018,2,Kollam,Seer Fish,Scomberomorus commerson,479797.4,3108,154.37
2018-02-01,2018,2,Kollam,Coastal Tuna,Euthynnus affinis,569278.4,3108,183.17
2018-02-01,2018,2,Alappuzha,Oil Sardine,Sardinella longiceps,2148167.4,2177,986.76
2018-02-01,2018,2,Alappuzha,Indian Mackerel,Rastrelliger kanagurta,973110.6,2177,447.0
2018-02-01,2018,2,Alappuzha,Seer Fish,Scomberomorus commerson,249763.1,2177,114.73
2018-02-01,2018,2,Alappuzha,Coastal Tuna,Euthynnus affinis,283321.3,2177,130.14
2018-02-01,2018,2,Ernakulam,Oil Sardine,Sardinella longiceps,5790181.2,3188,1816.24
2018-02-01,2018,2,Ernakulam,Indian Mackerel,Rastrelliger kanagurta,1884236.0,3188,591.04
2018-02-01,2018,2,Ernakulam,Seer Fish,Scomberomorus commerson,466046.1,3188,146.19
2018-02-01,2018,2,Ernakulam,Coastal Tuna,Euthynnus affinis,588707.3,3188,184.66
2018-02-01,2018,2,Thrissur,Oil Sardine,Sardinella longiceps,432824.4,1223,353.9
2018-02-01,2018,2,Thrissur,Indian Mackerel,Rastrelliger kanagurta,175160.2,1223,143.22
2018-02-01,2018,2,Thrissur,Seer Fish,Scomberomorus commerson,40185.8,1223,32.86
2018-02-01,2018,2,Thrissur,Coastal Tuna,Euthynnus affinis,39779.8,1223,32.53
2018-02-01,2018,2,Malappuram,Oil Sardine,Sardinella longiceps,1024012.6,1687,607.0
2018-02-01,2018,2,Malappuram,Indian Mackerel,Rastrelliger kanagurta,496896.6,1687,294.54
2018-02-01,2018,2,Malappuram,Seer Fish,Scomberomorus commerson,98540.2,1687,58.41
2018-02-01,2018,2,Malappuram,Coastal Tuna,Euthynnus affinis,128857.1,1687,76.38
2018-02-01,2018,2,Kozhikode,Oil Sardine,Sardinella longiceps,4598897.7,3001,1532.46
2018-02-01,2018,2,Kozhikode,Indian Mackerel,Rastrelliger kanagurta,2041884.5,3001,680.4
2018-02-01,2018,2,Kozhikode,Seer Fish,Scomberomorus commerson,429029.4,3001,142.96
2018-02-01,2018,2,Kozhikode,Coastal Tuna,Euthynnus affinis,525028.9,3001,174.95
2018-02-01,2018,2,Kannur,Oil Sardine,Sardinella longiceps,1032215.4,1607,642.32
2018-02-01,2018,2,Kannur,Indian Mackerel,Rastrelliger kanagurta,638157.0,1607,397.11
2018-02-01,2018,2,Kannur,Seer Fish,Scomberomorus commerson,133808.4,1607,83.27
2018-02-01,2018,2,Kannur,Coastal Tuna,Euthynnus affinis,134277.7,1607,83.56
2018-02-01,2018,2,Kasaragod,Oil Sardine,Sardinella longiceps,635366.4,1741,364.94
2018-02-01,2018,2,Kasaragod,Indian Mackerel,Rastrelliger kanagurta,339265.0,1741,194.87
2018-02-01,2018,2,Kasaragod,Seer Fish,Scomberomorus commerson,101756.0,1741,58.45
2018-02-01,2018,2,Kasaragod,Coastal Tuna,Euthynnus affinis,79715.1,1741,45.79
2018-03-01,2018,3,Thiruvananthapuram,Oil Sardine,Sardinella longiceps,945722.6,1650,573.17
2018-03-01,2018,3,Thiruvananthapuram,Indian Mackerel,Rastrelliger kanagurta,465085.0,1650,281.87
2018-03-01,2018,3,Thiruvananthapuram,Seer Fish,Scomberomorus commerson,124154.1,1650,75.24
2018-03-01,2018,3,Thiruvananthapuram,Coastal Tuna,Euthynnus affinis,157522.7,1650,95.47
2018-03-01,2018,3,Kollam,Oil Sardine,Sardinella longiceps,4112135.8,3022,1360.73
2018-03-01,2018,3,Kollam,Indian Mackerel,Rastrelliger kanagurta,1961606.7,3022,649.11
2018-03-01,2018,3,Kollam,Seer Fish,Scomberomorus commerson,539701.1,3022,178.59
2018-03-01,2018,3,Kollam,Coastal Tuna,Euthynnus affinis,621787.3,3022,205.75
2018-03-01,2018,3,Alappuzha,Oil Sardine,Sardinella longiceps,2084835.8,2403,867.6
2018-03-01,2018,3,Alappuzha,Indian Mackerel,Rastrelliger kanagurta,1173689.5,2403,488.43
2018-03-01,2018,3,Alappuzha,Seer Fish,Scomberomorus commerson,263159.2,2403,109.51
2018-03-01,2018,3,Alappuzha,Coastal Tuna,Euthynnus affinis,326577.4,2403,135.9
2018-03-01,2018,3,Ernakulam,Oil Sardine,Sardinella longiceps,4598740.1,3630,1266.87
2018-03-01,2018,3,Ernakulam,Indian Mackerel,Rastrelliger kanagurta,2039575.9,3630,561.87
2018-03-01,2018,3,Ernakulam,Seer Fish,Scomberomorus commerson,568350.3,3630,156.57
2018-03-01,2018,3,Ernakulam,Coastal Tuna,Euthynnus affinis,673557.4,3630,185.55
2018-03-01,2018,3,Thrissur,Oil Sardine,Sardinella longiceps,240451.0,1131,212.6
2018-03-01,2018,3,Thrissur,Indian Mackerel,Rastrelliger kanagurta,154033.1,1131,136.19
2018-03-01,2018,3,Thrissur,Seer Fish,Scomberomorus commerson,37372.0,1131,33.04
2018-03-01,2018,3,Thrissur,Coastal Tuna,Euthynnus affinis,50656.1,1131,44.79
2018-03-01,2018,3,Malappuram,Oil Sardine,Sardinella longiceps,1076920.8,2108,510.87
2018-03-01,2018,3,Malappuram,Indian Mackerel,Rastrelliger kanagurta,555760.1,2108,263.64
2018-03-01,2018,3,Malappuram,Seer Fish,Scomberomorus commerson,131627.1,2108,62.44
2018-03-01,2018,3,Malappuram,Coastal Tuna,Euthynnus affinis,191168.0,2108,90.69
2018-03-01,2018,3,Kozhikode,Oil Sardine,Sardinella longiceps,3728286.4,2971,1254.89
2018-03-01,2018,3,Kozhikode,Indian Mackerel,Rastrelliger kanagurta,1935028.2,2971,651.31
2018-03-01,2018,3,Kozhikode,Seer Fish,Scomberomorus commerson,515319.0,2971,173.45
2018-03-01,2018,3,Kozhikode,Coastal Tuna,Euthynnus affinis,664546.1,2971,223.68
2018-03-01,2018,3,Kannur,Oil Sardine,Sardinella longiceps,931153.6,1442,645.74
2018-03-01,2018,3,Kannur,Indian Mackerel,Rastrelliger kanagurta,436087.6,1442,302.42
2018-03-01,2018,3,Kannur,Seer Fish,Scomberomorus commerson,138516.4,1442,96.06
2018-03-01,2018,3,Kannur,Coastal Tuna,Euthynnus affinis,144589.3,1442,100.27
2018-03-01,2018,3,Kasaragod,Oil Sardine,Sardinella longiceps,461993.2,1337,345.54
2018-03-01,2018,3,Kasaragod,Indian Mackerel,Rastrelliger kanagurta,227993.4,1337,170.53
2018-03-01,2018,3,Kasaragod,Seer Fish,Scomberomorus commerson,61317.9,1337,45.86
2018-03-01,2018,3,Kasaragod,Coastal Tuna,Euthynnus affinis,89220.2,1337,66.73
2018-04-01,2018,4,Thiruvananthapuram,Oil Sardine,Sardinella longiceps,494920.8,1911,258.99
2018-04-01,2018,4,Thiruvananthapuram,Indian Mackerel,Rastrelliger kanagurta,328982.2,1911,172.15
2018-04-01,2018,4,Thiruvananthapuram,Seer Fish,Scomberomorus commerson,122461.2,1911,64.08
2018-04-01,2018,4,Thiruvananthapuram,Coastal Tuna,Euthynnus affinis,150246.8,1911,78.62
2018-04-01,2018,4,Kollam,Oil Sardine,Sardinella longiceps,1025876.9,2540,403.89
2018-04-01,2018,4,Kollam,Indian Mackerel,Rastrelliger kanagurta,1120518.6,2540,441.15
2018-04-01,2018,4,Kollam,Seer Fish,Scomberomorus commerson,285678.2,2540,112.47
2018-04-01,2018,4,Kollam,Coastal Tuna,Euthynnus affinis,495619.4,2540,195.13
2018-04-01,2018,4,Alappuzha,Oil Sardine,Sardinella longiceps,1093996.3,2349,465.73
2018-04-01,2018,4,Alappuzha,Indian Mackerel,Rastrelliger kanagurta,583093.2,2349,248.23
2018-04-01,2018,4,Alappuzha,Seer Fish,Scomberomorus commerson,202220.6,2349,86.09
2018-04-01,2018,4,Alappuzha,Coastal Tuna,Euthynnus affinis,261936.6,2349,111.51
2018-04-01,2018,4,Ernakulam,Oil Sardine,Sardinella longiceps,1013236.0,3381,299.69
2018-04-01,2018,4,Ernakulam,Indian Mackerel,Rastrelliger kanagurta,1621770.5,3381,479.67
2018-04-01,2018,4,Ernakulam,Seer Fish,Scomberomorus commerson,440464.5,3381,130.28
2018-04-01,2018,4,Ernakulam,Coastal Tuna,Euthynnus affinis,614037.9,3381,181.61
2018-04-01,2018,4,Thrissur,Oil Sardine,Sardinella longiceps,158166.7,1324,119.46
2018-04-01,2018,4,Thrissur,Indian Mackerel,Rastrelliger kanagurta,127868.6,1324,96.58
2018-04-01,2018,4,Thrissur,Seer Fish,Scomberomorus commerson,28785.9,1324,21.74
2018-04-01,2018,4,Thrissur,Coastal Tuna,Euthynnus affinis,36402.0,1324,27.49
2018-04-01,2018,4,Malappuram,Oil Sardine,Sardinella longiceps,232422.4,1899,122.39
2018-04-01,2018,4,Malappuram,Indian Mackerel,Rastrelliger kanagurta,370332.4,1899,195.01
2018-04-01,2018,4,Malappuram,Seer Fish,Scomberomorus commerson,80002.5,1899,42.13
2018-04-01,2018,4,Malappuram,Coastal Tuna,Euthynnus affinis,114674.9,1899,60.39
2018-04-01,2018,4,Kozhikode,Oil Sardine,Sardinella longiceps,1129018.5,3600,313.62
2018-04-01,2018,4,Kozhikode,Indian Mackerel,Rastrelliger kanagurta,1219259.0,3600,338.68
2018-04-01,2018,4,Kozhikode,Seer Fish,Scomberomorus commerson,416048.4,3600,115.57
2018-04-01,2018,4,Kozhikode,Coastal Tuna,Euthynnus affinis,563310.7,3600,156.48
2018-04-01,2018,4,Kannur,Oil Sardine,Sardinella longiceps,420547.4,1630,258.0
2018-04-01,2018,4,Kannur,Indian Mackerel,Rastrelliger kanagurta,192642.7,1630,118.19
2018-04-01,2018,4,Kannur,Seer Fish,Scomberomorus commerson,90925.6,1630,55.78
2018-04-01,2018,4,Kannur,Coastal Tuna,Euthynnus affinis,165701.8,1630,101.66
2018-04-01,2018,4,Kasaragod,Oil Sardine,Sardinella longiceps,175052.9,1758,99.58
2018-04-01,2018,4,Kasaragod,Indian Mackerel,Rastrelliger kanagurta,163940.7,1758,93.25
2018-04-01,2018,4,Kasaragod,Seer Fish,Scomberomorus commerson,59307.5,1758,33.74
2018-04-01,2018,4,Kasaragod,Coastal Tuna,Euthynnus affinis,86832.1,1758,49.39
2018-05-01,2018,5,Thiruvananthapuram,Oil Sardine,Sardinella longiceps,647565.9,2113,306.47
2018-05-01,2018,5,Thiruvananthapuram,Indian Mackerel,Rastrelliger kanagurta,449822.8,2113,212.88
2018-05-01,2018,5,Thiruvananthapuram,Seer Fish,Scomberomorus commerson,160751.4,2113,76.08
2018-05-01,2018,5,Thiruvananthapuram,Coastal Tuna,Euthynnus affinis,126370.9,2113,59.81
2018-05-01,2018,5,Kollam,Oil Sardine,Sardinella longiceps,2237228.0,2889,774.4
2018-05-01,2018,5,Kollam,Indian Mackerel,Rastrelliger kanagurta,1223176.6,2889,423.39
2018-05-01,2018,5,Kollam,Seer Fish,Scomberomorus commerson,480028.8,2889,166.16
2018-05-01,2018,5,Kollam,Coastal Tuna,Euthynnus affinis,679639.5,2889,235.25
2018-05-01,2018,5,Alappuzha,Oil Sardine,Sardinella longiceps,958213.3,2178,439.95
2018-05-01,2018,5,Alappuzha,Indian Mackerel,Rastrelliger kanagurta,665386.0,2178,305.5
2018-05-01,2018,5,Alappuzha,Seer Fish,Scomberomorus commerson,250449.3,2178,114.99
2018-05-01,2018,5,Alappuzha,Coastal Tuna,Euthynnus affinis,251750.2,2178,115.59
2018-05-01,2018,5,Ernakulam,Oil Sardine,Sardinella longiceps,2889256.1,3506,824.09
2018-05-01,2018,5,Ernakulam,Indian Mackerel,Rastrelliger kanagurta,1831665.8,3506,522.44
2018-05-01,2018,5,Ernakulam,Seer Fish,Scomberomorus commerson,492581.8,3506,140.5
2018-05-01,2018,5,Ernakulam,Coastal Tuna,Euthynnus affinis,712207.0,3506,203.14
2018-05-01,2018,5,Thrissur,Oil Sardine,Sardinella longiceps,225199.4,1526,147.57
2018-05-01,2018,5,Thrissur,Indian Mackerel,Rastrelliger kanagurta,156549.4,1526,102.59
2018-05-01,2018,5,Thrissur,Seer Fish,Scomberomorus commerson,42779.6,1526,28.03
2018-05-01,2018,5,Thrissur,Coastal Tuna,Euthynnus affinis,71499.9,1526,46.85
2018-05-01,2018,5,Malappuram,Oil Sardine,Sardinella longiceps,368272.2,1891,194.75
2018-05-01,2018,5,Malappuram,Indian Mackerel,Rastrelliger kanagurta,308109.6,1891,162.93
2018-05-01,2018,5,Malappuram,Seer Fish,Scomberomorus commerson,122850.5,1891,64.97
2018-05-01,2018,5,Malappuram,Coastal Tuna,Euthynnus affinis,169633.1,1891,89.71
2018-05-01,2018,5,Kozhikode,Oil Sardine,Sardinella longiceps,1896851.5,2983,635.89
2018-05-01,2018,5,Kozhikode,Indian Mackerel,Rastrelliger kanagurta,1540317.3,2983,516.37
2018-05-01,2018,5,Kozhikode,Seer Fish,Scomberomorus commerson,440038.5,2983,147.52
2018-05-01,2018,5,Kozhikode,Coastal Tuna,Euthynnus affinis,654484.3,2983,219.4
2018-05-01,2018,5,Kannur,Oil Sardine,Sardinella longiceps,573813.1,1915,299.64
2018-05-01,2018,5,Kannur,Indian Mackerel,Rastrelliger kanagurta,609457.5,1915,318.25
2018-05-01,2018,5,Kannur,Seer Fish,Scomberomorus commerson,127400.6,1915,66.53
2018-05-01,2018,5,Kannur,Coastal Tuna,Euthynnus affinis,210047.8,1915,109.69
2018-05-01,2018,5,Kasaragod,Oil Sardine,Sardinella longiceps,332661.9,1436,231.66
2018-05-01,2018,5,Kasaragod,Indian Mackerel,Rastrelliger kanagurta,164295.5,1436,114.41
2018-05-01,2018,5,Kasaragod,Seer Fish,Scomberomorus commerson,72853.9,1436,50.73
2018-05-01,2018,5,Kasaragod,Coastal Tuna,Euthynnus affinis,73222.3,1436,50.99
2018-06-01,2018,6,Thiruvananthapuram,Oil Sardine,Sardinella longiceps,1513614.9,439,3447.87
2018-06-01,2018,6,Thiruvananthapuram,Indian Mackerel,Rastrelliger kanagurta,374694.8,439,853.52
2018-06-01,2018,6,Thiruvananthapuram,Seer Fish,Scomberomorus commerson,82723.6,439,188.44
2018-06-01,2018,6,Thiruvananthapuram,Coastal Tuna,Euthynnus affinis,94790.6,439,215.92
2018-06-01,2018,6,Kollam,Oil Sardine,Sardinella longiceps,5020156.5,664,7560.48
2018-06-01,2018,6,Kollam,Indian Mackerel,Rastrelliger kanagurta,1318752.0,664,1986.07
2018-06-01,2018,6,Kollam,Seer Fish,Scomberomorus commerson,308921.3,664,465.24
2018-06-01,2018,6,Kollam,Coastal Tuna,Euthynnus affinis,391664.4,664,589.86
2018-06-01,2018,6,Alappuzha,Oil Sardine,Sardinella longiceps,3258035.9,556,5859.78
2018-06-01,2018,6,Alappuzha,Indian Mackerel,Rastrelliger kanagurta,833090.6,556,1498.36
2018-06-01,2018,6,Alappuzha,Seer Fish,Scomberomorus commerson,185001.4,556,332.74
2018-06-01,2018,6,Alappuzha,Coastal Tuna,Euthynnus affinis,210138.1,556,377.95
2018-06-01,2018,6,Ernakulam,Oil Sardine,Sardinella longiceps,4306195.2,615,7001.94
2018-06-01,2018,6,Ernakulam,Indian Mackerel,Rastrelliger kanagurta,1266835.5,615,2059.9
2018-06-01,2018,6,Ernakulam,Seer Fish,Scomberomorus commerson,245803.6,615,399.68
2018-06-01,2018,6,Ernakulam,Coastal Tuna,Euthynnus affinis,337564.7,615,548.89
2018-06-01,2018,6,Thrissur,Oil Sardine,Sardinella longiceps,392302.0,259,1514.68
2018-06-01,2018,6,Thrissur,Indian Mackerel,Rastrelliger kanagurta,110851.4,259,428.0
2018-06-01,2018,6,Thrissur,Seer Fish,Scomberomorus commerson,20326.7,259,78.48
2018-06-01,2018,6,Thrissur,Coastal Tuna,Euthynnus affinis,28722.6,259,110.9
2018-06-01,2018,6,Malappuram,Oil Sardine,Sardinella longiceps,1059686.7,342,3098.5
2018-06-01,2018,6,Malappuram,Indian Mackerel,Rastrelliger kanagurta,257738.6,342,753.62
2018-06-01,2018,6,Malappuram,Seer Fish,Scomberomorus commerson,66449.0,342,194.3
2018-06-01,2018,6,Malappuram,Coastal Tuna,Euthynnus affinis,75179.5,342,219.82
2018-06-01,2018,6,Kozhikode,Oil Sardine,Sardinella longiceps,4199562.9,704,5965.29
2018-06-01,2018,6,Kozhikode,Indian Mackerel,Rastrelliger kanagurta,1179164.7,704,1674.95
2018-06-01,2018,6,Kozhikode,Seer Fish,Scomberomorus commerson,250236.9,704,355.45
2018-06-01,2018,6,Kozhikode,Coastal Tuna,Euthynnus affinis,286231.5,704,406.58
2018-06-01,2018,6,Kannur,Oil Sardine,Sardinella longiceps,1543875.5,386,3999.68
2018-06-01,2018,6,Kannur,Indian Mackerel,Rastrelliger kanagurta,399330.1,386,1034.53
2018-06-01,2018,6,Kannur,Seer Fish,Scomberomorus commerson,90657.1,386,234.86
2018-06-01,2018,6,Kannur,Coastal Tuna,Euthynnus affinis,111305.5,386,288.36
2018-06-01,2018,6,Kasaragod,Oil Sardine,Sardinella longiceps,618009.2,335,1844.8
2018-06-01,2018,6,Kasaragod,Indian Mackerel,Rastrelliger kanagurta,178622.7,335,533.2
2018-06-01,2018,6,Kasaragod,Seer Fish,Scomberomorus commerson,32889.1,335,98.18
2018-06-01,2018,6,Kasaragod,Coastal Tuna,Euthynnus affinis,50464.6,335,150.64
2018-07-01,2018,7,Thiruvananthapuram,Oil Sardine,Sardinella longiceps,1181485.3,380,3109.17
2018-07-01,2018,7,Thiruvananthapuram,Indian Mackerel,Rastrelliger kanagurta,269652.5,380,709.61
2018-07-01,2018,7,Thiruvananthapuram,Seer Fish,Scomberomorus commerson,52128.5,380,137.18
2018-07-01,2018,7,Thiruvananthapuram,Coastal Tuna,Euthynnus affinis,45171.4,380,118.87
2018-07-01,2018,7,Kollam,Oil Sardine,Sardinella longiceps,5356287.2,791,6771.54
2018-07-01,2018,7,Kollam,Indian Mackerel,Rastrelliger kanagurta,1050990.9,791,1328.69
2018-07-01,2018,7,Kollam,Seer Fish,Scomberomorus commerson,247935.3,791,313.45
2018-07-01,2018,7,Kollam,Coastal Tuna,Euthynnus affinis,212281.4,791,268.37
2018-07-01,2018,7,Alappuzha,Oil Sardine,Sardinella longiceps,2127904.4,551,3861.9
2018-07-01,2018,7,Alappuzha,Indian Mackerel,Rastrelliger kanagurta,606683.9,551,1101.06
2018-07-01,2018,7,Alappuzha,Seer Fish,Scomberomorus commerson,106274.2,551,192.88
2018-07-01,2018,7,Alappuzha,Coastal Tuna,Euthynnus affinis,94064.4,551,170.72
2018-07-01,2018,7,Ernakulam,Oil Sardine,Sardinella longiceps,2921806.0,485,6024.34
2018-07-01,2018,7,Ernakulam,Indian Mackerel,Rastrelliger kanagurta,773775.1,485,1595.41
2018-07-01,2018,7,Ernakulam,Seer Fish,Scomberomorus commerson,130841.6,485,269.78
2018-07-01,2018,7,Ernakulam,Coastal Tuna,Euthynnus affinis,122773.6,485,253.14
2018-07-01,2018,7,Thrissur,Oil Sardine,Sardinella longiceps,383394.2,307,1248.84
2018-07-01,2018,7,Thrissur,Indian Mackerel,Rastrelliger kanagurta,107548.2,307,350.32
2018-07-01,2018,7,Thrissur,Seer Fish,Scomberomorus commerson,17782.9,307,57.92
2018-07-01,2018,7,Thrissur,Coastal Tuna,Euthynnus affinis,16869.1,307,54.95
2018-07-01,2018,7,Malappuram,Oil Sardine,Sardinella longiceps,1061702.1,389,2729.31
2018-07-01,2018,7,Malappuram,Indian Mackerel,Rastrelliger kanagurta,256408.2,389,659.15
2018-07-01,2018,7,Malappuram,Seer Fish,Scomberomorus commerson,40387.2,389,103.82
2018-07-01,2018,7,Malappuram,Coastal Tuna,Euthynnus affinis,41563.9,389,106.85
2018-07-01,2018,7,Kozhikode,Oil Sardine,Sardinella longiceps,3105601.6,538,5772.49
2018-07-01,2018,7,Kozhikode,Indian Mackerel,Rastrelliger kanagurta,738978.7,538,1373.57
2018-07-01,2018,7,Kozhikode,Seer Fish,Scomberomorus commerson,131913.2,538,245.19
2018-07-01,2018,7,Kozhikode,Coastal Tuna,Euthynnus affinis,148126.7,538,275.33
2018-07-01,2018,7,Kannur,Oil Sardine,Sardinella longiceps,1670312.6,458,3646.97
2018-07-01,2018,7,Kannur,Indian Mackerel,Rastrelliger kanagurta,356878.8,458,779.21
2018-07-01,2018,7,Kannur,Seer Fish,Scomberomorus commerson,63399.4,458,138.43
2018-07-01,2018,7,Kannur,Coastal Tuna,Euthynnus affinis,64829.8,458,141.55
2018-07-01,2018,7,Kasaragod,Oil Sardine,Sardinella longiceps,568626.7,299,1901.76
2018-07-01,2018,7,Kasaragod,Indian Mackerel,Rastrelliger kanagurta,117839.0,299,394.11
2018-07-01,2018,7,Kasaragod,Seer Fish,Scomberomorus commerson,18444.2,299,61.69
2018-07-01,2018,7,Kasaragod,Coastal Tuna,Euthynnus affinis,18486.5,299,61.83
2018-08-01,2018,8,Thiruvananthapuram,Oil Sardine,Sardinella longiceps,3353907.8,1582,2120.04
2018-08-01,2018,8,Thiruvananthapuram,Indian Mackerel,Rastrelliger kanagurta,820254.0,1582,518.49
2018-08-01,2018,8,Thiruvananthapuram,Seer Fish,Scomberomorus commerson,155823.2,1582,98.5
2018-08-01,2018,8,Thiruvananthapuram,Coastal Tuna,Euthynnus affinis,161448.5,1582,102.05
2018-08-01,2018,8,Kollam,Oil Sardine,Sardinella longiceps,15218054.1,2817,5402.22
2018-08-01,2018,8,Kollam,Indian Mackerel,Rastrelliger kanagurta,3685120.1,2817,1308.17
2018-08-01,2018,8,Kollam,Seer Fish,Scomberomorus commerson,687281.4,2817,243.98
2018-08-01,2018,8,Kollam,Coastal Tuna,Euthynnus affinis,788676.1,2817,279.97
2018-08-01,2018,8,Alappuzha,Oil Sardine,Sardinella longiceps,9567066.6,2779,3442.63
2018-08-01,2018,8,Alappuzha,Indian Mackerel,Rastrelliger kanagurta,2507794.2,2779,902.41
2018-08-01,2018,8,Alappuzha,Seer Fish,Scomberomorus commerson,464939.3,2779,167.3
2018-08-01,2018,8,Alappuzha,Coastal Tuna,Euthynnus affinis,434227.3,2779,156.25
2018-08-01,2018,8,Ernakulam,Oil Sardine,Sardinella longiceps,11353703.7,2516,4512.6
2018-08-01,2018,8,Ernakulam,Indian Mackerel,Rastrelliger kanagurta,3072634.6,2516,1221.24
2018-08-01,2018,8,Ernakulam,Seer Fish,Scomberomorus commerson,549682.4,2516,218.47
2018-08-01,2018,8,Ernakulam,Coastal Tuna,Euthynnus affinis,431972.9,2516,171.69
2018-08-01,2018,8,Thrissur,Oil Sardine,Sardinella longiceps,1580215.9,1497,1055.59
2018-08-01,2018,8,Thrissur,Indian Mackerel,Rastrelliger kanagurta,369117.5,1497,246.57
2018-08-01,2018,8,Thrissur,Seer Fish,Scomberomorus commerson,73942.6,1497,49.39
2018-08-01,2018,8,Thrissur,Coastal Tuna,Euthynnus affinis,77854.6,1497,52.01
2018-08-01,2018,8,Malappuram,Oil Sardine,Sardinella longiceps,3880585.8,1607,2414.8
2018-08-01,2018,8,Malappuram,Indian Mackerel,Rastrelliger kanagurta,839409.3,1607,522.35
2018-08-01,2018,8,Malappuram,Seer Fish,Scomberomorus commerson,162191.4,1607,100.93
2018-08-01,2018,8,Malappuram,Coastal Tuna,Euthynnus affinis,124589.2,1607,77.53
2018-08-01,2018,8,Kozhikode,Oil Sardine,Sardinella longiceps,12549442.3,2858,4390.99
2018-08-01,2018,8,Kozhikode,Indian Mackerel,Rastrelliger kanagurta,3031058.6,2858,1060.55
2018-08-01,2018,8,Kozhikode,Seer Fish,Scomberomorus commerson,673328.6,2858,235.59
2018-08-01,2018,8,Kozhikode,Coastal Tuna,Euthynnus affinis,630137.9,2858,220.48
2018-08-01,2018,8,Kannur,Oil Sardine,Sardinella longiceps,5175576.5,2027,2553.32
2018-08-01,2018,8,Kannur,Indian Mackerel,Rastrelliger kanagurta,1350987.1,2027,666.5
2018-08-01,2018,8,Kannur,Seer Fish,Scomberomorus commerson,224458.8,2027,110.73
2018-08-01,2018,8,Kannur,Coastal Tuna,Euthynnus affinis,176024.8,2027,86.84
2018-08-01,2018,8,Kasaragod,Oil Sardine,Sardinella longiceps,2321013.2,1524,1522.97
2018-08-01,2018,8,Kasaragod,Indian Mackerel,Rastrelliger kanagurta,571822.9,1524,375.21
2018-08-01,2018,8,Kasaragod,Seer Fish,Scomberomorus commerson,78758.5,1524,51.68
2018-08-01,2018,8,Kasaragod,Coastal Tuna,Euthynnus affinis,93565.4,1524,61.39
2018-09-01,2018,9,Thiruvananthapuram,Oil Sardine,Sardinella longiceps,3980507.5,1715,2321.0
2018-09-01,2018,9,Thiruvananthapuram,Indian Mackerel,Rastrelliger kanagurta,989973.3,1715,577.24
2018-09-01,2018,9,Thiruvananthapuram,Seer Fish,Scomberomorus commerson,199875.5,1715,116.55
2018-09-01,2018,9,Thiruvananthapuram,Coastal Tuna,Euthynnus affinis,208700.3,1715,121.69
2018-09-01,2018,9,Kollam,Oil Sardine,Sardinella longiceps,15179303.0,3044,4986.63
2018-09-01,2018,9,Kollam,Indian Mackerel,Rastrelliger kanagurta,3320013.4,3044,1090.67
2018-09-01,2018,9,Kollam,Seer Fish,Scomberomorus commerson,899903.3,3044,295.63
2018-09-01,2018,9,Kollam,Coastal Tuna,Euthynnus affinis,834399.6,3044,274.11
2018-09-01,2018,9,Alappuzha,Oil Sardine,Sardinella longiceps,6236494.8,2274,2742.52
2018-09-01,2018,9,Alappuzha,Indian Mackerel,Rastrelliger kanagurta,2033488.1,2274,894.23
2018-09-01,2018,9,Alappuzha,Seer Fish,Scomberomorus commerson,435187.2,2274,191.38
2018-09-01,2018,9,Alappuzha,Coastal Tuna,Euthynnus affinis,535641.7,2274,235.55
2018-09-01,2018,9,Ernakulam,Oil Sardine,Sardinella longiceps,15660160.6,2875,5447.01
2018-09-01,2018,9,Ernakulam,Indian Mackerel,Rastrelliger kanagurta,3145999.4,2875,1094.26
2018-09-01,2018,9,Ernakulam,Seer Fish,Scomberomorus commerson,755019.7,2875,262.62
2018-09-01,2018,9,Ernakulam,Coastal Tuna,Euthynnus affinis,808240.1,2875,281.13
2018-09-01,2018,9,Thrissur,Oil Sardine,Sardinella longiceps,1165091.2,1189,979.89
2018-09-01,2018,9,Thrissur,Indian Mackerel,Rastrelliger kanagurta,340585.5,1189,286.45
2018-09-01,2018,9,Thrissur,Seer Fish,Scomberomorus commerson,53568.7,1189,45.05
2018-09-01,2018,9,Thrissur,Coastal Tuna,Euthynnus affinis,53800.7,1189,45.25
2018-09-01,2018,9,Malappuram,Oil Sardine,Sardinella longiceps,3406704.8,1902,1791.12
2018-09-01,2018,9,Malappuram,Indian Mackerel,Rastrelliger kanagurta,1046608.8,1902,550.27
2018-09-01,2018,9,Malappuram,Seer Fish,Scomberomorus commerson,186354.3,1902,97.98
2018-09-01,2018,9,Malappuram,Coastal Tuna,Euthynnus affinis,225479.7,1902,118.55
2018-09-01,2018,9,Kozhikode,Oil Sardine,Sardinella longiceps,9604467.9,2520,3811.3
2018-09-01,2018,9,Kozhikode,Indian Mackerel,Rastrelliger kanagurta,2826282.1,2520,1121.54
2018-09-01,2018,9,Kozhikode,Seer Fish,Scomberomorus commerson,546989.9,2520,217.06
2018-09-01,2018,9,Kozhikode,Coastal Tuna,Euthynnus affinis,635184.8,2520,252.06
2018-09-01,2018,9,Kannur,Oil Sardine,Sardinella longiceps,5560659.4,2002,2777.55
2018-09-01,2018,9,Kannur,Indian Mackerel,Rastrelliger kanagurta,1309697.7,2002,654.19
2018-09-01,2018,9,Kannur,Seer Fish,Scomberomorus commerson,263515.2,2002,131.63
2018-09-01,2018,9,Kannur,Coastal Tuna,Euthynnus affinis,292766.5,2002,146.24
2018-09-01,2018,9,Kasaragod,Oil Sardine,Sardinella longiceps,1905481.1,1391,1369.86
2018-09-01,2018,9,Kasaragod,Indian Mackerel,Rastrelliger kanagurta,464452.5,1391,333.9
2018-09-01,2018,9,Kasaragod,Seer Fish,Scomberomorus commerson,120518.5,1391,86.64
2018-09-01,2018,9,Kasaragod,Coastal Tuna,Euthynnus affinis,79602.7,1391,57.23
2018-10-01,2018,10,Thiruvananthapuram,Oil Sardine,Sardinella longiceps,1073289.9,1903,564.0
2018-10-01,2018,10,Thiruvananthapuram,Indian Mackerel,Rastrelliger kanagurta,585683.0,1903,307.77
2018-10-01,2018,10,Thiruvananthapuram,Seer Fish,Scomberomorus commerson,165396.8,1903,86.91
2018-10-01,2018,10,Thiruvananthapuram,Coastal Tuna,Euthynnus affinis,222774.5,1903,117.06
2018-10-01,2018,10,Kollam,Oil Sardine,Sardinella longiceps,4376407.6,2526,1732.54
2018-10-01,2018,10,Kollam,Indian Mackerel,Rastrelliger kanagurta,1884181.6,2526,745.92
2018-10-01,2018,10,Kollam,Seer Fish,Scomberomorus commerson,449853.7,2526,178.09
2018-10-01,2018,10,Kollam,Coastal Tuna,Euthynnus affinis,613445.1,2526,242.85
2018-10-01,2018,10,Alappuzha,Oil Sardine,Sardinella longiceps,2290983.4,2105,1088.35
2018-10-01,2018,10,Alappuzha,Indian Mackerel,Rastrelliger kanagurta,1079552.5,2105,512.85
2018-10-01,2018,10,Alappuzha,Seer Fish,Scomberomorus commerson,297341.9,2105,141.26
2018-10-01,2018,10,Alappuzha,Coastal Tuna,Euthynnus affinis,359504.8,2105,170.79
2018-10-01,2018,10,Ernakulam,Oil Sardine,Sardinella longiceps,4219016.6,2503,1685.58
2018-10-01,2018,10,Ernakulam,Indian Mackerel,Rastrelliger kanagurta,1799856.6,2503,719.08
2018-10-01,2018,10,Ernakulam,Seer Fish,Scomberomorus commerson,416570.3,2503,166.43
2018-10-01,2018,10,Ernakulam,Coastal Tuna,Euthynnus affinis,469652.6,2503,187.64
2018-10-01,2018,10,Thrissur,Oil Sardine,Sardinella longiceps,428193.3,1514,282.82
2018-10-01,2018,10,Thrissur,Indian Mackerel,Rastrelliger kanagurta,255585.1,1514,168.81
2018-10-01,2018,10,Thrissur,Seer Fish,Scomberomorus commerson,57702.7,1514,38.11
2018-10-01,2018,10,Thrissur,Coastal Tuna,Euthynnus affinis,78198.3,1514,51.65
2018-10-01,2018,10,Malappuram,Oil Sardine,Sardinella longiceps,1291032.3,2192,588.97
2018-10-01,2018,10,Malappuram,Indian Mackerel,Rastrelliger kanagurta,808286.5,2192,368.74
2018-10-01,2018,10,Malappuram,Seer Fish,Scomberomorus commerson,182797.9,2192,83.39
2018-10-01,2018,10,Malappuram,Coastal Tuna,Euthynnus affinis,173463.4,2192,79.13
2018-10-01,2018,10,Kozhikode,Oil Sardine,Sardinella longiceps,4681083.0,3099,1510.51
2018-10-01,2018,10,Kozhikode,Indian Mackerel,Rastrelliger kanagurta,1796620.3,3099,579.74
2018-10-01,2018,10,Kozhikode,Seer Fish,Scomberomorus commerson,497524.6,3099,160.54
2018-10-01,2018,10,Kozhikode,Coastal Tuna,Euthynnus affinis,544201.6,3099,175.61
2018-10-01,2018,10,Kannur,Oil Sardine,Sardinella longiceps,1234821.8,2039,605.6
2018-10-01,2018,10,Kannur,Indian Mackerel,Rastrelliger kanagurta,798289.0,2039,391.51
2018-10-01,2018,10,Kannur,Seer Fish,Scomberomorus commerson,231169.3,2039,113.37
2018-10-01,2018,10,Kannur,Coastal Tuna,Euthynnus affinis,215246.1,2039,105.56
2018-10-01,2018,10,Kasaragod,Oil Sardine,Sardinella longiceps,760469.4,1613,471.46
2018-10-01,2018,10,Kasaragod,Indian Mackerel,Rastrelliger kanagurta,319817.3,1613,198.27
2018-10-01,2018,10,Kasaragod,Seer Fish,Scomberomorus commerson,81254.4,1613,50.37
2018-10-01,2018,10,Kasaragod,Coastal Tuna,Euthynnus affinis,117887.0,1613,73.09
2018-11-01,2018,11,Thiruvananthapuram,Oil Sardine,Sardinella longiceps,1294116.3,2180,593.63
2018-11-01,2018,11,Thiruvananthapuram,Indian Mackerel,Rastrelliger kanagurta,743705.9,2180,341.15
2018-11-01,2018,11,Thiruvananthapuram,Seer Fish,Scomberomorus commerson,155537.2,2180,71.35
2018-11-01,2018,11,Thiruvananthapuram,Coastal Tuna,Euthynnus affinis,231234.0,2180,106.07
2018-11-01,2018,11,Kollam,Oil Sardine,Sardinella longiceps,3706061.7,2696,1374.65
2018-11-01,2018,11,Kollam,Indian Mackerel,Rastrelliger kanagurta,1994664.1,2696,739.86
2018-11-01,2018,11,Kollam,Seer Fish,Scomberomorus commerson,576727.0,2696,213.92
2018-11-01,2018,11,Kollam,Coastal Tuna,Euthynnus affinis,679639.9,2696,252.09
2018-11-01,2018,11,Alappuzha,Oil Sardine,Sardinella longiceps,2501523.0,2337,1070.4
2018-11-01,2018,11,Alappuzha,Indian Mackerel,Rastrelliger kanagurta,839609.4,2337,359.27
2018-11-01,2018,11,Alappuzha,Seer Fish,Scomberomorus commerson,361514.8,2337,154.69
2018-11-01,2018,11,Alappuzha,Coastal Tuna,Euthynnus affinis,351209.2,2337,150.28
2018-11-01,2018,11,Ernakulam,Oil Sardine,Sardinella longiceps,4215266.4,3091,1363.72
2018-11-01,2018,11,Ernakulam,Indian Mackerel,Rastrelliger kanagurta,1830770.8,3091,592.29
2018-11-01,2018,11,Ernakulam,Seer Fish,Scomberomorus commerson,659580.2,3091,213.39
2018-11-01,2018,11,Ernakulam,Coastal Tuna,Euthynnus affinis,735472.3,3091,237.94
2018-11-01,2018,11,Thrissur,Oil Sardine,Sardinella longiceps,405278.5,1426,284.21
2018-11-01,2018,11,Thrissur,Indian Mackerel,Rastrelliger kanagurta,208245.1,1426,146.03
2018-11-01,2018,11,Thrissur,Seer Fish,Scomberomorus commerson,70606.4,1426,49.51
2018-11-01,2018,11,Thrissur,Coastal Tuna,Euthynnus affinis,69836.7,1426,48.97
2018-11-01,2018,11,Malappuram,Oil Sardine,Sardinella longiceps,1146000.5,1888,606.99
2018-11-01,2018,11,Malappuram,Indian Mackerel,Rastrelliger kanagurta,556175.0,1888,294.58
2018-11-01,2018,11,Malappuram,Seer Fish,Scomberomorus commerson,150722.7,1888,79.83
2018-11-01,2018,11,Malappuram,Coastal Tuna,Euthynnus affinis,138994.8,1888,73.62
2018-11-01,2018,11,Kozhikode,Oil Sardine,Sardinella longiceps,4266780.2,3160,1350.25
2018-11-01,2018,11,Kozhikode,Indian Mackerel,Rastrelliger kanagurta,1777350.9,3160,562.45
2018-11-01,2018,11,Kozhikode,Seer Fish,Scomberomorus commerson,627807.6,3160,198.67
2018-11-01,2018,11,Kozhikode,Coastal Tuna,Euthynnus affinis,611004.2,3160,193.36
2018-11-01,2018,11,Kannur,Oil Sardine,Sardinella longiceps,1887390.3,2502,754.35
2018-11-01,2018,11,Kannur,Indian Mackerel,Rastrelliger kanagurta,1018411.1,2502,407.04
2018-11-01,2018,11,Kannur,Seer Fish,Scomberomorus commerson,233496.1,2502,93.32
2018-11-01,2018,11,Kannur,Coastal Tuna,Euthynnus affinis,270772.9,2502,108.22
2018-11-01,2018,11,Kasaragod,Oil Sardine,Sardinella longiceps,785839.6,1472,533.86
2018-11-01,2018,11,Kasaragod,Indian Mackerel,Rastrelliger kanagurta,316636.8,1472,215.11
2018-11-01,2018,11,Kasaragod,Seer Fish,Scomberomorus commerson,71252.5,1472,48.41
2018-11-01,2018,11,Kasaragod,Coastal Tuna,Euthynnus affinis,80531.9,1472,54.71
2018-12-01,2018,12,Thiruvananthapuram,Oil Sardine,Sardinella longiceps,1321881.5,2196,601.95
2018-12-01,2018,12,Thiruvananthapuram,Indian Mackerel,Rastrelliger kanagurta,591187.1,2196,269.21
2018-12-01,2018,12,Thiruvananthapuram,Seer Fish,Scomberomorus commerson,142981.3,2196,65.11
2018-12-01,2018,12,Thiruvananthapuram,Coastal Tuna,Euthynnus affinis,184828.9,2196,84.17
2018-12-01,2018,12,Kollam,Oil Sardine,Sardinella longiceps,3690352.1,2915,1265.99
2018-12-01,2018,12,Kollam,Indian Mackerel,Rastrelliger kanagurta,1884359.8,2915,646.44
2018-12-01,2018,12,Kollam,Seer Fish,Scomberomorus commerson,558100.5,2915,191.46
2018-12-01,2018,12,Kollam,Coastal Tuna,Euthynnus affinis,585274.0,2915,200.78
2018-12-01,2018,12,Alappuzha,Oil Sardine,Sardinella longiceps,2634230.0,2558,1029.8
2018-12-01,2018,12,Alappuzha,Indian Mackerel,Rastrelliger kanagurta,1330363.2,2558,520.08
2018-12-01,2018,12,Alappuzha,Seer Fish,Scomberomorus commerson,282260.2,2558,110.34
2018-12-01,2018,12,Alappuzha,Coastal Tuna,Euthynnus affinis,413402.9,2558,161.61
2018-12-01,2018,12,Ernakulam,Oil Sardine,Sardinella longiceps,4354273.1,2840,1533.19
2018-12-01,2018,12,Ernakulam,Indian Mackerel,Rastrelliger kanagurta,2019241.9,2840,711.0
2018-12-01,2018,12,Ernakulam,Seer Fish,Scomberomorus commerson,400925.2,2840,141.17
2018-12-01,2018,12,Ernakulam,Coastal Tuna,Euthynnus affinis,545565.8,2840,192.1
2018-12-01,2018,12,Thrissur,Oil Sardine,Sardinella longiceps,521499.4,1245,418.88
2018-12-01,2018,12,Thrissur,Indian Mackerel,Rastrelliger kanagurta,150723.9,1245,121.06
2018-12-01,2018,12,Thrissur,Seer Fish,Scomberomorus commerson,36501.5,1245,29.32
2018-12-01,2018,12,Thrissur,Coastal Tuna,Euthynnus affinis,65544.7,1245,52.65
2018-12-01,2018,12,Malappuram,Oil Sardine,Sardinella longiceps,1144649.0,1946,588.21
2018-12-01,2018,12,Malappuram,Indian Mackerel,Rastrelliger kanagurta,555113.5,1946,285.26
2018-12-01,2018,12,Malappuram,Seer Fish,Scomberomorus commerson,114602.7,1946,58.89
2018-12-01,2018,12,Malappuram,Coastal Tuna,Euthynnus affinis,131026.6,1946,67.33
2018-12-01,2018,12,Kozhikode,Oil Sardine,Sardinella longiceps,2170940.2,1862,1165.92
2018-12-01,2018,12,Kozhikode,Indian Mackerel,Rastrelliger kanagurta,993785.1,1862,533.72
2018-12-01,2018,12,Kozhikode,Seer Fish,Scomberomorus commerson,306993.2,1862,164.87
2018-12-01,2018,12,Kozhikode,Coastal Tuna,Euthynnus affinis,313623.8,1862,168.43
2018-12-01,2018,12,Kannur,Oil Sardine,Sardinella longiceps,2120958.2,2452,864.99
2018-12-01,2018,12,Kannur,Indian Mackerel,Rastrelliger kanagurta,1230815.1,2452,501.96
2018-12-01,2018,12,Kannur,Seer Fish,Scomberomorus commerson,221702.3,2452,90.42
2018-12-01,2018,12,Kannur,Coastal Tuna,Euthynnus affinis,234642.2,2452,95.69
2018-12-01,2018,12,Kasaragod,Oil Sardine,Sardinella longiceps,682729.1,1419,481.13
2018-12-01,2018,12,Kasaragod,Indian Mackerel,Rastrelliger kanagurta,282130.5,1419,198.82
2018-12-01,2018,12,Kasaragod,Seer Fish,Scomberomorus commerson,64959.6,1419,45.78
2018-12-01,2018,12,Kasaragod,Coastal Tuna,Euthynnus affinis,82818.1,1419,58.36
2019-01-01,2019,1,Thiruvananthapuram,Oil Sardine,Sardinella longiceps,1068889.0,2279,469.02
2019-01-01,2019,1,Thiruvananthapuram,Indian Mackerel,Rastrelliger kanagurta,503047.9,2279,220.73
2019-01-01,2019,1,Thiruvananthapuram,Seer Fish,Scomberomorus commerson,86696.3,2279,38.04
2019-01-01,2019,1,Thiruvananthapuram,Coastal Tuna,Euthynnus affinis,115137.0,2279,50.52
2019-01-01,2019,1,Kollam,Oil Sardine,Sardinella longiceps,4033345.6,3782,1066.46
2019-01-01,2019,1,Kollam,Indian Mackerel,Rastrelliger kanagurta,2074080.3,3782,548.41
2019-01-01,2019,1,Kollam,Seer Fish,Scomberomorus commerson,471612.3,3782,124.7
2019-01-01,2019,1,Kollam,Coastal Tuna,Euthynnus affinis,501917.2,3782,132.71
2019-01-01,2019,1,Alappuzha,Oil Sardine,Sardinella longiceps,1624107.1,2327,697.94
2019-01-01,2019,1,Alappuzha,Indian Mackerel,Rastrelliger kanagurta,679496.7,2327,292.01
2019-01-01,2019,1,Alappuzha,Seer Fish,Scomberomorus commerson,169793.2,2327,72.97
2019-01-01,2019,1,Alappuzha,Coastal Tuna,Euthynnus affinis,228998.6,2327,98.41
2019-01-01,2019,1,Ernakulam,Oil Sardine,Sardinella longiceps,3173382.4,3101,1023.34
2019-01-01,2019,1,Ernakulam,Indian Mackerel,Rastrelliger kanagurta,1275739.5,3101,411.4
2019-01-01,2019,1,Ernakulam,Seer Fish,Scomberomorus commerson,302054.1,3101,97.41
2019-01-01,2019,1,Ernakulam,Coastal Tuna,Euthynnus affinis,446036.7,3101,143.84
2019-01-01,2019,1,Thrissur,Oil Sardine,Sardinella longiceps,366781.4,1293,283.67
2019-01-01,2019,1,Thrissur,Indian Mackerel,Rastrelliger kanagurta,45569.8,1293,35.24
2019-01-01,2019,1,Thrissur,Seer Fish,Scomberomorus commerson,21739.9,1293,16.81
2019-01-01,2019,1,Thrissur,Coastal Tuna,Euthynnus affinis,42501.0,1293,32.87
2019-01-01,2019,1,Malappuram,Oil Sardine,Sardinella longiceps,606164.4,1688,359.1
2019-01-01,2019,1,Malappuram,Indian Mackerel,Rastrelliger kanagurta,316007.1,1688,187.21
2019-01-01,2019,1,Malappuram,Seer Fish,Scomberomorus commerson,97113.4,1688,57.53
2019-01-01,2019,1,Malappuram,Coastal Tuna,Euthynnus affinis,103132.2,1688,61.1
2019-01-01,2019,1,Kozhikode,Oil Sardine,Sardinella longiceps,2171178.6,2307,941.13
2019-01-01,2019,1,Kozhikode,Indian Mackerel,Rastrelliger kanagurta,841402.6,2307,364.72
2019-01-01,2019,1,Kozhikode,Seer Fish,Scomberomorus commerson,227070.7,2307,98.43
2019-01-01,2019,1,Kozhikode,Coastal Tuna,Euthynnus affinis,310880.4,2307,134.76
2019-01-01,2019,1,Kannur,Oil Sardine,Sardinella longiceps,1188435.5,2261,525.62
2019-01-01,2019,1,Kannur,Indian Mackerel,Rastrelliger kanagurta,558059.3,2261,246.82
2019-01-01,2019,1,Kannur,Seer Fish,Scomberomorus commerson,121276.2,2261,53.64
2019-01-01,2019,1,Kannur,Coastal Tuna,Euthynnus affinis,127608.9,2261,56.44
2019-01-01,2019,1,Kasaragod,Oil Sardine,Sardinella longiceps,520372.9,1720,302.54
2019-01-01,2019,1,Kasaragod,Indian Mackerel,Rastrelliger kanagurta,140159.8,1720,81.49
2019-01-01,2019,1,Kasaragod,Seer Fish,Scomberomorus commerson,62719.7,1720,36.46
2019-01-01,2019,1,Kasaragod,Coastal Tuna,Euthynnus affinis,67080.5,1720,39.0
2019-02-01,2019,2,Thiruvananthapuram,Oil Sardine,Sardinella longiceps,1122502.4,1815,618.46
2019-02-01,2019,2,Thiruvananthapuram,Indian Mackerel,Rastrelliger kanagurta,410278.5,1815,226.05
2019-02-01,2019,2,Thiruvananthapuram,Seer Fish,Scomberomorus commerson,101723.1,1815,56.05
2019-02-01,2019,2,Thiruvananthapuram,Coastal Tuna,Euthynnus affinis,129465.1,1815,71.33
2019-02-01,2019,2,Kollam,Oil Sardine,Sardinella longiceps,4310205.5,3378,1275.96
2019-02-01,2019,2,Kollam,Indian Mackerel,Rastrelliger kanagurta,1515485.3,3378,448.63
2019-02-01,2019,2,Kollam,Seer Fish,Scomberomorus commerson,452641.1,3378,134.0
2019-02-01,2019,2,Kollam,Coastal Tuna,Euthynnus affinis,569211.7,3378,168.51
2019-02-01,2019,2,Alappuzha,Oil Sardine,Sardinella longiceps,2050121.9,2435,841.94
2019-02-01,2019,2,Alappuzha,Indian Mackerel,Rastrelliger kanagurta,1014228.8,2435,416.52
2019-02-01,2019,2,Alappuzha,Seer Fish,Scomberomorus commerson,230516.7,2435,94.67
2019-02-01,2019,2,Alappuzha,Coastal Tuna,Euthynnus affinis,245198.0,2435,100.7
2019-02-01,2019,2,Ernakulam,Oil Sardine,Sardinella longiceps,2857761.2,2766,1033.17
2019-02-01,2019,2,Ernakulam,Indian Mackerel,Rastrelliger kanagurta,1336628.0,2766,483.23
2019-02-01,2019,2,Ernakulam,Seer Fish,Scomberomorus commerson,321293.2,2766,116.16
2019-02-01,2019,2,Ernakulam,Coastal Tuna,Euthynnus affinis,406851.0,2766,147.09
2019-02-01,2019,2,Thrissur,Oil Sardine,Sardinella longiceps,258763.8,1671,154.86
2019-02-01,2019,2,Thrissur,Indian Mackerel,Rastrelliger kanagurta,68628.2,1671,41.07
2019-02-01,2019,2,Thrissur,Seer Fish,Scomberomorus commerson,31702.0,1671,18.97
2019-02-01,2019,2,Thrissur,Coastal Tuna,Euthynnus affinis,30007.2,1671,17.96
2019-02-01,2019,2,Malappuram,Oil Sardine,Sardinella longiceps,1087582.7,1781,610.66
2019-02-01,2019,2,Malappuram,Indian Mackerel,Rastrelliger kanagurta,351488.9,1781,197.35
2019-02-01,2019,2,Malappuram,Seer Fish,Scomberomorus commerson,90319.9,1781,50.71
2019-02-01,2019,2,Malappuram,Coastal Tuna,Euthynnus affinis,88343.9,1781,49.6
2019-02-01,2019,2,Kozhikode,Oil Sardine,Sardinella longiceps,2779124.6,2744,1012.8
2019-02-01,2019,2,Kozhikode,Indian Mackerel,Rastrelliger kanagurta,1161073.6,2744,423.13
2019-02-01,2019,2,Kozhikode,Seer Fish,Scomberomorus commerson,345112.2,2744,125.77
2019-02-01,2019,2,Kozhikode,Coastal Tuna,Euthynnus affinis,301003.3,2744,109.7
2019-02-01,2019,2,Kannur,Oil Sardine,Sardinella longiceps,1006183.4,1782,564.64
2019-02-01,2019,2,Kannur,Indian Mackerel,Rastrelliger kanagurta,461553.7,1782,259.01
2019-02-01,2019,2,Kannur,Seer Fish,Scomberomorus commerson,103635.8,1782,58.16
2019-02-01,2019,2,Kannur,Coastal Tuna,Euthynnus affinis,121866.3,1782,68.39
2019-02-01,2019,2,Kasaragod,Oil Sardine,Sardinella longiceps,497891.7,1479,336.64
2019-02-01,2019,2,Kasaragod,Indian Mackerel,Rastrelliger kanagurta,170970.3,1479,115.6
2019-02-01,2019,2,Kasaragod,Seer Fish,Scomberomorus commerson,42387.2,1479,28.66
2019-02-01,2019,2,Kasaragod,Coastal Tuna,Euthynnus affinis,76933.2,1479,52.02
2019-03-01,2019,3,Thiruvananthapuram,Oil Sardine,Sardinella longiceps,608781.5,1513,402.37
2019-03-01,2019,3,Thiruvananthapuram,Indian Mackerel,Rastrelliger kanagurta,351452.7,1513,232.29
2019-03-01,2019,3,Thiruvananthapuram,Seer Fish,Scomberomorus commerson,102437.0,1513,67.7
2019-03-01,2019,3,Thiruvananthapuram,Coastal Tuna,Euthynnus affinis,114425.0,1513,75.63
2019-03-01,2019,3,Kollam,Oil Sardine,Sardinella longiceps,1428940.3,2387,598.63
2019-03-01,2019,3,Kollam,Indian Mackerel,Rastrelliger kanagurta,1136898.1,2387,476.29
2019-03-01,2019,3,Kollam,Seer Fish,Scomberomorus commerson,309491.1,2387,129.66
2019-03-01,2019,3,Kollam,Coastal Tuna,Euthynnus affinis,401689.5,2387,168.28
2019-03-01,2019,3,Alappuzha,Oil Sardine,Sardinella longiceps,1787418.4,2431,735.26
2019-03-01,2019,3,Alappuzha,Indian Mackerel,Rastrelliger kanagurta,785162.2,2431,322.98
2019-03-01,2019,3,Alappuzha,Seer Fish,Scomberomorus commerson,243826.4,2431,100.3
2019-03-01,2019,3,Alappuzha,Coastal Tuna,Euthynnus affinis,233010.6,2431,95.85
2019-03-01,2019,3,Ernakulam,Oil Sardine,Sardinella longiceps,1373079.1,2577,532.82
2019-03-01,2019,3,Ernakulam,Indian Mackerel,Rastrelliger kanagurta,1210235.2,2577,469.63
2019-03-01,2019,3,Ernakulam,Seer Fish,Scomberomorus commerson,363809.2,2577,141.18
2019-03-01,2019,3,Ernakulam,Coastal Tuna,Euthynnus affinis,326259.0,2577,126.6
2019-03-01,2019,3,Thrissur,Oil Sardine,Sardinella longiceps,109573.2,1056,103.76
2019-03-01,2019,3,Thrissur,Indian Mackerel,Rastrelliger kanagurta,81185.6,1056,76.88
2019-03-01,2019,3,Thrissur,Seer Fish,Scomberomorus commerson,23580.8,1056,22.33
2019-03-01,2019,3,Thrissur,Coastal Tuna,Euthynnus affinis,28170.2,1056,26.68
2019-03-01,2019,3,Malappuram,Oil Sardine,Sardinella longiceps,726274.2,2300,315.77
2019-03-01,2019,3,Malappuram,Indian Mackerel,Rastrelliger kanagurta,455227.8,2300,197.93
2019-03-01,2019,3,Malappuram,Seer Fish,Scomberomorus commerson,121577.2,2300,52.86
2019-03-01,2019,3,Malappuram,Coastal Tuna,Euthynnus affinis,162372.3,2300,70.6
2019-03-01,2019,3,Kozhikode,Oil Sardine,Sardinella longiceps,2501109.1,2837,881.6
2019-03-01,2019,3,Kozhikode,Indian Mackerel,Rastrelliger kanagurta,1063503.4,2837,374.87
2019-03-01,2019,3,Kozhikode,Seer Fish,Scomberomorus commerson,272586.9,2837,96.08
2019-03-01,2019,3,Kozhikode,Coastal Tuna,Euthynnus affinis,369060.3,2837,130.09
2019-03-01,2019,3,Kannur,Oil Sardine,Sardinella longiceps,839615.2,1714,489.86
2019-03-01,2019,3,Kannur,Indian Mackerel,Rastrelliger kanagurta,400582.0,1714,233.71
2019-03-01,2019,3,Kannur,Seer Fish,Scomberomorus commerson,114981.8,1714,67.08
2019-03-01,2019,3,Kannur,Coastal Tuna,Euthynnus affinis,123620.8,1714,72.12
2019-03-01,2019,3,Kasaragod,Oil Sardine,Sardinella longiceps,302059.4,1702,177.47
2019-03-01,2019,3,Kasaragod,Indian Mackerel,Rastrelliger kanagurta,236488.5,1702,138.95
2019-03-01,2019,3,Kasaragod,Seer Fish,Scomberomorus commerson,61539.0,1702,36.16
2019-03-01,2019,3,Kasaragod,Coastal Tuna,Euthynnus affinis,43460.9,1702,25.54
2019-04-01,2019,4,Thiruvananthapuram,Oil Sardine,Sardinella longiceps,327194.8,2266,144.39
2019-04-01,2019,4,Thiruvananthapuram,Indian Mackerel,Rastrelliger kanagurta,314310.8,2266,138.71
2019-04-01,2019,4,Thiruvananthapuram,Seer Fish,Scomberomorus commerson,108885.3,2266,48.05
2019-04-01,2019,4,Thiruvananthapuram,Coastal Tuna,Euthynnus affinis,198130.4,2266,87.44
2019-04-01,2019,4,Kollam,Oil Sardine,Sardinella longiceps,1125178.1,3225,348.89
2019-04-01,2019,4,Kollam,Indian Mackerel,Rastrelliger kanagurta,907597.9,3225,281.43
2019-04-01,2019,4,Kollam,Seer Fish,Scomberomorus commerson,383452.0,3225,118.9
2019-04-01,2019,4,Kollam,Coastal Tuna,Euthynnus affinis,474894.9,3225,147.25
2019-04-01,2019,4,Alappuzha,Oil Sardine,Sardinella longiceps,728336.0,2599,280.24
2019-04-01,2019,4,Alappuzha,Indian Mackerel,Rastrelliger kanagurta,541024.3,2599,208.17
2019-04-01,2019,4,Alappuzha,Seer Fish,Scomberomorus commerson,203278.4,2599,78.21
2019-04-01,2019,4,Alappuzha,Coastal Tuna,Euthynnus affinis,303442.9,2599,116.75
2019-04-01,2019,4,Ernakulam,Oil Sardine,Sardinella longiceps,1119553.2,3577,312.99
2019-04-01,2019,4,Ernakulam,Indian Mackerel,Rastrelliger kanagurta,976960.1,3577,273.12
2019-04-01,2019,4,Ernakulam,Seer Fish,Scomberomorus commerson,323871.0,3577,90.54
2019-04-01,2019,4,Ernakulam,Coastal Tuna,Euthynnus affinis,481565.2,3577,134.63
2019-04-01,2019,4,Thrissur,Oil Sardine,Sardinella longiceps,158023.7,1533,103.08
2019-04-01,2019,4,Thrissur,Indian Mackerel,Rastrelliger kanagurta,65653.6,1533,42.83
2019-04-01,2019,4,Thrissur,Seer Fish,Scomberomorus commerson,29043.6,1533,18.95
2019-04-01,2019,4,Thrissur,Coastal Tuna,Euthynnus affinis,48018.9,1533,31.32
2019-04-01,2019,4,Malappuram,Oil Sardine,Sardinella longiceps,212646.3,1823,116.65
2019-04-01,2019,4,Malappuram,Indian Mackerel,Rastrelliger kanagurta,185461.4,1823,101.73
2019-04-01,2019,4,Malappuram,Seer Fish,Scomberomorus commerson,88249.7,1823,48.41
2019-04-01,2019,4,Malappuram,Coastal Tuna,Euthynnus affinis,106544.7,1823,58.44
2019-04-01,2019,4,Kozhikode,Oil Sardine,Sardinella longiceps,794917.4,2539,313.08
2019-04-01,2019,4,Kozhikode,Indian Mackerel,Rastrelliger kanagurta,585243.4,2539,230.5
2019-04-01,2019,4,Kozhikode,Seer Fish,Scomberomorus commerson,169232.2,2539,66.65
2019-04-01,2019,4,Kozhikode,Coastal Tuna,Euthynnus affinis,361294.3,2539,142.3
2019-04-01,2019,4,Kannur,Oil Sardine,Sardinella longiceps,270416.7,2307,117.22
2019-04-01,2019,4,Kannur,Indian Mackerel,Rastrelliger kanagurta,441076.4,2307,191.19
2019-04-01,2019,4,Kannur,Seer Fish,Scomberomorus commerson,116289.9,2307,50.41
2019-04-01,2019,4,Kannur,Coastal Tuna,Euthynnus affinis,166561.3,2307,72.2
2019-04-01,2019,4,Kasaragod,Oil Sardine,Sardinella longiceps,172502.9,2134,80.84
2019-04-01,2019,4,Kasaragod,Indian Mackerel,Rastrelliger kanagurta,86016.8,2134,40.31
2019-04-01,2019,4,Kasaragod,Seer Fish,Scomberomorus commerson,70414.0,2134,33.0
2019-04-01,2019,4,Kasaragod,Coastal Tuna,Euthynnus affinis,100314.5,2134,47.01
2019-05-01,2019,5,Thiruvananthapuram,Oil Sardine,Sardinella longiceps,415608.6,1481,280.63
2019-05-01,2019,5,Thiruvananthapuram,Indian Mackerel,Rastrelliger kanagurta,314999.2,1481,212.69
2019-05-01,2019,5,Thiruvananthapuram,Seer Fish,Scomberomorus commerson,84136.0,1481,56.81
2019-05-01,2019,5,Thiruvananthapuram,Coastal Tuna,Euthynnus affinis,103898.4,1481,70.15
2019-05-01,2019,5,Kollam,Oil Sardine,Sardinella longiceps,2328095.6,2630,885.21
2019-05-01,2019,5,Kollam,Indian Mackerel,Rastrelliger kanagurta,1096982.6,2630,417.1
2019-05-01,2019,5,Kollam,Seer Fish,Scomberomorus commerson,369113.8,2630,140.35
2019-05-01,2019,5,Kollam,Coastal Tuna,Euthynnus affinis,370882.2,2630,141.02
2019-05-01,2019,5,Alappuzha,Oil Sardine,Sardinella longiceps,861555.0,2143,402.03
2019-05-01,2019,5,Alappuzha,Indian Mackerel,Rastrelliger kanagurta,752206.9,2143,351.01
2019-05-01,2019,5,Alappuzha,Seer Fish,Scomberomorus commerson,201352.6,2143,93.96
2019-05-01,2019,5,Alappuzha,Coastal Tuna,Euthynnus affinis,274122.6,2143,127.92
2019-05-01,2019,5,Ernakulam,Oil Sardine,Sardinella longiceps,2249753.1,2959,760.31
2019-05-01,2019,5,Ernakulam,Indian Mackerel,Rastrelliger kanagurta,1225706.4,2959,414.23
2019-05-01,2019,5,Ernakulam,Seer Fish,Scomberomorus commerson,390401.8,2959,131.94
2019-05-01,2019,5,Ernakulam,Coastal Tuna,Euthynnus affinis,446030.2,2959,150.74
2019-05-01,2019,5,Thrissur,Oil Sardine,Sardinella longiceps,222695.1,1444,154.22
2019-05-01,2019,5,Thrissur,Indian Mackerel,Rastrelliger kanagurta,87895.5,1444,60.87
2019-05-01,2019,5,Thrissur,Seer Fish,Scomberomorus commerson,31532.4,1444,21.84
2019-05-01,2019,5,Thrissur,Coastal Tuna,Euthynnus affinis,37601.1,1444,26.04
2019-05-01,2019,5,Malappuram,Oil Sardine,Sardinella longiceps,574480.4,1859,309.03
2019-05-01,2019,5,Malappuram,Indian Mackerel,Rastrelliger kanagurta,320852.6,1859,172.59
2019-05-01,2019,5,Malappuram,Seer Fish,Scomberomorus commerson,81219.6,1859,43.69
2019-05-01,2019,5,Malappuram,Coastal Tuna,Euthynnus affinis,81431.9,1859,43.8
2019-05-01,2019,5,Kozhikode,Oil Sardine,Sardinella longiceps,2019999.6,3314,609.54
2019-05-01,2019,5,Kozhikode,Indian Mackerel,Rastrelliger kanagurta,1159458.8,3314,349.87
2019-05-01,2019,5,Kozhikode,Seer Fish,Scomberomorus commerson,424211.5,3314,128.01
2019-05-01,2019,5,Kozhikode,Coastal Tuna,Euthynnus affinis,541219.7,3314,163.31
2019-05-01,2019,5,Kannur,Oil Sardine,Sardinella longiceps,782056.0,2062,379.27
2019-05-01,2019,5,Kannur,Indian Mackerel,Rastrelliger kanagurta,327017.5,2062,158.59
2019-05-01,2019,5,Kannur,Seer Fish,Scomberomorus commerson,133609.2,2062,64.8
2019-05-01,2019,5,Kannur,Coastal Tuna,Euthynnus affinis,177506.7,2062,86.08
2019-05-01,2019,5,Kasaragod,Oil Sardine,Sardinella longiceps,193266.4,1992,97.02
2019-05-01,2019,5,Kasaragod,Indian Mackerel,Rastrelliger kanagurta,216660.5,1992,108.77
2019-05-01,2019,5,Kasaragod,Seer Fish,Scomberomorus commerson,73029.8,1992,36.66
2019-05-01,2019,5,Kasaragod,Coastal Tuna,Euthynnus affinis,75945.7,1992,38.13
2019-06-01,2019,6,Thiruvananthapuram,Oil Sardine,Sardinella longiceps,875098.2,416,2103.6
2019-06-01,2019,6,Thiruvananthapuram,Indian Mackerel,Rastrelliger kanagurta,314152.8,416,755.18
2019-06-01,2019,6,Thiruvananthapuram,Seer Fish,Scomberomorus commerson,56849.1,416,136.66
2019-06-01,2019,6,Thiruvananthapuram,Coastal Tuna,Euthynnus affinis,89731.6,416,215.7
2019-06-01,2019,6,Kollam,Oil Sardine,Sardinella longiceps,3161029.7,653,4840.78
2019-06-01,2019,6,Kollam,Indian Mackerel,Rastrelliger kanagurta,970591.9,653,1486.36
2019-06-01,2019,6,Kollam,Seer Fish,Scomberomorus commerson,224182.5,653,343.31
2019-06-01,2019,6,Kollam,Coastal Tuna,Euthynnus affinis,284419.7,653,435.56
2019-06-01,2019,6,Alappuzha,Oil Sardine,Sardinella longiceps,1472433.8,424,3472.72
2019-06-01,2019,6,Alappuzha,Indian Mackerel,Rastrelliger kanagurta,468990.3,424,1106.11
2019-06-01,2019,6,Alappuzha,Seer Fish,Scomberomorus commerson,106254.7,424,250.6
2019-06-01,2019,6,Alappuzha,Coastal Tuna,Euthynnus affinis,112973.1,424,266.45
2019-06-01,2019,6,Ernakulam,Oil Sardine,Sardinella longiceps,2974373.3,712,4177.49
2019-06-01,2019,6,Ernakulam,Indian Mackerel,Rastrelliger kanagurta,1021932.5,712,1435.3
2019-06-01,2019,6,Ernakulam,Seer Fish,Scomberomorus commerson,245187.5,712,344.36
2019-06-01,2019,6,Ernakulam,Coastal Tuna,Euthynnus affinis,319199.4,712,448.31
2019-06-01,2019,6,Thrissur,Oil Sardine,Sardinella longiceps,215403.4,211,1020.87
2019-06-01,2019,6,Thrissur,Indian Mackerel,Rastrelliger kanagurta,74919.5,211,355.07
2019-06-01,2019,6,Thrissur,Seer Fish,Scomberomorus commerson,14741.9,211,69.87
2019-06-01,2019,6,Thrissur,Coastal Tuna,Euthynnus affinis,16840.2,211,79.81
2019-06-01,2019,6,Malappuram,Oil Sardine,Sardinella longiceps,1083703.3,487,2225.26
2019-06-01,2019,6,Malappuram,Indian Mackerel,Rastrelliger kanagurta,313765.7,487,644.28
2019-06-01,2019,6,Malappuram,Seer Fish,Scomberomorus commerson,59159.5,487,121.48
2019-06-01,2019,6,Malappuram,Coastal Tuna,Euthynnus affinis,87413.1,487,179.49
2019-06-01,2019,6,Kozhikode,Oil Sardine,Sardinella longiceps,2331286.6,586,3978.3
2019-06-01,2019,6,Kozhikode,Indian Mackerel,Rastrelliger kanagurta,827029.2,586,1411.31
2019-06-01,2019,6,Kozhikode,Seer Fish,Scomberomorus commerson,164285.0,586,280.35
2019-06-01,2019,6,Kozhikode,Coastal Tuna,Euthynnus affinis,203342.5,586,347.0
2019-06-01,2019,6,Kannur,Oil Sardine,Sardinella longiceps,1017247.2,383,2656.0
2019-06-01,2019,6,Kannur,Indian Mackerel,Rastrelliger kanagurta,301139.2,383,786.26
2019-06-01,2019,6,Kannur,Seer Fish,Scomberomorus commerson,73378.1,383,191.59
2019-06-01,2019,6,Kannur,Coastal Tuna,Euthynnus affinis,77241.5,383,201.67
2019-06-01,2019,6,Kasaragod,Oil Sardine,Sardinella longiceps,375369.5,295,1272.44
2019-06-01,2019,6,Kasaragod,Indian Mackerel,Rastrelliger kanagurta,156659.5,295,531.05
2019-06-01,2019,6,Kasaragod,Seer Fish,Scomberomorus commerson,26389.8,295,89.46
2019-06-01,2019,6,Kasaragod,Coastal Tuna,Euthynnus affinis,32918.1,295,111.59
2019-07-01,2019,7,Thiruvananthapuram,Oil Sardine,Sardinella longiceps,698066.8,358,1949.91
2019-07-01,2019,7,Thiruvananthapuram,Indian Mackerel,Rastrelliger kanagurta,157692.9,358,440.48
2019-07-01,2019,7,Thiruvananthapuram,Seer Fish,Scomberomorus commerson,38743.9,358,108.22
2019-07-01,2019,7,Thiruvananthapuram,Coastal Tuna,Euthynnus affinis,29502.2,358,82.41
2019-07-01,2019,7,Kollam,Oil Sardine,Sardinella longiceps,3735124.8,712,5245.96
2019-07-01,2019,7,Kollam,Indian Mackerel,Rastrelliger kanagurta,744685.2,712,1045.91
2019-07-01,2019,7,Kollam,Seer Fish,Scomberomorus commerson,147073.1,712,206.56
2019-07-01,2019,7,Kollam,Coastal Tuna,Euthynnus affinis,125391.9,712,176.11
2019-07-01,2019,7,Alappuzha,Oil Sardine,Sardinella longiceps,1904800.0,641,2971.61
2019-07-01,2019,7,Alappuzha,Indian Mackerel,Rastrelliger kanagurta,503831.2,641,786.01
2019-07-01,2019,7,Alappuzha,Seer Fish,Scomberomorus commerson,96074.8,641,149.88
2019-07-01,2019,7,Alappuzha,Coastal Tuna,Euthynnus affinis,93358.5,641,145.65
2019-07-01,2019,7,Ernakulam,Oil Sardine,Sardinella longiceps,2554868.0,618,4134.09
2019-07-01,2019,7,Ernakulam,Indian Mackerel,Rastrelliger kanagurta,627536.0,618,1015.43
2019-07-01,2019,7,Ernakulam,Seer Fish,Scomberomorus commerson,114750.2,618,185.68
2019-07-01,2019,7,Ernakulam,Coastal Tuna,Euthynnus affinis,111177.5,618,179.9
2019-07-01,2019,7,Thrissur,Oil Sardine,Sardinella longiceps,275253.4,289,952.43
2019-07-01,2019,7,Thrissur,Indian Mackerel,Rastrelliger kanagurta,48814.2,289,168.91
2019-07-01,2019,7,Thrissur,Seer Fish,Scomberomorus commerson,14977.8,289,51.83
2019-07-01,2019,7,Thrissur,Coastal Tuna,Euthynnus affinis,14089.4,289,48.75
2019-07-01,2019,7,Malappuram,Oil Sardine,Sardinella longiceps,625159.4,350,1786.17
2019-07-01,2019,7,Malappuram,Indian Mackerel,Rastrelliger kanagurta,157665.8,350,450.47
2019-07-01,2019,7,Malappuram,Seer Fish,Scomberomorus commerson,30644.1,350,87.55
2019-07-01,2019,7,Malappuram,Coastal Tuna,Euthynnus affinis,29463.0,350,84.18
2019-07-01,2019,7,Kozhikode,Oil Sardine,Sardinella longiceps,2332422.3,530,4400.8
2019-07-01,2019,7,Kozhikode,Indian Mackerel,Rastrelliger kanagurta,539906.8,530,1018.69
2019-07-01,2019,7,Kozhikode,Seer Fish,Scomberomorus commerson,91663.7,530,172.95
2019-07-01,2019,7,Kozhikode,Coastal Tuna,Euthynnus affinis,81877.5,530,154.49
2019-07-01,2019,7,Kannur,Oil Sardine,Sardinella longiceps,765838.8,328,2334.87
2019-07-01,2019,7,Kannur,Indian Mackerel,Rastrelliger kanagurta,186818.6,328,569.57
2019-07-01,2019,7,Kannur,Seer Fish,Scomberomorus commerson,28184.6,328,85.93
2019-07-01,2019,7,Kannur,Coastal Tuna,Euthynnus affinis,37726.8,328,115.02
2019-07-01,2019,7,Kasaragod,Oil Sardine,Sardinella longiceps,494914.6,368,1344.88
2019-07-01,2019,7,Kasaragod,Indian Mackerel,Rastrelliger kanagurta,127787.0,368,347.25
2019-07-01,2019,7,Kasaragod,Seer Fish,Scomberomorus commerson,19663.7,368,53.43
2019-07-01,2019,7,Kasaragod,Coastal Tuna,Euthynnus affinis,21118.1,368,57.39
2019-08-01,2019,8,Thiruvananthapuram,Oil Sardine,Sardinella longiceps,2022300.9,2011,1005.62
2019-08-01,2019,8,Thiruvananthapuram,Indian Mackerel,Rastrelliger kanagurta,592603.6,2011,294.68
2019-08-01,2019,8,Thiruvananthapuram,Seer Fish,Scomberomorus commerson,124424.8,2011,61.87
2019-08-01,2019,8,Thiruvananthapuram,Coastal Tuna,Euthynnus affinis,83752.4,2011,41.65
2019-08-01,2019,8,Kollam,Oil Sardine,Sardinella longiceps,7466988.6,2938,2541.52
2019-08-01,2019,8,Kollam,Indian Mackerel,Rastrelliger kanagurta,1828036.1,2938,622.2
2019-08-01,2019,8,Kollam,Seer Fish,Scomberomorus commerson,391809.3,2938,133.36
2019-08-01,2019,8,Kollam,Coastal Tuna,Euthynnus affinis,254845.3,2938,86.74
2019-08-01,2019,8,Alappuzha,Oil Sardine,Sardinella longiceps,3055942.3,2025,1509.11
2019-08-01,2019,8,Alappuzha,Indian Mackerel,Rastrelliger kanagurta,815156.6,2025,402.55
2019-08-01,2019,8,Alappuzha,Seer Fish,Scomberomorus commerson,186587.1,2025,92.14
2019-08-01,2019,8,Alappuzha,Coastal Tuna,Euthynnus affinis,118408.7,2025,58.47
2019-08-01,2019,8,Ernakulam,Oil Sardine,Sardinella longiceps,6710174.6,2865,2342.12
2019-08-01,2019,8,Ernakulam,Indian Mackerel,Rastrelliger kanagurta,1779885.8,2865,621.25
2019-08-01,2019,8,Ernakulam,Seer Fish,Scomberomorus commerson,346083.9,2865,120.8
2019-08-01,2019,8,Ernakulam,Coastal Tuna,Euthynnus affinis,321358.5,2865,112.17
2019-08-01,2019,8,Thrissur,Oil Sardine,Sardinella longiceps,622238.2,1281,485.74
2019-08-01,2019,8,Thrissur,Indian Mackerel,Rastrelliger kanagurta,138292.0,1281,107.96
2019-08-01,2019,8,Thrissur,Seer Fish,Scomberomorus commerson,34993.3,1281,27.32
2019-08-01,2019,8,Thrissur,Coastal Tuna,Euthynnus affinis,39466.5,1281,30.81
2019-08-01,2019,8,Malappuram,Oil Sardine,Sardinella longiceps,2065925.3,1849,1117.32
2019-08-01,2019,8,Malappuram,Indian Mackerel,Rastrelliger kanagurta,364238.4,1849,196.99
2019-08-01,2019,8,Malappuram,Seer Fish,Scomberomorus commerson,85118.1,1849,46.03
2019-08-01,2019,8,Malappuram,Coastal Tuna,Euthynnus affinis,36813.9,1849,19.91
2019-08-01,2019,8,Kozhikode,Oil Sardine,Sardinella longiceps,6886942.9,2879,2392.13
2019-08-01,2019,8,Kozhikode,Indian Mackerel,Rastrelliger kanagurta,1168783.4,2879,405.97
2019-08-01,2019,8,Kozhikode,Seer Fish,Scomberomorus commerson,296331.7,2879,102.93
2019-08-01,2019,8,Kozhikode,Coastal Tuna,Euthynnus affinis,223085.8,2879,77.49
2019-08-01,2019,8,Kannur,Oil Sardine,Sardinella longiceps,2736167.2,2087,1311.05
2019-08-01,2019,8,Kannur,Indian Mackerel,Rastrelliger kanagurta,503828.8,2087,241.41
2019-08-01,2019,8,Kannur,Seer Fish,Scomberomorus commerson,146542.4,2087,70.22
2019-08-01,2019,8,Kannur,Coastal Tuna,Euthynnus affinis,91541.4,2087,43.86
2019-08-01,2019,8,Kasaragod,Oil Sardine,Sardinella longiceps,900679.0,1231,731.66
2019-08-01,2019,8,Kasaragod,Indian Mackerel,Rastrelliger kanagurta,213760.7,1231,173.65
2019-08-01,2019,8,Kasaragod,Seer Fish,Scomberomorus commerson,29225.0,1231,23.74
2019-08-01,2019,8,Kasaragod,Coastal Tuna,Euthynnus affinis,47870.2,1231,38.89
2019-09-01,2019,9,Thiruvananthapuram,Oil Sardine,Sardinella longiceps,3707778.6,2343,1582.49
2019-09-01,2019,9,Thiruvananthapuram,Indian Mackerel,Rastrelliger kanagurta,969500.2,2343,413.79
2019-09-01,2019,9,Thiruvananthapuram,Seer Fish,Scomberomorus commerson,278598.2,2343,118.91
2019-09-01,2019,9,Thiruvananthapuram,Coastal Tuna,Euthynnus affinis,204820.3,2343,87.42
2019-09-01,2019,9,Kollam,Oil Sardine,Sardinella longiceps,11149623.2,2886,3863.35
2019-09-01,2019,9,Kollam,Indian Mackerel,Rastrelliger kanagurta,3009878.8,2886,1042.92
2019-09-01,2019,9,Kollam,Seer Fish,Scomberomorus commerson,548214.9,2886,189.96
2019-09-01,2019,9,Kollam,Coastal Tuna,Euthynnus affinis,660482.9,2886,228.86
2019-09-01,2019,9,Alappuzha,Oil Sardine,Sardinella longiceps,7044787.4,2438,2889.58
2019-09-01,2019,9,Alappuzha,Indian Mackerel,Rastrelliger kanagurta,1856916.5,2438,761.66
2019-09-01,2019,9,Alappuzha,Seer Fish,Scomberomorus commerson,293829.2,2438,120.52
2019-09-01,2019,9,Alappuzha,Coastal Tuna,Euthynnus affinis,334539.9,2438,137.22
2019-09-01,2019,9,Ernakulam,Oil Sardine,Sardinella longiceps,12600505.6,3273,3849.83
2019-09-01,2019,9,Ernakulam,Indian Mackerel,Rastrelliger kanagurta,3296605.4,3273,1007.21
2019-09-01,2019,9,Ernakulam,Seer Fish,Scomberomorus commerson,638071.3,3273,194.95
2019-09-01,2019,9,Ernakulam,Coastal Tuna,Euthynnus affinis,566941.7,3273,173.22
2019-09-01,2019,9,Thrissur,Oil Sardine,Sardinella longiceps,845045.7,1151,734.18
2019-09-01,2019,9,Thrissur,Indian Mackerel,Rastrelliger kanagurta,233582.3,1151,202.94
2019-09-01,2019,9,Thrissur,Seer Fish,Scomberomorus commerson,49819.6,1151,43.28
2019-09-01,2019,9,Thrissur,Coastal Tuna,Euthynnus affinis,54094.2,1151,47.0
2019-09-01,2019,9,Malappuram,Oil Sardine,Sardinella longiceps,2177745.1,1397,1558.87
2019-09-01,2019,9,Malappuram,Indian Mackerel,Rastrelliger kanagurta,585363.2,1397,419.01
2019-09-01,2019,9,Malappuram,Seer Fish,Scomberomorus commerson,118677.2,1397,84.95
2019-09-01,2019,9,Malappuram,Coastal Tuna,Euthynnus affinis,129985.1,1397,93.05
2019-09-01,2019,9,Kozhikode,Oil Sardine,Sardinella longiceps,9154798.7,2717,3369.45
2019-09-01,2019,9,Kozhikode,Indian Mackerel,Rastrelliger kanagurta,2498537.6,2717,919.59
2019-09-01,2019,9,Kozhikode,Seer Fish,Scomberomorus commerson,493480.1,2717,181.63
2019-09-01,2019,9,Kozhikode,Coastal Tuna,Euthynnus affinis,493136.4,2717,181.5
2019-09-01,2019,9,Kannur,Oil Sardine,Sardinella longiceps,4756259.5,2433,1954.89
2019-09-01,2019,9,Kannur,Indian Mackerel,Rastrelliger kanagurta,1254945.3,2433,515.8
2019-09-01,2019,9,Kannur,Seer Fish,Scomberomorus commerson,230594.9,2433,94.78
2019-09-01,2019,9,Kannur,Coastal Tuna,Euthynnus affinis,213941.2,2433,87.93
2019-09-01,2019,9,Kasaragod,Oil Sardine,Sardinella longiceps,1973142.6,1733,1138.57
2019-09-01,2019,9,Kasaragod,Indian Mackerel,Rastrelliger kanagurta,442813.5,1733,255.52
2019-09-01,2019,9,Kasaragod,Seer Fish,Scomberomorus commerson,103056.5,1733,59.47
2019-09-01,2019,9,Kasaragod,Coastal Tuna,Euthynnus affinis,58647.1,1733,33.84
2019-10-01,2019,10,Thiruvananthapuram,Oil Sardine,Sardinella longiceps,1197736.1,2165,553.23
2019-10-01,2019,10,Thiruvananthapuram,Indian Mackerel,Rastrelliger kanagurta,577263.4,2165,266.63
2019-10-01,2019,10,Thiruvananthapuram,Seer Fish,Scomberomorus commerson,142445.6,2165,65.79
2019-10-01,2019,10,Thiruvananthapuram,Coastal Tuna,Euthynnus affinis,191359.8,2165,88.39
2019-10-01,2019,10,Kollam,Oil Sardine,Sardinella longiceps,4189271.8,3662,1143.98
2019-10-01,2019,10,Kollam,Indian Mackerel,Rastrelliger kanagurta,1950940.7,3662,532.75
2019-10-01,2019,10,Kollam,Seer Fish,Scomberomorus commerson,507593.9,3662,138.61
2019-10-01,2019,10,Kollam,Coastal Tuna,Euthynnus affinis,731161.6,3662,199.66
2019-10-01,2019,10,Alappuzha,Oil Sardine,Sardinella longiceps,2053303.7,2549,805.53
2019-10-01,2019,10,Alappuzha,Indian Mackerel,Rastrelliger kanagurta,1114415.6,2549,437.2
2019-10-01,2019,10,Alappuzha,Seer Fish,Scomberomorus commerson,241672.9,2549,94.81
2019-10-01,2019,10,Alappuzha,Coastal Tuna,Euthynnus affinis,284293.7,2549,111.53
2019-10-01,2019,10,Ernakulam,Oil Sardine,Sardinella longiceps,3564490.6,2839,1255.54
2019-10-01,2019,10,Ernakulam,Indian Mackerel,Rastrelliger kanagurta,1749679.8,2839,616.3
2019-10-01,2019,10,Ernakulam,Seer Fish,Scomberomorus commerson,354011.4,2839,124.7
2019-10-01,2019,10,Ernakulam,Coastal Tuna,Euthynnus affinis,457225.7,2839,161.05
2019-10-01,2019,10,Thrissur,Oil Sardine,Sardinella longiceps,402070.7,1397,287.81
2019-10-01,2019,10,Thrissur,Indian Mackerel,Rastrelliger kanagurta,150266.0,1397,107.56
2019-10-01,2019,10,Thrissur,Seer Fish,Scomberomorus commerson,44202.5,1397,31.64
2019-10-01,2019,10,Thrissur,Coastal Tuna,Euthynnus affinis,39753.3,1397,28.46
2019-10-01,2019,10,Malappuram,Oil Sardine,Sardinella longiceps,923322.0,2003,460.97
2019-10-01,2019,10,Malappuram,Indian Mackerel,Rastrelliger kanagurta,617874.6,2003,308.47
2019-10-01,2019,10,Malappuram,Seer Fish,Scomberomorus commerson,95710.5,2003,47.78
2019-10-01,2019,10,Malappuram,Coastal Tuna,Euthynnus affinis,186673.4,2003,93.2
2019-10-01,2019,10,Kozhikode,Oil Sardine,Sardinella longiceps,3399908.0,2655,1280.57
2019-10-01,2019,10,Kozhikode,Indian Mackerel,Rastrelliger kanagurta,1117191.9,2655,420.79
2019-10-01,2019,10,Kozhikode,Seer Fish,Scomberomorus commerson,362574.5,2655,136.56
2019-10-01,2019,10,Kozhikode,Coastal Tuna,Euthynnus affinis,361482.3,2655,136.15
2019-10-01,2019,10,Kannur,Oil Sardine,Sardinella longiceps,1171804.6,1884,621.98
2019-10-01,2019,10,Kannur,Indian Mackerel,Rastrelliger kanagurta,563011.6,1884,298.84
2019-10-01,2019,10,Kannur,Seer Fish,Scomberomorus commerson,161575.7,1884,85.76
2019-10-01,2019,10,Kannur,Coastal Tuna,Euthynnus affinis,194521.3,1884,103.25
2019-10-01,2019,10,Kasaragod,Oil Sardine,Sardinella longiceps,568660.7,1562,364.06
2019-10-01,2019,10,Kasaragod,Indian Mackerel,Rastrelliger kanagurta,285406.3,1562,182.72
2019-10-01,2019,10,Kasaragod,Seer Fish,Scomberomorus commerson,60237.6,1562,38.56
2019-10-01,2019,10,Kasaragod,Coastal Tuna,Euthynnus affinis,78053.9,1562,49.97
2019-11-01,2019,11,Thiruvananthapuram,Oil Sardine,Sardinella longiceps,1298086.3,1870,694.16
2019-11-01,2019,11,Thiruvananthapuram,Indian Mackerel,Rastrelliger kanagurta,394156.3,1870,210.78
2019-11-01,2019,11,Thiruvananthapuram,Seer Fish,Scomberomorus commerson,119006.8,1870,63.64
2019-11-01,2019,11,Thiruvananthapuram,Coastal Tuna,Euthynnus affinis,129954.0,1870,69.49
2019-11-01,2019,11,Kollam,Oil Sardine,Sardinella longiceps,3561772.8,2859,1245.81
2019-11-01,2019,11,Kollam,Indian Mackerel,Rastrelliger kanagurta,1638274.6,2859,573.02
2019-11-01,2019,11,Kollam,Seer Fish,Scomberomorus commerson,431119.3,2859,150.79
2019-11-01,2019,11,Kollam,Coastal Tuna,Euthynnus affinis,343899.5,2859,120.29
2019-11-01,2019,11,Alappuzha,Oil Sardine,Sardinella longiceps,1855656.4,2378,780.34
2019-11-01,2019,11,Alappuzha,Indian Mackerel,Rastrelliger kanagurta,1095866.9,2378,460.84
2019-11-01,2019,11,Alappuzha,Seer Fish,Scomberomorus commerson,226562.7,2378,95.27
2019-11-01,2019,11,Alappuzha,Coastal Tuna,Euthynnus affinis,239553.0,2378,100.74
2019-11-01,2019,11,Ernakulam,Oil Sardine,Sardinella longiceps,3083157.3,2941,1048.34
2019-11-01,2019,11,Ernakulam,Indian Mackerel,Rastrelliger kanagurta,1691180.0,2941,575.04
2019-11-01,2019,11,Ernakulam,Seer Fish,Scomberomorus commerson,310934.7,2941,105.72
2019-11-01,2019,11,Ernakulam,Coastal Tuna,Euthynnus affinis,466887.8,2941,158.75
2019-11-01,2019,11,Thrissur,Oil Sardine,Sardinella longiceps,253228.8,1278,198.14
2019-11-01,2019,11,Thrissur,Indian Mackerel,Rastrelliger kanagurta,163668.8,1278,128.07
2019-11-01,2019,11,Thrissur,Seer Fish,Scomberomorus commerson,26038.0,1278,20.37
2019-11-01,2019,11,Thrissur,Coastal Tuna,Euthynnus affinis,54817.4,1278,42.89
2019-11-01,2019,11,Malappuram,Oil Sardine,Sardinella longiceps,997025.5,1934,515.53
2019-11-01,2019,11,Malappuram,Indian Mackerel,Rastrelliger kanagurta,421482.6,1934,217.93
2019-11-01,2019,11,Malappuram,Seer Fish,Scomberomorus commerson,106142.6,1934,54.88
2019-11-01,2019,11,Malappuram,Coastal Tuna,Euthynnus affinis,102264.0,1934,52.88
2019-11-01,2019,11,Kozhikode,Oil Sardine,Sardinella longiceps,3089207.2,2399,1287.71
2019-11-01,2019,11,Kozhikode,Indian Mackerel,Rastrelliger kanagurta,1167906.5,2399,486.83
2019-11-01,2019,11,Kozhikode,Seer Fish,Scomberomorus commerson,275614.8,2399,114.89
2019-11-01,2019,11,Kozhikode,Coastal Tuna,Euthynnus affinis,290685.8,2399,121.17
2019-11-01,2019,11,Kannur,Oil Sardine,Sardinella longiceps,1297711.2,1857,698.82
2019-11-01,2019,11,Kannur,Indian Mackerel,Rastrelliger kanagurta,438219.9,1857,235.98
2019-11-01,2019,11,Kannur,Seer Fish,Scomberomorus commerson,126684.0,1857,68.22
2019-11-01,2019,11,Kannur,Coastal Tuna,Euthynnus affinis,157238.5,1857,84.67
2019-11-01,2019,11,Kasaragod,Oil Sardine,Sardinella longiceps,610447.4,1848,330.33
2019-11-01,2019,11,Kasaragod,Indian Mackerel,Rastrelliger kanagurta,199398.1,1848,107.9
2019-11-01,2019,11,Kasaragod,Seer Fish,Scomberomorus commerson,67680.8,1848,36.62
2019-11-01,2019,11,Kasaragod,Coastal Tuna,Euthynnus affinis,69491.3,1848,37.6
2019-12-01,2019,12,Thiruvananthapuram,Oil Sardine,Sardinella longiceps,1097497.3,2158,508.57
2019-12-01,2019,12,Thiruvananthapuram,Indian Mackerel,Rastrelliger kanagurta,475939.0,2158,220.55
2019-12-01,2019,12,Thiruvananthapuram,Seer Fish,Scomberomorus commerson,148397.5,2158,68.77
2019-12-01,2019,12,Thiruvananthapuram,Coastal Tuna,Euthynnus affinis,114137.9,2158,52.89
2019-12-01,2019,12,Kollam,Oil Sardine,Sardinella longiceps,2704721.7,2636,1026.07
2019-12-01,2019,12,Kollam,Indian Mackerel,Rastrelliger kanagurta,1111806.0,2636,421.78
2019-12-01,2019,12,Kollam,Seer Fish,Scomberomorus commerson,316344.6,2636,120.01
2019-12-01,2019,12,Kollam,Coastal Tuna,Euthynnus affinis,264035.6,2636,100.17
2019-12-01,2019,12,Alappuzha,Oil Sardine,Sardinella longiceps,1563446.9,1992,784.86
2019-12-01,2019,12,Alappuzha,Indian Mackerel,Rastrelliger kanagurta,648174.4,1992,325.39
2019-12-01,2019,12,Alappuzha,Seer Fish,Scomberomorus commerson,147437.2,1992,74.01
2019-12-01,2019,12,Alappuzha,Coastal Tuna,Euthynnus affinis,152489.3,1992,76.55
2019-12-01,2019,12,Ernakulam,Oil Sardine,Sardinella longiceps,2911151.5,2741,1062.08
2019-12-01,2019,12,Ernakulam,Indian Mackerel,Rastrelliger kanagurta,1361889.3,2741,496.86
2019-12-01,2019,12,Ernakulam,Seer Fish,Scomberomorus commerson,329809.9,2741,120.32
2019-12-01,2019,12,Ernakulam,Coastal Tuna,Euthynnus affinis,255348.5,2741,93.16
2019-12-01,2019,12,Thrissur,Oil Sardine,Sardinella longiceps,280026.8,1219,229.72
2019-12-01,2019,12,Thrissur,Indian Mackerel,Rastrelliger kanagurta,126210.4,1219,103.54
2019-12-01,2019,12,Thrissur,Seer Fish,Scomberomorus commerson,27170.1,1219,22.29
2019-12-01,2019,12,Thrissur,Coastal Tuna,Euthynnus affinis,29707.4,1219,24.37
2019-12-01,2019,12,Malappuram,Oil Sardine,Sardinella longiceps,945881.6,1822,519.14
2019-12-01,2019,12,Malappuram,Indian Mackerel,Rastrelliger kanagurta,282623.7,1822,155.12
2019-12-01,2019,12,Malappuram,Seer Fish,Scomberomorus commerson,89742.6,1822,49.25
2019-12-01,2019,12,Malappuram,Coastal Tuna,Euthynnus affinis,98011.4,1822,53.79
2019-12-01,2019,12,Kozhikode,Oil Sardine,Sardinella longiceps,2614277.9,2742,953.42
2019-12-01,2019,12,Kozhikode,Indian Mackerel,Rastrelliger kanagurta,1396437.8,2742,509.28
2019-12-01,2019,12,Kozhikode,Seer Fish,Scomberomorus commerson,252969.9,2742,92.26
2019-12-01,2019,12,Kozhikode,Coastal Tuna,Euthynnus affinis,336148.4,2742,122.59
2019-12-01,2019,12,Kannur,Oil Sardine,Sardinella longiceps,1010239.6,2208,457.54
2019-12-01,2019,12,Kannur,Indian Mackerel,Rastrelliger kanagurta,552405.5,2208,250.18
2019-12-01,2019,12,Kannur,Seer Fish,Scomberomorus commerson,103365.8,2208,46.81
2019-12-01,2019,12,Kannur,Coastal Tuna,Euthynnus affinis,141281.8,2208,63.99
2019-12-01,2019,12,Kasaragod,Oil Sardine,Sardinella longiceps,531815.2,2010,264.58
2019-12-01,2019,12,Kasaragod,Indian Mackerel,Rastrelliger kanagurta,163777.1,2010,81.48
2019-12-01,2019,12,Kasaragod,Seer Fish,Scomberomorus commerson,60007.4,2010,29.85
2019-12-01,2019,12,Kasaragod,Coastal Tuna,Euthynnus affinis,76022.1,2010,37.82
2020-01-01,2020,1,Thiruvananthapuram,Oil Sardine,Sardinella longiceps,1265418.1,2046,618.48
2020-01-01,2020,1,Thiruvananthapuram,Indian Mackerel,Rastrelliger kanagurta,572067.8,2046,279.6
2020-01-01,2020,1,Thiruvananthapuram,Seer Fish,Scomberomorus commerson,144235.9,2046,70.5
2020-01-01,2020,1,Thiruvananthapuram,Coastal Tuna,Euthynnus affinis,105027.4,2046,51.33
2020-01-01,2020,1,Kollam,Oil Sardine,Sardinella longiceps,7153666.4,4166,1717.15
2020-01-01,2020,1,Kollam,Indian Mackerel,Rastrelliger kanagurta,2299360.8,4166,551.93
2020-01-01,2020,1,Kollam,Seer Fish,Scomberomorus commerson,510310.2,4166,122.49
2020-01-01,2020,1,Kollam,Coastal Tuna,Euthynnus affinis,659096.3,4166,158.21
2020-01-01,2020,1,Alappuzha,Oil Sardine,Sardinella longiceps,2712803.2,2366,1146.58
2020-01-01,2020,1,Alappuzha,Indian Mackerel,Rastrelliger kanagurta,986113.9,2366,416.79
2020-01-01,2020,1,Alappuzha,Seer Fish,Scomberomorus commerson,228568.8,2366,96.61
2020-01-01,2020,1,Alappuzha,Coastal Tuna,Euthynnus affinis,215166.0,2366,90.94
2020-01-01,2020,1,Ernakulam,Oil Sardine,Sardinella longiceps,3872076.8,2569,1507.23
2020-01-01,2020,1,Ernakulam,Indian Mackerel,Rastrelliger kanagurta,1453319.0,2569,565.71
2020-01-01,2020,1,Ernakulam,Seer Fish,Scomberomorus commerson,337630.7,2569,131.42
2020-01-01,2020,1,Ernakulam,Coastal Tuna,Euthynnus affinis,325566.7,2569,126.73
2020-01-01,2020,1,Thrissur,Oil Sardine,Sardinella longiceps,494751.3,1388,356.45
2020-01-01,2020,1,Thrissur,Indian Mackerel,Rastrelliger kanagurta,161282.4,1388,116.2
2020-01-01,2020,1,Thrissur,Seer Fish,Scomberomorus commerson,28157.5,1388,20.29
2020-01-01,2020,1,Thrissur,Coastal Tuna,Euthynnus affinis,50314.5,1388,36.25
2020-01-01,2020,1,Malappuram,Oil Sardine,Sardinella longiceps,1842431.0,2117,870.3
2020-01-01,2020,1,Malappuram,Indian Mackerel,Rastrelliger kanagurta,460108.6,2117,217.34
2020-01-01,2020,1,Malappuram,Seer Fish,Scomberomorus commerson,89041.5,2117,42.06
2020-01-01,2020,1,Malappuram,Coastal Tuna,Euthynnus affinis,129683.9,2117,61.26
2020-01-01,2020,1,Kozhikode,Oil Sardine,Sardinella longiceps,3986408.8,2705,1473.72
2020-01-01,2020,1,Kozhikode,Indian Mackerel,Rastrelliger kanagurta,1536713.1,2705,568.1
2020-01-01,2020,1,Kozhikode,Seer Fish,Scomberomorus commerson,292179.7,2705,108.01
2020-01-01,2020,1,Kozhikode,Coastal Tuna,Euthynnus affinis,306087.5,2705,113.16
2020-01-01,2020,1,Kannur,Oil Sardine,Sardinella longiceps,2061747.4,2266,909.86
2020-01-01,2020,1,Kannur,Indian Mackerel,Rastrelliger kanagurta,553494.8,2266,244.26
2020-01-01,2020,1,Kannur,Seer Fish,Scomberomorus commerson,155499.6,2266,68.62
2020-01-01,2020,1,Kannur,Coastal Tuna,Euthynnus affinis,160415.3,2266,70.79
2020-01-01,2020,1,Kasaragod,Oil Sardine,Sardinella longiceps,881241.4,1668,528.32
2020-01-01,2020,1,Kasaragod,Indian Mackerel,Rastrelliger kanagurta,261503.0,1668,156.78
2020-01-01,2020,1,Kasaragod,Seer Fish,Scomberomorus commerson,73131.8,1668,43.84
2020-01-01,2020,1,Kasaragod,Coastal Tuna,Euthynnus affinis,51107.6,1668,30.64
2020-02-01,2020,2,Thiruvananthapuram,Oil Sardine,Sardinella longiceps,1807549.1,2019,895.27
2020-02-01,2020,2,Thiruvananthapuram,Indian Mackerel,Rastrelliger kanagurta,498666.6,2019,246.99
2020-02-01,2020,2,Thiruvananthapuram,Seer Fish,Scomberomorus commerson,176993.9,2019,87.66
2020-02-01,2020,2,Thiruvananthapuram,Coastal Tuna,Euthynnus affinis,206650.9,2019,102.35
2020-02-01,2020,2,Kollam,Oil Sardine,Sardinella longiceps,5963881.5,3162,1886.11
2020-02-01,2020,2,Kollam,Indian Mackerel,Rastrelliger kanagurta,2916777.5,3162,922.45
2020-02-01,2020,2,Kollam,Seer Fish,Scomberomorus commerson,585847.7,3162,185.28
2020-02-01,2020,2,Kollam,Coastal Tuna,Euthynnus affinis,671143.6,3162,212.25
2020-02-01,2020,2,Alappuzha,Oil Sardine,Sardinella longiceps,3541088.2,2727,1298.53
2020-02-01,2020,2,Alappuzha,Indian Mackerel,Rastrelliger kanagurta,1428406.8,2727,523.8
2020-02-01,2020,2,Alappuzha,Seer Fish,Scomberomorus commerson,330113.3,2727,121.05
2020-02-01,2020,2,Alappuzha,Coastal Tuna,Euthynnus affinis,385745.1,2727,141.45
2020-02-01,2020,2,Ernakulam,Oil Sardine,Sardinella longiceps,4515199.1,2720,1660.0
2020-02-01,2020,2,Ernakulam,Indian Mackerel,Rastrelliger kanagurta,1933486.5,2720,710.84
2020-02-01,2020,2,Ernakulam,Seer Fish,Scomberomorus commerson,445049.7,2720,163.62
2020-02-01,2020,2,Ernakulam,Coastal Tuna,Euthynnus affinis,563722.8,2720,207.25
2020-02-01,2020,2,Thrissur,Oil Sardine,Sardinella longiceps,517285.7,1325,390.4
2020-02-01,2020,2,Thrissur,Indian Mackerel,Rastrelliger kanagurta,263051.0,1325,198.53
2020-02-01,2020,2,Thrissur,Seer Fish,Scomberomorus commerson,44292.1,1325,33.43
2020-02-01,2020,2,Thrissur,Coastal Tuna,Euthynnus affinis,67689.7,1325,51.09
2020-02-01,2020,2,Malappuram,Oil Sardine,Sardinella longiceps,1573647.4,2069,760.58
2020-02-01,2020,2,Malappuram,Indian Mackerel,Rastrelliger kanagurta,616910.2,2069,298.17
2020-02-01,2020,2,Malappuram,Seer Fish,Scomberomorus commerson,169340.6,2069,81.85
2020-02-01,2020,2,Malappuram,Coastal Tuna,Euthynnus affinis,152777.9,2069,73.84
2020-02-01,2020,2,Kozhikode,Oil Sardine,Sardinella longiceps,5181542.0,3239,1599.74
2020-02-01,2020,2,Kozhikode,Indian Mackerel,Rastrelliger kanagurta,1940786.6,3239,599.19
2020-02-01,2020,2,Kozhikode,Seer Fish,Scomberomorus commerson,494441.3,3239,152.65
2020-02-01,2020,2,Kozhikode,Coastal Tuna,Euthynnus affinis,603699.1,3239,186.38
2020-02-01,2020,2,Kannur,Oil Sardine,Sardinella longiceps,1867508.9,2049,911.42
2020-02-01,2020,2,Kannur,Indian Mackerel,Rastrelliger kanagurta,699909.8,2049,341.59
2020-02-01,2020,2,Kannur,Seer Fish,Scomberomorus commerson,153726.0,2049,75.02
2020-02-01,2020,2,Kannur,Coastal Tuna,Euthynnus affinis,226525.3,2049,110.55
2020-02-01,2020,2,Kasaragod,Oil Sardine,Sardinella longiceps,809611.5,1515,534.4
2020-02-01,2020,2,Kasaragod,Indian Mackerel,Rastrelliger kanagurta,245846.9,1515,162.28
2020-02-01,2020,2,Kasaragod,Seer Fish,Scomberomorus commerson,99707.7,1515,65.81
2020-02-01,2020,2,Kasaragod,Coastal Tuna,Euthynnus affinis,55832.3,1515,36.85
2020-03-01,2020,3,Thiruvananthapuram,Oil Sardine,Sardinella longiceps,248558.7,775,320.72
2020-03-01,2020,3,Thiruvananthapuram,Indian Mackerel,Rastrelliger kanagurta,227778.7,775,293.91
2020-03-01,2020,3,Thiruvananthapuram,Seer Fish,Scomberomorus commerson,61501.0,775,79.36
2020-03-01,2020,3,Thiruvananthapuram,Coastal Tuna,Euthynnus affinis,92703.7,775,119.62
2020-03-01,2020,3,Kollam,Oil Sardine,Sardinella longiceps,679481.7,816,832.7
2020-03-01,2020,3,Kollam,Indian Mackerel,Rastrelliger kanagurta,503882.5,816,617.5
2020-03-01,2020,3,Kollam,Seer Fish,Scomberomorus commerson,135209.7,816,165.7
2020-03-01,2020,3,Kollam,Coastal Tuna,Euthynnus affinis,175631.6,816,215.23
2020-03-01,2020,3,Alappuzha,Oil Sardine,Sardinella longiceps,437357.2,799,547.38
2020-03-01,2020,3,Alappuzha,Indian Mackerel,Rastrelliger kanagurta,300877.1,799,376.57
2020-03-01,2020,3,Alappuzha,Seer Fish,Scomberomorus commerson,92762.4,799,116.1
2020-03-01,2020,3,Alappuzha,Coastal Tuna,Euthynnus affinis,149225.9,799,186.77
2020-03-01,2020,3,Ernakulam,Oil Sardine,Sardinella longiceps,755175.8,1044,723.35
2020-03-01,2020,3,Ernakulam,Indian Mackerel,Rastrelliger kanagurta,626647.3,1044,600.24
2020-03-01,2020,3,Ernakulam,Seer Fish,Scomberomorus commerson,156690.8,1044,150.09
2020-03-01,2020,3,Ernakulam,Coastal Tuna,Euthynnus affinis,209216.4,1044,200.4
2020-03-01,2020,3,Thrissur,Oil Sardine,Sardinella longiceps,76305.3,481,158.64
2020-03-01,2020,3,Thrissur,Indian Mackerel,Rastrelliger kanagurta,62908.0,481,130.79
2020-03-01,2020,3,Thrissur,Seer Fish,Scomberomorus commerson,13486.3,481,28.04
2020-03-01,2020,3,Thrissur,Coastal Tuna,Euthynnus affinis,19755.3,481,41.07
2020-03-01,2020,3,Malappuram,Oil Sardine,Sardinella longiceps,190654.1,641,297.43
2020-03-01,2020,3,Malappuram,Indian Mackerel,Rastrelliger kanagurta,202338.7,641,315.66
2020-03-01,2020,3,Malappuram,Seer Fish,Scomberomorus commerson,40313.6,641,62.89
2020-03-01,2020,3,Malappuram,Coastal Tuna,Euthynnus affinis,59555.4,641,92.91
2020-03-01,2020,3,Kozhikode,Oil Sardine,Sardinella longiceps,585976.9,860,681.37
2020-03-01,2020,3,Kozhikode,Indian Mackerel,Rastrelliger kanagurta,434199.1,860,504.88
2020-03-01,2020,3,Kozhikode,Seer Fish,Scomberomorus commerson,160405.4,860,186.52
2020-03-01,2020,3,Kozhikode,Coastal Tuna,Euthynnus affinis,169303.0,860,196.86
2020-03-01,2020,3,Kannur,Oil Sardine,Sardinella longiceps,287251.9,633,453.79
2020-03-01,2020,3,Kannur,Indian Mackerel,Rastrelliger kanagurta,178665.3,633,282.25
2020-03-01,2020,3,Kannur,Seer Fish,Scomberomorus commerson,62242.5,633,98.33
2020-03-01,2020,3,Kannur,Coastal Tuna,Euthynnus affinis,71731.3,633,113.32
2020-03-01,2020,3,Kasaragod,Oil Sardine,Sardinella longiceps,85637.0,550,155.7
2020-03-01,2020,3,Kasaragod,Indian Mackerel,Rastrelliger kanagurta,93182.3,550,169.42
2020-03-01,2020,3,Kasaragod,Seer Fish,Scomberomorus commerson,22261.9,550,40.48
2020-03-01,2020,3,Kasaragod,Coastal Tuna,Euthynnus affinis,24964.5,550,45.39
2020-04-01,2020,4,Thiruvananthapuram,Oil Sardine,Sardinella longiceps,211567.2,704,300.52
2020-04-01,2020,4,Thiruvananthapuram,Indian Mackerel,Rastrelliger kanagurta,202030.6,704,286.98
2020-04-01,2020,4,Thiruvananthapuram,Seer Fish,Scomberomorus commerson,59303.7,704,84.24
2020-04-01,2020,4,Thiruvananthapuram,Coastal Tuna,Euthynnus affinis,77190.6,704,109.65
2020-04-01,2020,4,Kollam,Oil Sardine,Sardinella longiceps,787383.6,1266,621.95
2020-04-01,2020,4,Kollam,Indian Mackerel,Rastrelliger kanagurta,582743.8,1266,460.3
2020-04-01,2020,4,Kollam,Seer Fish,Scomberomorus commerson,201581.8,1266,159.23
2020-04-01,2020,4,Kollam,Coastal Tuna,Euthynnus affinis,254205.2,1266,200.79
2020-04-01,2020,4,Alappuzha,Oil Sardine,Sardinella longiceps,345456.9,809,427.02
2020-04-01,2020,4,Alappuzha,Indian Mackerel,Rastrelliger kanagurta,251917.6,809,311.39
2020-04-01,2020,4,Alappuzha,Seer Fish,Scomberomorus commerson,82056.3,809,101.43
2020-04-01,2020,4,Alappuzha,Coastal Tuna,Euthynnus affinis,121301.2,809,149.94
2020-04-01,2020,4,Ernakulam,Oil Sardine,Sardinella longiceps,768172.4,1026,748.71
2020-04-01,2020,4,Ernakulam,Indian Mackerel,Rastrelliger kanagurta,489379.8,1026,476.98
2020-04-01,2020,4,Ernakulam,Seer Fish,Scomberomorus commerson,145685.2,1026,141.99
2020-04-01,2020,4,Ernakulam,Coastal Tuna,Euthynnus affinis,213372.5,1026,207.97
2020-04-01,2020,4,Thrissur,Oil Sardine,Sardinella longiceps,51745.0,497,104.11
2020-04-01,2020,4,Thrissur,Indian Mackerel,Rastrelliger kanagurta,68642.9,497,138.11
2020-04-01,2020,4,Thrissur,Seer Fish,Scomberomorus commerson,16492.7,497,33.18
2020-04-01,2020,4,Thrissur,Coastal Tuna,Euthynnus affinis,24369.6,497,49.03
2020-04-01,2020,4,Malappuram,Oil Sardine,Sardinella longiceps,190442.3,699,272.45
2020-04-01,2020,4,Malappuram,Indian Mackerel,Rastrelliger kanagurta,179732.4,699,257.13
2020-04-01,2020,4,Malappuram,Seer Fish,Scomberomorus commerson,45469.1,699,65.05
2020-04-01,2020,4,Malappuram,Coastal Tuna,Euthynnus affinis,59259.9,699,84.78
2020-04-01,2020,4,Kozhikode,Oil Sardine,Sardinella longiceps,583249.4,982,593.94
2020-04-01,2020,4,Kozhikode,Indian Mackerel,Rastrelliger kanagurta,564797.2,982,575.15
2020-04-01,2020,4,Kozhikode,Seer Fish,Scomberomorus commerson,143871.5,982,146.51
2020-04-01,2020,4,Kozhikode,Coastal Tuna,Euthynnus affinis,178623.1,982,181.9
2020-04-01,2020,4,Kannur,Oil Sardine,Sardinella longiceps,308526.8,704,438.25
2020-04-01,2020,4,Kannur,Indian Mackerel,Rastrelliger kanagurta,202328.9,704,287.4
2020-04-01,2020,4,Kannur,Seer Fish,Scomberomorus commerson,54895.4,704,77.98
2020-04-01,2020,4,Kannur,Coastal Tuna,Euthynnus affinis,77496.8,704,110.08
2020-04-01,2020,4,Kasaragod,Oil Sardine,Sardinella longiceps,75305.5,429,175.54
2020-04-01,2020,4,Kasaragod,Indian Mackerel,Rastrelliger kanagurta,56231.3,429,131.08
2020-04-01,2020,4,Kasaragod,Seer Fish,Scomberomorus commerson,14930.4,429,34.8
2020-04-01,2020,4,Kasaragod,Coastal Tuna,Euthynnus affinis,23938.5,429,55.8
2020-05-01,2020,5,Thiruvananthapuram,Oil Sardine,Sardinella longiceps,366878.9,675,543.52
2020-05-01,2020,5,Thiruvananthapuram,Indian Mackerel,Rastrelliger kanagurta,246138.9,675,364.65
2020-05-01,2020,5,Thiruvananthapuram,Seer Fish,Scomberomorus commerson,64915.6,675,96.17
2020-05-01,2020,5,Thiruvananthapuram,Coastal Tuna,Euthynnus affinis,84297.4,675,124.89
2020-05-01,2020,5,Kollam,Oil Sardine,Sardinella longiceps,1615208.2,991,1629.88
2020-05-01,2020,5,Kollam,Indian Mackerel,Rastrelliger kanagurta,683835.2,991,690.05
2020-05-01,2020,5,Kollam,Seer Fish,Scomberomorus commerson,231665.2,991,233.77
2020-05-01,2020,5,Kollam,Coastal Tuna,Euthynnus affinis,262648.8,991,265.03
2020-05-01,2020,5,Alappuzha,Oil Sardine,Sardinella longiceps,758196.3,900,842.44
2020-05-01,2020,5,Alappuzha,Indian Mackerel,Rastrelliger kanagurta,506733.4,900,563.04
2020-05-01,2020,5,Alappuzha,Seer Fish,Scomberomorus commerson,122042.1,900,135.6
2020-05-01,2020,5,Alappuzha,Coastal Tuna,Euthynnus affinis,183316.1,900,203.68
2020-05-01,2020,5,Ernakulam,Oil Sardine,Sardinella longiceps,1482597.1,1101,1346.59
2020-05-01,2020,5,Ernakulam,Indian Mackerel,Rastrelliger kanagurta,701659.2,1101,637.29
2020-05-01,2020,5,Ernakulam,Seer Fish,Scomberomorus commerson,226940.5,1101,206.12
2020-05-01,2020,5,Ernakulam,Coastal Tuna,Euthynnus affinis,285893.7,1101,259.67
2020-05-01,2020,5,Thrissur,Oil Sardine,Sardinella longiceps,99731.0,446,223.61
2020-05-01,2020,5,Thrissur,Indian Mackerel,Rastrelliger kanagurta,70202.4,446,157.4
2020-05-01,2020,5,Thrissur,Seer Fish,Scomberomorus commerson,21471.4,446,48.14
2020-05-01,2020,5,Thrissur,Coastal Tuna,Euthynnus affinis,26226.1,446,58.8
2020-05-01,2020,5,Malappuram,Oil Sardine,Sardinella longiceps,304072.9,621,489.65
2020-05-01,2020,5,Malappuram,Indian Mackerel,Rastrelliger kanagurta,184674.5,621,297.38
2020-05-01,2020,5,Malappuram,Seer Fish,Scomberomorus commerson,47179.6,621,75.97
2020-05-01,2020,5,Malappuram,Coastal Tuna,Euthynnus affinis,72253.3,621,116.35
2020-05-01,2020,5,Kozhikode,Oil Sardine,Sardinella longiceps,1127053.5,943,1195.18
2020-05-01,2020,5,Kozhikode,Indian Mackerel,Rastrelliger kanagurta,621092.3,943,658.63
2020-05-01,2020,5,Kozhikode,Seer Fish,Scomberomorus commerson,188143.4,943,199.52
2020-05-01,2020,5,Kozhikode,Coastal Tuna,Euthynnus affinis,238493.2,943,252.91
2020-05-01,2020,5,Kannur,Oil Sardine,Sardinella longiceps,561668.4,820,684.96
2020-05-01,2020,5,Kannur,Indian Mackerel,Rastrelliger kanagurta,293466.7,820,357.89
2020-05-01,2020,5,Kannur,Seer Fish,Scomberomorus commerson,82778.5,820,100.95
2020-05-01,2020,5,Kannur,Coastal Tuna,Euthynnus affinis,109414.6,820,133.43
2020-05-01,2020,5,Kasaragod,Oil Sardine,Sardinella longiceps,249726.7,564,442.78
2020-05-01,2020,5,Kasaragod,Indian Mackerel,Rastrelliger kanagurta,99286.3,564,176.04
2020-05-01,2020,5,Kasaragod,Seer Fish,Scomberomorus commerson,32598.5,564,57.8
2020-05-01,2020,5,Kasaragod,Coastal Tuna,Euthynnus affinis,38434.0,564,68.15
2020-06-01,2020,6,Thiruvananthapuram,Oil Sardine,Sardinella longiceps,1459577.6,382,3820.88
2020-06-01,2020,6,Thiruvananthapuram,Indian Mackerel,Rastrelliger kanagurta,390992.2,382,1023.54
2020-06-01,2020,6,Thiruvananthapuram,Seer Fish,Scomberomorus commerson,76981.0,382,201.52
2020-06-01,2020,6,Thiruvananthapuram,Coastal Tuna,Euthynnus affinis,78470.7,382,205.42
2020-06-01,2020,6,Kollam,Oil Sardine,Sardinella longiceps,6718492.0,708,9489.4
2020-06-01,2020,6,Kollam,Indian Mackerel,Rastrelliger kanagurta,1494057.3,708,2110.25
2020-06-01,2020,6,Kollam,Seer Fish,Scomberomorus commerson,330229.0,708,466.43
2020-06-01,2020,6,Kollam,Coastal Tuna,Euthynnus affinis,389264.5,708,549.81
2020-06-01,2020,6,Alappuzha,Oil Sardine,Sardinella longiceps,3480220.2,585,5949.09
2020-06-01,2020,6,Alappuzha,Indian Mackerel,Rastrelliger kanagurta,942099.5,585,1610.43
2020-06-01,2020,6,Alappuzha,Seer Fish,Scomberomorus commerson,147210.7,585,251.64
2020-06-01,2020,6,Alappuzha,Coastal Tuna,Euthynnus affinis,209784.0,585,358.61
2020-06-01,2020,6,Ernakulam,Oil Sardine,Sardinella longiceps,4823920.8,601,8026.49
2020-06-01,2020,6,Ernakulam,Indian Mackerel,Rastrelliger kanagurta,1264392.9,601,2103.82
2020-06-01,2020,6,Ernakulam,Seer Fish,Scomberomorus commerson,267646.8,601,445.34
2020-06-01,2020,6,Ernakulam,Coastal Tuna,Euthynnus affinis,329716.1,601,548.61
2020-06-01,2020,6,Thrissur,Oil Sardine,Sardinella longiceps,477587.3,312,1530.73
2020-06-01,2020,6,Thrissur,Indian Mackerel,Rastrelliger kanagurta,138864.2,312,445.08
2020-06-01,2020,6,Thrissur,Seer Fish,Scomberomorus commerson,27513.2,312,88.18
2020-06-01,2020,6,Thrissur,Coastal Tuna,Euthynnus affinis,37952.9,312,121.64
2020-06-01,2020,6,Malappuram,Oil Sardine,Sardinella longiceps,959694.0,304,3156.89
2020-06-01,2020,6,Malappuram,Indian Mackerel,Rastrelliger kanagurta,295482.6,304,971.98
2020-06-01,2020,6,Malappuram,Seer Fish,Scomberomorus commerson,52511.1,304,172.73
2020-06-01,2020,6,Malappuram,Coastal Tuna,Euthynnus affinis,59094.0,304,194.39
2020-06-01,2020,6,Kozhikode,Oil Sardine,Sardinella longiceps,3928887.7,561,7003.36
2020-06-01,2020,6,Kozhikode,Indian Mackerel,Rastrelliger kanagurta,1126434.1,561,2007.9
2020-06-01,2020,6,Kozhikode,Seer Fish,Scomberomorus commerson,232312.4,561,414.1
2020-06-01,2020,6,Kozhikode,Coastal Tuna,Euthynnus affinis,210035.0,561,374.39
2020-06-01,2020,6,Kannur,Oil Sardine,Sardinella longiceps,1855978.4,448,4142.81
2020-06-01,2020,6,Kannur,Indian Mackerel,Rastrelliger kanagurta,608249.6,448,1357.7
2020-06-01,2020,6,Kannur,Seer Fish,Scomberomorus commerson,89246.5,448,199.21
2020-06-01,2020,6,Kannur,Coastal Tuna,Euthynnus affinis,124778.6,448,278.52
2020-06-01,2020,6,Kasaragod,Oil Sardine,Sardinella longiceps,661626.4,285,2321.5
2020-06-01,2020,6,Kasaragod,Indian Mackerel,Rastrelliger kanagurta,176439.0,285,619.08
2020-06-01,2020,6,Kasaragod,Seer Fish,Scomberomorus commerson,36868.3,285,129.36
2020-06-01,2020,6,Kasaragod,Coastal Tuna,Euthynnus affinis,38189.5,285,134.0
2020-07-01,2020,7,Thiruvananthapuram,Oil Sardine,Sardinella longiceps,987183.7,346,2853.13
2020-07-01,2020,7,Thiruvananthapuram,Indian Mackerel,Rastrelliger kanagurta,230528.6,346,666.27
2020-07-01,2020,7,Thiruvananthapuram,Seer Fish,Scomberomorus commerson,41049.4,346,118.64
2020-07-01,2020,7,Thiruvananthapuram,Coastal Tuna,Euthynnus affinis,38483.6,346,111.22
2020-07-01,2020,7,Kollam,Oil Sardine,Sardinella longiceps,4424063.2,736,6010.96
2020-07-01,2020,7,Kollam,Indian Mackerel,Rastrelliger kanagurta,1203388.0,736,1635.04
2020-07-01,2020,7,Kollam,Seer Fish,Scomberomorus commerson,191067.1,736,259.6
2020-07-01,2020,7,Kollam,Coastal Tuna,Euthynnus affinis,162650.9,736,220.99
2020-07-01,2020,7,Alappuzha,Oil Sardine,Sardinella longiceps,2012549.3,532,3782.99
2020-07-01,2020,7,Alappuzha,Indian Mackerel,Rastrelliger kanagurta,547015.6,532,1028.22
2020-07-01,2020,7,Alappuzha,Seer Fish,Scomberomorus commerson,101829.5,532,191.41
2020-07-01,2020,7,Alappuzha,Coastal Tuna,Euthynnus affinis,115236.3,532,216.61
2020-07-01,2020,7,Ernakulam,Oil Sardine,Sardinella longiceps,2822185.0,475,5941.44
2020-07-01,2020,7,Ernakulam,Indian Mackerel,Rastrelliger kanagurta,531281.4,475,1118.49
2020-07-01,2020,7,Ernakulam,Seer Fish,Scomberomorus commerson,119432.9,475,251.44
2020-07-01,2020,7,Ernakulam,Coastal Tuna,Euthynnus affinis,100795.7,475,212.2
2020-07-01,2020,7,Thrissur,Oil Sardine,Sardinella longiceps,307253.7,306,1004.1
2020-07-01,2020,7,Thrissur,Indian Mackerel,Rastrelliger kanagurta,97718.6,306,319.34
2020-07-01,2020,7,Thrissur,Seer Fish,Scomberomorus commerson,14342.6,306,46.87
2020-07-01,2020,7,Thrissur,Coastal Tuna,Euthynnus affinis,13787.7,306,45.06
2020-07-01,2020,7,Malappuram,Oil Sardine,Sardinella longiceps,529466.2,234,2262.68
2020-07-01,2020,7,Malappuram,Indian Mackerel,Rastrelliger kanagurta,118328.7,234,505.68
2020-07-01,2020,7,Malappuram,Seer Fish,Scomberomorus commerson,27701.9,234,118.38
2020-07-01,2020,7,Malappuram,Coastal Tuna,Euthynnus affinis,20169.5,234,86.19
2020-07-01,2020,7,Kozhikode,Oil Sardine,Sardinella longiceps,2252729.7,434,5190.62
2020-07-01,2020,7,Kozhikode,Indian Mackerel,Rastrelliger kanagurta,497817.8,434,1147.05
2020-07-01,2020,7,Kozhikode,Seer Fish,Scomberomorus commerson,101780.2,434,234.52
2020-07-01,2020,7,Kozhikode,Coastal Tuna,Euthynnus affinis,86831.4,434,200.07
2020-07-01,2020,7,Kannur,Oil Sardine,Sardinella longiceps,1462470.9,431,3393.2
2020-07-01,2020,7,Kannur,Indian Mackerel,Rastrelliger kanagurta,346305.4,431,803.49
2020-07-01,2020,7,Kannur,Seer Fish,Scomberomorus commerson,50640.9,431,117.5
2020-07-01,2020,7,Kannur,Coastal Tuna,Euthynnus affinis,57102.2,431,132.49
2020-07-01,2020,7,Kasaragod,Oil Sardine,Sardinella longiceps,522287.4,312,1674.0
2020-07-01,2020,7,Kasaragod,Indian Mackerel,Rastrelliger kanagurta,115132.3,312,369.01
2020-07-01,2020,7,Kasaragod,Seer Fish,Scomberomorus commerson,24565.5,312,78.74
2020-07-01,2020,7,Kasaragod,Coastal Tuna,Euthynnus affinis,14646.1,312,46.94
2020-08-01,2020,8,Thiruvananthapuram,Oil Sardine,Sardinella longiceps,3319390.8,1432,2318.01
2020-08-01,2020,8,Thiruvananthapuram,Indian Mackerel,Rastrelliger kanagurta,916642.4,1432,640.11
2020-08-01,2020,8,Thiruvananthapuram,Seer Fish,Scomberomorus commerson,181910.4,1432,127.03
2020-08-01,2020,8,Thiruvananthapuram,Coastal Tuna,Euthynnus affinis,123143.9,1432,85.99
2020-08-01,2020,8,Kollam,Oil Sardine,Sardinella longiceps,17585996.8,2963,5935.2
2020-08-01,2020,8,Kollam,Indian Mackerel,Rastrelliger kanagurta,4185767.2,2963,1412.68
2020-08-01,2020,8,Kollam,Seer Fish,Scomberomorus commerson,870071.0,2963,293.65
2020-08-01,2020,8,Kollam,Coastal Tuna,Euthynnus affinis,664957.4,2963,224.42
2020-08-01,2020,8,Alappuzha,Oil Sardine,Sardinella longiceps,10927051.2,2697,4051.56
2020-08-01,2020,8,Alappuzha,Indian Mackerel,Rastrelliger kanagurta,2689383.0,2697,997.18
2020-08-01,2020,8,Alappuzha,Seer Fish,Scomberomorus commerson,479695.9,2697,177.86
2020-08-01,2020,8,Alappuzha,Coastal Tuna,Euthynnus affinis,565196.4,2697,209.56
2020-08-01,2020,8,Ernakulam,Oil Sardine,Sardinella longiceps,12654543.8,2422,5224.83
2020-08-01,2020,8,Ernakulam,Indian Mackerel,Rastrelliger kanagurta,3134981.7,2422,1294.38
2020-08-01,2020,8,Ernakulam,Seer Fish,Scomberomorus commerson,570612.2,2422,235.6
2020-08-01,2020,8,Ernakulam,Coastal Tuna,Euthynnus affinis,636044.6,2422,262.61
2020-08-01,2020,8,Thrissur,Oil Sardine,Sardinella longiceps,1667084.1,1418,1175.66
2020-08-01,2020,8,Thrissur,Indian Mackerel,Rastrelliger kanagurta,380647.3,1418,268.44
2020-08-01,2020,8,Thrissur,Seer Fish,Scomberomorus commerson,69463.2,1418,48.99
2020-08-01,2020,8,Thrissur,Coastal Tuna,Euthynnus affinis,71471.7,1418,50.4
2020-08-01,2020,8,Malappuram,Oil Sardine,Sardinella longiceps,3725943.5,1598,2331.63
2020-08-01,2020,8,Malappuram,Indian Mackerel,Rastrelliger kanagurta,991132.7,1598,620.23
2020-08-01,2020,8,Malappuram,Seer Fish,Scomberomorus commerson,188868.0,1598,118.19
2020-08-01,2020,8,Malappuram,Coastal Tuna,Euthynnus affinis,144880.3,1598,90.66
2020-08-01,2020,8,Kozhikode,Oil Sardine,Sardinella longiceps,14803086.5,2945,5026.51
2020-08-01,2020,8,Kozhikode,Indian Mackerel,Rastrelliger kanagurta,3975339.9,2945,1349.86
2020-08-01,2020,8,Kozhikode,Seer Fish,Scomberomorus commerson,634856.7,2945,215.57
2020-08-01,2020,8,Kozhikode,Coastal Tuna,Euthynnus affinis,695245.7,2945,236.08
2020-08-01,2020,8,Kannur,Oil Sardine,Sardinella longiceps,5935305.4,1974,3006.74
2020-08-01,2020,8,Kannur,Indian Mackerel,Rastrelliger kanagurta,1264993.6,1974,640.83
2020-08-01,2020,8,Kannur,Seer Fish,Scomberomorus commerson,223915.0,1974,113.43
2020-08-01,2020,8,Kannur,Coastal Tuna,Euthynnus affinis,238611.0,1974,120.88
2020-08-01,2020,8,Kasaragod,Oil Sardine,Sardinella longiceps,2333588.8,1496,1559.89
2020-08-01,2020,8,Kasaragod,Indian Mackerel,Rastrelliger kanagurta,626560.5,1496,418.82
2020-08-01,2020,8,Kasaragod,Seer Fish,Scomberomorus commerson,101668.3,1496,67.96
2020-08-01,2020,8,Kasaragod,Coastal Tuna,Euthynnus affinis,60965.1,1496,40.75
2020-09-01,2020,9,Thiruvananthapuram,Oil Sardine,Sardinella longiceps,4501051.9,2168,2076.13
2020-09-01,2020,9,Thiruvananthapuram,Indian Mackerel,Rastrelliger kanagurta,981622.6,2168,452.78
2020-09-01,2020,9,Thiruvananthapuram,Seer Fish,Scomberomorus commerson,203085.2,2168,93.67
2020-09-01,2020,9,Thiruvananthapuram,Coastal Tuna,Euthynnus affinis,141689.8,2168,65.36
2020-09-01,2020,9,Kollam,Oil Sardine,Sardinella longiceps,14227979.5,3233,4400.86
2020-09-01,2020,9,Kollam,Indian Mackerel,Rastrelliger kanagurta,3375684.6,3233,1044.13
2020-09-01,2020,9,Kollam,Seer Fish,Scomberomorus commerson,757681.5,3233,234.36
2020-09-01,2020,9,Kollam,Coastal Tuna,Euthynnus affinis,671511.1,3233,207.71
2020-09-01,2020,9,Alappuzha,Oil Sardine,Sardinella longiceps,6386813.4,2388,2674.54
2020-09-01,2020,9,Alappuzha,Indian Mackerel,Rastrelliger kanagurta,1657038.5,2388,693.9
2020-09-01,2020,9,Alappuzha,Seer Fish,Scomberomorus commerson,316998.0,2388,132.75
2020-09-01,2020,9,Alappuzha,Coastal Tuna,Euthynnus affinis,332172.3,2388,139.1
2020-09-01,2020,9,Ernakulam,Oil Sardine,Sardinella longiceps,11132407.6,3059,3639.23
2020-09-01,2020,9,Ernakulam,Indian Mackerel,Rastrelliger kanagurta,3525313.7,3059,1152.44
2020-09-01,2020,9,Ernakulam,Seer Fish,Scomberomorus commerson,629872.6,3059,205.91
2020-09-01,2020,9,Ernakulam,Coastal Tuna,Euthynnus affinis,579432.4,3059,189.42
2020-09-01,2020,9,Thrissur,Oil Sardine,Sardinella longiceps,966870.7,1156,836.39
2020-09-01,2020,9,Thrissur,Indian Mackerel,Rastrelliger kanagurta,268064.2,1156,231.89
2020-09-01,2020,9,Thrissur,Seer Fish,Scomberomorus commerson,37642.6,1156,32.56
2020-09-01,2020,9,Thrissur,Coastal Tuna,Euthynnus affinis,35541.3,1156,30.75
2020-09-01,2020,9,Malappuram,Oil Sardine,Sardinella longiceps,2643353.2,1755,1506.18
2020-09-01,2020,9,Malappuram,Indian Mackerel,Rastrelliger kanagurta,736761.1,1755,419.81
2020-09-01,2020,9,Malappuram,Seer Fish,Scomberomorus commerson,196616.9,1755,112.03
2020-09-01,2020,9,Malappuram,Coastal Tuna,Euthynnus affinis,172852.0,1755,98.49
2020-09-01,2020,9,Kozhikode,Oil Sardine,Sardinella longiceps,7751262.0,2437,3180.66
2020-09-01,2020,9,Kozhikode,Indian Mackerel,Rastrelliger kanagurta,2024538.1,2437,830.75
2020-09-01,2020,9,Kozhikode,Seer Fish,Scomberomorus commerson,425044.1,2437,174.41
2020-09-01,2020,9,Kozhikode,Coastal Tuna,Euthynnus affinis,443125.3,2437,181.83
2020-09-01,2020,9,Kannur,Oil Sardine,Sardinella longiceps,4146939.7,2054,2018.96
2020-09-01,2020,9,Kannur,Indian Mackerel,Rastrelliger kanagurta,1125618.5,2054,548.01
2020-09-01,2020,9,Kannur,Seer Fish,Scomberomorus commerson,224304.6,2054,109.2
2020-09-01,2020,9,Kannur,Coastal Tuna,Euthynnus affinis,181278.6,2054,88.26
2020-09-01,2020,9,Kasaragod,Oil Sardine,Sardinella longiceps,2075683.2,1637,1267.98
2020-09-01,2020,9,Kasaragod,Indian Mackerel,Rastrelliger kanagurta,461754.6,1637,282.07
2020-09-01,2020,9,Kasaragod,Seer Fish,Scomberomorus commerson,108250.6,1637,66.13
2020-09-01,2020,9,Kasaragod,Coastal Tuna,Euthynnus affinis,111349.3,1637,68.02
2020-10-01,2020,10,Thiruvananthapuram,Oil Sardine,Sardinella longiceps,1709141.7,2010,850.32
2020-10-01,2020,10,Thiruvananthapuram,Indian Mackerel,Rastrelliger kanagurta,701198.6,2010,348.86
2020-10-01,2020,10,Thiruvananthapuram,Seer Fish,Scomberomorus commerson,159187.2,2010,79.2
2020-10-01,2020,10,Thiruvananthapuram,Coastal Tuna,Euthynnus affinis,198379.7,2010,98.7
2020-10-01,2020,10,Kollam,Oil Sardine,Sardinella longiceps,6031741.4,2922,2064.25
2020-10-01,2020,10,Kollam,Indian Mackerel,Rastrelliger kanagurta,2260691.1,2922,773.68
2020-10-01,2020,10,Kollam,Seer Fish,Scomberomorus commerson,624207.5,2922,213.62
2020-10-01,2020,10,Kollam,Coastal Tuna,Euthynnus affinis,632250.5,2922,216.38
2020-10-01,2020,10,Alappuzha,Oil Sardine,Sardinella longiceps,3155182.5,2194,1438.1
2020-10-01,2020,10,Alappuzha,Indian Mackerel,Rastrelliger kanagurta,1273518.2,2194,580.45
2020-10-01,2020,10,Alappuzha,Seer Fish,Scomberomorus commerson,257072.9,2194,117.17
2020-10-01,2020,10,Alappuzha,Coastal Tuna,Euthynnus affinis,326291.7,2194,148.72
2020-10-01,2020,10,Ernakulam,Oil Sardine,Sardinella longiceps,6238982.6,3066,2034.89
2020-10-01,2020,10,Ernakulam,Indian Mackerel,Rastrelliger kanagurta,2567502.6,3066,837.41
2020-10-01,2020,10,Ernakulam,Seer Fish,Scomberomorus commerson,600785.9,3066,195.95
2020-10-01,2020,10,Ernakulam,Coastal Tuna,Euthynnus affinis,594393.1,3066,193.87
2020-10-01,2020,10,Thrissur,Oil Sardine,Sardinella longiceps,515357.9,1442,357.39
2020-10-01,2020,10,Thrissur,Indian Mackerel,Rastrelliger kanagurta,200895.3,1442,139.32
2020-10-01,2020,10,Thrissur,Seer Fish,Scomberomorus commerson,45581.9,1442,31.61
2020-10-01,2020,10,Thrissur,Coastal Tuna,Euthynnus affinis,63477.8,1442,44.02
2020-10-01,2020,10,Malappuram,Oil Sardine,Sardinella longiceps,1223197.7,1692,722.93
2020-10-01,2020,10,Malappuram,Indian Mackerel,Rastrelliger kanagurta,525013.9,1692,310.29
2020-10-01,2020,10,Malappuram,Seer Fish,Scomberomorus commerson,127852.1,1692,75.56
2020-10-01,2020,10,Malappuram,Coastal Tuna,Euthynnus affinis,151208.6,1692,89.37
2020-10-01,2020,10,Kozhikode,Oil Sardine,Sardinella longiceps,3552927.0,2861,1241.85
2020-10-01,2020,10,Kozhikode,Indian Mackerel,Rastrelliger kanagurta,2159957.3,2861,754.97
2020-10-01,2020,10,Kozhikode,Seer Fish,Scomberomorus commerson,615745.8,2861,215.22
2020-10-01,2020,10,Kozhikode,Coastal Tuna,Euthynnus affinis,479047.1,2861,167.44
2020-10-01,2020,10,Kannur,Oil Sardine,Sardinella longiceps,1565961.3,1533,1021.5
2020-10-01,2020,10,Kannur,Indian Mackerel,Rastrelliger kanagurta,540742.8,1533,352.74
2020-10-01,2020,10,Kannur,Seer Fish,Scomberomorus commerson,159349.8,1533,103.95
2020-10-01,2020,10,Kannur,Coastal Tuna,Euthynnus affinis,162259.3,1533,105.84
2020-10-01,2020,10,Kasaragod,Oil Sardine,Sardinella longiceps,741269.3,1580,469.16
2020-10-01,2020,10,Kasaragod,Indian Mackerel,Rastrelliger kanagurta,375149.2,1580,237.44
2020-10-01,2020,10,Kasaragod,Seer Fish,Scomberomorus commerson,67246.4,1580,42.56
2020-10-01,2020,10,Kasaragod,Coastal Tuna,Euthynnus affinis,104689.4,1580,66.26
2020-11-01,2020,11,Thiruvananthapuram,Oil Sardine,Sardinella longiceps,1287923.8,1774,726.0
2020-11-01,2020,11,Thiruvananthapuram,Indian Mackerel,Rastrelliger kanagurta,656146.5,1774,369.87
2020-11-01,2020,11,Thiruvananthapuram,Seer Fish,Scomberomorus commerson,196032.3,1774,110.5
2020-11-01,2020,11,Thiruvananthapuram,Coastal Tuna,Euthynnus affinis,196460.0,1774,110.74
2020-11-01,2020,11,Kollam,Oil Sardine,Sardinella longiceps,4771865.7,2864,1666.15
2020-11-01,2020,11,Kollam,Indian Mackerel,Rastrelliger kanagurta,2032174.5,2864,709.56
2020-11-01,2020,11,Kollam,Seer Fish,Scomberomorus commerson,485639.2,2864,169.57
2020-11-01,2020,11,Kollam,Coastal Tuna,Euthynnus affinis,652727.1,2864,227.91
2020-11-01,2020,11,Alappuzha,Oil Sardine,Sardinella longiceps,3398555.8,2814,1207.73
2020-11-01,2020,11,Alappuzha,Indian Mackerel,Rastrelliger kanagurta,1485724.7,2814,527.98
2020-11-01,2020,11,Alappuzha,Seer Fish,Scomberomorus commerson,465810.9,2814,165.53
2020-11-01,2020,11,Alappuzha,Coastal Tuna,Euthynnus affinis,436822.4,2814,155.23
2020-11-01,2020,11,Ernakulam,Oil Sardine,Sardinella longiceps,4614997.0,3224,1431.45
2020-11-01,2020,11,Ernakulam,Indian Mackerel,Rastrelliger kanagurta,2363665.3,3224,733.15
2020-11-01,2020,11,Ernakulam,Seer Fish,Scomberomorus commerson,600524.8,3224,186.27
2020-11-01,2020,11,Ernakulam,Coastal Tuna,Euthynnus affinis,778565.9,3224,241.49
2020-11-01,2020,11,Thrissur,Oil Sardine,Sardinella longiceps,511399.6,1458,350.75
2020-11-01,2020,11,Thrissur,Indian Mackerel,Rastrelliger kanagurta,186647.8,1458,128.02
2020-11-01,2020,11,Thrissur,Seer Fish,Scomberomorus commerson,65831.1,1458,45.15
2020-11-01,2020,11,Thrissur,Coastal Tuna,Euthynnus affinis,74812.7,1458,51.31
2020-11-01,2020,11,Malappuram,Oil Sardine,Sardinella longiceps,1101878.6,1551,710.43
2020-11-01,2020,11,Malappuram,Indian Mackerel,Rastrelliger kanagurta,578481.5,1551,372.97
2020-11-01,2020,11,Malappuram,Seer Fish,Scomberomorus commerson,124449.7,1551,80.24
2020-11-01,2020,11,Malappuram,Coastal Tuna,Euthynnus affinis,132302.3,1551,85.3
2020-11-01,2020,11,Kozhikode,Oil Sardine,Sardinella longiceps,4279536.5,3007,1423.19
2020-11-01,2020,11,Kozhikode,Indian Mackerel,Rastrelliger kanagurta,2015260.0,3007,670.19
2020-11-01,2020,11,Kozhikode,Seer Fish,Scomberomorus commerson,525204.7,3007,174.66
2020-11-01,2020,11,Kozhikode,Coastal Tuna,Euthynnus affinis,669779.2,3007,222.74
2020-11-01,2020,11,Kannur,Oil Sardine,Sardinella longiceps,1446474.3,1855,779.77
2020-11-01,2020,11,Kannur,Indian Mackerel,Rastrelliger kanagurta,714185.4,1855,385.01
2020-11-01,2020,11,Kannur,Seer Fish,Scomberomorus commerson,174502.0,1855,94.07
2020-11-01,2020,11,Kannur,Coastal Tuna,Euthynnus affinis,249904.2,1855,134.72
2020-11-01,2020,11,Kasaragod,Oil Sardine,Sardinella longiceps,665351.3,1620,410.71
2020-11-01,2020,11,Kasaragod,Indian Mackerel,Rastrelliger kanagurta,343802.0,1620,212.22
2020-11-01,2020,11,Kasaragod,Seer Fish,Scomberomorus commerson,70247.1,1620,43.36
2020-11-01,2020,11,Kasaragod,Coastal Tuna,Euthynnus affinis,90058.9,1620,55.59
2020-12-01,2020,12,Thiruvananthapuram,Oil Sardine,Sardinella longiceps,2252949.2,2575,874.93
2020-12-01,2020,12,Thiruvananthapuram,Indian Mackerel,Rastrelliger kanagurta,862878.5,2575,335.1
2020-12-01,2020,12,Thiruvananthapuram,Seer Fish,Scomberomorus commerson,173211.7,2575,67.27
2020-12-01,2020,12,Thiruvananthapuram,Coastal Tuna,Euthynnus affinis,252162.2,2575,97.93
2020-12-01,2020,12,Kollam,Oil Sardine,Sardinella longiceps,5823415.2,3279,1775.97
2020-12-01,2020,12,Kollam,Indian Mackerel,Rastrelliger kanagurta,2190624.9,3279,668.08
2020-12-01,2020,12,Kollam,Seer Fish,Scomberomorus commerson,712800.0,3279,217.38
2020-12-01,2020,12,Kollam,Coastal Tuna,Euthynnus affinis,764965.9,3279,233.29
2020-12-01,2020,12,Alappuzha,Oil Sardine,Sardinella longiceps,2846788.1,2631,1082.02
2020-12-01,2020,12,Alappuzha,Indian Mackerel,Rastrelliger kanagurta,1573486.5,2631,598.06
2020-12-01,2020,12,Alappuzha,Seer Fish,Scomberomorus commerson,266146.7,2631,101.16
2020-12-01,2020,12,Alappuzha,Coastal Tuna,Euthynnus affinis,231909.1,2631,88.14
2020-12-01,2020,12,Ernakulam,Oil Sardine,Sardinella longiceps,5595627.9,2823,1982.16
2020-12-01,2020,12,Ernakulam,Indian Mackerel,Rastrelliger kanagurta,1788667.0,2823,633.61
2020-12-01,2020,12,Ernakulam,Seer Fish,Scomberomorus commerson,414870.1,2823,146.96
2020-12-01,2020,12,Ernakulam,Coastal Tuna,Euthynnus affinis,476628.2,2823,168.84
2020-12-01,2020,12,Thrissur,Oil Sardine,Sardinella longiceps,498276.6,1238,402.49
2020-12-01,2020,12,Thrissur,Indian Mackerel,Rastrelliger kanagurta,203606.9,1238,164.46
2020-12-01,2020,12,Thrissur,Seer Fish,Scomberomorus commerson,43704.1,1238,35.3
2020-12-01,2020,12,Thrissur,Coastal Tuna,Euthynnus affinis,41128.2,1238,33.22
2020-12-01,2020,12,Malappuram,Oil Sardine,Sardinella longiceps,1345122.1,1810,743.16
2020-12-01,2020,12,Malappuram,Indian Mackerel,Rastrelliger kanagurta,570136.2,1810,314.99
2020-12-01,2020,12,Malappuram,Seer Fish,Scomberomorus commerson,85244.9,1810,47.1
2020-12-01,2020,12,Malappuram,Coastal Tuna,Euthynnus affinis,129345.2,1810,71.46
2020-12-01,2020,12,Kozhikode,Oil Sardine,Sardinella longiceps,3975400.6,2984,1332.24
2020-12-01,2020,12,Kozhikode,Indian Mackerel,Rastrelliger kanagurta,1787183.3,2984,598.92
2020-12-01,2020,12,Kozhikode,Seer Fish,Scomberomorus commerson,417888.4,2984,140.04
2020-12-01,2020,12,Kozhikode,Coastal Tuna,Euthynnus affinis,440198.6,2984,147.52
2020-12-01,2020,12,Kannur,Oil Sardine,Sardinella longiceps,1479920.5,1840,804.3
2020-12-01,2020,12,Kannur,Indian Mackerel,Rastrelliger kanagurta,685323.9,1840,372.46
2020-12-01,2020,12,Kannur,Seer Fish,Scomberomorus commerson,145805.0,1840,79.24
2020-12-01,2020,12,Kannur,Coastal Tuna,Euthynnus affinis,174247.5,1840,94.7
2020-12-01,2020,12,Kasaragod,Oil Sardine,Sardinella longiceps,673494.8,1461,460.98
2020-12-01,2020,12,Kasaragod,Indian Mackerel,Rastrelliger kanagurta,232204.2,1461,158.94
2020-12-01,2020,12,Kasaragod,Seer Fish,Scomberomorus commerson,63954.6,1461,43.77
2020-12-01,2020,12,Kasaragod,Coastal Tuna,Euthynnus affinis,61542.7,1461,42.12
2021-01-01,2021,1,Thiruvananthapuram,Oil Sardine,Sardinella longiceps,1491759.6,1644,907.4
2021-01-01,2021,1,Thiruvananthapuram,Indian Mackerel,Rastrelliger kanagurta,677161.1,1644,411.9
2021-01-01,2021,1,Thiruvananthapuram,Seer Fish,Scomberomorus commerson,107570.3,1644,65.43
2021-01-01,2021,1,Thiruvananthapuram,Coastal Tuna,Euthynnus affinis,188510.7,1644,114.67
2021-01-01,2021,1,Kollam,Oil Sardine,Sardinella longiceps,5561004.0,2552,2179.08
2021-01-01,2021,1,Kollam,Indian Mackerel,Rastrelliger kanagurta,2059329.5,2552,806.95
2021-01-01,2021,1,Kollam,Seer Fish,Scomberomorus commerson,527879.0,2552,206.85
2021-01-01,2021,1,Kollam,Coastal Tuna,Euthynnus affinis,689722.0,2552,270.27
2021-01-01,2021,1,Alappuzha,Oil Sardine,Sardinella longiceps,2863083.2,2029,1411.08
2021-01-01,2021,1,Alappuzha,Indian Mackerel,Rastrelliger kanagurta,1145919.2,2029,564.77
2021-01-01,2021,1,Alappuzha,Seer Fish,Scomberomorus commerson,262350.2,2029,129.3
2021-01-01,2021,1,Alappuzha,Coastal Tuna,Euthynnus affinis,292912.6,2029,144.36
2021-01-01,2021,1,Ernakulam,Oil Sardine,Sardinella longiceps,6383918.6,2827,2258.2
2021-01-01,2021,1,Ernakulam,Indian Mackerel,Rastrelliger kanagurta,2080152.9,2827,735.82
2021-01-01,2021,1,Ernakulam,Seer Fish,Scomberomorus commerson,555576.8,2827,196.53
2021-01-01,2021,1,Ernakulam,Coastal Tuna,Euthynnus affinis,602332.9,2827,213.06
2021-01-01,2021,1,Thrissur,Oil Sardine,Sardinella longiceps,636806.5,1360,468.24
2021-01-01,2021,1,Thrissur,Indian Mackerel,Rastrelliger kanagurta,247229.1,1360,181.79
2021-01-01,2021,1,Thrissur,Seer Fish,Scomberomorus commerson,48576.1,1360,35.72
2021-01-01,2021,1,Thrissur,Coastal Tuna,Euthynnus affinis,57669.7,1360,42.4
2021-01-01,2021,1,Malappuram,Oil Sardine,Sardinella longiceps,1567152.6,1900,824.82
2021-01-01,2021,1,Malappuram,Indian Mackerel,Rastrelliger kanagurta,670316.2,1900,352.8
2021-01-01,2021,1,Malappuram,Seer Fish,Scomberomorus commerson,113472.5,1900,59.72
2021-01-01,2021,1,Malappuram,Coastal Tuna,Euthynnus affinis,145128.2,1900,76.38
2021-01-01,2021,1,Kozhikode,Oil Sardine,Sardinella longiceps,5714249.9,3121,1830.9
2021-01-01,2021,1,Kozhikode,Indian Mackerel,Rastrelliger kanagurta,2692251.6,3121,862.62
2021-01-01,2021,1,Kozhikode,Seer Fish,Scomberomorus commerson,507234.2,3121,162.52
2021-01-01,2021,1,Kozhikode,Coastal Tuna,Euthynnus affinis,624029.1,3121,199.95
2021-01-01,2021,1,Kannur,Oil Sardine,Sardinella longiceps,1629020.4,1855,878.18
2021-01-01,2021,1,Kannur,Indian Mackerel,Rastrelliger kanagurta,701031.7,1855,377.91
2021-01-01,2021,1,Kannur,Seer Fish,Scomberomorus commerson,197746.4,1855,106.6
2021-01-01,2021,1,Kannur,Coastal Tuna,Euthynnus affinis,188757.4,1855,101.76
2021-01-01,2021,1,Kasaragod,Oil Sardine,Sardinella longiceps,936939.0,1834,510.87
2021-01-01,2021,1,Kasaragod,Indian Mackerel,Rastrelliger kanagurta,436382.2,1834,237.94
2021-01-01,2021,1,Kasaragod,Seer Fish,Scomberomorus commerson,86342.9,1834,47.08
2021-01-01,2021,1,Kasaragod,Coastal Tuna,Euthynnus affinis,131693.2,1834,71.81
2021-02-01,2021,2,Thiruvananthapuram,Oil Sardine,Sardinella longiceps,1835860.7,1985,924.87
2021-02-01,2021,2,Thiruvananthapuram,Indian Mackerel,Rastrelliger kanagurta,715133.3,1985,360.27
2021-02-01,2021,2,Thiruvananthapuram,Seer Fish,Scomberomorus commerson,186083.3,1985,93.74
2021-02-01,2021,2,Thiruvananthapuram,Coastal Tuna,Euthynnus affinis,204328.2,1985,102.94
2021-02-01,2021,2,Kollam,Oil Sardine,Sardinella longiceps,6816008.5,3227,2112.18
2021-02-01,2021,2,Kollam,Indian Mackerel,Rastrelliger kanagurta,2801638.7,3227,868.19
2021-02-01,2021,2,Kollam,Seer Fish,Scomberomorus commerson,715104.2,3227,221.6
2021-02-01,2021,2,Kollam,Coastal Tuna,Euthynnus affinis,595907.7,3227,184.66
2021-02-01,2021,2,Alappuzha,Oil Sardine,Sardinella longiceps,3951892.9,2720,1452.9
2021-02-01,2021,2,Alappuzha,Indian Mackerel,Rastrelliger kanagurta,1571687.4,2720,577.83
2021-02-01,2021,2,Alappuzha,Seer Fish,Scomberomorus commerson,351984.8,2720,129.41
2021-02-01,2021,2,Alappuzha,Coastal Tuna,Euthynnus affinis,356596.9,2720,131.1
2021-02-01,2021,2,Ernakulam,Oil Sardine,Sardinella longiceps,4620781.2,2535,1822.79
2021-02-01,2021,2,Ernakulam,Indian Mackerel,Rastrelliger kanagurta,2559975.1,2535,1009.85
2021-02-01,2021,2,Ernakulam,Seer Fish,Scomberomorus commerson,427003.4,2535,168.44
2021-02-01,2021,2,Ernakulam,Coastal Tuna,Euthynnus affinis,584992.3,2535,230.77
2021-02-01,2021,2,Thrissur,Oil Sardine,Sardinella longiceps,590559.8,1340,440.72
2021-02-01,2021,2,Thrissur,Indian Mackerel,Rastrelliger kanagurta,205986.8,1340,153.72
2021-02-01,2021,2,Thrissur,Seer Fish,Scomberomorus commerson,53621.6,1340,40.02
2021-02-01,2021,2,Thrissur,Coastal Tuna,Euthynnus affinis,60368.9,1340,45.05
2021-02-01,2021,2,Malappuram,Oil Sardine,Sardinella longiceps,1568777.3,1891,829.6
2021-02-01,2021,2,Malappuram,Indian Mackerel,Rastrelliger kanagurta,553439.1,1891,292.67
2021-02-01,2021,2,Malappuram,Seer Fish,Scomberomorus commerson,137632.2,1891,72.78
2021-02-01,2021,2,Malappuram,Coastal Tuna,Euthynnus affinis,191543.4,1891,101.29
2021-02-01,2021,2,Kozhikode,Oil Sardine,Sardinella longiceps,5941020.8,3215,1847.91
2021-02-01,2021,2,Kozhikode,Indian Mackerel,Rastrelliger kanagurta,2406741.1,3215,748.6
2021-02-01,2021,2,Kozhikode,Seer Fish,Scomberomorus commerson,489464.2,3215,152.24
2021-02-01,2021,2,Kozhikode,Coastal Tuna,Euthynnus affinis,640094.5,3215,199.1
2021-02-01,2021,2,Kannur,Oil Sardine,Sardinella longiceps,2369336.7,2212,1071.13
2021-02-01,2021,2,Kannur,Indian Mackerel,Rastrelliger kanagurta,923189.6,2212,417.36
2021-02-01,2021,2,Kannur,Seer Fish,Scomberomorus commerson,175959.6,2212,79.55
2021-02-01,2021,2,Kannur,Coastal Tuna,Euthynnus affinis,233511.9,2212,105.57
2021-02-01,2021,2,Kasaragod,Oil Sardine,Sardinella longiceps,647882.6,1469,441.04
2021-02-01,2021,2,Kasaragod,Indian Mackerel,Rastrelliger kanagurta,286222.4,1469,194.84
2021-02-01,2021,2,Kasaragod,Seer Fish,Scomberomorus commerson,78529.0,1469,53.46
2021-02-01,2021,2,Kasaragod,Coastal Tuna,Euthynnus affinis,108514.6,1469,73.87
2021-03-01,2021,3,Thiruvananthapuram,Oil Sardine,Sardinella longiceps,1425837.6,2136,667.53
2021-03-01,2021,3,Thiruvananthapuram,Indian Mackerel,Rastrelliger kanagurta,703555.8,2136,329.38
2021-03-01,2021,3,Thiruvananthapuram,Seer Fish,Scomberomorus commerson,162164.0,2136,75.92
2021-03-01,2021,3,Thiruvananthapuram,Coastal Tuna,Euthynnus affinis,297088.5,2136,139.09
2021-03-01,2021,3,Kollam,Oil Sardine,Sardinella longiceps,3274545.5,3159,1036.58
2021-03-01,2021,3,Kollam,Indian Mackerel,Rastrelliger kanagurta,2314305.8,3159,732.61
2021-03-01,2021,3,Kollam,Seer Fish,Scomberomorus commerson,607020.7,3159,192.16
2021-03-01,2021,3,Kollam,Coastal Tuna,Euthynnus affinis,834136.1,3159,264.05
2021-03-01,2021,3,Alappuzha,Oil Sardine,Sardinella longiceps,1758942.7,2459,715.31
2021-03-01,2021,3,Alappuzha,Indian Mackerel,Rastrelliger kanagurta,1105910.7,2459,449.74
2021-03-01,2021,3,Alappuzha,Seer Fish,Scomberomorus commerson,320369.7,2459,130.28
2021-03-01,2021,3,Alappuzha,Coastal Tuna,Euthynnus affinis,443596.2,2459,180.4
2021-03-01,2021,3,Ernakulam,Oil Sardine,Sardinella longiceps,3481831.3,3600,967.18
2021-03-01,2021,3,Ernakulam,Indian Mackerel,Rastrelliger kanagurta,2085960.2,3600,579.43
2021-03-01,2021,3,Ernakulam,Seer Fish,Scomberomorus commerson,792695.8,3600,220.19
2021-03-01,2021,3,Ernakulam,Coastal Tuna,Euthynnus affinis,850445.8,3600,236.23
2021-03-01,2021,3,Thrissur,Oil Sardine,Sardinella longiceps,317761.9,1483,214.27
2021-03-01,2021,3,Thrissur,Indian Mackerel,Rastrelliger kanagurta,199119.8,1483,134.27
2021-03-01,2021,3,Thrissur,Seer Fish,Scomberomorus commerson,50807.6,1483,34.26
2021-03-01,2021,3,Thrissur,Coastal Tuna,Euthynnus affinis,79002.2,1483,53.27
2021-03-01,2021,3,Malappuram,Oil Sardine,Sardinella longiceps,695408.0,1579,440.41
2021-03-01,2021,3,Malappuram,Indian Mackerel,Rastrelliger kanagurta,419232.3,1579,265.5
2021-03-01,2021,3,Malappuram,Seer Fish,Scomberomorus commerson,143909.7,1579,91.14
2021-03-01,2021,3,Malappuram,Coastal Tuna,Euthynnus affinis,172431.7,1579,109.2
2021-03-01,2021,3,Kozhikode,Oil Sardine,Sardinella longiceps,2641167.1,2415,1093.65
2021-03-01,2021,3,Kozhikode,Indian Mackerel,Rastrelliger kanagurta,1507826.5,2415,624.36
2021-03-01,2021,3,Kozhikode,Seer Fish,Scomberomorus commerson,466574.2,2415,193.2
2021-03-01,2021,3,Kozhikode,Coastal Tuna,Euthynnus affinis,576457.7,2415,238.7
2021-03-01,2021,3,Kannur,Oil Sardine,Sardinella longiceps,1060743.9,2138,496.14
2021-03-01,2021,3,Kannur,Indian Mackerel,Rastrelliger kanagurta,712611.6,2138,333.31
2021-03-01,2021,3,Kannur,Seer Fish,Scomberomorus commerson,212774.0,2138,99.52
2021-03-01,2021,3,Kannur,Coastal Tuna,Euthynnus affinis,300642.5,2138,140.62
2021-03-01,2021,3,Kasaragod,Oil Sardine,Sardinella longiceps,456865.6,1595,286.44
2021-03-01,2021,3,Kasaragod,Indian Mackerel,Rastrelliger kanagurta,323441.5,1595,202.78
2021-03-01,2021,3,Kasaragod,Seer Fish,Scomberomorus commerson,70259.5,1595,44.05
2021-03-01,2021,3,Kasaragod,Coastal Tuna,Euthynnus affinis,132526.9,1595,83.09
2021-04-01,2021,4,Thiruvananthapuram,Oil Sardine,Sardinella longiceps,686169.4,1708,401.74
2021-04-01,2021,4,Thiruvananthapuram,Indian Mackerel,Rastrelliger kanagurta,377707.5,1708,221.14
2021-04-01,2021,4,Thiruvananthapuram,Seer Fish,Scomberomorus commerson,131185.8,1708,76.81
2021-04-01,2021,4,Thiruvananthapuram,Coastal Tuna,Euthynnus affinis,181964.6,1708,106.54
2021-04-01,2021,4,Kollam,Oil Sardine,Sardinella longiceps,2714554.6,2693,1008.0
2021-04-01,2021,4,Kollam,Indian Mackerel,Rastrelliger kanagurta,1859336.8,2693,690.43
2021-04-01,2021,4,Kollam,Seer Fish,Scomberomorus commerson,496317.5,2693,184.3
2021-04-01,2021,4,Kollam,Coastal Tuna,Euthynnus affinis,765090.5,2693,284.1
2021-04-01,2021,4,Alappuzha,Oil Sardine,Sardinella longiceps,1918722.6,2625,730.94
2021-04-01,2021,4,Alappuzha,Indian Mackerel,Rastrelliger kanagurta,1174579.6,2625,447.46
2021-04-01,2021,4,Alappuzha,Seer Fish,Scomberomorus commerson,325679.9,2625,124.07
2021-04-01,2021,4,Alappuzha,Coastal Tuna,Euthynnus affinis,474768.5,2625,180.86
2021-04-01,2021,4,Ernakulam,Oil Sardine,Sardinella longiceps,2477753.6,2781,890.96
2021-04-01,2021,4,Ernakulam,Indian Mackerel,Rastrelliger kanagurta,1439368.7,2781,517.57
2021-04-01,2021,4,Ernakulam,Seer Fish,Scomberomorus commerson,445035.1,2781,160.03
2021-04-01,2021,4,Ernakulam,Coastal Tuna,Euthynnus affinis,726213.7,2781,261.13
2021-04-01,2021,4,Thrissur,Oil Sardine,Sardinella longiceps,262509.5,1184,221.71
2021-04-01,2021,4,Thrissur,Indian Mackerel,Rastrelliger kanagurta,202611.7,1184,171.12
2021-04-01,2021,4,Thrissur,Seer Fish,Scomberomorus commerson,51314.8,1184,43.34
2021-04-01,2021,4,Thrissur,Coastal Tuna,Euthynnus affinis,64772.2,1184,54.71
2021-04-01,2021,4,Malappuram,Oil Sardine,Sardinella longiceps,413527.0,1786,231.54
2021-04-01,2021,4,Malappuram,Indian Mackerel,Rastrelliger kanagurta,556449.7,1786,311.56
2021-04-01,2021,4,Malappuram,Seer Fish,Scomberomorus commerson,149949.8,1786,83.96
2021-04-01,2021,4,Malappuram,Coastal Tuna,Euthynnus affinis,210207.0,1786,117.7
2021-04-01,2021,4,Kozhikode,Oil Sardine,Sardinella longiceps,2083987.7,2959,704.29
2021-04-01,2021,4,Kozhikode,Indian Mackerel,Rastrelliger kanagurta,1555491.9,2959,525.68
2021-04-01,2021,4,Kozhikode,Seer Fish,Scomberomorus commerson,437742.4,2959,147.94
2021-04-01,2021,4,Kozhikode,Coastal Tuna,Euthynnus affinis,665083.4,2959,224.77
2021-04-01,2021,4,Kannur,Oil Sardine,Sardinella longiceps,696537.1,1956,356.1
2021-04-01,2021,4,Kannur,Indian Mackerel,Rastrelliger kanagurta,706241.3,1956,361.06
2021-04-01,2021,4,Kannur,Seer Fish,Scomberomorus commerson,184098.3,1956,94.12
2021-04-01,2021,4,Kannur,Coastal Tuna,Euthynnus affinis,237077.8,1956,121.21
2021-04-01,2021,4,Kasaragod,Oil Sardine,Sardinella longiceps,372973.7,1461,255.29
2021-04-01,2021,4,Kasaragod,Indian Mackerel,Rastrelliger kanagurta,211183.6,1461,144.55
2021-04-01,2021,4,Kasaragod,Seer Fish,Scomberomorus commerson,66094.2,1461,45.24
2021-04-01,2021,4,Kasaragod,Coastal Tuna,Euthynnus affinis,79853.8,1461,54.66
2021-05-01,2021,5,Thiruvananthapuram,Oil Sardine,Sardinella longiceps,568896.4,1824,311.89
2021-05-01,2021,5,Thiruvananthapuram,Indian Mackerel,Rastrelliger kanagurta,449021.1,1824,246.17
2021-05-01,2021,5,Thiruvananthapuram,Seer Fish,Scomberomorus commerson,180168.1,1824,98.78
2021-05-01,2021,5,Thiruvananthapuram,Coastal Tuna,Euthynnus affinis,253315.1,1824,138.88
2021-05-01,2021,5,Kollam,Oil Sardine,Sardinella longiceps,2881494.1,2943,979.1
2021-05-01,2021,5,Kollam,Indian Mackerel,Rastrelliger kanagurta,2033359.3,2943,690.91
2021-05-01,2021,5,Kollam,Seer Fish,Scomberomorus commerson,694888.3,2943,236.12
2021-05-01,2021,5,Kollam,Coastal Tuna,Euthynnus affinis,896054.1,2943,304.47
2021-05-01,2021,5,Alappuzha,Oil Sardine,Sardinella longiceps,1223328.5,1911,640.15
2021-05-01,2021,5,Alappuzha,Indian Mackerel,Rastrelliger kanagurta,707049.0,1911,369.99
2021-05-01,2021,5,Alappuzha,Seer Fish,Scomberomorus commerson,256097.4,1911,134.01
2021-05-01,2021,5,Alappuzha,Coastal Tuna,Euthynnus affinis,304659.0,1911,159.42
2021-05-01,2021,5,Ernakulam,Oil Sardine,Sardinella longiceps,2048133.8,2851,718.39
2021-05-01,2021,5,Ernakulam,Indian Mackerel,Rastrelliger kanagurta,1514733.4,2851,531.3
2021-05-01,2021,5,Ernakulam,Seer Fish,Scomberomorus commerson,594565.2,2851,208.55
2021-05-01,2021,5,Ernakulam,Coastal Tuna,Euthynnus affinis,725920.2,2851,254.62
2021-05-01,2021,5,Thrissur,Oil Sardine,Sardinella longiceps,215357.5,1278,168.51
2021-05-01,2021,5,Thrissur,Indian Mackerel,Rastrelliger kanagurta,176527.9,1278,138.13
2021-05-01,2021,5,Thrissur,Seer Fish,Scomberomorus commerson,52709.1,1278,41.24
2021-05-01,2021,5,Thrissur,Coastal Tuna,Euthynnus affinis,69820.2,1278,54.63
2021-05-01,2021,5,Malappuram,Oil Sardine,Sardinella longiceps,654072.5,2109,310.13
2021-05-01,2021,5,Malappuram,Indian Mackerel,Rastrelliger kanagurta,491491.2,2109,233.04
2021-05-01,2021,5,Malappuram,Seer Fish,Scomberomorus commerson,180502.9,2109,85.59
2021-05-01,2021,5,Malappuram,Coastal Tuna,Euthynnus affinis,240569.9,2109,114.07
2021-05-01,2021,5,Kozhikode,Oil Sardine,Sardinella longiceps,2595367.8,2686,966.26
2021-05-01,2021,5,Kozhikode,Indian Mackerel,Rastrelliger kanagurta,1481737.9,2686,551.65
2021-05-01,2021,5,Kozhikode,Seer Fish,Scomberomorus commerson,492916.7,2686,183.51
2021-05-01,2021,5,Kozhikode,Coastal Tuna,Euthynnus affinis,735529.4,2686,273.84
2021-05-01,2021,5,Kannur,Oil Sardine,Sardinella longiceps,1238506.8,2156,574.45
2021-05-01,2021,5,Kannur,Indian Mackerel,Rastrelliger kanagurta,786609.6,2156,364.85
2021-05-01,2021,5,Kannur,Seer Fish,Scomberomorus commerson,232448.3,2156,107.81
2021-05-01,2021,5,Kannur,Coastal Tuna,Euthynnus affinis,362761.3,2156,168.26
2021-05-01,2021,5,Kasaragod,Oil Sardine,Sardinella longiceps,429201.5,1752,244.98
2021-05-01,2021,5,Kasaragod,Indian Mackerel,Rastrelliger kanagurta,274108.7,1752,156.45
2021-05-01,2021,5,Kasaragod,Seer Fish,Scomberomorus commerson,101624.4,1752,58.0
2021-05-01,2021,5,Kasaragod,Coastal Tuna,Euthynnus affinis,96328.7,1752,54.98
2021-06-01,2021,6,Thiruvananthapuram,Oil Sardine,Sardinella longiceps,1328130.6,418,3177.35
2021-06-01,2021,6,Thiruvananthapuram,Indian Mackerel,Rastrelliger kanagurta,493631.5,418,1180.94
2021-06-01,2021,6,Thiruvananthapuram,Seer Fish,Scomberomorus commerson,87870.4,418,210.22
2021-06-01,2021,6,Thiruvananthapuram,Coastal Tuna,Euthynnus affinis,147721.6,418,353.4
2021-06-01,2021,6,Kollam,Oil Sardine,Sardinella longiceps,5399854.6,723,7468.68
2021-06-01,2021,6,Kollam,Indian Mackerel,Rastrelliger kanagurta,1925350.9,723,2663.0
2021-06-01,2021,6,Kollam,Seer Fish,Scomberomorus commerson,386090.5,723,534.01
2021-06-01,2021,6,Kollam,Coastal Tuna,Euthynnus affinis,534784.2,723,739.67
2021-06-01,2021,6,Alappuzha,Oil Sardine,Sardinella longiceps,3933239.0,666,5905.76
2021-06-01,2021,6,Alappuzha,Indian Mackerel,Rastrelliger kanagurta,1105586.6,666,1660.04
2021-06-01,2021,6,Alappuzha,Seer Fish,Scomberomorus commerson,248103.0,666,372.53
2021-06-01,2021,6,Alappuzha,Coastal Tuna,Euthynnus affinis,293038.7,666,440.0
2021-06-01,2021,6,Ernakulam,Oil Sardine,Sardinella longiceps,3594319.5,469,7663.79
2021-06-01,2021,6,Ernakulam,Indian Mackerel,Rastrelliger kanagurta,1181352.5,469,2518.88
2021-06-01,2021,6,Ernakulam,Seer Fish,Scomberomorus commerson,248831.2,469,530.56
2021-06-01,2021,6,Ernakulam,Coastal Tuna,Euthynnus affinis,265432.0,469,565.95
2021-06-01,2021,6,Thrissur,Oil Sardine,Sardinella longiceps,328349.3,216,1520.14
2021-06-01,2021,6,Thrissur,Indian Mackerel,Rastrelliger kanagurta,112427.5,216,520.5
2021-06-01,2021,6,Thrissur,Seer Fish,Scomberomorus commerson,24601.2,216,113.89
2021-06-01,2021,6,Thrissur,Coastal Tuna,Euthynnus affinis,32547.4,216,150.68
2021-06-01,2021,6,Malappuram,Oil Sardine,Sardinella longiceps,1447740.6,417,3471.8
2021-06-01,2021,6,Malappuram,Indian Mackerel,Rastrelliger kanagurta,425622.5,417,1020.68
2021-06-01,2021,6,Malappuram,Seer Fish,Scomberomorus commerson,98700.6,417,236.69
2021-06-01,2021,6,Malappuram,Coastal Tuna,Euthynnus affinis,127757.8,417,306.37
2021-06-01,2021,6,Kozhikode,Oil Sardine,Sardinella longiceps,3457329.1,518,6674.38
2021-06-01,2021,6,Kozhikode,Indian Mackerel,Rastrelliger kanagurta,1082211.8,518,2089.21
2021-06-01,2021,6,Kozhikode,Seer Fish,Scomberomorus commerson,233510.3,518,450.79
2021-06-01,2021,6,Kozhikode,Coastal Tuna,Euthynnus affinis,389975.9,518,752.85
2021-06-01,2021,6,Kannur,Oil Sardine,Sardinella longiceps,1423507.5,345,4126.11
2021-06-01,2021,6,Kannur,Indian Mackerel,Rastrelliger kanagurta,444842.1,345,1289.4
2021-06-01,2021,6,Kannur,Seer Fish,Scomberomorus commerson,113667.4,345,329.47
2021-06-01,2021,6,Kannur,Coastal Tuna,Euthynnus affinis,124280.1,345,360.23
2021-06-01,2021,6,Kasaragod,Oil Sardine,Sardinella longiceps,795817.8,359,2216.76
2021-06-01,2021,6,Kasaragod,Indian Mackerel,Rastrelliger kanagurta,243888.7,359,679.36
2021-06-01,2021,6,Kasaragod,Seer Fish,Scomberomorus commerson,46184.5,359,128.65
2021-06-01,2021,6,Kasaragod,Coastal Tuna,Euthynnus affinis,58445.2,359,162.8
2021-07-01,2021,7,Thiruvananthapuram,Oil Sardine,Sardinella longiceps,1583790.9,486,3258.83
2021-07-01,2021,7,Thiruvananthapuram,Indian Mackerel,Rastrelliger kanagurta,305914.1,486,629.45
2021-07-01,2021,7,Thiruvananthapuram,Seer Fish,Scomberomorus commerson,67024.9,486,137.91
2021-07-01,2021,7,Thiruvananthapuram,Coastal Tuna,Euthynnus affinis,49841.8,486,102.56
2021-07-01,2021,7,Kollam,Oil Sardine,Sardinella longiceps,4045698.3,631,6411.57
2021-07-01,2021,7,Kollam,Indian Mackerel,Rastrelliger kanagurta,1104367.1,631,1750.19
2021-07-01,2021,7,Kollam,Seer Fish,Scomberomorus commerson,156002.8,631,247.23
2021-07-01,2021,7,Kollam,Coastal Tuna,Euthynnus affinis,161809.1,631,256.43
2021-07-01,2021,7,Alappuzha,Oil Sardine,Sardinella longiceps,2357403.1,485,4860.62
2021-07-01,2021,7,Alappuzha,Indian Mackerel,Rastrelliger kanagurta,555190.9,485,1144.72
2021-07-01,2021,7,Alappuzha,Seer Fish,Scomberomorus commerson,116051.7,485,239.28
2021-07-01,2021,7,Alappuzha,Coastal Tuna,Euthynnus affinis,80499.6,485,165.98
2021-07-01,2021,7,Ernakulam,Oil Sardine,Sardinella longiceps,5354231.6,738,7255.06
2021-07-01,2021,7,Ernakulam,Indian Mackerel,Rastrelliger kanagurta,1273299.7,738,1725.34
2021-07-01,2021,7,Ernakulam,Seer Fish,Scomberomorus commerson,234222.9,738,317.38
2021-07-01,2021,7,Ernakulam,Coastal Tuna,Euthynnus affinis,206671.7,738,280.04
2021-07-01,2021,7,Thrissur,Oil Sardine,Sardinella longiceps,323661.1,213,1519.54
2021-07-01,2021,7,Thrissur,Indian Mackerel,Rastrelliger kanagurta,72474.5,213,340.26
2021-07-01,2021,7,Thrissur,Seer Fish,Scomberomorus commerson,11510.9,213,54.04
2021-07-01,2021,7,Thrissur,Coastal Tuna,Euthynnus affinis,11034.0,213,51.8
2021-07-01,2021,7,Malappuram,Oil Sardine,Sardinella longiceps,829950.1,309,2685.92
2021-07-01,2021,7,Malappuram,Indian Mackerel,Rastrelliger kanagurta,173397.9,309,561.16
2021-07-01,2021,7,Malappuram,Seer Fish,Scomberomorus commerson,34504.0,309,111.66
2021-07-01,2021,7,Malappuram,Coastal Tuna,Euthynnus affinis,33819.3,309,109.45
2021-07-01,2021,7,Kozhikode,Oil Sardine,Sardinella longiceps,3674046.2,626,5869.08
2021-07-01,2021,7,Kozhikode,Indian Mackerel,Rastrelliger kanagurta,864674.3,626,1381.27
2021-07-01,2021,7,Kozhikode,Seer Fish,Scomberomorus commerson,180462.2,626,288.28
2021-07-01,2021,7,Kozhikode,Coastal Tuna,Euthynnus affinis,146255.9,626,233.64
2021-07-01,2021,7,Kannur,Oil Sardine,Sardinella longiceps,1130026.4,355,3183.17
2021-07-01,2021,7,Kannur,Indian Mackerel,Rastrelliger kanagurta,273463.7,355,770.32
2021-07-01,2021,7,Kannur,Seer Fish,Scomberomorus commerson,52587.7,355,148.13
2021-07-01,2021,7,Kannur,Coastal Tuna,Euthynnus affinis,44730.0,355,126.0
2021-07-01,2021,7,Kasaragod,Oil Sardine,Sardinella longiceps,603481.1,310,1946.71
2021-07-01,2021,7,Kasaragod,Indian Mackerel,Rastrelliger kanagurta,100745.4,310,324.99
2021-07-01,2021,7,Kasaragod,Seer Fish,Scomberomorus commerson,24989.7,310,80.61
2021-07-01,2021,7,Kasaragod,Coastal Tuna,Euthynnus affinis,19144.6,310,61.76
2021-08-01,2021,8,Thiruvananthapuram,Oil Sardine,Sardinella longiceps,5116612.8,1658,3086.01
2021-08-01,2021,8,Thiruvananthapuram,Indian Mackerel,Rastrelliger kanagurta,1425841.3,1658,859.98
2021-08-01,2021,8,Thiruvananthapuram,Seer Fish,Scomberomorus commerson,240453.8,1658,145.03
2021-08-01,2021,8,Thiruvananthapuram,Coastal Tuna,Euthynnus affinis,252594.6,1658,152.35
2021-08-01,2021,8,Kollam,Oil Sardine,Sardinella longiceps,18900522.5,2538,7447.01
2021-08-01,2021,8,Kollam,Indian Mackerel,Rastrelliger kanagurta,4685369.6,2538,1846.09
2021-08-01,2021,8,Kollam,Seer Fish,Scomberomorus commerson,888998.7,2538,350.28
2021-08-01,2021,8,Kollam,Coastal Tuna,Euthynnus affinis,987827.2,2538,389.21
2021-08-01,2021,8,Alappuzha,Oil Sardine,Sardinella longiceps,10105452.6,2248,4495.31
2021-08-01,2021,8,Alappuzha,Indian Mackerel,Rastrelliger kanagurta,2855346.4,2248,1270.17
2021-08-01,2021,8,Alappuzha,Seer Fish,Scomberomorus commerson,512658.4,2248,228.05
2021-08-01,2021,8,Alappuzha,Coastal Tuna,Euthynnus affinis,500351.4,2248,222.58
2021-08-01,2021,8,Ernakulam,Oil Sardine,Sardinella longiceps,18638766.8,2964,6288.38
2021-08-01,2021,8,Ernakulam,Indian Mackerel,Rastrelliger kanagurta,5042712.0,2964,1701.32
2021-08-01,2021,8,Ernakulam,Seer Fish,Scomberomorus commerson,927766.0,2964,313.01
2021-08-01,2021,8,Ernakulam,Coastal Tuna,Euthynnus affinis,951157.7,2964,320.9
2021-08-01,2021,8,Thrissur,Oil Sardine,Sardinella longiceps,1910863.9,1316,1452.02
2021-08-01,2021,8,Thrissur,Indian Mackerel,Rastrelliger kanagurta,529647.4,1316,402.47
2021-08-01,2021,8,Thrissur,Seer Fish,Scomberomorus commerson,102418.2,1316,77.83
2021-08-01,2021,8,Thrissur,Coastal Tuna,Euthynnus affinis,92376.3,1316,70.19
2021-08-01,2021,8,Malappuram,Oil Sardine,Sardinella longiceps,5370323.9,2011,2670.47
2021-08-01,2021,8,Malappuram,Indian Mackerel,Rastrelliger kanagurta,1515319.3,2011,753.52
2021-08-01,2021,8,Malappuram,Seer Fish,Scomberomorus commerson,274913.6,2011,136.7
2021-08-01,2021,8,Malappuram,Coastal Tuna,Euthynnus affinis,265360.9,2011,131.95
2021-08-01,2021,8,Kozhikode,Oil Sardine,Sardinella longiceps,19789138.1,3010,6574.46
2021-08-01,2021,8,Kozhikode,Indian Mackerel,Rastrelliger kanagurta,4994040.5,3010,1659.15
2021-08-01,2021,8,Kozhikode,Seer Fish,Scomberomorus commerson,960014.0,3010,318.94
2021-08-01,2021,8,Kozhikode,Coastal Tuna,Euthynnus affinis,967215.3,3010,321.33
2021-08-01,2021,8,Kannur,Oil Sardine,Sardinella longiceps,6169168.6,1731,3563.93
2021-08-01,2021,8,Kannur,Indian Mackerel,Rastrelliger kanagurta,1621868.7,1731,936.95
2021-08-01,2021,8,Kannur,Seer Fish,Scomberomorus commerson,269228.3,1731,155.53
2021-08-01,2021,8,Kannur,Coastal Tuna,Euthynnus affinis,355670.5,1731,205.47
2021-08-01,2021,8,Kasaragod,Oil Sardine,Sardinella longiceps,2710910.5,1511,1794.12
2021-08-01,2021,8,Kasaragod,Indian Mackerel,Rastrelliger kanagurta,773926.0,1511,512.19
2021-08-01,2021,8,Kasaragod,Seer Fish,Scomberomorus commerson,137745.3,1511,91.16
2021-08-01,2021,8,Kasaragod,Coastal Tuna,Euthynnus affinis,141557.1,1511,93.68
2021-09-01,2021,9,Thiruvananthapuram,Oil Sardine,Sardinella longiceps,4865357.3,2360,2061.59
2021-09-01,2021,9,Thiruvananthapuram,Indian Mackerel,Rastrelliger kanagurta,1648604.4,2360,698.56
2021-09-01,2021,9,Thiruvananthapuram,Seer Fish,Scomberomorus commerson,325557.4,2360,137.95
2021-09-01,2021,9,Thiruvananthapuram,Coastal Tuna,Euthynnus affinis,404665.0,2360,171.47
2021-09-01,2021,9,Kollam,Oil Sardine,Sardinella longiceps,10759912.5,2148,5009.27
2021-09-01,2021,9,Kollam,Indian Mackerel,Rastrelliger kanagurta,3387823.3,2148,1577.2
2021-09-01,2021,9,Kollam,Seer Fish,Scomberomorus commerson,661054.7,2148,307.75
2021-09-01,2021,9,Kollam,Coastal Tuna,Euthynnus affinis,666580.5,2148,310.33
2021-09-01,2021,9,Alappuzha,Oil Sardine,Sardinella longiceps,10183012.1,2609,3903.03
2021-09-01,2021,9,Alappuzha,Indian Mackerel,Rastrelliger kanagurta,2981411.6,2609,1142.74
2021-09-01,2021,9,Alappuzha,Seer Fish,Scomberomorus commerson,583795.1,2609,223.76
2021-09-01,2021,9,Alappuzha,Coastal Tuna,Euthynnus affinis,659735.2,2609,252.87
2021-09-01,2021,9,Ernakulam,Oil Sardine,Sardinella longiceps,11915252.3,2412,4939.99
2021-09-01,2021,9,Ernakulam,Indian Mackerel,Rastrelliger kanagurta,3408566.8,2412,1413.17
2021-09-01,2021,9,Ernakulam,Seer Fish,Scomberomorus commerson,736853.2,2412,305.49
2021-09-01,2021,9,Ernakulam,Coastal Tuna,Euthynnus affinis,620597.5,2412,257.3
2021-09-01,2021,9,Thrissur,Oil Sardine,Sardinella longiceps,1340078.4,1207,1110.26
2021-09-01,2021,9,Thrissur,Indian Mackerel,Rastrelliger kanagurta,429832.6,1207,356.12
2021-09-01,2021,9,Thrissur,Seer Fish,Scomberomorus commerson,78233.2,1207,64.82
2021-09-01,2021,9,Thrissur,Coastal Tuna,Euthynnus affinis,92119.6,1207,76.32
2021-09-01,2021,9,Malappuram,Oil Sardine,Sardinella longiceps,4358931.6,2028,2149.37
2021-09-01,2021,9,Malappuram,Indian Mackerel,Rastrelliger kanagurta,1265718.5,2028,624.12
2021-09-01,2021,9,Malappuram,Seer Fish,Scomberomorus commerson,283418.3,2028,139.75
2021-09-01,2021,9,Malappuram,Coastal Tuna,Euthynnus affinis,246229.9,2028,121.42
2021-09-01,2021,9,Kozhikode,Oil Sardine,Sardinella longiceps,12624052.8,2623,4812.83
2021-09-01,2021,9,Kozhikode,Indian Mackerel,Rastrelliger kanagurta,3457123.6,2623,1318.0
2021-09-01,2021,9,Kozhikode,Seer Fish,Scomberomorus commerson,798168.7,2623,304.3
2021-09-01,2021,9,Kozhikode,Coastal Tuna,Euthynnus affinis,841805.5,2623,320.93
2021-09-01,2021,9,Kannur,Oil Sardine,Sardinella longiceps,5474211.1,2127,2573.68
2021-09-01,2021,9,Kannur,Indian Mackerel,Rastrelliger kanagurta,1625322.7,2127,764.14
2021-09-01,2021,9,Kannur,Seer Fish,Scomberomorus commerson,377071.9,2127,177.28
2021-09-01,2021,9,Kannur,Coastal Tuna,Euthynnus affinis,383745.2,2127,180.42
2021-09-01,2021,9,Kasaragod,Oil Sardine,Sardinella longiceps,1918510.8,1333,1439.24
2021-09-01,2021,9,Kasaragod,Indian Mackerel,Rastrelliger kanagurta,595470.4,1333,446.71
2021-09-01,2021,9,Kasaragod,Seer Fish,Scomberomorus commerson,107066.4,1333,80.32
2021-09-01,2021,9,Kasaragod,Coastal Tuna,Euthynnus affinis,130278.6,1333,97.73
2021-10-01,2021,10,Thiruvananthapuram,Oil Sardine,Sardinella longiceps,1866201.6,1786,1044.91
2021-10-01,2021,10,Thiruvananthapuram,Indian Mackerel,Rastrelliger kanagurta,765053.8,1786,428.36
2021-10-01,2021,10,Thiruvananthapuram,Seer Fish,Scomberomorus commerson,142552.9,1786,79.82
2021-10-01,2021,10,Thiruvananthapuram,Coastal Tuna,Euthynnus affinis,186868.1,1786,104.63
2021-10-01,2021,10,Kollam,Oil Sardine,Sardinella longiceps,5802866.6,2766,2097.93
2021-10-01,2021,10,Kollam,Indian Mackerel,Rastrelliger kanagurta,2228296.4,2766,805.6
2021-10-01,2021,10,Kollam,Seer Fish,Scomberomorus commerson,542995.2,2766,196.31
2021-10-01,2021,10,Kollam,Coastal Tuna,Euthynnus affinis,539907.0,2766,195.19
2021-10-01,2021,10,Alappuzha,Oil Sardine,Sardinella longiceps,3749738.5,2524,1485.63
2021-10-01,2021,10,Alappuzha,Indian Mackerel,Rastrelliger kanagurta,1514963.1,2524,600.22
2021-10-01,2021,10,Alappuzha,Seer Fish,Scomberomorus commerson,350937.5,2524,139.04
2021-10-01,2021,10,Alappuzha,Coastal Tuna,Euthynnus affinis,430873.5,2524,170.71
2021-10-01,2021,10,Ernakulam,Oil Sardine,Sardinella longiceps,5851048.7,3329,1757.6
2021-10-01,2021,10,Ernakulam,Indian Mackerel,Rastrelliger kanagurta,2503332.4,3329,751.98
2021-10-01,2021,10,Ernakulam,Seer Fish,Scomberomorus commerson,662271.4,3329,198.94
2021-10-01,2021,10,Ernakulam,Coastal Tuna,Euthynnus affinis,623693.4,3329,187.35
2021-10-01,2021,10,Thrissur,Oil Sardine,Sardinella longiceps,412266.6,1123,367.11
2021-10-01,2021,10,Thrissur,Indian Mackerel,Rastrelliger kanagurta,210685.6,1123,187.61
2021-10-01,2021,10,Thrissur,Seer Fish,Scomberomorus commerson,43863.2,1123,39.06
2021-10-01,2021,10,Thrissur,Coastal Tuna,Euthynnus affinis,62548.6,1123,55.7
2021-10-01,2021,10,Malappuram,Oil Sardine,Sardinella longiceps,1301679.9,1721,756.35
2021-10-01,2021,10,Malappuram,Indian Mackerel,Rastrelliger kanagurta,501817.0,1721,291.58
2021-10-01,2021,10,Malappuram,Seer Fish,Scomberomorus commerson,149203.9,1721,86.7
2021-10-01,2021,10,Malappuram,Coastal Tuna,Euthynnus affinis,119525.1,1721,69.45
2021-10-01,2021,10,Kozhikode,Oil Sardine,Sardinella longiceps,5474339.7,2890,1894.24
2021-10-01,2021,10,Kozhikode,Indian Mackerel,Rastrelliger kanagurta,2115888.0,2890,732.14
2021-10-01,2021,10,Kozhikode,Seer Fish,Scomberomorus commerson,450732.8,2890,155.96
2021-10-01,2021,10,Kozhikode,Coastal Tuna,Euthynnus affinis,586503.5,2890,202.94
2021-10-01,2021,10,Kannur,Oil Sardine,Sardinella longiceps,2204003.0,2075,1062.17
2021-10-01,2021,10,Kannur,Indian Mackerel,Rastrelliger kanagurta,742928.4,2075,358.04
2021-10-01,2021,10,Kannur,Seer Fish,Scomberomorus commerson,204149.1,2075,98.39
2021-10-01,2021,10,Kannur,Coastal Tuna,Euthynnus affinis,259738.3,2075,125.18
2021-10-01,2021,10,Kasaragod,Oil Sardine,Sardinella longiceps,786040.6,1404,559.86
2021-10-01,2021,10,Kasaragod,Indian Mackerel,Rastrelliger kanagurta,279512.3,1404,199.08
2021-10-01,2021,10,Kasaragod,Seer Fish,Scomberomorus commerson,72940.1,1404,51.95
2021-10-01,2021,10,Kasaragod,Coastal Tuna,Euthynnus affinis,81791.4,1404,58.26
2021-11-01,2021,11,Thiruvananthapuram,Oil Sardine,Sardinella longiceps,1969188.8,2073,949.92
2021-11-01,2021,11,Thiruvananthapuram,Indian Mackerel,Rastrelliger kanagurta,850726.5,2073,410.38
2021-11-01,2021,11,Thiruvananthapuram,Seer Fish,Scomberomorus commerson,254282.6,2073,122.66
2021-11-01,2021,11,Thiruvananthapuram,Coastal Tuna,Euthynnus affinis,272727.5,2073,131.56
2021-11-01,2021,11,Kollam,Oil Sardine,Sardinella longiceps,5473459.8,2373,2306.56
2021-11-01,2021,11,Kollam,Indian Mackerel,Rastrelliger kanagurta,2035983.7,2373,857.98
2021-11-01,2021,11,Kollam,Seer Fish,Scomberomorus commerson,486152.7,2373,204.87
2021-11-01,2021,11,Kollam,Coastal Tuna,Euthynnus affinis,681242.9,2373,287.08
2021-11-01,2021,11,Alappuzha,Oil Sardine,Sardinella longiceps,3466960.6,2099,1651.72
2021-11-01,2021,11,Alappuzha,Indian Mackerel,Rastrelliger kanagurta,1331618.6,2099,634.41
2021-11-01,2021,11,Alappuzha,Seer Fish,Scomberomorus commerson,362442.4,2099,172.67
2021-11-01,2021,11,Alappuzha,Coastal Tuna,Euthynnus affinis,348482.9,2099,166.02
2021-11-01,2021,11,Ernakulam,Oil Sardine,Sardinella longiceps,4447553.6,2225,1998.9
2021-11-01,2021,11,Ernakulam,Indian Mackerel,Rastrelliger kanagurta,1901439.9,2225,854.58
2021-11-01,2021,11,Ernakulam,Seer Fish,Scomberomorus commerson,579900.5,2225,260.63
2021-11-01,2021,11,Ernakulam,Coastal Tuna,Euthynnus affinis,609772.8,2225,274.06
2021-11-01,2021,11,Thrissur,Oil Sardine,Sardinella longiceps,578656.5,1028,562.9
2021-11-01,2021,11,Thrissur,Indian Mackerel,Rastrelliger kanagurta,205590.9,1028,199.99
2021-11-01,2021,11,Thrissur,Seer Fish,Scomberomorus commerson,47424.4,1028,46.13
2021-11-01,2021,11,Thrissur,Coastal Tuna,Euthynnus affinis,52727.2,1028,51.29
2021-11-01,2021,11,Malappuram,Oil Sardine,Sardinella longiceps,1866507.3,2082,896.5
2021-11-01,2021,11,Malappuram,Indian Mackerel,Rastrelliger kanagurta,862104.7,2082,414.08
2021-11-01,2021,11,Malappuram,Seer Fish,Scomberomorus commerson,193217.8,2082,92.8
2021-11-01,2021,11,Malappuram,Coastal Tuna,Euthynnus affinis,173413.4,2082,83.29
2021-11-01,2021,11,Kozhikode,Oil Sardine,Sardinella longiceps,5730053.4,2988,1917.69
2021-11-01,2021,11,Kozhikode,Indian Mackerel,Rastrelliger kanagurta,2290717.9,2988,766.64
2021-11-01,2021,11,Kozhikode,Seer Fish,Scomberomorus commerson,595414.9,2988,199.27
2021-11-01,2021,11,Kozhikode,Coastal Tuna,Euthynnus affinis,748515.0,2988,250.51
2021-11-01,2021,11,Kannur,Oil Sardine,Sardinella longiceps,2184403.3,2032,1075.0
2021-11-01,2021,11,Kannur,Indian Mackerel,Rastrelliger kanagurta,954348.9,2032,469.66
2021-11-01,2021,11,Kannur,Seer Fish,Scomberomorus commerson,246364.3,2032,121.24
2021-11-01,2021,11,Kannur,Coastal Tuna,Euthynnus affinis,283835.5,2032,139.68
2021-11-01,2021,11,Kasaragod,Oil Sardine,Sardinella longiceps,835924.2,1423,587.44
2021-11-01,2021,11,Kasaragod,Indian Mackerel,Rastrelliger kanagurta,356826.8,1423,250.76
2021-11-01,2021,11,Kasaragod,Seer Fish,Scomberomorus commerson,115097.4,1423,80.88
2021-11-01,2021,11,Kasaragod,Coastal Tuna,Euthynnus affinis,123853.4,1423,87.04
2021-12-01,2021,12,Thiruvananthapuram,Oil Sardine,Sardinella longiceps,1471750.2,1833,802.92
2021-12-01,2021,12,Thiruvananthapuram,Indian Mackerel,Rastrelliger kanagurta,1026083.2,1833,559.78
2021-12-01,2021,12,Thiruvananthapuram,Seer Fish,Scomberomorus commerson,177927.6,1833,97.07
2021-12-01,2021,12,Thiruvananthapuram,Coastal Tuna,Euthynnus affinis,213096.2,1833,116.26
2021-12-01,2021,12,Kollam,Oil Sardine,Sardinella longiceps,6686834.5,3035,2203.24
2021-12-01,2021,12,Kollam,Indian Mackerel,Rastrelliger kanagurta,2708684.5,3035,892.48
2021-12-01,2021,12,Kollam,Seer Fish,Scomberomorus commerson,739632.3,3035,243.7
2021-12-01,2021,12,Kollam,Coastal Tuna,Euthynnus affinis,765211.8,3035,252.13
2021-12-01,2021,12,Alappuzha,Oil Sardine,Sardinella longiceps,4399993.0,2841,1548.75
2021-12-01,2021,12,Alappuzha,Indian Mackerel,Rastrelliger kanagurta,1782542.5,2841,627.43
2021-12-01,2021,12,Alappuzha,Seer Fish,Scomberomorus commerson,444732.6,2841,156.54
2021-12-01,2021,12,Alappuzha,Coastal Tuna,Euthynnus affinis,545396.6,2841,191.97
2021-12-01,2021,12,Ernakulam,Oil Sardine,Sardinella longiceps,5424526.3,2580,2102.53
2021-12-01,2021,12,Ernakulam,Indian Mackerel,Rastrelliger kanagurta,1834022.3,2580,710.86
2021-12-01,2021,12,Ernakulam,Seer Fish,Scomberomorus commerson,477055.9,2580,184.91
2021-12-01,2021,12,Ernakulam,Coastal Tuna,Euthynnus affinis,592561.3,2580,229.67
2021-12-01,2021,12,Thrissur,Oil Sardine,Sardinella longiceps,616144.9,1240,496.89
2021-12-01,2021,12,Thrissur,Indian Mackerel,Rastrelliger kanagurta,252717.7,1240,203.8
2021-12-01,2021,12,Thrissur,Seer Fish,Scomberomorus commerson,67795.0,1240,54.67
2021-12-01,2021,12,Thrissur,Coastal Tuna,Euthynnus affinis,77985.5,1240,62.89
2021-12-01,2021,12,Malappuram,Oil Sardine,Sardinella longiceps,1666313.0,1717,970.48
2021-12-01,2021,12,Malappuram,Indian Mackerel,Rastrelliger kanagurta,668574.3,1717,389.39
2021-12-01,2021,12,Malappuram,Seer Fish,Scomberomorus commerson,139624.0,1717,81.32
2021-12-01,2021,12,Malappuram,Coastal Tuna,Euthynnus affinis,180008.1,1717,104.84
2021-12-01,2021,12,Kozhikode,Oil Sardine,Sardinella longiceps,5683643.4,2824,2012.62
2021-12-01,2021,12,Kozhikode,Indian Mackerel,Rastrelliger kanagurta,2178507.7,2824,771.43
2021-12-01,2021,12,Kozhikode,Seer Fish,Scomberomorus commerson,489362.3,2824,173.29
2021-12-01,2021,12,Kozhikode,Coastal Tuna,Euthynnus affinis,558533.4,2824,197.78
2021-12-01,2021,12,Kannur,Oil Sardine,Sardinella longiceps,2192114.6,1903,1151.93
2021-12-01,2021,12,Kannur,Indian Mackerel,Rastrelliger kanagurta,913363.9,1903,479.96
2021-12-01,2021,12,Kannur,Seer Fish,Scomberomorus commerson,210532.3,1903,110.63
2021-12-01,2021,12,Kannur,Coastal Tuna,Euthynnus affinis,248569.5,1903,130.62
2021-12-01,2021,12,Kasaragod,Oil Sardine,Sardinella longiceps,908766.9,1703,533.63
2021-12-01,2021,12,Kasaragod,Indian Mackerel,Rastrelliger kanagurta,403669.8,1703,237.03
2021-12-01,2021,12,Kasaragod,Seer Fish,Scomberomorus commerson,104614.4,1703,61.43
2021-12-01,2021,12,Kasaragod,Coastal Tuna,Euthynnus affinis,93177.3,1703,54.71
2022-01-01,2022,1,Thiruvananthapuram,Oil Sardine,Sardinella longiceps,1542506.1,1951,790.62
2022-01-01,2022,1,Thiruvananthapuram,Indian Mackerel,Rastrelliger kanagurta,686357.8,1951,351.8
2022-01-01,2022,1,Thiruvananthapuram,Seer Fish,Scomberomorus commerson,165050.2,1951,84.6
2022-01-01,2022,1,Thiruvananthapuram,Coastal Tuna,Euthynnus affinis,153051.1,1951,78.45
2022-01-01,2022,1,Kollam,Oil Sardine,Sardinella longiceps,6356318.9,3349,1897.98
2022-01-01,2022,1,Kollam,Indian Mackerel,Rastrelliger kanagurta,2855208.0,3349,852.56
2022-01-01,2022,1,Kollam,Seer Fish,Scomberomorus commerson,685662.2,3349,204.74
2022-01-01,2022,1,Kollam,Coastal Tuna,Euthynnus affinis,659135.1,3349,196.82
2022-01-01,2022,1,Alappuzha,Oil Sardine,Sardinella longiceps,3512326.8,2456,1430.1
2022-01-01,2022,1,Alappuzha,Indian Mackerel,Rastrelliger kanagurta,1303209.1,2456,530.62
2022-01-01,2022,1,Alappuzha,Seer Fish,Scomberomorus commerson,271307.3,2456,110.47
2022-01-01,2022,1,Alappuzha,Coastal Tuna,Euthynnus affinis,332698.5,2456,135.46
2022-01-01,2022,1,Ernakulam,Oil Sardine,Sardinella longiceps,6506922.8,3612,1801.47
2022-01-01,2022,1,Ernakulam,Indian Mackerel,Rastrelliger kanagurta,2579238.3,3612,714.07
2022-01-01,2022,1,Ernakulam,Seer Fish,Scomberomorus commerson,584560.3,3612,161.84
2022-01-01,2022,1,Ernakulam,Coastal Tuna,Euthynnus affinis,638417.8,3612,176.75
2022-01-01,2022,1,Thrissur,Oil Sardine,Sardinella longiceps,656490.8,1527,429.92
2022-01-01,2022,1,Thrissur,Indian Mackerel,Rastrelliger kanagurta,219625.3,1527,143.83
2022-01-01,2022,1,Thrissur,Seer Fish,Scomberomorus commerson,61968.2,1527,40.58
2022-01-01,2022,1,Thrissur,Coastal Tuna,Euthynnus affinis,62757.4,1527,41.1
2022-01-01,2022,1,Malappuram,Oil Sardine,Sardinella longiceps,1651007.1,1964,840.63
2022-01-01,2022,1,Malappuram,Indian Mackerel,Rastrelliger kanagurta,571972.4,1964,291.23
2022-01-01,2022,1,Malappuram,Seer Fish,Scomberomorus commerson,143767.3,1964,73.2
2022-01-01,2022,1,Malappuram,Coastal Tuna,Euthynnus affinis,146536.9,1964,74.61
2022-01-01,2022,1,Kozhikode,Oil Sardine,Sardinella longiceps,3952578.9,2346,1684.82
2022-01-01,2022,1,Kozhikode,Indian Mackerel,Rastrelliger kanagurta,1508495.1,2346,643.01
2022-01-01,2022,1,Kozhikode,Seer Fish,Scomberomorus commerson,415174.2,2346,176.97
2022-01-01,2022,1,Kozhikode,Coastal Tuna,Euthynnus affinis,433697.6,2346,184.87
2022-01-01,2022,1,Kannur,Oil Sardine,Sardinella longiceps,2104987.5,2033,1035.41
2022-01-01,2022,1,Kannur,Indian Mackerel,Rastrelliger kanagurta,623690.4,2033,306.78
2022-01-01,2022,1,Kannur,Seer Fish,Scomberomorus commerson,175280.1,2033,86.22
2022-01-01,2022,1,Kannur,Coastal Tuna,Euthynnus affinis,208014.1,2033,102.32
2022-01-01,2022,1,Kasaragod,Oil Sardine,Sardinella longiceps,899182.4,1645,546.62
2022-01-01,2022,1,Kasaragod,Indian Mackerel,Rastrelliger kanagurta,332762.6,1645,202.29
2022-01-01,2022,1,Kasaragod,Seer Fish,Scomberomorus commerson,95826.6,1645,58.25
2022-01-01,2022,1,Kasaragod,Coastal Tuna,Euthynnus affinis,76924.3,1645,46.76
2022-02-01,2022,2,Thiruvananthapuram,Oil Sardine,Sardinella longiceps,2247099.7,2097,1071.58
2022-02-01,2022,2,Thiruvananthapuram,Indian Mackerel,Rastrelliger kanagurta,957409.5,2097,456.56
2022-02-01,2022,2,Thiruvananthapuram,Seer Fish,Scomberomorus commerson,234019.2,2097,111.6
2022-02-01,2022,2,Thiruvananthapuram,Coastal Tuna,Euthynnus affinis,194602.1,2097,92.8
2022-02-01,2022,2,Kollam,Oil Sardine,Sardinella longiceps,6777073.7,3105,2182.63
2022-02-01,2022,2,Kollam,Indian Mackerel,Rastrelliger kanagurta,3252968.7,3105,1047.65
2022-02-01,2022,2,Kollam,Seer Fish,Scomberomorus commerson,742379.0,3105,239.09
2022-02-01,2022,2,Kollam,Coastal Tuna,Euthynnus affinis,849189.9,3105,273.49
2022-02-01,2022,2,Alappuzha,Oil Sardine,Sardinella longiceps,3552407.8,2469,1438.8
2022-02-01,2022,2,Alappuzha,Indian Mackerel,Rastrelliger kanagurta,1438183.7,2469,582.5
2022-02-01,2022,2,Alappuzha,Seer Fish,Scomberomorus commerson,283075.5,2469,114.65
2022-02-01,2022,2,Alappuzha,Coastal Tuna,Euthynnus affinis,449412.3,2469,182.02
2022-02-01,2022,2,Ernakulam,Oil Sardine,Sardinella longiceps,5358762.9,2772,1933.18
2022-02-01,2022,2,Ernakulam,Indian Mackerel,Rastrelliger kanagurta,2483024.2,2772,895.75
2022-02-01,2022,2,Ernakulam,Seer Fish,Scomberomorus commerson,635906.3,2772,229.4
2022-02-01,2022,2,Ernakulam,Coastal Tuna,Euthynnus affinis,639865.3,2772,230.83
2022-02-01,2022,2,Thrissur,Oil Sardine,Sardinella longiceps,533775.1,1309,407.77
2022-02-01,2022,2,Thrissur,Indian Mackerel,Rastrelliger kanagurta,255957.2,1309,195.54
2022-02-01,2022,2,Thrissur,Seer Fish,Scomberomorus commerson,57052.8,1309,43.59
2022-02-01,2022,2,Thrissur,Coastal Tuna,Euthynnus affinis,58759.7,1309,44.89
2022-02-01,2022,2,Malappuram,Oil Sardine,Sardinella longiceps,1370058.4,1484,923.22
2022-02-01,2022,2,Malappuram,Indian Mackerel,Rastrelliger kanagurta,584742.9,1484,394.03
2022-02-01,2022,2,Malappuram,Seer Fish,Scomberomorus commerson,150556.6,1484,101.45
2022-02-01,2022,2,Malappuram,Coastal Tuna,Euthynnus affinis,142748.7,1484,96.19
2022-02-01,2022,2,Kozhikode,Oil Sardine,Sardinella longiceps,6451275.8,2954,2183.91
2022-02-01,2022,2,Kozhikode,Indian Mackerel,Rastrelliger kanagurta,2433301.0,2954,823.73
2022-02-01,2022,2,Kozhikode,Seer Fish,Scomberomorus commerson,578441.9,2954,195.82
2022-02-01,2022,2,Kozhikode,Coastal Tuna,Euthynnus affinis,714624.8,2954,241.92
2022-02-01,2022,2,Kannur,Oil Sardine,Sardinella longiceps,2046801.3,1813,1128.96
2022-02-01,2022,2,Kannur,Indian Mackerel,Rastrelliger kanagurta,801729.5,1813,442.21
2022-02-01,2022,2,Kannur,Seer Fish,Scomberomorus commerson,201399.7,1813,111.09
2022-02-01,2022,2,Kannur,Coastal Tuna,Euthynnus affinis,242087.1,1813,133.53
2022-02-01,2022,2,Kasaragod,Oil Sardine,Sardinella longiceps,1060399.7,1702,623.03
2022-02-01,2022,2,Kasaragod,Indian Mackerel,Rastrelliger kanagurta,411609.5,1702,241.84
2022-02-01,2022,2,Kasaragod,Seer Fish,Scomberomorus commerson,98565.1,1702,57.91
2022-02-01,2022,2,Kasaragod,Coastal Tuna,Euthynnus affinis,80923.3,1702,47.55
2022-03-01,2022,3,Thiruvananthapuram,Oil Sardine,Sardinella longiceps,1911437.8,2264,844.27
2022-03-01,2022,3,Thiruvananthapuram,Indian Mackerel,Rastrelliger kanagurta,1058647.4,2264,467.6
2022-03-01,2022,3,Thiruvananthapuram,Seer Fish,Scomberomorus commerson,253667.1,2264,112.04
2022-03-01,2022,3,Thiruvananthapuram,Coastal Tuna,Euthynnus affinis,350683.3,2264,154.9
2022-03-01,2022,3,Kollam,Oil Sardine,Sardinella longiceps,7507051.1,3745,2004.55
2022-03-01,2022,3,Kollam,Indian Mackerel,Rastrelliger kanagurta,4262804.3,3745,1138.27
2022-03-01,2022,3,Kollam,Seer Fish,Scomberomorus commerson,1017554.7,3745,271.71
2022-03-01,2022,3,Kollam,Coastal Tuna,Euthynnus affinis,1064713.2,3745,284.3
2022-03-01,2022,3,Alappuzha,Oil Sardine,Sardinella longiceps,3074058.0,2408,1276.6
2022-03-01,2022,3,Alappuzha,Indian Mackerel,Rastrelliger kanagurta,1452510.3,2408,603.2
2022-03-01,2022,3,Alappuzha,Seer Fish,Scomberomorus commerson,362699.8,2408,150.62
2022-03-01,2022,3,Alappuzha,Coastal Tuna,Euthynnus affinis,571954.6,2408,237.52
2022-03-01,2022,3,Ernakulam,Oil Sardine,Sardinella longiceps,4652309.6,2444,1903.56
2022-03-01,2022,3,Ernakulam,Indian Mackerel,Rastrelliger kanagurta,2143490.3,2444,877.04
2022-03-01,2022,3,Ernakulam,Seer Fish,Scomberomorus commerson,567930.8,2444,232.38
2022-03-01,2022,3,Ernakulam,Coastal Tuna,Euthynnus affinis,634530.0,2444,259.63
2022-03-01,2022,3,Thrissur,Oil Sardine,Sardinella longiceps,689645.2,1465,470.75
2022-03-01,2022,3,Thrissur,Indian Mackerel,Rastrelliger kanagurta,342971.5,1465,234.11
2022-03-01,2022,3,Thrissur,Seer Fish,Scomberomorus commerson,83586.4,1465,57.06
2022-03-01,2022,3,Thrissur,Coastal Tuna,Euthynnus affinis,100703.5,1465,68.74
2022-03-01,2022,3,Malappuram,Oil Sardine,Sardinella longiceps,1363992.7,1957,696.98
2022-03-01,2022,3,Malappuram,Indian Mackerel,Rastrelliger kanagurta,788567.1,1957,402.95
2022-03-01,2022,3,Malappuram,Seer Fish,Scomberomorus commerson,216622.1,1957,110.69
2022-03-01,2022,3,Malappuram,Coastal Tuna,Euthynnus affinis,303463.9,1957,155.07
2022-03-01,2022,3,Kozhikode,Oil Sardine,Sardinella longiceps,4531081.0,2884,1571.11
2022-03-01,2022,3,Kozhikode,Indian Mackerel,Rastrelliger kanagurta,2245787.2,2884,778.71
2022-03-01,2022,3,Kozhikode,Seer Fish,Scomberomorus commerson,745160.2,2884,258.38
2022-03-01,2022,3,Kozhikode,Coastal Tuna,Euthynnus affinis,843480.3,2884,292.47
2022-03-01,2022,3,Kannur,Oil Sardine,Sardinella longiceps,1451178.4,1505,964.24
2022-03-01,2022,3,Kannur,Indian Mackerel,Rastrelliger kanagurta,727684.0,1505,483.51
2022-03-01,2022,3,Kannur,Seer Fish,Scomberomorus commerson,200390.1,1505,133.15
2022-03-01,2022,3,Kannur,Coastal Tuna,Euthynnus affinis,239719.2,1505,159.28
2022-03-01,2022,3,Kasaragod,Oil Sardine,Sardinella longiceps,750595.2,1436,522.7
2022-03-01,2022,3,Kasaragod,Indian Mackerel,Rastrelliger kanagurta,381105.9,1436,265.39
2022-03-01,2022,3,Kasaragod,Seer Fish,Scomberomorus commerson,99779.8,1436,69.48
2022-03-01,2022,3,Kasaragod,Coastal Tuna,Euthynnus affinis,110989.3,1436,77.29
2022-04-01,2022,4,Thiruvananthapuram,Oil Sardine,Sardinella longiceps,860597.1,1915,449.4
2022-04-01,2022,4,Thiruvananthapuram,Indian Mackerel,Rastrelliger kanagurta,600302.2,1915,313.47
2022-04-01,2022,4,Thiruvananthapuram,Seer Fish,Scomberomorus commerson,175987.9,1915,91.9
2022-04-01,2022,4,Thiruvananthapuram,Coastal Tuna,Euthynnus affinis,218074.8,1915,113.88
2022-04-01,2022,4,Kollam,Oil Sardine,Sardinella longiceps,2700587.3,2596,1040.29
2022-04-01,2022,4,Kollam,Indian Mackerel,Rastrelliger kanagurta,1591983.9,2596,613.24
2022-04-01,2022,4,Kollam,Seer Fish,Scomberomorus commerson,560058.0,2596,215.74
2022-04-01,2022,4,Kollam,Coastal Tuna,Euthynnus affinis,757949.7,2596,291.97
2022-04-01,2022,4,Alappuzha,Oil Sardine,Sardinella longiceps,1671487.9,2725,613.39
2022-04-01,2022,4,Alappuzha,Indian Mackerel,Rastrelliger kanagurta,1228617.9,2725,450.87
2022-04-01,2022,4,Alappuzha,Seer Fish,Scomberomorus commerson,415457.9,2725,152.46
2022-04-01,2022,4,Alappuzha,Coastal Tuna,Euthynnus affinis,568702.6,2725,208.7
2022-04-01,2022,4,Ernakulam,Oil Sardine,Sardinella longiceps,2410688.4,2757,874.39
2022-04-01,2022,4,Ernakulam,Indian Mackerel,Rastrelliger kanagurta,1395186.2,2757,506.05
2022-04-01,2022,4,Ernakulam,Seer Fish,Scomberomorus commerson,569943.1,2757,206.73
2022-04-01,2022,4,Ernakulam,Coastal Tuna,Euthynnus affinis,552054.1,2757,200.24
2022-04-01,2022,4,Thrissur,Oil Sardine,Sardinella longiceps,450823.7,1540,292.74
2022-04-01,2022,4,Thrissur,Indian Mackerel,Rastrelliger kanagurta,245943.8,1540,159.7
2022-04-01,2022,4,Thrissur,Seer Fish,Scomberomorus commerson,64951.4,1540,42.18
2022-04-01,2022,4,Thrissur,Coastal Tuna,Euthynnus affinis,89901.1,1540,58.38
2022-04-01,2022,4,Malappuram,Oil Sardine,Sardinella longiceps,720539.3,1948,369.89
2022-04-01,2022,4,Malappuram,Indian Mackerel,Rastrelliger kanagurta,659980.8,1948,338.8
2022-04-01,2022,4,Malappuram,Seer Fish,Scomberomorus commerson,157970.5,1948,81.09
2022-04-01,2022,4,Malappuram,Coastal Tuna,Euthynnus affinis,239732.1,1948,123.07
2022-04-01,2022,4,Kozhikode,Oil Sardine,Sardinella longiceps,2350054.5,2635,891.86
2022-04-01,2022,4,Kozhikode,Indian Mackerel,Rastrelliger kanagurta,1698708.9,2635,644.67
2022-04-01,2022,4,Kozhikode,Seer Fish,Scomberomorus commerson,570439.5,2635,216.49
2022-04-01,2022,4,Kozhikode,Coastal Tuna,Euthynnus affinis,542315.5,2635,205.81
2022-04-01,2022,4,Kannur,Oil Sardine,Sardinella longiceps,1256468.9,2438,515.37
2022-04-01,2022,4,Kannur,Indian Mackerel,Rastrelliger kanagurta,878486.6,2438,360.33
2022-04-01,2022,4,Kannur,Seer Fish,Scomberomorus commerson,205720.9,2438,84.38
2022-04-01,2022,4,Kannur,Coastal Tuna,Euthynnus affinis,376254.0,2438,154.33
2022-04-01,2022,4,Kasaragod,Oil Sardine,Sardinella longiceps,368471.4,1709,215.61
2022-04-01,2022,4,Kasaragod,Indian Mackerel,Rastrelliger kanagurta,256185.6,1709,149.9
2022-04-01,2022,4,Kasaragod,Seer Fish,Scomberomorus commerson,101525.0,1709,59.41
2022-04-01,2022,4,Kasaragod,Coastal Tuna,Euthynnus affinis,98267.1,1709,57.5
2022-05-01,2022,5,Thiruvananthapuram,Oil Sardine,Sardinella longiceps,1359566.7,2419,562.04
2022-05-01,2022,5,Thiruvananthapuram,Indian Mackerel,Rastrelliger kanagurta,1095477.6,2419,452.86
2022-05-01,2022,5,Thiruvananthapuram,Seer Fish,Scomberomorus commerson,301438.6,2419,124.61
2022-05-01,2022,5,Thiruvananthapuram,Coastal Tuna,Euthynnus affinis,281526.3,2419,116.38
2022-05-01,2022,5,Kollam,Oil Sardine,Sardinella longiceps,2765000.6,2445,1130.88
2022-05-01,2022,5,Kollam,Indian Mackerel,Rastrelliger kanagurta,1754726.0,2445,717.68
2022-05-01,2022,5,Kollam,Seer Fish,Scomberomorus commerson,539594.3,2445,220.69
2022-05-01,2022,5,Kollam,Coastal Tuna,Euthynnus affinis,857126.7,2445,350.56
2022-05-01,2022,5,Alappuzha,Oil Sardine,Sardinella longiceps,2027030.8,1963,1032.62
2022-05-01,2022,5,Alappuzha,Indian Mackerel,Rastrelliger kanagurta,1122529.1,1963,571.84
2022-05-01,2022,5,Alappuzha,Seer Fish,Scomberomorus commerson,292947.5,1963,149.23
2022-05-01,2022,5,Alappuzha,Coastal Tuna,Euthynnus affinis,480291.5,1963,244.67
2022-05-01,2022,5,Ernakulam,Oil Sardine,Sardinella longiceps,3652965.9,3415,1069.68
2022-05-01,2022,5,Ernakulam,Indian Mackerel,Rastrelliger kanagurta,2509681.4,3415,734.9
2022-05-01,2022,5,Ernakulam,Seer Fish,Scomberomorus commerson,845781.8,3415,247.67
2022-05-01,2022,5,Ernakulam,Coastal Tuna,Euthynnus affinis,935583.8,3415,273.96
2022-05-01,2022,5,Thrissur,Oil Sardine,Sardinella longiceps,269976.0,1266,213.25
2022-05-01,2022,5,Thrissur,Indian Mackerel,Rastrelliger kanagurta,219856.9,1266,173.66
2022-05-01,2022,5,Thrissur,Seer Fish,Scomberomorus commerson,62612.5,1266,49.46
2022-05-01,2022,5,Thrissur,Coastal Tuna,Euthynnus affinis,87522.5,1266,69.13
2022-05-01,2022,5,Malappuram,Oil Sardine,Sardinella longiceps,873204.7,1585,550.92
2022-05-01,2022,5,Malappuram,Indian Mackerel,Rastrelliger kanagurta,478909.5,1585,302.15
2022-05-01,2022,5,Malappuram,Seer Fish,Scomberomorus commerson,173183.7,1585,109.26
2022-05-01,2022,5,Malappuram,Coastal Tuna,Euthynnus affinis,187350.1,1585,118.2
2022-05-01,2022,5,Kozhikode,Oil Sardine,Sardinella longiceps,3133022.0,2744,1141.77
2022-05-01,2022,5,Kozhikode,Indian Mackerel,Rastrelliger kanagurta,1805535.5,2744,657.99
2022-05-01,2022,5,Kozhikode,Seer Fish,Scomberomorus commerson,590708.2,2744,215.27
2022-05-01,2022,5,Kozhikode,Coastal Tuna,Euthynnus affinis,757463.5,2744,276.04
2022-05-01,2022,5,Kannur,Oil Sardine,Sardinella longiceps,1539459.9,2045,752.79
2022-05-01,2022,5,Kannur,Indian Mackerel,Rastrelliger kanagurta,758654.0,2045,370.98
2022-05-01,2022,5,Kannur,Seer Fish,Scomberomorus commerson,261169.7,2045,127.71
2022-05-01,2022,5,Kannur,Coastal Tuna,Euthynnus affinis,376539.9,2045,184.13
2022-05-01,2022,5,Kasaragod,Oil Sardine,Sardinella longiceps,617570.3,1612,383.11
2022-05-01,2022,5,Kasaragod,Indian Mackerel,Rastrelliger kanagurta,480011.9,1612,297.77
2022-05-01,2022,5,Kasaragod,Seer Fish,Scomberomorus commerson,96143.6,1612,59.64
2022-05-01,2022,5,Kasaragod,Coastal Tuna,Euthynnus affinis,127616.3,1612,79.17
2022-06-01,2022,6,Thiruvananthapuram,Oil Sardine,Sardinella longiceps,2189130.3,461,4748.66
2022-06-01,2022,6,Thiruvananthapuram,Indian Mackerel,Rastrelliger kanagurta,547843.3,461,1188.38
2022-06-01,2022,6,Thiruvananthapuram,Seer Fish,Scomberomorus commerson,108824.1,461,236.06
2022-06-01,2022,6,Thiruvananthapuram,Coastal Tuna,Euthynnus affinis,120132.3,461,260.59
2022-06-01,2022,6,Kollam,Oil Sardine,Sardinella longiceps,6069015.0,515,11784.5
2022-06-01,2022,6,Kollam,Indian Mackerel,Rastrelliger kanagurta,1517896.8,515,2947.37
2022-06-01,2022,6,Kollam,Seer Fish,Scomberomorus commerson,298767.0,515,580.13
2022-06-01,2022,6,Kollam,Coastal Tuna,Euthynnus affinis,345330.2,515,670.54
2022-06-01,2022,6,Alappuzha,Oil Sardine,Sardinella longiceps,2343021.4,333,7036.1
2022-06-01,2022,6,Alappuzha,Indian Mackerel,Rastrelliger kanagurta,578721.3,333,1737.9
2022-06-01,2022,6,Alappuzha,Seer Fish,Scomberomorus commerson,113883.8,333,341.99
2022-06-01,2022,6,Alappuzha,Coastal Tuna,Euthynnus affinis,144028.2,333,432.52
2022-06-01,2022,6,Ernakulam,Oil Sardine,Sardinella longiceps,6232219.9,544,11456.29
2022-06-01,2022,6,Ernakulam,Indian Mackerel,Rastrelliger kanagurta,1588886.9,544,2920.75
2022-06-01,2022,6,Ernakulam,Seer Fish,Scomberomorus commerson,257023.7,544,472.47
2022-06-01,2022,6,Ernakulam,Coastal Tuna,Euthynnus affinis,370376.7,544,680.84
2022-06-01,2022,6,Thrissur,Oil Sardine,Sardinella longiceps,568293.7,246,2310.14
2022-06-01,2022,6,Thrissur,Indian Mackerel,Rastrelliger kanagurta,149731.3,246,608.66
2022-06-01,2022,6,Thrissur,Seer Fish,Scomberomorus commerson,28810.8,246,117.12
2022-06-01,2022,6,Thrissur,Coastal Tuna,Euthynnus affinis,27191.9,246,110.54
2022-06-01,2022,6,Malappuram,Oil Sardine,Sardinella longiceps,1866504.3,419,4454.66
2022-06-01,2022,6,Malappuram,Indian Mackerel,Rastrelliger kanagurta,476159.0,419,1136.42
2022-06-01,2022,6,Malappuram,Seer Fish,Scomberomorus commerson,90647.7,419,216.34
2022-06-01,2022,6,Malappuram,Coastal Tuna,Euthynnus affinis,107775.6,419,257.22
2022-06-01,2022,6,Kozhikode,Oil Sardine,Sardinella longiceps,4635916.8,500,9271.83
2022-06-01,2022,6,Kozhikode,Indian Mackerel,Rastrelliger kanagurta,1272683.9,500,2545.37
2022-06-01,2022,6,Kozhikode,Seer Fish,Scomberomorus commerson,252321.1,500,504.64
2022-06-01,2022,6,Kozhikode,Coastal Tuna,Euthynnus affinis,260653.1,500,521.31
2022-06-01,2022,6,Kannur,Oil Sardine,Sardinella longiceps,2476069.1,471,5257.05
2022-06-01,2022,6,Kannur,Indian Mackerel,Rastrelliger kanagurta,657758.9,471,1396.52
2022-06-01,2022,6,Kannur,Seer Fish,Scomberomorus commerson,131449.4,471,279.09
2022-06-01,2022,6,Kannur,Coastal Tuna,Euthynnus affinis,180853.8,471,383.98
2022-06-01,2022,6,Kasaragod,Oil Sardine,Sardinella longiceps,807095.6,260,3104.21
2022-06-01,2022,6,Kasaragod,Indian Mackerel,Rastrelliger kanagurta,161678.6,260,621.84
2022-06-01,2022,6,Kasaragod,Seer Fish,Scomberomorus commerson,41947.9,260,161.34
2022-06-01,2022,6,Kasaragod,Coastal Tuna,Euthynnus affinis,44712.7,260,171.97
2022-07-01,2022,7,Thiruvananthapuram,Oil Sardine,Sardinella longiceps,1598680.3,401,3986.73
2022-07-01,2022,7,Thiruvananthapuram,Indian Mackerel,Rastrelliger kanagurta,394540.1,401,983.89
2022-07-01,2022,7,Thiruvananthapuram,Seer Fish,Scomberomorus commerson,72682.9,401,181.25
2022-07-01,2022,7,Thiruvananthapuram,Coastal Tuna,Euthynnus affinis,65110.0,401,162.37
2022-07-01,2022,7,Kollam,Oil Sardine,Sardinella longiceps,6054645.6,667,9077.43
2022-07-01,2022,7,Kollam,Indian Mackerel,Rastrelliger kanagurta,1417595.4,667,2125.33
2022-07-01,2022,7,Kollam,Seer Fish,Scomberomorus commerson,267863.9,667,401.6
2022-07-01,2022,7,Kollam,Coastal Tuna,Euthynnus affinis,260150.0,667,390.03
2022-07-01,2022,7,Alappuzha,Oil Sardine,Sardinella longiceps,2955439.0,497,5946.56
2022-07-01,2022,7,Alappuzha,Indian Mackerel,Rastrelliger kanagurta,823910.3,497,1657.77
2022-07-01,2022,7,Alappuzha,Seer Fish,Scomberomorus commerson,106738.5,497,214.77
2022-07-01,2022,7,Alappuzha,Coastal Tuna,Euthynnus affinis,122546.8,497,246.57
2022-07-01,2022,7,Ernakulam,Oil Sardine,Sardinella longiceps,4809235.8,546,8808.12
2022-07-01,2022,7,Ernakulam,Indian Mackerel,Rastrelliger kanagurta,1175150.0,546,2152.29
2022-07-01,2022,7,Ernakulam,Seer Fish,Scomberomorus commerson,191211.1,546,350.2
2022-07-01,2022,7,Ernakulam,Coastal Tuna,Euthynnus affinis,166493.4,546,304.93
2022-07-01,2022,7,Thrissur,Oil Sardine,Sardinella longiceps,585461.1,261,2243.15
2022-07-01,2022,7,Thrissur,Indian Mackerel,Rastrelliger kanagurta,117808.2,261,451.37
2022-07-01,2022,7,Thrissur,Seer Fish,Scomberomorus commerson,22372.8,261,85.72
2022-07-01,2022,7,Thrissur,Coastal Tuna,Euthynnus affinis,23401.6,261,89.66
2022-07-01,2022,7,Malappuram,Oil Sardine,Sardinella longiceps,1181511.7,296,3991.59
2022-07-01,2022,7,Malappuram,Indian Mackerel,Rastrelliger kanagurta,255165.9,296,862.05
2022-07-01,2022,7,Malappuram,Seer Fish,Scomberomorus commerson,51102.9,296,172.64
2022-07-01,2022,7,Malappuram,Coastal Tuna,Euthynnus affinis,44174.4,296,149.24
2022-07-01,2022,7,Kozhikode,Oil Sardine,Sardinella longiceps,3787487.3,525,7214.26
2022-07-01,2022,7,Kozhikode,Indian Mackerel,Rastrelliger kanagurta,1077794.3,525,2052.94
2022-07-01,2022,7,Kozhikode,Seer Fish,Scomberomorus commerson,193805.7,525,369.15
2022-07-01,2022,7,Kozhikode,Coastal Tuna,Euthynnus affinis,158275.9,525,301.48
2022-07-01,2022,7,Kannur,Oil Sardine,Sardinella longiceps,1776891.0,379,4688.37
2022-07-01,2022,7,Kannur,Indian Mackerel,Rastrelliger kanagurta,407299.4,379,1074.67
2022-07-01,2022,7,Kannur,Seer Fish,Scomberomorus commerson,85222.7,379,224.86
2022-07-01,2022,7,Kannur,Coastal Tuna,Euthynnus affinis,82589.7,379,217.91
2022-07-01,2022,7,Kasaragod,Oil Sardine,Sardinella longiceps,881185.3,348,2532.14
2022-07-01,2022,7,Kasaragod,Indian Mackerel,Rastrelliger kanagurta,178357.8,348,512.52
2022-07-01,2022,7,Kasaragod,Seer Fish,Scomberomorus commerson,35446.6,348,101.86
2022-07-01,2022,7,Kasaragod,Coastal Tuna,Euthynnus affinis,36341.7,348,104.43
2022-08-01,2022,8,Thiruvananthapuram,Oil Sardine,Sardinella longiceps,4051072.2,1684,2405.62
2022-08-01,2022,8,Thiruvananthapuram,Indian Mackerel,Rastrelliger kanagurta,901744.0,1684,535.48
2022-08-01,2022,8,Thiruvananthapuram,Seer Fish,Scomberomorus commerson,141932.5,1684,84.28
2022-08-01,2022,8,Thiruvananthapuram,Coastal Tuna,Euthynnus affinis,106870.7,1684,63.46
2022-08-01,2022,8,Kollam,Oil Sardine,Sardinella longiceps,14706182.3,2996,4908.61
2022-08-01,2022,8,Kollam,Indian Mackerel,Rastrelliger kanagurta,3380537.6,2996,1128.35
2022-08-01,2022,8,Kollam,Seer Fish,Scomberomorus commerson,703527.2,2996,234.82
2022-08-01,2022,8,Kollam,Coastal Tuna,Euthynnus affinis,477121.0,2996,159.25
2022-08-01,2022,8,Alappuzha,Oil Sardine,Sardinella longiceps,6879260.6,2316,2970.32
2022-08-01,2022,8,Alappuzha,Indian Mackerel,Rastrelliger kanagurta,1652314.6,2316,713.43
2022-08-01,2022,8,Alappuzha,Seer Fish,Scomberomorus commerson,421226.1,2316,181.88
2022-08-01,2022,8,Alappuzha,Coastal Tuna,Euthynnus affinis,204763.1,2316,88.41
2022-08-01,2022,8,Ernakulam,Oil Sardine,Sardinella longiceps,9191119.1,2039,4507.66
2022-08-01,2022,8,Ernakulam,Indian Mackerel,Rastrelliger kanagurta,2512676.0,2039,1232.31
2022-08-01,2022,8,Ernakulam,Seer Fish,Scomberomorus commerson,433654.8,2039,212.68
2022-08-01,2022,8,Ernakulam,Coastal Tuna,Euthynnus affinis,309328.5,2039,151.71
2022-08-01,2022,8,Thrissur,Oil Sardine,Sardinella longiceps,1166688.4,1338,871.96
2022-08-01,2022,8,Thrissur,Indian Mackerel,Rastrelliger kanagurta,283048.0,1338,211.55
2022-08-01,2022,8,Thrissur,Seer Fish,Scomberomorus commerson,57237.9,1338,42.78
2022-08-01,2022,8,Thrissur,Coastal Tuna,Euthynnus affinis,44728.4,1338,33.43
2022-08-01,2022,8,Malappuram,Oil Sardine,Sardinella longiceps,3177857.6,1848,1719.62
2022-08-01,2022,8,Malappuram,Indian Mackerel,Rastrelliger kanagurta,860813.7,1848,465.81
2022-08-01,2022,8,Malappuram,Seer Fish,Scomberomorus commerson,210205.2,1848,113.75
2022-08-01,2022,8,Malappuram,Coastal Tuna,Euthynnus affinis,115853.7,1848,62.69
2022-08-01,2022,8,Kozhikode,Oil Sardine,Sardinella longiceps,10682036.5,2548,4192.32
2022-08-01,2022,8,Kozhikode,Indian Mackerel,Rastrelliger kanagurta,2530914.2,2548,993.29
2022-08-01,2022,8,Kozhikode,Seer Fish,Scomberomorus commerson,522811.0,2548,205.18
2022-08-01,2022,8,Kozhikode,Coastal Tuna,Euthynnus affinis,344482.1,2548,135.2
2022-08-01,2022,8,Kannur,Oil Sardine,Sardinella longiceps,5893359.9,2219,2655.86
2022-08-01,2022,8,Kannur,Indian Mackerel,Rastrelliger kanagurta,1649410.9,2219,743.31
2022-08-01,2022,8,Kannur,Seer Fish,Scomberomorus commerson,222410.6,2219,100.23
2022-08-01,2022,8,Kannur,Coastal Tuna,Euthynnus affinis,145767.3,2219,65.69
2022-08-01,2022,8,Kasaragod,Oil Sardine,Sardinella longiceps,2219912.4,1643,1351.13
2022-08-01,2022,8,Kasaragod,Indian Mackerel,Rastrelliger kanagurta,422828.7,1643,257.35
2022-08-01,2022,8,Kasaragod,Seer Fish,Scomberomorus commerson,107690.4,1643,65.54
2022-08-01,2022,8,Kasaragod,Coastal Tuna,Euthynnus affinis,74789.3,1643,45.52
2022-09-01,2022,9,Thiruvananthapuram,Oil Sardine,Sardinella longiceps,6519599.5,2208,2952.72
2022-09-01,2022,9,Thiruvananthapuram,Indian Mackerel,Rastrelliger kanagurta,2023242.6,2208,916.32
2022-09-01,2022,9,Thiruvananthapuram,Seer Fish,Scomberomorus commerson,389217.8,2208,176.28
2022-09-01,2022,9,Thiruvananthapuram,Coastal Tuna,Euthynnus affinis,307064.7,2208,139.07
2022-09-01,2022,9,Kollam,Oil Sardine,Sardinella longiceps,21721067.0,2929,7415.86
2022-09-01,2022,9,Kollam,Indian Mackerel,Rastrelliger kanagurta,5865150.3,2929,2002.44
2022-09-01,2022,9,Kollam,Seer Fish,Scomberomorus commerson,1085484.7,2929,370.6
2022-09-01,2022,9,Kollam,Coastal Tuna,Euthynnus affinis,1290500.5,2929,440.59
2022-09-01,2022,9,Alappuzha,Oil Sardine,Sardinella longiceps,12645934.2,2613,4839.62
2022-09-01,2022,9,Alappuzha,Indian Mackerel,Rastrelliger kanagurta,3965703.1,2613,1517.68
2022-09-01,2022,9,Alappuzha,Seer Fish,Scomberomorus commerson,634964.1,2613,243.0
2022-09-01,2022,9,Alappuzha,Coastal Tuna,Euthynnus affinis,676623.3,2613,258.95
2022-09-01,2022,9,Ernakulam,Oil Sardine,Sardinella longiceps,21444558.6,3076,6971.57
2022-09-01,2022,9,Ernakulam,Indian Mackerel,Rastrelliger kanagurta,5418772.0,3076,1761.63
2022-09-01,2022,9,Ernakulam,Seer Fish,Scomberomorus commerson,1177116.8,3076,382.68
2022-09-01,2022,9,Ernakulam,Coastal Tuna,Euthynnus affinis,1184920.4,3076,385.21
2022-09-01,2022,9,Thrissur,Oil Sardine,Sardinella longiceps,2426191.9,1505,1612.09
2022-09-01,2022,9,Thrissur,Indian Mackerel,Rastrelliger kanagurta,563994.5,1505,374.75
2022-09-01,2022,9,Thrissur,Seer Fish,Scomberomorus commerson,122600.1,1505,81.46
2022-09-01,2022,9,Thrissur,Coastal Tuna,Euthynnus affinis,127547.8,1505,84.75
2022-09-01,2022,9,Malappuram,Oil Sardine,Sardinella longiceps,6381399.2,2019,3160.67
2022-09-01,2022,9,Malappuram,Indian Mackerel,Rastrelliger kanagurta,1436555.1,2019,711.52
2022-09-01,2022,9,Malappuram,Seer Fish,Scomberomorus commerson,347817.9,2019,172.27
2022-09-01,2022,9,Malappuram,Coastal Tuna,Euthynnus affinis,303207.5,2019,150.18
2022-09-01,2022,9,Kozhikode,Oil Sardine,Sardinella longiceps,18779956.1,2903,6469.15
2022-09-01,2022,9,Kozhikode,Indian Mackerel,Rastrelliger kanagurta,4363024.5,2903,1502.94
2022-09-01,2022,9,Kozhikode,Seer Fish,Scomberomorus commerson,942655.8,2903,324.72
2022-09-01,2022,9,Kozhikode,Coastal Tuna,Euthynnus affinis,855053.6,2903,294.54
2022-09-01,2022,9,Kannur,Oil Sardine,Sardinella longiceps,8837115.5,2292,3855.64
2022-09-01,2022,9,Kannur,Indian Mackerel,Rastrelliger kanagurta,2198497.3,2292,959.2
2022-09-01,2022,9,Kannur,Seer Fish,Scomberomorus commerson,476536.4,2292,207.91
2022-09-01,2022,9,Kannur,Coastal Tuna,Euthynnus affinis,425060.9,2292,185.45
2022-09-01,2022,9,Kasaragod,Oil Sardine,Sardinella longiceps,3134236.8,1472,2129.24
2022-09-01,2022,9,Kasaragod,Indian Mackerel,Rastrelliger kanagurta,681519.7,1472,462.99
2022-09-01,2022,9,Kasaragod,Seer Fish,Scomberomorus commerson,150814.8,1472,102.46
2022-09-01,2022,9,Kasaragod,Coastal Tuna,Euthynnus affinis,154659.7,1472,105.07
2022-10-01,2022,10,Thiruvananthapuram,Oil Sardine,Sardinella longiceps,1564600.9,1418,1103.39
2022-10-01,2022,10,Thiruvananthapuram,Indian Mackerel,Rastrelliger kanagurta,660564.0,1418,465.84
2022-10-01,2022,10,Thiruvananthapuram,Seer Fish,Scomberomorus commerson,175874.1,1418,124.03
2022-10-01,2022,10,Thiruvananthapuram,Coastal Tuna,Euthynnus affinis,191549.1,1418,135.08
2022-10-01,2022,10,Kollam,Oil Sardine,Sardinella longiceps,7479984.7,2829,2644.04
2022-10-01,2022,10,Kollam,Indian Mackerel,Rastrelliger kanagurta,3009690.3,2829,1063.87
2022-10-01,2022,10,Kollam,Seer Fish,Scomberomorus commerson,802016.3,2829,283.5
2022-10-01,2022,10,Kollam,Coastal Tuna,Euthynnus affinis,771117.4,2829,272.58
2022-10-01,2022,10,Alappuzha,Oil Sardine,Sardinella longiceps,4632665.0,3047,1520.4
2022-10-01,2022,10,Alappuzha,Indian Mackerel,Rastrelliger kanagurta,1838222.8,3047,603.29
2022-10-01,2022,10,Alappuzha,Seer Fish,Scomberomorus commerson,500953.1,3047,164.41
2022-10-01,2022,10,Alappuzha,Coastal Tuna,Euthynnus affinis,652503.2,3047,214.15
2022-10-01,2022,10,Ernakulam,Oil Sardine,Sardinella longiceps,5741294.0,2826,2031.6
2022-10-01,2022,10,Ernakulam,Indian Mackerel,Rastrelliger kanagurta,2763360.9,2826,977.83
2022-10-01,2022,10,Ernakulam,Seer Fish,Scomberomorus commerson,772997.9,2826,273.53
2022-10-01,2022,10,Ernakulam,Coastal Tuna,Euthynnus affinis,853064.4,2826,301.86
2022-10-01,2022,10,Thrissur,Oil Sardine,Sardinella longiceps,758100.1,1360,557.43
2022-10-01,2022,10,Thrissur,Indian Mackerel,Rastrelliger kanagurta,277833.3,1360,204.29
2022-10-01,2022,10,Thrissur,Seer Fish,Scomberomorus commerson,64496.1,1360,47.42
2022-10-01,2022,10,Thrissur,Coastal Tuna,Euthynnus affinis,99410.1,1360,73.1
2022-10-01,2022,10,Malappuram,Oil Sardine,Sardinella longiceps,1791136.7,1591,1125.79
2022-10-01,2022,10,Malappuram,Indian Mackerel,Rastrelliger kanagurta,749433.8,1591,471.05
2022-10-01,2022,10,Malappuram,Seer Fish,Scomberomorus commerson,166034.7,1591,104.36
2022-10-01,2022,10,Malappuram,Coastal Tuna,Euthynnus affinis,189195.0,1591,118.92
2022-10-01,2022,10,Kozhikode,Oil Sardine,Sardinella longiceps,7473353.9,3369,2218.27
2022-10-01,2022,10,Kozhikode,Indian Mackerel,Rastrelliger kanagurta,3196653.5,3369,948.84
2022-10-01,2022,10,Kozhikode,Seer Fish,Scomberomorus commerson,739507.8,3369,219.5
2022-10-01,2022,10,Kozhikode,Coastal Tuna,Euthynnus affinis,921308.8,3369,273.47
2022-10-01,2022,10,Kannur,Oil Sardine,Sardinella longiceps,2902721.3,2222,1306.36
2022-10-01,2022,10,Kannur,Indian Mackerel,Rastrelliger kanagurta,1196969.4,2222,538.69
2022-10-01,2022,10,Kannur,Seer Fish,Scomberomorus commerson,233985.3,2222,105.3
2022-10-01,2022,10,Kannur,Coastal Tuna,Euthynnus affinis,333455.1,2222,150.07
2022-10-01,2022,10,Kasaragod,Oil Sardine,Sardinella longiceps,1019390.6,1578,646.0
2022-10-01,2022,10,Kasaragod,Indian Mackerel,Rastrelliger kanagurta,435263.8,1578,275.83
2022-10-01,2022,10,Kasaragod,Seer Fish,Scomberomorus commerson,125299.5,1578,79.4
2022-10-01,2022,10,Kasaragod,Coastal Tuna,Euthynnus affinis,141523.9,1578,89.69
2022-11-01,2022,11,Thiruvananthapuram,Oil Sardine,Sardinella longiceps,2448524.3,2036,1202.62
2022-11-01,2022,11,Thiruvananthapuram,Indian Mackerel,Rastrelliger kanagurta,966294.4,2036,474.6
2022-11-01,2022,11,Thiruvananthapuram,Seer Fish,Scomberomorus commerson,254467.4,2036,124.98
2022-11-01,2022,11,Thiruvananthapuram,Coastal Tuna,Euthynnus affinis,278634.5,2036,136.85
2022-11-01,2022,11,Kollam,Oil Sardine,Sardinella longiceps,11402821.8,3563,3200.34
2022-11-01,2022,11,Kollam,Indian Mackerel,Rastrelliger kanagurta,4008090.8,3563,1124.92
2022-11-01,2022,11,Kollam,Seer Fish,Scomberomorus commerson,844052.5,3563,236.89
2022-11-01,2022,11,Kollam,Coastal Tuna,Euthynnus affinis,1090506.3,3563,306.06
2022-11-01,2022,11,Alappuzha,Oil Sardine,Sardinella longiceps,3604417.9,2005,1797.71
2022-11-01,2022,11,Alappuzha,Indian Mackerel,Rastrelliger kanagurta,1440181.4,2005,718.29
2022-11-01,2022,11,Alappuzha,Seer Fish,Scomberomorus commerson,295090.5,2005,147.18
2022-11-01,2022,11,Alappuzha,Coastal Tuna,Euthynnus affinis,425414.0,2005,212.18
2022-11-01,2022,11,Ernakulam,Oil Sardine,Sardinella longiceps,7552784.2,2817,2681.14
2022-11-01,2022,11,Ernakulam,Indian Mackerel,Rastrelliger kanagurta,2677994.3,2817,950.65
2022-11-01,2022,11,Ernakulam,Seer Fish,Scomberomorus commerson,720718.0,2817,255.85
2022-11-01,2022,11,Ernakulam,Coastal Tuna,Euthynnus affinis,869697.9,2817,308.73
2022-11-01,2022,11,Thrissur,Oil Sardine,Sardinella longiceps,703788.4,1299,541.79
2022-11-01,2022,11,Thrissur,Indian Mackerel,Rastrelliger kanagurta,269541.5,1299,207.5
2022-11-01,2022,11,Thrissur,Seer Fish,Scomberomorus commerson,58041.0,1299,44.68
2022-11-01,2022,11,Thrissur,Coastal Tuna,Euthynnus affinis,76142.5,1299,58.62
2022-11-01,2022,11,Malappuram,Oil Sardine,Sardinella longiceps,2383421.8,1824,1306.7
2022-11-01,2022,11,Malappuram,Indian Mackerel,Rastrelliger kanagurta,752826.7,1824,412.73
2022-11-01,2022,11,Malappuram,Seer Fish,Scomberomorus commerson,187786.5,1824,102.95
2022-11-01,2022,11,Malappuram,Coastal Tuna,Euthynnus affinis,221880.7,1824,121.65
2022-11-01,2022,11,Kozhikode,Oil Sardine,Sardinella longiceps,8216283.1,3154,2605.04
2022-11-01,2022,11,Kozhikode,Indian Mackerel,Rastrelliger kanagurta,3213391.3,3154,1018.83
2022-11-01,2022,11,Kozhikode,Seer Fish,Scomberomorus commerson,870750.0,3154,276.08
2022-11-01,2022,11,Kozhikode,Coastal Tuna,Euthynnus affinis,831417.6,3154,263.61
2022-11-01,2022,11,Kannur,Oil Sardine,Sardinella longiceps,3395643.0,2309,1470.61
2022-11-01,2022,11,Kannur,Indian Mackerel,Rastrelliger kanagurta,1463893.1,2309,633.99
2022-11-01,2022,11,Kannur,Seer Fish,Scomberomorus commerson,315116.9,2309,136.47
2022-11-01,2022,11,Kannur,Coastal Tuna,Euthynnus affinis,386015.3,2309,167.18
2022-11-01,2022,11,Kasaragod,Oil Sardine,Sardinella longiceps,878961.1,1193,736.77
2022-11-01,2022,11,Kasaragod,Indian Mackerel,Rastrelliger kanagurta,344572.3,1193,288.83
2022-11-01,2022,11,Kasaragod,Seer Fish,Scomberomorus commerson,77757.1,1193,65.18
2022-11-01,2022,11,Kasaragod,Coastal Tuna,Euthynnus affinis,113745.1,1193,95.34
2022-12-01,2022,12,Thiruvananthapuram,Oil Sardine,Sardinella longiceps,2019175.8,1791,1127.4
2022-12-01,2022,12,Thiruvananthapuram,Indian Mackerel,Rastrelliger kanagurta,710345.5,1791,396.62
2022-12-01,2022,12,Thiruvananthapuram,Seer Fish,Scomberomorus commerson,171453.6,1791,95.73
2022-12-01,2022,12,Thiruvananthapuram,Coastal Tuna,Euthynnus affinis,179897.8,1791,100.45
2022-12-01,2022,12,Kollam,Oil Sardine,Sardinella longiceps,6361908.9,3040,2092.73
2022-12-01,2022,12,Kollam,Indian Mackerel,Rastrelliger kanagurta,2732988.4,3040,899.01
2022-12-01,2022,12,Kollam,Seer Fish,Scomberomorus commerson,694769.8,3040,228.54
2022-12-01,2022,12,Kollam,Coastal Tuna,Euthynnus affinis,673809.4,3040,221.65
2022-12-01,2022,12,Alappuzha,Oil Sardine,Sardinella longiceps,4329714.2,2783,1555.77
2022-12-01,2022,12,Alappuzha,Indian Mackerel,Rastrelliger kanagurta,2046111.4,2783,735.22
2022-12-01,2022,12,Alappuzha,Seer Fish,Scomberomorus commerson,396367.0,2783,142.42
2022-12-01,2022,12,Alappuzha,Coastal Tuna,Euthynnus affinis,394202.6,2783,141.65
2022-12-01,2022,12,Ernakulam,Oil Sardine,Sardinella longiceps,6657479.4,2777,2397.36
2022-12-01,2022,12,Ernakulam,Indian Mackerel,Rastrelliger kanagurta,2459996.0,2777,885.85
2022-12-01,2022,12,Ernakulam,Seer Fish,Scomberomorus commerson,556426.3,2777,200.37
2022-12-01,2022,12,Ernakulam,Coastal Tuna,Euthynnus affinis,666513.8,2777,240.01
2022-12-01,2022,12,Thrissur,Oil Sardine,Sardinella longiceps,648807.6,1252,518.22
2022-12-01,2022,12,Thrissur,Indian Mackerel,Rastrelliger kanagurta,275021.2,1252,219.67
2022-12-01,2022,12,Thrissur,Seer Fish,Scomberomorus commerson,47478.3,1252,37.92
2022-12-01,2022,12,Thrissur,Coastal Tuna,Euthynnus affinis,53854.3,1252,43.01
2022-12-01,2022,12,Malappuram,Oil Sardine,Sardinella longiceps,1564860.8,1800,869.37
2022-12-01,2022,12,Malappuram,Indian Mackerel,Rastrelliger kanagurta,603751.7,1800,335.42
2022-12-01,2022,12,Malappuram,Seer Fish,Scomberomorus commerson,146651.4,1800,81.47
2022-12-01,2022,12,Malappuram,Coastal Tuna,Euthynnus affinis,178897.8,1800,99.39
2022-12-01,2022,12,Kozhikode,Oil Sardine,Sardinella longiceps,6953986.9,3220,2159.62
2022-12-01,2022,12,Kozhikode,Indian Mackerel,Rastrelliger kanagurta,2325690.5,3220,722.26
2022-12-01,2022,12,Kozhikode,Seer Fish,Scomberomorus commerson,656672.4,3220,203.94
2022-12-01,2022,12,Kozhikode,Coastal Tuna,Euthynnus affinis,667719.4,3220,207.37
2022-12-01,2022,12,Kannur,Oil Sardine,Sardinella longiceps,1721569.1,1550,1110.69
2022-12-01,2022,12,Kannur,Indian Mackerel,Rastrelliger kanagurta,663174.5,1550,427.85
2022-12-01,2022,12,Kannur,Seer Fish,Scomberomorus commerson,152617.0,1550,98.46
2022-12-01,2022,12,Kannur,Coastal Tuna,Euthynnus affinis,177271.9,1550,114.37
2022-12-01,2022,12,Kasaragod,Oil Sardine,Sardinella longiceps,1181895.0,1899,622.38
2022-12-01,2022,12,Kasaragod,Indian Mackerel,Rastrelliger kanagurta,530930.1,1899,279.58
2022-12-01,2022,12,Kasaragod,Seer Fish,Scomberomorus commerson,86885.1,1899,45.75
2022-12-01,2022,12,Kasaragod,Coastal Tuna,Euthynnus affinis,107417.2,1899,56.57
2023-01-01,2023,1,Thiruvananthapuram,Oil Sardine,Sardinella longiceps,2377882.5,2283,1041.56
2023-01-01,2023,1,Thiruvananthapuram,Indian Mackerel,Rastrelliger kanagurta,987469.2,2283,432.53
2023-01-01,2023,1,Thiruvananthapuram,Seer Fish,Scomberomorus commerson,280898.4,2283,123.04
2023-01-01,2023,1,Thiruvananthapuram,Coastal Tuna,Euthynnus affinis,332080.5,2283,145.46
2023-01-01,2023,1,Kollam,Oil Sardine,Sardinella longiceps,6540586.4,3000,2180.2
2023-01-01,2023,1,Kollam,Indian Mackerel,Rastrelliger kanagurta,2788315.4,3000,929.44
2023-01-01,2023,1,Kollam,Seer Fish,Scomberomorus commerson,893987.7,3000,298.0
2023-01-01,2023,1,Kollam,Coastal Tuna,Euthynnus affinis,862464.3,3000,287.49
2023-01-01,2023,1,Alappuzha,Oil Sardine,Sardinella longiceps,3339926.8,2507,1332.24
2023-01-01,2023,1,Alappuzha,Indian Mackerel,Rastrelliger kanagurta,1719303.9,2507,685.8
2023-01-01,2023,1,Alappuzha,Seer Fish,Scomberomorus commerson,433969.0,2507,173.1
2023-01-01,2023,1,Alappuzha,Coastal Tuna,Euthynnus affinis,510565.9,2507,203.66
2023-01-01,2023,1,Ernakulam,Oil Sardine,Sardinella longiceps,5828536.1,2515,2317.51
2023-01-01,2023,1,Ernakulam,Indian Mackerel,Rastrelliger kanagurta,2379181.9,2515,946.0
2023-01-01,2023,1,Ernakulam,Seer Fish,Scomberomorus commerson,616932.7,2515,245.3
2023-01-01,2023,1,Ernakulam,Coastal Tuna,Euthynnus affinis,784253.4,2515,311.83
2023-01-01,2023,1,Thrissur,Oil Sardine,Sardinella longiceps,812271.8,1548,524.72
2023-01-01,2023,1,Thrissur,Indian Mackerel,Rastrelliger kanagurta,369438.2,1548,238.66
2023-01-01,2023,1,Thrissur,Seer Fish,Scomberomorus commerson,79509.4,1548,51.36
2023-01-01,2023,1,Thrissur,Coastal Tuna,Euthynnus affinis,94684.7,1548,61.17
2023-01-01,2023,1,Malappuram,Oil Sardine,Sardinella longiceps,1444846.7,1646,877.79
2023-01-01,2023,1,Malappuram,Indian Mackerel,Rastrelliger kanagurta,716784.4,1646,435.47
2023-01-01,2023,1,Malappuram,Seer Fish,Scomberomorus commerson,159907.3,1646,97.15
2023-01-01,2023,1,Malappuram,Coastal Tuna,Euthynnus affinis,243691.0,1646,148.05
2023-01-01,2023,1,Kozhikode,Oil Sardine,Sardinella longiceps,5646912.7,2746,2056.41
2023-01-01,2023,1,Kozhikode,Indian Mackerel,Rastrelliger kanagurta,2606046.7,2746,949.03
2023-01-01,2023,1,Kozhikode,Seer Fish,Scomberomorus commerson,621340.4,2746,226.27
2023-01-01,2023,1,Kozhikode,Coastal Tuna,Euthynnus affinis,869917.9,2746,316.79
2023-01-01,2023,1,Kannur,Oil Sardine,Sardinella longiceps,2265252.3,2242,1010.37
2023-01-01,2023,1,Kannur,Indian Mackerel,Rastrelliger kanagurta,1133653.7,2242,505.64
2023-01-01,2023,1,Kannur,Seer Fish,Scomberomorus commerson,260854.8,2242,116.35
2023-01-01,2023,1,Kannur,Coastal Tuna,Euthynnus affinis,396899.5,2242,177.03
2023-01-01,2023,1,Kasaragod,Oil Sardine,Sardinella longiceps,911174.1,1539,592.06
2023-01-01,2023,1,Kasaragod,Indian Mackerel,Rastrelliger kanagurta,469910.8,1539,305.34
2023-01-01,2023,1,Kasaragod,Seer Fish,Scomberomorus commerson,85830.6,1539,55.77
2023-01-01,2023,1,Kasaragod,Coastal Tuna,Euthynnus affinis,123230.7,1539,80.07
2023-02-01,2023,2,Thiruvananthapuram,Oil Sardine,Sardinella longiceps,1799413.6,1818,989.78
2023-02-01,2023,2,Thiruvananthapuram,Indian Mackerel,Rastrelliger kanagurta,937984.6,1818,515.94
2023-02-01,2023,2,Thiruvananthapuram,Seer Fish,Scomberomorus commerson,222218.4,1818,122.23
2023-02-01,2023,2,Thiruvananthapuram,Coastal Tuna,Euthynnus affinis,332598.2,1818,182.95
2023-02-01,2023,2,Kollam,Oil Sardine,Sardinella longiceps,5423229.6,2732,1985.08
2023-02-01,2023,2,Kollam,Indian Mackerel,Rastrelliger kanagurta,2780988.4,2732,1017.93
2023-02-01,2023,2,Kollam,Seer Fish,Scomberomorus commerson,719012.3,2732,263.18
2023-02-01,2023,2,Kollam,Coastal Tuna,Euthynnus affinis,964732.9,2732,353.12
2023-02-01,2023,2,Alappuzha,Oil Sardine,Sardinella longiceps,3303382.2,2302,1435.01
2023-02-01,2023,2,Alappuzha,Indian Mackerel,Rastrelliger kanagurta,1821142.1,2302,791.11
2023-02-01,2023,2,Alappuzha,Seer Fish,Scomberomorus commerson,393746.3,2302,171.05
2023-02-01,2023,2,Alappuzha,Coastal Tuna,Euthynnus affinis,612570.4,2302,266.1
2023-02-01,2023,2,Ernakulam,Oil Sardine,Sardinella longiceps,4920049.6,2718,1810.17
2023-02-01,2023,2,Ernakulam,Indian Mackerel,Rastrelliger kanagurta,2802418.7,2718,1031.06
2023-02-01,2023,2,Ernakulam,Seer Fish,Scomberomorus commerson,764487.8,2718,281.27
2023-02-01,2023,2,Ernakulam,Coastal Tuna,Euthynnus affinis,920562.9,2718,338.69
2023-02-01,2023,2,Thrissur,Oil Sardine,Sardinella longiceps,466565.5,1266,368.54
2023-02-01,2023,2,Thrissur,Indian Mackerel,Rastrelliger kanagurta,282503.6,1266,223.15
2023-02-01,2023,2,Thrissur,Seer Fish,Scomberomorus commerson,58597.1,1266,46.29
2023-02-01,2023,2,Thrissur,Coastal Tuna,Euthynnus affinis,85785.0,1266,67.76
2023-02-01,2023,2,Malappuram,Oil Sardine,Sardinella longiceps,1462277.4,1937,754.92
2023-02-01,2023,2,Malappuram,Indian Mackerel,Rastrelliger kanagurta,936554.7,1937,483.51
2023-02-01,2023,2,Malappuram,Seer Fish,Scomberomorus commerson,195227.8,1937,100.79
2023-02-01,2023,2,Malappuram,Coastal Tuna,Euthynnus affinis,290774.0,1937,150.12
2023-02-01,2023,2,Kozhikode,Oil Sardine,Sardinella longiceps,5346536.0,2970,1800.18
2023-02-01,2023,2,Kozhikode,Indian Mackerel,Rastrelliger kanagurta,3062574.1,2970,1031.17
2023-02-01,2023,2,Kozhikode,Seer Fish,Scomberomorus commerson,708428.4,2970,238.53
2023-02-01,2023,2,Kozhikode,Coastal Tuna,Euthynnus affinis,1001105.1,2970,337.07
2023-02-01,2023,2,Kannur,Oil Sardine,Sardinella longiceps,2500171.0,1894,1320.05
2023-02-01,2023,2,Kannur,Indian Mackerel,Rastrelliger kanagurta,1221820.9,1894,645.1
2023-02-01,2023,2,Kannur,Seer Fish,Scomberomorus commerson,269371.1,1894,142.22
2023-02-01,2023,2,Kannur,Coastal Tuna,Euthynnus affinis,361646.5,1894,190.94
2023-02-01,2023,2,Kasaragod,Oil Sardine,Sardinella longiceps,1027248.6,1608,638.84
2023-02-01,2023,2,Kasaragod,Indian Mackerel,Rastrelliger kanagurta,521172.8,1608,324.11
2023-02-01,2023,2,Kasaragod,Seer Fish,Scomberomorus commerson,106885.0,1608,66.47
2023-02-01,2023,2,Kasaragod,Coastal Tuna,Euthynnus affinis,185688.1,1608,115.48
2023-03-01,2023,3,Thiruvananthapuram,Oil Sardine,Sardinella longiceps,1420444.7,2070,686.21
2023-03-01,2023,3,Thiruvananthapuram,Indian Mackerel,Rastrelliger kanagurta,784270.9,2070,378.87
2023-03-01,2023,3,Thiruvananthapuram,Seer Fish,Scomberomorus commerson,231831.1,2070,112.0
2023-03-01,2023,3,Thiruvananthapuram,Coastal Tuna,Euthynnus affinis,305071.0,2070,147.38
2023-03-01,2023,3,Kollam,Oil Sardine,Sardinella longiceps,3328166.6,2426,1371.87
2023-03-01,2023,3,Kollam,Indian Mackerel,Rastrelliger kanagurta,2502424.6,2426,1031.5
2023-03-01,2023,3,Kollam,Seer Fish,Scomberomorus commerson,610882.9,2426,251.81
2023-03-01,2023,3,Kollam,Coastal Tuna,Euthynnus affinis,985219.4,2426,406.11
2023-03-01,2023,3,Alappuzha,Oil Sardine,Sardinella longiceps,2890769.3,2704,1069.07
2023-03-01,2023,3,Alappuzha,Indian Mackerel,Rastrelliger kanagurta,1875497.9,2704,693.6
2023-03-01,2023,3,Alappuzha,Seer Fish,Scomberomorus commerson,543415.8,2704,200.97
2023-03-01,2023,3,Alappuzha,Coastal Tuna,Euthynnus affinis,528171.5,2704,195.33
2023-03-01,2023,3,Ernakulam,Oil Sardine,Sardinella longiceps,4408349.8,3146,1401.26
2023-03-01,2023,3,Ernakulam,Indian Mackerel,Rastrelliger kanagurta,2641761.0,3146,839.72
2023-03-01,2023,3,Ernakulam,Seer Fish,Scomberomorus commerson,881089.3,3146,280.07
2023-03-01,2023,3,Ernakulam,Coastal Tuna,Euthynnus affinis,1211332.7,3146,385.04
2023-03-01,2023,3,Thrissur,Oil Sardine,Sardinella longiceps,471712.8,1521,310.13
2023-03-01,2023,3,Thrissur,Indian Mackerel,Rastrelliger kanagurta,322997.6,1521,212.36
2023-03-01,2023,3,Thrissur,Seer Fish,Scomberomorus commerson,80092.0,1521,52.66
2023-03-01,2023,3,Thrissur,Coastal Tuna,Euthynnus affinis,104796.1,1521,68.9
2023-03-01,2023,3,Malappuram,Oil Sardine,Sardinella longiceps,1058395.0,1915,552.69
2023-03-01,2023,3,Malappuram,Indian Mackerel,Rastrelliger kanagurta,724804.2,1915,378.49
2023-03-01,2023,3,Malappuram,Seer Fish,Scomberomorus commerson,201241.2,1915,105.09
2023-03-01,2023,3,Malappuram,Coastal Tuna,Euthynnus affinis,255225.6,1915,133.28
2023-03-01,2023,3,Kozhikode,Oil Sardine,Sardinella longiceps,4104912.8,2952,1390.55
2023-03-01,2023,3,Kozhikode,Indian Mackerel,Rastrelliger kanagurta,2507128.7,2952,849.3
2023-03-01,2023,3,Kozhikode,Seer Fish,Scomberomorus commerson,792064.7,2952,268.31
2023-03-01,2023,3,Kozhikode,Coastal Tuna,Euthynnus affinis,1030568.8,2952,349.11
2023-03-01,2023,3,Kannur,Oil Sardine,Sardinella longiceps,1203016.8,2027,593.5
2023-03-01,2023,3,Kannur,Indian Mackerel,Rastrelliger kanagurta,1024331.1,2027,505.34
2023-03-01,2023,3,Kannur,Seer Fish,Scomberomorus commerson,271611.7,2027,134.0
2023-03-01,2023,3,Kannur,Coastal Tuna,Euthynnus affinis,359780.6,2027,177.49
2023-03-01,2023,3,Kasaragod,Oil Sardine,Sardinella longiceps,640579.2,1420,451.11
2023-03-01,2023,3,Kasaragod,Indian Mackerel,Rastrelliger kanagurta,308440.7,1420,217.21
2023-03-01,2023,3,Kasaragod,Seer Fish,Scomberomorus commerson,85018.2,1420,59.87
2023-03-01,2023,3,Kasaragod,Coastal Tuna,Euthynnus affinis,134658.7,1420,94.83
2023-04-01,2023,4,Thiruvananthapuram,Oil Sardine,Sardinella longiceps,428253.0,1996,214.56
2023-04-01,2023,4,Thiruvananthapuram,Indian Mackerel,Rastrelliger kanagurta,436749.5,1996,218.81
2023-04-01,2023,4,Thiruvananthapuram,Seer Fish,Scomberomorus commerson,138619.7,1996,69.45
2023-04-01,2023,4,Thiruvananthapuram,Coastal Tuna,Euthynnus affinis,219483.5,1996,109.96
2023-04-01,2023,4,Kollam,Oil Sardine,Sardinella longiceps,1124907.8,2510,448.17
2023-04-01,2023,4,Kollam,Indian Mackerel,Rastrelliger kanagurta,1278964.1,2510,509.55
2023-04-01,2023,4,Kollam,Seer Fish,Scomberomorus commerson,405768.0,2510,161.66
2023-04-01,2023,4,Kollam,Coastal Tuna,Euthynnus affinis,709595.7,2510,282.71
2023-04-01,2023,4,Alappuzha,Oil Sardine,Sardinella longiceps,685005.0,2899,236.29
2023-04-01,2023,4,Alappuzha,Indian Mackerel,Rastrelliger kanagurta,863815.1,2899,297.97
2023-04-01,2023,4,Alappuzha,Seer Fish,Scomberomorus commerson,306324.8,2899,105.67
2023-04-01,2023,4,Alappuzha,Coastal Tuna,Euthynnus affinis,550073.8,2899,189.75
2023-04-01,2023,4,Ernakulam,Oil Sardine,Sardinella longiceps,1323652.7,2356,561.82
2023-04-01,2023,4,Ernakulam,Indian Mackerel,Rastrelliger kanagurta,1170506.0,2356,496.82
2023-04-01,2023,4,Ernakulam,Seer Fish,Scomberomorus commerson,383441.7,2356,162.75
2023-04-01,2023,4,Ernakulam,Coastal Tuna,Euthynnus affinis,530201.1,2356,225.04
2023-04-01,2023,4,Thrissur,Oil Sardine,Sardinella longiceps,122841.6,1381,88.95
2023-04-01,2023,4,Thrissur,Indian Mackerel,Rastrelliger kanagurta,99348.8,1381,71.94
2023-04-01,2023,4,Thrissur,Seer Fish,Scomberomorus commerson,35013.3,1381,25.35
2023-04-01,2023,4,Thrissur,Coastal Tuna,Euthynnus affinis,60583.1,1381,43.87
2023-04-01,2023,4,Malappuram,Oil Sardine,Sardinella longiceps,361637.2,1994,181.36
2023-04-01,2023,4,Malappuram,Indian Mackerel,Rastrelliger kanagurta,562071.6,1994,281.88
2023-04-01,2023,4,Malappuram,Seer Fish,Scomberomorus commerson,147907.9,1994,74.18
2023-04-01,2023,4,Malappuram,Coastal Tuna,Euthynnus affinis,176274.1,1994,88.4
2023-04-01,2023,4,Kozhikode,Oil Sardine,Sardinella longiceps,1183679.8,2970,398.55
2023-04-01,2023,4,Kozhikode,Indian Mackerel,Rastrelliger kanagurta,1192105.1,2970,401.38
2023-04-01,2023,4,Kozhikode,Seer Fish,Scomberomorus commerson,362386.6,2970,122.02
2023-04-01,2023,4,Kozhikode,Coastal Tuna,Euthynnus affinis,549146.2,2970,184.9
2023-04-01,2023,4,Kannur,Oil Sardine,Sardinella longiceps,423713.9,2184,194.01
2023-04-01,2023,4,Kannur,Indian Mackerel,Rastrelliger kanagurta,478434.6,2184,219.06
2023-04-01,2023,4,Kannur,Seer Fish,Scomberomorus commerson,164490.5,2184,75.32
2023-04-01,2023,4,Kannur,Coastal Tuna,Euthynnus affinis,235582.3,2184,107.87
2023-04-01,2023,4,Kasaragod,Oil Sardine,Sardinella longiceps,151724.7,1594,95.18
2023-04-01,2023,4,Kasaragod,Indian Mackerel,Rastrelliger kanagurta,252586.1,1594,158.46
2023-04-01,2023,4,Kasaragod,Seer Fish,Scomberomorus commerson,90436.9,1594,56.74
2023-04-01,2023,4,Kasaragod,Coastal Tuna,Euthynnus affinis,127445.0,1594,79.95
2023-05-01,2023,5,Thiruvananthapuram,Oil Sardine,Sardinella longiceps,624332.4,1928,323.82
2023-05-01,2023,5,Thiruvananthapuram,Indian Mackerel,Rastrelliger kanagurta,524309.0,1928,271.94
2023-05-01,2023,5,Thiruvananthapuram,Seer Fish,Scomberomorus commerson,194675.0,1928,100.97
2023-05-01,2023,5,Thiruvananthapuram,Coastal Tuna,Euthynnus affinis,287860.8,1928,149.31
2023-05-01,2023,5,Kollam,Oil Sardine,Sardinella longiceps,2737209.7,3231,847.17
2023-05-01,2023,5,Kollam,Indian Mackerel,Rastrelliger kanagurta,2233341.5,3231,691.22
2023-05-01,2023,5,Kollam,Seer Fish,Scomberomorus commerson,723048.2,3231,223.78
2023-05-01,2023,5,Kollam,Coastal Tuna,Euthynnus affinis,821428.8,3231,254.23
2023-05-01,2023,5,Alappuzha,Oil Sardine,Sardinella longiceps,1144366.8,2546,449.48
2023-05-01,2023,5,Alappuzha,Indian Mackerel,Rastrelliger kanagurta,1027274.7,2546,403.49
2023-05-01,2023,5,Alappuzha,Seer Fish,Scomberomorus commerson,359872.6,2546,141.35
2023-05-01,2023,5,Alappuzha,Coastal Tuna,Euthynnus affinis,506518.0,2546,198.95
2023-05-01,2023,5,Ernakulam,Oil Sardine,Sardinella longiceps,1561354.0,2693,579.78
2023-05-01,2023,5,Ernakulam,Indian Mackerel,Rastrelliger kanagurta,1628861.6,2693,604.85
2023-05-01,2023,5,Ernakulam,Seer Fish,Scomberomorus commerson,621883.9,2693,230.93
2023-05-01,2023,5,Ernakulam,Coastal Tuna,Euthynnus affinis,711269.7,2693,264.12
2023-05-01,2023,5,Thrissur,Oil Sardine,Sardinella longiceps,100578.7,1084,92.78
2023-05-01,2023,5,Thrissur,Indian Mackerel,Rastrelliger kanagurta,149897.7,1084,138.28
2023-05-01,2023,5,Thrissur,Seer Fish,Scomberomorus commerson,47859.0,1084,44.15
2023-05-01,2023,5,Thrissur,Coastal Tuna,Euthynnus affinis,49348.3,1084,45.52
2023-05-01,2023,5,Malappuram,Oil Sardine,Sardinella longiceps,665788.7,1740,382.64
2023-05-01,2023,5,Malappuram,Indian Mackerel,Rastrelliger kanagurta,418727.9,1740,240.65
2023-05-01,2023,5,Malappuram,Seer Fish,Scomberomorus commerson,154124.2,1740,88.58
2023-05-01,2023,5,Malappuram,Coastal Tuna,Euthynnus affinis,204947.2,1740,117.79
2023-05-01,2023,5,Kozhikode,Oil Sardine,Sardinella longiceps,1665905.4,2904,573.66
2023-05-01,2023,5,Kozhikode,Indian Mackerel,Rastrelliger kanagurta,1679688.0,2904,578.4
2023-05-01,2023,5,Kozhikode,Seer Fish,Scomberomorus commerson,584908.7,2904,201.41
2023-05-01,2023,5,Kozhikode,Coastal Tuna,Euthynnus affinis,671514.0,2904,231.24
2023-05-01,2023,5,Kannur,Oil Sardine,Sardinella longiceps,759947.9,2288,332.15
2023-05-01,2023,5,Kannur,Indian Mackerel,Rastrelliger kanagurta,669324.8,2288,292.54
2023-05-01,2023,5,Kannur,Seer Fish,Scomberomorus commerson,249472.6,2288,109.04
2023-05-01,2023,5,Kannur,Coastal Tuna,Euthynnus affinis,332912.7,2288,145.5
2023-05-01,2023,5,Kasaragod,Oil Sardine,Sardinella longiceps,266775.8,1561,170.9
2023-05-01,2023,5,Kasaragod,Indian Mackerel,Rastrelliger kanagurta,325300.4,1561,208.39
2023-05-01,2023,5,Kasaragod,Seer Fish,Scomberomorus commerson,88458.5,1561,56.67
2023-05-01,2023,5,Kasaragod,Coastal Tuna,Euthynnus affinis,134970.0,1561,86.46
2023-06-01,2023,6,Thiruvananthapuram,Oil Sardine,Sardinella longiceps,1737799.8,485,3583.09
2023-06-01,2023,6,Thiruvananthapuram,Indian Mackerel,Rastrelliger kanagurta,630630.5,485,1300.27
2023-06-01,2023,6,Thiruvananthapuram,Seer Fish,Scomberomorus commerson,123952.7,485,255.57
2023-06-01,2023,6,Thiruvananthapuram,Coastal Tuna,Euthynnus affinis,218447.5,485,450.41
2023-06-01,2023,6,Kollam,Oil Sardine,Sardinella longiceps,4746460.8,584,8127.5
2023-06-01,2023,6,Kollam,Indian Mackerel,Rastrelliger kanagurta,1839897.2,584,3150.51
2023-06-01,2023,6,Kollam,Seer Fish,Scomberomorus commerson,334908.5,584,573.47
2023-06-01,2023,6,Kollam,Coastal Tuna,Euthynnus affinis,345707.2,584,591.96
2023-06-01,2023,6,Alappuzha,Oil Sardine,Sardinella longiceps,2566039.2,413,6213.17
2023-06-01,2023,6,Alappuzha,Indian Mackerel,Rastrelliger kanagurta,628525.7,413,1521.85
2023-06-01,2023,6,Alappuzha,Seer Fish,Scomberomorus commerson,155295.9,413,376.02
2023-06-01,2023,6,Alappuzha,Coastal Tuna,Euthynnus affinis,220169.1,413,533.1
2023-06-01,2023,6,Ernakulam,Oil Sardine,Sardinella longiceps,5646375.9,673,8389.86
2023-06-01,2023,6,Ernakulam,Indian Mackerel,Rastrelliger kanagurta,1897103.2,673,2818.88
2023-06-01,2023,6,Ernakulam,Seer Fish,Scomberomorus commerson,422571.6,673,627.89
2023-06-01,2023,6,Ernakulam,Coastal Tuna,Euthynnus affinis,549390.8,673,816.33
2023-06-01,2023,6,Thrissur,Oil Sardine,Sardinella longiceps,376430.0,227,1658.28
2023-06-01,2023,6,Thrissur,Indian Mackerel,Rastrelliger kanagurta,140360.4,227,618.33
2023-06-01,2023,6,Thrissur,Seer Fish,Scomberomorus commerson,24558.0,227,108.19
2023-06-01,2023,6,Thrissur,Coastal Tuna,Euthynnus affinis,34720.3,227,152.95
2023-06-01,2023,6,Malappuram,Oil Sardine,Sardinella longiceps,1406752.0,434,3241.36
2023-06-01,2023,6,Malappuram,Indian Mackerel,Rastrelliger kanagurta,530033.0,434,1221.27
2023-06-01,2023,6,Malappuram,Seer Fish,Scomberomorus commerson,116656.7,434,268.79
2023-06-01,2023,6,Malappuram,Coastal Tuna,Euthynnus affinis,122816.7,434,282.99
2023-06-01,2023,6,Kozhikode,Oil Sardine,Sardinella longiceps,3193453.4,445,7176.3
2023-06-01,2023,6,Kozhikode,Indian Mackerel,Rastrelliger kanagurta,1121776.1,445,2520.85
2023-06-01,2023,6,Kozhikode,Seer Fish,Scomberomorus commerson,245860.4,445,552.5
2023-06-01,2023,6,Kozhikode,Coastal Tuna,Euthynnus affinis,303930.7,445,682.99
2023-06-01,2023,6,Kannur,Oil Sardine,Sardinella longiceps,2152558.2,492,4375.12
2023-06-01,2023,6,Kannur,Indian Mackerel,Rastrelliger kanagurta,682705.5,492,1387.61
2023-06-01,2023,6,Kannur,Seer Fish,Scomberomorus commerson,137072.0,492,278.6
2023-06-01,2023,6,Kannur,Coastal Tuna,Euthynnus affinis,194790.7,492,395.92
2023-06-01,2023,6,Kasaragod,Oil Sardine,Sardinella longiceps,707676.7,282,2509.49
2023-06-01,2023,6,Kasaragod,Indian Mackerel,Rastrelliger kanagurta,189156.2,282,670.77
2023-06-01,2023,6,Kasaragod,Seer Fish,Scomberomorus commerson,39358.8,282,139.57
2023-06-01,2023,6,Kasaragod,Coastal Tuna,Euthynnus affinis,60689.3,282,215.21
2023-07-01,2023,7,Thiruvananthapuram,Oil Sardine,Sardinella longiceps,2374042.5,400,5935.11
2023-07-01,2023,7,Thiruvananthapuram,Indian Mackerel,Rastrelliger kanagurta,623092.4,400,1557.73
2023-07-01,2023,7,Thiruvananthapuram,Seer Fish,Scomberomorus commerson,111765.0,400,279.41
2023-07-01,2023,7,Thiruvananthapuram,Coastal Tuna,Euthynnus affinis,122649.8,400,306.62
2023-07-01,2023,7,Kollam,Oil Sardine,Sardinella longiceps,7411113.4,584,12690.26
2023-07-01,2023,7,Kollam,Indian Mackerel,Rastrelliger kanagurta,1953548.0,584,3345.12
2023-07-01,2023,7,Kollam,Seer Fish,Scomberomorus commerson,354534.7,584,607.08
2023-07-01,2023,7,Kollam,Coastal Tuna,Euthynnus affinis,494511.5,584,846.77
2023-07-01,2023,7,Alappuzha,Oil Sardine,Sardinella longiceps,3521857.4,451,7809.0
2023-07-01,2023,7,Alappuzha,Indian Mackerel,Rastrelliger kanagurta,1176180.3,451,2607.94
2023-07-01,2023,7,Alappuzha,Seer Fish,Scomberomorus commerson,205954.6,451,456.66
2023-07-01,2023,7,Alappuzha,Coastal Tuna,Euthynnus affinis,204581.3,451,453.62
2023-07-01,2023,7,Ernakulam,Oil Sardine,Sardinella longiceps,9993998.8,803,12445.83
2023-07-01,2023,7,Ernakulam,Indian Mackerel,Rastrelliger kanagurta,2439897.9,803,3038.48
2023-07-01,2023,7,Ernakulam,Seer Fish,Scomberomorus commerson,531108.4,803,661.41
2023-07-01,2023,7,Ernakulam,Coastal Tuna,Euthynnus affinis,624846.6,803,778.14
2023-07-01,2023,7,Thrissur,Oil Sardine,Sardinella longiceps,764960.4,337,2269.91
2023-07-01,2023,7,Thrissur,Indian Mackerel,Rastrelliger kanagurta,228259.8,337,677.33
2023-07-01,2023,7,Thrissur,Seer Fish,Scomberomorus commerson,44945.7,337,133.37
2023-07-01,2023,7,Thrissur,Coastal Tuna,Euthynnus affinis,59660.8,337,177.04
2023-07-01,2023,7,Malappuram,Oil Sardine,Sardinella longiceps,1526063.5,304,5019.95
2023-07-01,2023,7,Malappuram,Indian Mackerel,Rastrelliger kanagurta,465653.7,304,1531.76
2023-07-01,2023,7,Malappuram,Seer Fish,Scomberomorus commerson,92127.2,304,303.05
2023-07-01,2023,7,Malappuram,Coastal Tuna,Euthynnus affinis,87963.9,304,289.35
2023-07-01,2023,7,Kozhikode,Oil Sardine,Sardinella longiceps,6530356.4,534,12229.13
2023-07-01,2023,7,Kozhikode,Indian Mackerel,Rastrelliger kanagurta,1694109.5,534,3172.49
2023-07-01,2023,7,Kozhikode,Seer Fish,Scomberomorus commerson,315631.8,534,591.07
2023-07-01,2023,7,Kozhikode,Coastal Tuna,Euthynnus affinis,376952.2,534,705.9
2023-07-01,2023,7,Kannur,Oil Sardine,Sardinella longiceps,2969410.4,428,6937.87
2023-07-01,2023,7,Kannur,Indian Mackerel,Rastrelliger kanagurta,678107.8,428,1584.36
2023-07-01,2023,7,Kannur,Seer Fish,Scomberomorus commerson,143181.1,428,334.54
2023-07-01,2023,7,Kannur,Coastal Tuna,Euthynnus affinis,168734.4,428,394.24
2023-07-01,2023,7,Kasaragod,Oil Sardine,Sardinella longiceps,1278958.8,315,4060.19
2023-07-01,2023,7,Kasaragod,Indian Mackerel,Rastrelliger kanagurta,281991.7,315,895.21
2023-07-01,2023,7,Kasaragod,Seer Fish,Scomberomorus commerson,55898.1,315,177.45
2023-07-01,2023,7,Kasaragod,Coastal Tuna,Euthynnus affinis,57493.4,315,182.52
2023-08-01,2023,8,Thiruvananthapuram,Oil Sardine,Sardinella longiceps,9574537.8,2275,4208.59
2023-08-01,2023,8,Thiruvananthapuram,Indian Mackerel,Rastrelliger kanagurta,2489796.0,2275,1094.42
2023-08-01,2023,8,Thiruvananthapuram,Seer Fish,Scomberomorus commerson,417465.9,2275,183.5
2023-08-01,2023,8,Thiruvananthapuram,Coastal Tuna,Euthynnus affinis,422024.8,2275,185.51
2023-08-01,2023,8,Kollam,Oil Sardine,Sardinella longiceps,29910522.6,3090,9679.78
2023-08-01,2023,8,Kollam,Indian Mackerel,Rastrelliger kanagurta,6867685.5,3090,2222.55
2023-08-01,2023,8,Kollam,Seer Fish,Scomberomorus commerson,1372057.1,3090,444.03
2023-08-01,2023,8,Kollam,Coastal Tuna,Euthynnus affinis,1454016.0,3090,470.56
2023-08-01,2023,8,Alappuzha,Oil Sardine,Sardinella longiceps,16729587.4,2580,6484.34
2023-08-01,2023,8,Alappuzha,Indian Mackerel,Rastrelliger kanagurta,4232540.6,2580,1640.52
2023-08-01,2023,8,Alappuzha,Seer Fish,Scomberomorus commerson,831483.4,2580,322.28
2023-08-01,2023,8,Alappuzha,Coastal Tuna,Euthynnus affinis,778747.5,2580,301.84
2023-08-01,2023,8,Ernakulam,Oil Sardine,Sardinella longiceps,26194483.5,2962,8843.51
2023-08-01,2023,8,Ernakulam,Indian Mackerel,Rastrelliger kanagurta,7306437.8,2962,2466.72
2023-08-01,2023,8,Ernakulam,Seer Fish,Scomberomorus commerson,1250342.0,2962,422.13
2023-08-01,2023,8,Ernakulam,Coastal Tuna,Euthynnus affinis,1309957.6,2962,442.25
2023-08-01,2023,8,Thrissur,Oil Sardine,Sardinella longiceps,3140424.6,1479,2123.34
2023-08-01,2023,8,Thrissur,Indian Mackerel,Rastrelliger kanagurta,728089.7,1479,492.29
2023-08-01,2023,8,Thrissur,Seer Fish,Scomberomorus commerson,139134.7,1479,94.07
2023-08-01,2023,8,Thrissur,Coastal Tuna,Euthynnus affinis,123715.1,1479,83.65
2023-08-01,2023,8,Malappuram,Oil Sardine,Sardinella longiceps,9487272.5,1999,4746.01
2023-08-01,2023,8,Malappuram,Indian Mackerel,Rastrelliger kanagurta,1773048.7,1999,886.97
2023-08-01,2023,8,Malappuram,Seer Fish,Scomberomorus commerson,388094.4,1999,194.14
2023-08-01,2023,8,Malappuram,Coastal Tuna,Euthynnus affinis,359376.2,1999,179.78
2023-08-01,2023,8,Kozhikode,Oil Sardine,Sardinella longiceps,25588831.8,2915,8778.33
2023-08-01,2023,8,Kozhikode,Indian Mackerel,Rastrelliger kanagurta,6863345.9,2915,2354.49
2023-08-01,2023,8,Kozhikode,Seer Fish,Scomberomorus commerson,1208995.6,2915,414.75
2023-08-01,2023,8,Kozhikode,Coastal Tuna,Euthynnus affinis,1133555.1,2915,388.87
2023-08-01,2023,8,Kannur,Oil Sardine,Sardinella longiceps,10161595.8,2134,4761.76
2023-08-01,2023,8,Kannur,Indian Mackerel,Rastrelliger kanagurta,2455042.4,2134,1150.44
2023-08-01,2023,8,Kannur,Seer Fish,Scomberomorus commerson,520294.9,2134,243.81
2023-08-01,2023,8,Kannur,Coastal Tuna,Euthynnus affinis,626920.0,2134,293.78
2023-08-01,2023,8,Kasaragod,Oil Sardine,Sardinella longiceps,4143886.8,1527,2713.74
2023-08-01,2023,8,Kasaragod,Indian Mackerel,Rastrelliger kanagurta,1121309.9,1527,734.32
2023-08-01,2023,8,Kasaragod,Seer Fish,Scomberomorus commerson,217968.8,1527,142.74
2023-08-01,2023,8,Kasaragod,Coastal Tuna,Euthynnus affinis,188765.0,1527,123.62
2023-09-01,2023,9,Thiruvananthapuram,Oil Sardine,Sardinella longiceps,5521814.8,1791,3083.09
2023-09-01,2023,9,Thiruvananthapuram,Indian Mackerel,Rastrelliger kanagurta,1720989.2,1791,960.91
2023-09-01,2023,9,Thiruvananthapuram,Seer Fish,Scomberomorus commerson,319845.1,1791,178.58
2023-09-01,2023,9,Thiruvananthapuram,Coastal Tuna,Euthynnus affinis,534610.8,1791,298.5
2023-09-01,2023,9,Kollam,Oil Sardine,Sardinella longiceps,17916793.9,2469,7256.7
2023-09-01,2023,9,Kollam,Indian Mackerel,Rastrelliger kanagurta,6320445.3,2469,2559.92
2023-09-01,2023,9,Kollam,Seer Fish,Scomberomorus commerson,1200922.8,2469,486.4
2023-09-01,2023,9,Kollam,Coastal Tuna,Euthynnus affinis,1386143.0,2469,561.42
2023-09-01,2023,9,Alappuzha,Oil Sardine,Sardinella longiceps,16442411.8,3271,5026.72
2023-09-01,2023,9,Alappuzha,Indian Mackerel,Rastrelliger kanagurta,5338471.7,3271,1632.06
2023-09-01,2023,9,Alappuzha,Seer Fish,Scomberomorus commerson,1058254.1,3271,323.53
2023-09-01,2023,9,Alappuzha,Coastal Tuna,Euthynnus affinis,1475578.0,3271,451.11
2023-09-01,2023,9,Ernakulam,Oil Sardine,Sardinella longiceps,18981931.5,2888,6572.69
2023-09-01,2023,9,Ernakulam,Indian Mackerel,Rastrelliger kanagurta,6776976.5,2888,2346.6
2023-09-01,2023,9,Ernakulam,Seer Fish,Scomberomorus commerson,1161855.3,2888,402.3
2023-09-01,2023,9,Ernakulam,Coastal Tuna,Euthynnus affinis,1890261.7,2888,654.52
2023-09-01,2023,9,Thrissur,Oil Sardine,Sardinella longiceps,1846007.9,1454,1269.61
2023-09-01,2023,9,Thrissur,Indian Mackerel,Rastrelliger kanagurta,729976.8,1454,502.05
2023-09-01,2023,9,Thrissur,Seer Fish,Scomberomorus commerson,143201.3,1454,98.49
2023-09-01,2023,9,Thrissur,Coastal Tuna,Euthynnus affinis,172622.8,1454,118.72
2023-09-01,2023,9,Malappuram,Oil Sardine,Sardinella longiceps,5087292.1,1703,2987.25
2023-09-01,2023,9,Malappuram,Indian Mackerel,Rastrelliger kanagurta,1543550.8,1703,906.37
2023-09-01,2023,9,Malappuram,Seer Fish,Scomberomorus commerson,346323.0,1703,203.36
2023-09-01,2023,9,Malappuram,Coastal Tuna,Euthynnus affinis,363810.7,1703,213.63
2023-09-01,2023,9,Kozhikode,Oil Sardine,Sardinella longiceps,9191580.7,2385,3853.91
2023-09-01,2023,9,Kozhikode,Indian Mackerel,Rastrelliger kanagurta,3911384.0,2385,1639.99
2023-09-01,2023,9,Kozhikode,Seer Fish,Scomberomorus commerson,1107507.8,2385,464.36
2023-09-01,2023,9,Kozhikode,Coastal Tuna,Euthynnus affinis,1279913.7,2385,536.65
2023-09-01,2023,9,Kannur,Oil Sardine,Sardinella longiceps,7157829.8,2219,3225.7
2023-09-01,2023,9,Kannur,Indian Mackerel,Rastrelliger kanagurta,2448300.4,2219,1103.34
2023-09-01,2023,9,Kannur,Seer Fish,Scomberomorus commerson,589301.2,2219,265.57
2023-09-01,2023,9,Kannur,Coastal Tuna,Euthynnus affinis,718461.5,2219,323.78
2023-09-01,2023,9,Kasaragod,Oil Sardine,Sardinella longiceps,3080774.2,1647,1870.54
2023-09-01,2023,9,Kasaragod,Indian Mackerel,Rastrelliger kanagurta,1041272.2,1647,632.22
2023-09-01,2023,9,Kasaragod,Seer Fish,Scomberomorus commerson,240822.5,1647,146.22
2023-09-01,2023,9,Kasaragod,Coastal Tuna,Euthynnus affinis,250146.5,1647,151.88
2023-10-01,2023,10,Thiruvananthapuram,Oil Sardine,Sardinella longiceps,1700508.4,1743,975.62
2023-10-01,2023,10,Thiruvananthapuram,Indian Mackerel,Rastrelliger kanagurta,822364.4,1743,471.81
2023-10-01,2023,10,Thiruvananthapuram,Seer Fish,Scomberomorus commerson,229190.7,1743,131.49
2023-10-01,2023,10,Thiruvananthapuram,Coastal Tuna,Euthynnus affinis,331541.9,1743,190.21
2023-10-01,2023,10,Kollam,Oil Sardine,Sardinella longiceps,6144814.7,2746,2237.73
2023-10-01,2023,10,Kollam,Indian Mackerel,Rastrelliger kanagurta,3216487.6,2746,1171.34
2023-10-01,2023,10,Kollam,Seer Fish,Scomberomorus commerson,885844.2,2746,322.59
2023-10-01,2023,10,Kollam,Coastal Tuna,Euthynnus affinis,1225228.0,2746,446.19
2023-10-01,2023,10,Alappuzha,Oil Sardine,Sardinella longiceps,3196083.0,2582,1237.83
2023-10-01,2023,10,Alappuzha,Indian Mackerel,Rastrelliger kanagurta,1982109.4,2582,767.66
2023-10-01,2023,10,Alappuzha,Seer Fish,Scomberomorus commerson,535859.0,2582,207.54
2023-10-01,2023,10,Alappuzha,Coastal Tuna,Euthynnus affinis,586692.1,2582,227.22
2023-10-01,2023,10,Ernakulam,Oil Sardine,Sardinella longiceps,5701941.7,2702,2110.27
2023-10-01,2023,10,Ernakulam,Indian Mackerel,Rastrelliger kanagurta,2689965.3,2702,995.55
2023-10-01,2023,10,Ernakulam,Seer Fish,Scomberomorus commerson,805391.1,2702,298.07
2023-10-01,2023,10,Ernakulam,Coastal Tuna,Euthynnus affinis,1036468.5,2702,383.59
2023-10-01,2023,10,Thrissur,Oil Sardine,Sardinella longiceps,608539.0,1496,406.78
2023-10-01,2023,10,Thrissur,Indian Mackerel,Rastrelliger kanagurta,294089.2,1496,196.58
2023-10-01,2023,10,Thrissur,Seer Fish,Scomberomorus commerson,99855.9,1496,66.75
2023-10-01,2023,10,Thrissur,Coastal Tuna,Euthynnus affinis,136393.6,1496,91.17
2023-10-01,2023,10,Malappuram,Oil Sardine,Sardinella longiceps,1146157.5,1368,837.83
2023-10-01,2023,10,Malappuram,Indian Mackerel,Rastrelliger kanagurta,662541.2,1368,484.31
2023-10-01,2023,10,Malappuram,Seer Fish,Scomberomorus commerson,146651.0,1368,107.2
2023-10-01,2023,10,Malappuram,Coastal Tuna,Euthynnus affinis,221935.9,1368,162.23
2023-10-01,2023,10,Kozhikode,Oil Sardine,Sardinella longiceps,5468540.1,3017,1812.58
2023-10-01,2023,10,Kozhikode,Indian Mackerel,Rastrelliger kanagurta,2741923.3,3017,908.82
2023-10-01,2023,10,Kozhikode,Seer Fish,Scomberomorus commerson,669970.6,3017,222.07
2023-10-01,2023,10,Kozhikode,Coastal Tuna,Euthynnus affinis,977080.9,3017,323.86
2023-10-01,2023,10,Kannur,Oil Sardine,Sardinella longiceps,1836242.8,2121,865.74
2023-10-01,2023,10,Kannur,Indian Mackerel,Rastrelliger kanagurta,1178585.4,2121,555.67
2023-10-01,2023,10,Kannur,Seer Fish,Scomberomorus commerson,327180.3,2121,154.26
2023-10-01,2023,10,Kannur,Coastal Tuna,Euthynnus affinis,452920.0,2121,213.54
2023-10-01,2023,10,Kasaragod,Oil Sardine,Sardinella longiceps,890957.5,1412,630.99
2023-10-01,2023,10,Kasaragod,Indian Mackerel,Rastrelliger kanagurta,391125.3,1412,277.0
2023-10-01,2023,10,Kasaragod,Seer Fish,Scomberomorus commerson,109335.0,1412,77.43
2023-10-01,2023,10,Kasaragod,Coastal Tuna,Euthynnus affinis,132339.1,1412,93.72
2023-11-01,2023,11,Thiruvananthapuram,Oil Sardine,Sardinella longiceps,1616030.6,1937,834.3
2023-11-01,2023,11,Thiruvananthapuram,Indian Mackerel,Rastrelliger kanagurta,890600.5,1937,459.78
2023-11-01,2023,11,Thiruvananthapuram,Seer Fish,Scomberomorus commerson,204695.8,1937,105.68
2023-11-01,2023,11,Thiruvananthapuram,Coastal Tuna,Euthynnus affinis,313744.9,1937,161.97
2023-11-01,2023,11,Kollam,Oil Sardine,Sardinella longiceps,5999857.2,2913,2059.68
2023-11-01,2023,11,Kollam,Indian Mackerel,Rastrelliger kanagurta,3394108.0,2913,1165.16
2023-11-01,2023,11,Kollam,Seer Fish,Scomberomorus commerson,882843.8,2913,303.07
2023-11-01,2023,11,Kollam,Coastal Tuna,Euthynnus affinis,996270.1,2913,342.01
2023-11-01,2023,11,Alappuzha,Oil Sardine,Sardinella longiceps,3357574.8,2369,1417.3
2023-11-01,2023,11,Alappuzha,Indian Mackerel,Rastrelliger kanagurta,1524320.0,2369,643.44
2023-11-01,2023,11,Alappuzha,Seer Fish,Scomberomorus commerson,491466.2,2369,207.46
2023-11-01,2023,11,Alappuzha,Coastal Tuna,Euthynnus affinis,604417.4,2369,255.14
2023-11-01,2023,11,Ernakulam,Oil Sardine,Sardinella longiceps,4204936.9,2816,1493.23
2023-11-01,2023,11,Ernakulam,Indian Mackerel,Rastrelliger kanagurta,2502236.7,2816,888.58
2023-11-01,2023,11,Ernakulam,Seer Fish,Scomberomorus commerson,698046.5,2816,247.89
2023-11-01,2023,11,Ernakulam,Coastal Tuna,Euthynnus affinis,808465.7,2816,287.1
2023-11-01,2023,11,Thrissur,Oil Sardine,Sardinella longiceps,637213.3,1628,391.41
2023-11-01,2023,11,Thrissur,Indian Mackerel,Rastrelliger kanagurta,337355.2,1628,207.22
2023-11-01,2023,11,Thrissur,Seer Fish,Scomberomorus commerson,98504.0,1628,60.51
2023-11-01,2023,11,Thrissur,Coastal Tuna,Euthynnus affinis,112932.7,1628,69.37
2023-11-01,2023,11,Malappuram,Oil Sardine,Sardinella longiceps,1596882.1,2099,760.78
2023-11-01,2023,11,Malappuram,Indian Mackerel,Rastrelliger kanagurta,813988.5,2099,387.8
2023-11-01,2023,11,Malappuram,Seer Fish,Scomberomorus commerson,215011.8,2099,102.44
2023-11-01,2023,11,Malappuram,Coastal Tuna,Euthynnus affinis,343941.0,2099,163.86
2023-11-01,2023,11,Kozhikode,Oil Sardine,Sardinella longiceps,3888903.8,2438,1595.12
2023-11-01,2023,11,Kozhikode,Indian Mackerel,Rastrelliger kanagurta,2191975.1,2438,899.09
2023-11-01,2023,11,Kozhikode,Seer Fish,Scomberomorus commerson,614729.8,2438,252.15
2023-11-01,2023,11,Kozhikode,Coastal Tuna,Euthynnus affinis,576283.6,2438,236.38
2023-11-01,2023,11,Kannur,Oil Sardine,Sardinella longiceps,1911710.0,1930,990.52
2023-11-01,2023,11,Kannur,Indian Mackerel,Rastrelliger kanagurta,1008924.4,1930,522.76
2023-11-01,2023,11,Kannur,Seer Fish,Scomberomorus commerson,348543.6,1930,180.59
2023-11-01,2023,11,Kannur,Coastal Tuna,Euthynnus affinis,332856.9,1930,172.46
2023-11-01,2023,11,Kasaragod,Oil Sardine,Sardinella longiceps,719988.0,1565,460.06
2023-11-01,2023,11,Kasaragod,Indian Mackerel,Rastrelliger kanagurta,470300.0,1565,300.51
2023-11-01,2023,11,Kasaragod,Seer Fish,Scomberomorus commerson,105939.2,1565,67.69
2023-11-01,2023,11,Kasaragod,Coastal Tuna,Euthynnus affinis,144738.5,1565,92.48
2023-12-01,2023,12,Thiruvananthapuram,Oil Sardine,Sardinella longiceps,2956574.7,2473,1195.54
2023-12-01,2023,12,Thiruvananthapuram,Indian Mackerel,Rastrelliger kanagurta,1113540.5,2473,450.28
2023-12-01,2023,12,Thiruvananthapuram,Seer Fish,Scomberomorus commerson,308052.5,2473,124.57
2023-12-01,2023,12,Thiruvananthapuram,Coastal Tuna,Euthynnus affinis,366834.3,2473,148.34
2023-12-01,2023,12,Kollam,Oil Sardine,Sardinella longiceps,6847689.7,2851,2401.86
2023-12-01,2023,12,Kollam,Indian Mackerel,Rastrelliger kanagurta,3197548.5,2851,1121.55
2023-12-01,2023,12,Kollam,Seer Fish,Scomberomorus commerson,837098.6,2851,293.62
2023-12-01,2023,12,Kollam,Coastal Tuna,Euthynnus affinis,1113703.3,2851,390.64
2023-12-01,2023,12,Alappuzha,Oil Sardine,Sardinella longiceps,4438647.8,2592,1712.44
2023-12-01,2023,12,Alappuzha,Indian Mackerel,Rastrelliger kanagurta,1921487.6,2592,741.31
2023-12-01,2023,12,Alappuzha,Seer Fish,Scomberomorus commerson,501875.5,2592,193.62
2023-12-01,2023,12,Alappuzha,Coastal Tuna,Euthynnus affinis,604516.9,2592,233.22
2023-12-01,2023,12,Ernakulam,Oil Sardine,Sardinella longiceps,6584934.8,2950,2232.18
2023-12-01,2023,12,Ernakulam,Indian Mackerel,Rastrelliger kanagurta,3347609.8,2950,1134.78
2023-12-01,2023,12,Ernakulam,Seer Fish,Scomberomorus commerson,830871.5,2950,281.65
2023-12-01,2023,12,Ernakulam,Coastal Tuna,Euthynnus affinis,1038899.2,2950,352.17
2023-12-01,2023,12,Thrissur,Oil Sardine,Sardinella longiceps,747823.0,1426,524.42
2023-12-01,2023,12,Thrissur,Indian Mackerel,Rastrelliger kanagurta,333213.5,1426,233.67
2023-12-01,2023,12,Thrissur,Seer Fish,Scomberomorus commerson,76040.1,1426,53.32
2023-12-01,2023,12,Thrissur,Coastal Tuna,Euthynnus affinis,86289.1,1426,60.51
2023-12-01,2023,12,Malappuram,Oil Sardine,Sardinella longiceps,1715789.3,1901,902.57
2023-12-01,2023,12,Malappuram,Indian Mackerel,Rastrelliger kanagurta,864381.5,1901,454.7
2023-12-01,2023,12,Malappuram,Seer Fish,Scomberomorus commerson,204049.8,1901,107.34
2023-12-01,2023,12,Malappuram,Coastal Tuna,Euthynnus affinis,249520.7,1901,131.26
2023-12-01,2023,12,Kozhikode,Oil Sardine,Sardinella longiceps,6322246.0,2959,2136.62
2023-12-01,2023,12,Kozhikode,Indian Mackerel,Rastrelliger kanagurta,3300762.9,2959,1115.5
2023-12-01,2023,12,Kozhikode,Seer Fish,Scomberomorus commerson,800441.4,2959,270.51
2023-12-01,2023,12,Kozhikode,Coastal Tuna,Euthynnus affinis,1073536.7,2959,362.8
2023-12-01,2023,12,Kannur,Oil Sardine,Sardinella longiceps,2708190.0,2194,1234.36
2023-12-01,2023,12,Kannur,Indian Mackerel,Rastrelliger kanagurta,1168654.5,2194,532.66
2023-12-01,2023,12,Kannur,Seer Fish,Scomberomorus commerson,292123.9,2194,133.15
2023-12-01,2023,12,Kannur,Coastal Tuna,Euthynnus affinis,428917.9,2194,195.5
2023-12-01,2023,12,Kasaragod,Oil Sardine,Sardinella longiceps,1229494.3,1628,755.22
2023-12-01,2023,12,Kasaragod,Indian Mackerel,Rastrelliger kanagurta,504134.6,1628,309.66
2023-12-01,2023,12,Kasaragod,Seer Fish,Scomberomorus commerson,155467.3,1628,95.5
2023-12-01,2023,12,Kasaragod,Coastal Tuna,Euthynnus affinis,168995.8,1628,103.81
2024-01-01,2024,1,Thiruvananthapuram,Oil Sardine,Sardinella longiceps,1913392.1,2124,900.84
2024-01-01,2024,1,Thiruvananthapuram,Indian Mackerel,Rastrelliger kanagurta,894155.9,2124,420.98
2024-01-01,2024,1,Thiruvananthapuram,Seer Fish,Scomberomorus commerson,179745.8,2124,84.63
2024-01-01,2024,1,Thiruvananthapuram,Coastal Tuna,Euthynnus affinis,178522.6,2124,84.05
2024-01-01,2024,1,Kollam,Oil Sardine,Sardinella longiceps,4656752.3,2793,1667.29
2024-01-01,2024,1,Kollam,Indian Mackerel,Rastrelliger kanagurta,2227229.5,2793,797.43
2024-01-01,2024,1,Kollam,Seer Fish,Scomberomorus commerson,543867.9,2793,194.73
2024-01-01,2024,1,Kollam,Coastal Tuna,Euthynnus affinis,635509.1,2793,227.54
2024-01-01,2024,1,Alappuzha,Oil Sardine,Sardinella longiceps,3775984.9,2879,1311.56
2024-01-01,2024,1,Alappuzha,Indian Mackerel,Rastrelliger kanagurta,1905436.8,2879,661.84
2024-01-01,2024,1,Alappuzha,Seer Fish,Scomberomorus commerson,546222.9,2879,189.73
2024-01-01,2024,1,Alappuzha,Coastal Tuna,Euthynnus affinis,446661.1,2879,155.14
2024-01-01,2024,1,Ernakulam,Oil Sardine,Sardinella longiceps,5778491.4,3081,1875.52
2024-01-01,2024,1,Ernakulam,Indian Mackerel,Rastrelliger kanagurta,2702381.4,3081,877.11
2024-01-01,2024,1,Ernakulam,Seer Fish,Scomberomorus commerson,598281.0,3081,194.18
2024-01-01,2024,1,Ernakulam,Coastal Tuna,Euthynnus affinis,629252.7,3081,204.24
2024-01-01,2024,1,Thrissur,Oil Sardine,Sardinella longiceps,595658.1,1345,442.87
2024-01-01,2024,1,Thrissur,Indian Mackerel,Rastrelliger kanagurta,208474.6,1345,155.0
2024-01-01,2024,1,Thrissur,Seer Fish,Scomberomorus commerson,66693.0,1345,49.59
2024-01-01,2024,1,Thrissur,Coastal Tuna,Euthynnus affinis,59430.6,1345,44.19
2024-01-01,2024,1,Malappuram,Oil Sardine,Sardinella longiceps,1890483.8,2023,934.5
2024-01-01,2024,1,Malappuram,Indian Mackerel,Rastrelliger kanagurta,610630.3,2023,301.84
2024-01-01,2024,1,Malappuram,Seer Fish,Scomberomorus commerson,158240.7,2023,78.22
2024-01-01,2024,1,Malappuram,Coastal Tuna,Euthynnus affinis,153505.1,2023,75.88
2024-01-01,2024,1,Kozhikode,Oil Sardine,Sardinella longiceps,6559787.8,3526,1860.4
2024-01-01,2024,1,Kozhikode,Indian Mackerel,Rastrelliger kanagurta,2435177.9,3526,690.63
2024-01-01,2024,1,Kozhikode,Seer Fish,Scomberomorus commerson,749462.8,3526,212.55
2024-01-01,2024,1,Kozhikode,Coastal Tuna,Euthynnus affinis,636285.7,3526,180.46
2024-01-01,2024,1,Kannur,Oil Sardine,Sardinella longiceps,2477121.4,2277,1087.89
2024-01-01,2024,1,Kannur,Indian Mackerel,Rastrelliger kanagurta,884173.2,2277,388.31
2024-01-01,2024,1,Kannur,Seer Fish,Scomberomorus commerson,190706.6,2277,83.75
2024-01-01,2024,1,Kannur,Coastal Tuna,Euthynnus affinis,285573.2,2277,125.42
2024-01-01,2024,1,Kasaragod,Oil Sardine,Sardinella longiceps,679309.3,1150,590.7
2024-01-01,2024,1,Kasaragod,Indian Mackerel,Rastrelliger kanagurta,196492.4,1150,170.86
2024-01-01,2024,1,Kasaragod,Seer Fish,Scomberomorus commerson,64290.6,1150,55.9
2024-01-01,2024,1,Kasaragod,Coastal Tuna,Euthynnus affinis,53014.3,1150,46.1
2024-02-01,2024,2,Thiruvananthapuram,Oil Sardine,Sardinella longiceps,2087200.1,1768,1180.54
2024-02-01,2024,2,Thiruvananthapuram,Indian Mackerel,Rastrelliger kanagurta,815839.1,1768,461.45
2024-02-01,2024,2,Thiruvananthapuram,Seer Fish,Scomberomorus commerson,237857.5,1768,134.53
2024-02-01,2024,2,Thiruvananthapuram,Coastal Tuna,Euthynnus affinis,219811.5,1768,124.33
2024-02-01,2024,2,Kollam,Oil Sardine,Sardinella longiceps,8400479.5,3457,2429.99
2024-02-01,2024,2,Kollam,Indian Mackerel,Rastrelliger kanagurta,3764102.6,3457,1088.84
2024-02-01,2024,2,Kollam,Seer Fish,Scomberomorus commerson,851192.8,3457,246.22
2024-02-01,2024,2,Kollam,Coastal Tuna,Euthynnus affinis,1217863.2,3457,352.29
2024-02-01,2024,2,Alappuzha,Oil Sardine,Sardinella longiceps,5545641.3,2992,1853.49
2024-02-01,2024,2,Alappuzha,Indian Mackerel,Rastrelliger kanagurta,2169315.9,2992,725.04
2024-02-01,2024,2,Alappuzha,Seer Fish,Scomberomorus commerson,471586.9,2992,157.62
2024-02-01,2024,2,Alappuzha,Coastal Tuna,Euthynnus affinis,592425.1,2992,198.0
2024-02-01,2024,2,Ernakulam,Oil Sardine,Sardinella longiceps,5881979.6,2309,2547.41
2024-02-01,2024,2,Ernakulam,Indian Mackerel,Rastrelliger kanagurta,1926657.8,2309,834.41
2024-02-01,2024,2,Ernakulam,Seer Fish,Scomberomorus commerson,491548.4,2309,212.88
2024-02-01,2024,2,Ernakulam,Coastal Tuna,Euthynnus affinis,603981.4,2309,261.58
2024-02-01,2024,2,Thrissur,Oil Sardine,Sardinella longiceps,774273.6,1418,546.03
2024-02-01,2024,2,Thrissur,Indian Mackerel,Rastrelliger kanagurta,325653.6,1418,229.66
2024-02-01,2024,2,Thrissur,Seer Fish,Scomberomorus commerson,62600.7,1418,44.15
2024-02-01,2024,2,Thrissur,Coastal Tuna,Euthynnus affinis,88945.7,1418,62.73
2024-02-01,2024,2,Malappuram,Oil Sardine,Sardinella longiceps,1499128.4,1665,900.38
2024-02-01,2024,2,Malappuram,Indian Mackerel,Rastrelliger kanagurta,681635.8,1665,409.39
2024-02-01,2024,2,Malappuram,Seer Fish,Scomberomorus commerson,162952.4,1665,97.87
2024-02-01,2024,2,Malappuram,Coastal Tuna,Euthynnus affinis,210975.8,1665,126.71
2024-02-01,2024,2,Kozhikode,Oil Sardine,Sardinella longiceps,5949531.2,2744,2168.2
2024-02-01,2024,2,Kozhikode,Indian Mackerel,Rastrelliger kanagurta,2160755.3,2744,787.45
2024-02-01,2024,2,Kozhikode,Seer Fish,Scomberomorus commerson,562945.1,2744,205.15
2024-02-01,2024,2,Kozhikode,Coastal Tuna,Euthynnus affinis,515135.4,2744,187.73
2024-02-01,2024,2,Kannur,Oil Sardine,Sardinella longiceps,2483537.5,2314,1073.27
2024-02-01,2024,2,Kannur,Indian Mackerel,Rastrelliger kanagurta,1240984.7,2314,536.29
2024-02-01,2024,2,Kannur,Seer Fish,Scomberomorus commerson,337719.4,2314,145.95
2024-02-01,2024,2,Kannur,Coastal Tuna,Euthynnus affinis,326792.0,2314,141.22
2024-02-01,2024,2,Kasaragod,Oil Sardine,Sardinella longiceps,996793.0,1399,712.5
2024-02-01,2024,2,Kasaragod,Indian Mackerel,Rastrelliger kanagurta,395882.0,1399,282.97
2024-02-01,2024,2,Kasaragod,Seer Fish,Scomberomorus commerson,92658.3,1399,66.23
2024-02-01,2024,2,Kasaragod,Coastal Tuna,Euthynnus affinis,120837.7,1399,86.37
2024-03-01,2024,3,Thiruvananthapuram,Oil Sardine,Sardinella longiceps,951850.2,1815,524.44
2024-03-01,2024,3,Thiruvananthapuram,Indian Mackerel,Rastrelliger kanagurta,786913.9,1815,433.56
2024-03-01,2024,3,Thiruvananthapuram,Seer Fish,Scomberomorus commerson,176744.0,1815,97.38
2024-03-01,2024,3,Thiruvananthapuram,Coastal Tuna,Euthynnus affinis,258072.1,1815,142.19
2024-03-01,2024,3,Kollam,Oil Sardine,Sardinella longiceps,3525355.3,2672,1319.37
2024-03-01,2024,3,Kollam,Indian Mackerel,Rastrelliger kanagurta,2266759.7,2672,848.34
2024-03-01,2024,3,Kollam,Seer Fish,Scomberomorus commerson,619806.3,2672,231.96
2024-03-01,2024,3,Kollam,Coastal Tuna,Euthynnus affinis,837676.5,2672,313.5
2024-03-01,2024,3,Alappuzha,Oil Sardine,Sardinella longiceps,2432514.4,2617,929.5
2024-03-01,2024,3,Alappuzha,Indian Mackerel,Rastrelliger kanagurta,1475532.9,2617,563.83
2024-03-01,2024,3,Alappuzha,Seer Fish,Scomberomorus commerson,351439.2,2617,134.29
2024-03-01,2024,3,Alappuzha,Coastal Tuna,Euthynnus affinis,592276.1,2617,226.32
2024-03-01,2024,3,Ernakulam,Oil Sardine,Sardinella longiceps,3338726.8,2844,1173.95
2024-03-01,2024,3,Ernakulam,Indian Mackerel,Rastrelliger kanagurta,1942988.4,2844,683.19
2024-03-01,2024,3,Ernakulam,Seer Fish,Scomberomorus commerson,682008.3,2844,239.81
2024-03-01,2024,3,Ernakulam,Coastal Tuna,Euthynnus affinis,820281.1,2844,288.43
2024-03-01,2024,3,Thrissur,Oil Sardine,Sardinella longiceps,304919.2,1258,242.38
2024-03-01,2024,3,Thrissur,Indian Mackerel,Rastrelliger kanagurta,174304.9,1258,138.56
2024-03-01,2024,3,Thrissur,Seer Fish,Scomberomorus commerson,81637.2,1258,64.89
2024-03-01,2024,3,Thrissur,Coastal Tuna,Euthynnus affinis,75186.1,1258,59.77
2024-03-01,2024,3,Malappuram,Oil Sardine,Sardinella longiceps,814764.7,1440,565.81
2024-03-01,2024,3,Malappuram,Indian Mackerel,Rastrelliger kanagurta,474216.0,1440,329.32
2024-03-01,2024,3,Malappuram,Seer Fish,Scomberomorus commerson,154462.4,1440,107.27
2024-03-01,2024,3,Malappuram,Coastal Tuna,Euthynnus affinis,183935.6,1440,127.73
2024-03-01,2024,3,Kozhikode,Oil Sardine,Sardinella longiceps,3488971.1,2624,1329.64
2024-03-01,2024,3,Kozhikode,Indian Mackerel,Rastrelliger kanagurta,1515324.6,2624,577.49
2024-03-01,2024,3,Kozhikode,Seer Fish,Scomberomorus commerson,595989.0,2624,227.13
2024-03-01,2024,3,Kozhikode,Coastal Tuna,Euthynnus affinis,858226.6,2624,327.07
2024-03-01,2024,3,Kannur,Oil Sardine,Sardinella longiceps,1684483.1,2041,825.32
2024-03-01,2024,3,Kannur,Indian Mackerel,Rastrelliger kanagurta,1000995.8,2041,490.44
2024-03-01,2024,3,Kannur,Seer Fish,Scomberomorus commerson,251184.4,2041,123.07
2024-03-01,2024,3,Kannur,Coastal Tuna,Euthynnus affinis,300188.6,2041,147.08
2024-03-01,2024,3,Kasaragod,Oil Sardine,Sardinella longiceps,533657.6,1554,343.41
2024-03-01,2024,3,Kasaragod,Indian Mackerel,Rastrelliger kanagurta,440586.6,1554,283.52
2024-03-01,2024,3,Kasaragod,Seer Fish,Scomberomorus commerson,83062.2,1554,53.45
2024-03-01,2024,3,Kasaragod,Coastal Tuna,Euthynnus affinis,153803.6,1554,98.97
2024-04-01,2024,4,Thiruvananthapuram,Oil Sardine,Sardinella longiceps,515549.3,1450,355.55
2024-04-01,2024,4,Thiruvananthapuram,Indian Mackerel,Rastrelliger kanagurta,486340.4,1450,335.41
2024-04-01,2024,4,Thiruvananthapuram,Seer Fish,Scomberomorus commerson,139928.1,1450,96.5
2024-04-01,2024,4,Thiruvananthapuram,Coastal Tuna,Euthynnus affinis,199839.7,1450,137.82
2024-04-01,2024,4,Kollam,Oil Sardine,Sardinella longiceps,2241363.0,2960,757.22
2024-04-01,2024,4,Kollam,Indian Mackerel,Rastrelliger kanagurta,2028536.2,2960,685.32
2024-04-01,2024,4,Kollam,Seer Fish,Scomberomorus commerson,619818.9,2960,209.4
2024-04-01,2024,4,Kollam,Coastal Tuna,Euthynnus affinis,783797.9,2960,264.8
2024-04-01,2024,4,Alappuzha,Oil Sardine,Sardinella longiceps,1105816.3,2066,535.25
2024-04-01,2024,4,Alappuzha,Indian Mackerel,Rastrelliger kanagurta,1104021.1,2066,534.38
2024-04-01,2024,4,Alappuzha,Seer Fish,Scomberomorus commerson,279392.7,2066,135.23
2024-04-01,2024,4,Alappuzha,Coastal Tuna,Euthynnus affinis,448251.3,2066,216.97
2024-04-01,2024,4,Ernakulam,Oil Sardine,Sardinella longiceps,2351377.6,3093,760.23
2024-04-01,2024,4,Ernakulam,Indian Mackerel,Rastrelliger kanagurta,1858077.6,3093,600.74
2024-04-01,2024,4,Ernakulam,Seer Fish,Scomberomorus commerson,580758.7,3093,187.77
2024-04-01,2024,4,Ernakulam,Coastal Tuna,Euthynnus affinis,822008.9,3093,265.76
2024-04-01,2024,4,Thrissur,Oil Sardine,Sardinella longiceps,130265.9,1279,101.85
2024-04-01,2024,4,Thrissur,Indian Mackerel,Rastrelliger kanagurta,211544.5,1279,165.4
2024-04-01,2024,4,Thrissur,Seer Fish,Scomberomorus commerson,56574.5,1279,44.23
2024-04-01,2024,4,Thrissur,Coastal Tuna,Euthynnus affinis,73711.8,1279,57.63
2024-04-01,2024,4,Malappuram,Oil Sardine,Sardinella longiceps,465891.0,1746,266.83
2024-04-01,2024,4,Malappuram,Indian Mackerel,Rastrelliger kanagurta,449079.2,1746,257.2
2024-04-01,2024,4,Malappuram,Seer Fish,Scomberomorus commerson,151843.4,1746,86.97
2024-04-01,2024,4,Malappuram,Coastal Tuna,Euthynnus affinis,192663.4,1746,110.35
2024-04-01,2024,4,Kozhikode,Oil Sardine,Sardinella longiceps,1735307.5,2751,630.79
2024-04-01,2024,4,Kozhikode,Indian Mackerel,Rastrelliger kanagurta,1125012.3,2751,408.95
2024-04-01,2024,4,Kozhikode,Seer Fish,Scomberomorus commerson,484138.4,2751,175.99
2024-04-01,2024,4,Kozhikode,Coastal Tuna,Euthynnus affinis,698280.8,2751,253.83
2024-04-01,2024,4,Kannur,Oil Sardine,Sardinella longiceps,952809.6,1885,505.47
2024-04-01,2024,4,Kannur,Indian Mackerel,Rastrelliger kanagurta,634363.4,1885,336.53
2024-04-01,2024,4,Kannur,Seer Fish,Scomberomorus commerson,201918.8,1885,107.12
2024-04-01,2024,4,Kannur,Coastal Tuna,Euthynnus affinis,311841.3,1885,165.43
2024-04-01,2024,4,Kasaragod,Oil Sardine,Sardinella longiceps,381271.2,1457,261.68
2024-04-01,2024,4,Kasaragod,Indian Mackerel,Rastrelliger kanagurta,286097.6,1457,196.36
2024-04-01,2024,4,Kasaragod,Seer Fish,Scomberomorus commerson,98219.4,1457,67.41
2024-04-01,2024,4,Kasaragod,Coastal Tuna,Euthynnus affinis,71763.4,1457,49.25
2024-05-01,2024,5,Thiruvananthapuram,Oil Sardine,Sardinella longiceps,631933.6,2026,311.91
2024-05-01,2024,5,Thiruvananthapuram,Indian Mackerel,Rastrelliger kanagurta,448091.4,2026,221.17
2024-05-01,2024,5,Thiruvananthapuram,Seer Fish,Scomberomorus commerson,192916.9,2026,95.22
2024-05-01,2024,5,Thiruvananthapuram,Coastal Tuna,Euthynnus affinis,247987.8,2026,122.4
2024-05-01,2024,5,Kollam,Oil Sardine,Sardinella longiceps,2199307.9,3262,674.22
2024-05-01,2024,5,Kollam,Indian Mackerel,Rastrelliger kanagurta,2638078.5,3262,808.73
2024-05-01,2024,5,Kollam,Seer Fish,Scomberomorus commerson,831478.4,3262,254.9
2024-05-01,2024,5,Kollam,Coastal Tuna,Euthynnus affinis,881556.6,3262,270.25
2024-05-01,2024,5,Alappuzha,Oil Sardine,Sardinella longiceps,1844610.5,2909,634.1
2024-05-01,2024,5,Alappuzha,Indian Mackerel,Rastrelliger kanagurta,1120844.6,2909,385.3
2024-05-01,2024,5,Alappuzha,Seer Fish,Scomberomorus commerson,379162.0,2909,130.34
2024-05-01,2024,5,Alappuzha,Coastal Tuna,Euthynnus affinis,572176.1,2909,196.69
2024-05-01,2024,5,Ernakulam,Oil Sardine,Sardinella longiceps,1750144.8,2547,687.14
2024-05-01,2024,5,Ernakulam,Indian Mackerel,Rastrelliger kanagurta,1661719.6,2547,652.42
2024-05-01,2024,5,Ernakulam,Seer Fish,Scomberomorus commerson,433181.7,2547,170.08
2024-05-01,2024,5,Ernakulam,Coastal Tuna,Euthynnus affinis,671526.3,2547,263.65
2024-05-01,2024,5,Thrissur,Oil Sardine,Sardinella longiceps,167040.3,1342,124.47
2024-05-01,2024,5,Thrissur,Indian Mackerel,Rastrelliger kanagurta,199876.3,1342,148.94
2024-05-01,2024,5,Thrissur,Seer Fish,Scomberomorus commerson,57572.8,1342,42.9
2024-05-01,2024,5,Thrissur,Coastal Tuna,Euthynnus affinis,62094.9,1342,46.27
2024-05-01,2024,5,Malappuram,Oil Sardine,Sardinella longiceps,649966.5,2173,299.11
2024-05-01,2024,5,Malappuram,Indian Mackerel,Rastrelliger kanagurta,586725.8,2173,270.01
2024-05-01,2024,5,Malappuram,Seer Fish,Scomberomorus commerson,149375.8,2173,68.74
2024-05-01,2024,5,Malappuram,Coastal Tuna,Euthynnus affinis,188403.0,2173,86.7
2024-05-01,2024,5,Kozhikode,Oil Sardine,Sardinella longiceps,1388690.8,2936,472.99
2024-05-01,2024,5,Kozhikode,Indian Mackerel,Rastrelliger kanagurta,1542755.3,2936,525.46
2024-05-01,2024,5,Kozhikode,Seer Fish,Scomberomorus commerson,560835.8,2936,191.02
2024-05-01,2024,5,Kozhikode,Coastal Tuna,Euthynnus affinis,617422.9,2936,210.29
2024-05-01,2024,5,Kannur,Oil Sardine,Sardinella longiceps,850018.6,2655,320.16
2024-05-01,2024,5,Kannur,Indian Mackerel,Rastrelliger kanagurta,857027.4,2655,322.8
2024-05-01,2024,5,Kannur,Seer Fish,Scomberomorus commerson,307616.8,2655,115.86
2024-05-01,2024,5,Kannur,Coastal Tuna,Euthynnus affinis,295724.8,2655,111.38
2024-05-01,2024,5,Kasaragod,Oil Sardine,Sardinella longiceps,278254.6,1480,188.01
2024-05-01,2024,5,Kasaragod,Indian Mackerel,Rastrelliger kanagurta,266834.8,1480,180.29
2024-05-01,2024,5,Kasaragod,Seer Fish,Scomberomorus commerson,89644.9,1480,60.57
2024-05-01,2024,5,Kasaragod,Coastal Tuna,Euthynnus affinis,104636.8,1480,70.7
2024-06-01,2024,6,Thiruvananthapuram,Oil Sardine,Sardinella longiceps,1991154.8,419,4752.16
2024-06-01,2024,6,Thiruvananthapuram,Indian Mackerel,Rastrelliger kanagurta,447797.3,419,1068.73
2024-06-01,2024,6,Thiruvananthapuram,Seer Fish,Scomberomorus commerson,89126.3,419,212.71
2024-06-01,2024,6,Thiruvananthapuram,Coastal Tuna,Euthynnus affinis,113017.6,419,269.73
2024-06-01,2024,6,Kollam,Oil Sardine,Sardinella longiceps,7307611.7,675,10826.09
2024-06-01,2024,6,Kollam,Indian Mackerel,Rastrelliger kanagurta,1805862.7,675,2675.35
2024-06-01,2024,6,Kollam,Seer Fish,Scomberomorus commerson,303213.3,675,449.2
2024-06-01,2024,6,Kollam,Coastal Tuna,Euthynnus affinis,401439.8,675,594.73
2024-06-01,2024,6,Alappuzha,Oil Sardine,Sardinella longiceps,2909035.4,472,6163.21
2024-06-01,2024,6,Alappuzha,Indian Mackerel,Rastrelliger kanagurta,913168.7,472,1934.68
2024-06-01,2024,6,Alappuzha,Seer Fish,Scomberomorus commerson,161529.9,472,342.22
2024-06-01,2024,6,Alappuzha,Coastal Tuna,Euthynnus affinis,183950.8,472,389.73
2024-06-01,2024,6,Ernakulam,Oil Sardine,Sardinella longiceps,5521471.7,669,8253.32
2024-06-01,2024,6,Ernakulam,Indian Mackerel,Rastrelliger kanagurta,1538691.8,669,2299.99
2024-06-01,2024,6,Ernakulam,Seer Fish,Scomberomorus commerson,349043.2,669,521.74
2024-06-01,2024,6,Ernakulam,Coastal Tuna,Euthynnus affinis,387891.5,669,579.81
2024-06-01,2024,6,Thrissur,Oil Sardine,Sardinella longiceps,433585.0,216,2007.34
2024-06-01,2024,6,Thrissur,Indian Mackerel,Rastrelliger kanagurta,119008.2,216,550.96
2024-06-01,2024,6,Thrissur,Seer Fish,Scomberomorus commerson,22953.3,216,106.27
2024-06-01,2024,6,Thrissur,Coastal Tuna,Euthynnus affinis,28058.0,216,129.9
2024-06-01,2024,6,Malappuram,Oil Sardine,Sardinella longiceps,1531464.1,400,3828.66
2024-06-01,2024,6,Malappuram,Indian Mackerel,Rastrelliger kanagurta,377568.2,400,943.92
2024-06-01,2024,6,Malappuram,Seer Fish,Scomberomorus commerson,68012.8,400,170.03
2024-06-01,2024,6,Malappuram,Coastal Tuna,Euthynnus affinis,101185.9,400,252.96
2024-06-01,2024,6,Kozhikode,Oil Sardine,Sardinella longiceps,4736114.3,536,8836.03
2024-06-01,2024,6,Kozhikode,Indian Mackerel,Rastrelliger kanagurta,1158252.2,536,2160.92
2024-06-01,2024,6,Kozhikode,Seer Fish,Scomberomorus commerson,238960.7,536,445.82
2024-06-01,2024,6,Kozhikode,Coastal Tuna,Euthynnus affinis,318372.0,536,593.98
2024-06-01,2024,6,Kannur,Oil Sardine,Sardinella longiceps,2824148.1,531,5318.55
2024-06-01,2024,6,Kannur,Indian Mackerel,Rastrelliger kanagurta,685152.6,531,1290.31
2024-06-01,2024,6,Kannur,Seer Fish,Scomberomorus commerson,138780.1,531,261.36
2024-06-01,2024,6,Kannur,Coastal Tuna,Euthynnus affinis,156243.4,531,294.24
2024-06-01,2024,6,Kasaragod,Oil Sardine,Sardinella longiceps,728662.0,235,3100.69
2024-06-01,2024,6,Kasaragod,Indian Mackerel,Rastrelliger kanagurta,155490.6,235,661.66
2024-06-01,2024,6,Kasaragod,Seer Fish,Scomberomorus commerson,28662.7,235,121.97
2024-06-01,2024,6,Kasaragod,Coastal Tuna,Euthynnus affinis,37532.1,235,159.71
2024-07-01,2024,7,Thiruvananthapuram,Oil Sardine,Sardinella longiceps,2304635.2,442,5214.11
2024-07-01,2024,7,Thiruvananthapuram,Indian Mackerel,Rastrelliger kanagurta,543854.8,442,1230.44
2024-07-01,2024,7,Thiruvananthapuram,Seer Fish,Scomberomorus commerson,108268.6,442,244.95
2024-07-01,2024,7,Thiruvananthapuram,Coastal Tuna,Euthynnus affinis,133328.2,442,301.65
2024-07-01,2024,7,Kollam,Oil Sardine,Sardinella longiceps,7497907.0,695,10788.36
2024-07-01,2024,7,Kollam,Indian Mackerel,Rastrelliger kanagurta,2103804.9,695,3027.06
2024-07-01,2024,7,Kollam,Seer Fish,Scomberomorus commerson,329714.3,695,474.41
2024-07-01,2024,7,Kollam,Coastal Tuna,Euthynnus affinis,539717.0,695,776.57
2024-07-01,2024,7,Alappuzha,Oil Sardine,Sardinella longiceps,3898500.4,542,7192.81
2024-07-01,2024,7,Alappuzha,Indian Mackerel,Rastrelliger kanagurta,1004600.8,542,1853.51
2024-07-01,2024,7,Alappuzha,Seer Fish,Scomberomorus commerson,213335.0,542,393.61
2024-07-01,2024,7,Alappuzha,Coastal Tuna,Euthynnus affinis,221654.9,542,408.96
2024-07-01,2024,7,Ernakulam,Oil Sardine,Sardinella longiceps,7192884.0,697,10319.78
2024-07-01,2024,7,Ernakulam,Indian Mackerel,Rastrelliger kanagurta,2198914.7,697,3154.83
2024-07-01,2024,7,Ernakulam,Seer Fish,Scomberomorus commerson,370385.5,697,531.4
2024-07-01,2024,7,Ernakulam,Coastal Tuna,Euthynnus affinis,455021.5,697,652.83
2024-07-01,2024,7,Thrissur,Oil Sardine,Sardinella longiceps,602040.4,253,2379.61
2024-07-01,2024,7,Thrissur,Indian Mackerel,Rastrelliger kanagurta,171623.7,253,678.35
2024-07-01,2024,7,Thrissur,Seer Fish,Scomberomorus commerson,22761.8,253,89.97
2024-07-01,2024,7,Thrissur,Coastal Tuna,Euthynnus affinis,33459.4,253,132.25
2024-07-01,2024,7,Malappuram,Oil Sardine,Sardinella longiceps,1253920.5,297,4221.95
2024-07-01,2024,7,Malappuram,Indian Mackerel,Rastrelliger kanagurta,400503.9,297,1348.5
2024-07-01,2024,7,Malappuram,Seer Fish,Scomberomorus commerson,64203.4,297,216.17
2024-07-01,2024,7,Malappuram,Coastal Tuna,Euthynnus affinis,82643.8,297,278.26
2024-07-01,2024,7,Kozhikode,Oil Sardine,Sardinella longiceps,5750899.5,595,9665.38
2024-07-01,2024,7,Kozhikode,Indian Mackerel,Rastrelliger kanagurta,1599703.6,595,2688.58
2024-07-01,2024,7,Kozhikode,Seer Fish,Scomberomorus commerson,290924.8,595,488.95
2024-07-01,2024,7,Kozhikode,Coastal Tuna,Euthynnus affinis,306674.2,595,515.42
2024-07-01,2024,7,Kannur,Oil Sardine,Sardinella longiceps,1710692.3,316,5413.58
2024-07-01,2024,7,Kannur,Indian Mackerel,Rastrelliger kanagurta,463931.5,316,1468.14
2024-07-01,2024,7,Kannur,Seer Fish,Scomberomorus commerson,87826.8,316,277.93
2024-07-01,2024,7,Kannur,Coastal Tuna,Euthynnus affinis,101514.9,316,321.25
2024-07-01,2024,7,Kasaragod,Oil Sardine,Sardinella longiceps,1168108.7,372,3140.08
2024-07-01,2024,7,Kasaragod,Indian Mackerel,Rastrelliger kanagurta,308054.9,372,828.1
2024-07-01,2024,7,Kasaragod,Seer Fish,Scomberomorus commerson,43547.4,372,117.06
2024-07-01,2024,7,Kasaragod,Coastal Tuna,Euthynnus affinis,65608.5,372,176.37
2024-08-01,2024,8,Thiruvananthapuram,Oil Sardine,Sardinella longiceps,10215525.7,2227,4587.12
2024-08-01,2024,8,Thiruvananthapuram,Indian Mackerel,Rastrelliger kanagurta,2354257.9,2227,1057.14
2024-08-01,2024,8,Thiruvananthapuram,Seer Fish,Scomberomorus commerson,445201.8,2227,199.91
2024-08-01,2024,8,Thiruvananthapuram,Coastal Tuna,Euthynnus affinis,437767.8,2227,196.57
2024-08-01,2024,8,Kollam,Oil Sardine,Sardinella longiceps,22111653.6,2548,8678.04
2024-08-01,2024,8,Kollam,Indian Mackerel,Rastrelliger kanagurta,5976283.8,2548,2345.48
2024-08-01,2024,8,Kollam,Seer Fish,Scomberomorus commerson,1111570.1,2548,436.25
2024-08-01,2024,8,Kollam,Coastal Tuna,Euthynnus affinis,1138473.7,2548,446.81
2024-08-01,2024,8,Alappuzha,Oil Sardine,Sardinella longiceps,14111636.4,2221,6353.73
2024-08-01,2024,8,Alappuzha,Indian Mackerel,Rastrelliger kanagurta,3444272.4,2221,1550.78
2024-08-01,2024,8,Alappuzha,Seer Fish,Scomberomorus commerson,693706.4,2221,312.34
2024-08-01,2024,8,Alappuzha,Coastal Tuna,Euthynnus affinis,717089.4,2221,322.87
2024-08-01,2024,8,Ernakulam,Oil Sardine,Sardinella longiceps,21693286.1,2520,8608.45
2024-08-01,2024,8,Ernakulam,Indian Mackerel,Rastrelliger kanagurta,5906577.7,2520,2343.88
2024-08-01,2024,8,Ernakulam,Seer Fish,Scomberomorus commerson,1091276.5,2520,433.05
2024-08-01,2024,8,Ernakulam,Coastal Tuna,Euthynnus affinis,1083130.9,2520,429.81
2024-08-01,2024,8,Thrissur,Oil Sardine,Sardinella longiceps,2909128.3,1471,1977.65
2024-08-01,2024,8,Thrissur,Indian Mackerel,Rastrelliger kanagurta,658029.8,1471,447.34
2024-08-01,2024,8,Thrissur,Seer Fish,Scomberomorus commerson,139772.9,1471,95.02
2024-08-01,2024,8,Thrissur,Coastal Tuna,Euthynnus affinis,122002.3,1471,82.94
2024-08-01,2024,8,Malappuram,Oil Sardine,Sardinella longiceps,6360739.5,1831,3473.92
2024-08-01,2024,8,Malappuram,Indian Mackerel,Rastrelliger kanagurta,1563063.7,1831,853.67
2024-08-01,2024,8,Malappuram,Seer Fish,Scomberomorus commerson,355746.2,1831,194.29
2024-08-01,2024,8,Malappuram,Coastal Tuna,Euthynnus affinis,349764.7,1831,191.02
2024-08-01,2024,8,Kozhikode,Oil Sardine,Sardinella longiceps,23727297.2,3088,7683.71
2024-08-01,2024,8,Kozhikode,Indian Mackerel,Rastrelliger kanagurta,5070279.5,3088,1641.93
2024-08-01,2024,8,Kozhikode,Seer Fish,Scomberomorus commerson,1197105.7,3088,387.66
2024-08-01,2024,8,Kozhikode,Coastal Tuna,Euthynnus affinis,1265899.5,3088,409.94
2024-08-01,2024,8,Kannur,Oil Sardine,Sardinella longiceps,7331913.3,1761,4163.49
2024-08-01,2024,8,Kannur,Indian Mackerel,Rastrelliger kanagurta,2125163.3,1761,1206.79
2024-08-01,2024,8,Kannur,Seer Fish,Scomberomorus commerson,334619.1,1761,190.02
2024-08-01,2024,8,Kannur,Coastal Tuna,Euthynnus affinis,349194.1,1761,198.29
2024-08-01,2024,8,Kasaragod,Oil Sardine,Sardinella longiceps,3570190.7,1581,2258.19
2024-08-01,2024,8,Kasaragod,Indian Mackerel,Rastrelliger kanagurta,912187.1,1581,576.97
2024-08-01,2024,8,Kasaragod,Seer Fish,Scomberomorus commerson,169957.4,1581,107.5
2024-08-01,2024,8,Kasaragod,Coastal Tuna,Euthynnus affinis,175142.5,1581,110.78
2024-09-01,2024,9,Thiruvananthapuram,Oil Sardine,Sardinella longiceps,5817140.3,2165,2686.9
2024-09-01,2024,9,Thiruvananthapuram,Indian Mackerel,Rastrelliger kanagurta,2093828.5,2165,967.13
2024-09-01,2024,9,Thiruvananthapuram,Seer Fish,Scomberomorus commerson,369384.0,2165,170.62
2024-09-01,2024,9,Thiruvananthapuram,Coastal Tuna,Euthynnus affinis,431597.8,2165,199.35
2024-09-01,2024,9,Kollam,Oil Sardine,Sardinella longiceps,19414760.1,3575,5430.7
2024-09-01,2024,9,Kollam,Indian Mackerel,Rastrelliger kanagurta,6929736.8,3575,1938.39
2024-09-01,2024,9,Kollam,Seer Fish,Scomberomorus commerson,1421425.4,3575,397.6
2024-09-01,2024,9,Kollam,Coastal Tuna,Euthynnus affinis,1393447.5,3575,389.78
2024-09-01,2024,9,Alappuzha,Oil Sardine,Sardinella longiceps,11157749.9,2162,5160.85
2024-09-01,2024,9,Alappuzha,Indian Mackerel,Rastrelliger kanagurta,3045501.6,2162,1408.65
2024-09-01,2024,9,Alappuzha,Seer Fish,Scomberomorus commerson,599483.3,2162,277.28
2024-09-01,2024,9,Alappuzha,Coastal Tuna,Euthynnus affinis,654613.5,2162,302.78
2024-09-01,2024,9,Ernakulam,Oil Sardine,Sardinella longiceps,16979814.2,3157,5378.47
2024-09-01,2024,9,Ernakulam,Indian Mackerel,Rastrelliger kanagurta,5653703.6,3157,1790.85
2024-09-01,2024,9,Ernakulam,Seer Fish,Scomberomorus commerson,1302743.6,3157,412.65
2024-09-01,2024,9,Ernakulam,Coastal Tuna,Euthynnus affinis,1396351.0,3157,442.3
2024-09-01,2024,9,Thrissur,Oil Sardine,Sardinella longiceps,1561768.3,1227,1272.83
2024-09-01,2024,9,Thrissur,Indian Mackerel,Rastrelliger kanagurta,531923.8,1227,433.52
2024-09-01,2024,9,Thrissur,Seer Fish,Scomberomorus commerson,88479.1,1227,72.11
2024-09-01,2024,9,Thrissur,Coastal Tuna,Euthynnus affinis,125102.9,1227,101.96
2024-09-01,2024,9,Malappuram,Oil Sardine,Sardinella longiceps,4236612.6,1623,2610.36
2024-09-01,2024,9,Malappuram,Indian Mackerel,Rastrelliger kanagurta,1229606.3,1623,757.61
2024-09-01,2024,9,Malappuram,Seer Fish,Scomberomorus commerson,233956.4,1623,144.15
2024-09-01,2024,9,Malappuram,Coastal Tuna,Euthynnus affinis,361816.5,1623,222.93
2024-09-01,2024,9,Kozhikode,Oil Sardine,Sardinella longiceps,19111859.0,2984,6404.78
2024-09-01,2024,9,Kozhikode,Indian Mackerel,Rastrelliger kanagurta,5384653.2,2984,1804.51
2024-09-01,2024,9,Kozhikode,Seer Fish,Scomberomorus commerson,997550.6,2984,334.3
2024-09-01,2024,9,Kozhikode,Coastal Tuna,Euthynnus affinis,1146052.9,2984,384.07
2024-09-01,2024,9,Kannur,Oil Sardine,Sardinella longiceps,7454929.0,2307,3231.44
2024-09-01,2024,9,Kannur,Indian Mackerel,Rastrelliger kanagurta,2409838.7,2307,1044.58
2024-09-01,2024,9,Kannur,Seer Fish,Scomberomorus commerson,452698.3,2307,196.23
2024-09-01,2024,9,Kannur,Coastal Tuna,Euthynnus affinis,492398.1,2307,213.44
2024-09-01,2024,9,Kasaragod,Oil Sardine,Sardinella longiceps,3143036.5,1793,1752.95
2024-09-01,2024,9,Kasaragod,Indian Mackerel,Rastrelliger kanagurta,1109355.2,1793,618.71
2024-09-01,2024,9,Kasaragod,Seer Fish,Scomberomorus commerson,202970.5,1793,113.2
2024-09-01,2024,9,Kasaragod,Coastal Tuna,Euthynnus affinis,212513.6,1793,118.52
2024-10-01,2024,10,Thiruvananthapuram,Oil Sardine,Sardinella longiceps,2367353.9,2219,1066.86
2024-10-01,2024,10,Thiruvananthapuram,Indian Mackerel,Rastrelliger kanagurta,1104821.2,2219,497.89
2024-10-01,2024,10,Thiruvananthapuram,Seer Fish,Scomberomorus commerson,262643.4,2219,118.36
2024-10-01,2024,10,Thiruvananthapuram,Coastal Tuna,Euthynnus affinis,315246.4,2219,142.07
2024-10-01,2024,10,Kollam,Oil Sardine,Sardinella longiceps,7620094.3,2881,2644.95
2024-10-01,2024,10,Kollam,Indian Mackerel,Rastrelliger kanagurta,3560613.9,2881,1235.9
2024-10-01,2024,10,Kollam,Seer Fish,Scomberomorus commerson,867080.8,2881,300.97
2024-10-01,2024,10,Kollam,Coastal Tuna,Euthynnus affinis,890581.2,2881,309.12
2024-10-01,2024,10,Alappuzha,Oil Sardine,Sardinella longiceps,3713850.7,1962,1892.89
2024-10-01,2024,10,Alappuzha,Indian Mackerel,Rastrelliger kanagurta,1761549.8,1962,897.83
2024-10-01,2024,10,Alappuzha,Seer Fish,Scomberomorus commerson,347662.2,1962,177.2
2024-10-01,2024,10,Alappuzha,Coastal Tuna,Euthynnus affinis,398085.8,1962,202.9
2024-10-01,2024,10,Ernakulam,Oil Sardine,Sardinella longiceps,7567953.8,3268,2315.78
2024-10-01,2024,10,Ernakulam,Indian Mackerel,Rastrelliger kanagurta,3429025.2,3268,1049.27
2024-10-01,2024,10,Ernakulam,Seer Fish,Scomberomorus commerson,815610.2,3268,249.57
2024-10-01,2024,10,Ernakulam,Coastal Tuna,Euthynnus affinis,1118474.9,3268,342.25
2024-10-01,2024,10,Thrissur,Oil Sardine,Sardinella longiceps,680050.1,1308,519.92
2024-10-01,2024,10,Thrissur,Indian Mackerel,Rastrelliger kanagurta,312106.2,1308,238.61
2024-10-01,2024,10,Thrissur,Seer Fish,Scomberomorus commerson,55725.9,1308,42.6
2024-10-01,2024,10,Thrissur,Coastal Tuna,Euthynnus affinis,99674.9,1308,76.2
2024-10-01,2024,10,Malappuram,Oil Sardine,Sardinella longiceps,1908433.3,1964,971.71
2024-10-01,2024,10,Malappuram,Indian Mackerel,Rastrelliger kanagurta,851809.2,1964,433.71
2024-10-01,2024,10,Malappuram,Seer Fish,Scomberomorus commerson,233565.2,1964,118.92
2024-10-01,2024,10,Malappuram,Coastal Tuna,Euthynnus affinis,302627.1,1964,154.09
2024-10-01,2024,10,Kozhikode,Oil Sardine,Sardinella longiceps,7498639.4,3301,2271.63
2024-10-01,2024,10,Kozhikode,Indian Mackerel,Rastrelliger kanagurta,2995833.8,3301,907.55
2024-10-01,2024,10,Kozhikode,Seer Fish,Scomberomorus commerson,789640.8,3301,239.21
2024-10-01,2024,10,Kozhikode,Coastal Tuna,Euthynnus affinis,917492.5,3301,277.94
2024-10-01,2024,10,Kannur,Oil Sardine,Sardinella longiceps,2773637.0,1922,1443.1
2024-10-01,2024,10,Kannur,Indian Mackerel,Rastrelliger kanagurta,1075213.9,1922,559.42
2024-10-01,2024,10,Kannur,Seer Fish,Scomberomorus commerson,226384.3,1922,117.79
2024-10-01,2024,10,Kannur,Coastal Tuna,Euthynnus affinis,273769.1,1922,142.44
2024-10-01,2024,10,Kasaragod,Oil Sardine,Sardinella longiceps,943975.9,1329,710.29
2024-10-01,2024,10,Kasaragod,Indian Mackerel,Rastrelliger kanagurta,358244.2,1329,269.56
2024-10-01,2024,10,Kasaragod,Seer Fish,Scomberomorus commerson,112046.9,1329,84.31
2024-10-01,2024,10,Kasaragod,Coastal Tuna,Euthynnus affinis,135037.4,1329,101.61
2024-11-01,2024,11,Thiruvananthapuram,Oil Sardine,Sardinella longiceps,1627376.9,2018,806.43
2024-11-01,2024,11,Thiruvananthapuram,Indian Mackerel,Rastrelliger kanagurta,853792.7,2018,423.09
2024-11-01,2024,11,Thiruvananthapuram,Seer Fish,Scomberomorus commerson,267071.3,2018,132.34
2024-11-01,2024,11,Thiruvananthapuram,Coastal Tuna,Euthynnus affinis,285753.2,2018,141.6
2024-11-01,2024,11,Kollam,Oil Sardine,Sardinella longiceps,6065283.7,2550,2378.54
2024-11-01,2024,11,Kollam,Indian Mackerel,Rastrelliger kanagurta,2832967.3,2550,1110.97
2024-11-01,2024,11,Kollam,Seer Fish,Scomberomorus commerson,797633.4,2550,312.8
2024-11-01,2024,11,Kollam,Coastal Tuna,Euthynnus affinis,1087182.9,2550,426.35
2024-11-01,2024,11,Alappuzha,Oil Sardine,Sardinella longiceps,3516462.2,2431,1446.51
2024-11-01,2024,11,Alappuzha,Indian Mackerel,Rastrelliger kanagurta,1765650.5,2431,726.31
2024-11-01,2024,11,Alappuzha,Seer Fish,Scomberomorus commerson,429544.2,2431,176.69
2024-11-01,2024,11,Alappuzha,Coastal Tuna,Euthynnus affinis,511384.4,2431,210.36
2024-11-01,2024,11,Ernakulam,Oil Sardine,Sardinella longiceps,7200337.4,3300,2181.92
2024-11-01,2024,11,Ernakulam,Indian Mackerel,Rastrelliger kanagurta,3349993.3,3300,1015.15
2024-11-01,2024,11,Ernakulam,Seer Fish,Scomberomorus commerson,794893.4,3300,240.88
2024-11-01,2024,11,Ernakulam,Coastal Tuna,Euthynnus affinis,1145878.8,3300,347.24
2024-11-01,2024,11,Thrissur,Oil Sardine,Sardinella longiceps,555996.7,1404,396.01
2024-11-01,2024,11,Thrissur,Indian Mackerel,Rastrelliger kanagurta,316891.5,1404,225.71
2024-11-01,2024,11,Thrissur,Seer Fish,Scomberomorus commerson,66383.0,1404,47.28
2024-11-01,2024,11,Thrissur,Coastal Tuna,Euthynnus affinis,121453.1,1404,86.51
2024-11-01,2024,11,Malappuram,Oil Sardine,Sardinella longiceps,1148688.7,1523,754.23
2024-11-01,2024,11,Malappuram,Indian Mackerel,Rastrelliger kanagurta,614930.4,1523,403.76
2024-11-01,2024,11,Malappuram,Seer Fish,Scomberomorus commerson,183271.5,1523,120.34
2024-11-01,2024,11,Malappuram,Coastal Tuna,Euthynnus affinis,200524.1,1523,131.66
2024-11-01,2024,11,Kozhikode,Oil Sardine,Sardinella longiceps,4121960.0,2524,1633.11
2024-11-01,2024,11,Kozhikode,Indian Mackerel,Rastrelliger kanagurta,2078430.7,2524,823.47
2024-11-01,2024,11,Kozhikode,Seer Fish,Scomberomorus commerson,698801.0,2524,276.86
2024-11-01,2024,11,Kozhikode,Coastal Tuna,Euthynnus affinis,781583.7,2524,309.66
2024-11-01,2024,11,Kannur,Oil Sardine,Sardinella longiceps,1466475.1,1938,756.7
2024-11-01,2024,11,Kannur,Indian Mackerel,Rastrelliger kanagurta,1021441.8,1938,527.06
2024-11-01,2024,11,Kannur,Seer Fish,Scomberomorus commerson,261179.5,1938,134.77
2024-11-01,2024,11,Kannur,Coastal Tuna,Euthynnus affinis,361826.0,1938,186.7
2024-11-01,2024,11,Kasaragod,Oil Sardine,Sardinella longiceps,790091.0,1374,575.03
2024-11-01,2024,11,Kasaragod,Indian Mackerel,Rastrelliger kanagurta,338742.4,1374,246.54
2024-11-01,2024,11,Kasaragod,Seer Fish,Scomberomorus commerson,122010.6,1374,88.8
2024-11-01,2024,11,Kasaragod,Coastal Tuna,Euthynnus affinis,151633.0,1374,110.36
2024-12-01,2024,12,Thiruvananthapuram,Oil Sardine,Sardinella longiceps,2143243.2,2347,913.18
2024-12-01,2024,12,Thiruvananthapuram,Indian Mackerel,Rastrelliger kanagurta,1260846.2,2347,537.22
2024-12-01,2024,12,Thiruvananthapuram,Seer Fish,Scomberomorus commerson,330141.2,2347,140.67
2024-12-01,2024,12,Thiruvananthapuram,Coastal Tuna,Euthynnus affinis,386083.9,2347,164.5
2024-12-01,2024,12,Kollam,Oil Sardine,Sardinella longiceps,7249373.4,2619,2767.99
2024-12-01,2024,12,Kollam,Indian Mackerel,Rastrelliger kanagurta,2777929.9,2619,1060.68
2024-12-01,2024,12,Kollam,Seer Fish,Scomberomorus commerson,712480.2,2619,272.04
2024-12-01,2024,12,Kollam,Coastal Tuna,Euthynnus affinis,993889.0,2619,379.49
2024-12-01,2024,12,Alappuzha,Oil Sardine,Sardinella longiceps,2931257.1,1799,1629.38
2024-12-01,2024,12,Alappuzha,Indian Mackerel,Rastrelliger kanagurta,1414530.6,1799,786.29
2024-12-01,2024,12,Alappuzha,Seer Fish,Scomberomorus commerson,285483.2,1799,158.69
2024-12-01,2024,12,Alappuzha,Coastal Tuna,Euthynnus affinis,391306.1,1799,217.51
2024-12-01,2024,12,Ernakulam,Oil Sardine,Sardinella longiceps,6394104.4,3053,2094.37
2024-12-01,2024,12,Ernakulam,Indian Mackerel,Rastrelliger kanagurta,3161162.3,3053,1035.43
2024-12-01,2024,12,Ernakulam,Seer Fish,Scomberomorus commerson,711231.9,3053,232.96
2024-12-01,2024,12,Ernakulam,Coastal Tuna,Euthynnus affinis,966145.0,3053,316.46
2024-12-01,2024,12,Thrissur,Oil Sardine,Sardinella longiceps,576087.3,1096,525.63
2024-12-01,2024,12,Thrissur,Indian Mackerel,Rastrelliger kanagurta,240666.9,1096,219.59
2024-12-01,2024,12,Thrissur,Seer Fish,Scomberomorus commerson,73087.3,1096,66.69
2024-12-01,2024,12,Thrissur,Coastal Tuna,Euthynnus affinis,76384.2,1096,69.69
2024-12-01,2024,12,Malappuram,Oil Sardine,Sardinella longiceps,1131846.9,1360,832.24
2024-12-01,2024,12,Malappuram,Indian Mackerel,Rastrelliger kanagurta,521409.9,1360,383.39
2024-12-01,2024,12,Malappuram,Seer Fish,Scomberomorus commerson,166200.7,1360,122.21
2024-12-01,2024,12,Malappuram,Coastal Tuna,Euthynnus affinis,184350.3,1360,135.55
2024-12-01,2024,12,Kozhikode,Oil Sardine,Sardinella longiceps,6184444.3,2848,2171.5
2024-12-01,2024,12,Kozhikode,Indian Mackerel,Rastrelliger kanagurta,3155287.5,2848,1107.9
2024-12-01,2024,12,Kozhikode,Seer Fish,Scomberomorus commerson,608989.7,2848,213.83
2024-12-01,2024,12,Kozhikode,Coastal Tuna,Euthynnus affinis,815243.6,2848,286.25
2024-12-01,2024,12,Kannur,Oil Sardine,Sardinella longiceps,2183216.2,2207,989.22
2024-12-01,2024,12,Kannur,Indian Mackerel,Rastrelliger kanagurta,1081018.0,2207,489.81
2024-12-01,2024,12,Kannur,Seer Fish,Scomberomorus commerson,263735.3,2207,119.5
2024-12-01,2024,12,Kannur,Coastal Tuna,Euthynnus affinis,402371.9,2207,182.32
2024-12-01,2024,12,Kasaragod,Oil Sardine,Sardinella longiceps,1202349.6,1654,726.93
2024-12-01,2024,12,Kasaragod,Indian Mackerel,Rastrelliger kanagurta,480126.4,1654,290.28
2024-12-01,2024,12,Kasaragod,Seer Fish,Scomberomorus commerson,111601.5,1654,67.47
2024-12-01,2024,12,Kasaragod,Coastal Tuna,Euthynnus affinis,162143.2,1654,98.03
2025-01-01,2025,1,Thiruvananthapuram,Oil Sardine,Sardinella longiceps,2003613.8,2042,981.2
2025-01-01,2025,1,Thiruvananthapuram,Indian Mackerel,Rastrelliger kanagurta,913551.7,2042,447.38
2025-01-01,2025,1,Thiruvananthapuram,Seer Fish,Scomberomorus commerson,203809.5,2042,99.81
2025-01-01,2025,1,Thiruvananthapuram,Coastal Tuna,Euthynnus affinis,218378.9,2042,106.94
2025-01-01,2025,1,Kollam,Oil Sardine,Sardinella longiceps,6217472.6,2805,2216.57
2025-01-01,2025,1,Kollam,Indian Mackerel,Rastrelliger kanagurta,2299848.5,2805,819.91
2025-01-01,2025,1,Kollam,Seer Fish,Scomberomorus commerson,729749.2,2805,260.16
2025-01-01,2025,1,Kollam,Coastal Tuna,Euthynnus affinis,514435.7,2805,183.4
2025-01-01,2025,1,Alappuzha,Oil Sardine,Sardinella longiceps,3412727.7,2361,1445.46
2025-01-01,2025,1,Alappuzha,Indian Mackerel,Rastrelliger kanagurta,1581058.9,2361,669.66
2025-01-01,2025,1,Alappuzha,Seer Fish,Scomberomorus commerson,292646.2,2361,123.95
2025-01-01,2025,1,Alappuzha,Coastal Tuna,Euthynnus affinis,486878.3,2361,206.22
2025-01-01,2025,1,Ernakulam,Oil Sardine,Sardinella longiceps,6503374.9,3133,2075.77
2025-01-01,2025,1,Ernakulam,Indian Mackerel,Rastrelliger kanagurta,2802087.3,3133,894.38
2025-01-01,2025,1,Ernakulam,Seer Fish,Scomberomorus commerson,530920.6,3133,169.46
2025-01-01,2025,1,Ernakulam,Coastal Tuna,Euthynnus affinis,786726.8,3133,251.11
2025-01-01,2025,1,Thrissur,Oil Sardine,Sardinella longiceps,431879.3,1327,325.46
2025-01-01,2025,1,Thrissur,Indian Mackerel,Rastrelliger kanagurta,288724.9,1327,217.58
2025-01-01,2025,1,Thrissur,Seer Fish,Scomberomorus commerson,66306.0,1327,49.97
2025-01-01,2025,1,Thrissur,Coastal Tuna,Euthynnus affinis,71026.0,1327,53.52
2025-01-01,2025,1,Malappuram,Oil Sardine,Sardinella longiceps,1556804.5,2174,716.1
2025-01-01,2025,1,Malappuram,Indian Mackerel,Rastrelliger kanagurta,730240.8,2174,335.9
2025-01-01,2025,1,Malappuram,Seer Fish,Scomberomorus commerson,202053.1,2174,92.94
2025-01-01,2025,1,Malappuram,Coastal Tuna,Euthynnus affinis,187217.0,2174,86.12
2025-01-01,2025,1,Kozhikode,Oil Sardine,Sardinella longiceps,6147982.1,3067,2004.56
2025-01-01,2025,1,Kozhikode,Indian Mackerel,Rastrelliger kanagurta,2664264.3,3067,868.69
2025-01-01,2025,1,Kozhikode,Seer Fish,Scomberomorus commerson,543477.6,3067,177.2
2025-01-01,2025,1,Kozhikode,Coastal Tuna,Euthynnus affinis,632816.1,3067,206.33
2025-01-01,2025,1,Kannur,Oil Sardine,Sardinella longiceps,1983905.4,1600,1239.94
2025-01-01,2025,1,Kannur,Indian Mackerel,Rastrelliger kanagurta,567847.0,1600,354.9
2025-01-01,2025,1,Kannur,Seer Fish,Scomberomorus commerson,176760.4,1600,110.48
2025-01-01,2025,1,Kannur,Coastal Tuna,Euthynnus affinis,195530.3,1600,122.21
2025-01-01,2025,1,Kasaragod,Oil Sardine,Sardinella longiceps,943804.8,1714,550.64
2025-01-01,2025,1,Kasaragod,Indian Mackerel,Rastrelliger kanagurta,371236.1,1714,216.59
2025-01-01,2025,1,Kasaragod,Seer Fish,Scomberomorus commerson,96315.3,1714,56.19
2025-01-01,2025,1,Kasaragod,Coastal Tuna,Euthynnus affinis,114035.5,1714,66.53
2025-02-01,2025,2,Thiruvananthapuram,Oil Sardine,Sardinella longiceps,1929733.5,2204,875.56
2025-02-01,2025,2,Thiruvananthapuram,Indian Mackerel,Rastrelliger kanagurta,783119.8,2204,355.32
2025-02-01,2025,2,Thiruvananthapuram,Seer Fish,Scomberomorus commerson,249174.1,2204,113.06
2025-02-01,2025,2,Thiruvananthapuram,Coastal Tuna,Euthynnus affinis,260602.1,2204,118.24
2025-02-01,2025,2,Kollam,Oil Sardine,Sardinella longiceps,4774384.8,3143,1519.05
2025-02-01,2025,2,Kollam,Indian Mackerel,Rastrelliger kanagurta,3110741.8,3143,989.74
2025-02-01,2025,2,Kollam,Seer Fish,Scomberomorus commerson,707177.9,3143,225.0
2025-02-01,2025,2,Kollam,Coastal Tuna,Euthynnus affinis,995455.3,3143,316.72
2025-02-01,2025,2,Alappuzha,Oil Sardine,Sardinella longiceps,2007751.0,1981,1013.5
2025-02-01,2025,2,Alappuzha,Indian Mackerel,Rastrelliger kanagurta,1287599.2,1981,649.97
2025-02-01,2025,2,Alappuzha,Seer Fish,Scomberomorus commerson,319167.8,1981,161.11
2025-02-01,2025,2,Alappuzha,Coastal Tuna,Euthynnus affinis,447807.2,1981,226.05
2025-02-01,2025,2,Ernakulam,Oil Sardine,Sardinella longiceps,4922124.5,3300,1491.55
2025-02-01,2025,2,Ernakulam,Indian Mackerel,Rastrelliger kanagurta,2787959.3,3300,844.84
2025-02-01,2025,2,Ernakulam,Seer Fish,Scomberomorus commerson,810057.7,3300,245.47
2025-02-01,2025,2,Ernakulam,Coastal Tuna,Euthynnus affinis,975863.1,3300,295.72
2025-02-01,2025,2,Thrissur,Oil Sardine,Sardinella longiceps,545915.6,1517,359.87
2025-02-01,2025,2,Thrissur,Indian Mackerel,Rastrelliger kanagurta,310302.3,1517,204.55
2025-02-01,2025,2,Thrissur,Seer Fish,Scomberomorus commerson,74071.6,1517,48.83
2025-02-01,2025,2,Thrissur,Coastal Tuna,Euthynnus affinis,111895.8,1517,73.76
2025-02-01,2025,2,Malappuram,Oil Sardine,Sardinella longiceps,1286108.6,1912,672.65
2025-02-01,2025,2,Malappuram,Indian Mackerel,Rastrelliger kanagurta,720326.8,1912,376.74
2025-02-01,2025,2,Malappuram,Seer Fish,Scomberomorus commerson,176939.0,1912,92.54
2025-02-01,2025,2,Malappuram,Coastal Tuna,Euthynnus affinis,236008.5,1912,123.44
2025-02-01,2025,2,Kozhikode,Oil Sardine,Sardinella longiceps,4815456.3,3115,1545.89
2025-02-01,2025,2,Kozhikode,Indian Mackerel,Rastrelliger kanagurta,2396845.6,3115,769.45
2025-02-01,2025,2,Kozhikode,Seer Fish,Scomberomorus commerson,612014.5,3115,196.47
2025-02-01,2025,2,Kozhikode,Coastal Tuna,Euthynnus affinis,805288.9,3115,258.52
2025-02-01,2025,2,Kannur,Oil Sardine,Sardinella longiceps,2326308.6,2309,1007.5
2025-02-01,2025,2,Kannur,Indian Mackerel,Rastrelliger kanagurta,1212646.6,2309,525.18
2025-02-01,2025,2,Kannur,Seer Fish,Scomberomorus commerson,244166.1,2309,105.75
2025-02-01,2025,2,Kannur,Coastal Tuna,Euthynnus affinis,367433.6,2309,159.13
2025-02-01,2025,2,Kasaragod,Oil Sardine,Sardinella longiceps,807317.8,1720,469.37
2025-02-01,2025,2,Kasaragod,Indian Mackerel,Rastrelliger kanagurta,476984.9,1720,277.32
2025-02-01,2025,2,Kasaragod,Seer Fish,Scomberomorus commerson,125458.4,1720,72.94
2025-02-01,2025,2,Kasaragod,Coastal Tuna,Euthynnus affinis,168144.2,1720,97.76
2025-03-01,2025,3,Thiruvananthapuram,Oil Sardine,Sardinella longiceps,1155185.6,2108,548.0
2025-03-01,2025,3,Thiruvananthapuram,Indian Mackerel,Rastrelliger kanagurta,713118.5,2108,338.29
2025-03-01,2025,3,Thiruvananthapuram,Seer Fish,Scomberomorus commerson,201073.6,2108,95.39
2025-03-01,2025,3,Thiruvananthapuram,Coastal Tuna,Euthynnus affinis,317654.3,2108,150.69
2025-03-01,2025,3,Kollam,Oil Sardine,Sardinella longiceps,3517642.2,2628,1338.52
2025-03-01,2025,3,Kollam,Indian Mackerel,Rastrelliger kanagurta,2222404.2,2628,845.66
2025-03-01,2025,3,Kollam,Seer Fish,Scomberomorus commerson,669511.5,2628,254.76
2025-03-01,2025,3,Kollam,Coastal Tuna,Euthynnus affinis,804051.9,2628,305.96
2025-03-01,2025,3,Alappuzha,Oil Sardine,Sardinella longiceps,1574359.1,2321,678.31
2025-03-01,2025,3,Alappuzha,Indian Mackerel,Rastrelliger kanagurta,1456163.4,2321,627.39
2025-03-01,2025,3,Alappuzha,Seer Fish,Scomberomorus commerson,360402.7,2321,155.28
2025-03-01,2025,3,Alappuzha,Coastal Tuna,Euthynnus affinis,395836.9,2321,170.55
2025-03-01,2025,3,Ernakulam,Oil Sardine,Sardinella longiceps,3817135.2,2745,1390.58
2025-03-01,2025,3,Ernakulam,Indian Mackerel,Rastrelliger kanagurta,2089211.6,2745,761.1
2025-03-01,2025,3,Ernakulam,Seer Fish,Scomberomorus commerson,640450.3,2745,233.32
2025-03-01,2025,3,Ernakulam,Coastal Tuna,Euthynnus affinis,722173.1,2745,263.09
2025-03-01,2025,3,Thrissur,Oil Sardine,Sardinella longiceps,420220.5,1685,249.39
2025-03-01,2025,3,Thrissur,Indian Mackerel,Rastrelliger kanagurta,258684.9,1685,153.52
2025-03-01,2025,3,Thrissur,Seer Fish,Scomberomorus commerson,76451.9,1685,45.37
2025-03-01,2025,3,Thrissur,Coastal Tuna,Euthynnus affinis,117958.2,1685,70.0
2025-03-01,2025,3,Malappuram,Oil Sardine,Sardinella longiceps,1044248.2,1905,548.16
2025-03-01,2025,3,Malappuram,Indian Mackerel,Rastrelliger kanagurta,534226.4,1905,280.43
2025-03-01,2025,3,Malappuram,Seer Fish,Scomberomorus commerson,199920.1,1905,104.94
2025-03-01,2025,3,Malappuram,Coastal Tuna,Euthynnus affinis,227852.4,1905,119.61
2025-03-01,2025,3,Kozhikode,Oil Sardine,Sardinella longiceps,3297098.7,2985,1104.56
2025-03-01,2025,3,Kozhikode,Indian Mackerel,Rastrelliger kanagurta,2385375.6,2985,799.12
2025-03-01,2025,3,Kozhikode,Seer Fish,Scomberomorus commerson,724101.7,2985,242.58
2025-03-01,2025,3,Kozhikode,Coastal Tuna,Euthynnus affinis,753179.5,2985,252.32
2025-03-01,2025,3,Kannur,Oil Sardine,Sardinella longiceps,1350236.0,1889,714.79
2025-03-01,2025,3,Kannur,Indian Mackerel,Rastrelliger kanagurta,780396.6,1889,413.13
2025-03-01,2025,3,Kannur,Seer Fish,Scomberomorus commerson,265973.2,1889,140.8
2025-03-01,2025,3,Kannur,Coastal Tuna,Euthynnus affinis,309560.5,1889,163.88
2025-03-01,2025,3,Kasaragod,Oil Sardine,Sardinella longiceps,572795.7,1616,354.45
2025-03-01,2025,3,Kasaragod,Indian Mackerel,Rastrelliger kanagurta,423774.7,1616,262.24
2025-03-01,2025,3,Kasaragod,Seer Fish,Scomberomorus commerson,114705.3,1616,70.98
2025-03-01,2025,3,Kasaragod,Coastal Tuna,Euthynnus affinis,118429.9,1616,73.29
2025-04-01,2025,4,Thiruvananthapuram,Oil Sardine,Sardinella longiceps,753552.3,1731,435.33
2025-04-01,2025,4,Thiruvananthapuram,Indian Mackerel,Rastrelliger kanagurta,612873.1,1731,354.06
2025-04-01,2025,4,Thiruvananthapuram,Seer Fish,Scomberomorus commerson,162027.9,1731,93.6
2025-04-01,2025,4,Thiruvananthapuram,Coastal Tuna,Euthynnus affinis,185596.5,1731,107.22
2025-04-01,2025,4,Kollam,Oil Sardine,Sardinella longiceps,3356523.1,3387,991.0
2025-04-01,2025,4,Kollam,Indian Mackerel,Rastrelliger kanagurta,2000509.9,3387,590.64
2025-04-01,2025,4,Kollam,Seer Fish,Scomberomorus commerson,716639.3,3387,211.59
2025-04-01,2025,4,Kollam,Coastal Tuna,Euthynnus affinis,860193.6,3387,253.97
2025-04-01,2025,4,Alappuzha,Oil Sardine,Sardinella longiceps,966447.7,2024,477.49
2025-04-01,2025,4,Alappuzha,Indian Mackerel,Rastrelliger kanagurta,955758.4,2024,472.21
2025-04-01,2025,4,Alappuzha,Seer Fish,Scomberomorus commerson,317272.2,2024,156.76
2025-04-01,2025,4,Alappuzha,Coastal Tuna,Euthynnus affinis,408252.6,2024,201.71
2025-04-01,2025,4,Ernakulam,Oil Sardine,Sardinella longiceps,2053602.2,2636,779.06
2025-04-01,2025,4,Ernakulam,Indian Mackerel,Rastrelliger kanagurta,1446447.2,2636,548.73
2025-04-01,2025,4,Ernakulam,Seer Fish,Scomberomorus commerson,514693.8,2636,195.26
2025-04-01,2025,4,Ernakulam,Coastal Tuna,Euthynnus affinis,617227.6,2636,234.15
2025-04-01,2025,4,Thrissur,Oil Sardine,Sardinella longiceps,268709.9,1414,190.04
2025-04-01,2025,4,Thrissur,Indian Mackerel,Rastrelliger kanagurta,183447.0,1414,129.74
2025-04-01,2025,4,Thrissur,Seer Fish,Scomberomorus commerson,42963.7,1414,30.38
2025-04-01,2025,4,Thrissur,Coastal Tuna,Euthynnus affinis,91087.3,1414,64.42
2025-04-01,2025,4,Malappuram,Oil Sardine,Sardinella longiceps,795431.1,1658,479.75
2025-04-01,2025,4,Malappuram,Indian Mackerel,Rastrelliger kanagurta,577288.2,1658,348.18
2025-04-01,2025,4,Malappuram,Seer Fish,Scomberomorus commerson,111743.2,1658,67.4
2025-04-01,2025,4,Malappuram,Coastal Tuna,Euthynnus affinis,139116.2,1658,83.91
2025-04-01,2025,4,Kozhikode,Oil Sardine,Sardinella longiceps,2030807.4,2610,778.09
2025-04-01,2025,4,Kozhikode,Indian Mackerel,Rastrelliger kanagurta,1424311.9,2610,545.71
2025-04-01,2025,4,Kozhikode,Seer Fish,Scomberomorus commerson,498833.8,2610,191.12
2025-04-01,2025,4,Kozhikode,Coastal Tuna,Euthynnus affinis,637295.2,2610,244.17
2025-04-01,2025,4,Kannur,Oil Sardine,Sardinella longiceps,667736.3,1862,358.61
2025-04-01,2025,4,Kannur,Indian Mackerel,Rastrelliger kanagurta,449274.2,1862,241.29
2025-04-01,2025,4,Kannur,Seer Fish,Scomberomorus commerson,176973.9,1862,95.05
2025-04-01,2025,4,Kannur,Coastal Tuna,Euthynnus affinis,250316.3,1862,134.43
2025-04-01,2025,4,Kasaragod,Oil Sardine,Sardinella longiceps,445640.8,1746,255.24
2025-04-01,2025,4,Kasaragod,Indian Mackerel,Rastrelliger kanagurta,330374.6,1746,189.22
2025-04-01,2025,4,Kasaragod,Seer Fish,Scomberomorus commerson,108668.9,1746,62.24
2025-04-01,2025,4,Kasaragod,Coastal Tuna,Euthynnus affinis,115693.9,1746,66.26
2025-05-01,2025,5,Thiruvananthapuram,Oil Sardine,Sardinella longiceps,1086314.7,1598,679.8
2025-05-01,2025,5,Thiruvananthapuram,Indian Mackerel,Rastrelliger kanagurta,572146.5,1598,358.04
2025-05-01,2025,5,Thiruvananthapuram,Seer Fish,Scomberomorus commerson,223768.8,1598,140.03
2025-05-01,2025,5,Thiruvananthapuram,Coastal Tuna,Euthynnus affinis,180196.7,1598,112.76
2025-05-01,2025,5,Kollam,Oil Sardine,Sardinella longiceps,3466438.2,2531,1369.59
2025-05-01,2025,5,Kollam,Indian Mackerel,Rastrelliger kanagurta,2440720.1,2531,964.33
2025-05-01,2025,5,Kollam,Seer Fish,Scomberomorus commerson,718657.0,2531,283.94
2025-05-01,2025,5,Kollam,Coastal Tuna,Euthynnus affinis,908598.1,2531,358.99
2025-05-01,2025,5,Alappuzha,Oil Sardine,Sardinella longiceps,2086617.2,2608,800.08
2025-05-01,2025,5,Alappuzha,Indian Mackerel,Rastrelliger kanagurta,1450414.0,2608,556.14
2025-05-01,2025,5,Alappuzha,Seer Fish,Scomberomorus commerson,497270.0,2608,190.67
2025-05-01,2025,5,Alappuzha,Coastal Tuna,Euthynnus affinis,573852.1,2608,220.04
2025-05-01,2025,5,Ernakulam,Oil Sardine,Sardinella longiceps,4120095.7,2913,1414.38
2025-05-01,2025,5,Ernakulam,Indian Mackerel,Rastrelliger kanagurta,2690357.2,2913,923.57
2025-05-01,2025,5,Ernakulam,Seer Fish,Scomberomorus commerson,649866.7,2913,223.09
2025-05-01,2025,5,Ernakulam,Coastal Tuna,Euthynnus affinis,834526.0,2913,286.48
2025-05-01,2025,5,Thrissur,Oil Sardine,Sardinella longiceps,413628.5,1267,326.46
2025-05-01,2025,5,Thrissur,Indian Mackerel,Rastrelliger kanagurta,181824.9,1267,143.51
2025-05-01,2025,5,Thrissur,Seer Fish,Scomberomorus commerson,58803.3,1267,46.41
2025-05-01,2025,5,Thrissur,Coastal Tuna,Euthynnus affinis,88092.8,1267,69.53
2025-05-01,2025,5,Malappuram,Oil Sardine,Sardinella longiceps,1043987.4,2045,510.51
2025-05-01,2025,5,Malappuram,Indian Mackerel,Rastrelliger kanagurta,634769.8,2045,310.4
2025-05-01,2025,5,Malappuram,Seer Fish,Scomberomorus commerson,197431.3,2045,96.54
2025-05-01,2025,5,Malappuram,Coastal Tuna,Euthynnus affinis,322954.0,2045,157.92
2025-05-01,2025,5,Kozhikode,Oil Sardine,Sardinella longiceps,3685953.8,2582,1427.56
2025-05-01,2025,5,Kozhikode,Indian Mackerel,Rastrelliger kanagurta,1829715.7,2582,708.64
2025-05-01,2025,5,Kozhikode,Seer Fish,Scomberomorus commerson,628349.3,2582,243.36
2025-05-01,2025,5,Kozhikode,Coastal Tuna,Euthynnus affinis,790213.1,2582,306.05
2025-05-01,2025,5,Kannur,Oil Sardine,Sardinella longiceps,1424187.9,2166,657.52
2025-05-01,2025,5,Kannur,Indian Mackerel,Rastrelliger kanagurta,884629.9,2166,408.42
2025-05-01,2025,5,Kannur,Seer Fish,Scomberomorus commerson,291143.8,2166,134.42
2025-05-01,2025,5,Kannur,Coastal Tuna,Euthynnus affinis,375305.9,2166,173.27
2025-05-01,2025,5,Kasaragod,Oil Sardine,Sardinella longiceps,639000.3,1314,486.3
2025-05-01,2025,5,Kasaragod,Indian Mackerel,Rastrelliger kanagurta,261954.5,1314,199.36
2025-05-01,2025,5,Kasaragod,Seer Fish,Scomberomorus commerson,86361.1,1314,65.72
2025-05-01,2025,5,Kasaragod,Coastal Tuna,Euthynnus affinis,95790.6,1314,72.9
2025-06-01,2025,6,Thiruvananthapuram,Oil Sardine,Sardinella longiceps,1959021.1,430,4555.86
2025-06-01,2025,6,Thiruvananthapuram,Indian Mackerel,Rastrelliger kanagurta,619233.0,430,1440.08
2025-06-01,2025,6,Thiruvananthapuram,Seer Fish,Scomberomorus commerson,116280.5,430,270.42
2025-06-01,2025,6,Thiruvananthapuram,Coastal Tuna,Euthynnus affinis,150704.8,430,350.48
2025-06-01,2025,6,Kollam,Oil Sardine,Sardinella longiceps,6286536.8,575,10933.11
2025-06-01,2025,6,Kollam,Indian Mackerel,Rastrelliger kanagurta,1643764.6,575,2858.72
2025-06-01,2025,6,Kollam,Seer Fish,Scomberomorus commerson,348312.6,575,605.76
2025-06-01,2025,6,Kollam,Coastal Tuna,Euthynnus affinis,425665.4,575,740.29
2025-06-01,2025,6,Alappuzha,Oil Sardine,Sardinella longiceps,3355720.8,599,5602.21
2025-06-01,2025,6,Alappuzha,Indian Mackerel,Rastrelliger kanagurta,1244046.9,599,2076.87
2025-06-01,2025,6,Alappuzha,Seer Fish,Scomberomorus commerson,221153.1,599,369.2
2025-06-01,2025,6,Alappuzha,Coastal Tuna,Euthynnus affinis,289220.1,599,482.84
2025-06-01,2025,6,Ernakulam,Oil Sardine,Sardinella longiceps,7295026.3,716,10188.58
2025-06-01,2025,6,Ernakulam,Indian Mackerel,Rastrelliger kanagurta,2066116.4,716,2885.64
2025-06-01,2025,6,Ernakulam,Seer Fish,Scomberomorus commerson,411990.2,716,575.41
2025-06-01,2025,6,Ernakulam,Coastal Tuna,Euthynnus affinis,489216.0,716,683.26
2025-06-01,2025,6,Thrissur,Oil Sardine,Sardinella longiceps,452410.7,226,2001.82
2025-06-01,2025,6,Thrissur,Indian Mackerel,Rastrelliger kanagurta,144723.1,226,640.37
2025-06-01,2025,6,Thrissur,Seer Fish,Scomberomorus commerson,29966.3,226,132.59
2025-06-01,2025,6,Thrissur,Coastal Tuna,Euthynnus affinis,29738.6,226,131.59
2025-06-01,2025,6,Malappuram,Oil Sardine,Sardinella longiceps,1436793.7,393,3655.96
2025-06-01,2025,6,Malappuram,Indian Mackerel,Rastrelliger kanagurta,418561.7,393,1065.04
2025-06-01,2025,6,Malappuram,Seer Fish,Scomberomorus commerson,86205.8,393,219.35
2025-06-01,2025,6,Malappuram,Coastal Tuna,Euthynnus affinis,112431.0,393,286.08
2025-06-01,2025,6,Kozhikode,Oil Sardine,Sardinella longiceps,5147155.7,595,8650.68
2025-06-01,2025,6,Kozhikode,Indian Mackerel,Rastrelliger kanagurta,1443928.0,595,2426.77
2025-06-01,2025,6,Kozhikode,Seer Fish,Scomberomorus commerson,307411.5,595,516.66
2025-06-01,2025,6,Kozhikode,Coastal Tuna,Euthynnus affinis,392955.3,595,660.43
2025-06-01,2025,6,Kannur,Oil Sardine,Sardinella longiceps,2287048.5,396,5775.38
2025-06-01,2025,6,Kannur,Indian Mackerel,Rastrelliger kanagurta,554153.5,396,1399.38
2025-06-01,2025,6,Kannur,Seer Fish,Scomberomorus commerson,105597.6,396,266.66
2025-06-01,2025,6,Kannur,Coastal Tuna,Euthynnus affinis,164479.2,396,415.35
2025-06-01,2025,6,Kasaragod,Oil Sardine,Sardinella longiceps,911179.7,349,2610.83
2025-06-01,2025,6,Kasaragod,Indian Mackerel,Rastrelliger kanagurta,285753.6,349,818.78
2025-06-01,2025,6,Kasaragod,Seer Fish,Scomberomorus commerson,56965.0,349,163.22
2025-06-01,2025,6,Kasaragod,Coastal Tuna,Euthynnus affinis,64830.0,349,185.76
2025-07-01,2025,7,Thiruvananthapuram,Oil Sardine,Sardinella longiceps,2150005.5,470,4574.48
2025-07-01,2025,7,Thiruvananthapuram,Indian Mackerel,Rastrelliger kanagurta,432103.4,470,919.37
2025-07-01,2025,7,Thiruvananthapuram,Seer Fish,Scomberomorus commerson,101521.2,470,216.0
2025-07-01,2025,7,Thiruvananthapuram,Coastal Tuna,Euthynnus affinis,118361.1,470,251.83
2025-07-01,2025,7,Kollam,Oil Sardine,Sardinella longiceps,4418275.9,618,7149.31
2025-07-01,2025,7,Kollam,Indian Mackerel,Rastrelliger kanagurta,1178923.3,618,1907.64
2025-07-01,2025,7,Kollam,Seer Fish,Scomberomorus commerson,286596.7,618,463.75
2025-07-01,2025,7,Kollam,Coastal Tuna,Euthynnus affinis,279771.9,618,452.71
2025-07-01,2025,7,Alappuzha,Oil Sardine,Sardinella longiceps,3738521.9,539,6936.03
2025-07-01,2025,7,Alappuzha,Indian Mackerel,Rastrelliger kanagurta,1019080.6,539,1890.69
2025-07-01,2025,7,Alappuzha,Seer Fish,Scomberomorus commerson,174376.9,539,323.52
2025-07-01,2025,7,Alappuzha,Coastal Tuna,Euthynnus affinis,168799.6,539,313.17
2025-07-01,2025,7,Ernakulam,Oil Sardine,Sardinella longiceps,4673157.4,549,8512.13
2025-07-01,2025,7,Ernakulam,Indian Mackerel,Rastrelliger kanagurta,1201488.0,549,2188.5
2025-07-01,2025,7,Ernakulam,Seer Fish,Scomberomorus commerson,219196.1,549,399.26
2025-07-01,2025,7,Ernakulam,Coastal Tuna,Euthynnus affinis,247693.7,549,451.17
2025-07-01,2025,7,Thrissur,Oil Sardine,Sardinella longiceps,548075.1,288,1903.04
2025-07-01,2025,7,Thrissur,Indian Mackerel,Rastrelliger kanagurta,147640.1,288,512.64
2025-07-01,2025,7,Thrissur,Seer Fish,Scomberomorus commerson,25892.5,288,89.9
2025-07-01,2025,7,Thrissur,Coastal Tuna,Euthynnus affinis,25104.4,288,87.17
2025-07-01,2025,7,Malappuram,Oil Sardine,Sardinella longiceps,1308254.4,381,3433.74
2025-07-01,2025,7,Malappuram,Indian Mackerel,Rastrelliger kanagurta,297603.3,381,781.11
2025-07-01,2025,7,Malappuram,Seer Fish,Scomberomorus commerson,71247.4,381,187.0
2025-07-01,2025,7,Malappuram,Coastal Tuna,Euthynnus affinis,71505.5,381,187.68
2025-07-01,2025,7,Kozhikode,Oil Sardine,Sardinella longiceps,4425355.6,610,7254.68
2025-07-01,2025,7,Kozhikode,Indian Mackerel,Rastrelliger kanagurta,1177266.1,610,1929.94
2025-07-01,2025,7,Kozhikode,Seer Fish,Scomberomorus commerson,245747.2,610,402.86
2025-07-01,2025,7,Kozhikode,Coastal Tuna,Euthynnus affinis,225078.1,610,368.98
2025-07-01,2025,7,Kannur,Oil Sardine,Sardinella longiceps,1805066.5,433,4168.74
2025-07-01,2025,7,Kannur,Indian Mackerel,Rastrelliger kanagurta,435779.7,433,1006.42
2025-07-01,2025,7,Kannur,Seer Fish,Scomberomorus commerson,94417.3,433,218.05
2025-07-01,2025,7,Kannur,Coastal Tuna,Euthynnus affinis,100736.0,433,232.65
2025-07-01,2025,7,Kasaragod,Oil Sardine,Sardinella longiceps,971763.5,363,2677.03
2025-07-01,2025,7,Kasaragod,Indian Mackerel,Rastrelliger kanagurta,245669.5,363,676.78
2025-07-01,2025,7,Kasaragod,Seer Fish,Scomberomorus commerson,37961.9,363,104.58
2025-07-01,2025,7,Kasaragod,Coastal Tuna,Euthynnus affinis,39923.0,363,109.98
2025-08-01,2025,8,Thiruvananthapuram,Oil Sardine,Sardinella longiceps,4798617.7,1785,2688.3
2025-08-01,2025,8,Thiruvananthapuram,Indian Mackerel,Rastrelliger kanagurta,1245752.9,1785,697.9
2025-08-01,2025,8,Thiruvananthapuram,Seer Fish,Scomberomorus commerson,263689.6,1785,147.73
2025-08-01,2025,8,Thiruvananthapuram,Coastal Tuna,Euthynnus affinis,199489.5,1785,111.76
2025-08-01,2025,8,Kollam,Oil Sardine,Sardinella longiceps,27207449.0,3581,7597.72
2025-08-01,2025,8,Kollam,Indian Mackerel,Rastrelliger kanagurta,5096241.9,3581,1423.13
2025-08-01,2025,8,Kollam,Seer Fish,Scomberomorus commerson,1121589.0,3581,313.21
2025-08-01,2025,8,Kollam,Coastal Tuna,Euthynnus affinis,1312314.0,3581,366.47
2025-08-01,2025,8,Alappuzha,Oil Sardine,Sardinella longiceps,10757178.1,2652,4056.25
2025-08-01,2025,8,Alappuzha,Indian Mackerel,Rastrelliger kanagurta,3131254.8,2652,1180.71
2025-08-01,2025,8,Alappuzha,Seer Fish,Scomberomorus commerson,469031.1,2652,176.86
2025-08-01,2025,8,Alappuzha,Coastal Tuna,Euthynnus affinis,588759.4,2652,222.01
2025-08-01,2025,8,Ernakulam,Oil Sardine,Sardinella longiceps,16352931.4,2356,6940.97
2025-08-01,2025,8,Ernakulam,Indian Mackerel,Rastrelliger kanagurta,3491865.3,2356,1482.12
2025-08-01,2025,8,Ernakulam,Seer Fish,Scomberomorus commerson,509269.9,2356,216.16
2025-08-01,2025,8,Ernakulam,Coastal Tuna,Euthynnus affinis,666734.4,2356,282.99
2025-08-01,2025,8,Thrissur,Oil Sardine,Sardinella longiceps,2044442.2,1464,1396.48
2025-08-01,2025,8,Thrissur,Indian Mackerel,Rastrelliger kanagurta,509555.5,1464,348.06
2025-08-01,2025,8,Thrissur,Seer Fish,Scomberomorus commerson,98021.8,1464,66.95
2025-08-01,2025,8,Thrissur,Coastal Tuna,Euthynnus affinis,84736.9,1464,57.88
2025-08-01,2025,8,Malappuram,Oil Sardine,Sardinella longiceps,5715875.3,1838,3109.83
2025-08-01,2025,8,Malappuram,Indian Mackerel,Rastrelliger kanagurta,1224191.5,1838,666.05
2025-08-01,2025,8,Malappuram,Seer Fish,Scomberomorus commerson,207360.7,1838,112.82
2025-08-01,2025,8,Malappuram,Coastal Tuna,Euthynnus affinis,183562.5,1838,99.87
2025-08-01,2025,8,Kozhikode,Oil Sardine,Sardinella longiceps,13213759.0,2433,5431.06
2025-08-01,2025,8,Kozhikode,Indian Mackerel,Rastrelliger kanagurta,3285136.9,2433,1350.24
2025-08-01,2025,8,Kozhikode,Seer Fish,Scomberomorus commerson,674843.5,2433,277.37
2025-08-01,2025,8,Kozhikode,Coastal Tuna,Euthynnus affinis,670074.4,2433,275.41
2025-08-01,2025,8,Kannur,Oil Sardine,Sardinella longiceps,6323200.1,1934,3269.49
2025-08-01,2025,8,Kannur,Indian Mackerel,Rastrelliger kanagurta,1656224.9,1934,856.37
2025-08-01,2025,8,Kannur,Seer Fish,Scomberomorus commerson,328678.9,1934,169.95
2025-08-01,2025,8,Kannur,Coastal Tuna,Euthynnus affinis,262413.4,1934,135.68
2025-08-01,2025,8,Kasaragod,Oil Sardine,Sardinella longiceps,2971361.3,1545,1923.21
2025-08-01,2025,8,Kasaragod,Indian Mackerel,Rastrelliger kanagurta,696063.7,1545,450.53
2025-08-01,2025,8,Kasaragod,Seer Fish,Scomberomorus commerson,108956.2,1545,70.52
2025-08-01,2025,8,Kasaragod,Coastal Tuna,Euthynnus affinis,146089.7,1545,94.56
2025-09-01,2025,9,Thiruvananthapuram,Oil Sardine,Sardinella longiceps,5856121.7,1969,2974.16
2025-09-01,2025,9,Thiruvananthapuram,Indian Mackerel,Rastrelliger kanagurta,1847996.3,1969,938.55
2025-09-01,2025,9,Thiruvananthapuram,Seer Fish,Scomberomorus commerson,381016.6,1969,193.51
2025-09-01,2025,9,Thiruvananthapuram,Coastal Tuna,Euthynnus affinis,400730.7,1969,203.52
2025-09-01,2025,9,Kollam,Oil Sardine,Sardinella longiceps,18271179.6,3040,6010.26
2025-09-01,2025,9,Kollam,Indian Mackerel,Rastrelliger kanagurta,5792637.2,3040,1905.47
2025-09-01,2025,9,Kollam,Seer Fish,Scomberomorus commerson,1476277.6,3040,485.62
2025-09-01,2025,9,Kollam,Coastal Tuna,Euthynnus affinis,1518611.8,3040,499.54
2025-09-01,2025,9,Alappuzha,Oil Sardine,Sardinella longiceps,9555210.5,2424,3941.92
2025-09-01,2025,9,Alappuzha,Indian Mackerel,Rastrelliger kanagurta,3256704.6,2424,1343.52
2025-09-01,2025,9,Alappuzha,Seer Fish,Scomberomorus commerson,623423.8,2424,257.19
2025-09-01,2025,9,Alappuzha,Coastal Tuna,Euthynnus affinis,818911.3,2424,337.83
2025-09-01,2025,9,Ernakulam,Oil Sardine,Sardinella longiceps,19444490.8,3176,6122.32
2025-09-01,2025,9,Ernakulam,Indian Mackerel,Rastrelliger kanagurta,5997408.4,3176,1888.35
2025-09-01,2025,9,Ernakulam,Seer Fish,Scomberomorus commerson,1060978.5,3176,334.06
2025-09-01,2025,9,Ernakulam,Coastal Tuna,Euthynnus affinis,1577262.3,3176,496.62
2025-09-01,2025,9,Thrissur,Oil Sardine,Sardinella longiceps,2175974.0,1611,1350.7
2025-09-01,2025,9,Thrissur,Indian Mackerel,Rastrelliger kanagurta,722749.4,1611,448.63
2025-09-01,2025,9,Thrissur,Seer Fish,Scomberomorus commerson,117763.1,1611,73.1
2025-09-01,2025,9,Thrissur,Coastal Tuna,Euthynnus affinis,189645.5,1611,117.72
2025-09-01,2025,9,Malappuram,Oil Sardine,Sardinella longiceps,5157874.4,1857,2777.53
2025-09-01,2025,9,Malappuram,Indian Mackerel,Rastrelliger kanagurta,1769702.6,1857,952.99
2025-09-01,2025,9,Malappuram,Seer Fish,Scomberomorus commerson,275592.6,1857,148.41
2025-09-01,2025,9,Malappuram,Coastal Tuna,Euthynnus affinis,448217.4,1857,241.37
2025-09-01,2025,9,Kozhikode,Oil Sardine,Sardinella longiceps,11025390.2,2600,4240.53
2025-09-01,2025,9,Kozhikode,Indian Mackerel,Rastrelliger kanagurta,5012406.7,2600,1927.85
2025-09-01,2025,9,Kozhikode,Seer Fish,Scomberomorus commerson,895598.4,2600,344.46
2025-09-01,2025,9,Kozhikode,Coastal Tuna,Euthynnus affinis,1301487.8,2600,500.57
2025-09-01,2025,9,Kannur,Oil Sardine,Sardinella longiceps,6949215.3,1932,3596.9
2025-09-01,2025,9,Kannur,Indian Mackerel,Rastrelliger kanagurta,1759454.6,1932,910.69
2025-09-01,2025,9,Kannur,Seer Fish,Scomberomorus commerson,464961.4,1932,240.66
2025-09-01,2025,9,Kannur,Coastal Tuna,Euthynnus affinis,457037.6,1932,236.56
2025-09-01,2025,9,Kasaragod,Oil Sardine,Sardinella longiceps,2534026.4,1530,1656.23
2025-09-01,2025,9,Kasaragod,Indian Mackerel,Rastrelliger kanagurta,709471.7,1530,463.71
2025-09-01,2025,9,Kasaragod,Seer Fish,Scomberomorus commerson,179656.9,1530,117.42
2025-09-01,2025,9,Kasaragod,Coastal Tuna,Euthynnus affinis,204616.0,1530,133.74
2025-10-01,2025,10,Thiruvananthapuram,Oil Sardine,Sardinella longiceps,2376183.0,2066,1150.14
2025-10-01,2025,10,Thiruvananthapuram,Indian Mackerel,Rastrelliger kanagurta,677881.9,2066,328.11
2025-10-01,2025,10,Thiruvananthapuram,Seer Fish,Scomberomorus commerson,166867.9,2066,80.77
2025-10-01,2025,10,Thiruvananthapuram,Coastal Tuna,Euthynnus affinis,202952.8,2066,98.23
2025-10-01,2025,10,Kollam,Oil Sardine,Sardinella longiceps,7470870.7,3619,2064.35
2025-10-01,2025,10,Kollam,Indian Mackerel,Rastrelliger kanagurta,3387995.9,3619,936.17
2025-10-01,2025,10,Kollam,Seer Fish,Scomberomorus commerson,812118.7,3619,224.4
2025-10-01,2025,10,Kollam,Coastal Tuna,Euthynnus affinis,1041182.7,3619,287.7
2025-10-01,2025,10,Alappuzha,Oil Sardine,Sardinella longiceps,3870849.7,2503,1546.48
2025-10-01,2025,10,Alappuzha,Indian Mackerel,Rastrelliger kanagurta,1545105.0,2503,617.3
2025-10-01,2025,10,Alappuzha,Seer Fish,Scomberomorus commerson,396714.9,2503,158.5
2025-10-01,2025,10,Alappuzha,Coastal Tuna,Euthynnus affinis,407411.1,2503,162.77
2025-10-01,2025,10,Ernakulam,Oil Sardine,Sardinella longiceps,4903616.3,2422,2024.61
2025-10-01,2025,10,Ernakulam,Indian Mackerel,Rastrelliger kanagurta,1835980.4,2422,758.04
2025-10-01,2025,10,Ernakulam,Seer Fish,Scomberomorus commerson,490592.8,2422,202.56
2025-10-01,2025,10,Ernakulam,Coastal Tuna,Euthynnus affinis,649695.8,2422,268.25
2025-10-01,2025,10,Thrissur,Oil Sardine,Sardinella longiceps,666171.8,1273,523.31
2025-10-01,2025,10,Thrissur,Indian Mackerel,Rastrelliger kanagurta,205460.0,1273,161.4
2025-10-01,2025,10,Thrissur,Seer Fish,Scomberomorus commerson,57987.8,1273,45.55
2025-10-01,2025,10,Thrissur,Coastal Tuna,Euthynnus affinis,66955.1,1273,52.6
2025-10-01,2025,10,Malappuram,Oil Sardine,Sardinella longiceps,2119024.9,2325,911.41
2025-10-01,2025,10,Malappuram,Indian Mackerel,Rastrelliger kanagurta,843444.7,2325,362.77
2025-10-01,2025,10,Malappuram,Seer Fish,Scomberomorus commerson,284455.7,2325,122.35
2025-10-01,2025,10,Malappuram,Coastal Tuna,Euthynnus affinis,252330.3,2325,108.53
2025-10-01,2025,10,Kozhikode,Oil Sardine,Sardinella longiceps,6120265.1,2984,2051.03
2025-10-01,2025,10,Kozhikode,Indian Mackerel,Rastrelliger kanagurta,2720073.0,2984,911.55
2025-10-01,2025,10,Kozhikode,Seer Fish,Scomberomorus commerson,588173.0,2984,197.11
2025-10-01,2025,10,Kozhikode,Coastal Tuna,Euthynnus affinis,702945.0,2984,235.57
2025-10-01,2025,10,Kannur,Oil Sardine,Sardinella longiceps,2696132.8,2044,1319.05
2025-10-01,2025,10,Kannur,Indian Mackerel,Rastrelliger kanagurta,939001.5,2044,459.39
2025-10-01,2025,10,Kannur,Seer Fish,Scomberomorus commerson,221544.6,2044,108.39
2025-10-01,2025,10,Kannur,Coastal Tuna,Euthynnus affinis,292244.1,2044,142.98
2025-10-01,2025,10,Kasaragod,Oil Sardine,Sardinella longiceps,1154653.6,1785,646.86
2025-10-01,2025,10,Kasaragod,Indian Mackerel,Rastrelliger kanagurta,533520.3,1785,298.89
2025-10-01,2025,10,Kasaragod,Seer Fish,Scomberomorus commerson,93476.1,1785,52.37
2025-10-01,2025,10,Kasaragod,Coastal Tuna,Euthynnus affinis,140417.5,1785,78.67
2025-11-01,2025,11,Thiruvananthapuram,Oil Sardine,Sardinella longiceps,1502064.7,1433,1048.2
2025-11-01,2025,11,Thiruvananthapuram,Indian Mackerel,Rastrelliger kanagurta,656792.3,1433,458.33
2025-11-01,2025,11,Thiruvananthapuram,Seer Fish,Scomberomorus commerson,151831.1,1433,105.95
2025-11-01,2025,11,Thiruvananthapuram,Coastal Tuna,Euthynnus affinis,144961.7,1433,101.16
2025-11-01,2025,11,Kollam,Oil Sardine,Sardinella longiceps,6454652.3,3047,2118.36
2025-11-01,2025,11,Kollam,Indian Mackerel,Rastrelliger kanagurta,3285552.3,3047,1078.29
2025-11-01,2025,11,Kollam,Seer Fish,Scomberomorus commerson,635672.5,3047,208.62
2025-11-01,2025,11,Kollam,Coastal Tuna,Euthynnus affinis,1090474.0,3047,357.88
2025-11-01,2025,11,Alappuzha,Oil Sardine,Sardinella longiceps,2784448.1,2287,1217.51
2025-11-01,2025,11,Alappuzha,Indian Mackerel,Rastrelliger kanagurta,1411347.3,2287,617.12
2025-11-01,2025,11,Alappuzha,Seer Fish,Scomberomorus commerson,360547.0,2287,157.65
2025-11-01,2025,11,Alappuzha,Coastal Tuna,Euthynnus affinis,416007.8,2287,181.9
2025-11-01,2025,11,Ernakulam,Oil Sardine,Sardinella longiceps,7453226.0,3150,2366.1
2025-11-01,2025,11,Ernakulam,Indian Mackerel,Rastrelliger kanagurta,3051941.5,3150,968.87
2025-11-01,2025,11,Ernakulam,Seer Fish,Scomberomorus commerson,702943.1,3150,223.16
2025-11-01,2025,11,Ernakulam,Coastal Tuna,Euthynnus affinis,856854.7,3150,272.02
2025-11-01,2025,11,Thrissur,Oil Sardine,Sardinella longiceps,466186.5,1437,324.42
2025-11-01,2025,11,Thrissur,Indian Mackerel,Rastrelliger kanagurta,218687.1,1437,152.18
2025-11-01,2025,11,Thrissur,Seer Fish,Scomberomorus commerson,67277.9,1437,46.82
2025-11-01,2025,11,Thrissur,Coastal Tuna,Euthynnus affinis,90353.2,1437,62.88
2025-11-01,2025,11,Malappuram,Oil Sardine,Sardinella longiceps,1875091.1,2185,858.17
2025-11-01,2025,11,Malappuram,Indian Mackerel,Rastrelliger kanagurta,730939.8,2185,334.53
2025-11-01,2025,11,Malappuram,Seer Fish,Scomberomorus commerson,169718.8,2185,77.67
2025-11-01,2025,11,Malappuram,Coastal Tuna,Euthynnus affinis,306579.8,2185,140.31
2025-11-01,2025,11,Kozhikode,Oil Sardine,Sardinella longiceps,4981567.9,2793,1783.59
2025-11-01,2025,11,Kozhikode,Indian Mackerel,Rastrelliger kanagurta,2151790.4,2793,770.42
2025-11-01,2025,11,Kozhikode,Seer Fish,Scomberomorus commerson,644584.4,2793,230.79
2025-11-01,2025,11,Kozhikode,Coastal Tuna,Euthynnus affinis,795310.1,2793,284.75
2025-11-01,2025,11,Kannur,Oil Sardine,Sardinella longiceps,1725355.2,1859,928.11
2025-11-01,2025,11,Kannur,Indian Mackerel,Rastrelliger kanagurta,842733.5,1859,453.33
2025-11-01,2025,11,Kannur,Seer Fish,Scomberomorus commerson,197573.4,1859,106.28
2025-11-01,2025,11,Kannur,Coastal Tuna,Euthynnus affinis,250700.6,1859,134.86
2025-11-01,2025,11,Kasaragod,Oil Sardine,Sardinella longiceps,518955.1,1042,498.04
2025-11-01,2025,11,Kasaragod,Indian Mackerel,Rastrelliger kanagurta,262984.3,1042,252.38
2025-11-01,2025,11,Kasaragod,Seer Fish,Scomberomorus commerson,68509.9,1042,65.75
2025-11-01,2025,11,Kasaragod,Coastal Tuna,Euthynnus affinis,118346.0,1042,113.58
2025-12-01,2025,12,Thiruvananthapuram,Oil Sardine,Sardinella longiceps,1605766.9,1659,967.91
2025-12-01,2025,12,Thiruvananthapuram,Indian Mackerel,Rastrelliger kanagurta,761837.7,1659,459.22
2025-12-01,2025,12,Thiruvananthapuram,Seer Fish,Scomberomorus commerson,180734.5,1659,108.94
2025-12-01,2025,12,Thiruvananthapuram,Coastal Tuna,Euthynnus affinis,184798.9,1659,111.39
2025-12-01,2025,12,Kollam,Oil Sardine,Sardinella longiceps,5953785.5,2942,2023.72
2025-12-01,2025,12,Kollam,Indian Mackerel,Rastrelliger kanagurta,2585432.1,2942,878.8
2025-12-01,2025,12,Kollam,Seer Fish,Scomberomorus commerson,668247.3,2942,227.14
2025-12-01,2025,12,Kollam,Coastal Tuna,Euthynnus affinis,839469.6,2942,285.34
2025-12-01,2025,12,Alappuzha,Oil Sardine,Sardinella longiceps,3418355.1,2586,1321.87
2025-12-01,2025,12,Alappuzha,Indian Mackerel,Rastrelliger kanagurta,1593566.7,2586,616.23
2025-12-01,2025,12,Alappuzha,Seer Fish,Scomberomorus commerson,355828.3,2586,137.6
2025-12-01,2025,12,Alappuzha,Coastal Tuna,Euthynnus affinis,461767.6,2586,178.56
2025-12-01,2025,12,Ernakulam,Oil Sardine,Sardinella longiceps,6353677.6,3284,1934.74
2025-12-01,2025,12,Ernakulam,Indian Mackerel,Rastrelliger kanagurta,2694144.4,3284,820.39
2025-12-01,2025,12,Ernakulam,Seer Fish,Scomberomorus commerson,585850.9,3284,178.4
2025-12-01,2025,12,Ernakulam,Coastal Tuna,Euthynnus affinis,782577.4,3284,238.3
2025-12-01,2025,12,Thrissur,Oil Sardine,Sardinella longiceps,529605.0,1387,381.83
2025-12-01,2025,12,Thrissur,Indian Mackerel,Rastrelliger kanagurta,205406.2,1387,148.09
2025-12-01,2025,12,Thrissur,Seer Fish,Scomberomorus commerson,64597.1,1387,46.57
2025-12-01,2025,12,Thrissur,Coastal Tuna,Euthynnus affinis,55398.4,1387,39.94
2025-12-01,2025,12,Malappuram,Oil Sardine,Sardinella longiceps,1552691.4,1805,860.22
2025-12-01,2025,12,Malappuram,Indian Mackerel,Rastrelliger kanagurta,613800.7,1805,340.06
2025-12-01,2025,12,Malappuram,Seer Fish,Scomberomorus commerson,165724.7,1805,91.81
2025-12-01,2025,12,Malappuram,Coastal Tuna,Euthynnus affinis,223289.3,1805,123.71
2025-12-01,2025,12,Kozhikode,Oil Sardine,Sardinella longiceps,4748868.5,2671,1777.94
2025-12-01,2025,12,Kozhikode,Indian Mackerel,Rastrelliger kanagurta,2224951.4,2671,833.0
2025-12-01,2025,12,Kozhikode,Seer Fish,Scomberomorus commerson,471730.7,2671,176.61
2025-12-01,2025,12,Kozhikode,Coastal Tuna,Euthynnus affinis,657907.7,2671,246.32
2025-12-01,2025,12,Kannur,Oil Sardine,Sardinella longiceps,1843320.5,1663,1108.43
2025-12-01,2025,12,Kannur,Indian Mackerel,Rastrelliger kanagurta,991825.6,1663,596.41
2025-12-01,2025,12,Kannur,Seer Fish,Scomberomorus commerson,168396.7,1663,101.26
2025-12-01,2025,12,Kannur,Coastal Tuna,Euthynnus affinis,194488.2,1663,116.95
2025-12-01,2025,12,Kasaragod,Oil Sardine,Sardinella longiceps,951309.3,1857,512.28
2025-12-01,2025,12,Kasaragod,Indian Mackerel,Rastrelliger kanagurta,543499.6,1857,292.68
2025-12-01,2025,12,Kasaragod,Seer Fish,Scomberomorus commerson,127093.8,1857,68.44
2025-12-01,2025,12,Kasaragod,Coastal Tuna,Euthynnus affinis,118979.2,1857,64.07
