date,year,month,quarter,district,region,latitude,longitude,species,catch_tonnes,fishing_effort_boat_days,cpue_kg_per_boat_day,sea_surface_temperature_c,salinity_psu,chlorophyll_a_mg_m3,upwelling_index,rainfall_mm,wind_speed_ms,air_temperature_c,wave_height_m,fishing_pressure,overfishing_risk_label,data_type
2012-01-01,2012,1,1,Kozhikode,North,11.25,75.78,Oil Sardine,5554.66,6234.5,890.95,28.14,34.5,0.94,0.05,0.9,2.4,26.22,1.0,0.717,0.0,observed_and_verified_proxy
2012-01-01,2012,1,1,Kozhikode,North,11.25,75.78,Indian Mackerel,4385.42,6234.5,703.41,28.14,34.5,0.94,0.05,0.9,2.4,26.22,1.0,0.701,0.0,observed_and_verified_proxy
2012-01-01,2012,1,1,Kozhikode,North,11.25,75.78,Seer Fish,1391.67,6234.5,223.22,28.14,34.5,0.94,0.05,0.9,2.4,26.22,1.0,0.575,0.251,observed_and_verified_proxy
2012-01-01,2012,1,1,Kozhikode,North,11.25,75.78,Tuna,3082.27,6234.5,494.39,28.14,34.5,0.94,0.05,0.9,2.4,26.22,1.0,0.672,0.0,observed_and_verified_proxy
2012-02-01,2012,2,1,Kozhikode,North,11.25,75.78,Oil Sardine,5725.1,5590.4,1024.1,28.86,34.48,1.09,0.1,6.0,2.36,27.6,1.0,0.644,0.0,observed_and_verified_proxy
2012-02-01,2012,2,1,Kozhikode,North,11.25,75.78,Indian Mackerel,4507.42,5590.4,806.28,28.86,34.48,1.09,0.1,6.0,2.36,27.6,1.0,0.631,0.0,observed_and_verified_proxy
2012-02-01,2012,2,1,Kozhikode,North,11.25,75.78,Seer Fish,1390.46,5590.4,248.72,28.86,34.48,1.09,0.1,6.0,2.36,27.6,1.0,0.515,0.117,observed_and_verified_proxy
2012-02-01,2012,2,1,Kozhikode,North,11.25,75.78,Tuna,2949.55,5590.4,527.61,28.86,34.48,1.09,0.1,6.0,2.36,27.6,1.0,0.599,0.0,observed_and_verified_proxy
2012-03-01,2012,3,1,Kozhikode,North,11.25,75.78,Oil Sardine,6211.69,5476.6,1134.22,29.49,34.47,1.37,0.2,6.3,2.79,28.24,1.0,0.635,0.0,observed_and_verified_proxy
2012-03-01,2012,3,1,Kozhikode,North,11.25,75.78,Indian Mackerel,4390.26,5476.6,801.64,29.49,34.47,1.37,0.2,6.3,2.79,28.24,1.0,0.616,0.0,observed_and_verified_proxy
2012-03-01,2012,3,1,Kozhikode,North,11.25,75.78,Seer Fish,1452.62,5476.6,265.24,29.49,34.47,1.37,0.2,6.3,2.79,28.24,1.0,0.511,0.074,observed_and_verified_proxy
2012-03-01,2012,3,1,Kozhikode,North,11.25,75.78,Tuna,3107.06,5476.6,567.33,29.49,34.47,1.37,0.2,6.3,2.79,28.24,1.0,0.591,0.0,observed_and_verified_proxy
2012-04-01,2012,4,2,Kozhikode,North,11.25,75.78,Oil Sardine,4605.87,3438.1,1339.67,29.85,33.89,1.96,0.35,147.3,2.7,28.11,1.05,0.389,0.0,observed_and_verified_proxy
2012-04-01,2012,4,2,Kozhikode,North,11.25,75.78,Indian Mackerel,2622.12,3438.1,762.68,29.85,33.89,1.96,0.35,147.3,2.7,28.11,1.05,0.362,0.0,observed_and_verified_proxy
2012-04-01,2012,4,2,Kozhikode,North,11.25,75.78,Seer Fish,856.59,3438.1,249.15,29.85,33.89,1.96,0.35,147.3,2.7,28.11,1.05,0.272,0.0,observed_and_verified_proxy
2012-04-01,2012,4,2,Kozhikode,North,11.25,75.78,Tuna,1070.76,3438.1,311.44,29.85,33.89,1.96,0.35,147.3,2.7,28.11,1.05,0.294,0.0,observed_and_verified_proxy
2012-05-01,2012,5,2,Kozhikode,North,11.25,75.78,Oil Sardine,5357.87,3767.3,1422.21,29.77,34.29,2.68,0.65,50.4,3.46,27.51,1.36,0.432,0.0,observed_and_verified_proxy
2012-05-01,2012,5,2,Kozhikode,North,11.25,75.78,Indian Mackerel,2412.14,3767.3,640.29,29.77,34.29,2.68,0.65,50.4,3.46,27.51,1.36,0.391,0.0,observed_and_verified_proxy
2012-05-01,2012,5,2,Kozhikode,North,11.25,75.78,Seer Fish,856.28,3767.3,227.29,29.77,34.29,2.68,0.65,50.4,3.46,27.51,1.36,0.298,0.0,observed_and_verified_proxy
2012-05-01,2012,5,2,Kozhikode,North,11.25,75.78,Tuna,1091.72,3767.3,289.79,29.77,34.29,2.68,0.65,50.4,3.46,27.51,1.36,0.324,0.0,observed_and_verified_proxy
2012-06-01,2012,6,2,Kozhikode,North,11.25,75.78,Oil Sardine,5912.96,3582.2,1650.67,28.91,32.12,4.17,0.95,570.6,3.59,26.13,2.21,0.414,0.0,observed_and_verified_proxy
2012-06-01,2012,6,2,Kozhikode,North,11.25,75.78,Indian Mackerel,2198.61,3582.2,613.76,28.91,32.12,4.17,0.95,570.6,3.59,26.13,2.21,0.366,0.0,observed_and_verified_proxy
2012-06-01,2012,6,2,Kozhikode,North,11.25,75.78,Seer Fish,861.59,3582.2,240.52,28.91,32.12,4.17,0.95,570.6,3.59,26.13,2.21,0.284,0.0,observed_and_verified_proxy
2012-06-01,2012,6,2,Kozhikode,North,11.25,75.78,Tuna,1107.7,3582.2,309.23,28.91,32.12,4.17,0.95,570.6,3.59,26.13,2.21,0.309,0.0,observed_and_verified_proxy
2012-07-01,2012,7,3,Kozhikode,North,11.25,75.78,Oil Sardine,9695.04,4526.0,2142.06,27.27,32.99,4.05,1.0,362.4,3.71,25.56,2.8,0.539,0.0,observed_and_verified_proxy
2012-07-01,2012,7,3,Kozhikode,North,11.25,75.78,Indian Mackerel,3478.3,4526.0,768.51,27.27,32.99,4.05,1.0,362.4,3.71,25.56,2.8,0.496,0.0,observed_and_verified_proxy
2012-07-01,2012,7,3,Kozhikode,North,11.25,75.78,Seer Fish,1840.33,4526.0,406.61,27.27,32.99,4.05,1.0,362.4,3.71,25.56,2.8,0.446,0.0,observed_and_verified_proxy
2012-07-01,2012,7,3,Kozhikode,North,11.25,75.78,Tuna,1566.68,4526.0,346.15,27.27,32.99,4.05,1.0,362.4,3.71,25.56,2.8,0.43,0.0,observed_and_verified_proxy
2012-08-01,2012,8,3,Kozhikode,North,11.25,75.78,Oil Sardine,9113.26,4829.7,1886.93,26.55,32.34,3.97,0.9,518.4,3.49,25.18,2.21,0.574,0.0,observed_and_verified_proxy
2012-08-01,2012,8,3,Kozhikode,North,11.25,75.78,Indian Mackerel,3568.93,4829.7,738.96,26.55,32.34,3.97,0.9,518.4,3.49,25.18,2.21,0.531,0.0,observed_and_verified_proxy
2012-08-01,2012,8,3,Kozhikode,North,11.25,75.78,Seer Fish,1707.47,4829.7,353.54,26.55,32.34,3.97,0.9,518.4,3.49,25.18,2.21,0.468,0.0,observed_and_verified_proxy
2012-08-01,2012,8,3,Kozhikode,North,11.25,75.78,Tuna,1676.61,4829.7,347.15,26.55,32.34,3.97,0.9,518.4,3.49,25.18,2.21,0.466,0.0,observed_and_verified_proxy
2012-09-01,2012,9,3,Kozhikode,North,11.25,75.78,Oil Sardine,7432.47,4695.2,1582.98,26.93,33.54,2.77,0.6,230.7,2.97,25.49,1.36,0.551,0.0,observed_and_verified_proxy
2012-09-01,2012,9,3,Kozhikode,North,11.25,75.78,Indian Mackerel,3756.05,4695.2,799.97,26.93,33.54,2.77,0.6,230.7,2.97,25.49,1.36,0.519,0.0,observed_and_verified_proxy
2012-09-01,2012,9,3,Kozhikode,North,11.25,75.78,Seer Fish,1690.47,4695.2,360.04,26.93,33.54,2.77,0.6,230.7,2.97,25.49,1.36,0.454,0.0,observed_and_verified_proxy
2012-09-01,2012,9,3,Kozhikode,North,11.25,75.78,Tuna,1575.55,4695.2,335.56,26.93,33.54,2.77,0.6,230.7,2.97,25.49,1.36,0.447,0.0,observed_and_verified_proxy
2012-10-01,2012,10,4,Kozhikode,North,11.25,75.78,Oil Sardine,9092.14,6731.6,1350.66,27.07,33.61,1.91,0.3,212.7,2.13,26.22,1.05,0.8,0.0,observed_and_verified_proxy
2012-10-01,2012,10,4,Kozhikode,North,11.25,75.78,Indian Mackerel,5686.79,6731.6,844.78,27.07,33.61,1.91,0.3,212.7,2.13,26.22,1.05,0.775,0.0,observed_and_verified_proxy
2012-10-01,2012,10,4,Kozhikode,North,11.25,75.78,Seer Fish,2561.21,6731.6,380.47,27.07,33.61,1.91,0.3,212.7,2.13,26.22,1.05,0.706,0.072,observed_and_verified_proxy
2012-10-01,2012,10,4,Kozhikode,North,11.25,75.78,Tuna,3976.0,6731.6,590.64,27.07,33.61,1.91,0.3,212.7,2.13,26.22,1.05,0.749,0.0,observed_and_verified_proxy
2012-11-01,2012,11,4,Kozhikode,North,11.25,75.78,Oil Sardine,8244.64,7681.7,1073.28,27.14,33.98,1.29,0.12,124.5,1.9,26.01,1.0,0.908,0.0,observed_and_verified_proxy
2012-11-01,2012,11,4,Kozhikode,North,11.25,75.78,Indian Mackerel,5569.75,7681.7,725.06,27.14,33.98,1.29,0.12,124.5,1.9,26.01,1.0,0.883,0.0,observed_and_verified_proxy
2012-11-01,2012,11,4,Kozhikode,North,11.25,75.78,Seer Fish,2583.37,7681.7,336.3,27.14,33.98,1.29,0.12,124.5,1.9,26.01,1.0,0.807,0.301,observed_and_verified_proxy
2012-11-01,2012,11,4,Kozhikode,North,11.25,75.78,Tuna,4049.47,7681.7,527.16,27.14,33.98,1.29,0.12,124.5,1.9,26.01,1.0,0.857,0.0,observed_and_verified_proxy
2012-12-01,2012,12,4,Kozhikode,North,11.25,75.78,Oil Sardine,7709.52,6788.4,1135.69,27.51,34.46,0.98,0.06,9.0,1.88,26.49,1.0,0.799,0.0,observed_and_verified_proxy
2012-12-01,2012,12,4,Kozhikode,North,11.25,75.78,Indian Mackerel,5424.87,6788.4,799.14,27.51,34.46,0.98,0.06,9.0,1.88,26.49,1.0,0.779,0.0,observed_and_verified_proxy
2012-12-01,2012,12,4,Kozhikode,North,11.25,75.78,Seer Fish,2559.97,6788.4,377.11,27.51,34.46,0.98,0.06,9.0,1.88,26.49,1.0,0.712,0.087,observed_and_verified_proxy
2012-12-01,2012,12,4,Kozhikode,North,11.25,75.78,Tuna,3998.56,6788.4,589.03,27.51,34.46,0.98,0.06,9.0,1.88,26.49,1.0,0.756,0.0,observed_and_verified_proxy
2012-01-01,2012,1,1,Ernakulam,Central,9.98,76.28,Oil Sardine,4973.25,4973.3,999.99,28.14,34.49,0.94,0.05,1.5,2.08,26.93,1.0,0.633,0.0,observed_and_verified_proxy
2012-01-01,2012,1,1,Ernakulam,Central,9.98,76.28,Indian Mackerel,3953.88,4973.3,795.02,28.14,34.49,0.94,0.05,1.5,2.08,26.93,1.0,0.618,0.0,observed_and_verified_proxy
2012-01-01,2012,1,1,Ernakulam,Central,9.98,76.28,Seer Fish,1272.95,4973.3,255.96,28.14,34.49,0.94,0.05,1.5,2.08,26.93,1.0,0.5,0.081,observed_and_verified_proxy
2012-01-01,2012,1,1,Ernakulam,Central,9.98,76.28,Tuna,2727.13,4973.3,548.35,28.14,34.49,0.94,0.05,1.5,2.08,26.93,1.0,0.589,0.0,observed_and_verified_proxy
2012-02-01,2012,2,1,Ernakulam,Central,9.98,76.28,Oil Sardine,5138.87,5631.4,912.54,28.86,34.41,1.11,0.1,21.6,2.15,28.59,1.0,0.719,0.0,observed_and_verified_proxy
2012-02-01,2012,2,1,Ernakulam,Central,9.98,76.28,Indian Mackerel,3776.77,5631.4,670.66,28.86,34.41,1.11,0.1,21.6,2.15,28.59,1.0,0.696,0.0,observed_and_verified_proxy
2012-02-01,2012,2,1,Ernakulam,Central,9.98,76.28,Seer Fish,1211.49,5631.4,215.13,28.86,34.41,1.11,0.1,21.6,2.15,28.59,1.0,0.558,0.248,observed_and_verified_proxy
2012-02-01,2012,2,1,Ernakulam,Central,9.98,76.28,Tuna,2778.48,5631.4,493.39,28.86,34.41,1.11,0.1,21.6,2.15,28.59,1.0,0.668,0.0,observed_and_verified_proxy
2012-03-01,2012,3,1,Ernakulam,Central,9.98,76.28,Oil Sardine,5626.0,5498.1,1023.26,29.49,34.34,1.41,0.2,37.8,3.08,29.05,1.0,0.707,0.0,observed_and_verified_proxy
2012-03-01,2012,3,1,Ernakulam,Central,9.98,76.28,Indian Mackerel,3682.01,5498.1,669.68,29.49,34.34,1.41,0.2,37.8,3.08,29.05,1.0,0.678,0.0,observed_and_verified_proxy
2012-03-01,2012,3,1,Ernakulam,Central,9.98,76.28,Seer Fish,1247.49,5498.1,226.89,29.49,34.34,1.41,0.2,37.8,3.08,29.05,1.0,0.55,0.21,observed_and_verified_proxy
2012-03-01,2012,3,1,Ernakulam,Central,9.98,76.28,Tuna,2554.58,5498.1,464.63,29.49,34.34,1.41,0.2,37.8,3.08,29.05,1.0,0.644,0.0,observed_and_verified_proxy
2012-04-01,2012,4,2,Ernakulam,Central,9.98,76.28,Oil Sardine,3894.84,3377.4,1153.19,29.85,33.4,2.11,0.35,264.3,2.98,28.43,1.05,0.419,0.0,observed_and_verified_proxy
2012-04-01,2012,4,2,Ernakulam,Central,9.98,76.28,Indian Mackerel,2263.05,3377.4,670.05,29.85,33.4,2.11,0.35,264.3,2.98,28.43,1.05,0.387,0.0,observed_and_verified_proxy
2012-04-01,2012,4,2,Ernakulam,Central,9.98,76.28,Seer Fish,799.11,3377.4,236.6,29.85,33.4,2.11,0.35,264.3,2.98,28.43,1.05,0.291,0.0,observed_and_verified_proxy
2012-04-01,2012,4,2,Ernakulam,Central,9.98,76.28,Tuna,1001.37,3377.4,296.49,29.85,33.4,2.11,0.35,264.3,2.98,28.43,1.05,0.315,0.0,observed_and_verified_proxy
2012-05-01,2012,5,2,Ernakulam,Central,9.98,76.28,Oil Sardine,4488.94,3195.2,1404.92,29.77,33.97,2.78,0.65,127.8,3.77,27.56,1.36,0.403,0.0,observed_and_verified_proxy
2012-05-01,2012,5,2,Ernakulam,Central,9.98,76.28,Indian Mackerel,2153.6,3195.2,674.02,29.77,33.97,2.78,0.65,127.8,3.77,27.56,1.36,0.363,0.0,observed_and_verified_proxy
2012-05-01,2012,5,2,Ernakulam,Central,9.98,76.28,Seer Fish,804.28,3195.2,251.72,29.77,33.97,2.78,0.65,127.8,3.77,27.56,1.36,0.276,0.0,observed_and_verified_proxy
2012-05-01,2012,5,2,Ernakulam,Central,9.98,76.28,Tuna,961.04,3195.2,300.78,29.77,33.97,2.78,0.65,127.8,3.77,27.56,1.36,0.294,0.0,observed_and_verified_proxy
2012-06-01,2012,6,2,Ernakulam,Central,9.98,76.28,Oil Sardine,5409.19,3159.7,1711.93,28.91,33.22,3.84,0.95,307.8,4.05,26.61,2.21,0.405,0.0,observed_and_verified_proxy
2012-06-01,2012,6,2,Ernakulam,Central,9.98,76.28,Indian Mackerel,2137.27,3159.7,676.42,28.91,33.22,3.84,0.95,307.8,4.05,26.61,2.21,0.359,0.0,observed_and_verified_proxy
2012-06-01,2012,6,2,Ernakulam,Central,9.98,76.28,Seer Fish,799.4,3159.7,253.0,28.91,33.22,3.84,0.95,307.8,4.05,26.61,2.21,0.272,0.0,observed_and_verified_proxy
2012-06-01,2012,6,2,Ernakulam,Central,9.98,76.28,Tuna,945.95,3159.7,299.38,28.91,33.22,3.84,0.95,307.8,4.05,26.61,2.21,0.29,0.0,observed_and_verified_proxy
2012-07-01,2012,7,3,Ernakulam,Central,9.98,76.28,Oil Sardine,8685.66,3805.1,2282.64,27.27,33.6,3.87,1.0,216.6,4.29,26.26,2.8,0.504,0.0,observed_and_verified_proxy
2012-07-01,2012,7,3,Ernakulam,Central,9.98,76.28,Indian Mackerel,2995.07,3805.1,787.12,27.27,33.6,3.87,1.0,216.6,4.29,26.26,2.8,0.457,0.0,observed_and_verified_proxy
2012-07-01,2012,7,3,Ernakulam,Central,9.98,76.28,Seer Fish,1615.82,3805.1,424.65,27.27,33.6,3.87,1.0,216.6,4.29,26.26,2.8,0.407,0.0,observed_and_verified_proxy
2012-07-01,2012,7,3,Ernakulam,Central,9.98,76.28,Tuna,1451.38,3805.1,381.43,27.27,33.6,3.87,1.0,216.6,4.29,26.26,2.8,0.396,0.0,observed_and_verified_proxy
2012-08-01,2012,8,3,Ernakulam,Central,9.98,76.28,Oil Sardine,7669.61,4196.4,1827.67,26.55,33.13,3.73,0.9,328.5,3.96,25.96,2.21,0.552,0.0,observed_and_verified_proxy
2012-08-01,2012,8,3,Ernakulam,Central,9.98,76.28,Indian Mackerel,2988.57,4196.4,712.18,26.55,33.13,3.73,0.9,328.5,3.96,25.96,2.21,0.503,0.0,observed_and_verified_proxy
2012-08-01,2012,8,3,Ernakulam,Central,9.98,76.28,Seer Fish,1553.85,4196.4,370.28,26.55,33.13,3.73,0.9,328.5,3.96,25.96,2.21,0.445,0.0,observed_and_verified_proxy
2012-08-01,2012,8,3,Ernakulam,Central,9.98,76.28,Tuna,1498.26,4196.4,357.04,26.55,33.13,3.73,0.9,328.5,3.96,25.96,2.21,0.441,0.0,observed_and_verified_proxy
2012-09-01,2012,9,3,Ernakulam,Central,9.98,76.28,Oil Sardine,7011.24,4341.6,1614.9,26.93,33.77,2.7,0.6,176.1,3.5,26.33,1.36,0.568,0.0,observed_and_verified_proxy
2012-09-01,2012,9,3,Ernakulam,Central,9.98,76.28,Indian Mackerel,3224.14,4341.6,742.62,26.93,33.77,2.7,0.6,176.1,3.5,26.33,1.36,0.526,0.0,observed_and_verified_proxy
2012-09-01,2012,9,3,Ernakulam,Central,9.98,76.28,Seer Fish,1558.36,4341.6,358.94,26.93,33.77,2.7,0.6,176.1,3.5,26.33,1.36,0.46,0.0,observed_and_verified_proxy
2012-09-01,2012,9,3,Ernakulam,Central,9.98,76.28,Tuna,1386.69,4341.6,319.4,26.93,33.77,2.7,0.6,176.1,3.5,26.33,1.36,0.447,0.0,observed_and_verified_proxy
2012-10-01,2012,10,4,Ernakulam,Central,9.98,76.28,Oil Sardine,7860.47,6065.5,1295.94,27.07,33.65,1.9,0.3,204.9,2.5,26.88,1.05,0.799,0.0,observed_and_verified_proxy
2012-10-01,2012,10,4,Ernakulam,Central,9.98,76.28,Indian Mackerel,4870.35,6065.5,802.96,27.07,33.65,1.9,0.3,204.9,2.5,26.88,1.05,0.77,0.0,observed_and_verified_proxy
2012-10-01,2012,10,4,Ernakulam,Central,9.98,76.28,Seer Fish,2144.5,6065.5,353.56,27.07,33.65,1.9,0.3,204.9,2.5,26.88,1.05,0.689,0.11,observed_and_verified_proxy
2012-10-01,2012,10,4,Ernakulam,Central,9.98,76.28,Tuna,3457.95,6065.5,570.1,27.07,33.65,1.9,0.3,204.9,2.5,26.88,1.05,0.742,0.0,observed_and_verified_proxy
2012-11-01,2012,11,4,Ernakulam,Central,9.98,76.28,Oil Sardine,6785.6,6543.8,1036.94,27.14,33.95,1.3,0.12,132.9,2.11,26.86,1.0,0.854,0.0,observed_and_verified_proxy
2012-11-01,2012,11,4,Ernakulam,Central,9.98,76.28,Indian Mackerel,5020.41,6543.8,767.2,27.14,33.95,1.3,0.12,132.9,2.11,26.86,1.0,0.833,0.0,observed_and_verified_proxy
2012-11-01,2012,11,4,Ernakulam,Central,9.98,76.28,Seer Fish,2308.91,6543.8,352.84,27.14,33.95,1.3,0.12,132.9,2.11,26.86,1.0,0.753,0.195,observed_and_verified_proxy
2012-11-01,2012,11,4,Ernakulam,Central,9.98,76.28,Tuna,3462.94,6543.8,529.19,27.14,33.95,1.3,0.12,132.9,2.11,26.86,1.0,0.801,0.0,observed_and_verified_proxy
2012-12-01,2012,12,4,Ernakulam,Central,9.98,76.28,Oil Sardine,6740.08,6212.6,1084.91,27.51,34.45,0.98,0.06,12.0,2.12,27.67,1.0,0.81,0.0,observed_and_verified_proxy
2012-12-01,2012,12,4,Ernakulam,Central,9.98,76.28,Indian Mackerel,5168.65,6212.6,831.97,27.51,34.45,0.98,0.06,12.0,2.12,27.67,1.0,0.793,0.0,observed_and_verified_proxy
2012-12-01,2012,12,4,Ernakulam,Central,9.98,76.28,Seer Fish,2291.8,6212.6,368.9,27.51,34.45,0.98,0.06,12.0,2.12,27.67,1.0,0.714,0.109,observed_and_verified_proxy
2012-12-01,2012,12,4,Ernakulam,Central,9.98,76.28,Tuna,3655.44,6212.6,588.4,27.51,34.45,0.98,0.06,12.0,2.12,27.67,1.0,0.765,0.0,observed_and_verified_proxy
2012-01-01,2012,1,1,Alappuzha,South,9.49,76.33,Oil Sardine,4354.45,4971.7,875.84,28.14,34.48,0.95,0.05,5.1,3.31,26.16,1.0,0.708,0.0,observed_and_verified_proxy
2012-01-01,2012,1,1,Alappuzha,South,9.49,76.33,Indian Mackerel,3312.08,4971.7,666.18,28.14,34.48,0.95,0.05,5.1,3.31,26.16,1.0,0.686,0.0,observed_and_verified_proxy
2012-01-01,2012,1,1,Alappuzha,South,9.49,76.33,Seer Fish,1140.73,4971.7,229.44,28.14,34.48,0.95,0.05,5.1,3.31,26.16,1.0,0.549,0.203,observed_and_verified_proxy
2012-01-01,2012,1,1,Alappuzha,South,9.49,76.33,Tuna,2276.0,4971.7,457.79,28.14,34.48,0.95,0.05,5.1,3.31,26.16,1.0,0.647,0.0,observed_and_verified_proxy
2012-02-01,2012,2,1,Alappuzha,South,9.49,76.33,Oil Sardine,4855.87,4680.4,1037.49,28.86,34.46,1.09,0.1,8.7,3.5,27.77,1.0,0.674,0.0,observed_and_verified_proxy
2012-02-01,2012,2,1,Alappuzha,South,9.49,76.33,Indian Mackerel,3326.78,4680.4,710.79,28.86,34.46,1.09,0.1,8.7,3.5,27.77,1.0,0.646,0.0,observed_and_verified_proxy
2012-02-01,2012,2,1,Alappuzha,South,9.49,76.33,Seer Fish,1101.65,4680.4,235.38,28.86,34.46,1.09,0.1,8.7,3.5,27.77,1.0,0.511,0.141,observed_and_verified_proxy
2012-02-01,2012,2,1,Alappuzha,South,9.49,76.33,Tuna,2265.91,4680.4,484.13,28.86,34.46,1.09,0.1,8.7,3.5,27.77,1.0,0.609,0.0,observed_and_verified_proxy
2012-03-01,2012,3,1,Alappuzha,South,9.49,76.33,Oil Sardine,5061.31,4764.7,1062.26,29.49,34.37,1.4,0.2,31.2,3.16,28.86,1.0,0.688,0.0,observed_and_verified_proxy
2012-03-01,2012,3,1,Alappuzha,South,9.49,76.33,Indian Mackerel,3481.15,4764.7,730.62,29.49,34.37,1.4,0.2,31.2,3.16,28.86,1.0,0.661,0.0,observed_and_verified_proxy
2012-03-01,2012,3,1,Alappuzha,South,9.49,76.33,Seer Fish,1152.78,4764.7,241.94,29.49,34.37,1.4,0.2,31.2,3.16,28.86,1.0,0.527,0.148,observed_and_verified_proxy
2012-03-01,2012,3,1,Alappuzha,South,9.49,76.33,Tuna,2459.14,4764.7,516.12,29.49,34.37,1.4,0.2,31.2,3.16,28.86,1.0,0.629,0.0,observed_and_verified_proxy
2012-04-01,2012,4,2,Alappuzha,South,9.49,76.33,Oil Sardine,3439.98,2936.2,1171.56,29.85,33.89,1.96,0.35,147.3,3.5,28.5,1.05,0.407,0.0,observed_and_verified_proxy
2012-04-01,2012,4,2,Alappuzha,South,9.49,76.33,Indian Mackerel,1956.99,2936.2,666.5,29.85,33.89,1.96,0.35,147.3,3.5,28.5,1.05,0.371,0.0,observed_and_verified_proxy
2012-04-01,2012,4,2,Alappuzha,South,9.49,76.33,Seer Fish,663.86,2936.2,226.09,29.85,33.89,1.96,0.35,147.3,3.5,28.5,1.05,0.266,0.0,observed_and_verified_proxy
2012-04-01,2012,4,2,Alappuzha,South,9.49,76.33,Tuna,827.72,2936.2,281.9,29.85,33.89,1.96,0.35,147.3,3.5,28.5,1.05,0.291,0.0,observed_and_verified_proxy
2012-05-01,2012,5,2,Alappuzha,South,9.49,76.33,Oil Sardine,4276.34,2928.0,1460.51,29.77,34.19,2.71,0.65,75.3,5.2,27.83,1.36,0.416,0.0,observed_and_verified_proxy
2012-05-01,2012,5,2,Alappuzha,South,9.49,76.33,Indian Mackerel,1885.08,2928.0,643.82,29.77,34.19,2.71,0.65,75.3,5.2,27.83,1.36,0.367,0.0,observed_and_verified_proxy
2012-05-01,2012,5,2,Alappuzha,South,9.49,76.33,Seer Fish,701.31,2928.0,239.52,29.77,34.19,2.71,0.65,75.3,5.2,27.83,1.36,0.271,0.0,observed_and_verified_proxy
2012-05-01,2012,5,2,Alappuzha,South,9.49,76.33,Tuna,822.38,2928.0,280.87,29.77,34.19,2.71,0.65,75.3,5.2,27.83,1.36,0.289,0.0,observed_and_verified_proxy
2012-06-01,2012,6,2,Alappuzha,South,9.49,76.33,Oil Sardine,4735.26,2772.9,1707.68,28.91,34.07,3.59,0.95,103.5,5.89,27.06,2.21,0.398,0.0,observed_and_verified_proxy
2012-06-01,2012,6,2,Alappuzha,South,9.49,76.33,Indian Mackerel,1735.98,2772.9,626.05,28.91,34.07,3.59,0.95,103.5,5.89,27.06,2.21,0.342,0.0,observed_and_verified_proxy
2012-06-01,2012,6,2,Alappuzha,South,9.49,76.33,Seer Fish,651.93,2772.9,235.11,28.91,34.07,3.59,0.95,103.5,5.89,27.06,2.21,0.249,0.0,observed_and_verified_proxy
2012-06-01,2012,6,2,Alappuzha,South,9.49,76.33,Tuna,855.96,2772.9,308.69,28.91,34.07,3.59,0.95,103.5,5.89,27.06,2.21,0.278,0.0,observed_and_verified_proxy
2012-07-01,2012,7,3,Alappuzha,South,9.49,76.33,Oil Sardine,7052.96,3675.1,1919.12,27.27,33.94,3.77,1.0,133.8,6.12,26.69,2.8,0.545,0.0,observed_and_verified_proxy
2012-07-01,2012,7,3,Alappuzha,South,9.49,76.33,Indian Mackerel,2781.91,3675.1,756.96,27.27,33.94,3.77,1.0,133.8,6.12,26.69,2.8,0.494,0.0,observed_and_verified_proxy
2012-07-01,2012,7,3,Alappuzha,South,9.49,76.33,Seer Fish,1426.11,3675.1,388.05,27.27,33.94,3.77,1.0,133.8,6.12,26.69,2.8,0.432,0.0,observed_and_verified_proxy
2012-07-01,2012,7,3,Alappuzha,South,9.49,76.33,Tuna,1306.41,3675.1,355.48,27.27,33.94,3.77,1.0,133.8,6.12,26.69,2.8,0.422,0.0,observed_and_verified_proxy
2012-08-01,2012,8,3,Alappuzha,South,9.49,76.33,Oil Sardine,6799.71,3697.6,1838.97,26.55,33.85,3.52,0.9,156.9,5.26,26.32,2.21,0.547,0.0,observed_and_verified_proxy
2012-08-01,2012,8,3,Alappuzha,South,9.49,76.33,Indian Mackerel,2709.11,3697.6,732.67,26.55,33.85,3.52,0.9,156.9,5.26,26.32,2.21,0.495,0.0,observed_and_verified_proxy
2012-08-01,2012,8,3,Alappuzha,South,9.49,76.33,Seer Fish,1436.38,3697.6,388.46,26.55,33.85,3.52,0.9,156.9,5.26,26.32,2.21,0.435,0.0,observed_and_verified_proxy
2012-08-01,2012,8,3,Alappuzha,South,9.49,76.33,Tuna,1253.48,3697.6,339.0,26.55,33.85,3.52,0.9,156.9,5.26,26.32,2.21,0.42,0.0,observed_and_verified_proxy
2012-09-01,2012,9,3,Alappuzha,South,9.49,76.33,Oil Sardine,6003.26,3568.9,1682.09,26.93,34.18,2.58,0.6,77.7,4.92,26.59,1.36,0.523,0.0,observed_and_verified_proxy
2012-09-01,2012,9,3,Alappuzha,South,9.49,76.33,Indian Mackerel,2795.2,3568.9,783.2,26.93,34.18,2.58,0.6,77.7,4.92,26.59,1.36,0.481,0.0,observed_and_verified_proxy
2012-09-01,2012,9,3,Alappuzha,South,9.49,76.33,Seer Fish,1443.55,3568.9,404.48,26.93,34.18,2.58,0.6,77.7,4.92,26.59,1.36,0.421,0.0,observed_and_verified_proxy
2012-09-01,2012,9,3,Alappuzha,South,9.49,76.33,Tuna,1231.48,3568.9,345.06,26.93,34.18,2.58,0.6,77.7,4.92,26.59,1.36,0.403,0.0,observed_and_verified_proxy
2012-10-01,2012,10,4,Alappuzha,South,9.49,76.33,Oil Sardine,6911.5,5356.3,1290.36,27.07,33.64,1.9,0.3,205.8,3.37,26.77,1.05,0.793,0.0,observed_and_verified_proxy
2012-10-01,2012,10,4,Alappuzha,South,9.49,76.33,Indian Mackerel,4110.78,5356.3,767.47,27.07,33.64,1.9,0.3,205.8,3.37,26.77,1.05,0.758,0.0,observed_and_verified_proxy
2012-10-01,2012,10,4,Alappuzha,South,9.49,76.33,Seer Fish,1908.67,5356.3,356.34,27.07,33.64,1.9,0.3,205.8,3.37,26.77,1.05,0.674,0.084,observed_and_verified_proxy
2012-10-01,2012,10,4,Alappuzha,South,9.49,76.33,Tuna,3090.19,5356.3,576.93,27.07,33.64,1.9,0.3,205.8,3.37,26.77,1.05,0.732,0.0,observed_and_verified_proxy
2012-11-01,2012,11,4,Alappuzha,South,9.49,76.33,Oil Sardine,6460.24,5517.3,1170.91,27.14,33.95,1.3,0.12,131.1,2.84,26.58,1.0,0.813,0.0,observed_and_verified_proxy
2012-11-01,2012,11,4,Alappuzha,South,9.49,76.33,Indian Mackerel,4276.53,5517.3,775.12,27.14,33.95,1.3,0.12,131.1,2.84,26.58,1.0,0.784,0.0,observed_and_verified_proxy
2012-11-01,2012,11,4,Alappuzha,South,9.49,76.33,Seer Fish,2009.47,5517.3,364.22,27.14,33.95,1.3,0.12,131.1,2.84,26.58,1.0,0.701,0.102,observed_and_verified_proxy
2012-11-01,2012,11,4,Alappuzha,South,9.49,76.33,Tuna,3024.61,5517.3,548.21,27.14,33.95,1.3,0.12,131.1,2.84,26.58,1.0,0.752,0.0,observed_and_verified_proxy
2012-12-01,2012,12,4,Alappuzha,South,9.49,76.33,Oil Sardine,5914.85,6005.6,984.88,27.51,34.27,1.04,0.06,54.0,4.25,26.63,1.0,0.879,0.0,observed_and_verified_proxy
2012-12-01,2012,12,4,Alappuzha,South,9.49,76.33,Indian Mackerel,4434.37,6005.6,738.37,27.51,34.27,1.04,0.06,54.0,4.25,26.63,1.0,0.857,0.0,observed_and_verified_proxy
2012-12-01,2012,12,4,Alappuzha,South,9.49,76.33,Seer Fish,2053.52,6005.6,341.93,27.51,34.27,1.04,0.06,54.0,4.25,26.63,1.0,0.767,0.237,observed_and_verified_proxy
2012-12-01,2012,12,4,Alappuzha,South,9.49,76.33,Tuna,3193.68,6005.6,531.78,27.51,34.27,1.04,0.06,54.0,4.25,26.63,1.0,0.824,0.0,observed_and_verified_proxy
2012-01-01,2012,1,1,Kollam,South,8.89,76.6,Oil Sardine,4342.39,4324.3,1004.19,28.14,34.48,0.95,0.05,5.1,3.31,26.16,1.0,0.659,0.0,observed_and_verified_proxy
2012-01-01,2012,1,1,Kollam,South,8.89,76.6,Indian Mackerel,3104.38,4324.3,717.9,28.14,34.48,0.95,0.05,5.1,3.31,26.16,1.0,0.633,0.0,observed_and_verified_proxy
2012-01-01,2012,1,1,Kollam,South,8.89,76.6,Seer Fish,1073.66,4324.3,248.29,28.14,34.48,0.95,0.05,5.1,3.31,26.16,1.0,0.502,0.101,observed_and_verified_proxy
2012-01-01,2012,1,1,Kollam,South,8.89,76.6,Tuna,2283.24,4324.3,528.01,28.14,34.48,0.95,0.05,5.1,3.31,26.16,1.0,0.603,0.0,observed_and_verified_proxy
2012-02-01,2012,2,1,Kollam,South,8.89,76.6,Oil Sardine,4291.26,4253.4,1008.89,28.86,34.46,1.09,0.1,8.7,3.5,27.77,1.0,0.648,0.0,observed_and_verified_proxy
2012-02-01,2012,2,1,Kollam,South,8.89,76.6,Indian Mackerel,3244.6,4253.4,762.82,28.86,34.46,1.09,0.1,8.7,3.5,27.77,1.0,0.627,0.0,observed_and_verified_proxy
2012-02-01,2012,2,1,Kollam,South,8.89,76.6,Seer Fish,986.5,4253.4,231.93,28.86,34.46,1.09,0.1,8.7,3.5,27.77,1.0,0.48,0.109,observed_and_verified_proxy
2012-02-01,2012,2,1,Kollam,South,8.89,76.6,Tuna,2256.7,4253.4,530.56,28.86,34.46,1.09,0.1,8.7,3.5,27.77,1.0,0.592,0.0,observed_and_verified_proxy
2012-03-01,2012,3,1,Kollam,South,8.89,76.6,Oil Sardine,4602.35,4326.8,1063.68,29.49,34.37,1.4,0.2,31.2,3.16,28.86,1.0,0.664,0.0,observed_and_verified_proxy
2012-03-01,2012,3,1,Kollam,South,8.89,76.6,Indian Mackerel,3236.03,4326.8,747.9,29.49,34.37,1.4,0.2,31.2,3.16,28.86,1.0,0.637,0.0,observed_and_verified_proxy
2012-03-01,2012,3,1,Kollam,South,8.89,76.6,Seer Fish,1068.63,4326.8,246.98,29.49,34.37,1.4,0.2,31.2,3.16,28.86,1.0,0.501,0.103,observed_and_verified_proxy
2012-03-01,2012,3,1,Kollam,South,8.89,76.6,Tuna,2296.5,4326.8,530.76,29.49,34.37,1.4,0.2,31.2,3.16,28.86,1.0,0.604,0.0,observed_and_verified_proxy
2012-04-01,2012,4,2,Kollam,South,8.89,76.6,Oil Sardine,3265.96,2949.0,1107.47,29.85,33.89,1.96,0.35,147.3,3.5,28.5,1.05,0.435,0.0,observed_and_verified_proxy
2012-04-01,2012,4,2,Kollam,South,8.89,76.6,Indian Mackerel,1800.89,2949.0,610.67,29.85,33.89,1.96,0.35,147.3,3.5,28.5,1.05,0.393,0.0,observed_and_verified_proxy
2012-04-01,2012,4,2,Kollam,South,8.89,76.6,Seer Fish,645.75,2949.0,218.97,29.85,33.89,1.96,0.35,147.3,3.5,28.5,1.05,0.283,0.0,observed_and_verified_proxy
2012-04-01,2012,4,2,Kollam,South,8.89,76.6,Tuna,818.81,2949.0,277.65,29.85,33.89,1.96,0.35,147.3,3.5,28.5,1.05,0.311,0.0,observed_and_verified_proxy
2012-05-01,2012,5,2,Kollam,South,8.89,76.6,Oil Sardine,4055.77,2568.9,1578.78,29.77,34.19,2.71,0.65,75.3,5.2,27.83,1.36,0.389,0.0,observed_and_verified_proxy
2012-05-01,2012,5,2,Kollam,South,8.89,76.6,Indian Mackerel,1737.51,2568.9,676.35,29.77,34.19,2.71,0.65,75.3,5.2,27.83,1.36,0.339,0.0,observed_and_verified_proxy
2012-05-01,2012,5,2,Kollam,South,8.89,76.6,Seer Fish,620.48,2568.9,241.53,29.77,34.19,2.71,0.65,75.3,5.2,27.83,1.36,0.242,0.0,observed_and_verified_proxy
2012-05-01,2012,5,2,Kollam,South,8.89,76.6,Tuna,813.98,2568.9,316.85,29.77,34.19,2.71,0.65,75.3,5.2,27.83,1.36,0.271,0.0,observed_and_verified_proxy
2012-06-01,2012,6,2,Kollam,South,8.89,76.6,Oil Sardine,4678.19,2695.2,1735.73,28.91,34.07,3.59,0.95,103.5,5.89,27.06,2.21,0.414,0.0,observed_and_verified_proxy
2012-06-01,2012,6,2,Kollam,South,8.89,76.6,Indian Mackerel,1654.04,2695.2,613.69,28.91,34.07,3.59,0.95,103.5,5.89,27.06,2.21,0.352,0.0,observed_and_verified_proxy
2012-06-01,2012,6,2,Kollam,South,8.89,76.6,Seer Fish,635.01,2695.2,235.6,28.91,34.07,3.59,0.95,103.5,5.89,27.06,2.21,0.256,0.0,observed_and_verified_proxy
2012-06-01,2012,6,2,Kollam,South,8.89,76.6,Tuna,823.5,2695.2,305.54,28.91,34.07,3.59,0.95,103.5,5.89,27.06,2.21,0.285,0.0,observed_and_verified_proxy
2012-07-01,2012,7,3,Kollam,South,8.89,76.6,Oil Sardine,6831.04,3324.7,2054.63,27.27,33.94,3.77,1.0,133.8,6.12,26.69,2.8,0.527,0.0,observed_and_verified_proxy
2012-07-01,2012,7,3,Kollam,South,8.89,76.6,Indian Mackerel,2596.87,3324.7,781.08,27.27,33.94,3.77,1.0,133.8,6.12,26.69,2.8,0.474,0.0,observed_and_verified_proxy
2012-07-01,2012,7,3,Kollam,South,8.89,76.6,Seer Fish,1355.21,3324.7,407.62,27.27,33.94,3.77,1.0,133.8,6.12,26.69,2.8,0.413,0.0,observed_and_verified_proxy
2012-07-01,2012,7,3,Kollam,South,8.89,76.6,Tuna,1194.42,3324.7,359.26,27.27,33.94,3.77,1.0,133.8,6.12,26.69,2.8,0.399,0.0,observed_and_verified_proxy
2012-08-01,2012,8,3,Kollam,South,8.89,76.6,Oil Sardine,6542.22,3397.0,1925.89,26.55,33.85,3.52,0.9,156.9,5.26,26.32,2.21,0.537,0.0,observed_and_verified_proxy
2012-08-01,2012,8,3,Kollam,South,8.89,76.6,Indian Mackerel,2434.34,3397.0,716.62,26.55,33.85,3.52,0.9,156.9,5.26,26.32,2.21,0.479,0.0,observed_and_verified_proxy
2012-08-01,2012,8,3,Kollam,South,8.89,76.6,Seer Fish,1279.49,3397.0,376.66,26.55,33.85,3.52,0.9,156.9,5.26,26.32,2.21,0.415,0.0,observed_and_verified_proxy
2012-08-01,2012,8,3,Kollam,South,8.89,76.6,Tuna,1225.47,3397.0,360.75,26.55,33.85,3.52,0.9,156.9,5.26,26.32,2.21,0.41,0.0,observed_and_verified_proxy
2012-09-01,2012,9,3,Kollam,South,8.89,76.6,Oil Sardine,5444.76,3130.1,1739.5,26.93,34.18,2.58,0.6,77.7,4.92,26.59,1.36,0.488,0.0,observed_and_verified_proxy
2012-09-01,2012,9,3,Kollam,South,8.89,76.6,Indian Mackerel,2803.59,3130.1,895.7,26.93,34.18,2.58,0.6,77.7,4.92,26.59,1.36,0.452,0.0,observed_and_verified_proxy
2012-09-01,2012,9,3,Kollam,South,8.89,76.6,Seer Fish,1350.16,3130.1,431.35,26.93,34.18,2.58,0.6,77.7,4.92,26.59,1.36,0.388,0.0,observed_and_verified_proxy
2012-09-01,2012,9,3,Kollam,South,8.89,76.6,Tuna,1160.68,3130.1,370.82,26.93,34.18,2.58,0.6,77.7,4.92,26.59,1.36,0.372,0.0,observed_and_verified_proxy
2012-10-01,2012,10,4,Kollam,South,8.89,76.6,Oil Sardine,6356.26,5673.4,1120.36,27.07,33.64,1.9,0.3,205.8,3.37,26.77,1.05,0.895,0.0,observed_and_verified_proxy
2012-10-01,2012,10,4,Kollam,South,8.89,76.6,Indian Mackerel,4017.79,5673.4,708.18,27.07,33.64,1.9,0.3,205.8,3.37,26.77,1.05,0.858,0.0,observed_and_verified_proxy
2012-10-01,2012,10,4,Kollam,South,8.89,76.6,Seer Fish,1829.12,5673.4,322.4,27.07,33.64,1.9,0.3,205.8,3.37,26.77,1.05,0.758,0.269,observed_and_verified_proxy
2012-10-01,2012,10,4,Kollam,South,8.89,76.6,Tuna,2865.76,5673.4,505.12,27.07,33.64,1.9,0.3,205.8,3.37,26.77,1.05,0.822,0.0,observed_and_verified_proxy
2012-11-01,2012,11,4,Kollam,South,8.89,76.6,Oil Sardine,5619.13,5142.0,1092.79,27.14,33.95,1.3,0.12,131.1,2.84,26.58,1.0,0.803,0.0,observed_and_verified_proxy
2012-11-01,2012,11,4,Kollam,South,8.89,76.6,Indian Mackerel,3977.34,5142.0,773.5,27.14,33.95,1.3,0.12,131.1,2.84,26.58,1.0,0.777,0.0,observed_and_verified_proxy
2012-11-01,2012,11,4,Kollam,South,8.89,76.6,Seer Fish,1780.77,5142.0,346.32,27.14,33.95,1.3,0.12,131.1,2.84,26.58,1.0,0.683,0.118,observed_and_verified_proxy
2012-11-01,2012,11,4,Kollam,South,8.89,76.6,Tuna,3009.22,5142.0,585.22,27.14,33.95,1.3,0.12,131.1,2.84,26.58,1.0,0.75,0.0,observed_and_verified_proxy
2012-12-01,2012,12,4,Kollam,South,8.89,76.6,Oil Sardine,5759.56,5688.1,1012.57,27.51,34.27,1.04,0.06,54.0,4.25,26.63,1.0,0.89,0.0,observed_and_verified_proxy
2012-12-01,2012,12,4,Kollam,South,8.89,76.6,Indian Mackerel,4143.36,5688.1,728.43,27.51,34.27,1.04,0.06,54.0,4.25,26.63,1.0,0.863,0.0,observed_and_verified_proxy
2012-12-01,2012,12,4,Kollam,South,8.89,76.6,Seer Fish,1829.35,5688.1,321.61,27.51,34.27,1.04,0.06,54.0,4.25,26.63,1.0,0.76,0.273,observed_and_verified_proxy
2012-12-01,2012,12,4,Kollam,South,8.89,76.6,Tuna,2765.2,5688.1,486.14,27.51,34.27,1.04,0.06,54.0,4.25,26.63,1.0,0.819,0.0,observed_and_verified_proxy
2012-01-01,2012,1,1,Kannur,North,11.87,75.37,Oil Sardine,3259.37,3613.5,901.99,28.14,34.5,0.94,0.05,0.9,2.4,26.22,1.0,0.678,0.0,observed_and_verified_proxy
2012-01-01,2012,1,1,Kannur,North,11.87,75.37,Indian Mackerel,2452.22,3613.5,678.62,28.14,34.5,0.94,0.05,0.9,2.4,26.22,1.0,0.65,0.0,observed_and_verified_proxy
2012-01-01,2012,1,1,Kannur,North,11.87,75.37,Seer Fish,780.97,3613.5,216.12,28.14,34.5,0.94,0.05,0.9,2.4,26.22,1.0,0.477,0.14,observed_and_verified_proxy
2012-01-01,2012,1,1,Kannur,North,11.87,75.37,Tuna,1694.45,3613.5,468.92,28.14,34.5,0.94,0.05,0.9,2.4,26.22,1.0,0.604,0.0,observed_and_verified_proxy
2012-02-01,2012,2,1,Kannur,North,11.87,75.37,Oil Sardine,3360.87,3568.6,941.78,28.86,34.48,1.09,0.1,6.0,2.36,27.6,1.0,0.672,0.0,observed_and_verified_proxy
2012-02-01,2012,2,1,Kannur,North,11.87,75.37,Indian Mackerel,2632.12,3568.6,737.57,28.86,34.48,1.09,0.1,6.0,2.36,27.6,1.0,0.649,0.0,observed_and_verified_proxy
2012-02-01,2012,2,1,Kannur,North,11.87,75.37,Seer Fish,820.05,3568.6,229.79,28.86,34.48,1.09,0.1,6.0,2.36,27.6,1.0,0.48,0.113,observed_and_verified_proxy
2012-02-01,2012,2,1,Kannur,North,11.87,75.37,Tuna,1671.08,3568.6,468.27,28.86,34.48,1.09,0.1,6.0,2.36,27.6,1.0,0.595,0.0,observed_and_verified_proxy
2012-03-01,2012,3,1,Kannur,North,11.87,75.37,Oil Sardine,3601.23,3169.7,1136.13,29.49,34.47,1.37,0.2,6.3,2.79,28.24,1.0,0.602,0.0,observed_and_verified_proxy
2012-03-01,2012,3,1,Kannur,North,11.87,75.37,Indian Mackerel,2493.53,3169.7,786.67,29.49,34.47,1.37,0.2,6.3,2.79,28.24,1.0,0.571,0.0,observed_and_verified_proxy
2012-03-01,2012,3,1,Kannur,North,11.87,75.37,Seer Fish,833.25,3169.7,262.88,29.49,34.47,1.37,0.2,6.3,2.79,28.24,1.0,0.429,0.0,observed_and_verified_proxy
2012-03-01,2012,3,1,Kannur,North,11.87,75.37,Tuna,1782.28,3169.7,562.28,29.49,34.47,1.37,0.2,6.3,2.79,28.24,1.0,0.536,0.0,observed_and_verified_proxy
2012-04-01,2012,4,2,Kannur,North,11.87,75.37,Oil Sardine,2653.8,2306.9,1150.39,29.85,33.89,1.96,0.35,147.3,2.7,28.11,1.05,0.42,0.0,observed_and_verified_proxy
2012-04-01,2012,4,2,Kannur,North,11.87,75.37,Indian Mackerel,1490.1,2306.9,645.94,29.85,33.89,1.96,0.35,147.3,2.7,28.11,1.05,0.374,0.0,observed_and_verified_proxy
2012-04-01,2012,4,2,Kannur,North,11.87,75.37,Seer Fish,515.93,2306.9,223.65,29.85,33.89,1.96,0.35,147.3,2.7,28.11,1.05,0.254,0.0,observed_and_verified_proxy
2012-04-01,2012,4,2,Kannur,North,11.87,75.37,Tuna,593.74,2306.9,257.38,29.85,33.89,1.96,0.35,147.3,2.7,28.11,1.05,0.271,0.0,observed_and_verified_proxy
2012-05-01,2012,5,2,Kannur,North,11.87,75.37,Oil Sardine,3120.78,2280.9,1368.2,29.77,34.29,2.68,0.65,50.4,3.46,27.51,1.36,0.426,0.0,observed_and_verified_proxy
2012-05-01,2012,5,2,Kannur,North,11.87,75.37,Indian Mackerel,1394.42,2280.9,611.34,29.77,34.29,2.68,0.65,50.4,3.46,27.51,1.36,0.363,0.0,observed_and_verified_proxy
2012-05-01,2012,5,2,Kannur,North,11.87,75.37,Seer Fish,508.5,2280.9,222.93,29.77,34.29,2.68,0.65,50.4,3.46,27.51,1.36,0.249,0.0,observed_and_verified_proxy
2012-05-01,2012,5,2,Kannur,North,11.87,75.37,Tuna,637.96,2280.9,279.69,29.77,34.29,2.68,0.65,50.4,3.46,27.51,1.36,0.277,0.0,observed_and_verified_proxy
2012-06-01,2012,6,2,Kannur,North,11.87,75.37,Oil Sardine,3689.4,2013.0,1832.77,28.91,32.12,4.17,0.95,570.6,3.59,26.13,2.21,0.384,0.0,observed_and_verified_proxy
2012-06-01,2012,6,2,Kannur,North,11.87,75.37,Indian Mackerel,1352.19,2013.0,671.73,28.91,32.12,4.17,0.95,570.6,3.59,26.13,2.21,0.318,0.0,observed_and_verified_proxy
2012-06-01,2012,6,2,Kannur,North,11.87,75.37,Seer Fish,487.44,2013.0,242.14,28.91,32.12,4.17,0.95,570.6,3.59,26.13,2.21,0.215,0.0,observed_and_verified_proxy
2012-06-01,2012,6,2,Kannur,North,11.87,75.37,Tuna,593.65,2013.0,294.91,28.91,32.12,4.17,0.95,570.6,3.59,26.13,2.21,0.237,0.0,observed_and_verified_proxy
2012-07-01,2012,7,3,Kannur,North,11.87,75.37,Oil Sardine,5596.17,2822.7,1982.53,27.27,32.99,4.05,1.0,362.4,3.71,25.56,2.8,0.561,0.0,observed_and_verified_proxy
2012-07-01,2012,7,3,Kannur,North,11.87,75.37,Indian Mackerel,2049.44,2822.7,726.05,27.27,32.99,4.05,1.0,362.4,3.71,25.56,2.8,0.491,0.0,observed_and_verified_proxy
2012-07-01,2012,7,3,Kannur,North,11.87,75.37,Seer Fish,1056.63,2822.7,374.33,27.27,32.99,4.05,1.0,362.4,3.71,25.56,2.8,0.415,0.0,observed_and_verified_proxy
2012-07-01,2012,7,3,Kannur,North,11.87,75.37,Tuna,934.4,2822.7,331.02,27.27,32.99,4.05,1.0,362.4,3.71,25.56,2.8,0.398,0.0,observed_and_verified_proxy
2012-08-01,2012,8,3,Kannur,North,11.87,75.37,Oil Sardine,5222.17,2819.3,1852.28,26.55,32.34,3.97,0.9,518.4,3.49,25.18,2.21,0.557,0.0,observed_and_verified_proxy
2012-08-01,2012,8,3,Kannur,North,11.87,75.37,Indian Mackerel,1915.79,2819.3,679.52,26.55,32.34,3.97,0.9,518.4,3.49,25.18,2.21,0.484,0.0,observed_and_verified_proxy
2012-08-01,2012,8,3,Kannur,North,11.87,75.37,Seer Fish,1023.27,2819.3,362.95,26.55,32.34,3.97,0.9,518.4,3.49,25.18,2.21,0.41,0.0,observed_and_verified_proxy
2012-08-01,2012,8,3,Kannur,North,11.87,75.37,Tuna,947.28,2819.3,336.0,26.55,32.34,3.97,0.9,518.4,3.49,25.18,2.21,0.399,0.0,observed_and_verified_proxy
2012-09-01,2012,9,3,Kannur,North,11.87,75.37,Oil Sardine,4361.03,2765.5,1576.92,26.93,33.54,2.77,0.6,230.7,2.97,25.49,1.36,0.537,0.0,observed_and_verified_proxy
2012-09-01,2012,9,3,Kannur,North,11.87,75.37,Indian Mackerel,2094.19,2765.5,757.25,26.93,33.54,2.77,0.6,230.7,2.97,25.49,1.36,0.483,0.0,observed_and_verified_proxy
2012-09-01,2012,9,3,Kannur,North,11.87,75.37,Seer Fish,1033.31,2765.5,373.64,26.93,33.54,2.77,0.6,230.7,2.97,25.49,1.36,0.403,0.0,observed_and_verified_proxy
2012-09-01,2012,9,3,Kannur,North,11.87,75.37,Tuna,922.25,2765.5,333.48,26.93,33.54,2.77,0.6,230.7,2.97,25.49,1.36,0.388,0.0,observed_and_verified_proxy
2012-10-01,2012,10,4,Kannur,North,11.87,75.37,Oil Sardine,5042.66,4135.7,1219.31,27.07,33.61,1.91,0.3,212.7,2.13,26.22,1.05,0.814,0.0,observed_and_verified_proxy
2012-10-01,2012,10,4,Kannur,North,11.87,75.37,Indian Mackerel,3245.49,4135.7,784.76,27.07,33.61,1.91,0.3,212.7,2.13,26.22,1.05,0.776,0.0,observed_and_verified_proxy
2012-10-01,2012,10,4,Kannur,North,11.87,75.37,Seer Fish,1454.6,4135.7,351.72,27.07,33.61,1.91,0.3,212.7,2.13,26.22,1.05,0.666,0.084,observed_and_verified_proxy
2012-10-01,2012,10,4,Kannur,North,11.87,75.37,Tuna,2180.0,4135.7,527.12,27.07,33.61,1.91,0.3,212.7,2.13,26.22,1.05,0.728,0.0,observed_and_verified_proxy
2012-11-01,2012,11,4,Kannur,North,11.87,75.37,Oil Sardine,4400.24,3905.8,1126.6,27.14,33.98,1.29,0.12,124.5,1.9,26.01,1.0,0.759,0.0,observed_and_verified_proxy
2012-11-01,2012,11,4,Kannur,North,11.87,75.37,Indian Mackerel,3183.06,3905.8,814.96,27.14,33.98,1.29,0.12,124.5,1.9,26.01,1.0,0.731,0.0,observed_and_verified_proxy
2012-11-01,2012,11,4,Kannur,North,11.87,75.37,Seer Fish,1372.26,3905.8,351.34,27.14,33.98,1.29,0.12,124.5,1.9,26.01,1.0,0.62,0.025,observed_and_verified_proxy
2012-11-01,2012,11,4,Kannur,North,11.87,75.37,Tuna,2275.76,3905.8,582.67,27.14,33.98,1.29,0.12,124.5,1.9,26.01,1.0,0.693,0.0,observed_and_verified_proxy
2012-12-01,2012,12,4,Kannur,North,11.87,75.37,Oil Sardine,4416.55,3837.3,1150.96,27.51,34.46,0.98,0.06,9.0,1.88,26.49,1.0,0.746,0.0,observed_and_verified_proxy
2012-12-01,2012,12,4,Kannur,North,11.87,75.37,Indian Mackerel,3320.07,3837.3,865.21,27.51,34.46,0.98,0.06,9.0,1.88,26.49,1.0,0.722,0.0,observed_and_verified_proxy
2012-12-01,2012,12,4,Kannur,North,11.87,75.37,Seer Fish,1503.39,3837.3,391.79,27.51,34.46,0.98,0.06,9.0,1.88,26.49,1.0,0.623,0.0,observed_and_verified_proxy
2012-12-01,2012,12,4,Kannur,North,11.87,75.37,Tuna,2155.79,3837.3,561.8,27.51,34.46,0.98,0.06,9.0,1.88,26.49,1.0,0.674,0.0,observed_and_verified_proxy
2012-01-01,2012,1,1,Thiruvananthapuram,South,8.52,76.94,Oil Sardine,2724.49,2578.5,1056.6,28.14,34.48,0.95,0.05,5.1,3.31,26.16,1.0,0.576,0.0,observed_and_verified_proxy
2012-01-01,2012,1,1,Thiruvananthapuram,South,8.52,76.94,Indian Mackerel,2170.7,2578.5,841.83,28.14,34.48,0.95,0.05,5.1,3.31,26.16,1.0,0.554,0.0,observed_and_verified_proxy
2012-01-01,2012,1,1,Thiruvananthapuram,South,8.52,76.94,Seer Fish,645.23,2578.5,250.23,28.14,34.48,0.95,0.05,5.1,3.31,26.16,1.0,0.384,0.0,observed_and_verified_proxy
2012-01-01,2012,1,1,Thiruvananthapuram,South,8.52,76.94,Tuna,1350.55,2578.5,523.76,28.14,34.48,0.95,0.05,5.1,3.31,26.16,1.0,0.498,0.0,observed_and_verified_proxy
2012-02-01,2012,2,1,Thiruvananthapuram,South,8.52,76.94,Oil Sardine,2871.14,2695.7,1065.09,28.86,34.46,1.09,0.1,8.7,3.5,27.77,1.0,0.607,0.0,observed_and_verified_proxy
2012-02-01,2012,2,1,Thiruvananthapuram,South,8.52,76.94,Indian Mackerel,2020.93,2695.7,749.69,28.86,34.46,1.09,0.1,8.7,3.5,27.77,1.0,0.572,0.0,observed_and_verified_proxy
2012-02-01,2012,2,1,Thiruvananthapuram,South,8.52,76.94,Seer Fish,691.73,2695.7,256.61,28.86,34.46,1.09,0.1,8.7,3.5,27.77,1.0,0.414,0.0,observed_and_verified_proxy
2012-02-01,2012,2,1,Thiruvananthapuram,South,8.52,76.94,Tuna,1422.56,2695.7,527.72,28.86,34.46,1.09,0.1,8.7,3.5,27.77,1.0,0.528,0.0,observed_and_verified_proxy
2012-03-01,2012,3,1,Thiruvananthapuram,South,8.52,76.94,Oil Sardine,3130.57,2592.4,1207.62,29.49,34.37,1.4,0.2,31.2,3.16,28.86,1.0,0.591,0.0,observed_and_verified_proxy
2012-03-01,2012,3,1,Thiruvananthapuram,South,8.52,76.94,Indian Mackerel,1958.03,2592.4,755.31,29.49,34.37,1.4,0.2,31.2,3.16,28.86,1.0,0.546,0.0,observed_and_verified_proxy
2012-03-01,2012,3,1,Thiruvananthapuram,South,8.52,76.94,Seer Fish,640.27,2592.4,246.98,29.49,34.37,1.4,0.2,31.2,3.16,28.86,1.0,0.385,0.0,observed_and_verified_proxy
2012-03-01,2012,3,1,Thiruvananthapuram,South,8.52,76.94,Tuna,1453.41,2592.4,560.65,29.49,34.37,1.4,0.2,31.2,3.16,28.86,1.0,0.51,0.0,observed_and_verified_proxy
2012-04-01,2012,4,2,Thiruvananthapuram,South,8.52,76.94,Oil Sardine,1990.69,1804.4,1103.26,29.85,33.89,1.96,0.35,147.3,3.5,28.5,1.05,0.382,0.0,observed_and_verified_proxy
2012-04-01,2012,4,2,Thiruvananthapuram,South,8.52,76.94,Indian Mackerel,1207.92,1804.4,669.44,29.85,33.89,1.96,0.35,147.3,3.5,28.5,1.05,0.338,0.0,observed_and_verified_proxy
2012-04-01,2012,4,2,Thiruvananthapuram,South,8.52,76.94,Seer Fish,416.4,1804.4,230.77,29.85,33.89,1.96,0.35,147.3,3.5,28.5,1.05,0.217,0.0,observed_and_verified_proxy
2012-04-01,2012,4,2,Thiruvananthapuram,South,8.52,76.94,Tuna,512.58,1804.4,284.08,29.85,33.89,1.96,0.35,147.3,3.5,28.5,1.05,0.242,0.0,observed_and_verified_proxy
2012-05-01,2012,5,2,Thiruvananthapuram,South,8.52,76.94,Oil Sardine,2612.92,1788.3,1461.08,29.77,34.19,2.71,0.65,75.3,5.2,27.83,1.36,0.397,0.0,observed_and_verified_proxy
2012-05-01,2012,5,2,Thiruvananthapuram,South,8.52,76.94,Indian Mackerel,1097.69,1788.3,613.8,29.77,34.19,2.71,0.65,75.3,5.2,27.83,1.36,0.325,0.0,observed_and_verified_proxy
2012-05-01,2012,5,2,Thiruvananthapuram,South,8.52,76.94,Seer Fish,393.59,1788.3,220.08,29.77,34.19,2.71,0.65,75.3,5.2,27.83,1.36,0.208,0.0,observed_and_verified_proxy
2012-05-01,2012,5,2,Thiruvananthapuram,South,8.52,76.94,Tuna,532.53,1788.3,297.78,29.77,34.19,2.71,0.65,75.3,5.2,27.83,1.36,0.244,0.0,observed_and_verified_proxy
2012-06-01,2012,6,2,Thiruvananthapuram,South,8.52,76.94,Oil Sardine,2990.45,1675.4,1784.97,28.91,34.07,3.59,0.95,103.5,5.89,27.06,2.21,0.38,0.0,observed_and_verified_proxy
2012-06-01,2012,6,2,Thiruvananthapuram,South,8.52,76.94,Indian Mackerel,1063.66,1675.4,634.88,28.91,34.07,3.59,0.95,103.5,5.89,27.06,2.21,0.301,0.0,observed_and_verified_proxy
2012-06-01,2012,6,2,Thiruvananthapuram,South,8.52,76.94,Seer Fish,418.12,1675.4,249.57,28.91,34.07,3.59,0.95,103.5,5.89,27.06,2.21,0.202,0.0,observed_and_verified_proxy
2012-06-01,2012,6,2,Thiruvananthapuram,South,8.52,76.94,Tuna,508.84,1675.4,303.72,28.91,34.07,3.59,0.95,103.5,5.89,27.06,2.21,0.224,0.0,observed_and_verified_proxy
2012-07-01,2012,7,3,Thiruvananthapuram,South,8.52,76.94,Oil Sardine,4639.82,2022.3,2294.28,27.27,33.94,3.77,1.0,133.8,6.12,26.69,2.8,0.483,0.0,observed_and_verified_proxy
2012-07-01,2012,7,3,Thiruvananthapuram,South,8.52,76.94,Indian Mackerel,1588.01,2022.3,785.23,27.27,33.94,3.77,1.0,133.8,6.12,26.69,2.8,0.407,0.0,observed_and_verified_proxy
2012-07-01,2012,7,3,Thiruvananthapuram,South,8.52,76.94,Seer Fish,794.5,2022.3,392.86,27.27,33.94,3.77,1.0,133.8,6.12,26.69,2.8,0.328,0.0,observed_and_verified_proxy
2012-07-01,2012,7,3,Thiruvananthapuram,South,8.52,76.94,Tuna,732.99,2022.3,362.44,27.27,33.94,3.77,1.0,133.8,6.12,26.69,2.8,0.318,0.0,observed_and_verified_proxy
2012-08-01,2012,8,3,Thiruvananthapuram,South,8.52,76.94,Oil Sardine,4068.47,2261.7,1798.85,26.55,33.85,3.52,0.9,156.9,5.26,26.32,2.21,0.533,0.0,observed_and_verified_proxy
2012-08-01,2012,8,3,Thiruvananthapuram,South,8.52,76.94,Indian Mackerel,1717.31,2261.7,759.3,26.55,33.85,3.52,0.9,156.9,5.26,26.32,2.21,0.463,0.0,observed_and_verified_proxy
2012-08-01,2012,8,3,Thiruvananthapuram,South,8.52,76.94,Seer Fish,845.73,2261.7,373.94,26.55,33.85,3.52,0.9,156.9,5.26,26.32,2.21,0.376,0.0,observed_and_verified_proxy
2012-08-01,2012,8,3,Thiruvananthapuram,South,8.52,76.94,Tuna,761.71,2261.7,336.79,26.55,33.85,3.52,0.9,156.9,5.26,26.32,2.21,0.361,0.0,observed_and_verified_proxy
2012-09-01,2012,9,3,Thiruvananthapuram,South,8.52,76.94,Oil Sardine,3799.81,2114.6,1796.91,26.93,34.18,2.58,0.6,77.7,4.92,26.59,1.36,0.494,0.0,observed_and_verified_proxy
2012-09-01,2012,9,3,Thiruvananthapuram,South,8.52,76.94,Indian Mackerel,1664.66,2114.6,787.21,26.93,34.18,2.58,0.6,77.7,4.92,26.59,1.36,0.43,0.0,observed_and_verified_proxy
2012-09-01,2012,9,3,Thiruvananthapuram,South,8.52,76.94,Seer Fish,807.45,2114.6,381.84,26.93,34.18,2.58,0.6,77.7,4.92,26.59,1.36,0.345,0.0,observed_and_verified_proxy
2012-09-01,2012,9,3,Thiruvananthapuram,South,8.52,76.94,Tuna,783.46,2114.6,370.5,26.93,34.18,2.58,0.6,77.7,4.92,26.59,1.36,0.341,0.0,observed_and_verified_proxy
2012-10-01,2012,10,4,Thiruvananthapuram,South,8.52,76.94,Oil Sardine,4319.68,3594.8,1201.63,27.07,33.64,1.9,0.3,205.8,3.37,26.77,1.05,0.852,0.0,observed_and_verified_proxy
2012-10-01,2012,10,4,Thiruvananthapuram,South,8.52,76.94,Indian Mackerel,2597.91,3594.8,722.68,27.07,33.64,1.9,0.3,205.8,3.37,26.77,1.05,0.798,0.0,observed_and_verified_proxy
2012-10-01,2012,10,4,Thiruvananthapuram,South,8.52,76.94,Seer Fish,1162.02,3594.8,323.25,27.07,33.64,1.9,0.3,205.8,3.37,26.77,1.05,0.665,0.146,observed_and_verified_proxy
2012-10-01,2012,10,4,Thiruvananthapuram,South,8.52,76.94,Tuna,1805.52,3594.8,502.25,27.07,33.64,1.9,0.3,205.8,3.37,26.77,1.05,0.745,0.0,observed_and_verified_proxy
2012-11-01,2012,11,4,Thiruvananthapuram,South,8.52,76.94,Oil Sardine,3770.7,3487.4,1081.22,27.14,33.95,1.3,0.12,131.1,2.84,26.58,1.0,0.815,0.0,observed_and_verified_proxy
2012-11-01,2012,11,4,Thiruvananthapuram,South,8.52,76.94,Indian Mackerel,2556.69,3487.4,733.11,27.14,33.95,1.3,0.12,131.1,2.84,26.58,1.0,0.772,0.0,observed_and_verified_proxy
2012-11-01,2012,11,4,Thiruvananthapuram,South,8.52,76.94,Seer Fish,1130.09,3487.4,324.05,27.14,33.95,1.3,0.12,131.1,2.84,26.58,1.0,0.64,0.111,observed_and_verified_proxy
2012-11-01,2012,11,4,Thiruvananthapuram,South,8.52,76.94,Tuna,1921.11,3487.4,550.86,27.14,33.95,1.3,0.12,131.1,2.84,26.58,1.0,0.732,0.0,observed_and_verified_proxy
2012-12-01,2012,12,4,Thiruvananthapuram,South,8.52,76.94,Oil Sardine,3452.6,3583.1,963.58,27.51,34.27,1.04,0.06,54.0,4.25,26.63,1.0,0.828,0.0,observed_and_verified_proxy
2012-12-01,2012,12,4,Thiruvananthapuram,South,8.52,76.94,Indian Mackerel,2678.63,3583.1,747.58,27.51,34.27,1.04,0.06,54.0,4.25,26.63,1.0,0.799,0.0,observed_and_verified_proxy
2012-12-01,2012,12,4,Thiruvananthapuram,South,8.52,76.94,Seer Fish,1202.09,3583.1,335.49,27.51,34.27,1.04,0.06,54.0,4.25,26.63,1.0,0.669,0.125,observed_and_verified_proxy
2012-12-01,2012,12,4,Thiruvananthapuram,South,8.52,76.94,Tuna,1935.93,3583.1,540.3,27.51,34.27,1.04,0.06,54.0,4.25,26.63,1.0,0.753,0.0,observed_and_verified_proxy
2012-01-01,2012,1,1,Malappuram,North,11.07,76.07,Oil Sardine,2168.18,2108.7,1028.21,28.14,34.5,0.94,0.05,0.9,2.4,26.22,1.0,0.583,0.0,observed_and_verified_proxy
2012-01-01,2012,1,1,Malappuram,North,11.07,76.07,Indian Mackerel,1611.77,2108.7,764.35,28.14,34.5,0.94,0.05,0.9,2.4,26.22,1.0,0.547,0.0,observed_and_verified_proxy
2012-01-01,2012,1,1,Malappuram,North,11.07,76.07,Seer Fish,514.39,2108.7,243.94,28.14,34.5,0.94,0.05,0.9,2.4,26.22,1.0,0.364,0.0,observed_and_verified_proxy
2012-01-01,2012,1,1,Malappuram,North,11.07,76.07,Tuna,1053.63,2108.7,499.66,28.14,34.5,0.94,0.05,0.9,2.4,26.22,1.0,0.486,0.0,observed_and_verified_proxy
2012-02-01,2012,2,1,Malappuram,North,11.07,76.07,Oil Sardine,2245.56,2111.0,1063.74,28.86,34.48,1.09,0.1,6.0,2.36,27.6,1.0,0.587,0.0,observed_and_verified_proxy
2012-02-01,2012,2,1,Malappuram,North,11.07,76.07,Indian Mackerel,1647.58,2111.0,780.47,28.86,34.48,1.09,0.1,6.0,2.36,27.6,1.0,0.551,0.0,observed_and_verified_proxy
2012-02-01,2012,2,1,Malappuram,North,11.07,76.07,Seer Fish,529.0,2111.0,250.59,28.86,34.48,1.09,0.1,6.0,2.36,27.6,1.0,0.369,0.0,observed_and_verified_proxy
2012-02-01,2012,2,1,Malappuram,North,11.07,76.07,Tuna,1089.81,2111.0,516.25,28.86,34.48,1.09,0.1,6.0,2.36,27.6,1.0,0.492,0.0,observed_and_verified_proxy
2012-03-01,2012,3,1,Malappuram,North,11.07,76.07,Oil Sardine,2478.87,2081.1,1191.12,29.49,34.47,1.37,0.2,6.3,2.79,28.24,1.0,0.589,0.0,observed_and_verified_proxy
2012-03-01,2012,3,1,Malappuram,North,11.07,76.07,Indian Mackerel,1518.82,2081.1,729.81,29.49,34.47,1.37,0.2,6.3,2.79,28.24,1.0,0.533,0.0,observed_and_verified_proxy
2012-03-01,2012,3,1,Malappuram,North,11.07,76.07,Seer Fish,539.12,2081.1,259.05,29.49,34.47,1.37,0.2,6.3,2.79,28.24,1.0,0.367,0.0,observed_and_verified_proxy
2012-03-01,2012,3,1,Malappuram,North,11.07,76.07,Tuna,1099.06,2081.1,528.11,29.49,34.47,1.37,0.2,6.3,2.79,28.24,1.0,0.487,0.0,observed_and_verified_proxy
2012-04-01,2012,4,2,Malappuram,North,11.07,76.07,Oil Sardine,1644.29,1469.7,1118.78,29.85,33.89,1.96,0.35,147.3,2.7,28.11,1.05,0.383,0.0,observed_and_verified_proxy
2012-04-01,2012,4,2,Malappuram,North,11.07,76.07,Indian Mackerel,932.93,1469.7,634.77,29.85,33.89,1.96,0.35,147.3,2.7,28.11,1.05,0.325,0.0,observed_and_verified_proxy
2012-04-01,2012,4,2,Malappuram,North,11.07,76.07,Seer Fish,331.13,1469.7,225.3,29.85,33.89,1.96,0.35,147.3,2.7,28.11,1.05,0.199,0.0,observed_and_verified_proxy
2012-04-01,2012,4,2,Malappuram,North,11.07,76.07,Tuna,403.35,1469.7,274.44,29.85,33.89,1.96,0.35,147.3,2.7,28.11,1.05,0.223,0.0,observed_and_verified_proxy
2012-05-01,2012,5,2,Malappuram,North,11.07,76.07,Oil Sardine,1888.19,1363.1,1385.17,29.77,34.29,2.68,0.65,50.4,3.46,27.51,1.36,0.367,0.0,observed_and_verified_proxy
2012-05-01,2012,5,2,Malappuram,North,11.07,76.07,Indian Mackerel,874.37,1363.1,641.44,29.77,34.29,2.68,0.65,50.4,3.46,27.51,1.36,0.295,0.0,observed_and_verified_proxy
2012-05-01,2012,5,2,Malappuram,North,11.07,76.07,Seer Fish,316.61,1363.1,232.27,29.77,34.29,2.68,0.65,50.4,3.46,27.51,1.36,0.18,0.0,observed_and_verified_proxy
2012-05-01,2012,5,2,Malappuram,North,11.07,76.07,Tuna,381.09,1363.1,279.57,29.77,34.29,2.68,0.65,50.4,3.46,27.51,1.36,0.201,0.0,observed_and_verified_proxy
2012-06-01,2012,6,2,Malappuram,North,11.07,76.07,Oil Sardine,2326.09,1426.2,1630.96,28.91,32.12,4.17,0.95,570.6,3.59,26.13,2.21,0.399,0.0,observed_and_verified_proxy
2012-06-01,2012,6,2,Malappuram,North,11.07,76.07,Indian Mackerel,851.87,1426.2,597.29,28.91,32.12,4.17,0.95,570.6,3.59,26.13,2.21,0.306,0.0,observed_and_verified_proxy
2012-06-01,2012,6,2,Malappuram,North,11.07,76.07,Seer Fish,308.01,1426.2,215.96,28.91,32.12,4.17,0.95,570.6,3.59,26.13,2.21,0.185,0.0,observed_and_verified_proxy
2012-06-01,2012,6,2,Malappuram,North,11.07,76.07,Tuna,393.66,1426.2,276.02,28.91,32.12,4.17,0.95,570.6,3.59,26.13,2.21,0.214,0.0,observed_and_verified_proxy
2012-07-01,2012,7,3,Malappuram,North,11.07,76.07,Oil Sardine,3491.59,1798.7,1941.21,27.27,32.99,4.05,1.0,362.4,3.71,25.56,2.8,0.535,0.0,observed_and_verified_proxy
2012-07-01,2012,7,3,Malappuram,North,11.07,76.07,Indian Mackerel,1292.33,1798.7,718.49,27.27,32.99,4.05,1.0,362.4,3.71,25.56,2.8,0.441,0.0,observed_and_verified_proxy
2012-07-01,2012,7,3,Malappuram,North,11.07,76.07,Seer Fish,637.73,1798.7,354.56,27.27,32.99,4.05,1.0,362.4,3.71,25.56,2.8,0.343,0.0,observed_and_verified_proxy
2012-07-01,2012,7,3,Malappuram,North,11.07,76.07,Tuna,571.69,1798.7,317.84,27.27,32.99,4.05,1.0,362.4,3.71,25.56,2.8,0.326,0.0,observed_and_verified_proxy
2012-08-01,2012,8,3,Malappuram,North,11.07,76.07,Oil Sardine,3340.74,1559.1,2142.67,26.55,32.34,3.97,0.9,518.4,3.49,25.18,2.21,0.461,0.0,observed_and_verified_proxy
2012-08-01,2012,8,3,Malappuram,North,11.07,76.07,Indian Mackerel,1319.98,1559.1,846.6,26.55,32.34,3.97,0.9,518.4,3.49,25.18,2.21,0.385,0.0,observed_and_verified_proxy
2012-08-01,2012,8,3,Malappuram,North,11.07,76.07,Seer Fish,642.49,1559.1,412.08,26.55,32.34,3.97,0.9,518.4,3.49,25.18,2.21,0.298,0.0,observed_and_verified_proxy
2012-08-01,2012,8,3,Malappuram,North,11.07,76.07,Tuna,594.78,1559.1,381.47,26.55,32.34,3.97,0.9,518.4,3.49,25.18,2.21,0.288,0.0,observed_and_verified_proxy
2012-09-01,2012,9,3,Malappuram,North,11.07,76.07,Oil Sardine,2812.79,1700.6,1653.97,26.93,33.54,2.77,0.6,230.7,2.97,25.49,1.36,0.491,0.0,observed_and_verified_proxy
2012-09-01,2012,9,3,Malappuram,North,11.07,76.07,Indian Mackerel,1397.29,1700.6,821.63,26.93,33.54,2.77,0.6,230.7,2.97,25.49,1.36,0.426,0.0,observed_and_verified_proxy
2012-09-01,2012,9,3,Malappuram,North,11.07,76.07,Seer Fish,635.84,1700.6,373.89,26.93,33.54,2.77,0.6,230.7,2.97,25.49,1.36,0.324,0.0,observed_and_verified_proxy
2012-09-01,2012,9,3,Malappuram,North,11.07,76.07,Tuna,615.03,1700.6,361.65,26.93,33.54,2.77,0.6,230.7,2.97,25.49,1.36,0.319,0.0,observed_and_verified_proxy
2012-10-01,2012,10,4,Malappuram,North,11.07,76.07,Oil Sardine,3177.42,2511.2,1265.28,27.07,33.61,1.91,0.3,212.7,2.13,26.22,1.05,0.738,0.0,observed_and_verified_proxy
2012-10-01,2012,10,4,Malappuram,North,11.07,76.07,Indian Mackerel,2064.43,2511.2,822.07,27.07,33.61,1.91,0.3,212.7,2.13,26.22,1.05,0.688,0.0,observed_and_verified_proxy
2012-10-01,2012,10,4,Malappuram,North,11.07,76.07,Seer Fish,899.39,2511.2,358.14,27.07,33.61,1.91,0.3,212.7,2.13,26.22,1.05,0.549,0.0,observed_and_verified_proxy
2012-10-01,2012,10,4,Malappuram,North,11.07,76.07,Tuna,1451.69,2511.2,578.08,27.07,33.61,1.91,0.3,212.7,2.13,26.22,1.05,0.635,0.0,observed_and_verified_proxy
2012-11-01,2012,11,4,Malappuram,North,11.07,76.07,Oil Sardine,2811.04,2671.4,1052.27,27.14,33.98,1.29,0.12,124.5,1.9,26.01,1.0,0.771,0.0,observed_and_verified_proxy
2012-11-01,2012,11,4,Malappuram,North,11.07,76.07,Indian Mackerel,1982.6,2671.4,742.15,27.14,33.98,1.29,0.12,124.5,1.9,26.01,1.0,0.726,0.0,observed_and_verified_proxy
2012-11-01,2012,11,4,Malappuram,North,11.07,76.07,Seer Fish,923.73,2671.4,345.78,27.14,33.98,1.29,0.12,124.5,1.9,26.01,1.0,0.59,0.0,observed_and_verified_proxy
2012-11-01,2012,11,4,Malappuram,North,11.07,76.07,Tuna,1465.56,2671.4,548.61,27.14,33.98,1.29,0.12,124.5,1.9,26.01,1.0,0.678,0.0,observed_and_verified_proxy
2012-12-01,2012,12,4,Malappuram,North,11.07,76.07,Oil Sardine,2782.5,2545.9,1092.94,27.51,34.46,0.98,0.06,9.0,1.88,26.49,1.0,0.734,0.0,observed_and_verified_proxy
2012-12-01,2012,12,4,Malappuram,North,11.07,76.07,Indian Mackerel,2130.06,2545.9,836.67,27.51,34.46,0.98,0.06,9.0,1.88,26.49,1.0,0.701,0.0,observed_and_verified_proxy
2012-12-01,2012,12,4,Malappuram,North,11.07,76.07,Seer Fish,912.44,2545.9,358.4,27.51,34.46,0.98,0.06,9.0,1.88,26.49,1.0,0.559,0.0,observed_and_verified_proxy
2012-12-01,2012,12,4,Malappuram,North,11.07,76.07,Tuna,1389.17,2545.9,545.65,27.51,34.46,0.98,0.06,9.0,1.88,26.49,1.0,0.637,0.0,observed_and_verified_proxy
2012-01-01,2012,1,1,Thrissur,Central,10.52,76.21,Oil Sardine,1530.87,1478.3,1035.59,28.14,34.49,0.94,0.05,1.5,2.08,26.93,1.0,0.531,0.0,observed_and_verified_proxy
2012-01-01,2012,1,1,Thrissur,Central,10.52,76.21,Indian Mackerel,1108.83,1478.3,750.09,28.14,34.49,0.94,0.05,1.5,2.08,26.93,1.0,0.485,0.0,observed_and_verified_proxy
2012-01-01,2012,1,1,Thrissur,Central,10.52,76.21,Seer Fish,354.78,1478.3,240.0,28.14,34.49,0.94,0.05,1.5,2.08,26.93,1.0,0.292,0.0,observed_and_verified_proxy
2012-01-01,2012,1,1,Thrissur,Central,10.52,76.21,Tuna,819.82,1478.3,554.59,28.14,34.49,0.94,0.05,1.5,2.08,26.93,1.0,0.437,0.0,observed_and_verified_proxy
2012-02-01,2012,2,1,Thrissur,Central,10.52,76.21,Oil Sardine,1602.2,1516.2,1056.69,28.86,34.41,1.11,0.1,21.6,2.15,28.59,1.0,0.55,0.0,observed_and_verified_proxy
2012-02-01,2012,2,1,Thrissur,Central,10.52,76.21,Indian Mackerel,1185.83,1516.2,782.08,28.86,34.41,1.11,0.1,21.6,2.15,28.59,1.0,0.508,0.0,observed_and_verified_proxy
2012-02-01,2012,2,1,Thrissur,Central,10.52,76.21,Seer Fish,358.43,1516.2,236.39,28.86,34.41,1.11,0.1,21.6,2.15,28.59,1.0,0.301,0.0,observed_and_verified_proxy
2012-02-01,2012,2,1,Thrissur,Central,10.52,76.21,Tuna,779.43,1516.2,514.05,28.86,34.41,1.11,0.1,21.6,2.15,28.59,1.0,0.44,0.0,observed_and_verified_proxy
2012-03-01,2012,3,1,Thrissur,Central,10.52,76.21,Oil Sardine,1628.99,1617.9,1006.84,29.49,34.34,1.41,0.2,37.8,3.08,29.05,1.0,0.589,0.0,observed_and_verified_proxy
2012-03-01,2012,3,1,Thrissur,Central,10.52,76.21,Indian Mackerel,1176.1,1617.9,726.92,29.49,34.34,1.41,0.2,37.8,3.08,29.05,1.0,0.541,0.0,observed_and_verified_proxy
2012-03-01,2012,3,1,Thrissur,Central,10.52,76.21,Seer Fish,388.33,1617.9,240.02,29.49,34.34,1.41,0.2,37.8,3.08,29.05,1.0,0.337,0.0,observed_and_verified_proxy
2012-03-01,2012,3,1,Thrissur,Central,10.52,76.21,Tuna,777.8,1617.9,480.74,29.49,34.34,1.41,0.2,37.8,3.08,29.05,1.0,0.469,0.0,observed_and_verified_proxy
2012-04-01,2012,4,2,Thrissur,Central,10.52,76.21,Oil Sardine,1103.24,950.7,1160.49,29.85,33.4,2.11,0.35,264.3,2.98,28.43,1.05,0.312,0.0,observed_and_verified_proxy
2012-04-01,2012,4,2,Thrissur,Central,10.52,76.21,Indian Mackerel,683.07,950.7,718.52,29.85,33.4,2.11,0.35,264.3,2.98,28.43,1.05,0.261,0.0,observed_and_verified_proxy
2012-04-01,2012,4,2,Thrissur,Central,10.52,76.21,Seer Fish,217.12,950.7,228.39,29.85,33.4,2.11,0.35,264.3,2.98,28.43,1.05,0.137,0.0,observed_and_verified_proxy
2012-04-01,2012,4,2,Thrissur,Central,10.52,76.21,Tuna,275.58,950.7,289.88,29.85,33.4,2.11,0.35,264.3,2.98,28.43,1.05,0.161,0.0,observed_and_verified_proxy
2012-05-01,2012,5,2,Thrissur,Central,10.52,76.21,Oil Sardine,1404.36,1048.6,1339.3,29.77,33.97,2.78,0.65,127.8,3.77,27.56,1.36,0.368,0.0,observed_and_verified_proxy
2012-05-01,2012,5,2,Thrissur,Central,10.52,76.21,Indian Mackerel,667.19,1048.6,636.28,29.77,33.97,2.78,0.65,127.8,3.77,27.56,1.36,0.285,0.0,observed_and_verified_proxy
2012-05-01,2012,5,2,Thrissur,Central,10.52,76.21,Seer Fish,232.97,1048.6,222.18,29.77,33.97,2.78,0.65,127.8,3.77,27.56,1.36,0.159,0.0,observed_and_verified_proxy
2012-05-01,2012,5,2,Thrissur,Central,10.52,76.21,Tuna,290.36,1048.6,276.91,29.77,33.97,2.78,0.65,127.8,3.77,27.56,1.36,0.183,0.0,observed_and_verified_proxy
2012-06-01,2012,6,2,Thrissur,Central,10.52,76.21,Oil Sardine,1533.89,962.4,1593.9,28.91,33.22,3.84,0.95,307.8,4.05,26.61,2.21,0.346,0.0,observed_and_verified_proxy
2012-06-01,2012,6,2,Thrissur,Central,10.52,76.21,Indian Mackerel,605.82,962.4,629.52,28.91,33.22,3.84,0.95,307.8,4.05,26.61,2.21,0.251,0.0,observed_and_verified_proxy
2012-06-01,2012,6,2,Thrissur,Central,10.52,76.21,Seer Fish,218.21,962.4,226.74,28.91,33.22,3.84,0.95,307.8,4.05,26.61,2.21,0.139,0.0,observed_and_verified_proxy
2012-06-01,2012,6,2,Thrissur,Central,10.52,76.21,Tuna,279.99,962.4,290.94,28.91,33.22,3.84,0.95,307.8,4.05,26.61,2.21,0.165,0.0,observed_and_verified_proxy
2012-07-01,2012,7,3,Thrissur,Central,10.52,76.21,Oil Sardine,2414.95,1284.3,1880.35,27.27,33.6,3.87,1.0,216.6,4.29,26.26,2.8,0.507,0.0,observed_and_verified_proxy
2012-07-01,2012,7,3,Thrissur,Central,10.52,76.21,Indian Mackerel,886.48,1284.3,690.24,27.27,33.6,3.87,1.0,216.6,4.29,26.26,2.8,0.391,0.0,observed_and_verified_proxy
2012-07-01,2012,7,3,Thrissur,Central,10.52,76.21,Seer Fish,445.6,1284.3,346.95,27.27,33.6,3.87,1.0,216.6,4.29,26.26,2.8,0.288,0.0,observed_and_verified_proxy
2012-07-01,2012,7,3,Thrissur,Central,10.52,76.21,Tuna,410.53,1284.3,319.65,27.27,33.6,3.87,1.0,216.6,4.29,26.26,2.8,0.276,0.0,observed_and_verified_proxy
2012-08-01,2012,8,3,Thrissur,Central,10.52,76.21,Oil Sardine,2289.73,1270.2,1802.62,26.55,33.13,3.73,0.9,328.5,3.96,25.96,2.21,0.496,0.0,observed_and_verified_proxy
2012-08-01,2012,8,3,Thrissur,Central,10.52,76.21,Indian Mackerel,930.86,1270.2,732.83,26.55,33.13,3.73,0.9,328.5,3.96,25.96,2.21,0.394,0.0,observed_and_verified_proxy
2012-08-01,2012,8,3,Thrissur,Central,10.52,76.21,Seer Fish,463.89,1270.2,365.2,26.55,33.13,3.73,0.9,328.5,3.96,25.96,2.21,0.291,0.0,observed_and_verified_proxy
2012-08-01,2012,8,3,Thrissur,Central,10.52,76.21,Tuna,416.29,1270.2,327.73,26.55,33.13,3.73,0.9,328.5,3.96,25.96,2.21,0.275,0.0,observed_and_verified_proxy
2012-09-01,2012,9,3,Thrissur,Central,10.52,76.21,Oil Sardine,1922.31,1117.6,1720.05,26.93,33.77,2.7,0.6,176.1,3.5,26.33,1.36,0.422,0.0,observed_and_verified_proxy
2012-09-01,2012,9,3,Thrissur,Central,10.52,76.21,Indian Mackerel,979.68,1117.6,876.61,26.93,33.77,2.7,0.6,176.1,3.5,26.33,1.36,0.352,0.0,observed_and_verified_proxy
2012-09-01,2012,9,3,Thrissur,Central,10.52,76.21,Seer Fish,463.13,1117.6,414.4,26.93,33.77,2.7,0.6,176.1,3.5,26.33,1.36,0.256,0.0,observed_and_verified_proxy
2012-09-01,2012,9,3,Thrissur,Central,10.52,76.21,Tuna,432.0,1117.6,386.55,26.93,33.77,2.7,0.6,176.1,3.5,26.33,1.36,0.247,0.0,observed_and_verified_proxy
2012-10-01,2012,10,4,Thrissur,Central,10.52,76.21,Oil Sardine,2464.3,1785.3,1380.3,27.07,33.65,1.9,0.3,204.9,2.5,26.88,1.05,0.707,0.0,observed_and_verified_proxy
2012-10-01,2012,10,4,Thrissur,Central,10.52,76.21,Indian Mackerel,1497.44,1785.3,838.75,27.07,33.65,1.9,0.3,204.9,2.5,26.88,1.05,0.637,0.0,observed_and_verified_proxy
2012-10-01,2012,10,4,Thrissur,Central,10.52,76.21,Seer Fish,662.21,1785.3,370.92,27.07,33.65,1.9,0.3,204.9,2.5,26.88,1.05,0.484,0.0,observed_and_verified_proxy
2012-10-01,2012,10,4,Thrissur,Central,10.52,76.21,Tuna,1039.92,1785.3,582.48,27.07,33.65,1.9,0.3,204.9,2.5,26.88,1.05,0.574,0.0,observed_and_verified_proxy
2012-11-01,2012,11,4,Thrissur,Central,10.52,76.21,Oil Sardine,2064.54,2039.5,1012.26,27.14,33.95,1.3,0.12,132.9,2.11,26.86,1.0,0.782,0.0,observed_and_verified_proxy
2012-11-01,2012,11,4,Thrissur,Central,10.52,76.21,Indian Mackerel,1536.19,2039.5,753.21,27.14,33.95,1.3,0.12,132.9,2.11,26.86,1.0,0.733,0.0,observed_and_verified_proxy
2012-11-01,2012,11,4,Thrissur,Central,10.52,76.21,Seer Fish,684.64,2039.5,335.68,27.14,33.95,1.3,0.12,132.9,2.11,26.86,1.0,0.561,0.0,observed_and_verified_proxy
2012-11-01,2012,11,4,Thrissur,Central,10.52,76.21,Tuna,1064.64,2039.5,522.0,27.14,33.95,1.3,0.12,132.9,2.11,26.86,1.0,0.661,0.0,observed_and_verified_proxy
2012-12-01,2012,12,4,Thrissur,Central,10.52,76.21,Oil Sardine,1920.16,1991.3,964.26,27.51,34.45,0.98,0.06,12.0,2.12,27.67,1.0,0.752,0.0,observed_and_verified_proxy
2012-12-01,2012,12,4,Thrissur,Central,10.52,76.21,Indian Mackerel,1515.57,1991.3,761.09,27.51,34.45,0.98,0.06,12.0,2.12,27.67,1.0,0.713,0.0,observed_and_verified_proxy
2012-12-01,2012,12,4,Thrissur,Central,10.52,76.21,Seer Fish,653.04,1991.3,327.94,27.51,34.45,0.98,0.06,12.0,2.12,27.67,1.0,0.537,0.0,observed_and_verified_proxy
2012-12-01,2012,12,4,Thrissur,Central,10.52,76.21,Tuna,1018.97,1991.3,511.7,27.51,34.45,0.98,0.06,12.0,2.12,27.67,1.0,0.636,0.0,observed_and_verified_proxy
2012-01-01,2012,1,1,Kasaragod,North,12.5,74.99,Oil Sardine,891.9,984.4,906.03,28.14,34.5,0.94,0.05,0.9,2.4,26.22,1.0,0.501,0.0,observed_and_verified_proxy
2012-01-01,2012,1,1,Kasaragod,North,12.5,74.99,Indian Mackerel,675.79,984.4,686.5,28.14,34.5,0.94,0.05,0.9,2.4,26.22,1.0,0.449,0.0,observed_and_verified_proxy
2012-01-01,2012,1,1,Kasaragod,North,12.5,74.99,Seer Fish,223.11,984.4,226.64,28.14,34.5,0.94,0.05,0.9,2.4,26.22,1.0,0.241,0.0,observed_and_verified_proxy
2012-01-01,2012,1,1,Kasaragod,North,12.5,74.99,Tuna,463.67,984.4,471.02,28.14,34.5,0.94,0.05,0.9,2.4,26.22,1.0,0.376,0.0,observed_and_verified_proxy
2012-02-01,2012,2,1,Kasaragod,North,12.5,74.99,Oil Sardine,944.64,878.8,1074.95,28.86,34.48,1.09,0.1,6.0,2.36,27.6,1.0,0.456,0.0,observed_and_verified_proxy
2012-02-01,2012,2,1,Kasaragod,North,12.5,74.99,Indian Mackerel,700.39,878.8,797.0,28.86,34.48,1.09,0.1,6.0,2.36,27.6,1.0,0.407,0.0,observed_and_verified_proxy
2012-02-01,2012,2,1,Kasaragod,North,12.5,74.99,Seer Fish,212.1,878.8,241.36,28.86,34.48,1.09,0.1,6.0,2.36,27.6,1.0,0.208,0.0,observed_and_verified_proxy
2012-02-01,2012,2,1,Kasaragod,North,12.5,74.99,Tuna,454.44,878.8,517.13,28.86,34.48,1.09,0.1,6.0,2.36,27.6,1.0,0.332,0.0,observed_and_verified_proxy
2012-03-01,2012,3,1,Kasaragod,North,12.5,74.99,Oil Sardine,1044.63,945.1,1105.28,29.49,34.47,1.37,0.2,6.3,2.79,28.24,1.0,0.507,0.0,observed_and_verified_proxy
2012-03-01,2012,3,1,Kasaragod,North,12.5,74.99,Indian Mackerel,650.49,945.1,688.25,29.49,34.47,1.37,0.2,6.3,2.79,28.24,1.0,0.424,0.0,observed_and_verified_proxy
2012-03-01,2012,3,1,Kasaragod,North,12.5,74.99,Seer Fish,217.92,945.1,230.57,29.49,34.47,1.37,0.2,6.3,2.79,28.24,1.0,0.228,0.0,observed_and_verified_proxy
2012-03-01,2012,3,1,Kasaragod,North,12.5,74.99,Tuna,478.5,945.1,506.28,29.49,34.47,1.37,0.2,6.3,2.79,28.24,1.0,0.367,0.0,observed_and_verified_proxy
2012-04-01,2012,4,2,Kasaragod,North,12.5,74.99,Oil Sardine,704.44,580.5,1213.49,29.85,33.89,1.96,0.35,147.3,2.7,28.11,1.05,0.269,0.0,observed_and_verified_proxy
2012-04-01,2012,4,2,Kasaragod,North,12.5,74.99,Indian Mackerel,403.1,580.5,694.39,29.85,33.89,1.96,0.35,147.3,2.7,28.11,1.05,0.206,0.0,observed_and_verified_proxy
2012-04-01,2012,4,2,Kasaragod,North,12.5,74.99,Seer Fish,138.6,580.5,238.76,29.85,33.89,1.96,0.35,147.3,2.7,28.11,1.05,0.1,0.0,observed_and_verified_proxy
2012-04-01,2012,4,2,Kasaragod,North,12.5,74.99,Tuna,165.37,580.5,284.86,29.85,33.89,1.96,0.35,147.3,2.7,28.11,1.05,0.115,0.0,observed_and_verified_proxy
2012-05-01,2012,5,2,Kasaragod,North,12.5,74.99,Oil Sardine,820.83,607.0,1352.32,29.77,34.29,2.68,0.65,50.4,3.46,27.51,1.36,0.299,0.0,observed_and_verified_proxy
2012-05-01,2012,5,2,Kasaragod,North,12.5,74.99,Indian Mackerel,366.6,607.0,603.98,29.77,34.29,2.68,0.65,50.4,3.46,27.51,1.36,0.204,0.0,observed_and_verified_proxy
2012-05-01,2012,5,2,Kasaragod,North,12.5,74.99,Seer Fish,143.72,607.0,236.78,29.77,34.29,2.68,0.65,50.4,3.46,27.51,1.36,0.108,0.0,observed_and_verified_proxy
2012-05-01,2012,5,2,Kasaragod,North,12.5,74.99,Tuna,169.04,607.0,278.49,29.77,34.29,2.68,0.65,50.4,3.46,27.51,1.36,0.122,0.0,observed_and_verified_proxy
2012-06-01,2012,6,2,Kasaragod,North,12.5,74.99,Oil Sardine,964.82,635.0,1519.46,28.91,32.12,4.17,0.95,570.6,3.59,26.13,2.21,0.332,0.0,observed_and_verified_proxy
2012-06-01,2012,6,2,Kasaragod,North,12.5,74.99,Indian Mackerel,376.27,635.0,592.57,28.91,32.12,4.17,0.95,570.6,3.59,26.13,2.21,0.216,0.0,observed_and_verified_proxy
2012-06-01,2012,6,2,Kasaragod,North,12.5,74.99,Seer Fish,134.85,635.0,212.37,28.91,32.12,4.17,0.95,570.6,3.59,26.13,2.21,0.107,0.0,observed_and_verified_proxy
2012-06-01,2012,6,2,Kasaragod,North,12.5,74.99,Tuna,171.39,635.0,269.91,28.91,32.12,4.17,0.95,570.6,3.59,26.13,2.21,0.129,0.0,observed_and_verified_proxy
2012-07-01,2012,7,3,Kasaragod,North,12.5,74.99,Oil Sardine,1515.08,745.5,2032.3,27.27,32.99,4.05,1.0,362.4,3.71,25.56,2.8,0.445,0.0,observed_and_verified_proxy
2012-07-01,2012,7,3,Kasaragod,North,12.5,74.99,Indian Mackerel,558.27,745.5,748.86,27.27,32.99,4.05,1.0,362.4,3.71,25.56,2.8,0.312,0.0,observed_and_verified_proxy
2012-07-01,2012,7,3,Kasaragod,North,12.5,74.99,Seer Fish,285.25,745.5,382.63,27.27,32.99,4.05,1.0,362.4,3.71,25.56,2.8,0.215,0.0,observed_and_verified_proxy
2012-07-01,2012,7,3,Kasaragod,North,12.5,74.99,Tuna,264.1,745.5,354.26,27.27,32.99,4.05,1.0,362.4,3.71,25.56,2.8,0.205,0.0,observed_and_verified_proxy
2012-08-01,2012,8,3,Kasaragod,North,12.5,74.99,Oil Sardine,1479.59,757.1,1954.17,26.55,32.34,3.97,0.9,518.4,3.49,25.18,2.21,0.449,0.0,observed_and_verified_proxy
2012-08-01,2012,8,3,Kasaragod,North,12.5,74.99,Indian Mackerel,555.44,757.1,733.6,26.55,32.34,3.97,0.9,518.4,3.49,25.18,2.21,0.316,0.0,observed_and_verified_proxy
2012-08-01,2012,8,3,Kasaragod,North,12.5,74.99,Seer Fish,264.82,757.1,349.77,26.55,32.34,3.97,0.9,518.4,3.49,25.18,2.21,0.208,0.0,observed_and_verified_proxy
2012-08-01,2012,8,3,Kasaragod,North,12.5,74.99,Tuna,263.59,757.1,348.14,26.55,32.34,3.97,0.9,518.4,3.49,25.18,2.21,0.207,0.0,observed_and_verified_proxy
2012-09-01,2012,9,3,Kasaragod,North,12.5,74.99,Oil Sardine,1192.59,693.2,1720.48,26.93,33.54,2.77,0.6,230.7,2.97,25.49,1.36,0.388,0.0,observed_and_verified_proxy
2012-09-01,2012,9,3,Kasaragod,North,12.5,74.99,Indian Mackerel,607.17,693.2,875.93,26.93,33.54,2.77,0.6,230.7,2.97,25.49,1.36,0.302,0.0,observed_and_verified_proxy
2012-09-01,2012,9,3,Kasaragod,North,12.5,74.99,Seer Fish,282.37,693.2,407.36,26.93,33.54,2.77,0.6,230.7,2.97,25.49,1.36,0.199,0.0,observed_and_verified_proxy
2012-09-01,2012,9,3,Kasaragod,North,12.5,74.99,Tuna,262.92,693.2,379.3,26.93,33.54,2.77,0.6,230.7,2.97,25.49,1.36,0.19,0.0,observed_and_verified_proxy
2012-10-01,2012,10,4,Kasaragod,North,12.5,74.99,Oil Sardine,1409.21,1211.9,1162.77,27.07,33.61,1.91,0.3,212.7,2.13,26.22,1.05,0.71,0.0,observed_and_verified_proxy
2012-10-01,2012,10,4,Kasaragod,North,12.5,74.99,Indian Mackerel,907.44,1211.9,748.75,27.07,33.61,1.91,0.3,212.7,2.13,26.22,1.05,0.62,0.0,observed_and_verified_proxy
2012-10-01,2012,10,4,Kasaragod,North,12.5,74.99,Seer Fish,381.51,1211.9,314.79,27.07,33.61,1.91,0.3,212.7,2.13,26.22,1.05,0.416,0.0,observed_and_verified_proxy
2012-10-01,2012,10,4,Kasaragod,North,12.5,74.99,Tuna,594.61,1211.9,490.62,27.07,33.61,1.91,0.3,212.7,2.13,26.22,1.05,0.522,0.0,observed_and_verified_proxy
2012-11-01,2012,11,4,Kasaragod,North,12.5,74.99,Oil Sardine,1293.34,1160.9,1114.04,27.14,33.98,1.29,0.12,124.5,1.9,26.01,1.0,0.664,0.0,observed_and_verified_proxy
2012-11-01,2012,11,4,Kasaragod,North,12.5,74.99,Indian Mackerel,868.22,1160.9,747.86,27.14,33.98,1.29,0.12,124.5,1.9,26.01,1.0,0.585,0.0,observed_and_verified_proxy
2012-11-01,2012,11,4,Kasaragod,North,12.5,74.99,Seer Fish,384.16,1160.9,330.9,27.14,33.98,1.29,0.12,124.5,1.9,26.01,1.0,0.4,0.0,observed_and_verified_proxy
2012-11-01,2012,11,4,Kasaragod,North,12.5,74.99,Tuna,586.71,1160.9,505.38,27.14,33.98,1.29,0.12,124.5,1.9,26.01,1.0,0.497,0.0,observed_and_verified_proxy
2012-12-01,2012,12,4,Kasaragod,North,12.5,74.99,Oil Sardine,1217.38,1136.3,1071.32,27.51,34.46,0.98,0.06,9.0,1.88,26.49,1.0,0.639,0.0,observed_and_verified_proxy
2012-12-01,2012,12,4,Kasaragod,North,12.5,74.99,Indian Mackerel,867.35,1136.3,763.3,27.51,34.46,0.98,0.06,9.0,1.88,26.49,1.0,0.572,0.0,observed_and_verified_proxy
2012-12-01,2012,12,4,Kasaragod,North,12.5,74.99,Seer Fish,410.52,1136.3,361.27,27.51,34.46,0.98,0.06,9.0,1.88,26.49,1.0,0.407,0.0,observed_and_verified_proxy
2012-12-01,2012,12,4,Kasaragod,North,12.5,74.99,Tuna,603.95,1136.3,531.49,27.51,34.46,0.98,0.06,9.0,1.88,26.49,1.0,0.493,0.0,observed_and_verified_proxy
2013-01-01,2013,1,1,Kozhikode,North,11.25,75.78,Oil Sardine,3494.89,6183.7,565.18,28.14,34.5,0.94,0.05,0.9,2.52,27.09,1.0,0.678,0.0,observed_and_verified_proxy
2013-01-01,2013,1,1,Kozhikode,North,11.25,75.78,Indian Mackerel,3536.45,6183.7,571.9,28.14,34.5,0.94,0.05,0.9,2.52,27.09,1.0,0.679,0.0,observed_and_verified_proxy
2013-01-01,2013,1,1,Kozhikode,North,11.25,75.78,Seer Fish,1078.73,6183.7,174.45,28.14,34.5,0.94,0.05,0.9,2.52,27.09,1.0,0.529,0.301,observed_and_verified_proxy
2013-01-01,2013,1,1,Kozhikode,North,11.25,75.78,Tuna,2495.65,6183.7,403.59,28.14,34.5,0.94,0.05,0.9,2.52,27.09,1.0,0.646,0.0,observed_and_verified_proxy
2013-02-01,2013,2,1,Kozhikode,North,11.25,75.78,Oil Sardine,3564.3,6106.1,583.73,28.86,34.35,1.13,0.1,36.9,2.48,27.75,1.0,0.671,0.0,observed_and_verified_proxy
2013-02-01,2013,2,1,Kozhikode,North,11.25,75.78,Indian Mackerel,3615.55,6106.1,592.12,28.86,34.35,1.13,0.1,36.9,2.48,27.75,1.0,0.672,0.0,observed_and_verified_proxy
2013-02-01,2013,2,1,Kozhikode,North,11.25,75.78,Seer Fish,1153.7,6106.1,188.94,28.86,34.35,1.13,0.1,36.9,2.48,27.75,1.0,0.534,0.274,observed_and_verified_proxy
2013-02-01,2013,2,1,Kozhikode,North,11.25,75.78,Tuna,2488.09,6106.1,407.47,28.86,34.35,1.13,0.1,36.9,2.48,27.75,1.0,0.637,0.0,observed_and_verified_proxy
2013-03-01,2013,3,1,Kozhikode,North,11.25,75.78,Oil Sardine,3786.18,6248.9,605.9,29.49,34.35,1.4,0.2,36.0,2.43,28.8,1.0,0.692,0.0,observed_and_verified_proxy
2013-03-01,2013,3,1,Kozhikode,North,11.25,75.78,Indian Mackerel,3544.7,6248.9,567.25,29.49,34.35,1.4,0.2,36.0,2.43,28.8,1.0,0.686,0.0,observed_and_verified_proxy
2013-03-01,2013,3,1,Kozhikode,North,11.25,75.78,Seer Fish,1163.3,6248.9,186.16,29.49,34.35,1.4,0.2,36.0,2.43,28.8,1.0,0.548,0.298,observed_and_verified_proxy
2013-03-01,2013,3,1,Kozhikode,North,11.25,75.78,Tuna,2458.85,6248.9,393.49,29.49,34.35,1.4,0.2,36.0,2.43,28.8,1.0,0.651,0.0,observed_and_verified_proxy
2013-04-01,2013,4,2,Kozhikode,North,11.25,75.78,Oil Sardine,2678.64,3929.7,681.64,29.85,34.44,1.8,0.35,14.1,3.14,28.95,1.05,0.415,0.0,observed_and_verified_proxy
2013-04-01,2013,4,2,Kozhikode,North,11.25,75.78,Indian Mackerel,2069.26,3929.7,526.57,29.85,34.44,1.8,0.35,14.1,3.14,28.95,1.05,0.397,0.0,observed_and_verified_proxy
2013-04-01,2013,4,2,Kozhikode,North,11.25,75.78,Seer Fish,701.31,3929.7,178.46,29.85,34.44,1.8,0.35,14.1,3.14,28.95,1.05,0.287,0.0,observed_and_verified_proxy
2013-04-01,2013,4,2,Kozhikode,North,11.25,75.78,Tuna,879.9,3929.7,223.91,29.85,34.44,1.8,0.35,14.1,3.14,28.95,1.05,0.314,0.0,observed_and_verified_proxy
2013-05-01,2013,5,2,Kozhikode,North,11.25,75.78,Oil Sardine,3165.26,3670.2,862.42,29.77,33.78,2.84,0.65,173.4,3.54,28.12,1.36,0.397,0.0,observed_and_verified_proxy
2013-05-01,2013,5,2,Kozhikode,North,11.25,75.78,Indian Mackerel,1856.86,3670.2,505.93,29.77,33.78,2.84,0.65,173.4,3.54,28.12,1.36,0.362,0.0,observed_and_verified_proxy
2013-05-01,2013,5,2,Kozhikode,North,11.25,75.78,Seer Fish,698.03,3670.2,190.19,29.77,33.78,2.84,0.65,173.4,3.54,28.12,1.36,0.268,0.0,observed_and_verified_proxy
2013-05-01,2013,5,2,Kozhikode,North,11.25,75.78,Tuna,869.88,3670.2,237.01,29.77,33.78,2.84,0.65,173.4,3.54,28.12,1.36,0.292,0.0,observed_and_verified_proxy
2013-06-01,2013,6,2,Kozhikode,North,11.25,75.78,Oil Sardine,3743.01,3526.5,1061.39,28.91,30.31,4.72,0.95,1005.0,4.36,25.96,2.21,0.39,0.0,observed_and_verified_proxy
2013-06-01,2013,6,2,Kozhikode,North,11.25,75.78,Indian Mackerel,1868.08,3526.5,529.72,28.91,30.31,4.72,0.95,1005.0,4.36,25.96,2.21,0.349,0.0,observed_and_verified_proxy
2013-06-01,2013,6,2,Kozhikode,North,11.25,75.78,Seer Fish,662.68,3526.5,187.91,28.91,30.31,4.72,0.95,1005.0,4.36,25.96,2.21,0.252,0.0,observed_and_verified_proxy
2013-06-01,2013,6,2,Kozhikode,North,11.25,75.78,Tuna,871.08,3526.5,247.01,28.91,30.31,4.72,0.95,1005.0,4.36,25.96,2.21,0.281,0.0,observed_and_verified_proxy
2013-07-01,2013,7,3,Kozhikode,North,11.25,75.78,Oil Sardine,5768.87,4454.1,1295.19,27.27,30.2,4.89,1.0,1032.9,4.31,24.98,2.8,0.514,0.0,observed_and_verified_proxy
2013-07-01,2013,7,3,Kozhikode,North,11.25,75.78,Indian Mackerel,2602.69,4454.1,584.34,27.27,30.2,4.89,1.0,1032.9,4.31,24.98,2.8,0.468,0.0,observed_and_verified_proxy
2013-07-01,2013,7,3,Kozhikode,North,11.25,75.78,Seer Fish,1371.1,4454.1,307.83,27.27,30.2,4.89,1.0,1032.9,4.31,24.98,2.8,0.409,0.0,observed_and_verified_proxy
2013-07-01,2013,7,3,Kozhikode,North,11.25,75.78,Tuna,1226.35,4454.1,275.33,27.27,30.2,4.89,1.0,1032.9,4.31,24.98,2.8,0.396,0.0,observed_and_verified_proxy
2013-08-01,2013,8,3,Kozhikode,North,11.25,75.78,Oil Sardine,5413.3,4712.6,1148.69,26.55,32.78,3.84,0.9,413.7,3.73,25.01,2.21,0.541,0.0,observed_and_verified_proxy
2013-08-01,2013,8,3,Kozhikode,North,11.25,75.78,Indian Mackerel,2677.95,4712.6,568.26,26.55,32.78,3.84,0.9,413.7,3.73,25.01,2.21,0.498,0.0,observed_and_verified_proxy
2013-08-01,2013,8,3,Kozhikode,North,11.25,75.78,Seer Fish,1450.01,4712.6,307.69,26.55,32.78,3.84,0.9,413.7,3.73,25.01,2.21,0.439,0.0,observed_and_verified_proxy
2013-08-01,2013,8,3,Kozhikode,North,11.25,75.78,Tuna,1270.44,4712.6,269.58,26.55,32.78,3.84,0.9,413.7,3.73,25.01,2.21,0.424,0.0,observed_and_verified_proxy
2013-09-01,2013,9,3,Kozhikode,North,11.25,75.78,Oil Sardine,4376.72,4164.6,1050.92,26.93,33.46,2.79,0.6,249.6,3.24,25.21,1.36,0.468,0.0,observed_and_verified_proxy
2013-09-01,2013,9,3,Kozhikode,North,11.25,75.78,Indian Mackerel,3005.8,4164.6,721.75,26.93,33.46,2.79,0.6,249.6,3.24,25.21,1.36,0.447,0.0,observed_and_verified_proxy
2013-09-01,2013,9,3,Kozhikode,North,11.25,75.78,Seer Fish,1356.36,4164.6,325.68,26.93,33.46,2.79,0.6,249.6,3.24,25.21,1.36,0.381,0.0,observed_and_verified_proxy
2013-09-01,2013,9,3,Kozhikode,North,11.25,75.78,Tuna,1305.53,4164.6,313.48,26.93,33.46,2.79,0.6,249.6,3.24,25.21,1.36,0.377,0.0,observed_and_verified_proxy
2013-10-01,2013,10,4,Kozhikode,North,11.25,75.78,Oil Sardine,5345.53,7735.1,691.08,27.07,33.72,1.87,0.3,187.2,3.09,25.68,1.05,0.886,0.0,observed_and_verified_proxy
2013-10-01,2013,10,4,Kozhikode,North,11.25,75.78,Indian Mackerel,4434.53,7735.1,573.3,27.07,33.72,1.87,0.3,187.2,3.09,25.68,1.05,0.871,0.0,observed_and_verified_proxy
2013-10-01,2013,10,4,Kozhikode,North,11.25,75.78,Seer Fish,1911.86,7735.1,247.17,27.07,33.72,1.87,0.3,187.2,3.09,25.68,1.05,0.768,0.45,observed_and_verified_proxy
2013-10-01,2013,10,4,Kozhikode,North,11.25,75.78,Tuna,3098.92,7735.1,400.63,27.07,33.72,1.87,0.3,187.2,3.09,25.68,1.05,0.835,0.195,observed_and_verified_proxy
2013-11-01,2013,11,4,Kozhikode,North,11.25,75.78,Oil Sardine,4477.48,6787.5,659.67,27.14,34.09,1.26,0.12,98.4,1.69,26.29,1.0,0.765,0.0,observed_and_verified_proxy
2013-11-01,2013,11,4,Kozhikode,North,11.25,75.78,Indian Mackerel,4677.72,6787.5,689.17,27.14,34.09,1.26,0.12,98.4,1.69,26.29,1.0,0.768,0.0,observed_and_verified_proxy
2013-11-01,2013,11,4,Kozhikode,North,11.25,75.78,Seer Fish,1976.14,6787.5,291.15,27.14,34.09,1.26,0.12,98.4,1.69,26.29,1.0,0.679,0.235,observed_and_verified_proxy
2013-11-01,2013,11,4,Kozhikode,North,11.25,75.78,Tuna,3158.92,6787.5,465.4,27.14,34.09,1.26,0.12,98.4,1.69,26.29,1.0,0.734,0.0,observed_and_verified_proxy
2013-12-01,2013,12,4,Kozhikode,North,11.25,75.78,Oil Sardine,4557.53,7661.3,594.87,27.51,34.42,0.99,0.06,18.0,2.04,25.65,1.0,0.865,0.0,observed_and_verified_proxy
2013-12-01,2013,12,4,Kozhikode,North,11.25,75.78,Indian Mackerel,4517.69,7661.3,589.67,27.51,34.42,0.99,0.06,18.0,2.04,25.65,1.0,0.864,0.0,observed_and_verified_proxy
2013-12-01,2013,12,4,Kozhikode,North,11.25,75.78,Seer Fish,1992.89,7661.3,260.12,27.51,34.42,0.99,0.06,18.0,2.04,25.65,1.0,0.768,0.42,observed_and_verified_proxy
2013-12-01,2013,12,4,Kozhikode,North,11.25,75.78,Tuna,3066.41,7661.3,400.25,27.51,34.42,0.99,0.06,18.0,2.04,25.65,1.0,0.825,0.184,observed_and_verified_proxy
2013-01-01,2013,1,1,Ernakulam,Central,9.98,76.28,Oil Sardine,3088.93,5544.9,557.08,28.14,34.49,0.94,0.05,3.0,2.33,28.31,1.0,0.668,0.0,observed_and_verified_proxy
2013-01-01,2013,1,1,Ernakulam,Central,9.98,76.28,Indian Mackerel,3076.27,5544.9,554.79,28.14,34.49,0.94,0.05,3.0,2.33,28.31,1.0,0.668,0.0,observed_and_verified_proxy
2013-01-01,2013,1,1,Ernakulam,Central,9.98,76.28,Seer Fish,1038.72,5544.9,187.33,28.14,34.49,0.94,0.05,3.0,2.33,28.31,1.0,0.524,0.265,observed_and_verified_proxy
2013-01-01,2013,1,1,Ernakulam,Central,9.98,76.28,Tuna,2045.63,5544.9,368.92,28.14,34.49,0.94,0.05,3.0,2.33,28.31,1.0,0.624,0.0,observed_and_verified_proxy
2013-02-01,2013,2,1,Ernakulam,Central,9.98,76.28,Oil Sardine,3262.73,4836.5,674.61,28.86,34.17,1.18,0.1,78.6,2.51,28.5,1.0,0.587,0.0,observed_and_verified_proxy
2013-02-01,2013,2,1,Ernakulam,Central,9.98,76.28,Indian Mackerel,3110.05,4836.5,643.04,28.86,34.17,1.18,0.1,78.6,2.51,28.5,1.0,0.584,0.0,observed_and_verified_proxy
2013-02-01,2013,2,1,Ernakulam,Central,9.98,76.28,Seer Fish,1005.89,4836.5,207.98,28.86,34.17,1.18,0.1,78.6,2.51,28.5,1.0,0.452,0.126,observed_and_verified_proxy
2013-02-01,2013,2,1,Ernakulam,Central,9.98,76.28,Tuna,2118.31,4836.5,437.98,28.86,34.17,1.18,0.1,78.6,2.51,28.5,1.0,0.548,0.0,observed_and_verified_proxy
2013-03-01,2013,3,1,Ernakulam,Central,9.98,76.28,Oil Sardine,3435.95,5057.6,679.36,29.49,34.31,1.42,0.2,45.3,2.44,29.43,1.0,0.618,0.0,observed_and_verified_proxy
2013-03-01,2013,3,1,Ernakulam,Central,9.98,76.28,Indian Mackerel,2949.24,5057.6,583.13,29.49,34.31,1.42,0.2,45.3,2.44,29.43,1.0,0.606,0.0,observed_and_verified_proxy
2013-03-01,2013,3,1,Ernakulam,Central,9.98,76.28,Seer Fish,976.65,5057.6,193.1,29.49,34.31,1.42,0.2,45.3,2.44,29.43,1.0,0.469,0.18,observed_and_verified_proxy
2013-03-01,2013,3,1,Ernakulam,Central,9.98,76.28,Tuna,2192.07,5057.6,433.42,29.49,34.31,1.42,0.2,45.3,2.44,29.43,1.0,0.577,0.0,observed_and_verified_proxy
2013-04-01,2013,4,2,Ernakulam,Central,9.98,76.28,Oil Sardine,2257.17,3352.8,673.22,29.85,34.43,1.8,0.35,17.4,3.57,29.84,1.05,0.384,0.0,observed_and_verified_proxy
2013-04-01,2013,4,2,Ernakulam,Central,9.98,76.28,Indian Mackerel,1802.15,3352.8,537.51,29.85,34.43,1.8,0.35,17.4,3.57,29.84,1.05,0.368,0.0,observed_and_verified_proxy
2013-04-01,2013,4,2,Ernakulam,Central,9.98,76.28,Seer Fish,628.14,3352.8,187.35,29.85,34.43,1.8,0.35,17.4,3.57,29.84,1.05,0.261,0.0,observed_and_verified_proxy
2013-04-01,2013,4,2,Ernakulam,Central,9.98,76.28,Tuna,733.91,3352.8,218.9,29.85,34.43,1.8,0.35,17.4,3.57,29.84,1.05,0.279,0.0,observed_and_verified_proxy
2013-05-01,2013,5,2,Ernakulam,Central,9.98,76.28,Oil Sardine,2663.99,3532.3,754.19,29.77,33.65,2.87,0.65,203.7,4.19,28.43,1.36,0.417,0.0,observed_and_verified_proxy
2013-05-01,2013,5,2,Ernakulam,Central,9.98,76.28,Indian Mackerel,1689.81,3532.3,478.39,29.77,33.65,2.87,0.65,203.7,4.19,28.43,1.36,0.382,0.0,observed_and_verified_proxy
2013-05-01,2013,5,2,Ernakulam,Central,9.98,76.28,Seer Fish,610.17,3532.3,172.74,29.77,33.65,2.87,0.65,203.7,4.19,28.43,1.36,0.272,0.0,observed_and_verified_proxy
2013-05-01,2013,5,2,Ernakulam,Central,9.98,76.28,Tuna,773.03,3532.3,218.85,29.77,33.65,2.87,0.65,203.7,4.19,28.43,1.36,0.3,0.0,observed_and_verified_proxy
2013-06-01,2013,6,2,Ernakulam,Central,9.98,76.28,Oil Sardine,3120.51,3308.5,943.17,28.91,30.75,4.58,0.95,899.1,4.89,26.48,2.21,0.399,0.0,observed_and_verified_proxy
2013-06-01,2013,6,2,Ernakulam,Central,9.98,76.28,Indian Mackerel,1703.4,3308.5,514.85,28.91,30.75,4.58,0.95,899.1,4.89,26.48,2.21,0.358,0.0,observed_and_verified_proxy
2013-06-01,2013,6,2,Ernakulam,Central,9.98,76.28,Seer Fish,636.36,3308.5,192.34,28.91,30.75,4.58,0.95,899.1,4.89,26.48,2.21,0.259,0.0,observed_and_verified_proxy
2013-06-01,2013,6,2,Ernakulam,Central,9.98,76.28,Tuna,763.58,3308.5,230.79,28.91,30.75,4.58,0.95,899.1,4.89,26.48,2.21,0.28,0.0,observed_and_verified_proxy
2013-07-01,2013,7,3,Ernakulam,Central,9.98,76.28,Oil Sardine,5155.41,3964.9,1300.26,27.27,32.16,4.3,1.0,561.3,4.43,25.63,2.8,0.506,0.0,observed_and_verified_proxy
2013-07-01,2013,7,3,Ernakulam,Central,9.98,76.28,Indian Mackerel,2335.54,3964.9,589.05,27.27,32.16,4.3,1.0,561.3,4.43,25.63,2.8,0.457,0.0,observed_and_verified_proxy
2013-07-01,2013,7,3,Ernakulam,Central,9.98,76.28,Seer Fish,1247.52,3964.9,314.64,27.27,32.16,4.3,1.0,561.3,4.43,25.63,2.8,0.396,0.0,observed_and_verified_proxy
2013-07-01,2013,7,3,Ernakulam,Central,9.98,76.28,Tuna,1159.56,3964.9,292.46,27.27,32.16,4.3,1.0,561.3,4.43,25.63,2.8,0.388,0.0,observed_and_verified_proxy
2013-08-01,2013,8,3,Ernakulam,Central,9.98,76.28,Oil Sardine,4648.18,3996.0,1163.2,26.55,33.38,3.66,0.9,269.1,4.08,25.66,2.21,0.505,0.0,observed_and_verified_proxy
2013-08-01,2013,8,3,Ernakulam,Central,9.98,76.28,Indian Mackerel,2508.8,3996.0,627.83,26.55,33.38,3.66,0.9,269.1,4.08,25.66,2.21,0.467,0.0,observed_and_verified_proxy
2013-08-01,2013,8,3,Ernakulam,Central,9.98,76.28,Seer Fish,1227.01,3996.0,307.06,26.55,33.38,3.66,0.9,269.1,4.08,25.66,2.21,0.398,0.0,observed_and_verified_proxy
2013-08-01,2013,8,3,Ernakulam,Central,9.98,76.28,Tuna,1109.49,3996.0,277.65,26.55,33.38,3.66,0.9,269.1,4.08,25.66,2.21,0.386,0.0,observed_and_verified_proxy
2013-09-01,2013,9,3,Ernakulam,Central,9.98,76.28,Oil Sardine,4170.09,3756.0,1110.24,26.93,33.66,2.73,0.6,201.0,3.89,25.96,1.36,0.47,0.0,observed_and_verified_proxy
2013-09-01,2013,9,3,Ernakulam,Central,9.98,76.28,Indian Mackerel,2715.63,3756.0,723.01,26.93,33.66,2.73,0.6,201.0,3.89,25.96,1.36,0.444,0.0,observed_and_verified_proxy
2013-09-01,2013,9,3,Ernakulam,Central,9.98,76.28,Seer Fish,1217.79,3756.0,324.22,26.93,33.66,2.73,0.6,201.0,3.89,25.96,1.36,0.373,0.0,observed_and_verified_proxy
2013-09-01,2013,9,3,Ernakulam,Central,9.98,76.28,Tuna,1179.44,3756.0,314.01,26.93,33.66,2.73,0.6,201.0,3.89,25.96,1.36,0.369,0.0,observed_and_verified_proxy
2013-10-01,2013,10,4,Ernakulam,Central,9.98,76.28,Oil Sardine,4999.25,6927.3,721.67,27.07,33.64,1.9,0.3,206.1,3.23,26.22,1.05,0.882,0.0,observed_and_verified_proxy
2013-10-01,2013,10,4,Ernakulam,Central,9.98,76.28,Indian Mackerel,3837.85,6927.3,554.02,27.07,33.64,1.9,0.3,206.1,3.23,26.22,1.05,0.858,0.0,observed_and_verified_proxy
2013-10-01,2013,10,4,Ernakulam,Central,9.98,76.28,Seer Fish,1792.35,6927.3,258.74,27.07,33.64,1.9,0.3,206.1,3.23,26.22,1.05,0.759,0.411,observed_and_verified_proxy
2013-10-01,2013,10,4,Ernakulam,Central,9.98,76.28,Tuna,2899.66,6927.3,418.58,27.07,33.64,1.9,0.3,206.1,3.23,26.22,1.05,0.828,0.146,observed_and_verified_proxy
2013-11-01,2013,11,4,Ernakulam,Central,9.98,76.28,Oil Sardine,4396.93,6695.5,656.7,27.14,33.67,1.39,0.12,200.1,1.9,26.73,1.0,0.842,0.0,observed_and_verified_proxy
2013-11-01,2013,11,4,Ernakulam,Central,9.98,76.28,Indian Mackerel,4068.23,6695.5,607.6,27.14,33.67,1.39,0.12,200.1,1.9,26.73,1.0,0.835,0.0,observed_and_verified_proxy
2013-11-01,2013,11,4,Ernakulam,Central,9.98,76.28,Seer Fish,1704.72,6695.5,254.61,27.14,33.67,1.39,0.12,200.1,1.9,26.73,1.0,0.725,0.377,observed_and_verified_proxy
2013-11-01,2013,11,4,Ernakulam,Central,9.98,76.28,Tuna,2671.19,6695.5,398.95,27.14,33.67,1.39,0.12,200.1,1.9,26.73,1.0,0.79,0.14,observed_and_verified_proxy
2013-12-01,2013,12,4,Ernakulam,Central,9.98,76.28,Oil Sardine,3915.71,6499.9,602.43,27.51,34.31,1.03,0.06,46.2,2.19,26.41,1.0,0.807,0.0,observed_and_verified_proxy
2013-12-01,2013,12,4,Ernakulam,Central,9.98,76.28,Indian Mackerel,4190.86,6499.9,644.76,27.51,34.31,1.03,0.06,46.2,2.19,26.41,1.0,0.813,0.0,observed_and_verified_proxy
2013-12-01,2013,12,4,Ernakulam,Central,9.98,76.28,Seer Fish,1814.74,6499.9,279.19,27.51,34.31,1.03,0.06,46.2,2.19,26.41,1.0,0.714,0.307,observed_and_verified_proxy
2013-12-01,2013,12,4,Ernakulam,Central,9.98,76.28,Tuna,2808.14,6499.9,432.03,27.51,34.31,1.03,0.06,46.2,2.19,26.41,1.0,0.773,0.045,observed_and_verified_proxy
2013-01-01,2013,1,1,Alappuzha,South,9.49,76.33,Oil Sardine,2679.26,4302.3,622.75,28.14,34.48,0.95,0.05,4.5,3.16,27.38,1.0,0.576,0.0,observed_and_verified_proxy
2013-01-01,2013,1,1,Alappuzha,South,9.49,76.33,Indian Mackerel,2776.81,4302.3,645.42,28.14,34.48,0.95,0.05,4.5,3.16,27.38,1.0,0.579,0.0,observed_and_verified_proxy
2013-01-01,2013,1,1,Alappuzha,South,9.49,76.33,Seer Fish,925.21,4302.3,215.05,28.14,34.48,0.95,0.05,4.5,3.16,27.38,1.0,0.443,0.098,observed_and_verified_proxy
2013-01-01,2013,1,1,Alappuzha,South,9.49,76.33,Tuna,1911.86,4302.3,444.38,28.14,34.48,0.95,0.05,4.5,3.16,27.38,1.0,0.541,0.0,observed_and_verified_proxy
2013-02-01,2013,2,1,Alappuzha,South,9.49,76.33,Oil Sardine,2804.32,4302.4,651.81,28.86,34.29,1.14,0.1,49.8,3.28,28.13,1.0,0.58,0.0,observed_and_verified_proxy
2013-02-01,2013,2,1,Alappuzha,South,9.49,76.33,Indian Mackerel,2636.42,4302.4,612.78,28.86,34.29,1.14,0.1,49.8,3.28,28.13,1.0,0.574,0.0,observed_and_verified_proxy
2013-02-01,2013,2,1,Alappuzha,South,9.49,76.33,Seer Fish,905.22,4302.4,210.4,28.86,34.29,1.14,0.1,49.8,3.28,28.13,1.0,0.44,0.104,observed_and_verified_proxy
2013-02-01,2013,2,1,Alappuzha,South,9.49,76.33,Tuna,1843.09,4302.4,428.39,28.86,34.29,1.14,0.1,49.8,3.28,28.13,1.0,0.537,0.0,observed_and_verified_proxy
2013-03-01,2013,3,1,Alappuzha,South,9.49,76.33,Oil Sardine,3131.72,4423.6,707.96,29.49,34.18,1.46,0.2,77.4,2.79,29.17,1.0,0.605,0.0,observed_and_verified_proxy
2013-03-01,2013,3,1,Alappuzha,South,9.49,76.33,Indian Mackerel,2765.33,4423.6,625.13,29.49,34.18,1.46,0.2,77.4,2.79,29.17,1.0,0.595,0.0,observed_and_verified_proxy
2013-03-01,2013,3,1,Alappuzha,South,9.49,76.33,Seer Fish,872.41,4423.6,197.22,29.49,34.18,1.46,0.2,77.4,2.79,29.17,1.0,0.446,0.142,observed_and_verified_proxy
2013-03-01,2013,3,1,Alappuzha,South,9.49,76.33,Tuna,1841.3,4423.6,416.25,29.49,34.18,1.46,0.2,77.4,2.79,29.17,1.0,0.552,0.0,observed_and_verified_proxy
2013-04-01,2013,4,2,Alappuzha,South,9.49,76.33,Oil Sardine,2031.42,2784.2,729.62,29.85,34.25,1.86,0.35,60.3,3.87,29.19,1.05,0.355,0.0,observed_and_verified_proxy
2013-04-01,2013,4,2,Alappuzha,South,9.49,76.33,Indian Mackerel,1617.71,2784.2,581.03,29.85,34.25,1.86,0.35,60.3,3.87,29.19,1.05,0.338,0.0,observed_and_verified_proxy
2013-04-01,2013,4,2,Alappuzha,South,9.49,76.33,Seer Fish,547.26,2784.2,196.56,29.85,34.25,1.86,0.35,60.3,3.87,29.19,1.05,0.231,0.0,observed_and_verified_proxy
2013-04-01,2013,4,2,Alappuzha,South,9.49,76.33,Tuna,648.27,2784.2,232.84,29.85,34.25,1.86,0.35,60.3,3.87,29.19,1.05,0.25,0.0,observed_and_verified_proxy
2013-05-01,2013,5,2,Alappuzha,South,9.49,76.33,Oil Sardine,2388.82,3160.4,755.87,29.77,34.05,2.75,0.65,106.8,5.46,28.24,1.36,0.415,0.0,observed_and_verified_proxy
2013-05-01,2013,5,2,Alappuzha,South,9.49,76.33,Indian Mackerel,1484.57,3160.4,469.75,29.77,34.05,2.75,0.65,106.8,5.46,28.24,1.36,0.375,0.0,observed_and_verified_proxy
2013-05-01,2013,5,2,Alappuzha,South,9.49,76.33,Seer Fish,562.23,3160.4,177.9,29.77,34.05,2.75,0.65,106.8,5.46,28.24,1.36,0.266,0.0,observed_and_verified_proxy
2013-05-01,2013,5,2,Alappuzha,South,9.49,76.33,Tuna,692.69,3160.4,219.18,29.77,34.05,2.75,0.65,106.8,5.46,28.24,1.36,0.291,0.0,observed_and_verified_proxy
2013-06-01,2013,6,2,Alappuzha,South,9.49,76.33,Oil Sardine,2814.89,2749.2,1023.91,28.91,32.66,4.01,0.95,441.3,6.19,26.32,2.21,0.371,0.0,observed_and_verified_proxy
2013-06-01,2013,6,2,Alappuzha,South,9.49,76.33,Indian Mackerel,1457.31,2749.2,530.09,28.91,32.66,4.01,0.95,441.3,6.19,26.32,2.21,0.325,0.0,observed_and_verified_proxy
2013-06-01,2013,6,2,Alappuzha,South,9.49,76.33,Seer Fish,522.91,2749.2,190.21,28.91,32.66,4.01,0.95,441.3,6.19,26.32,2.21,0.223,0.0,observed_and_verified_proxy
2013-06-01,2013,6,2,Alappuzha,South,9.49,76.33,Tuna,643.01,2749.2,233.89,28.91,32.66,4.01,0.95,441.3,6.19,26.32,2.21,0.245,0.0,observed_and_verified_proxy
2013-07-01,2013,7,3,Alappuzha,South,9.49,76.33,Oil Sardine,4519.96,3445.3,1311.9,27.27,33.57,3.88,1.0,222.9,5.36,25.44,2.8,0.492,0.0,observed_and_verified_proxy
2013-07-01,2013,7,3,Alappuzha,South,9.49,76.33,Indian Mackerel,2037.73,3445.3,591.44,27.27,33.57,3.88,1.0,222.9,5.36,25.44,2.8,0.439,0.0,observed_and_verified_proxy
2013-07-01,2013,7,3,Alappuzha,South,9.49,76.33,Seer Fish,1122.87,3445.3,325.91,27.27,33.57,3.88,1.0,222.9,5.36,25.44,2.8,0.378,0.0,observed_and_verified_proxy
2013-07-01,2013,7,3,Alappuzha,South,9.49,76.33,Tuna,1047.83,3445.3,304.13,27.27,33.57,3.88,1.0,222.9,5.36,25.44,2.8,0.37,0.0,observed_and_verified_proxy
2013-08-01,2013,8,3,Alappuzha,South,9.49,76.33,Oil Sardine,4327.37,3588.9,1205.76,26.55,33.96,3.48,0.9,129.0,5.24,25.42,2.21,0.511,0.0,observed_and_verified_proxy
2013-08-01,2013,8,3,Alappuzha,South,9.49,76.33,Indian Mackerel,2161.04,3588.9,602.14,26.55,33.96,3.48,0.9,129.0,5.24,25.42,2.21,0.463,0.0,observed_and_verified_proxy
2013-08-01,2013,8,3,Alappuzha,South,9.49,76.33,Seer Fish,1064.6,3588.9,296.63,26.55,33.96,3.48,0.9,129.0,5.24,25.42,2.21,0.388,0.0,observed_and_verified_proxy
2013-08-01,2013,8,3,Alappuzha,South,9.49,76.33,Tuna,1014.16,3588.9,282.58,26.55,33.96,3.48,0.9,129.0,5.24,25.42,2.21,0.382,0.0,observed_and_verified_proxy
2013-09-01,2013,9,3,Alappuzha,South,9.49,76.33,Oil Sardine,3574.19,3387.4,1055.15,26.93,33.82,2.68,0.6,162.6,5.2,25.82,1.36,0.472,0.0,observed_and_verified_proxy
2013-09-01,2013,9,3,Alappuzha,South,9.49,76.33,Indian Mackerel,2323.51,3387.4,685.93,26.93,33.82,2.68,0.6,162.6,5.2,25.82,1.36,0.442,0.0,observed_and_verified_proxy
2013-09-01,2013,9,3,Alappuzha,South,9.49,76.33,Seer Fish,1073.65,3387.4,316.96,26.93,33.82,2.68,0.6,162.6,5.2,25.82,1.36,0.367,0.0,observed_and_verified_proxy
2013-09-01,2013,9,3,Alappuzha,South,9.49,76.33,Tuna,1006.07,3387.4,297.01,26.93,33.82,2.68,0.6,162.6,5.2,25.82,1.36,0.359,0.0,observed_and_verified_proxy
2013-10-01,2013,10,4,Alappuzha,South,9.49,76.33,Oil Sardine,4261.38,5637.5,755.9,27.07,33.7,1.88,0.3,190.8,4.26,26.12,1.05,0.801,0.0,observed_and_verified_proxy
2013-10-01,2013,10,4,Alappuzha,South,9.49,76.33,Indian Mackerel,3456.35,5637.5,613.1,27.07,33.7,1.88,0.3,190.8,4.26,26.12,1.05,0.782,0.0,observed_and_verified_proxy
2013-10-01,2013,10,4,Alappuzha,South,9.49,76.33,Seer Fish,1528.7,5637.5,271.17,27.07,33.7,1.88,0.3,190.8,4.26,26.12,1.05,0.674,0.274,observed_and_verified_proxy
2013-10-01,2013,10,4,Alappuzha,South,9.49,76.33,Tuna,2576.92,5637.5,457.1,27.07,33.7,1.88,0.3,190.8,4.26,26.12,1.05,0.749,0.0,observed_and_verified_proxy
2013-11-01,2013,11,4,Alappuzha,South,9.49,76.33,Oil Sardine,3759.55,5769.2,651.66,27.14,33.41,1.46,0.12,261.3,2.28,26.52,1.0,0.808,0.0,observed_and_verified_proxy
2013-11-01,2013,11,4,Alappuzha,South,9.49,76.33,Indian Mackerel,3703.77,5769.2,641.99,27.14,33.41,1.46,0.12,261.3,2.28,26.52,1.0,0.807,0.0,observed_and_verified_proxy
2013-11-01,2013,11,4,Alappuzha,South,9.49,76.33,Seer Fish,1521.09,5769.2,263.66,27.14,33.41,1.46,0.12,261.3,2.28,26.52,1.0,0.689,0.31,observed_and_verified_proxy
2013-11-01,2013,11,4,Alappuzha,South,9.49,76.33,Tuna,2385.71,5769.2,413.53,27.14,33.41,1.46,0.12,261.3,2.28,26.52,1.0,0.757,0.065,observed_and_verified_proxy
2013-12-01,2013,12,4,Alappuzha,South,9.49,76.33,Oil Sardine,3554.62,5956.7,596.74,27.51,34.34,1.01,0.06,37.5,3.61,25.77,1.0,0.829,0.0,observed_and_verified_proxy
2013-12-01,2013,12,4,Alappuzha,South,9.49,76.33,Indian Mackerel,3627.9,5956.7,609.05,27.51,34.34,1.01,0.06,37.5,3.61,25.77,1.0,0.831,0.0,observed_and_verified_proxy
2013-12-01,2013,12,4,Alappuzha,South,9.49,76.33,Seer Fish,1538.82,5956.7,258.33,27.51,34.34,1.01,0.06,37.5,3.61,25.77,1.0,0.714,0.354,observed_and_verified_proxy
2013-12-01,2013,12,4,Alappuzha,South,9.49,76.33,Tuna,2465.21,5956.7,413.86,27.51,34.34,1.01,0.06,37.5,3.61,25.77,1.0,0.786,0.102,observed_and_verified_proxy
2013-01-01,2013,1,1,Kollam,South,8.89,76.6,Oil Sardine,2471.58,4609.5,536.2,28.14,34.48,0.95,0.05,4.5,3.16,27.38,1.0,0.652,0.0,observed_and_verified_proxy
2013-01-01,2013,1,1,Kollam,South,8.89,76.6,Indian Mackerel,2659.12,4609.5,576.88,28.14,34.48,0.95,0.05,4.5,3.16,27.38,1.0,0.66,0.0,observed_and_verified_proxy
2013-01-01,2013,1,1,Kollam,South,8.89,76.6,Seer Fish,831.39,4609.5,180.37,28.14,34.48,0.95,0.05,4.5,3.16,27.38,1.0,0.49,0.236,observed_and_verified_proxy
2013-01-01,2013,1,1,Kollam,South,8.89,76.6,Tuna,1718.76,4609.5,372.88,28.14,34.48,0.95,0.05,4.5,3.16,27.38,1.0,0.607,0.0,observed_and_verified_proxy
2013-02-01,2013,2,1,Kollam,South,8.89,76.6,Oil Sardine,2718.42,4426.3,614.15,28.86,34.29,1.14,0.1,49.8,3.28,28.13,1.0,0.636,0.0,observed_and_verified_proxy
2013-02-01,2013,2,1,Kollam,South,8.89,76.6,Indian Mackerel,2681.15,4426.3,605.73,28.86,34.29,1.14,0.1,49.8,3.28,28.13,1.0,0.634,0.0,observed_and_verified_proxy
2013-02-01,2013,2,1,Kollam,South,8.89,76.6,Seer Fish,854.09,4426.3,192.96,28.86,34.29,1.14,0.1,49.8,3.28,28.13,1.0,0.475,0.188,observed_and_verified_proxy
2013-02-01,2013,2,1,Kollam,South,8.89,76.6,Tuna,1830.19,4426.3,413.48,28.86,34.29,1.14,0.1,49.8,3.28,28.13,1.0,0.591,0.0,observed_and_verified_proxy
2013-03-01,2013,3,1,Kollam,South,8.89,76.6,Oil Sardine,2702.96,3979.0,679.31,29.49,34.18,1.46,0.2,77.4,2.79,29.17,1.0,0.571,0.0,observed_and_verified_proxy
2013-03-01,2013,3,1,Kollam,South,8.89,76.6,Indian Mackerel,2536.91,3979.0,637.58,29.49,34.18,1.46,0.2,77.4,2.79,29.17,1.0,0.565,0.0,observed_and_verified_proxy
2013-03-01,2013,3,1,Kollam,South,8.89,76.6,Seer Fish,803.32,3979.0,201.89,29.49,34.18,1.46,0.2,77.4,2.79,29.17,1.0,0.417,0.094,observed_and_verified_proxy
2013-03-01,2013,3,1,Kollam,South,8.89,76.6,Tuna,1840.44,3979.0,462.54,29.49,34.18,1.46,0.2,77.4,2.79,29.17,1.0,0.532,0.0,observed_and_verified_proxy
2013-04-01,2013,4,2,Kollam,South,8.89,76.6,Oil Sardine,1874.48,2910.3,644.09,29.85,34.25,1.86,0.35,60.3,3.87,29.19,1.05,0.391,0.0,observed_and_verified_proxy
2013-04-01,2013,4,2,Kollam,South,8.89,76.6,Indian Mackerel,1468.46,2910.3,504.58,29.85,34.25,1.86,0.35,60.3,3.87,29.19,1.05,0.369,0.0,observed_and_verified_proxy
2013-04-01,2013,4,2,Kollam,South,8.89,76.6,Seer Fish,503.31,2910.3,172.94,29.85,34.25,1.86,0.35,60.3,3.87,29.19,1.05,0.248,0.0,observed_and_verified_proxy
2013-04-01,2013,4,2,Kollam,South,8.89,76.6,Tuna,616.02,2910.3,211.67,29.85,34.25,1.86,0.35,60.3,3.87,29.19,1.05,0.273,0.0,observed_and_verified_proxy
2013-05-01,2013,5,2,Kollam,South,8.89,76.6,Oil Sardine,2256.77,2601.6,867.45,29.77,34.05,2.75,0.65,106.8,5.46,28.24,1.36,0.362,0.0,observed_and_verified_proxy
2013-05-01,2013,5,2,Kollam,South,8.89,76.6,Indian Mackerel,1370.15,2601.6,526.66,29.77,34.05,2.75,0.65,106.8,5.46,28.24,1.36,0.324,0.0,observed_and_verified_proxy
2013-05-01,2013,5,2,Kollam,South,8.89,76.6,Seer Fish,509.83,2601.6,195.97,29.77,34.05,2.75,0.65,106.8,5.46,28.24,1.36,0.223,0.0,observed_and_verified_proxy
2013-05-01,2013,5,2,Kollam,South,8.89,76.6,Tuna,610.26,2601.6,234.57,29.77,34.05,2.75,0.65,106.8,5.46,28.24,1.36,0.243,0.0,observed_and_verified_proxy
2013-06-01,2013,6,2,Kollam,South,8.89,76.6,Oil Sardine,2697.03,2826.9,954.08,28.91,32.66,4.01,0.95,441.3,6.19,26.32,2.21,0.406,0.0,observed_and_verified_proxy
2013-06-01,2013,6,2,Kollam,South,8.89,76.6,Indian Mackerel,1362.37,2826.9,481.94,28.91,32.66,4.01,0.95,441.3,6.19,26.32,2.21,0.352,0.0,observed_and_verified_proxy
2013-06-01,2013,6,2,Kollam,South,8.89,76.6,Seer Fish,521.05,2826.9,184.32,28.91,32.66,4.01,0.95,441.3,6.19,26.32,2.21,0.245,0.0,observed_and_verified_proxy
2013-06-01,2013,6,2,Kollam,South,8.89,76.6,Tuna,602.06,2826.9,212.98,28.91,32.66,4.01,0.95,441.3,6.19,26.32,2.21,0.263,0.0,observed_and_verified_proxy
2013-07-01,2013,7,3,Kollam,South,8.89,76.6,Oil Sardine,4117.47,3580.9,1149.85,27.27,33.57,3.88,1.0,222.9,5.36,25.44,2.8,0.543,0.0,observed_and_verified_proxy
2013-07-01,2013,7,3,Kollam,South,8.89,76.6,Indian Mackerel,1991.96,3580.9,556.28,27.27,33.57,3.88,1.0,222.9,5.36,25.44,2.8,0.487,0.0,observed_and_verified_proxy
2013-07-01,2013,7,3,Kollam,South,8.89,76.6,Seer Fish,1003.26,3580.9,280.17,27.27,33.57,3.88,1.0,222.9,5.36,25.44,2.8,0.406,0.0,observed_and_verified_proxy
2013-07-01,2013,7,3,Kollam,South,8.89,76.6,Tuna,903.81,3580.9,252.4,27.27,33.57,3.88,1.0,222.9,5.36,25.44,2.8,0.392,0.0,observed_and_verified_proxy
2013-08-01,2013,8,3,Kollam,South,8.89,76.6,Oil Sardine,4077.52,3338.1,1221.51,26.55,33.96,3.48,0.9,129.0,5.24,25.42,2.21,0.506,0.0,observed_and_verified_proxy
2013-08-01,2013,8,3,Kollam,South,8.89,76.6,Indian Mackerel,1982.02,3338.1,593.75,26.55,33.96,3.48,0.9,129.0,5.24,25.42,2.21,0.453,0.0,observed_and_verified_proxy
2013-08-01,2013,8,3,Kollam,South,8.89,76.6,Seer Fish,1074.43,3338.1,321.87,26.55,33.96,3.48,0.9,129.0,5.24,25.42,2.21,0.387,0.0,observed_and_verified_proxy
2013-08-01,2013,8,3,Kollam,South,8.89,76.6,Tuna,982.72,3338.1,294.39,26.55,33.96,3.48,0.9,129.0,5.24,25.42,2.21,0.376,0.0,observed_and_verified_proxy
2013-09-01,2013,9,3,Kollam,South,8.89,76.6,Oil Sardine,3200.18,3462.6,924.22,26.93,33.82,2.68,0.6,162.6,5.2,25.82,1.36,0.509,0.0,observed_and_verified_proxy
2013-09-01,2013,9,3,Kollam,South,8.89,76.6,Indian Mackerel,2171.78,3462.6,627.21,26.93,33.82,2.68,0.6,162.6,5.2,25.82,1.36,0.479,0.0,observed_and_verified_proxy
2013-09-01,2013,9,3,Kollam,South,8.89,76.6,Seer Fish,1080.86,3462.6,312.15,26.93,33.82,2.68,0.6,162.6,5.2,25.82,1.36,0.403,0.0,observed_and_verified_proxy
2013-09-01,2013,9,3,Kollam,South,8.89,76.6,Tuna,990.4,3462.6,286.03,26.93,33.82,2.68,0.6,162.6,5.2,25.82,1.36,0.391,0.0,observed_and_verified_proxy
2013-10-01,2013,10,4,Kollam,South,8.89,76.6,Oil Sardine,3836.49,5544.9,691.9,27.07,33.7,1.88,0.3,190.8,4.26,26.12,1.05,0.834,0.0,observed_and_verified_proxy
2013-10-01,2013,10,4,Kollam,South,8.89,76.6,Indian Mackerel,3143.96,5544.9,567.0,27.07,33.7,1.88,0.3,190.8,4.26,26.12,1.05,0.814,0.0,observed_and_verified_proxy
2013-10-01,2013,10,4,Kollam,South,8.89,76.6,Seer Fish,1424.07,5544.9,256.83,27.07,33.7,1.88,0.3,190.8,4.26,26.12,1.05,0.698,0.337,observed_and_verified_proxy
2013-10-01,2013,10,4,Kollam,South,8.89,76.6,Tuna,2332.64,5544.9,420.68,27.07,33.7,1.88,0.3,190.8,4.26,26.12,1.05,0.777,0.075,observed_and_verified_proxy
2013-11-01,2013,11,4,Kollam,South,8.89,76.6,Oil Sardine,3383.65,5404.2,626.11,27.14,33.41,1.46,0.12,261.3,2.28,26.52,1.0,0.801,0.0,observed_and_verified_proxy
2013-11-01,2013,11,4,Kollam,South,8.89,76.6,Indian Mackerel,3438.8,5404.2,636.31,27.14,33.41,1.46,0.12,261.3,2.28,26.52,1.0,0.802,0.0,observed_and_verified_proxy
2013-11-01,2013,11,4,Kollam,South,8.89,76.6,Seer Fish,1407.12,5404.2,260.37,27.14,33.41,1.46,0.12,261.3,2.28,26.52,1.0,0.678,0.303,observed_and_verified_proxy
2013-11-01,2013,11,4,Kollam,South,8.89,76.6,Tuna,2209.47,5404.2,408.84,27.14,33.41,1.46,0.12,261.3,2.28,26.52,1.0,0.749,0.066,observed_and_verified_proxy
2013-12-01,2013,12,4,Kollam,South,8.89,76.6,Oil Sardine,3260.48,5679.4,574.09,27.51,34.34,1.01,0.06,37.5,3.61,25.77,1.0,0.837,0.0,observed_and_verified_proxy
2013-12-01,2013,12,4,Kollam,South,8.89,76.6,Indian Mackerel,3269.82,5679.4,575.73,27.51,34.34,1.01,0.06,37.5,3.61,25.77,1.0,0.838,0.0,observed_and_verified_proxy
2013-12-01,2013,12,4,Kollam,South,8.89,76.6,Seer Fish,1461.94,5679.4,257.41,27.51,34.34,1.01,0.06,37.5,3.61,25.77,1.0,0.72,0.364,observed_and_verified_proxy
2013-12-01,2013,12,4,Kollam,South,8.89,76.6,Tuna,2411.15,5679.4,424.54,27.51,34.34,1.01,0.06,37.5,3.61,25.77,1.0,0.8,0.097,observed_and_verified_proxy
2013-01-01,2013,1,1,Kannur,North,11.87,75.37,Oil Sardine,1972.64,3152.1,625.83,28.14,34.5,0.94,0.05,0.9,2.52,27.09,1.0,0.544,0.0,observed_and_verified_proxy
2013-01-01,2013,1,1,Kannur,North,11.87,75.37,Indian Mackerel,1992.24,3152.1,632.04,28.14,34.5,0.94,0.05,0.9,2.52,27.09,1.0,0.545,0.0,observed_and_verified_proxy
2013-01-01,2013,1,1,Kannur,North,11.87,75.37,Seer Fish,675.94,3152.1,214.45,28.14,34.5,0.94,0.05,0.9,2.52,27.09,1.0,0.392,0.033,observed_and_verified_proxy
2013-01-01,2013,1,1,Kannur,North,11.87,75.37,Tuna,1350.72,3152.1,428.52,28.14,34.5,0.94,0.05,0.9,2.52,27.09,1.0,0.498,0.0,observed_and_verified_proxy
2013-02-01,2013,2,1,Kannur,North,11.87,75.37,Oil Sardine,1942.41,3541.2,548.52,28.86,34.35,1.13,0.1,36.9,2.48,27.75,1.0,0.61,0.0,observed_and_verified_proxy
2013-02-01,2013,2,1,Kannur,North,11.87,75.37,Indian Mackerel,1963.86,3541.2,554.58,28.86,34.35,1.13,0.1,36.9,2.48,27.75,1.0,0.611,0.0,observed_and_verified_proxy
2013-02-01,2013,2,1,Kannur,North,11.87,75.37,Seer Fish,663.3,3541.2,187.31,28.86,34.35,1.13,0.1,36.9,2.48,27.75,1.0,0.437,0.152,observed_and_verified_proxy
2013-02-01,2013,2,1,Kannur,North,11.87,75.37,Tuna,1393.97,3541.2,393.65,28.86,34.35,1.13,0.1,36.9,2.48,27.75,1.0,0.564,0.0,observed_and_verified_proxy
2013-03-01,2013,3,1,Kannur,North,11.87,75.37,Oil Sardine,2212.81,3334.4,663.62,29.49,34.35,1.4,0.2,36.0,2.43,28.8,1.0,0.589,0.0,observed_and_verified_proxy
2013-03-01,2013,3,1,Kannur,North,11.87,75.37,Indian Mackerel,2044.96,3334.4,613.29,29.49,34.35,1.4,0.2,36.0,2.43,28.8,1.0,0.58,0.0,observed_and_verified_proxy
2013-03-01,2013,3,1,Kannur,North,11.87,75.37,Seer Fish,677.97,3334.4,203.32,29.49,34.35,1.4,0.2,36.0,2.43,28.8,1.0,0.415,0.088,observed_and_verified_proxy
2013-03-01,2013,3,1,Kannur,North,11.87,75.37,Tuna,1332.66,3334.4,399.67,29.49,34.35,1.4,0.2,36.0,2.43,28.8,1.0,0.525,0.0,observed_and_verified_proxy
2013-04-01,2013,4,2,Kannur,North,11.87,75.37,Oil Sardine,1438.17,2126.3,676.37,29.85,34.44,1.8,0.35,14.1,3.14,28.95,1.05,0.342,0.0,observed_and_verified_proxy
2013-04-01,2013,4,2,Kannur,North,11.87,75.37,Indian Mackerel,1204.76,2126.3,566.6,29.85,34.44,1.8,0.35,14.1,3.14,28.95,1.05,0.325,0.0,observed_and_verified_proxy
2013-04-01,2013,4,2,Kannur,North,11.87,75.37,Seer Fish,417.37,2126.3,196.29,29.85,34.44,1.8,0.35,14.1,3.14,28.95,1.05,0.209,0.0,observed_and_verified_proxy
2013-04-01,2013,4,2,Kannur,North,11.87,75.37,Tuna,486.87,2126.3,228.98,29.85,34.44,1.8,0.35,14.1,3.14,28.95,1.05,0.227,0.0,observed_and_verified_proxy
2013-05-01,2013,5,2,Kannur,North,11.87,75.37,Oil Sardine,1764.6,2320.7,760.36,29.77,33.78,2.84,0.65,173.4,3.54,28.12,1.36,0.391,0.0,observed_and_verified_proxy
2013-05-01,2013,5,2,Kannur,North,11.87,75.37,Indian Mackerel,1129.61,2320.7,486.75,29.77,33.78,2.84,0.65,173.4,3.54,28.12,1.36,0.348,0.0,observed_and_verified_proxy
2013-05-01,2013,5,2,Kannur,North,11.87,75.37,Seer Fish,419.07,2320.7,180.58,29.77,33.78,2.84,0.65,173.4,3.54,28.12,1.36,0.229,0.0,observed_and_verified_proxy
2013-05-01,2013,5,2,Kannur,North,11.87,75.37,Tuna,491.62,2320.7,211.84,29.77,33.78,2.84,0.65,173.4,3.54,28.12,1.36,0.249,0.0,observed_and_verified_proxy
2013-06-01,2013,6,2,Kannur,North,11.87,75.37,Oil Sardine,2092.27,2175.9,961.57,28.91,30.31,4.72,0.95,1005.0,4.36,25.96,2.21,0.38,0.0,observed_and_verified_proxy
2013-06-01,2013,6,2,Kannur,North,11.87,75.37,Indian Mackerel,1052.99,2175.9,483.93,28.91,30.31,4.72,0.95,1005.0,4.36,25.96,2.21,0.319,0.0,observed_and_verified_proxy
2013-06-01,2013,6,2,Kannur,North,11.87,75.37,Seer Fish,396.1,2175.9,182.04,28.91,30.31,4.72,0.95,1005.0,4.36,25.96,2.21,0.208,0.0,observed_and_verified_proxy
2013-06-01,2013,6,2,Kannur,North,11.87,75.37,Tuna,483.17,2175.9,222.06,28.91,30.31,4.72,0.95,1005.0,4.36,25.96,2.21,0.231,0.0,observed_and_verified_proxy
2013-07-01,2013,7,3,Kannur,North,11.87,75.37,Oil Sardine,3244.21,2515.0,1289.95,27.27,30.2,4.89,1.0,1032.9,4.31,24.98,2.8,0.472,0.0,observed_and_verified_proxy
2013-07-01,2013,7,3,Kannur,North,11.87,75.37,Indian Mackerel,1590.94,2515.0,632.58,27.27,30.2,4.89,1.0,1032.9,4.31,24.98,2.8,0.414,0.0,observed_and_verified_proxy
2013-07-01,2013,7,3,Kannur,North,11.87,75.37,Seer Fish,774.6,2515.0,307.99,27.27,30.2,4.89,1.0,1032.9,4.31,24.98,2.8,0.331,0.0,observed_and_verified_proxy
2013-07-01,2013,7,3,Kannur,North,11.87,75.37,Tuna,746.93,2515.0,296.99,27.27,30.2,4.89,1.0,1032.9,4.31,24.98,2.8,0.326,0.0,observed_and_verified_proxy
2013-08-01,2013,8,3,Kannur,North,11.87,75.37,Oil Sardine,3175.65,2575.8,1232.86,26.55,32.78,3.84,0.9,413.7,3.73,25.01,2.21,0.482,0.0,observed_and_verified_proxy
2013-08-01,2013,8,3,Kannur,North,11.87,75.37,Indian Mackerel,1531.69,2575.8,594.64,26.55,32.78,3.84,0.9,413.7,3.73,25.01,2.21,0.42,0.0,observed_and_verified_proxy
2013-08-01,2013,8,3,Kannur,North,11.87,75.37,Seer Fish,840.16,2575.8,326.17,26.55,32.78,3.84,0.9,413.7,3.73,25.01,2.21,0.35,0.0,observed_and_verified_proxy
2013-08-01,2013,8,3,Kannur,North,11.87,75.37,Tuna,744.18,2575.8,288.91,26.55,32.78,3.84,0.9,413.7,3.73,25.01,2.21,0.333,0.0,observed_and_verified_proxy
2013-09-01,2013,9,3,Kannur,North,11.87,75.37,Oil Sardine,2717.2,2701.2,1005.93,26.93,33.46,2.79,0.6,249.6,3.24,25.21,1.36,0.494,0.0,observed_and_verified_proxy
2013-09-01,2013,9,3,Kannur,North,11.87,75.37,Indian Mackerel,1726.32,2701.2,639.1,26.93,33.46,2.79,0.6,249.6,3.24,25.21,1.36,0.453,0.0,observed_and_verified_proxy
2013-09-01,2013,9,3,Kannur,North,11.87,75.37,Seer Fish,797.17,2701.2,295.12,26.93,33.46,2.79,0.6,249.6,3.24,25.21,1.36,0.359,0.0,observed_and_verified_proxy
2013-09-01,2013,9,3,Kannur,North,11.87,75.37,Tuna,717.26,2701.2,265.54,26.93,33.46,2.79,0.6,249.6,3.24,25.21,1.36,0.345,0.0,observed_and_verified_proxy
2013-10-01,2013,10,4,Kannur,North,11.87,75.37,Oil Sardine,3242.29,4305.0,753.14,27.07,33.72,1.87,0.3,187.2,3.09,25.68,1.05,0.807,0.0,observed_and_verified_proxy
2013-10-01,2013,10,4,Kannur,North,11.87,75.37,Indian Mackerel,2524.99,4305.0,586.52,27.07,33.72,1.87,0.3,187.2,3.09,25.68,1.05,0.778,0.0,observed_and_verified_proxy
2013-10-01,2013,10,4,Kannur,North,11.87,75.37,Seer Fish,1210.8,4305.0,281.25,27.07,33.72,1.87,0.3,187.2,3.09,25.68,1.05,0.659,0.232,observed_and_verified_proxy
2013-10-01,2013,10,4,Kannur,North,11.87,75.37,Tuna,1883.4,4305.0,437.49,27.07,33.72,1.87,0.3,187.2,3.09,25.68,1.05,0.736,0.0,observed_and_verified_proxy
2013-11-01,2013,11,4,Kannur,North,11.87,75.37,Oil Sardine,2651.76,4204.7,630.67,27.14,34.09,1.26,0.12,98.4,1.69,26.29,1.0,0.766,0.0,observed_and_verified_proxy
2013-11-01,2013,11,4,Kannur,North,11.87,75.37,Indian Mackerel,2655.27,4204.7,631.5,27.14,34.09,1.26,0.12,98.4,1.69,26.29,1.0,0.766,0.0,observed_and_verified_proxy
2013-11-01,2013,11,4,Kannur,North,11.87,75.37,Seer Fish,1198.41,4204.7,285.02,27.14,34.09,1.26,0.12,98.4,1.69,26.29,1.0,0.642,0.201,observed_and_verified_proxy
2013-11-01,2013,11,4,Kannur,North,11.87,75.37,Tuna,1845.55,4204.7,438.93,27.14,34.09,1.26,0.12,98.4,1.69,26.29,1.0,0.716,0.0,observed_and_verified_proxy
2013-12-01,2013,12,4,Kannur,North,11.87,75.37,Oil Sardine,2575.61,4205.8,612.4,27.51,34.42,0.99,0.06,18.0,2.04,25.65,1.0,0.762,0.0,observed_and_verified_proxy
2013-12-01,2013,12,4,Kannur,North,11.87,75.37,Indian Mackerel,2633.17,4205.8,626.09,27.51,34.42,0.99,0.06,18.0,2.04,25.65,1.0,0.765,0.0,observed_and_verified_proxy
2013-12-01,2013,12,4,Kannur,North,11.87,75.37,Seer Fish,1178.45,4205.8,280.2,27.51,34.42,0.99,0.06,18.0,2.04,25.65,1.0,0.639,0.208,observed_and_verified_proxy
2013-12-01,2013,12,4,Kannur,North,11.87,75.37,Tuna,1824.37,4205.8,433.78,27.51,34.42,0.99,0.06,18.0,2.04,25.65,1.0,0.715,0.0,observed_and_verified_proxy
2013-01-01,2013,1,1,Thiruvananthapuram,South,8.52,76.94,Oil Sardine,1667.28,2622.5,635.76,28.14,34.48,0.95,0.05,4.5,3.16,27.38,1.0,0.534,0.0,observed_and_verified_proxy
2013-01-01,2013,1,1,Thiruvananthapuram,South,8.52,76.94,Indian Mackerel,1696.26,2622.5,646.81,28.14,34.48,0.95,0.05,4.5,3.16,27.38,1.0,0.536,0.0,observed_and_verified_proxy
2013-01-01,2013,1,1,Thiruvananthapuram,South,8.52,76.94,Seer Fish,508.56,2622.5,193.92,28.14,34.48,0.95,0.05,4.5,3.16,27.38,1.0,0.35,0.024,observed_and_verified_proxy
2013-01-01,2013,1,1,Thiruvananthapuram,South,8.52,76.94,Tuna,1086.83,2622.5,414.42,28.14,34.48,0.95,0.05,4.5,3.16,27.38,1.0,0.475,0.0,observed_and_verified_proxy
2013-02-01,2013,2,1,Thiruvananthapuram,South,8.52,76.94,Oil Sardine,1674.02,2874.1,582.45,28.86,34.29,1.14,0.1,49.8,3.28,28.13,1.0,0.585,0.0,observed_and_verified_proxy
2013-02-01,2013,2,1,Thiruvananthapuram,South,8.52,76.94,Indian Mackerel,1658.26,2874.1,576.97,28.86,34.29,1.14,0.1,49.8,3.28,28.13,1.0,0.584,0.0,observed_and_verified_proxy
2013-02-01,2013,2,1,Thiruvananthapuram,South,8.52,76.94,Seer Fish,545.66,2874.1,189.85,28.86,34.29,1.14,0.1,49.8,3.28,28.13,1.0,0.397,0.094,observed_and_verified_proxy
2013-02-01,2013,2,1,Thiruvananthapuram,South,8.52,76.94,Tuna,1178.06,2874.1,409.89,28.86,34.29,1.14,0.1,49.8,3.28,28.13,1.0,0.534,0.0,observed_and_verified_proxy
2013-03-01,2013,3,1,Thiruvananthapuram,South,8.52,76.94,Oil Sardine,1779.41,2802.8,634.87,29.49,34.18,1.46,0.2,77.4,2.79,29.17,1.0,0.579,0.0,observed_and_verified_proxy
2013-03-01,2013,3,1,Thiruvananthapuram,South,8.52,76.94,Indian Mackerel,1603.89,2802.8,572.25,29.49,34.18,1.46,0.2,77.4,2.79,29.17,1.0,0.565,0.0,observed_and_verified_proxy
2013-03-01,2013,3,1,Thiruvananthapuram,South,8.52,76.94,Seer Fish,527.76,2802.8,188.3,29.49,34.18,1.46,0.2,77.4,2.79,29.17,1.0,0.381,0.077,observed_and_verified_proxy
2013-03-01,2013,3,1,Thiruvananthapuram,South,8.52,76.94,Tuna,1170.41,2802.8,417.59,29.49,34.18,1.46,0.2,77.4,2.79,29.17,1.0,0.52,0.0,observed_and_verified_proxy
2013-04-01,2013,4,2,Thiruvananthapuram,South,8.52,76.94,Oil Sardine,1179.56,1640.8,718.88,29.85,34.25,1.86,0.35,60.3,3.87,29.19,1.05,0.305,0.0,observed_and_verified_proxy
2013-04-01,2013,4,2,Thiruvananthapuram,South,8.52,76.94,Indian Mackerel,998.25,1640.8,608.38,29.85,34.25,1.86,0.35,60.3,3.87,29.19,1.05,0.289,0.0,observed_and_verified_proxy
2013-04-01,2013,4,2,Thiruvananthapuram,South,8.52,76.94,Seer Fish,316.98,1640.8,193.18,29.85,34.25,1.86,0.35,60.3,3.87,29.19,1.05,0.168,0.0,observed_and_verified_proxy
2013-04-01,2013,4,2,Thiruvananthapuram,South,8.52,76.94,Tuna,401.6,1640.8,244.76,29.85,34.25,1.86,0.35,60.3,3.87,29.19,1.05,0.193,0.0,observed_and_verified_proxy
2013-05-01,2013,5,2,Thiruvananthapuram,South,8.52,76.94,Oil Sardine,1472.56,1898.7,775.56,29.77,34.05,2.75,0.65,106.8,5.46,28.24,1.36,0.375,0.0,observed_and_verified_proxy
2013-05-01,2013,5,2,Thiruvananthapuram,South,8.52,76.94,Indian Mackerel,871.77,1898.7,459.14,29.77,34.05,2.75,0.65,106.8,5.46,28.24,1.36,0.319,0.0,observed_and_verified_proxy
2013-05-01,2013,5,2,Thiruvananthapuram,South,8.52,76.94,Seer Fish,316.91,1898.7,166.91,29.77,34.05,2.75,0.65,106.8,5.46,28.24,1.36,0.195,0.0,observed_and_verified_proxy
2013-05-01,2013,5,2,Thiruvananthapuram,South,8.52,76.94,Tuna,388.65,1898.7,204.69,29.77,34.05,2.75,0.65,106.8,5.46,28.24,1.36,0.22,0.0,observed_and_verified_proxy
2013-06-01,2013,6,2,Thiruvananthapuram,South,8.52,76.94,Oil Sardine,1697.13,1724.1,984.35,28.91,32.66,4.01,0.95,441.3,6.19,26.32,2.21,0.352,0.0,observed_and_verified_proxy
2013-06-01,2013,6,2,Thiruvananthapuram,South,8.52,76.94,Indian Mackerel,888.92,1724.1,515.58,28.91,32.66,4.01,0.95,441.3,6.19,26.32,2.21,0.292,0.0,observed_and_verified_proxy
2013-06-01,2013,6,2,Thiruvananthapuram,South,8.52,76.94,Seer Fish,332.84,1724.1,193.05,28.91,32.66,4.01,0.95,441.3,6.19,26.32,2.21,0.182,0.0,observed_and_verified_proxy
2013-06-01,2013,6,2,Thiruvananthapuram,South,8.52,76.94,Tuna,396.91,1724.1,230.21,28.91,32.66,4.01,0.95,441.3,6.19,26.32,2.21,0.202,0.0,observed_and_verified_proxy
2013-07-01,2013,7,3,Thiruvananthapuram,South,8.52,76.94,Oil Sardine,2508.03,2232.6,1123.39,27.27,33.57,3.88,1.0,222.9,5.36,25.44,2.8,0.492,0.0,observed_and_verified_proxy
2013-07-01,2013,7,3,Thiruvananthapuram,South,8.52,76.94,Indian Mackerel,1222.08,2232.6,547.39,27.27,33.57,3.88,1.0,222.9,5.36,25.44,2.8,0.419,0.0,observed_and_verified_proxy
2013-07-01,2013,7,3,Thiruvananthapuram,South,8.52,76.94,Seer Fish,691.49,2232.6,309.73,27.27,33.57,3.88,1.0,222.9,5.36,25.44,2.8,0.343,0.0,observed_and_verified_proxy
2013-07-01,2013,7,3,Thiruvananthapuram,South,8.52,76.94,Tuna,639.01,2232.6,286.22,27.27,33.57,3.88,1.0,222.9,5.36,25.44,2.8,0.331,0.0,observed_and_verified_proxy
2013-08-01,2013,8,3,Thiruvananthapuram,South,8.52,76.94,Oil Sardine,2416.48,2117.0,1141.48,26.55,33.96,3.48,0.9,129.0,5.24,25.42,2.21,0.464,0.0,observed_and_verified_proxy
2013-08-01,2013,8,3,Thiruvananthapuram,South,8.52,76.94,Indian Mackerel,1249.43,2117.0,590.2,26.55,33.96,3.48,0.9,129.0,5.24,25.42,2.21,0.4,0.0,observed_and_verified_proxy
2013-08-01,2013,8,3,Thiruvananthapuram,South,8.52,76.94,Seer Fish,664.9,2117.0,314.08,26.55,33.96,3.48,0.9,129.0,5.24,25.42,2.21,0.32,0.0,observed_and_verified_proxy
2013-08-01,2013,8,3,Thiruvananthapuram,South,8.52,76.94,Tuna,584.17,2117.0,275.95,26.55,33.96,3.48,0.9,129.0,5.24,25.42,2.21,0.302,0.0,observed_and_verified_proxy
2013-09-01,2013,9,3,Thiruvananthapuram,South,8.52,76.94,Oil Sardine,2065.38,2024.7,1020.08,26.93,33.82,2.68,0.6,162.6,5.2,25.82,1.36,0.431,0.0,observed_and_verified_proxy
2013-09-01,2013,9,3,Thiruvananthapuram,South,8.52,76.94,Indian Mackerel,1401.64,2024.7,692.26,26.93,33.82,2.68,0.6,162.6,5.2,25.82,1.36,0.395,0.0,observed_and_verified_proxy
2013-09-01,2013,9,3,Thiruvananthapuram,South,8.52,76.94,Seer Fish,660.63,2024.7,326.28,26.93,33.82,2.68,0.6,162.6,5.2,25.82,1.36,0.305,0.0,observed_and_verified_proxy
2013-09-01,2013,9,3,Thiruvananthapuram,South,8.52,76.94,Tuna,582.87,2024.7,287.88,26.93,33.82,2.68,0.6,162.6,5.2,25.82,1.36,0.288,0.0,observed_and_verified_proxy
2013-10-01,2013,10,4,Thiruvananthapuram,South,8.52,76.94,Oil Sardine,2580.04,3485.6,740.2,27.07,33.7,1.88,0.3,190.8,4.26,26.12,1.05,0.772,0.0,observed_and_verified_proxy
2013-10-01,2013,10,4,Thiruvananthapuram,South,8.52,76.94,Indian Mackerel,2137.16,3485.6,613.14,27.07,33.7,1.88,0.3,190.8,4.26,26.12,1.05,0.747,0.0,observed_and_verified_proxy
2013-10-01,2013,10,4,Thiruvananthapuram,South,8.52,76.94,Seer Fish,918.69,3485.6,263.57,27.07,33.7,1.88,0.3,190.8,4.26,26.12,1.05,0.597,0.191,observed_and_verified_proxy
2013-10-01,2013,10,4,Thiruvananthapuram,South,8.52,76.94,Tuna,1513.08,3485.6,434.1,27.07,33.7,1.88,0.3,190.8,4.26,26.12,1.05,0.693,0.0,observed_and_verified_proxy
2013-11-01,2013,11,4,Thiruvananthapuram,South,8.52,76.94,Oil Sardine,2125.27,3657.5,581.06,27.14,33.41,1.46,0.12,261.3,2.28,26.52,1.0,0.783,0.0,observed_and_verified_proxy
2013-11-01,2013,11,4,Thiruvananthapuram,South,8.52,76.94,Indian Mackerel,2191.77,3657.5,599.25,27.14,33.41,1.46,0.12,261.3,2.28,26.52,1.0,0.788,0.0,observed_and_verified_proxy
2013-11-01,2013,11,4,Thiruvananthapuram,South,8.52,76.94,Seer Fish,914.32,3657.5,249.98,27.14,33.41,1.46,0.12,261.3,2.28,26.52,1.0,0.626,0.258,observed_and_verified_proxy
2013-11-01,2013,11,4,Thiruvananthapuram,South,8.52,76.94,Tuna,1435.34,3657.5,392.43,27.14,33.41,1.46,0.12,261.3,2.28,26.52,1.0,0.718,0.061,observed_and_verified_proxy
2013-12-01,2013,12,4,Thiruvananthapuram,South,8.52,76.94,Oil Sardine,2188.57,3538.1,618.56,27.51,34.34,1.01,0.06,37.5,3.61,25.77,1.0,0.762,0.0,observed_and_verified_proxy
2013-12-01,2013,12,4,Thiruvananthapuram,South,8.52,76.94,Indian Mackerel,2207.63,3538.1,623.95,27.51,34.34,1.01,0.06,37.5,3.61,25.77,1.0,0.763,0.0,observed_and_verified_proxy
2013-12-01,2013,12,4,Thiruvananthapuram,South,8.52,76.94,Seer Fish,922.38,3538.1,260.7,27.51,34.34,1.01,0.06,37.5,3.61,25.77,1.0,0.607,0.21,observed_and_verified_proxy
2013-12-01,2013,12,4,Thiruvananthapuram,South,8.52,76.94,Tuna,1447.8,3538.1,409.2,27.51,34.34,1.01,0.06,37.5,3.61,25.77,1.0,0.696,0.0,observed_and_verified_proxy
2013-01-01,2013,1,1,Malappuram,North,11.07,76.07,Oil Sardine,1228.55,2241.0,548.22,28.14,34.5,0.94,0.05,0.9,2.52,27.09,1.0,0.542,0.0,observed_and_verified_proxy
2013-01-01,2013,1,1,Malappuram,North,11.07,76.07,Indian Mackerel,1255.09,2241.0,560.06,28.14,34.5,0.94,0.05,0.9,2.52,27.09,1.0,0.545,0.0,observed_and_verified_proxy
2013-01-01,2013,1,1,Malappuram,North,11.07,76.07,Seer Fish,407.84,2241.0,181.99,28.14,34.5,0.94,0.05,0.9,2.52,27.09,1.0,0.342,0.041,observed_and_verified_proxy
2013-01-01,2013,1,1,Malappuram,North,11.07,76.07,Tuna,917.97,2241.0,409.63,28.14,34.5,0.94,0.05,0.9,2.52,27.09,1.0,0.493,0.0,observed_and_verified_proxy
2013-02-01,2013,2,1,Malappuram,North,11.07,76.07,Oil Sardine,1235.4,2082.2,593.32,28.86,34.35,1.13,0.1,36.9,2.48,27.75,1.0,0.504,0.0,observed_and_verified_proxy
2013-02-01,2013,2,1,Malappuram,North,11.07,76.07,Indian Mackerel,1317.28,2082.2,632.64,28.86,34.35,1.13,0.1,36.9,2.48,27.75,1.0,0.513,0.0,observed_and_verified_proxy
2013-02-01,2013,2,1,Malappuram,North,11.07,76.07,Seer Fish,419.84,2082.2,201.63,28.86,34.35,1.13,0.1,36.9,2.48,27.75,1.0,0.323,0.0,observed_and_verified_proxy
2013-02-01,2013,2,1,Malappuram,North,11.07,76.07,Tuna,919.74,2082.2,441.72,28.86,34.35,1.13,0.1,36.9,2.48,27.75,1.0,0.459,0.0,observed_and_verified_proxy
2013-03-01,2013,3,1,Malappuram,North,11.07,76.07,Oil Sardine,1401.63,2225.1,629.92,29.49,34.35,1.4,0.2,36.0,2.43,28.8,1.0,0.558,0.0,observed_and_verified_proxy
2013-03-01,2013,3,1,Malappuram,North,11.07,76.07,Indian Mackerel,1288.59,2225.1,579.11,29.49,34.35,1.4,0.2,36.0,2.43,28.8,1.0,0.545,0.0,observed_and_verified_proxy
2013-03-01,2013,3,1,Malappuram,North,11.07,76.07,Seer Fish,400.31,2225.1,179.91,29.49,34.35,1.4,0.2,36.0,2.43,28.8,1.0,0.337,0.038,observed_and_verified_proxy
2013-03-01,2013,3,1,Malappuram,North,11.07,76.07,Tuna,911.25,2225.1,409.53,29.49,34.35,1.4,0.2,36.0,2.43,28.8,1.0,0.489,0.0,observed_and_verified_proxy
2013-04-01,2013,4,2,Malappuram,North,11.07,76.07,Oil Sardine,935.55,1314.3,711.82,29.85,34.44,1.8,0.35,14.1,3.14,28.95,1.05,0.291,0.0,observed_and_verified_proxy
2013-04-01,2013,4,2,Malappuram,North,11.07,76.07,Indian Mackerel,786.02,1314.3,598.05,29.85,34.44,1.8,0.35,14.1,3.14,28.95,1.05,0.273,0.0,observed_and_verified_proxy
2013-04-01,2013,4,2,Malappuram,North,11.07,76.07,Seer Fish,255.97,1314.3,194.76,29.85,34.44,1.8,0.35,14.1,3.14,28.95,1.05,0.151,0.0,observed_and_verified_proxy
2013-04-01,2013,4,2,Malappuram,North,11.07,76.07,Tuna,315.71,1314.3,240.21,29.85,34.44,1.8,0.35,14.1,3.14,28.95,1.05,0.173,0.0,observed_and_verified_proxy
2013-05-01,2013,5,2,Malappuram,North,11.07,76.07,Oil Sardine,1168.46,1285.3,909.08,29.77,33.78,2.84,0.65,173.4,3.54,28.12,1.36,0.306,0.0,observed_and_verified_proxy
2013-05-01,2013,5,2,Malappuram,North,11.07,76.07,Indian Mackerel,736.43,1285.3,572.95,29.77,33.78,2.84,0.65,173.4,3.54,28.12,1.36,0.26,0.0,observed_and_verified_proxy
2013-05-01,2013,5,2,Malappuram,North,11.07,76.07,Seer Fish,260.33,1285.3,202.54,29.77,33.78,2.84,0.65,173.4,3.54,28.12,1.36,0.15,0.0,observed_and_verified_proxy
2013-05-01,2013,5,2,Malappuram,North,11.07,76.07,Tuna,312.01,1285.3,242.75,29.77,33.78,2.84,0.65,173.4,3.54,28.12,1.36,0.168,0.0,observed_and_verified_proxy
2013-06-01,2013,6,2,Malappuram,North,11.07,76.07,Oil Sardine,1368.6,1329.4,1029.45,28.91,30.31,4.72,0.95,1005.0,4.36,25.96,2.21,0.331,0.0,observed_and_verified_proxy
2013-06-01,2013,6,2,Malappuram,North,11.07,76.07,Indian Mackerel,702.58,1329.4,528.47,28.91,30.31,4.72,0.95,1005.0,4.36,25.96,2.21,0.264,0.0,observed_and_verified_proxy
2013-06-01,2013,6,2,Malappuram,North,11.07,76.07,Seer Fish,268.04,1329.4,201.62,28.91,30.31,4.72,0.95,1005.0,4.36,25.96,2.21,0.158,0.0,observed_and_verified_proxy
2013-06-01,2013,6,2,Malappuram,North,11.07,76.07,Tuna,327.07,1329.4,246.02,28.91,30.31,4.72,0.95,1005.0,4.36,25.96,2.21,0.179,0.0,observed_and_verified_proxy
2013-07-01,2013,7,3,Malappuram,North,11.07,76.07,Oil Sardine,2085.36,1762.7,1183.04,27.27,30.2,4.89,1.0,1032.9,4.31,24.98,2.8,0.484,0.0,observed_and_verified_proxy
2013-07-01,2013,7,3,Malappuram,North,11.07,76.07,Indian Mackerel,1042.67,1762.7,591.51,27.27,30.2,4.89,1.0,1032.9,4.31,24.98,2.8,0.405,0.0,observed_and_verified_proxy
2013-07-01,2013,7,3,Malappuram,North,11.07,76.07,Seer Fish,533.24,1762.7,302.51,27.27,30.2,4.89,1.0,1032.9,4.31,24.98,2.8,0.309,0.0,observed_and_verified_proxy
2013-07-01,2013,7,3,Malappuram,North,11.07,76.07,Tuna,476.84,1762.7,270.52,27.27,30.2,4.89,1.0,1032.9,4.31,24.98,2.8,0.293,0.0,observed_and_verified_proxy
2013-08-01,2013,8,3,Malappuram,North,11.07,76.07,Oil Sardine,1969.42,1670.7,1178.79,26.55,32.78,3.84,0.9,413.7,3.73,25.01,2.21,0.453,0.0,observed_and_verified_proxy
2013-08-01,2013,8,3,Malappuram,North,11.07,76.07,Indian Mackerel,1030.4,1670.7,616.74,26.55,32.78,3.84,0.9,413.7,3.73,25.01,2.21,0.383,0.0,observed_and_verified_proxy
2013-08-01,2013,8,3,Malappuram,North,11.07,76.07,Seer Fish,510.12,1670.7,305.33,26.55,32.78,3.84,0.9,413.7,3.73,25.01,2.21,0.287,0.0,observed_and_verified_proxy
2013-08-01,2013,8,3,Malappuram,North,11.07,76.07,Tuna,457.95,1670.7,274.11,26.55,32.78,3.84,0.9,413.7,3.73,25.01,2.21,0.272,0.0,observed_and_verified_proxy
2013-09-01,2013,9,3,Malappuram,North,11.07,76.07,Oil Sardine,1589.34,1614.9,984.15,26.93,33.46,2.79,0.6,249.6,3.24,25.21,1.36,0.418,0.0,observed_and_verified_proxy
2013-09-01,2013,9,3,Malappuram,North,11.07,76.07,Indian Mackerel,1029.62,1614.9,637.56,26.93,33.46,2.79,0.6,249.6,3.24,25.21,1.36,0.37,0.0,observed_and_verified_proxy
2013-09-01,2013,9,3,Malappuram,North,11.07,76.07,Seer Fish,507.13,1614.9,314.03,26.93,33.46,2.79,0.6,249.6,3.24,25.21,1.36,0.277,0.0,observed_and_verified_proxy
2013-09-01,2013,9,3,Malappuram,North,11.07,76.07,Tuna,456.84,1614.9,282.88,26.93,33.46,2.79,0.6,249.6,3.24,25.21,1.36,0.262,0.0,observed_and_verified_proxy
2013-10-01,2013,10,4,Malappuram,North,11.07,76.07,Oil Sardine,1929.09,2573.9,749.49,27.07,33.72,1.87,0.3,187.2,3.09,25.68,1.05,0.695,0.0,observed_and_verified_proxy
2013-10-01,2013,10,4,Malappuram,North,11.07,76.07,Indian Mackerel,1602.18,2573.9,622.48,27.07,33.72,1.87,0.3,187.2,3.09,25.68,1.05,0.667,0.0,observed_and_verified_proxy
2013-10-01,2013,10,4,Malappuram,North,11.07,76.07,Seer Fish,717.46,2573.9,278.75,27.07,33.72,1.87,0.3,187.2,3.09,25.68,1.05,0.516,0.051,observed_and_verified_proxy
2013-10-01,2013,10,4,Malappuram,North,11.07,76.07,Tuna,1126.77,2573.9,437.77,27.07,33.72,1.87,0.3,187.2,3.09,25.68,1.05,0.606,0.0,observed_and_verified_proxy
2013-11-01,2013,11,4,Malappuram,North,11.07,76.07,Oil Sardine,1809.33,2489.1,726.9,27.14,34.09,1.26,0.12,98.4,1.69,26.29,1.0,0.663,0.0,observed_and_verified_proxy
2013-11-01,2013,11,4,Malappuram,North,11.07,76.07,Indian Mackerel,1706.51,2489.1,685.6,27.14,34.09,1.26,0.12,98.4,1.69,26.29,1.0,0.655,0.0,observed_and_verified_proxy
2013-11-01,2013,11,4,Malappuram,North,11.07,76.07,Seer Fish,758.52,2489.1,304.74,27.14,34.09,1.26,0.12,98.4,1.69,26.29,1.0,0.51,0.0,observed_and_verified_proxy
2013-11-01,2013,11,4,Malappuram,North,11.07,76.07,Tuna,1184.06,2489.1,475.7,27.14,34.09,1.26,0.12,98.4,1.69,26.29,1.0,0.595,0.0,observed_and_verified_proxy
2013-12-01,2013,12,4,Malappuram,North,11.07,76.07,Oil Sardine,1689.87,2462.1,686.36,27.51,34.42,0.99,0.06,18.0,2.04,25.65,1.0,0.646,0.0,observed_and_verified_proxy
2013-12-01,2013,12,4,Malappuram,North,11.07,76.07,Indian Mackerel,1748.04,2462.1,709.99,27.51,34.42,0.99,0.06,18.0,2.04,25.65,1.0,0.651,0.0,observed_and_verified_proxy
2013-12-01,2013,12,4,Malappuram,North,11.07,76.07,Seer Fish,736.43,2462.1,299.11,27.51,34.42,0.99,0.06,18.0,2.04,25.65,1.0,0.499,0.0,observed_and_verified_proxy
2013-12-01,2013,12,4,Malappuram,North,11.07,76.07,Tuna,1188.6,2462.1,482.76,27.51,34.42,0.99,0.06,18.0,2.04,25.65,1.0,0.589,0.0,observed_and_verified_proxy
2013-01-01,2013,1,1,Thrissur,Central,10.52,76.21,Oil Sardine,927.02,1526.2,607.4,28.14,34.49,0.94,0.05,3.0,2.33,28.31,1.0,0.472,0.0,observed_and_verified_proxy
2013-01-01,2013,1,1,Thrissur,Central,10.52,76.21,Indian Mackerel,901.34,1526.2,590.58,28.14,34.49,0.94,0.05,3.0,2.33,28.31,1.0,0.467,0.0,observed_and_verified_proxy
2013-01-01,2013,1,1,Thrissur,Central,10.52,76.21,Seer Fish,298.0,1526.2,195.25,28.14,34.49,0.94,0.05,3.0,2.33,28.31,1.0,0.271,0.0,observed_and_verified_proxy
2013-01-01,2013,1,1,Thrissur,Central,10.52,76.21,Tuna,596.73,1526.2,390.99,28.14,34.49,0.94,0.05,3.0,2.33,28.31,1.0,0.395,0.0,observed_and_verified_proxy
2013-02-01,2013,2,1,Thrissur,Central,10.52,76.21,Oil Sardine,955.92,1459.3,655.05,28.86,34.17,1.18,0.1,78.6,2.51,28.5,1.0,0.456,0.0,observed_and_verified_proxy
2013-02-01,2013,2,1,Thrissur,Central,10.52,76.21,Indian Mackerel,950.43,1459.3,651.29,28.86,34.17,1.18,0.1,78.6,2.51,28.5,1.0,0.455,0.0,observed_and_verified_proxy
2013-02-01,2013,2,1,Thrissur,Central,10.52,76.21,Seer Fish,296.27,1459.3,203.02,28.86,34.17,1.18,0.1,78.6,2.51,28.5,1.0,0.259,0.0,observed_and_verified_proxy
2013-02-01,2013,2,1,Thrissur,Central,10.52,76.21,Tuna,631.32,1459.3,432.61,28.86,34.17,1.18,0.1,78.6,2.51,28.5,1.0,0.388,0.0,observed_and_verified_proxy
2013-03-01,2013,3,1,Thrissur,Central,10.52,76.21,Oil Sardine,1009.7,1448.8,696.91,29.49,34.31,1.42,0.2,45.3,2.44,29.43,1.0,0.461,0.0,observed_and_verified_proxy
2013-03-01,2013,3,1,Thrissur,Central,10.52,76.21,Indian Mackerel,880.22,1448.8,607.53,29.49,34.31,1.42,0.2,45.3,2.44,29.43,1.0,0.44,0.0,observed_and_verified_proxy
2013-03-01,2013,3,1,Thrissur,Central,10.52,76.21,Seer Fish,296.76,1448.8,204.83,29.49,34.31,1.42,0.2,45.3,2.44,29.43,1.0,0.257,0.0,observed_and_verified_proxy
2013-03-01,2013,3,1,Thrissur,Central,10.52,76.21,Tuna,650.4,1448.8,448.92,29.49,34.31,1.42,0.2,45.3,2.44,29.43,1.0,0.39,0.0,observed_and_verified_proxy
2013-04-01,2013,4,2,Thrissur,Central,10.52,76.21,Oil Sardine,655.79,1015.5,645.77,29.85,34.43,1.8,0.35,17.4,3.57,29.84,1.05,0.274,0.0,observed_and_verified_proxy
2013-04-01,2013,4,2,Thrissur,Central,10.52,76.21,Indian Mackerel,521.31,1015.5,513.34,29.85,34.43,1.8,0.35,17.4,3.57,29.84,1.05,0.247,0.0,observed_and_verified_proxy
2013-04-01,2013,4,2,Thrissur,Central,10.52,76.21,Seer Fish,177.96,1015.5,175.24,29.85,34.43,1.8,0.35,17.4,3.57,29.84,1.05,0.127,0.0,observed_and_verified_proxy
2013-04-01,2013,4,2,Thrissur,Central,10.52,76.21,Tuna,220.82,1015.5,217.45,29.85,34.43,1.8,0.35,17.4,3.57,29.84,1.05,0.148,0.0,observed_and_verified_proxy
2013-05-01,2013,5,2,Thrissur,Central,10.52,76.21,Oil Sardine,854.88,1033.0,827.54,29.77,33.65,2.87,0.65,203.7,4.19,28.43,1.36,0.31,0.0,observed_and_verified_proxy
2013-05-01,2013,5,2,Thrissur,Central,10.52,76.21,Indian Mackerel,488.38,1033.0,472.76,29.77,33.65,2.87,0.65,203.7,4.19,28.43,1.36,0.243,0.0,observed_and_verified_proxy
2013-05-01,2013,5,2,Thrissur,Central,10.52,76.21,Seer Fish,176.59,1033.0,170.94,29.77,33.65,2.87,0.65,203.7,4.19,28.43,1.36,0.128,0.0,observed_and_verified_proxy
2013-05-01,2013,5,2,Thrissur,Central,10.52,76.21,Tuna,217.56,1033.0,210.6,29.77,33.65,2.87,0.65,203.7,4.19,28.43,1.36,0.149,0.0,observed_and_verified_proxy
2013-06-01,2013,6,2,Thrissur,Central,10.52,76.21,Oil Sardine,969.36,916.3,1057.87,28.91,30.75,4.58,0.95,899.1,4.89,26.48,2.21,0.288,0.0,observed_and_verified_proxy
2013-06-01,2013,6,2,Thrissur,Central,10.52,76.21,Indian Mackerel,468.09,916.3,510.83,28.91,30.75,4.58,0.95,899.1,4.89,26.48,2.21,0.211,0.0,observed_and_verified_proxy
2013-06-01,2013,6,2,Thrissur,Central,10.52,76.21,Seer Fish,177.8,916.3,194.03,28.91,30.75,4.58,0.95,899.1,4.89,26.48,2.21,0.114,0.0,observed_and_verified_proxy
2013-06-01,2013,6,2,Thrissur,Central,10.52,76.21,Tuna,217.06,916.3,236.87,28.91,30.75,4.58,0.95,899.1,4.89,26.48,2.21,0.132,0.0,observed_and_verified_proxy
2013-07-01,2013,7,3,Thrissur,Central,10.52,76.21,Oil Sardine,1484.34,1218.9,1217.76,27.27,32.16,4.3,1.0,561.3,4.43,25.63,2.8,0.434,0.0,observed_and_verified_proxy
2013-07-01,2013,7,3,Thrissur,Central,10.52,76.21,Indian Mackerel,741.58,1218.9,608.4,27.27,32.16,4.3,1.0,561.3,4.43,25.63,2.8,0.347,0.0,observed_and_verified_proxy
2013-07-01,2013,7,3,Thrissur,Central,10.52,76.21,Seer Fish,384.59,1218.9,315.52,27.27,32.16,4.3,1.0,561.3,4.43,25.63,2.8,0.252,0.0,observed_and_verified_proxy
2013-07-01,2013,7,3,Thrissur,Central,10.52,76.21,Tuna,332.27,1218.9,272.59,27.27,32.16,4.3,1.0,561.3,4.43,25.63,2.8,0.232,0.0,observed_and_verified_proxy
2013-08-01,2013,8,3,Thrissur,Central,10.52,76.21,Oil Sardine,1456.15,1279.3,1138.21,26.55,33.38,3.66,0.9,269.1,4.08,25.66,2.21,0.453,0.0,observed_and_verified_proxy
2013-08-01,2013,8,3,Thrissur,Central,10.52,76.21,Indian Mackerel,715.41,1279.3,559.21,26.55,33.38,3.66,0.9,269.1,4.08,25.66,2.21,0.359,0.0,observed_and_verified_proxy
2013-08-01,2013,8,3,Thrissur,Central,10.52,76.21,Seer Fish,360.45,1279.3,281.75,26.55,33.38,3.66,0.9,269.1,4.08,25.66,2.21,0.255,0.0,observed_and_verified_proxy
2013-08-01,2013,8,3,Thrissur,Central,10.52,76.21,Tuna,348.65,1279.3,272.52,26.55,33.38,3.66,0.9,269.1,4.08,25.66,2.21,0.25,0.0,observed_and_verified_proxy
2013-09-01,2013,9,3,Thrissur,Central,10.52,76.21,Oil Sardine,1175.32,1147.0,1024.69,26.93,33.66,2.73,0.6,201.0,3.89,25.96,1.36,0.383,0.0,observed_and_verified_proxy
2013-09-01,2013,9,3,Thrissur,Central,10.52,76.21,Indian Mackerel,788.84,1147.0,687.74,26.93,33.66,2.73,0.6,201.0,3.89,25.96,1.36,0.334,0.0,observed_and_verified_proxy
2013-09-01,2013,9,3,Thrissur,Central,10.52,76.21,Seer Fish,366.92,1147.0,319.9,26.93,33.66,2.73,0.6,201.0,3.89,25.96,1.36,0.231,0.0,observed_and_verified_proxy
2013-09-01,2013,9,3,Thrissur,Central,10.52,76.21,Tuna,339.22,1147.0,295.74,26.93,33.66,2.73,0.6,201.0,3.89,25.96,1.36,0.221,0.0,observed_and_verified_proxy
2013-10-01,2013,10,4,Thrissur,Central,10.52,76.21,Oil Sardine,1354.7,1797.7,753.58,27.07,33.64,1.9,0.3,206.1,3.23,26.22,1.05,0.625,0.0,observed_and_verified_proxy
2013-10-01,2013,10,4,Thrissur,Central,10.52,76.21,Indian Mackerel,1154.71,1797.7,642.33,27.07,33.64,1.9,0.3,206.1,3.23,26.22,1.05,0.597,0.0,observed_and_verified_proxy
2013-10-01,2013,10,4,Thrissur,Central,10.52,76.21,Seer Fish,508.82,1797.7,283.05,27.07,33.64,1.9,0.3,206.1,3.23,26.22,1.05,0.432,0.0,observed_and_verified_proxy
2013-10-01,2013,10,4,Thrissur,Central,10.52,76.21,Tuna,793.98,1797.7,441.67,27.07,33.64,1.9,0.3,206.1,3.23,26.22,1.05,0.525,0.0,observed_and_verified_proxy
2013-11-01,2013,11,4,Thrissur,Central,10.52,76.21,Oil Sardine,1282.71,1895.0,676.91,27.14,33.67,1.39,0.12,200.1,1.9,26.73,1.0,0.649,0.0,observed_and_verified_proxy
2013-11-01,2013,11,4,Thrissur,Central,10.52,76.21,Indian Mackerel,1187.76,1895.0,626.8,27.14,33.67,1.39,0.12,200.1,1.9,26.73,1.0,0.635,0.0,observed_and_verified_proxy
2013-11-01,2013,11,4,Thrissur,Central,10.52,76.21,Seer Fish,545.19,1895.0,287.71,27.14,33.67,1.39,0.12,200.1,1.9,26.73,1.0,0.471,0.0,observed_and_verified_proxy
2013-11-01,2013,11,4,Thrissur,Central,10.52,76.21,Tuna,862.36,1895.0,455.08,27.14,33.67,1.39,0.12,200.1,1.9,26.73,1.0,0.571,0.0,observed_and_verified_proxy
2013-12-01,2013,12,4,Thrissur,Central,10.52,76.21,Oil Sardine,1212.76,1974.6,614.18,27.51,34.31,1.03,0.06,46.2,2.19,26.41,1.0,0.666,0.0,observed_and_verified_proxy
2013-12-01,2013,12,4,Thrissur,Central,10.52,76.21,Indian Mackerel,1209.21,1974.6,612.38,27.51,34.31,1.03,0.06,46.2,2.19,26.41,1.0,0.665,0.0,observed_and_verified_proxy
2013-12-01,2013,12,4,Thrissur,Central,10.52,76.21,Seer Fish,506.57,1974.6,256.54,27.51,34.31,1.03,0.06,46.2,2.19,26.41,1.0,0.473,0.045,observed_and_verified_proxy
2013-12-01,2013,12,4,Thrissur,Central,10.52,76.21,Tuna,783.86,1974.6,396.97,27.51,34.31,1.03,0.06,46.2,2.19,26.41,1.0,0.574,0.0,observed_and_verified_proxy
2013-01-01,2013,1,1,Kasaragod,North,12.5,74.99,Oil Sardine,520.31,971.6,535.52,28.14,34.5,0.94,0.05,0.9,2.52,27.09,1.0,0.393,0.0,observed_and_verified_proxy
2013-01-01,2013,1,1,Kasaragod,North,12.5,74.99,Indian Mackerel,541.34,971.6,557.16,28.14,34.5,0.94,0.05,0.9,2.52,27.09,1.0,0.401,0.0,observed_and_verified_proxy
2013-01-01,2013,1,1,Kasaragod,North,12.5,74.99,Seer Fish,169.72,971.6,174.68,28.14,34.5,0.94,0.05,0.9,2.52,27.09,1.0,0.195,0.0,observed_and_verified_proxy
2013-01-01,2013,1,1,Kasaragod,North,12.5,74.99,Tuna,370.42,971.6,381.24,28.14,34.5,0.94,0.05,0.9,2.52,27.09,1.0,0.328,0.0,observed_and_verified_proxy
2013-02-01,2013,2,1,Kasaragod,North,12.5,74.99,Oil Sardine,533.91,876.4,609.2,28.86,34.35,1.13,0.1,36.9,2.48,27.75,1.0,0.359,0.0,observed_and_verified_proxy
2013-02-01,2013,2,1,Kasaragod,North,12.5,74.99,Indian Mackerel,556.05,876.4,634.46,28.86,34.35,1.13,0.1,36.9,2.48,27.75,1.0,0.366,0.0,observed_and_verified_proxy
2013-02-01,2013,2,1,Kasaragod,North,12.5,74.99,Seer Fish,186.55,876.4,212.85,28.86,34.35,1.13,0.1,36.9,2.48,27.75,1.0,0.189,0.0,observed_and_verified_proxy
2013-02-01,2013,2,1,Kasaragod,North,12.5,74.99,Tuna,386.56,876.4,441.06,28.86,34.35,1.13,0.1,36.9,2.48,27.75,1.0,0.303,0.0,observed_and_verified_proxy
2013-03-01,2013,3,1,Kasaragod,North,12.5,74.99,Oil Sardine,574.6,970.5,592.07,29.49,34.35,1.4,0.2,36.0,2.43,28.8,1.0,0.412,0.0,observed_and_verified_proxy
2013-03-01,2013,3,1,Kasaragod,North,12.5,74.99,Indian Mackerel,520.27,970.5,536.08,29.49,34.35,1.4,0.2,36.0,2.43,28.8,1.0,0.393,0.0,observed_and_verified_proxy
2013-03-01,2013,3,1,Kasaragod,North,12.5,74.99,Seer Fish,172.89,970.5,178.14,29.49,34.35,1.4,0.2,36.0,2.43,28.8,1.0,0.198,0.0,observed_and_verified_proxy
2013-03-01,2013,3,1,Kasaragod,North,12.5,74.99,Tuna,364.81,970.5,375.9,29.49,34.35,1.4,0.2,36.0,2.43,28.8,1.0,0.325,0.0,observed_and_verified_proxy
2013-04-01,2013,4,2,Kasaragod,North,12.5,74.99,Oil Sardine,397.23,545.0,728.89,29.85,34.44,1.8,0.35,14.1,3.14,28.95,1.05,0.191,0.0,observed_and_verified_proxy
2013-04-01,2013,4,2,Kasaragod,North,12.5,74.99,Indian Mackerel,327.81,545.0,601.51,29.85,34.44,1.8,0.35,14.1,3.14,28.95,1.05,0.171,0.0,observed_and_verified_proxy
2013-04-01,2013,4,2,Kasaragod,North,12.5,74.99,Seer Fish,107.55,545.0,197.35,29.85,34.44,1.8,0.35,14.1,3.14,28.95,1.05,0.077,0.0,observed_and_verified_proxy
2013-04-01,2013,4,2,Kasaragod,North,12.5,74.99,Tuna,141.52,545.0,259.67,29.85,34.44,1.8,0.35,14.1,3.14,28.95,1.05,0.095,0.0,observed_and_verified_proxy
2013-05-01,2013,5,2,Kasaragod,North,12.5,74.99,Oil Sardine,473.18,569.0,831.67,29.77,33.78,2.84,0.65,173.4,3.54,28.12,1.36,0.22,0.0,observed_and_verified_proxy
2013-05-01,2013,5,2,Kasaragod,North,12.5,74.99,Indian Mackerel,290.71,569.0,510.95,29.77,33.78,2.84,0.65,173.4,3.54,28.12,1.36,0.166,0.0,observed_and_verified_proxy
2013-05-01,2013,5,2,Kasaragod,North,12.5,74.99,Seer Fish,114.94,569.0,202.02,29.77,33.78,2.84,0.65,173.4,3.54,28.12,1.36,0.084,0.0,observed_and_verified_proxy
2013-05-01,2013,5,2,Kasaragod,North,12.5,74.99,Tuna,129.68,569.0,227.92,29.77,33.78,2.84,0.65,173.4,3.54,28.12,1.36,0.093,0.0,observed_and_verified_proxy
2013-06-01,2013,6,2,Kasaragod,North,12.5,74.99,Oil Sardine,586.2,597.4,981.21,28.91,30.31,4.72,0.95,1005.0,4.36,25.96,2.21,0.256,0.0,observed_and_verified_proxy
2013-06-01,2013,6,2,Kasaragod,North,12.5,74.99,Indian Mackerel,302.04,597.4,505.56,28.91,30.31,4.72,0.95,1005.0,4.36,25.96,2.21,0.179,0.0,observed_and_verified_proxy
2013-06-01,2013,6,2,Kasaragod,North,12.5,74.99,Seer Fish,114.79,597.4,192.15,28.91,30.31,4.72,0.95,1005.0,4.36,25.96,2.21,0.089,0.0,observed_and_verified_proxy
2013-06-01,2013,6,2,Kasaragod,North,12.5,74.99,Tuna,136.6,597.4,228.64,28.91,30.31,4.72,0.95,1005.0,4.36,25.96,2.21,0.102,0.0,observed_and_verified_proxy
2013-07-01,2013,7,3,Kasaragod,North,12.5,74.99,Oil Sardine,923.05,681.1,1355.2,27.27,30.2,4.89,1.0,1032.9,4.31,24.98,2.8,0.351,0.0,observed_and_verified_proxy
2013-07-01,2013,7,3,Kasaragod,North,12.5,74.99,Indian Mackerel,418.86,681.1,614.96,27.27,30.2,4.89,1.0,1032.9,4.31,24.98,2.8,0.246,0.0,observed_and_verified_proxy
2013-07-01,2013,7,3,Kasaragod,North,12.5,74.99,Seer Fish,212.34,681.1,311.75,27.27,30.2,4.89,1.0,1032.9,4.31,24.98,2.8,0.161,0.0,observed_and_verified_proxy
2013-07-01,2013,7,3,Kasaragod,North,12.5,74.99,Tuna,197.87,681.1,290.51,27.27,30.2,4.89,1.0,1032.9,4.31,24.98,2.8,0.153,0.0,observed_and_verified_proxy
2013-08-01,2013,8,3,Kasaragod,North,12.5,74.99,Oil Sardine,852.57,766.6,1112.07,26.55,32.78,3.84,0.9,413.7,3.73,25.01,2.21,0.384,0.0,observed_and_verified_proxy
2013-08-01,2013,8,3,Kasaragod,North,12.5,74.99,Indian Mackerel,442.09,766.6,576.66,26.55,32.78,3.84,0.9,413.7,3.73,25.01,2.21,0.286,0.0,observed_and_verified_proxy
2013-08-01,2013,8,3,Kasaragod,North,12.5,74.99,Seer Fish,226.97,766.6,296.06,26.55,32.78,3.84,0.9,413.7,3.73,25.01,2.21,0.19,0.0,observed_and_verified_proxy
2013-08-01,2013,8,3,Kasaragod,North,12.5,74.99,Tuna,195.13,766.6,254.52,26.55,32.78,3.84,0.9,413.7,3.73,25.01,2.21,0.171,0.0,observed_and_verified_proxy
2013-09-01,2013,9,3,Kasaragod,North,12.5,74.99,Oil Sardine,697.05,753.3,925.33,26.93,33.46,2.79,0.6,249.6,3.24,25.21,1.36,0.348,0.0,observed_and_verified_proxy
2013-09-01,2013,9,3,Kasaragod,North,12.5,74.99,Indian Mackerel,453.84,753.3,602.47,26.93,33.46,2.79,0.6,249.6,3.24,25.21,1.36,0.284,0.0,observed_and_verified_proxy
2013-09-01,2013,9,3,Kasaragod,North,12.5,74.99,Seer Fish,229.42,753.3,304.55,26.93,33.46,2.79,0.6,249.6,3.24,25.21,1.36,0.188,0.0,observed_and_verified_proxy
2013-09-01,2013,9,3,Kasaragod,North,12.5,74.99,Tuna,209.4,753.3,277.97,26.93,33.46,2.79,0.6,249.6,3.24,25.21,1.36,0.176,0.0,observed_and_verified_proxy
2013-10-01,2013,10,4,Kasaragod,North,12.5,74.99,Oil Sardine,871.55,1144.4,761.56,27.07,33.72,1.87,0.3,187.2,3.09,25.68,1.05,0.577,0.0,observed_and_verified_proxy
2013-10-01,2013,10,4,Kasaragod,North,12.5,74.99,Indian Mackerel,666.82,1144.4,582.67,27.07,33.72,1.87,0.3,187.2,3.09,25.68,1.05,0.519,0.0,observed_and_verified_proxy
2013-10-01,2013,10,4,Kasaragod,North,12.5,74.99,Seer Fish,324.19,1144.4,283.28,27.07,33.72,1.87,0.3,187.2,3.09,25.68,1.05,0.357,0.0,observed_and_verified_proxy
2013-10-01,2013,10,4,Kasaragod,North,12.5,74.99,Tuna,494.94,1144.4,432.48,27.07,33.72,1.87,0.3,187.2,3.09,25.68,1.05,0.452,0.0,observed_and_verified_proxy
2013-11-01,2013,11,4,Kasaragod,North,12.5,74.99,Oil Sardine,741.29,1191.7,622.07,27.14,34.09,1.26,0.12,98.4,1.69,26.29,1.0,0.565,0.0,observed_and_verified_proxy
2013-11-01,2013,11,4,Kasaragod,North,12.5,74.99,Indian Mackerel,719.28,1191.7,603.6,27.14,34.09,1.26,0.12,98.4,1.69,26.29,1.0,0.558,0.0,observed_and_verified_proxy
2013-11-01,2013,11,4,Kasaragod,North,12.5,74.99,Seer Fish,329.16,1191.7,276.22,27.14,34.09,1.26,0.12,98.4,1.69,26.29,1.0,0.375,0.0,observed_and_verified_proxy
2013-11-01,2013,11,4,Kasaragod,North,12.5,74.99,Tuna,480.52,1191.7,403.23,27.14,34.09,1.26,0.12,98.4,1.69,26.29,1.0,0.463,0.0,observed_and_verified_proxy
2013-12-01,2013,12,4,Kasaragod,North,12.5,74.99,Oil Sardine,694.76,1166.6,595.54,27.51,34.42,0.99,0.06,18.0,2.04,25.65,1.0,0.538,0.0,observed_and_verified_proxy
2013-12-01,2013,12,4,Kasaragod,North,12.5,74.99,Indian Mackerel,725.31,1166.6,621.73,27.51,34.42,0.99,0.06,18.0,2.04,25.65,1.0,0.548,0.0,observed_and_verified_proxy
2013-12-01,2013,12,4,Kasaragod,North,12.5,74.99,Seer Fish,318.26,1166.6,272.81,27.51,34.42,0.99,0.06,18.0,2.04,25.65,1.0,0.36,0.0,observed_and_verified_proxy
2013-12-01,2013,12,4,Kasaragod,North,12.5,74.99,Tuna,504.27,1166.6,432.26,27.51,34.42,0.99,0.06,18.0,2.04,25.65,1.0,0.465,0.0,observed_and_verified_proxy
2014-01-01,2014,1,1,Kozhikode,North,11.25,75.78,Oil Sardine,1277.56,5557.2,229.89,28.14,34.49,0.94,0.05,2.7,2.31,26.86,1.0,0.501,0.14,observed_and_verified_proxy
2014-01-01,2014,1,1,Kozhikode,North,11.25,75.78,Indian Mackerel,2930.09,5557.2,527.26,28.14,34.49,0.94,0.05,2.7,2.31,26.86,1.0,0.595,0.0,observed_and_verified_proxy
2014-01-01,2014,1,1,Kozhikode,North,11.25,75.78,Seer Fish,931.61,5557.2,167.64,28.14,34.49,0.94,0.05,2.7,2.31,26.86,1.0,0.453,0.217,observed_and_verified_proxy
2014-01-01,2014,1,1,Kozhikode,North,11.25,75.78,Tuna,2076.05,5557.2,373.57,28.14,34.49,0.94,0.05,2.7,2.31,26.86,1.0,0.561,0.0,observed_and_verified_proxy
2014-02-01,2014,2,1,Kozhikode,North,11.25,75.78,Oil Sardine,1362.62,6023.9,226.2,28.86,34.49,1.08,0.1,1.5,2.69,27.6,1.0,0.552,0.215,observed_and_verified_proxy
2014-02-01,2014,2,1,Kozhikode,North,11.25,75.78,Indian Mackerel,3069.69,6023.9,509.58,28.86,34.49,1.08,0.1,1.5,2.69,27.6,1.0,0.649,0.0,observed_and_verified_proxy
2014-02-01,2014,2,1,Kozhikode,North,11.25,75.78,Seer Fish,922.85,6023.9,153.2,28.86,34.49,1.08,0.1,1.5,2.69,27.6,1.0,0.49,0.296,observed_and_verified_proxy
2014-02-01,2014,2,1,Kozhikode,North,11.25,75.78,Tuna,2144.31,6023.9,355.97,28.86,34.49,1.08,0.1,1.5,2.69,27.6,1.0,0.612,0.005,observed_and_verified_proxy
2014-03-01,2014,3,1,Kozhikode,North,11.25,75.78,Oil Sardine,1483.83,5607.0,264.64,29.49,34.47,1.37,0.2,7.2,2.61,29.09,1.0,0.526,0.095,observed_and_verified_proxy
2014-03-01,2014,3,1,Kozhikode,North,11.25,75.78,Indian Mackerel,2795.17,5607.0,498.52,29.49,34.47,1.37,0.2,7.2,2.61,29.09,1.0,0.596,0.0,observed_and_verified_proxy
2014-03-01,2014,3,1,Kozhikode,North,11.25,75.78,Seer Fish,927.87,5607.0,165.48,29.49,34.47,1.37,0.2,7.2,2.61,29.09,1.0,0.457,0.226,observed_and_verified_proxy
2014-03-01,2014,3,1,Kozhikode,North,11.25,75.78,Tuna,2039.68,5607.0,363.78,29.49,34.47,1.37,0.2,7.2,2.61,29.09,1.0,0.564,0.0,observed_and_verified_proxy
2014-04-01,2014,4,2,Kozhikode,North,11.25,75.78,Oil Sardine,1053.88,3799.7,277.36,29.85,34.2,1.87,0.35,71.4,2.55,28.67,1.05,0.323,0.0,observed_and_verified_proxy
2014-04-01,2014,4,2,Kozhikode,North,11.25,75.78,Indian Mackerel,1817.38,3799.7,478.3,29.85,34.2,1.87,0.35,71.4,2.55,28.67,1.05,0.373,0.0,observed_and_verified_proxy
2014-04-01,2014,4,2,Kozhikode,North,11.25,75.78,Seer Fish,606.34,3799.7,159.58,29.85,34.2,1.87,0.35,71.4,2.55,28.67,1.05,0.261,0.0,observed_and_verified_proxy
2014-04-01,2014,4,2,Kozhikode,North,11.25,75.78,Tuna,714.21,3799.7,187.97,29.85,34.2,1.87,0.35,71.4,2.55,28.67,1.05,0.28,0.0,observed_and_verified_proxy
2014-05-01,2014,5,2,Kozhikode,North,11.25,75.78,Oil Sardine,1199.35,3661.9,327.52,29.77,33.36,2.96,0.65,273.9,2.6,27.74,1.36,0.324,0.0,observed_and_verified_proxy
2014-05-01,2014,5,2,Kozhikode,North,11.25,75.78,Indian Mackerel,1683.54,3661.9,459.74,29.77,33.36,2.96,0.65,273.9,2.6,27.74,1.36,0.354,0.0,observed_and_verified_proxy
2014-05-01,2014,5,2,Kozhikode,North,11.25,75.78,Seer Fish,584.95,3661.9,159.74,29.77,33.36,2.96,0.65,273.9,2.6,27.74,1.36,0.247,0.0,observed_and_verified_proxy
2014-05-01,2014,5,2,Kozhikode,North,11.25,75.78,Tuna,759.73,3661.9,207.47,29.77,33.36,2.96,0.65,273.9,2.6,27.74,1.36,0.277,0.0,observed_and_verified_proxy
2014-06-01,2014,6,2,Kozhikode,North,11.25,75.78,Oil Sardine,1430.98,3904.6,366.49,28.91,32.7,4.0,0.95,432.3,4.0,26.95,2.21,0.363,0.0,observed_and_verified_proxy
2014-06-01,2014,6,2,Kozhikode,North,11.25,75.78,Indian Mackerel,1525.58,3904.6,390.72,28.91,32.7,4.0,0.95,432.3,4.0,26.95,2.21,0.369,0.0,observed_and_verified_proxy
2014-06-01,2014,6,2,Kozhikode,North,11.25,75.78,Seer Fish,565.74,3904.6,144.89,28.91,32.7,4.0,0.95,432.3,4.0,26.95,2.21,0.26,0.016,observed_and_verified_proxy
2014-06-01,2014,6,2,Kozhikode,North,11.25,75.78,Tuna,728.3,3904.6,186.53,28.91,32.7,4.0,0.95,432.3,4.0,26.95,2.21,0.29,0.0,observed_and_verified_proxy
2014-07-01,2014,7,3,Kozhikode,North,11.25,75.78,Oil Sardine,2221.16,4650.5,477.62,27.27,30.79,4.71,1.0,890.7,3.85,25.69,2.8,0.476,0.0,observed_and_verified_proxy
2014-07-01,2014,7,3,Kozhikode,North,11.25,75.78,Indian Mackerel,2233.02,4650.5,480.17,27.27,30.79,4.71,1.0,890.7,3.85,25.69,2.8,0.476,0.0,observed_and_verified_proxy
2014-07-01,2014,7,3,Kozhikode,North,11.25,75.78,Seer Fish,1151.32,4650.5,247.57,27.27,30.79,4.71,1.0,890.7,3.85,25.69,2.8,0.406,0.0,observed_and_verified_proxy
2014-07-01,2014,7,3,Kozhikode,North,11.25,75.78,Tuna,1146.12,4650.5,246.45,27.27,30.79,4.71,1.0,890.7,3.85,25.69,2.8,0.406,0.0,observed_and_verified_proxy
2014-08-01,2014,8,3,Kozhikode,North,11.25,75.78,Oil Sardine,2080.18,4748.5,438.07,26.55,31.72,4.15,0.9,666.9,3.42,25.12,2.21,0.48,0.0,observed_and_verified_proxy
2014-08-01,2014,8,3,Kozhikode,North,11.25,75.78,Indian Mackerel,2319.48,4748.5,488.47,26.55,31.72,4.15,0.9,666.9,3.42,25.12,2.21,0.49,0.0,observed_and_verified_proxy
2014-08-01,2014,8,3,Kozhikode,North,11.25,75.78,Seer Fish,1179.72,4748.5,248.44,26.55,31.72,4.15,0.9,666.9,3.42,25.12,2.21,0.418,0.0,observed_and_verified_proxy
2014-08-01,2014,8,3,Kozhikode,North,11.25,75.78,Tuna,1132.06,4748.5,238.4,26.55,31.72,4.15,0.9,666.9,3.42,25.12,2.21,0.413,0.007,observed_and_verified_proxy
2014-09-01,2014,9,3,Kozhikode,North,11.25,75.78,Oil Sardine,1791.12,4266.9,419.77,26.93,33.26,2.85,0.6,296.7,3.28,25.73,1.36,0.418,0.0,observed_and_verified_proxy
2014-09-01,2014,9,3,Kozhikode,North,11.25,75.78,Indian Mackerel,2633.81,4266.9,617.26,26.93,33.26,2.85,0.6,296.7,3.28,25.73,1.36,0.449,0.0,observed_and_verified_proxy
2014-09-01,2014,9,3,Kozhikode,North,11.25,75.78,Seer Fish,1158.46,4266.9,271.5,26.93,33.26,2.85,0.6,296.7,3.28,25.73,1.36,0.373,0.0,observed_and_verified_proxy
2014-09-01,2014,9,3,Kozhikode,North,11.25,75.78,Tuna,1053.67,4266.9,246.94,26.93,33.26,2.85,0.6,296.7,3.28,25.73,1.36,0.363,0.0,observed_and_verified_proxy
2014-10-01,2014,10,4,Kozhikode,North,11.25,75.78,Oil Sardine,2163.34,6855.5,315.56,27.07,33.45,1.96,0.3,252.3,2.28,26.02,1.05,0.698,0.206,observed_and_verified_proxy
2014-10-01,2014,10,4,Kozhikode,North,11.25,75.78,Indian Mackerel,3876.13,6855.5,565.4,27.07,33.45,1.96,0.3,252.3,2.28,26.02,1.05,0.761,0.0,observed_and_verified_proxy
2014-10-01,2014,10,4,Kozhikode,North,11.25,75.78,Seer Fish,1722.01,6855.5,251.19,27.07,33.45,1.96,0.3,252.3,2.28,26.02,1.05,0.666,0.307,observed_and_verified_proxy
2014-10-01,2014,10,4,Kozhikode,North,11.25,75.78,Tuna,2784.28,6855.5,406.14,27.07,33.45,1.96,0.3,252.3,2.28,26.02,1.05,0.728,0.044,observed_and_verified_proxy
2014-11-01,2014,11,4,Kozhikode,North,11.25,75.78,Oil Sardine,1729.47,7227.5,239.29,27.14,34.13,1.25,0.12,89.7,1.6,26.15,1.0,0.703,0.382,observed_and_verified_proxy
2014-11-01,2014,11,4,Kozhikode,North,11.25,75.78,Indian Mackerel,3728.07,7227.5,515.81,27.14,34.13,1.25,0.12,89.7,1.6,26.15,1.0,0.799,0.0,observed_and_verified_proxy
2014-11-01,2014,11,4,Kozhikode,North,11.25,75.78,Seer Fish,1775.78,7227.5,245.7,27.14,34.13,1.25,0.12,89.7,1.6,26.15,1.0,0.707,0.373,observed_and_verified_proxy
2014-11-01,2014,11,4,Kozhikode,North,11.25,75.78,Tuna,2552.13,7227.5,353.11,27.14,34.13,1.25,0.12,89.7,1.6,26.15,1.0,0.757,0.2,observed_and_verified_proxy
2014-12-01,2014,12,4,Kozhikode,North,11.25,75.78,Oil Sardine,1795.82,7101.1,252.89,27.51,34.35,1.01,0.06,34.8,1.84,25.95,1.0,0.696,0.343,observed_and_verified_proxy
2014-12-01,2014,12,4,Kozhikode,North,11.25,75.78,Indian Mackerel,3924.78,7101.1,552.7,27.51,34.35,1.01,0.06,34.8,1.84,25.95,1.0,0.789,0.0,observed_and_verified_proxy
2014-12-01,2014,12,4,Kozhikode,North,11.25,75.78,Seer Fish,1669.03,7101.1,235.04,27.51,34.35,1.01,0.06,34.8,1.84,25.95,1.0,0.685,0.368,observed_and_verified_proxy
2014-12-01,2014,12,4,Kozhikode,North,11.25,75.78,Tuna,2674.04,7101.1,376.57,27.51,34.35,1.01,0.06,34.8,1.84,25.95,1.0,0.75,0.138,observed_and_verified_proxy
2014-01-01,2014,1,1,Ernakulam,Central,9.98,76.28,Oil Sardine,1154.6,4898.5,235.7,28.14,34.49,0.94,0.05,2.7,2.08,27.4,1.0,0.479,0.099,observed_and_verified_proxy
2014-01-01,2014,1,1,Ernakulam,Central,9.98,76.28,Indian Mackerel,2707.11,4898.5,552.64,28.14,34.49,0.94,0.05,2.7,2.08,27.4,1.0,0.579,0.0,observed_and_verified_proxy
2014-01-01,2014,1,1,Ernakulam,Central,9.98,76.28,Seer Fish,854.16,4898.5,174.37,28.14,34.49,0.94,0.05,2.7,2.08,27.4,1.0,0.433,0.175,observed_and_verified_proxy
2014-01-01,2014,1,1,Ernakulam,Central,9.98,76.28,Tuna,1756.8,4898.5,358.64,28.14,34.49,0.94,0.05,2.7,2.08,27.4,1.0,0.534,0.0,observed_and_verified_proxy
2014-02-01,2014,2,1,Ernakulam,Central,9.98,76.28,Oil Sardine,1275.2,5631.8,226.43,28.86,34.41,1.11,0.1,21.0,2.56,28.53,1.0,0.567,0.233,observed_and_verified_proxy
2014-02-01,2014,2,1,Ernakulam,Central,9.98,76.28,Indian Mackerel,2721.82,5631.8,483.29,28.86,34.41,1.11,0.1,21.0,2.56,28.53,1.0,0.666,0.0,observed_and_verified_proxy
2014-02-01,2014,2,1,Ernakulam,Central,9.98,76.28,Seer Fish,837.59,5631.8,148.73,28.86,34.41,1.11,0.1,21.0,2.56,28.53,1.0,0.494,0.312,observed_and_verified_proxy
2014-02-01,2014,2,1,Ernakulam,Central,9.98,76.28,Tuna,1920.79,5631.8,341.06,28.86,34.41,1.11,0.1,21.0,2.56,28.53,1.0,0.626,0.056,observed_and_verified_proxy
2014-03-01,2014,3,1,Ernakulam,Central,9.98,76.28,Oil Sardine,1305.15,5652.4,230.9,29.49,34.44,1.38,0.2,15.6,2.47,30.04,1.0,0.572,0.231,observed_and_verified_proxy
2014-03-01,2014,3,1,Ernakulam,Central,9.98,76.28,Indian Mackerel,2643.64,5652.4,467.71,29.49,34.44,1.38,0.2,15.6,2.47,30.04,1.0,0.666,0.0,observed_and_verified_proxy
2014-03-01,2014,3,1,Ernakulam,Central,9.98,76.28,Seer Fish,886.72,5652.4,156.88,29.49,34.44,1.38,0.2,15.6,2.47,30.04,1.0,0.506,0.309,observed_and_verified_proxy
2014-03-01,2014,3,1,Ernakulam,Central,9.98,76.28,Tuna,1801.82,5652.4,318.77,29.49,34.44,1.38,0.2,15.6,2.47,30.04,1.0,0.62,0.097,observed_and_verified_proxy
2014-04-01,2014,4,2,Ernakulam,Central,9.98,76.28,Oil Sardine,857.0,3458.9,247.77,29.85,34.05,1.91,0.35,107.4,2.94,29.23,1.05,0.306,0.0,observed_and_verified_proxy
2014-04-01,2014,4,2,Ernakulam,Central,9.98,76.28,Indian Mackerel,1639.86,3458.9,474.11,29.85,34.05,1.91,0.35,107.4,2.94,29.23,1.05,0.371,0.0,observed_and_verified_proxy
2014-04-01,2014,4,2,Ernakulam,Central,9.98,76.28,Seer Fish,519.05,3458.9,150.06,29.85,34.05,1.91,0.35,107.4,2.94,29.23,1.05,0.247,0.0,observed_and_verified_proxy
2014-04-01,2014,4,2,Ernakulam,Central,9.98,76.28,Tuna,686.16,3458.9,198.38,29.85,34.05,1.91,0.35,107.4,2.94,29.23,1.05,0.28,0.0,observed_and_verified_proxy
2014-05-01,2014,5,2,Ernakulam,Central,9.98,76.28,Oil Sardine,1029.95,3410.0,302.04,29.77,33.43,2.94,0.65,257.4,3.17,28.45,1.36,0.322,0.0,observed_and_verified_proxy
2014-05-01,2014,5,2,Ernakulam,Central,9.98,76.28,Indian Mackerel,1551.66,3410.0,455.03,29.77,33.43,2.94,0.65,257.4,3.17,28.45,1.36,0.361,0.0,observed_and_verified_proxy
2014-05-01,2014,5,2,Ernakulam,Central,9.98,76.28,Seer Fish,554.97,3410.0,162.75,29.77,33.43,2.94,0.65,257.4,3.17,28.45,1.36,0.251,0.0,observed_and_verified_proxy
2014-05-01,2014,5,2,Ernakulam,Central,9.98,76.28,Tuna,642.52,3410.0,188.42,29.77,33.43,2.94,0.65,257.4,3.17,28.45,1.36,0.269,0.0,observed_and_verified_proxy
2014-06-01,2014,6,2,Ernakulam,Central,9.98,76.28,Oil Sardine,1300.44,3156.5,411.99,28.91,33.22,3.84,0.95,306.6,4.64,27.51,2.21,0.319,0.0,observed_and_verified_proxy
2014-06-01,2014,6,2,Ernakulam,Central,9.98,76.28,Indian Mackerel,1341.33,3156.5,424.94,28.91,33.22,3.84,0.95,306.6,4.64,27.51,2.21,0.322,0.0,observed_and_verified_proxy
2014-06-01,2014,6,2,Ernakulam,Central,9.98,76.28,Seer Fish,531.64,3156.5,168.43,28.91,33.22,3.84,0.95,306.6,4.64,27.51,2.21,0.228,0.0,observed_and_verified_proxy
2014-06-01,2014,6,2,Ernakulam,Central,9.98,76.28,Tuna,671.11,3156.5,212.61,28.91,33.22,3.84,0.95,306.6,4.64,27.51,2.21,0.253,0.0,observed_and_verified_proxy
2014-07-01,2014,7,3,Ernakulam,Central,9.98,76.28,Oil Sardine,1873.14,4154.4,450.88,27.27,32.58,4.18,1.0,461.7,4.0,26.21,2.8,0.459,0.0,observed_and_verified_proxy
2014-07-01,2014,7,3,Ernakulam,Central,9.98,76.28,Indian Mackerel,2105.34,4154.4,506.77,27.27,32.58,4.18,1.0,461.7,4.0,26.21,2.8,0.47,0.0,observed_and_verified_proxy
2014-07-01,2014,7,3,Ernakulam,Central,9.98,76.28,Seer Fish,1085.31,4154.4,261.24,27.27,32.58,4.18,1.0,461.7,4.0,26.21,2.8,0.398,0.0,observed_and_verified_proxy
2014-07-01,2014,7,3,Ernakulam,Central,9.98,76.28,Tuna,959.65,4154.4,230.99,27.27,32.58,4.18,1.0,461.7,4.0,26.21,2.8,0.383,0.0,observed_and_verified_proxy
2014-08-01,2014,8,3,Ernakulam,Central,9.98,76.28,Oil Sardine,1776.27,4204.6,422.46,26.55,31.86,4.11,0.9,633.6,3.98,25.8,2.21,0.46,0.0,observed_and_verified_proxy
2014-08-01,2014,8,3,Ernakulam,Central,9.98,76.28,Indian Mackerel,2147.24,4204.6,510.69,26.55,31.86,4.11,0.9,633.6,3.98,25.8,2.21,0.478,0.0,observed_and_verified_proxy
2014-08-01,2014,8,3,Ernakulam,Central,9.98,76.28,Seer Fish,1051.29,4204.6,250.03,26.55,31.86,4.11,0.9,633.6,3.98,25.8,2.21,0.399,0.0,observed_and_verified_proxy
2014-08-01,2014,8,3,Ernakulam,Central,9.98,76.28,Tuna,939.69,4204.6,223.49,26.55,31.86,4.11,0.9,633.6,3.98,25.8,2.21,0.384,0.003,observed_and_verified_proxy
2014-09-01,2014,9,3,Ernakulam,Central,9.98,76.28,Oil Sardine,1578.17,3867.7,408.03,26.93,33.55,2.77,0.6,228.9,3.77,26.39,1.36,0.411,0.0,observed_and_verified_proxy
2014-09-01,2014,9,3,Ernakulam,Central,9.98,76.28,Indian Mackerel,2237.37,3867.7,578.47,26.93,33.55,2.77,0.6,228.9,3.77,26.39,1.36,0.443,0.0,observed_and_verified_proxy
2014-09-01,2014,9,3,Ernakulam,Central,9.98,76.28,Seer Fish,1040.07,3867.7,268.91,26.93,33.55,2.77,0.6,228.9,3.77,26.39,1.36,0.366,0.0,observed_and_verified_proxy
2014-09-01,2014,9,3,Ernakulam,Central,9.98,76.28,Tuna,977.91,3867.7,252.84,26.93,33.55,2.77,0.6,228.9,3.77,26.39,1.36,0.358,0.0,observed_and_verified_proxy
2014-10-01,2014,10,4,Ernakulam,Central,9.98,76.28,Oil Sardine,1827.52,6170.3,296.18,27.07,33.19,2.03,0.3,313.8,2.46,26.57,1.05,0.679,0.224,observed_and_verified_proxy
2014-10-01,2014,10,4,Ernakulam,Central,9.98,76.28,Indian Mackerel,3471.84,6170.3,562.67,27.07,33.19,2.03,0.3,313.8,2.46,26.57,1.05,0.755,0.0,observed_and_verified_proxy
2014-10-01,2014,10,4,Ernakulam,Central,9.98,76.28,Seer Fish,1473.52,6170.3,238.81,27.07,33.19,2.03,0.3,313.8,2.46,26.57,1.05,0.645,0.308,observed_and_verified_proxy
2014-10-01,2014,10,4,Ernakulam,Central,9.98,76.28,Tuna,2280.46,6170.3,369.58,27.07,33.19,2.03,0.3,313.8,2.46,26.57,1.05,0.709,0.1,observed_and_verified_proxy
2014-11-01,2014,11,4,Ernakulam,Central,9.98,76.28,Oil Sardine,1657.28,6896.7,240.3,27.14,33.97,1.3,0.12,128.1,2.08,26.83,1.0,0.742,0.431,observed_and_verified_proxy
2014-11-01,2014,11,4,Ernakulam,Central,9.98,76.28,Indian Mackerel,3393.78,6896.7,492.08,27.14,33.97,1.3,0.12,128.1,2.08,26.83,1.0,0.842,0.001,observed_and_verified_proxy
2014-11-01,2014,11,4,Ernakulam,Central,9.98,76.28,Seer Fish,1515.65,6896.7,219.76,27.14,33.97,1.3,0.12,128.1,2.08,26.83,1.0,0.726,0.456,observed_and_verified_proxy
2014-11-01,2014,11,4,Ernakulam,Central,9.98,76.28,Tuna,2308.27,6896.7,334.69,27.14,33.97,1.3,0.12,128.1,2.08,26.83,1.0,0.794,0.288,observed_and_verified_proxy
2014-12-01,2014,12,4,Ernakulam,Central,9.98,76.28,Oil Sardine,1519.47,6911.6,219.84,27.51,34.41,0.99,0.06,21.3,2.03,27.05,1.0,0.728,0.458,observed_and_verified_proxy
2014-12-01,2014,12,4,Ernakulam,Central,9.98,76.28,Indian Mackerel,3539.98,6911.6,512.18,27.51,34.41,0.99,0.06,21.3,2.03,27.05,1.0,0.848,0.0,observed_and_verified_proxy
2014-12-01,2014,12,4,Ernakulam,Central,9.98,76.28,Seer Fish,1529.77,6911.6,221.33,27.51,34.41,0.99,0.06,21.3,2.03,27.05,1.0,0.73,0.457,observed_and_verified_proxy
2014-12-01,2014,12,4,Ernakulam,Central,9.98,76.28,Tuna,2313.59,6911.6,334.74,27.51,34.41,0.99,0.06,21.3,2.03,27.05,1.0,0.796,0.291,observed_and_verified_proxy
2014-01-01,2014,1,1,Alappuzha,South,9.49,76.33,Oil Sardine,999.6,4307.7,232.05,28.14,34.35,0.98,0.05,35.7,3.73,26.52,1.0,0.456,0.077,observed_and_verified_proxy
2014-01-01,2014,1,1,Alappuzha,South,9.49,76.33,Indian Mackerel,2441.92,4307.7,566.87,28.14,34.35,0.98,0.05,35.7,3.73,26.52,1.0,0.568,0.0,observed_and_verified_proxy
2014-01-01,2014,1,1,Alappuzha,South,9.49,76.33,Seer Fish,771.14,4307.7,179.01,28.14,34.35,0.98,0.05,35.7,3.73,26.52,1.0,0.415,0.141,observed_and_verified_proxy
2014-01-01,2014,1,1,Alappuzha,South,9.49,76.33,Tuna,1665.34,4307.7,386.6,28.14,34.35,0.98,0.05,35.7,3.73,26.52,1.0,0.526,0.0,observed_and_verified_proxy
2014-02-01,2014,2,1,Alappuzha,South,9.49,76.33,Oil Sardine,1103.69,4715.7,234.04,28.86,34.44,1.1,0.1,15.6,2.88,27.9,1.0,0.515,0.15,observed_and_verified_proxy
2014-02-01,2014,2,1,Alappuzha,South,9.49,76.33,Indian Mackerel,2385.6,4715.7,505.88,28.86,34.44,1.1,0.1,15.6,2.88,27.9,1.0,0.619,0.0,observed_and_verified_proxy
2014-02-01,2014,2,1,Alappuzha,South,9.49,76.33,Seer Fish,782.82,4715.7,166.0,28.86,34.44,1.1,0.1,15.6,2.88,27.9,1.0,0.457,0.225,observed_and_verified_proxy
2014-02-01,2014,2,1,Alappuzha,South,9.49,76.33,Tuna,1692.33,4715.7,358.87,28.86,34.44,1.1,0.1,15.6,2.88,27.9,1.0,0.578,0.0,observed_and_verified_proxy
2014-03-01,2014,3,1,Alappuzha,South,9.49,76.33,Oil Sardine,1176.8,4745.7,247.97,29.49,34.38,1.4,0.2,28.2,3.01,29.09,1.0,0.529,0.136,observed_and_verified_proxy
2014-03-01,2014,3,1,Alappuzha,South,9.49,76.33,Indian Mackerel,2327.1,4745.7,490.36,29.49,34.38,1.4,0.2,28.2,3.01,29.09,1.0,0.62,0.0,observed_and_verified_proxy
2014-03-01,2014,3,1,Alappuzha,South,9.49,76.33,Seer Fish,797.38,4745.7,168.02,29.49,34.38,1.4,0.2,28.2,3.01,29.09,1.0,0.463,0.228,observed_and_verified_proxy
2014-03-01,2014,3,1,Alappuzha,South,9.49,76.33,Tuna,1548.31,4745.7,326.26,29.49,34.38,1.4,0.2,28.2,3.01,29.09,1.0,0.569,0.015,observed_and_verified_proxy
2014-04-01,2014,4,2,Alappuzha,South,9.49,76.33,Oil Sardine,797.49,3047.8,261.66,29.85,34.0,1.93,0.35,119.7,3.21,28.85,1.05,0.297,0.0,observed_and_verified_proxy
2014-04-01,2014,4,2,Alappuzha,South,9.49,76.33,Indian Mackerel,1339.39,3047.8,439.45,29.85,34.0,1.93,0.35,119.7,3.21,28.85,1.05,0.352,0.0,observed_and_verified_proxy
2014-04-01,2014,4,2,Alappuzha,South,9.49,76.33,Seer Fish,473.88,3047.8,155.48,29.85,34.0,1.93,0.35,119.7,3.21,28.85,1.05,0.235,0.0,observed_and_verified_proxy
2014-04-01,2014,4,2,Alappuzha,South,9.49,76.33,Tuna,565.63,3047.8,185.58,29.85,34.0,1.93,0.35,119.7,3.21,28.85,1.05,0.257,0.0,observed_and_verified_proxy
2014-05-01,2014,5,2,Alappuzha,South,9.49,76.33,Oil Sardine,934.39,2782.2,335.84,29.77,33.6,2.89,0.65,215.7,4.35,28.18,1.36,0.288,0.0,observed_and_verified_proxy
2014-05-01,2014,5,2,Alappuzha,South,9.49,76.33,Indian Mackerel,1370.02,2782.2,492.42,29.77,33.6,2.89,0.65,215.7,4.35,28.18,1.36,0.324,0.0,observed_and_verified_proxy
2014-05-01,2014,5,2,Alappuzha,South,9.49,76.33,Seer Fish,485.91,2782.2,174.65,29.77,33.6,2.89,0.65,215.7,4.35,28.18,1.36,0.218,0.0,observed_and_verified_proxy
2014-05-01,2014,5,2,Alappuzha,South,9.49,76.33,Tuna,565.74,2782.2,203.34,29.77,33.6,2.89,0.65,215.7,4.35,28.18,1.36,0.234,0.0,observed_and_verified_proxy
2014-06-01,2014,6,2,Alappuzha,South,9.49,76.33,Oil Sardine,1153.2,3170.8,363.7,28.91,33.96,3.62,0.95,130.2,6.05,27.29,2.21,0.351,0.0,observed_and_verified_proxy
2014-06-01,2014,6,2,Alappuzha,South,9.49,76.33,Indian Mackerel,1263.83,3170.8,398.59,28.91,33.96,3.62,0.95,130.2,6.05,27.29,2.21,0.361,0.0,observed_and_verified_proxy
2014-06-01,2014,6,2,Alappuzha,South,9.49,76.33,Seer Fish,453.84,3170.8,143.13,28.91,33.96,3.62,0.95,130.2,6.05,27.29,2.21,0.239,0.0,observed_and_verified_proxy
2014-06-01,2014,6,2,Alappuzha,South,9.49,76.33,Tuna,603.87,3170.8,190.45,28.91,33.96,3.62,0.95,130.2,6.05,27.29,2.21,0.275,0.0,observed_and_verified_proxy
2014-07-01,2014,7,3,Alappuzha,South,9.49,76.33,Oil Sardine,1748.76,3705.6,471.92,27.27,33.91,3.78,1.0,140.4,5.88,26.33,2.8,0.457,0.0,observed_and_verified_proxy
2014-07-01,2014,7,3,Alappuzha,South,9.49,76.33,Indian Mackerel,1921.77,3705.6,518.61,27.27,33.91,3.78,1.0,140.4,5.88,26.33,2.8,0.467,0.0,observed_and_verified_proxy
2014-07-01,2014,7,3,Alappuzha,South,9.49,76.33,Seer Fish,958.62,3705.6,258.69,27.27,33.91,3.78,1.0,140.4,5.88,26.33,2.8,0.387,0.0,observed_and_verified_proxy
2014-07-01,2014,7,3,Alappuzha,South,9.49,76.33,Tuna,905.88,3705.6,244.46,27.27,33.91,3.78,1.0,140.4,5.88,26.33,2.8,0.379,0.0,observed_and_verified_proxy
2014-08-01,2014,8,3,Alappuzha,South,9.49,76.33,Oil Sardine,1633.55,3400.8,480.34,26.55,32.74,3.85,0.9,423.3,5.38,25.84,2.21,0.413,0.0,observed_and_verified_proxy
2014-08-01,2014,8,3,Alappuzha,South,9.49,76.33,Indian Mackerel,1911.69,3400.8,562.13,26.55,32.74,3.85,0.9,423.3,5.38,25.84,2.21,0.428,0.0,observed_and_verified_proxy
2014-08-01,2014,8,3,Alappuzha,South,9.49,76.33,Seer Fish,907.32,3400.8,266.8,26.55,32.74,3.85,0.9,423.3,5.38,25.84,2.21,0.348,0.0,observed_and_verified_proxy
2014-08-01,2014,8,3,Alappuzha,South,9.49,76.33,Tuna,903.39,3400.8,265.64,26.55,32.74,3.85,0.9,423.3,5.38,25.84,2.21,0.347,0.0,observed_and_verified_proxy
2014-09-01,2014,9,3,Alappuzha,South,9.49,76.33,Oil Sardine,1386.94,3653.0,379.67,26.93,33.78,2.7,0.6,172.2,4.7,26.23,1.36,0.426,0.0,observed_and_verified_proxy
2014-09-01,2014,9,3,Alappuzha,South,9.49,76.33,Indian Mackerel,2040.39,3653.0,558.55,26.93,33.78,2.7,0.6,172.2,4.7,26.23,1.36,0.466,0.0,observed_and_verified_proxy
2014-09-01,2014,9,3,Alappuzha,South,9.49,76.33,Seer Fish,992.71,3653.0,271.75,26.93,33.78,2.7,0.6,172.2,4.7,26.23,1.36,0.386,0.0,observed_and_verified_proxy
2014-09-01,2014,9,3,Alappuzha,South,9.49,76.33,Tuna,904.86,3653.0,247.7,26.93,33.78,2.7,0.6,172.2,4.7,26.23,1.36,0.373,0.0,observed_and_verified_proxy
2014-10-01,2014,10,4,Alappuzha,South,9.49,76.33,Oil Sardine,1593.47,5689.0,280.09,27.07,32.99,2.09,0.3,361.5,2.95,26.35,1.05,0.687,0.271,observed_and_verified_proxy
2014-10-01,2014,10,4,Alappuzha,South,9.49,76.33,Indian Mackerel,3011.11,5689.0,529.28,27.07,32.99,2.09,0.3,361.5,2.95,26.35,1.05,0.774,0.0,observed_and_verified_proxy
2014-10-01,2014,10,4,Alappuzha,South,9.49,76.33,Seer Fish,1374.02,5689.0,241.52,27.07,32.99,2.09,0.3,361.5,2.95,26.35,1.05,0.662,0.324,observed_and_verified_proxy
2014-10-01,2014,10,4,Alappuzha,South,9.49,76.33,Tuna,2146.27,5689.0,377.26,27.07,32.99,2.09,0.3,361.5,2.95,26.35,1.05,0.732,0.114,observed_and_verified_proxy
2014-11-01,2014,11,4,Alappuzha,South,9.49,76.33,Oil Sardine,1427.59,5377.8,265.46,27.14,33.96,1.3,0.12,128.7,3.27,26.06,1.0,0.632,0.232,observed_and_verified_proxy
2014-11-01,2014,11,4,Alappuzha,South,9.49,76.33,Indian Mackerel,3104.19,5377.8,577.22,27.14,33.96,1.3,0.12,128.7,3.27,26.06,1.0,0.735,0.0,observed_and_verified_proxy
2014-11-01,2014,11,4,Alappuzha,South,9.49,76.33,Seer Fish,1288.09,5377.8,239.52,27.14,33.96,1.3,0.12,128.7,3.27,26.06,1.0,0.615,0.267,observed_and_verified_proxy
2014-11-01,2014,11,4,Alappuzha,South,9.49,76.33,Tuna,2198.73,5377.8,408.85,27.14,33.96,1.3,0.12,128.7,3.27,26.06,1.0,0.695,0.0,observed_and_verified_proxy
2014-12-01,2014,12,4,Alappuzha,South,9.49,76.33,Oil Sardine,1425.47,5966.1,238.93,27.51,34.13,1.08,0.06,88.5,3.94,25.64,1.0,0.701,0.38,observed_and_verified_proxy
2014-12-01,2014,12,4,Alappuzha,South,9.49,76.33,Indian Mackerel,3096.03,5966.1,518.94,27.51,34.13,1.08,0.06,88.5,3.94,25.64,1.0,0.815,0.0,observed_and_verified_proxy
2014-12-01,2014,12,4,Alappuzha,South,9.49,76.33,Seer Fish,1306.0,5966.1,218.9,27.51,34.13,1.08,0.06,88.5,3.94,25.64,1.0,0.685,0.404,observed_and_verified_proxy
2014-12-01,2014,12,4,Alappuzha,South,9.49,76.33,Tuna,2118.04,5966.1,355.01,27.51,34.13,1.08,0.06,88.5,3.94,25.64,1.0,0.766,0.207,observed_and_verified_proxy
2014-01-01,2014,1,1,Kollam,South,8.89,76.6,Oil Sardine,1002.47,4573.9,219.17,28.14,34.35,0.98,0.05,35.7,3.73,26.52,1.0,0.519,0.188,observed_and_verified_proxy
2014-01-01,2014,1,1,Kollam,South,8.89,76.6,Indian Mackerel,2304.97,4573.9,503.94,28.14,34.35,0.98,0.05,35.7,3.73,26.52,1.0,0.639,0.0,observed_and_verified_proxy
2014-01-01,2014,1,1,Kollam,South,8.89,76.6,Seer Fish,728.75,4573.9,159.33,28.14,34.35,0.98,0.05,35.7,3.73,26.52,1.0,0.461,0.246,observed_and_verified_proxy
2014-01-01,2014,1,1,Kollam,South,8.89,76.6,Tuna,1450.35,4573.9,317.09,28.14,34.35,0.98,0.05,35.7,3.73,26.52,1.0,0.578,0.047,observed_and_verified_proxy
2014-02-01,2014,2,1,Kollam,South,8.89,76.6,Oil Sardine,960.34,4562.6,210.48,28.86,34.44,1.1,0.1,15.6,2.88,27.9,1.0,0.51,0.196,observed_and_verified_proxy
2014-02-01,2014,2,1,Kollam,South,8.89,76.6,Indian Mackerel,2200.5,4562.6,482.29,28.86,34.44,1.1,0.1,15.6,2.88,27.9,1.0,0.632,0.0,observed_and_verified_proxy
2014-02-01,2014,2,1,Kollam,South,8.89,76.6,Seer Fish,706.38,4562.6,154.82,28.86,34.44,1.1,0.1,15.6,2.88,27.9,1.0,0.454,0.247,observed_and_verified_proxy
2014-02-01,2014,2,1,Kollam,South,8.89,76.6,Tuna,1542.52,4562.6,338.08,28.86,34.44,1.1,0.1,15.6,2.88,27.9,1.0,0.586,0.011,observed_and_verified_proxy
2014-03-01,2014,3,1,Kollam,South,8.89,76.6,Oil Sardine,1058.55,4106.0,257.81,29.49,34.38,1.4,0.2,28.2,3.01,29.09,1.0,0.474,0.044,observed_and_verified_proxy
2014-03-01,2014,3,1,Kollam,South,8.89,76.6,Indian Mackerel,2205.51,4106.0,537.15,29.49,34.38,1.4,0.2,28.2,3.01,29.09,1.0,0.569,0.0,observed_and_verified_proxy
2014-03-01,2014,3,1,Kollam,South,8.89,76.6,Seer Fish,733.65,4106.0,178.68,29.49,34.38,1.4,0.2,28.2,3.01,29.09,1.0,0.415,0.143,observed_and_verified_proxy
2014-03-01,2014,3,1,Kollam,South,8.89,76.6,Tuna,1522.47,4106.0,370.79,29.49,34.38,1.4,0.2,28.2,3.01,29.09,1.0,0.526,0.0,observed_and_verified_proxy
2014-04-01,2014,4,2,Kollam,South,8.89,76.6,Oil Sardine,706.96,2632.4,268.56,29.85,34.0,1.93,0.35,119.7,3.21,28.85,1.05,0.262,0.0,observed_and_verified_proxy
2014-04-01,2014,4,2,Kollam,South,8.89,76.6,Indian Mackerel,1288.99,2632.4,489.66,29.85,34.0,1.93,0.35,119.7,3.21,28.85,1.05,0.323,0.0,observed_and_verified_proxy
2014-04-01,2014,4,2,Kollam,South,8.89,76.6,Seer Fish,435.01,2632.4,165.25,29.85,34.0,1.93,0.35,119.7,3.21,28.85,1.05,0.208,0.0,observed_and_verified_proxy
2014-04-01,2014,4,2,Kollam,South,8.89,76.6,Tuna,519.73,2632.4,197.43,29.85,34.0,1.93,0.35,119.7,3.21,28.85,1.05,0.228,0.0,observed_and_verified_proxy
2014-05-01,2014,5,2,Kollam,South,8.89,76.6,Oil Sardine,871.59,2909.2,299.6,29.77,33.6,2.89,0.65,215.7,4.35,28.18,1.36,0.314,0.0,observed_and_verified_proxy
2014-05-01,2014,5,2,Kollam,South,8.89,76.6,Indian Mackerel,1267.09,2909.2,435.54,29.77,33.6,2.89,0.65,215.7,4.35,28.18,1.36,0.355,0.0,observed_and_verified_proxy
2014-05-01,2014,5,2,Kollam,South,8.89,76.6,Seer Fish,443.97,2909.2,152.61,29.77,33.6,2.89,0.65,215.7,4.35,28.18,1.36,0.233,0.0,observed_and_verified_proxy
2014-05-01,2014,5,2,Kollam,South,8.89,76.6,Tuna,547.74,2909.2,188.28,29.77,33.6,2.89,0.65,215.7,4.35,28.18,1.36,0.259,0.0,observed_and_verified_proxy
2014-06-01,2014,6,2,Kollam,South,8.89,76.6,Oil Sardine,1042.13,2776.3,375.37,28.91,33.96,3.62,0.95,130.2,6.05,27.29,2.21,0.319,0.0,observed_and_verified_proxy
2014-06-01,2014,6,2,Kollam,South,8.89,76.6,Indian Mackerel,1141.04,2776.3,411.0,28.91,33.96,3.62,0.95,130.2,6.05,27.29,2.21,0.328,0.0,observed_and_verified_proxy
2014-06-01,2014,6,2,Kollam,South,8.89,76.6,Seer Fish,444.49,2776.3,160.1,28.91,33.96,3.62,0.95,130.2,6.05,27.29,2.21,0.222,0.0,observed_and_verified_proxy
2014-06-01,2014,6,2,Kollam,South,8.89,76.6,Tuna,533.82,2776.3,192.28,28.91,33.96,3.62,0.95,130.2,6.05,27.29,2.21,0.244,0.0,observed_and_verified_proxy
2014-07-01,2014,7,3,Kollam,South,8.89,76.6,Oil Sardine,1581.41,3499.2,451.93,27.27,33.91,3.78,1.0,140.4,5.88,26.33,2.8,0.452,0.0,observed_and_verified_proxy
2014-07-01,2014,7,3,Kollam,South,8.89,76.6,Indian Mackerel,1682.47,3499.2,480.82,27.27,33.91,3.78,1.0,140.4,5.88,26.33,2.8,0.459,0.0,observed_and_verified_proxy
2014-07-01,2014,7,3,Kollam,South,8.89,76.6,Seer Fish,895.05,3499.2,255.79,27.27,33.91,3.78,1.0,140.4,5.88,26.33,2.8,0.382,0.0,observed_and_verified_proxy
2014-07-01,2014,7,3,Kollam,South,8.89,76.6,Tuna,850.19,3499.2,242.97,27.27,33.91,3.78,1.0,140.4,5.88,26.33,2.8,0.375,0.0,observed_and_verified_proxy
2014-08-01,2014,8,3,Kollam,South,8.89,76.6,Oil Sardine,1527.11,3527.9,432.86,26.55,32.74,3.85,0.9,423.3,5.38,25.84,2.21,0.452,0.0,observed_and_verified_proxy
2014-08-01,2014,8,3,Kollam,South,8.89,76.6,Indian Mackerel,1799.6,3527.9,510.1,26.55,32.74,3.85,0.9,423.3,5.38,25.84,2.21,0.47,0.0,observed_and_verified_proxy
2014-08-01,2014,8,3,Kollam,South,8.89,76.6,Seer Fish,917.97,3527.9,260.2,26.55,32.74,3.85,0.9,423.3,5.38,25.84,2.21,0.388,0.0,observed_and_verified_proxy
2014-08-01,2014,8,3,Kollam,South,8.89,76.6,Tuna,821.4,3527.9,232.83,26.55,32.74,3.85,0.9,423.3,5.38,25.84,2.21,0.373,0.0,observed_and_verified_proxy
2014-09-01,2014,9,3,Kollam,South,8.89,76.6,Oil Sardine,1354.62,3408.0,397.48,26.93,33.78,2.7,0.6,172.2,4.7,26.23,1.36,0.423,0.0,observed_and_verified_proxy
2014-09-01,2014,9,3,Kollam,South,8.89,76.6,Indian Mackerel,1881.22,3408.0,551.99,26.93,33.78,2.7,0.6,172.2,4.7,26.23,1.36,0.458,0.0,observed_and_verified_proxy
2014-09-01,2014,9,3,Kollam,South,8.89,76.6,Seer Fish,850.41,3408.0,249.53,26.93,33.78,2.7,0.6,172.2,4.7,26.23,1.36,0.365,0.0,observed_and_verified_proxy
2014-09-01,2014,9,3,Kollam,South,8.89,76.6,Tuna,818.94,3408.0,240.3,26.93,33.78,2.7,0.6,172.2,4.7,26.23,1.36,0.36,0.0,observed_and_verified_proxy
2014-10-01,2014,10,4,Kollam,South,8.89,76.6,Oil Sardine,1518.4,5646.8,268.9,27.07,32.99,2.09,0.3,361.5,2.95,26.35,1.05,0.722,0.342,observed_and_verified_proxy
2014-10-01,2014,10,4,Kollam,South,8.89,76.6,Indian Mackerel,2807.13,5646.8,497.12,27.07,32.99,2.09,0.3,361.5,2.95,26.35,1.05,0.815,0.0,observed_and_verified_proxy
2014-10-01,2014,10,4,Kollam,South,8.89,76.6,Seer Fish,1317.06,5646.8,233.24,27.07,32.99,2.09,0.3,361.5,2.95,26.35,1.05,0.696,0.387,observed_and_verified_proxy
2014-10-01,2014,10,4,Kollam,South,8.89,76.6,Tuna,1976.58,5646.8,350.04,27.07,32.99,2.09,0.3,361.5,2.95,26.35,1.05,0.766,0.219,observed_and_verified_proxy
2014-11-01,2014,11,4,Kollam,South,8.89,76.6,Oil Sardine,1379.95,5421.9,254.51,27.14,33.96,1.3,0.12,128.7,3.27,26.06,1.0,0.677,0.314,observed_and_verified_proxy
2014-11-01,2014,11,4,Kollam,South,8.89,76.6,Indian Mackerel,2863.32,5421.9,528.1,27.14,33.96,1.3,0.12,128.7,3.27,26.06,1.0,0.785,0.0,observed_and_verified_proxy
2014-11-01,2014,11,4,Kollam,South,8.89,76.6,Seer Fish,1319.23,5421.9,243.31,27.14,33.96,1.3,0.12,128.7,3.27,26.06,1.0,0.669,0.329,observed_and_verified_proxy
2014-11-01,2014,11,4,Kollam,South,8.89,76.6,Tuna,2012.56,5421.9,371.19,27.14,33.96,1.3,0.12,128.7,3.27,26.06,1.0,0.739,0.135,observed_and_verified_proxy
2014-12-01,2014,12,4,Kollam,South,8.89,76.6,Oil Sardine,1245.06,5073.3,245.41,27.51,34.13,1.08,0.06,88.5,3.94,25.64,1.0,0.616,0.255,observed_and_verified_proxy
2014-12-01,2014,12,4,Kollam,South,8.89,76.6,Indian Mackerel,2934.94,5073.3,578.51,27.51,34.13,1.08,0.06,88.5,3.94,25.64,1.0,0.737,0.0,observed_and_verified_proxy
2014-12-01,2014,12,4,Kollam,South,8.89,76.6,Seer Fish,1242.26,5073.3,244.86,27.51,34.13,1.08,0.06,88.5,3.94,25.64,1.0,0.615,0.256,observed_and_verified_proxy
2014-12-01,2014,12,4,Kollam,South,8.89,76.6,Tuna,1951.02,5073.3,384.57,27.51,34.13,1.08,0.06,88.5,3.94,25.64,1.0,0.687,0.038,observed_and_verified_proxy
2014-01-01,2014,1,1,Kannur,North,11.87,75.37,Oil Sardine,768.85,3427.4,224.33,28.14,34.49,0.94,0.05,2.7,2.31,26.86,1.0,0.45,0.086,observed_and_verified_proxy
2014-01-01,2014,1,1,Kannur,North,11.87,75.37,Indian Mackerel,1741.28,3427.4,508.05,28.14,34.49,0.94,0.05,2.7,2.31,26.86,1.0,0.576,0.0,observed_and_verified_proxy
2014-01-01,2014,1,1,Kannur,North,11.87,75.37,Seer Fish,548.59,3427.4,160.06,28.14,34.49,0.94,0.05,2.7,2.31,26.86,1.0,0.388,0.149,observed_and_verified_proxy
2014-01-01,2014,1,1,Kannur,North,11.87,75.37,Tuna,1237.85,3427.4,361.16,28.14,34.49,0.94,0.05,2.7,2.31,26.86,1.0,0.528,0.0,observed_and_verified_proxy
2014-02-01,2014,2,1,Kannur,North,11.87,75.37,Oil Sardine,758.57,3233.3,234.61,28.86,34.49,1.08,0.1,1.5,2.69,27.6,1.0,0.422,0.027,observed_and_verified_proxy
2014-02-01,2014,2,1,Kannur,North,11.87,75.37,Indian Mackerel,1723.48,3233.3,533.05,28.86,34.49,1.08,0.1,1.5,2.69,27.6,1.0,0.542,0.0,observed_and_verified_proxy
2014-02-01,2014,2,1,Kannur,North,11.87,75.37,Seer Fish,579.23,3233.3,179.15,28.86,34.49,1.08,0.1,1.5,2.69,27.6,1.0,0.376,0.09,observed_and_verified_proxy
2014-02-01,2014,2,1,Kannur,North,11.87,75.37,Tuna,1233.32,3233.3,381.45,28.86,34.49,1.08,0.1,1.5,2.69,27.6,1.0,0.498,0.0,observed_and_verified_proxy
2014-03-01,2014,3,1,Kannur,North,11.87,75.37,Oil Sardine,881.57,3582.1,246.11,29.49,34.47,1.37,0.2,7.2,2.61,29.09,1.0,0.495,0.096,observed_and_verified_proxy
2014-03-01,2014,3,1,Kannur,North,11.87,75.37,Indian Mackerel,1670.95,3582.1,466.47,29.49,34.47,1.37,0.2,7.2,2.61,29.09,1.0,0.597,0.0,observed_and_verified_proxy
2014-03-01,2014,3,1,Kannur,North,11.87,75.37,Seer Fish,548.86,3582.1,153.22,29.49,34.47,1.37,0.2,7.2,2.61,29.09,1.0,0.406,0.187,observed_and_verified_proxy
2014-03-01,2014,3,1,Kannur,North,11.87,75.37,Tuna,1154.1,3582.1,322.19,29.49,34.47,1.37,0.2,7.2,2.61,29.09,1.0,0.541,0.0,observed_and_verified_proxy
2014-04-01,2014,4,2,Kannur,North,11.87,75.37,Oil Sardine,590.12,2185.1,270.07,29.85,34.2,1.87,0.35,71.4,2.55,28.67,1.05,0.256,0.0,observed_and_verified_proxy
2014-04-01,2014,4,2,Kannur,North,11.87,75.37,Indian Mackerel,1001.4,2185.1,458.29,29.85,34.2,1.87,0.35,71.4,2.55,28.67,1.05,0.315,0.0,observed_and_verified_proxy
2014-04-01,2014,4,2,Kannur,North,11.87,75.37,Seer Fish,353.68,2185.1,161.86,29.85,34.2,1.87,0.35,71.4,2.55,28.67,1.05,0.196,0.0,observed_and_verified_proxy
2014-04-01,2014,4,2,Kannur,North,11.87,75.37,Tuna,418.35,2185.1,191.46,29.85,34.2,1.87,0.35,71.4,2.55,28.67,1.05,0.215,0.0,observed_and_verified_proxy
2014-05-01,2014,5,2,Kannur,North,11.87,75.37,Oil Sardine,664.88,2235.2,297.46,29.77,33.36,2.96,0.65,273.9,2.6,27.74,1.36,0.276,0.0,observed_and_verified_proxy
2014-05-01,2014,5,2,Kannur,North,11.87,75.37,Indian Mackerel,1002.29,2235.2,448.42,29.77,33.36,2.96,0.65,273.9,2.6,27.74,1.36,0.323,0.0,observed_and_verified_proxy
2014-05-01,2014,5,2,Kannur,North,11.87,75.37,Seer Fish,336.54,2235.2,150.56,29.77,33.36,2.96,0.65,273.9,2.6,27.74,1.36,0.195,0.0,observed_and_verified_proxy
2014-05-01,2014,5,2,Kannur,North,11.87,75.37,Tuna,440.33,2235.2,197.0,29.77,33.36,2.96,0.65,273.9,2.6,27.74,1.36,0.227,0.0,observed_and_verified_proxy
2014-06-01,2014,6,2,Kannur,North,11.87,75.37,Oil Sardine,817.33,2031.8,402.27,28.91,32.7,4.0,0.95,432.3,4.0,26.95,2.21,0.273,0.0,observed_and_verified_proxy
2014-06-01,2014,6,2,Kannur,North,11.87,75.37,Indian Mackerel,951.3,2031.8,468.21,28.91,32.7,4.0,0.95,432.3,4.0,26.95,2.21,0.288,0.0,observed_and_verified_proxy
2014-06-01,2014,6,2,Kannur,North,11.87,75.37,Seer Fish,346.4,2031.8,170.49,28.91,32.7,4.0,0.95,432.3,4.0,26.95,2.21,0.18,0.0,observed_and_verified_proxy
2014-06-01,2014,6,2,Kannur,North,11.87,75.37,Tuna,442.11,2031.8,217.6,28.91,32.7,4.0,0.95,432.3,4.0,26.95,2.21,0.206,0.0,observed_and_verified_proxy
2014-07-01,2014,7,3,Kannur,North,11.87,75.37,Oil Sardine,1238.5,2826.6,438.16,27.27,30.79,4.71,1.0,890.7,3.85,25.69,2.8,0.436,0.0,observed_and_verified_proxy
2014-07-01,2014,7,3,Kannur,North,11.87,75.37,Indian Mackerel,1304.68,2826.6,461.58,27.27,30.79,4.71,1.0,890.7,3.85,25.69,2.8,0.442,0.0,observed_and_verified_proxy
2014-07-01,2014,7,3,Kannur,North,11.87,75.37,Seer Fish,684.15,2826.6,242.04,27.27,30.79,4.71,1.0,890.7,3.85,25.69,2.8,0.353,0.0,observed_and_verified_proxy
2014-07-01,2014,7,3,Kannur,North,11.87,75.37,Tuna,644.41,2826.6,227.98,27.27,30.79,4.71,1.0,890.7,3.85,25.69,2.8,0.345,0.0,observed_and_verified_proxy
2014-08-01,2014,8,3,Kannur,North,11.87,75.37,Oil Sardine,1163.93,2713.4,428.96,26.55,31.72,4.15,0.9,666.9,3.42,25.12,2.21,0.411,0.0,observed_and_verified_proxy
2014-08-01,2014,8,3,Kannur,North,11.87,75.37,Indian Mackerel,1364.51,2713.4,502.88,26.55,31.72,4.15,0.9,666.9,3.42,25.12,2.21,0.43,0.0,observed_and_verified_proxy
2014-08-01,2014,8,3,Kannur,North,11.87,75.37,Seer Fish,718.89,2713.4,264.94,26.55,31.72,4.15,0.9,666.9,3.42,25.12,2.21,0.346,0.0,observed_and_verified_proxy
2014-08-01,2014,8,3,Kannur,North,11.87,75.37,Tuna,644.31,2713.4,237.46,26.55,31.72,4.15,0.9,666.9,3.42,25.12,2.21,0.331,0.0,observed_and_verified_proxy
2014-09-01,2014,9,3,Kannur,North,11.87,75.37,Oil Sardine,970.83,2692.3,360.59,26.93,33.26,2.85,0.6,296.7,3.28,25.73,1.36,0.385,0.0,observed_and_verified_proxy
2014-09-01,2014,9,3,Kannur,North,11.87,75.37,Indian Mackerel,1398.28,2692.3,519.36,26.93,33.26,2.85,0.6,296.7,3.28,25.73,1.36,0.429,0.0,observed_and_verified_proxy
2014-09-01,2014,9,3,Kannur,North,11.87,75.37,Seer Fish,727.42,2692.3,270.18,26.93,33.26,2.85,0.6,296.7,3.28,25.73,1.36,0.345,0.0,observed_and_verified_proxy
2014-09-01,2014,9,3,Kannur,North,11.87,75.37,Tuna,652.78,2692.3,242.46,26.93,33.26,2.85,0.6,296.7,3.28,25.73,1.36,0.33,0.0,observed_and_verified_proxy
2014-10-01,2014,10,4,Kannur,North,11.87,75.37,Oil Sardine,1205.24,4096.5,294.21,27.07,33.45,1.96,0.3,252.3,2.28,26.02,1.05,0.627,0.161,observed_and_verified_proxy
2014-10-01,2014,10,4,Kannur,North,11.87,75.37,Indian Mackerel,2222.79,4096.5,542.61,27.07,33.45,1.96,0.3,252.3,2.28,26.02,1.05,0.724,0.0,observed_and_verified_proxy
2014-10-01,2014,10,4,Kannur,North,11.87,75.37,Seer Fish,943.67,4096.5,230.36,27.07,33.45,1.96,0.3,252.3,2.28,26.02,1.05,0.58,0.242,observed_and_verified_proxy
2014-10-01,2014,10,4,Kannur,North,11.87,75.37,Tuna,1534.22,4096.5,374.52,27.07,33.45,1.96,0.3,252.3,2.28,26.02,1.05,0.669,0.037,observed_and_verified_proxy
2014-11-01,2014,11,4,Kannur,North,11.87,75.37,Oil Sardine,1074.67,3905.0,275.2,27.14,34.13,1.25,0.12,89.7,1.6,26.15,1.0,0.577,0.138,observed_and_verified_proxy
2014-11-01,2014,11,4,Kannur,North,11.87,75.37,Indian Mackerel,2264.19,3905.0,579.82,27.14,34.13,1.25,0.12,89.7,1.6,26.15,1.0,0.692,0.0,observed_and_verified_proxy
2014-11-01,2014,11,4,Kannur,North,11.87,75.37,Seer Fish,997.33,3905.0,255.4,27.14,34.13,1.25,0.12,89.7,1.6,26.15,1.0,0.563,0.164,observed_and_verified_proxy
2014-11-01,2014,11,4,Kannur,North,11.87,75.37,Tuna,1477.74,3905.0,378.42,27.14,34.13,1.25,0.12,89.7,1.6,26.15,1.0,0.632,0.0,observed_and_verified_proxy
2014-12-01,2014,12,4,Kannur,North,11.87,75.37,Oil Sardine,993.43,3969.6,250.26,27.51,34.35,1.01,0.06,34.8,1.84,25.95,1.0,0.572,0.187,observed_and_verified_proxy
2014-12-01,2014,12,4,Kannur,North,11.87,75.37,Indian Mackerel,2303.57,3969.6,580.3,27.51,34.35,1.01,0.06,34.8,1.84,25.95,1.0,0.706,0.0,observed_and_verified_proxy
2014-12-01,2014,12,4,Kannur,North,11.87,75.37,Seer Fish,1005.55,3969.6,253.31,27.51,34.35,1.01,0.06,34.8,1.84,25.95,1.0,0.574,0.183,observed_and_verified_proxy
2014-12-01,2014,12,4,Kannur,North,11.87,75.37,Tuna,1568.31,3969.6,395.08,27.51,34.35,1.01,0.06,34.8,1.84,25.95,1.0,0.652,0.0,observed_and_verified_proxy
2014-01-01,2014,1,1,Thiruvananthapuram,South,8.52,76.94,Oil Sardine,596.68,2871.2,207.82,28.14,34.35,0.98,0.05,35.7,3.73,26.52,1.0,0.413,0.075,observed_and_verified_proxy
2014-01-01,2014,1,1,Thiruvananthapuram,South,8.52,76.94,Indian Mackerel,1473.26,2871.2,513.12,28.14,34.35,0.98,0.05,35.7,3.73,26.52,1.0,0.567,0.0,observed_and_verified_proxy
2014-01-01,2014,1,1,Thiruvananthapuram,South,8.52,76.94,Seer Fish,436.53,2871.2,152.04,28.14,34.35,0.98,0.05,35.7,3.73,26.52,1.0,0.354,0.122,observed_and_verified_proxy
2014-01-01,2014,1,1,Thiruvananthapuram,South,8.52,76.94,Tuna,954.56,2871.2,332.47,28.14,34.35,0.98,0.05,35.7,3.73,26.52,1.0,0.498,0.0,observed_and_verified_proxy
2014-02-01,2014,2,1,Thiruvananthapuram,South,8.52,76.94,Oil Sardine,622.49,2699.3,230.61,28.86,34.44,1.1,0.1,15.6,2.88,27.9,1.0,0.396,0.002,observed_and_verified_proxy
2014-02-01,2014,2,1,Thiruvananthapuram,South,8.52,76.94,Indian Mackerel,1461.84,2699.3,541.57,28.86,34.44,1.1,0.1,15.6,2.88,27.9,1.0,0.532,0.0,observed_and_verified_proxy
2014-02-01,2014,2,1,Thiruvananthapuram,South,8.52,76.94,Seer Fish,461.62,2699.3,171.01,28.86,34.44,1.1,0.1,15.6,2.88,27.9,1.0,0.343,0.066,observed_and_verified_proxy
2014-02-01,2014,2,1,Thiruvananthapuram,South,8.52,76.94,Tuna,956.95,2699.3,354.52,28.86,34.44,1.1,0.1,15.6,2.88,27.9,1.0,0.469,0.0,observed_and_verified_proxy
2014-03-01,2014,3,1,Thiruvananthapuram,South,8.52,76.94,Oil Sardine,711.36,2839.3,250.54,29.49,34.38,1.4,0.2,28.2,3.01,29.09,1.0,0.441,0.017,observed_and_verified_proxy
2014-03-01,2014,3,1,Thiruvananthapuram,South,8.52,76.94,Indian Mackerel,1405.32,2839.3,494.95,29.49,34.38,1.4,0.2,28.2,3.01,29.09,1.0,0.554,0.0,observed_and_verified_proxy
2014-03-01,2014,3,1,Thiruvananthapuram,South,8.52,76.94,Seer Fish,440.23,2839.3,155.05,29.49,34.38,1.4,0.2,28.2,3.01,29.09,1.0,0.352,0.113,observed_and_verified_proxy
2014-03-01,2014,3,1,Thiruvananthapuram,South,8.52,76.94,Tuna,960.52,2839.3,338.29,29.49,34.38,1.4,0.2,28.2,3.01,29.09,1.0,0.494,0.0,observed_and_verified_proxy
2014-04-01,2014,4,2,Thiruvananthapuram,South,8.52,76.94,Oil Sardine,459.08,1781.6,257.68,29.85,34.0,1.93,0.35,119.7,3.21,28.85,1.05,0.226,0.0,observed_and_verified_proxy
2014-04-01,2014,4,2,Thiruvananthapuram,South,8.52,76.94,Indian Mackerel,845.9,1781.6,474.8,29.85,34.0,1.93,0.35,119.7,3.21,28.85,1.05,0.296,0.0,observed_and_verified_proxy
2014-04-01,2014,4,2,Thiruvananthapuram,South,8.52,76.94,Seer Fish,271.47,1781.6,152.37,29.85,34.0,1.93,0.35,119.7,3.21,28.85,1.05,0.166,0.0,observed_and_verified_proxy
2014-04-01,2014,4,2,Thiruvananthapuram,South,8.52,76.94,Tuna,334.27,1781.6,187.63,29.85,34.0,1.93,0.35,119.7,3.21,28.85,1.05,0.189,0.0,observed_and_verified_proxy
2014-05-01,2014,5,2,Thiruvananthapuram,South,8.52,76.94,Oil Sardine,594.25,1753.5,338.9,29.77,33.6,2.89,0.65,215.7,4.35,28.18,1.36,0.252,0.0,observed_and_verified_proxy
2014-05-01,2014,5,2,Thiruvananthapuram,South,8.52,76.94,Indian Mackerel,798.44,1753.5,455.35,29.77,33.6,2.89,0.65,215.7,4.35,28.18,1.36,0.285,0.0,observed_and_verified_proxy
2014-05-01,2014,5,2,Thiruvananthapuram,South,8.52,76.94,Seer Fish,279.51,1753.5,159.4,29.77,33.6,2.89,0.65,215.7,4.35,28.18,1.36,0.166,0.0,observed_and_verified_proxy
2014-05-01,2014,5,2,Thiruvananthapuram,South,8.52,76.94,Tuna,352.35,1753.5,200.94,29.77,33.6,2.89,0.65,215.7,4.35,28.18,1.36,0.192,0.0,observed_and_verified_proxy
2014-06-01,2014,6,2,Thiruvananthapuram,South,8.52,76.94,Oil Sardine,686.27,1710.4,401.24,28.91,33.96,3.62,0.95,130.2,6.05,27.29,2.21,0.262,0.0,observed_and_verified_proxy
2014-06-01,2014,6,2,Thiruvananthapuram,South,8.52,76.94,Indian Mackerel,755.42,1710.4,441.67,28.91,33.96,3.62,0.95,130.2,6.05,27.29,2.21,0.272,0.0,observed_and_verified_proxy
2014-06-01,2014,6,2,Thiruvananthapuram,South,8.52,76.94,Seer Fish,283.74,1710.4,165.89,28.91,33.96,3.62,0.95,130.2,6.05,27.29,2.21,0.164,0.0,observed_and_verified_proxy
2014-06-01,2014,6,2,Thiruvananthapuram,South,8.52,76.94,Tuna,356.91,1710.4,208.67,28.91,33.96,3.62,0.95,130.2,6.05,27.29,2.21,0.188,0.0,observed_and_verified_proxy
2014-07-01,2014,7,3,Thiruvananthapuram,South,8.52,76.94,Oil Sardine,1001.39,2201.7,454.83,27.27,33.91,3.78,1.0,140.4,5.88,26.33,2.8,0.388,0.0,observed_and_verified_proxy
2014-07-01,2014,7,3,Thiruvananthapuram,South,8.52,76.94,Indian Mackerel,1061.63,2201.7,482.18,27.27,33.91,3.78,1.0,140.4,5.88,26.33,2.8,0.396,0.0,observed_and_verified_proxy
2014-07-01,2014,7,3,Thiruvananthapuram,South,8.52,76.94,Seer Fish,544.41,2201.7,247.27,27.27,33.91,3.78,1.0,140.4,5.88,26.33,2.8,0.304,0.0,observed_and_verified_proxy
2014-07-01,2014,7,3,Thiruvananthapuram,South,8.52,76.94,Tuna,539.68,2201.7,245.12,27.27,33.91,3.78,1.0,140.4,5.88,26.33,2.8,0.302,0.0,observed_and_verified_proxy
2014-08-01,2014,8,3,Thiruvananthapuram,South,8.52,76.94,Oil Sardine,978.2,2067.3,473.19,26.55,32.74,3.85,0.9,423.3,5.38,25.84,2.21,0.362,0.0,observed_and_verified_proxy
2014-08-01,2014,8,3,Thiruvananthapuram,South,8.52,76.94,Indian Mackerel,1139.0,2067.3,550.97,26.55,32.74,3.85,0.9,423.3,5.38,25.84,2.21,0.38,0.0,observed_and_verified_proxy
2014-08-01,2014,8,3,Thiruvananthapuram,South,8.52,76.94,Seer Fish,599.22,2067.3,289.86,26.55,32.74,3.85,0.9,423.3,5.38,25.84,2.21,0.298,0.0,observed_and_verified_proxy
2014-08-01,2014,8,3,Thiruvananthapuram,South,8.52,76.94,Tuna,537.02,2067.3,259.78,26.55,32.74,3.85,0.9,423.3,5.38,25.84,2.21,0.283,0.0,observed_and_verified_proxy
2014-09-01,2014,9,3,Thiruvananthapuram,South,8.52,76.94,Oil Sardine,791.99,2278.4,347.61,26.93,33.78,2.7,0.6,172.2,4.7,26.23,1.36,0.369,0.0,observed_and_verified_proxy
2014-09-01,2014,9,3,Thiruvananthapuram,South,8.52,76.94,Indian Mackerel,1146.58,2278.4,503.25,26.93,33.78,2.7,0.6,172.2,4.7,26.23,1.36,0.42,0.0,observed_and_verified_proxy
2014-09-01,2014,9,3,Thiruvananthapuram,South,8.52,76.94,Seer Fish,582.55,2278.4,255.69,26.93,33.78,2.7,0.6,172.2,4.7,26.23,1.36,0.324,0.0,observed_and_verified_proxy
2014-09-01,2014,9,3,Thiruvananthapuram,South,8.52,76.94,Tuna,520.62,2278.4,228.51,26.93,33.78,2.7,0.6,172.2,4.7,26.23,1.36,0.307,0.0,observed_and_verified_proxy
2014-10-01,2014,10,4,Thiruvananthapuram,South,8.52,76.94,Oil Sardine,935.96,3469.8,269.74,27.07,32.99,2.09,0.3,361.5,2.95,26.35,1.05,0.598,0.178,observed_and_verified_proxy
2014-10-01,2014,10,4,Thiruvananthapuram,South,8.52,76.94,Indian Mackerel,1844.13,3469.8,531.48,27.07,32.99,2.09,0.3,361.5,2.95,26.35,1.05,0.722,0.0,observed_and_verified_proxy
2014-10-01,2014,10,4,Thiruvananthapuram,South,8.52,76.94,Seer Fish,789.91,3469.8,227.65,27.07,32.99,2.09,0.3,361.5,2.95,26.35,1.05,0.562,0.225,observed_and_verified_proxy
2014-10-01,2014,10,4,Thiruvananthapuram,South,8.52,76.94,Tuna,1323.32,3469.8,381.38,27.07,32.99,2.09,0.3,361.5,2.95,26.35,1.05,0.666,0.019,observed_and_verified_proxy
2014-11-01,2014,11,4,Thiruvananthapuram,South,8.52,76.94,Oil Sardine,867.47,3421.9,253.51,27.14,33.96,1.3,0.12,128.7,3.27,26.06,1.0,0.574,0.183,observed_and_verified_proxy
2014-11-01,2014,11,4,Thiruvananthapuram,South,8.52,76.94,Indian Mackerel,1869.92,3421.9,546.45,27.14,33.96,1.3,0.12,128.7,3.27,26.06,1.0,0.714,0.0,observed_and_verified_proxy
2014-11-01,2014,11,4,Thiruvananthapuram,South,8.52,76.94,Seer Fish,779.8,3421.9,227.88,27.14,33.96,1.3,0.12,128.7,3.27,26.06,1.0,0.552,0.211,observed_and_verified_proxy
2014-11-01,2014,11,4,Thiruvananthapuram,South,8.52,76.94,Tuna,1257.89,3421.9,367.6,27.14,33.96,1.3,0.12,128.7,3.27,26.06,1.0,0.648,0.025,observed_and_verified_proxy
2014-12-01,2014,12,4,Thiruvananthapuram,South,8.52,76.94,Oil Sardine,827.58,3263.8,253.56,27.51,34.13,1.08,0.06,88.5,3.94,25.64,1.0,0.538,0.136,observed_and_verified_proxy
2014-12-01,2014,12,4,Thiruvananthapuram,South,8.52,76.94,Indian Mackerel,1847.98,3263.8,566.2,27.51,34.13,1.08,0.06,88.5,3.94,25.64,1.0,0.68,0.0,observed_and_verified_proxy
2014-12-01,2014,12,4,Thiruvananthapuram,South,8.52,76.94,Seer Fish,847.28,3263.8,259.6,27.51,34.13,1.08,0.06,88.5,3.94,25.64,1.0,0.543,0.129,observed_and_verified_proxy
2014-12-01,2014,12,4,Thiruvananthapuram,South,8.52,76.94,Tuna,1282.66,3263.8,392.99,27.51,34.13,1.08,0.06,88.5,3.94,25.64,1.0,0.621,0.0,observed_and_verified_proxy
2014-01-01,2014,1,1,Malappuram,North,11.07,76.07,Oil Sardine,473.82,2240.2,211.51,28.14,34.49,0.94,0.05,2.7,2.31,26.86,1.0,0.371,0.012,observed_and_verified_proxy
2014-01-01,2014,1,1,Malappuram,North,11.07,76.07,Indian Mackerel,1053.92,2240.2,470.46,28.14,34.49,0.94,0.05,2.7,2.31,26.86,1.0,0.517,0.0,observed_and_verified_proxy
2014-01-01,2014,1,1,Malappuram,North,11.07,76.07,Seer Fish,339.52,2240.2,151.56,28.14,34.49,0.94,0.05,2.7,2.31,26.86,1.0,0.308,0.064,observed_and_verified_proxy
2014-01-01,2014,1,1,Malappuram,North,11.07,76.07,Tuna,762.87,2240.2,340.54,28.14,34.49,0.94,0.05,2.7,2.31,26.86,1.0,0.46,0.0,observed_and_verified_proxy
2014-02-01,2014,2,1,Malappuram,North,11.07,76.07,Oil Sardine,504.29,2220.4,227.11,28.86,34.49,1.08,0.1,1.5,2.69,27.6,1.0,0.379,0.0,observed_and_verified_proxy
2014-02-01,2014,2,1,Malappuram,North,11.07,76.07,Indian Mackerel,1136.93,2220.4,512.03,28.86,34.49,1.08,0.1,1.5,2.69,27.6,1.0,0.525,0.0,observed_and_verified_proxy
2014-02-01,2014,2,1,Malappuram,North,11.07,76.07,Seer Fish,357.29,2220.4,160.91,28.86,34.49,1.08,0.1,1.5,2.69,27.6,1.0,0.315,0.052,observed_and_verified_proxy
2014-02-01,2014,2,1,Malappuram,North,11.07,76.07,Tuna,768.32,2220.4,346.03,28.86,34.49,1.08,0.1,1.5,2.69,27.6,1.0,0.458,0.0,observed_and_verified_proxy
2014-03-01,2014,3,1,Malappuram,North,11.07,76.07,Oil Sardine,525.35,2130.1,246.63,29.49,34.47,1.37,0.2,7.2,2.61,29.09,1.0,0.371,0.0,observed_and_verified_proxy
2014-03-01,2014,3,1,Malappuram,North,11.07,76.07,Indian Mackerel,1063.87,2130.1,499.45,29.49,34.47,1.37,0.2,7.2,2.61,29.09,1.0,0.493,0.0,observed_and_verified_proxy
2014-03-01,2014,3,1,Malappuram,North,11.07,76.07,Seer Fish,370.79,2130.1,174.07,29.49,34.47,1.37,0.2,7.2,2.61,29.09,1.0,0.309,0.014,observed_and_verified_proxy
2014-03-01,2014,3,1,Malappuram,North,11.07,76.07,Tuna,787.88,2130.1,369.88,29.49,34.47,1.37,0.2,7.2,2.61,29.09,1.0,0.443,0.0,observed_and_verified_proxy
2014-04-01,2014,4,2,Malappuram,North,11.07,76.07,Oil Sardine,365.63,1271.3,287.61,29.85,34.2,1.87,0.35,71.4,2.55,28.67,1.05,0.183,0.0,observed_and_verified_proxy
2014-04-01,2014,4,2,Malappuram,North,11.07,76.07,Indian Mackerel,647.35,1271.3,509.22,29.85,34.2,1.87,0.35,71.4,2.55,28.67,1.05,0.244,0.0,observed_and_verified_proxy
2014-04-01,2014,4,2,Malappuram,North,11.07,76.07,Seer Fish,225.7,1271.3,177.54,29.85,34.2,1.87,0.35,71.4,2.55,28.67,1.05,0.134,0.0,observed_and_verified_proxy
2014-04-01,2014,4,2,Malappuram,North,11.07,76.07,Tuna,275.85,1271.3,216.99,29.85,34.2,1.87,0.35,71.4,2.55,28.67,1.05,0.154,0.0,observed_and_verified_proxy
2014-05-01,2014,5,2,Malappuram,North,11.07,76.07,Oil Sardine,463.55,1467.1,315.97,29.77,33.36,2.96,0.65,273.9,2.6,27.74,1.36,0.24,0.0,observed_and_verified_proxy
2014-05-01,2014,5,2,Malappuram,North,11.07,76.07,Indian Mackerel,615.45,1467.1,419.51,29.77,33.36,2.96,0.65,273.9,2.6,27.74,1.36,0.275,0.0,observed_and_verified_proxy
2014-05-01,2014,5,2,Malappuram,North,11.07,76.07,Seer Fish,211.73,1467.1,144.32,29.77,33.36,2.96,0.65,273.9,2.6,27.74,1.36,0.148,0.0,observed_and_verified_proxy
2014-05-01,2014,5,2,Malappuram,North,11.07,76.07,Tuna,273.63,1467.1,186.52,29.77,33.36,2.96,0.65,273.9,2.6,27.74,1.36,0.176,0.0,observed_and_verified_proxy
2014-06-01,2014,6,2,Malappuram,North,11.07,76.07,Oil Sardine,521.43,1291.2,403.83,28.91,32.7,4.0,0.95,432.3,4.0,26.95,2.21,0.224,0.0,observed_and_verified_proxy
2014-06-01,2014,6,2,Malappuram,North,11.07,76.07,Indian Mackerel,554.32,1291.2,429.3,28.91,32.7,4.0,0.95,432.3,4.0,26.95,2.21,0.231,0.0,observed_and_verified_proxy
2014-06-01,2014,6,2,Malappuram,North,11.07,76.07,Seer Fish,228.95,1291.2,177.32,28.91,32.7,4.0,0.95,432.3,4.0,26.95,2.21,0.138,0.0,observed_and_verified_proxy
2014-06-01,2014,6,2,Malappuram,North,11.07,76.07,Tuna,279.79,1291.2,216.69,28.91,32.7,4.0,0.95,432.3,4.0,26.95,2.21,0.158,0.0,observed_and_verified_proxy
2014-07-01,2014,7,3,Malappuram,North,11.07,76.07,Oil Sardine,790.41,1665.5,474.58,27.27,30.79,4.71,1.0,890.7,3.85,25.69,2.8,0.347,0.0,observed_and_verified_proxy
2014-07-01,2014,7,3,Malappuram,North,11.07,76.07,Indian Mackerel,838.62,1665.5,503.52,27.27,30.79,4.71,1.0,890.7,3.85,25.69,2.8,0.355,0.0,observed_and_verified_proxy
2014-07-01,2014,7,3,Malappuram,North,11.07,76.07,Seer Fish,465.41,1665.5,279.44,27.27,30.79,4.71,1.0,890.7,3.85,25.69,2.8,0.273,0.0,observed_and_verified_proxy
2014-07-01,2014,7,3,Malappuram,North,11.07,76.07,Tuna,415.33,1665.5,249.37,27.27,30.79,4.71,1.0,890.7,3.85,25.69,2.8,0.257,0.0,observed_and_verified_proxy
2014-08-01,2014,8,3,Malappuram,North,11.07,76.07,Oil Sardine,728.08,1701.0,428.02,26.55,31.72,4.15,0.9,666.9,3.42,25.12,2.21,0.343,0.0,observed_and_verified_proxy
2014-08-01,2014,8,3,Malappuram,North,11.07,76.07,Indian Mackerel,844.69,1701.0,496.57,26.55,31.72,4.15,0.9,666.9,3.42,25.12,2.21,0.363,0.0,observed_and_verified_proxy
2014-08-01,2014,8,3,Malappuram,North,11.07,76.07,Seer Fish,425.65,1701.0,250.23,26.55,31.72,4.15,0.9,666.9,3.42,25.12,2.21,0.266,0.0,observed_and_verified_proxy
2014-08-01,2014,8,3,Malappuram,North,11.07,76.07,Tuna,413.28,1701.0,242.95,26.55,31.72,4.15,0.9,666.9,3.42,25.12,2.21,0.262,0.0,observed_and_verified_proxy
2014-09-01,2014,9,3,Malappuram,North,11.07,76.07,Oil Sardine,663.25,1611.1,411.68,26.93,33.26,2.85,0.6,296.7,3.28,25.73,1.36,0.312,0.0,observed_and_verified_proxy
2014-09-01,2014,9,3,Malappuram,North,11.07,76.07,Indian Mackerel,920.41,1611.1,571.3,26.93,33.26,2.85,0.6,296.7,3.28,25.73,1.36,0.355,0.0,observed_and_verified_proxy
2014-09-01,2014,9,3,Malappuram,North,11.07,76.07,Seer Fish,444.54,1611.1,275.93,26.93,33.26,2.85,0.6,296.7,3.28,25.73,1.36,0.258,0.0,observed_and_verified_proxy
2014-09-01,2014,9,3,Malappuram,North,11.07,76.07,Tuna,398.22,1611.1,247.18,26.93,33.26,2.85,0.6,296.7,3.28,25.73,1.36,0.243,0.0,observed_and_verified_proxy
2014-10-01,2014,10,4,Malappuram,North,11.07,76.07,Oil Sardine,786.32,2809.5,279.88,27.07,33.45,1.96,0.3,252.3,2.28,26.02,1.05,0.584,0.137,observed_and_verified_proxy
2014-10-01,2014,10,4,Malappuram,North,11.07,76.07,Indian Mackerel,1348.63,2809.5,480.02,27.07,33.45,1.96,0.3,252.3,2.28,26.02,1.05,0.697,0.0,observed_and_verified_proxy
2014-10-01,2014,10,4,Malappuram,North,11.07,76.07,Seer Fish,649.15,2809.5,231.05,27.07,33.45,1.96,0.3,252.3,2.28,26.02,1.05,0.54,0.188,observed_and_verified_proxy
2014-10-01,2014,10,4,Malappuram,North,11.07,76.07,Tuna,1010.23,2809.5,359.57,27.07,33.45,1.96,0.3,252.3,2.28,26.02,1.05,0.639,0.032,observed_and_verified_proxy
2014-11-01,2014,11,4,Malappuram,North,11.07,76.07,Oil Sardine,667.9,2538.7,263.08,27.14,34.13,1.25,0.12,89.7,1.6,26.15,1.0,0.494,0.057,observed_and_verified_proxy
2014-11-01,2014,11,4,Malappuram,North,11.07,76.07,Indian Mackerel,1498.52,2538.7,590.26,27.14,34.13,1.25,0.12,89.7,1.6,26.15,1.0,0.647,0.0,observed_and_verified_proxy
2014-11-01,2014,11,4,Malappuram,North,11.07,76.07,Seer Fish,656.69,2538.7,258.67,27.14,34.13,1.25,0.12,89.7,1.6,26.15,1.0,0.49,0.062,observed_and_verified_proxy
2014-11-01,2014,11,4,Malappuram,North,11.07,76.07,Tuna,990.67,2538.7,390.22,27.14,34.13,1.25,0.12,89.7,1.6,26.15,1.0,0.574,0.0,observed_and_verified_proxy
2014-12-01,2014,12,4,Malappuram,North,11.07,76.07,Oil Sardine,630.11,2450.9,257.09,27.51,34.35,1.01,0.06,34.8,1.84,25.95,1.0,0.465,0.033,observed_and_verified_proxy
2014-12-01,2014,12,4,Malappuram,North,11.07,76.07,Indian Mackerel,1497.49,2450.9,610.99,27.51,34.35,1.01,0.06,34.8,1.84,25.95,1.0,0.625,0.0,observed_and_verified_proxy
2014-12-01,2014,12,4,Malappuram,North,11.07,76.07,Seer Fish,640.99,2450.9,261.53,27.51,34.35,1.01,0.06,34.8,1.84,25.95,1.0,0.468,0.028,observed_and_verified_proxy
2014-12-01,2014,12,4,Malappuram,North,11.07,76.07,Tuna,994.38,2450.9,405.72,27.51,34.35,1.01,0.06,34.8,1.84,25.95,1.0,0.555,0.0,observed_and_verified_proxy
2014-01-01,2014,1,1,Thrissur,Central,10.52,76.21,Oil Sardine,346.15,1612.2,214.71,28.14,34.49,0.94,0.05,2.7,2.08,27.4,1.0,0.314,0.0,observed_and_verified_proxy
2014-01-01,2014,1,1,Thrissur,Central,10.52,76.21,Indian Mackerel,789.19,1612.2,489.5,28.14,34.49,0.94,0.05,2.7,2.08,27.4,1.0,0.47,0.0,observed_and_verified_proxy
2014-01-01,2014,1,1,Thrissur,Central,10.52,76.21,Seer Fish,262.2,1612.2,162.63,28.14,34.49,0.94,0.05,2.7,2.08,27.4,1.0,0.264,0.0,observed_and_verified_proxy
2014-01-01,2014,1,1,Thrissur,Central,10.52,76.21,Tuna,547.95,1612.2,339.87,28.14,34.49,0.94,0.05,2.7,2.08,27.4,1.0,0.401,0.0,observed_and_verified_proxy
2014-02-01,2014,2,1,Thrissur,Central,10.52,76.21,Oil Sardine,376.39,1529.1,246.16,28.86,34.41,1.11,0.1,21.0,2.56,28.53,1.0,0.313,0.0,observed_and_verified_proxy
2014-02-01,2014,2,1,Thrissur,Central,10.52,76.21,Indian Mackerel,796.65,1529.1,521.0,28.86,34.41,1.11,0.1,21.0,2.56,28.53,1.0,0.447,0.0,observed_and_verified_proxy
2014-02-01,2014,2,1,Thrissur,Central,10.52,76.21,Seer Fish,264.98,1529.1,173.3,28.86,34.41,1.11,0.1,21.0,2.56,28.53,1.0,0.252,0.0,observed_and_verified_proxy
2014-02-01,2014,2,1,Thrissur,Central,10.52,76.21,Tuna,530.11,1529.1,346.69,28.86,34.41,1.11,0.1,21.0,2.56,28.53,1.0,0.375,0.0,observed_and_verified_proxy
2014-03-01,2014,3,1,Thrissur,Central,10.52,76.21,Oil Sardine,396.7,1643.6,241.36,29.49,34.44,1.38,0.2,15.6,2.47,30.04,1.0,0.346,0.0,observed_and_verified_proxy
2014-03-01,2014,3,1,Thrissur,Central,10.52,76.21,Indian Mackerel,784.4,1643.6,477.26,29.49,34.44,1.38,0.2,15.6,2.47,30.04,1.0,0.478,0.0,observed_and_verified_proxy
2014-03-01,2014,3,1,Thrissur,Central,10.52,76.21,Seer Fish,253.58,1643.6,154.29,29.49,34.44,1.38,0.2,15.6,2.47,30.04,1.0,0.263,0.0,observed_and_verified_proxy
2014-03-01,2014,3,1,Thrissur,Central,10.52,76.21,Tuna,533.23,1643.6,324.43,29.49,34.44,1.38,0.2,15.6,2.47,30.04,1.0,0.404,0.0,observed_and_verified_proxy
2014-04-01,2014,4,2,Thrissur,Central,10.52,76.21,Oil Sardine,261.51,985.9,265.25,29.85,34.05,1.91,0.35,107.4,2.94,29.23,1.05,0.161,0.0,observed_and_verified_proxy
2014-04-01,2014,4,2,Thrissur,Central,10.52,76.21,Indian Mackerel,443.01,985.9,449.34,29.85,34.05,1.91,0.35,107.4,2.94,29.23,1.05,0.221,0.0,observed_and_verified_proxy
2014-04-01,2014,4,2,Thrissur,Central,10.52,76.21,Seer Fish,162.47,985.9,164.8,29.85,34.05,1.91,0.35,107.4,2.94,29.23,1.05,0.115,0.0,observed_and_verified_proxy
2014-04-01,2014,4,2,Thrissur,Central,10.52,76.21,Tuna,185.95,985.9,188.6,29.85,34.05,1.91,0.35,107.4,2.94,29.23,1.05,0.127,0.0,observed_and_verified_proxy
2014-05-01,2014,5,2,Thrissur,Central,10.52,76.21,Oil Sardine,307.96,931.3,330.66,29.77,33.43,2.94,0.65,257.4,3.17,28.45,1.36,0.169,0.0,observed_and_verified_proxy
2014-05-01,2014,5,2,Thrissur,Central,10.52,76.21,Indian Mackerel,449.68,931.3,482.84,29.77,33.43,2.94,0.65,257.4,3.17,28.45,1.36,0.21,0.0,observed_and_verified_proxy
2014-05-01,2014,5,2,Thrissur,Central,10.52,76.21,Seer Fish,156.03,931.3,167.53,29.77,33.43,2.94,0.65,257.4,3.17,28.45,1.36,0.105,0.0,observed_and_verified_proxy
2014-05-01,2014,5,2,Thrissur,Central,10.52,76.21,Tuna,197.45,931.3,212.01,29.77,33.43,2.94,0.65,257.4,3.17,28.45,1.36,0.126,0.0,observed_and_verified_proxy
2014-06-01,2014,6,2,Thrissur,Central,10.52,76.21,Oil Sardine,381.43,961.2,396.84,28.91,33.22,3.84,0.95,306.6,4.64,27.51,2.21,0.198,0.0,observed_and_verified_proxy
2014-06-01,2014,6,2,Thrissur,Central,10.52,76.21,Indian Mackerel,415.04,961.2,431.81,28.91,33.22,3.84,0.95,306.6,4.64,27.51,2.21,0.208,0.0,observed_and_verified_proxy
2014-06-01,2014,6,2,Thrissur,Central,10.52,76.21,Seer Fish,150.08,961.2,156.14,28.91,33.22,3.84,0.95,306.6,4.64,27.51,2.21,0.106,0.0,observed_and_verified_proxy
2014-06-01,2014,6,2,Thrissur,Central,10.52,76.21,Tuna,189.38,961.2,197.03,28.91,33.22,3.84,0.95,306.6,4.64,27.51,2.21,0.126,0.0,observed_and_verified_proxy
2014-07-01,2014,7,3,Thrissur,Central,10.52,76.21,Oil Sardine,590.55,1215.5,485.83,27.27,32.58,4.18,1.0,461.7,4.0,26.21,2.8,0.313,0.0,observed_and_verified_proxy
2014-07-01,2014,7,3,Thrissur,Central,10.52,76.21,Indian Mackerel,606.34,1215.5,498.82,27.27,32.58,4.18,1.0,461.7,4.0,26.21,2.8,0.317,0.0,observed_and_verified_proxy
2014-07-01,2014,7,3,Thrissur,Central,10.52,76.21,Seer Fish,321.74,1215.5,264.69,27.27,32.58,4.18,1.0,461.7,4.0,26.21,2.8,0.227,0.0,observed_and_verified_proxy
2014-07-01,2014,7,3,Thrissur,Central,10.52,76.21,Tuna,290.31,1215.5,238.83,27.27,32.58,4.18,1.0,461.7,4.0,26.21,2.8,0.213,0.0,observed_and_verified_proxy
2014-08-01,2014,8,3,Thrissur,Central,10.52,76.21,Oil Sardine,536.85,1142.1,470.07,26.55,31.86,4.11,0.9,633.6,3.98,25.8,2.21,0.282,0.0,observed_and_verified_proxy
2014-08-01,2014,8,3,Thrissur,Central,10.52,76.21,Indian Mackerel,626.02,1142.1,548.15,26.55,31.86,4.11,0.9,633.6,3.98,25.8,2.21,0.302,0.0,observed_and_verified_proxy
2014-08-01,2014,8,3,Thrissur,Central,10.52,76.21,Seer Fish,329.54,1142.1,288.55,26.55,31.86,4.11,0.9,633.6,3.98,25.8,2.21,0.216,0.0,observed_and_verified_proxy
2014-08-01,2014,8,3,Thrissur,Central,10.52,76.21,Tuna,285.86,1142.1,250.3,26.55,31.86,4.11,0.9,633.6,3.98,25.8,2.21,0.198,0.0,observed_and_verified_proxy
2014-09-01,2014,9,3,Thrissur,Central,10.52,76.21,Oil Sardine,460.59,1123.4,409.98,26.93,33.55,2.77,0.6,228.9,3.77,26.39,1.36,0.257,0.0,observed_and_verified_proxy
2014-09-01,2014,9,3,Thrissur,Central,10.52,76.21,Indian Mackerel,648.96,1123.4,577.66,26.93,33.55,2.77,0.6,228.9,3.77,26.39,1.36,0.302,0.0,observed_and_verified_proxy
2014-09-01,2014,9,3,Thrissur,Central,10.52,76.21,Seer Fish,302.91,1123.4,269.63,26.93,33.55,2.77,0.6,228.9,3.77,26.39,1.36,0.202,0.0,observed_and_verified_proxy
2014-09-01,2014,9,3,Thrissur,Central,10.52,76.21,Tuna,293.36,1123.4,261.13,26.93,33.55,2.77,0.6,228.9,3.77,26.39,1.36,0.198,0.0,observed_and_verified_proxy
2014-10-01,2014,10,4,Thrissur,Central,10.52,76.21,Oil Sardine,533.51,1877.8,284.11,27.07,33.19,2.03,0.3,313.8,2.46,26.57,1.05,0.462,0.0,observed_and_verified_proxy
2014-10-01,2014,10,4,Thrissur,Central,10.52,76.21,Indian Mackerel,967.9,1877.8,515.43,27.07,33.19,2.03,0.3,313.8,2.46,26.57,1.05,0.59,0.0,observed_and_verified_proxy
2014-10-01,2014,10,4,Thrissur,Central,10.52,76.21,Seer Fish,458.86,1877.8,244.36,27.07,33.19,2.03,0.3,313.8,2.46,26.57,1.05,0.428,0.013,observed_and_verified_proxy
2014-10-01,2014,10,4,Thrissur,Central,10.52,76.21,Tuna,682.36,1877.8,363.38,27.07,33.19,2.03,0.3,313.8,2.46,26.57,1.05,0.516,0.0,observed_and_verified_proxy
2014-11-01,2014,11,4,Thrissur,Central,10.52,76.21,Oil Sardine,479.03,1960.5,244.34,27.14,33.97,1.3,0.12,128.1,2.08,26.83,1.0,0.457,0.051,observed_and_verified_proxy
2014-11-01,2014,11,4,Thrissur,Central,10.52,76.21,Indian Mackerel,990.15,1960.5,505.05,27.14,33.97,1.3,0.12,128.1,2.08,26.83,1.0,0.62,0.0,observed_and_verified_proxy
2014-11-01,2014,11,4,Thrissur,Central,10.52,76.21,Seer Fish,455.94,1960.5,232.56,27.14,33.97,1.3,0.12,128.1,2.08,26.83,1.0,0.445,0.062,observed_and_verified_proxy
2014-11-01,2014,11,4,Thrissur,Central,10.52,76.21,Tuna,712.82,1960.5,363.59,27.14,33.97,1.3,0.12,128.1,2.08,26.83,1.0,0.549,0.0,observed_and_verified_proxy
2014-12-01,2014,12,4,Thrissur,Central,10.52,76.21,Oil Sardine,442.17,1887.2,234.3,27.51,34.41,0.99,0.06,21.3,2.03,27.05,1.0,0.422,0.028,observed_and_verified_proxy
2014-12-01,2014,12,4,Thrissur,Central,10.52,76.21,Indian Mackerel,1021.9,1887.2,541.49,27.51,34.41,0.99,0.06,21.3,2.03,27.05,1.0,0.603,0.0,observed_and_verified_proxy
2014-12-01,2014,12,4,Thrissur,Central,10.52,76.21,Seer Fish,461.08,1887.2,244.32,27.51,34.41,0.99,0.06,21.3,2.03,27.05,1.0,0.431,0.018,observed_and_verified_proxy
2014-12-01,2014,12,4,Thrissur,Central,10.52,76.21,Tuna,712.75,1887.2,377.67,27.51,34.41,0.99,0.06,21.3,2.03,27.05,1.0,0.528,0.0,observed_and_verified_proxy
2014-01-01,2014,1,1,Kasaragod,North,12.5,74.99,Oil Sardine,201.25,967.4,208.04,28.14,34.49,0.94,0.05,2.7,2.31,26.86,1.0,0.22,0.0,observed_and_verified_proxy
2014-01-01,2014,1,1,Kasaragod,North,12.5,74.99,Indian Mackerel,454.73,967.4,470.07,28.14,34.49,0.94,0.05,2.7,2.31,26.86,1.0,0.366,0.0,observed_and_verified_proxy
2014-01-01,2014,1,1,Kasaragod,North,12.5,74.99,Seer Fish,157.03,967.4,162.33,28.14,34.49,0.94,0.05,2.7,2.31,26.86,1.0,0.183,0.0,observed_and_verified_proxy
2014-01-01,2014,1,1,Kasaragod,North,12.5,74.99,Tuna,321.97,967.4,332.84,28.14,34.49,0.94,0.05,2.7,2.31,26.86,1.0,0.301,0.0,observed_and_verified_proxy
2014-02-01,2014,2,1,Kasaragod,North,12.5,74.99,Oil Sardine,225.41,927.5,243.02,28.86,34.49,1.08,0.1,1.5,2.69,27.6,1.0,0.229,0.0,observed_and_verified_proxy
2014-02-01,2014,2,1,Kasaragod,North,12.5,74.99,Indian Mackerel,479.34,927.5,516.79,28.86,34.49,1.08,0.1,1.5,2.69,27.6,1.0,0.36,0.0,observed_and_verified_proxy
2014-02-01,2014,2,1,Kasaragod,North,12.5,74.99,Seer Fish,159.77,927.5,172.25,28.86,34.49,1.08,0.1,1.5,2.69,27.6,1.0,0.178,0.0,observed_and_verified_proxy
2014-02-01,2014,2,1,Kasaragod,North,12.5,74.99,Tuna,317.72,927.5,342.55,28.86,34.49,1.08,0.1,1.5,2.69,27.6,1.0,0.286,0.0,observed_and_verified_proxy
2014-03-01,2014,3,1,Kasaragod,North,12.5,74.99,Oil Sardine,222.53,850.9,261.51,29.49,34.47,1.37,0.2,7.2,2.61,29.09,1.0,0.208,0.0,observed_and_verified_proxy
2014-03-01,2014,3,1,Kasaragod,North,12.5,74.99,Indian Mackerel,472.2,850.9,554.91,29.49,34.47,1.37,0.2,7.2,2.61,29.09,1.0,0.328,0.0,observed_and_verified_proxy
2014-03-01,2014,3,1,Kasaragod,North,12.5,74.99,Seer Fish,158.91,850.9,186.74,29.49,34.47,1.37,0.2,7.2,2.61,29.09,1.0,0.163,0.0,observed_and_verified_proxy
2014-03-01,2014,3,1,Kasaragod,North,12.5,74.99,Tuna,315.92,850.9,371.26,29.49,34.47,1.37,0.2,7.2,2.61,29.09,1.0,0.261,0.0,observed_and_verified_proxy
2014-04-01,2014,4,2,Kasaragod,North,12.5,74.99,Oil Sardine,150.69,601.9,250.35,29.85,34.2,1.87,0.35,71.4,2.55,28.67,1.05,0.111,0.0,observed_and_verified_proxy
2014-04-01,2014,4,2,Kasaragod,North,12.5,74.99,Indian Mackerel,285.14,601.9,473.71,29.85,34.2,1.87,0.35,71.4,2.55,28.67,1.05,0.173,0.0,observed_and_verified_proxy
2014-04-01,2014,4,2,Kasaragod,North,12.5,74.99,Seer Fish,97.77,601.9,162.43,29.85,34.2,1.87,0.35,71.4,2.55,28.67,1.05,0.078,0.0,observed_and_verified_proxy
2014-04-01,2014,4,2,Kasaragod,North,12.5,74.99,Tuna,120.23,601.9,199.74,29.85,34.2,1.87,0.35,71.4,2.55,28.67,1.05,0.093,0.0,observed_and_verified_proxy
2014-05-01,2014,5,2,Kasaragod,North,12.5,74.99,Oil Sardine,187.18,590.6,316.94,29.77,33.36,2.96,0.65,273.9,2.6,27.74,1.36,0.128,0.0,observed_and_verified_proxy
2014-05-01,2014,5,2,Kasaragod,North,12.5,74.99,Indian Mackerel,269.36,590.6,456.09,29.77,33.36,2.96,0.65,273.9,2.6,27.74,1.36,0.164,0.0,observed_and_verified_proxy
2014-05-01,2014,5,2,Kasaragod,North,12.5,74.99,Seer Fish,96.14,590.6,162.79,29.77,33.36,2.96,0.65,273.9,2.6,27.74,1.36,0.076,0.0,observed_and_verified_proxy
2014-05-01,2014,5,2,Kasaragod,North,12.5,74.99,Tuna,118.42,590.6,200.51,29.77,33.36,2.96,0.65,273.9,2.6,27.74,1.36,0.09,0.0,observed_and_verified_proxy
2014-06-01,2014,6,2,Kasaragod,North,12.5,74.99,Oil Sardine,229.57,549.6,417.67,28.91,32.7,4.0,0.95,432.3,4.0,26.95,2.21,0.137,0.0,observed_and_verified_proxy
2014-06-01,2014,6,2,Kasaragod,North,12.5,74.99,Indian Mackerel,249.52,549.6,453.97,28.91,32.7,4.0,0.95,432.3,4.0,26.95,2.21,0.145,0.0,observed_and_verified_proxy
2014-06-01,2014,6,2,Kasaragod,North,12.5,74.99,Seer Fish,92.47,549.6,168.24,28.91,32.7,4.0,0.95,432.3,4.0,26.95,2.21,0.068,0.0,observed_and_verified_proxy
2014-06-01,2014,6,2,Kasaragod,North,12.5,74.99,Tuna,118.72,549.6,215.99,28.91,32.7,4.0,0.95,432.3,4.0,26.95,2.21,0.084,0.0,observed_and_verified_proxy
2014-07-01,2014,7,3,Kasaragod,North,12.5,74.99,Oil Sardine,347.86,678.9,512.36,27.27,30.79,4.71,1.0,890.7,3.85,25.69,2.8,0.221,0.0,observed_and_verified_proxy
2014-07-01,2014,7,3,Kasaragod,North,12.5,74.99,Indian Mackerel,379.01,678.9,558.23,27.27,30.79,4.71,1.0,890.7,3.85,25.69,2.8,0.232,0.0,observed_and_verified_proxy
2014-07-01,2014,7,3,Kasaragod,North,12.5,74.99,Seer Fish,197.66,678.9,291.13,27.27,30.79,4.71,1.0,890.7,3.85,25.69,2.8,0.153,0.0,observed_and_verified_proxy
2014-07-01,2014,7,3,Kasaragod,North,12.5,74.99,Tuna,169.24,678.9,249.27,27.27,30.79,4.71,1.0,890.7,3.85,25.69,2.8,0.136,0.0,observed_and_verified_proxy
2014-08-01,2014,8,3,Kasaragod,North,12.5,74.99,Oil Sardine,319.24,675.8,472.38,26.55,31.72,4.15,0.9,666.9,3.42,25.12,2.21,0.209,0.0,observed_and_verified_proxy
2014-08-01,2014,8,3,Kasaragod,North,12.5,74.99,Indian Mackerel,366.15,675.8,541.79,26.55,31.72,4.15,0.9,666.9,3.42,25.12,2.21,0.227,0.0,observed_and_verified_proxy
2014-08-01,2014,8,3,Kasaragod,North,12.5,74.99,Seer Fish,196.95,675.8,291.43,26.55,31.72,4.15,0.9,666.9,3.42,25.12,2.21,0.152,0.0,observed_and_verified_proxy
2014-08-01,2014,8,3,Kasaragod,North,12.5,74.99,Tuna,178.88,675.8,264.69,26.55,31.72,4.15,0.9,666.9,3.42,25.12,2.21,0.141,0.0,observed_and_verified_proxy
2014-09-01,2014,9,3,Kasaragod,North,12.5,74.99,Oil Sardine,275.3,726.9,378.74,26.93,33.26,2.85,0.6,296.7,3.28,25.73,1.36,0.205,0.0,observed_and_verified_proxy
2014-09-01,2014,9,3,Kasaragod,North,12.5,74.99,Indian Mackerel,403.21,726.9,554.72,26.93,33.26,2.85,0.6,296.7,3.28,25.73,1.36,0.258,0.0,observed_and_verified_proxy
2014-09-01,2014,9,3,Kasaragod,North,12.5,74.99,Seer Fish,191.7,726.9,263.73,26.93,33.26,2.85,0.6,296.7,3.28,25.73,1.36,0.16,0.0,observed_and_verified_proxy
2014-09-01,2014,9,3,Kasaragod,North,12.5,74.99,Tuna,181.15,726.9,249.21,26.93,33.26,2.85,0.6,296.7,3.28,25.73,1.36,0.153,0.0,observed_and_verified_proxy
2014-10-01,2014,10,4,Kasaragod,North,12.5,74.99,Oil Sardine,335.87,1085.8,309.35,27.07,33.45,1.96,0.3,252.3,2.28,26.02,1.05,0.346,0.0,observed_and_verified_proxy
2014-10-01,2014,10,4,Kasaragod,North,12.5,74.99,Indian Mackerel,609.83,1085.8,561.67,27.07,33.45,1.96,0.3,252.3,2.28,26.02,1.05,0.473,0.0,observed_and_verified_proxy
2014-10-01,2014,10,4,Kasaragod,North,12.5,74.99,Seer Fish,257.86,1085.8,237.49,27.07,33.45,1.96,0.3,252.3,2.28,26.02,1.05,0.293,0.0,observed_and_verified_proxy
2014-10-01,2014,10,4,Kasaragod,North,12.5,74.99,Tuna,442.78,1085.8,407.81,27.07,33.45,1.96,0.3,252.3,2.28,26.02,1.05,0.405,0.0,observed_and_verified_proxy
2014-11-01,2014,11,4,Kasaragod,North,12.5,74.99,Oil Sardine,299.17,1111.4,269.18,27.14,34.13,1.25,0.12,89.7,1.6,26.15,1.0,0.33,0.0,observed_and_verified_proxy
2014-11-01,2014,11,4,Kasaragod,North,12.5,74.99,Indian Mackerel,582.1,1111.4,523.74,27.14,34.13,1.25,0.12,89.7,1.6,26.15,1.0,0.474,0.0,observed_and_verified_proxy
2014-11-01,2014,11,4,Kasaragod,North,12.5,74.99,Seer Fish,268.12,1111.4,241.24,27.14,34.13,1.25,0.12,89.7,1.6,26.15,1.0,0.308,0.0,observed_and_verified_proxy
2014-11-01,2014,11,4,Kasaragod,North,12.5,74.99,Tuna,437.85,1111.4,393.96,27.14,34.13,1.25,0.12,89.7,1.6,26.15,1.0,0.412,0.0,observed_and_verified_proxy
2014-12-01,2014,12,4,Kasaragod,North,12.5,74.99,Oil Sardine,278.96,1179.4,236.54,27.51,34.35,1.01,0.06,34.8,1.84,25.95,1.0,0.335,0.0,observed_and_verified_proxy
2014-12-01,2014,12,4,Kasaragod,North,12.5,74.99,Indian Mackerel,613.5,1179.4,520.2,27.51,34.35,1.01,0.06,34.8,1.84,25.95,1.0,0.516,0.0,observed_and_verified_proxy
2014-12-01,2014,12,4,Kasaragod,North,12.5,74.99,Seer Fish,259.3,1179.4,219.87,27.51,34.35,1.01,0.06,34.8,1.84,25.95,1.0,0.32,0.0,observed_and_verified_proxy
2014-12-01,2014,12,4,Kasaragod,North,12.5,74.99,Tuna,423.76,1179.4,359.32,27.51,34.35,1.01,0.06,34.8,1.84,25.95,1.0,0.429,0.0,observed_and_verified_proxy
2015-01-01,2015,1,1,Kozhikode,North,11.25,75.78,Oil Sardine,1070.75,5665.9,188.98,28.14,34.5,0.94,0.05,0.3,2.31,26.07,1.0,0.484,0.209,observed_and_verified_proxy
2015-01-01,2015,1,1,Kozhikode,North,11.25,75.78,Indian Mackerel,2558.7,5665.9,451.6,28.14,34.5,0.94,0.05,0.3,2.31,26.07,1.0,0.594,0.0,observed_and_verified_proxy
2015-01-01,2015,1,1,Kozhikode,North,11.25,75.78,Seer Fish,845.46,5665.9,149.22,28.14,34.5,0.94,0.05,0.3,2.31,26.07,1.0,0.446,0.248,observed_and_verified_proxy
2015-01-01,2015,1,1,Kozhikode,North,11.25,75.78,Tuna,1773.31,5665.9,312.98,28.14,34.5,0.94,0.05,0.3,2.31,26.07,1.0,0.554,0.024,observed_and_verified_proxy
2015-02-01,2015,2,1,Kozhikode,North,11.25,75.78,Oil Sardine,1093.5,5941.3,184.05,28.86,34.5,1.08,0.1,0.9,2.47,27.55,1.0,0.511,0.255,observed_and_verified_proxy
2015-02-01,2015,2,1,Kozhikode,North,11.25,75.78,Indian Mackerel,2476.85,5941.3,416.89,28.86,34.5,1.08,0.1,0.9,2.47,27.55,1.0,0.619,0.0,observed_and_verified_proxy
2015-02-01,2015,2,1,Kozhikode,North,11.25,75.78,Seer Fish,838.73,5941.3,141.17,28.86,34.5,1.08,0.1,0.9,2.47,27.55,1.0,0.466,0.293,observed_and_verified_proxy
2015-02-01,2015,2,1,Kozhikode,North,11.25,75.78,Tuna,1681.12,5941.3,282.95,28.86,34.5,1.08,0.1,0.9,2.47,27.55,1.0,0.574,0.117,observed_and_verified_proxy
2015-03-01,2015,3,1,Kozhikode,North,11.25,75.78,Oil Sardine,1235.34,5808.9,212.66,29.49,34.33,1.41,0.2,41.1,2.45,28.35,1.0,0.518,0.201,observed_and_verified_proxy
2015-03-01,2015,3,1,Kozhikode,North,11.25,75.78,Indian Mackerel,2548.37,5808.9,438.7,29.49,34.33,1.41,0.2,41.1,2.45,28.35,1.0,0.609,0.0,observed_and_verified_proxy
2015-03-01,2015,3,1,Kozhikode,North,11.25,75.78,Seer Fish,809.06,5808.9,139.28,29.49,34.33,1.41,0.2,41.1,2.45,28.35,1.0,0.45,0.275,observed_and_verified_proxy
2015-03-01,2015,3,1,Kozhikode,North,11.25,75.78,Tuna,1747.36,5808.9,300.81,29.49,34.33,1.41,0.2,41.1,2.45,28.35,1.0,0.566,0.067,observed_and_verified_proxy
2015-04-01,2015,4,2,Kozhikode,North,11.25,75.78,Oil Sardine,815.26,3910.5,208.48,29.85,33.99,1.93,0.35,121.8,2.15,28.13,1.05,0.304,0.0,observed_and_verified_proxy
2015-04-01,2015,4,2,Kozhikode,North,11.25,75.78,Indian Mackerel,1422.43,3910.5,363.75,29.85,33.99,1.93,0.35,121.8,2.15,28.13,1.05,0.363,0.0,observed_and_verified_proxy
2015-04-01,2015,4,2,Kozhikode,North,11.25,75.78,Seer Fish,475.66,3910.5,121.64,29.85,33.99,1.93,0.35,121.8,2.15,28.13,1.05,0.239,0.04,observed_and_verified_proxy
2015-04-01,2015,4,2,Kozhikode,North,11.25,75.78,Tuna,635.78,3910.5,162.58,29.85,33.99,1.93,0.35,121.8,2.15,28.13,1.05,0.274,0.0,observed_and_verified_proxy
2015-05-01,2015,5,2,Kozhikode,North,11.25,75.78,Oil Sardine,1043.24,3900.2,267.48,29.77,33.69,2.86,0.65,195.0,2.54,27.7,1.36,0.33,0.0,observed_and_verified_proxy
2015-05-01,2015,5,2,Kozhikode,North,11.25,75.78,Indian Mackerel,1435.84,3900.2,368.14,29.77,33.69,2.86,0.65,195.0,2.54,27.7,1.36,0.363,0.0,observed_and_verified_proxy
2015-05-01,2015,5,2,Kozhikode,North,11.25,75.78,Seer Fish,476.72,3900.2,122.23,29.77,33.69,2.86,0.65,195.0,2.54,27.7,1.36,0.239,0.038,observed_and_verified_proxy
2015-05-01,2015,5,2,Kozhikode,North,11.25,75.78,Tuna,621.12,3900.2,159.25,29.77,33.69,2.86,0.65,195.0,2.54,27.7,1.36,0.271,0.0,observed_and_verified_proxy
2015-06-01,2015,6,2,Kozhikode,North,11.25,75.78,Oil Sardine,1165.12,3914.4,297.65,28.91,32.35,4.11,0.95,516.3,3.47,26.65,2.21,0.343,0.0,observed_and_verified_proxy
2015-06-01,2015,6,2,Kozhikode,North,11.25,75.78,Indian Mackerel,1316.22,3914.4,336.25,28.91,32.35,4.11,0.95,516.3,3.47,26.65,2.21,0.355,0.0,observed_and_verified_proxy
2015-06-01,2015,6,2,Kozhikode,North,11.25,75.78,Seer Fish,473.88,3914.4,121.06,28.91,32.35,4.11,0.95,516.3,3.47,26.65,2.21,0.239,0.041,observed_and_verified_proxy
2015-06-01,2015,6,2,Kozhikode,North,11.25,75.78,Tuna,587.53,3914.4,150.09,28.91,32.35,4.11,0.95,516.3,3.47,26.65,2.21,0.265,0.011,observed_and_verified_proxy
2015-07-01,2015,7,3,Kozhikode,North,11.25,75.78,Oil Sardine,1858.07,4827.5,384.89,27.27,33.0,4.05,1.0,360.9,3.55,25.95,2.8,0.477,0.0,observed_and_verified_proxy
2015-07-01,2015,7,3,Kozhikode,North,11.25,75.78,Indian Mackerel,2008.02,4827.5,415.95,27.27,33.0,4.05,1.0,360.9,3.55,25.95,2.8,0.484,0.0,observed_and_verified_proxy
2015-07-01,2015,7,3,Kozhikode,North,11.25,75.78,Seer Fish,1031.64,4827.5,213.7,27.27,33.0,4.05,1.0,360.9,3.55,25.95,2.8,0.407,0.055,observed_and_verified_proxy
2015-07-01,2015,7,3,Kozhikode,North,11.25,75.78,Tuna,930.09,4827.5,192.66,27.27,33.0,4.05,1.0,360.9,3.55,25.95,2.8,0.393,0.083,observed_and_verified_proxy
2015-08-01,2015,8,3,Kozhikode,North,11.25,75.78,Oil Sardine,1766.82,4327.4,408.28,26.55,33.34,3.67,0.9,277.2,3.07,25.74,2.21,0.423,0.0,observed_and_verified_proxy
2015-08-01,2015,8,3,Kozhikode,North,11.25,75.78,Indian Mackerel,1928.36,4327.4,445.61,26.55,33.34,3.67,0.9,277.2,3.07,25.74,2.21,0.431,0.0,observed_and_verified_proxy
2015-08-01,2015,8,3,Kozhikode,North,11.25,75.78,Seer Fish,1045.22,4327.4,241.53,26.55,33.34,3.67,0.9,277.2,3.07,25.74,2.21,0.367,0.0,observed_and_verified_proxy
2015-08-01,2015,8,3,Kozhikode,North,11.25,75.78,Tuna,927.07,4327.4,214.23,26.55,33.34,3.67,0.9,277.2,3.07,25.74,2.21,0.352,0.0,observed_and_verified_proxy
2015-09-01,2015,9,3,Kozhikode,North,11.25,75.78,Oil Sardine,1513.66,4716.8,320.9,26.93,33.59,2.75,0.6,217.8,2.69,26.18,1.36,0.444,0.0,observed_and_verified_proxy
2015-09-01,2015,9,3,Kozhikode,North,11.25,75.78,Indian Mackerel,2185.42,4716.8,463.32,26.93,33.59,2.75,0.6,217.8,2.69,26.18,1.36,0.481,0.0,observed_and_verified_proxy
2015-09-01,2015,9,3,Kozhikode,North,11.25,75.78,Seer Fish,1006.0,4716.8,213.28,26.93,33.59,2.75,0.6,217.8,2.69,26.18,1.36,0.395,0.039,observed_and_verified_proxy
2015-09-01,2015,9,3,Kozhikode,North,11.25,75.78,Tuna,952.49,4716.8,201.93,26.93,33.59,2.75,0.6,217.8,2.69,26.18,1.36,0.388,0.055,observed_and_verified_proxy
2015-10-01,2015,10,4,Kozhikode,North,11.25,75.78,Oil Sardine,1653.92,7474.0,221.29,27.07,33.85,1.84,0.3,156.9,2.03,26.73,1.05,0.719,0.443,observed_and_verified_proxy
2015-10-01,2015,10,4,Kozhikode,North,11.25,75.78,Indian Mackerel,3182.32,7474.0,425.78,27.07,33.85,1.84,0.3,156.9,2.03,26.73,1.05,0.809,0.106,observed_and_verified_proxy
2015-10-01,2015,10,4,Kozhikode,North,11.25,75.78,Seer Fish,1398.97,7474.0,187.18,27.07,33.85,1.84,0.3,156.9,2.03,26.73,1.05,0.69,0.481,observed_and_verified_proxy
2015-10-01,2015,10,4,Kozhikode,North,11.25,75.78,Tuna,2225.64,7474.0,297.78,27.07,33.85,1.84,0.3,156.9,2.03,26.73,1.05,0.765,0.332,observed_and_verified_proxy
2015-11-01,2015,11,4,Kozhikode,North,11.25,75.78,Oil Sardine,1550.1,7501.3,206.64,27.14,33.84,1.34,0.12,159.6,2.14,26.34,1.0,0.711,0.465,observed_and_verified_proxy
2015-11-01,2015,11,4,Kozhikode,North,11.25,75.78,Indian Mackerel,3389.06,7501.3,451.8,27.14,33.84,1.34,0.12,159.6,2.14,26.34,1.0,0.819,0.061,observed_and_verified_proxy
2015-11-01,2015,11,4,Kozhikode,North,11.25,75.78,Seer Fish,1376.67,7501.3,183.52,27.14,33.84,1.34,0.12,159.6,2.14,26.34,1.0,0.69,0.489,observed_and_verified_proxy
2015-11-01,2015,11,4,Kozhikode,North,11.25,75.78,Tuna,2219.17,7501.3,295.84,27.14,33.84,1.34,0.12,159.6,2.14,26.34,1.0,0.767,0.34,observed_and_verified_proxy
2015-12-01,2015,12,4,Kozhikode,North,11.25,75.78,Oil Sardine,1481.31,7265.9,203.87,27.51,34.36,1.01,0.06,33.0,1.88,26.68,1.0,0.681,0.432,observed_and_verified_proxy
2015-12-01,2015,12,4,Kozhikode,North,11.25,75.78,Indian Mackerel,3227.31,7265.9,444.17,27.51,34.36,1.01,0.06,33.0,1.88,26.68,1.0,0.788,0.038,observed_and_verified_proxy
2015-12-01,2015,12,4,Kozhikode,North,11.25,75.78,Seer Fish,1425.7,7265.9,196.22,27.51,34.36,1.01,0.06,33.0,1.88,26.68,1.0,0.674,0.44,observed_and_verified_proxy
2015-12-01,2015,12,4,Kozhikode,North,11.25,75.78,Tuna,2352.2,7265.9,323.73,27.51,34.36,1.01,0.06,33.0,1.88,26.68,1.0,0.751,0.257,observed_and_verified_proxy
2015-01-01,2015,1,1,Ernakulam,Central,9.98,76.28,Oil Sardine,968.32,5605.4,172.75,28.14,34.48,0.94,0.05,3.9,2.21,27.13,1.0,0.518,0.289,observed_and_verified_proxy
2015-01-01,2015,1,1,Ernakulam,Central,9.98,76.28,Indian Mackerel,2357.66,5605.4,420.6,28.14,34.48,0.94,0.05,3.9,2.21,27.13,1.0,0.648,0.0,observed_and_verified_proxy
2015-01-01,2015,1,1,Ernakulam,Central,9.98,76.28,Seer Fish,758.75,5605.4,135.36,28.14,34.48,0.94,0.05,3.9,2.21,27.13,1.0,0.473,0.314,observed_and_verified_proxy
2015-01-01,2015,1,1,Ernakulam,Central,9.98,76.28,Tuna,1487.15,5605.4,265.31,28.14,34.48,0.94,0.05,3.9,2.21,27.13,1.0,0.588,0.174,observed_and_verified_proxy
2015-02-01,2015,2,1,Ernakulam,Central,9.98,76.28,Oil Sardine,1025.04,5306.8,193.16,28.86,34.49,1.08,0.1,2.4,2.52,28.77,1.0,0.5,0.22,observed_and_verified_proxy
2015-02-01,2015,2,1,Ernakulam,Central,9.98,76.28,Indian Mackerel,2310.7,5306.8,435.42,28.86,34.49,1.08,0.1,2.4,2.52,28.77,1.0,0.611,0.0,observed_and_verified_proxy
2015-02-01,2015,2,1,Ernakulam,Central,9.98,76.28,Seer Fish,749.9,5306.8,141.31,28.86,34.49,1.08,0.1,2.4,2.52,28.77,1.0,0.446,0.266,observed_and_verified_proxy
2015-02-01,2015,2,1,Ernakulam,Central,9.98,76.28,Tuna,1505.32,5306.8,283.66,28.86,34.49,1.08,0.1,2.4,2.52,28.77,1.0,0.558,0.095,observed_and_verified_proxy
2015-03-01,2015,3,1,Ernakulam,Central,9.98,76.28,Oil Sardine,1146.1,5408.1,211.92,29.49,34.3,1.42,0.2,46.8,2.61,29.41,1.0,0.527,0.215,observed_and_verified_proxy
2015-03-01,2015,3,1,Ernakulam,Central,9.98,76.28,Indian Mackerel,2272.32,5408.1,420.17,29.49,34.3,1.42,0.2,46.8,2.61,29.41,1.0,0.621,0.0,observed_and_verified_proxy
2015-03-01,2015,3,1,Ernakulam,Central,9.98,76.28,Seer Fish,700.22,5408.1,129.48,29.49,34.3,1.42,0.2,46.8,2.61,29.41,1.0,0.442,0.287,observed_and_verified_proxy
2015-03-01,2015,3,1,Ernakulam,Central,9.98,76.28,Tuna,1551.1,5408.1,286.81,29.49,34.3,1.42,0.2,46.8,2.61,29.41,1.0,0.573,0.107,observed_and_verified_proxy
2015-04-01,2015,4,2,Ernakulam,Central,9.98,76.28,Oil Sardine,766.73,3097.8,247.51,29.85,33.86,1.97,0.35,152.7,2.38,28.65,1.05,0.263,0.0,observed_and_verified_proxy
2015-04-01,2015,4,2,Ernakulam,Central,9.98,76.28,Indian Mackerel,1252.67,3097.8,404.38,29.85,33.86,1.97,0.35,152.7,2.38,28.65,1.05,0.31,0.0,observed_and_verified_proxy
2015-04-01,2015,4,2,Ernakulam,Central,9.98,76.28,Seer Fish,454.96,3097.8,146.87,29.85,33.86,1.97,0.35,152.7,2.38,28.65,1.05,0.207,0.0,observed_and_verified_proxy
2015-04-01,2015,4,2,Ernakulam,Central,9.98,76.28,Tuna,571.0,3097.8,184.33,29.85,33.86,1.97,0.35,152.7,2.38,28.65,1.05,0.231,0.0,observed_and_verified_proxy
2015-05-01,2015,5,2,Ernakulam,Central,9.98,76.28,Oil Sardine,895.76,3170.0,282.58,29.77,33.58,2.9,0.65,220.5,2.82,28.24,1.36,0.285,0.0,observed_and_verified_proxy
2015-05-01,2015,5,2,Ernakulam,Central,9.98,76.28,Indian Mackerel,1243.3,3170.0,392.21,29.77,33.58,2.9,0.65,220.5,2.82,28.24,1.36,0.317,0.0,observed_and_verified_proxy
2015-05-01,2015,5,2,Ernakulam,Central,9.98,76.28,Seer Fish,464.0,3170.0,146.38,29.77,33.58,2.9,0.65,220.5,2.82,28.24,1.36,0.214,0.0,observed_and_verified_proxy
2015-05-01,2015,5,2,Ernakulam,Central,9.98,76.28,Tuna,573.42,3170.0,180.89,29.77,33.58,2.9,0.65,220.5,2.82,28.24,1.36,0.237,0.0,observed_and_verified_proxy
2015-06-01,2015,6,2,Ernakulam,Central,9.98,76.28,Oil Sardine,1030.89,3088.3,333.8,28.91,32.77,3.98,0.95,415.2,3.85,27.3,2.21,0.291,0.0,observed_and_verified_proxy
2015-06-01,2015,6,2,Ernakulam,Central,9.98,76.28,Indian Mackerel,1222.29,3088.3,395.78,28.91,32.77,3.98,0.95,415.2,3.85,27.3,2.21,0.307,0.0,observed_and_verified_proxy
2015-06-01,2015,6,2,Ernakulam,Central,9.98,76.28,Seer Fish,437.06,3088.3,141.52,28.91,32.77,3.98,0.95,415.2,3.85,27.3,2.21,0.202,0.0,observed_and_verified_proxy
2015-06-01,2015,6,2,Ernakulam,Central,9.98,76.28,Tuna,567.02,3088.3,183.6,28.91,32.77,3.98,0.95,415.2,3.85,27.3,2.21,0.23,0.0,observed_and_verified_proxy
2015-07-01,2015,7,3,Ernakulam,Central,9.98,76.28,Oil Sardine,1586.17,4023.4,394.24,27.27,33.57,3.88,1.0,223.8,3.89,26.58,2.8,0.428,0.0,observed_and_verified_proxy
2015-07-01,2015,7,3,Ernakulam,Central,9.98,76.28,Indian Mackerel,1669.52,4023.4,414.95,27.27,33.57,3.88,1.0,223.8,3.89,26.58,2.8,0.434,0.0,observed_and_verified_proxy
2015-07-01,2015,7,3,Ernakulam,Central,9.98,76.28,Seer Fish,890.98,4023.4,221.45,27.27,33.57,3.88,1.0,223.8,3.89,26.58,2.8,0.361,0.0,observed_and_verified_proxy
2015-07-01,2015,7,3,Ernakulam,Central,9.98,76.28,Tuna,819.22,4023.4,203.62,27.27,33.57,3.88,1.0,223.8,3.89,26.58,2.8,0.35,0.002,observed_and_verified_proxy
2015-08-01,2015,8,3,Ernakulam,Central,9.98,76.28,Oil Sardine,1488.91,3978.6,374.23,26.55,33.78,3.54,0.9,173.1,3.26,26.41,2.21,0.417,0.0,observed_and_verified_proxy
2015-08-01,2015,8,3,Ernakulam,Central,9.98,76.28,Indian Mackerel,1802.62,3978.6,453.08,26.55,33.78,3.54,0.9,173.1,3.26,26.41,2.21,0.436,0.0,observed_and_verified_proxy
2015-08-01,2015,8,3,Ernakulam,Central,9.98,76.28,Seer Fish,913.11,3978.6,229.51,26.55,33.78,3.54,0.9,173.1,3.26,26.41,2.21,0.36,0.0,observed_and_verified_proxy
2015-08-01,2015,8,3,Ernakulam,Central,9.98,76.28,Tuna,849.36,3978.6,213.48,26.55,33.78,3.54,0.9,173.1,3.26,26.41,2.21,0.351,0.0,observed_and_verified_proxy
2015-09-01,2015,9,3,Ernakulam,Central,9.98,76.28,Oil Sardine,1289.62,4141.6,311.38,26.93,33.4,2.81,0.6,264.0,3.09,26.8,1.36,0.418,0.0,observed_and_verified_proxy
2015-09-01,2015,9,3,Ernakulam,Central,9.98,76.28,Indian Mackerel,1933.8,4141.6,466.92,26.93,33.4,2.81,0.6,264.0,3.09,26.8,1.36,0.461,0.0,observed_and_verified_proxy
2015-09-01,2015,9,3,Ernakulam,Central,9.98,76.28,Seer Fish,880.53,4141.6,212.6,26.93,33.4,2.81,0.6,264.0,3.09,26.8,1.36,0.37,0.009,observed_and_verified_proxy
2015-09-01,2015,9,3,Ernakulam,Central,9.98,76.28,Tuna,822.17,4141.6,198.51,26.93,33.4,2.81,0.6,264.0,3.09,26.8,1.36,0.361,0.028,observed_and_verified_proxy
2015-10-01,2015,10,4,Ernakulam,Central,9.98,76.28,Oil Sardine,1593.58,6317.6,252.24,27.07,33.38,1.98,0.3,268.2,2.22,27.18,1.05,0.674,0.315,observed_and_verified_proxy
2015-10-01,2015,10,4,Ernakulam,Central,9.98,76.28,Indian Mackerel,2773.15,6317.6,438.95,27.07,33.38,1.98,0.3,268.2,2.22,27.18,1.05,0.75,0.0,observed_and_verified_proxy
2015-10-01,2015,10,4,Ernakulam,Central,9.98,76.28,Seer Fish,1307.65,6317.6,206.98,27.07,33.38,1.98,0.3,268.2,2.22,27.18,1.05,0.64,0.372,observed_and_verified_proxy
2015-10-01,2015,10,4,Ernakulam,Central,9.98,76.28,Tuna,1949.07,6317.6,308.51,27.07,33.38,1.98,0.3,268.2,2.22,27.18,1.05,0.704,0.23,observed_and_verified_proxy
2015-11-01,2015,11,4,Ernakulam,Central,9.98,76.28,Oil Sardine,1408.46,6365.4,221.27,27.14,33.48,1.44,0.12,245.7,2.32,26.85,1.0,0.658,0.364,observed_and_verified_proxy
2015-11-01,2015,11,4,Ernakulam,Central,9.98,76.28,Indian Mackerel,2937.2,6365.4,461.43,27.14,33.48,1.44,0.12,245.7,2.32,26.85,1.0,0.762,0.0,observed_and_verified_proxy
2015-11-01,2015,11,4,Ernakulam,Central,9.98,76.28,Seer Fish,1312.71,6365.4,206.23,27.14,33.48,1.44,0.12,245.7,2.32,26.85,1.0,0.646,0.381,observed_and_verified_proxy
2015-11-01,2015,11,4,Ernakulam,Central,9.98,76.28,Tuna,2056.3,6365.4,323.04,27.14,33.48,1.44,0.12,245.7,2.32,26.85,1.0,0.717,0.214,observed_and_verified_proxy
2015-12-01,2015,12,4,Ernakulam,Central,9.98,76.28,Oil Sardine,1328.99,6223.0,213.56,27.51,34.22,1.05,0.06,68.1,1.99,26.97,1.0,0.633,0.349,observed_and_verified_proxy
2015-12-01,2015,12,4,Ernakulam,Central,9.98,76.28,Indian Mackerel,3062.33,6223.0,492.1,27.51,34.22,1.05,0.06,68.1,1.99,26.97,1.0,0.749,0.0,observed_and_verified_proxy
2015-12-01,2015,12,4,Ernakulam,Central,9.98,76.28,Seer Fish,1340.1,6223.0,215.35,27.51,34.22,1.05,0.06,68.1,1.99,26.97,1.0,0.635,0.347,observed_and_verified_proxy
2015-12-01,2015,12,4,Ernakulam,Central,9.98,76.28,Tuna,2003.97,6223.0,322.03,27.51,34.22,1.05,0.06,68.1,1.99,26.97,1.0,0.698,0.191,observed_and_verified_proxy
2015-01-01,2015,1,1,Alappuzha,South,9.49,76.33,Oil Sardine,880.94,4385.9,200.86,28.14,34.49,0.94,0.05,2.4,3.58,25.7,1.0,0.444,0.131,observed_and_verified_proxy
2015-01-01,2015,1,1,Alappuzha,South,9.49,76.33,Indian Mackerel,2012.01,4385.9,458.75,28.14,34.49,0.94,0.05,2.4,3.58,25.7,1.0,0.558,0.0,observed_and_verified_proxy
2015-01-01,2015,1,1,Alappuzha,South,9.49,76.33,Seer Fish,648.35,4385.9,147.83,28.14,34.49,0.94,0.05,2.4,3.58,25.7,1.0,0.393,0.182,observed_and_verified_proxy
2015-01-01,2015,1,1,Alappuzha,South,9.49,76.33,Tuna,1367.65,4385.9,311.83,28.14,34.49,0.94,0.05,2.4,3.58,25.7,1.0,0.51,0.0,observed_and_verified_proxy
2015-02-01,2015,2,1,Alappuzha,South,9.49,76.33,Oil Sardine,887.28,4707.4,188.49,28.86,34.49,1.08,0.1,1.2,3.57,27.53,1.0,0.478,0.202,observed_and_verified_proxy
2015-02-01,2015,2,1,Alappuzha,South,9.49,76.33,Indian Mackerel,1990.49,4707.4,422.84,28.86,34.49,1.08,0.1,1.2,3.57,27.53,1.0,0.597,0.0,observed_and_verified_proxy
2015-02-01,2015,2,1,Alappuzha,South,9.49,76.33,Seer Fish,638.37,4707.4,135.61,28.86,34.49,1.08,0.1,1.2,3.57,27.53,1.0,0.419,0.243,observed_and_verified_proxy
2015-02-01,2015,2,1,Alappuzha,South,9.49,76.33,Tuna,1387.1,4707.4,294.66,28.86,34.49,1.08,0.1,1.2,3.57,27.53,1.0,0.549,0.059,observed_and_verified_proxy
2015-03-01,2015,3,1,Alappuzha,South,9.49,76.33,Oil Sardine,939.79,4628.6,203.04,29.49,34.34,1.41,0.2,38.1,2.66,29.11,1.0,0.48,0.172,observed_and_verified_proxy
2015-03-01,2015,3,1,Alappuzha,South,9.49,76.33,Indian Mackerel,1878.17,4628.6,405.77,29.49,34.34,1.41,0.2,38.1,2.66,29.11,1.0,0.58,0.0,observed_and_verified_proxy
2015-03-01,2015,3,1,Alappuzha,South,9.49,76.33,Seer Fish,668.43,4628.6,144.41,29.49,34.34,1.41,0.2,38.1,2.66,29.11,1.0,0.42,0.225,observed_and_verified_proxy
2015-03-01,2015,3,1,Alappuzha,South,9.49,76.33,Tuna,1407.68,4628.6,304.12,29.49,34.34,1.41,0.2,38.1,2.66,29.11,1.0,0.542,0.029,observed_and_verified_proxy
2015-04-01,2015,4,2,Alappuzha,South,9.49,76.33,Oil Sardine,656.37,2904.7,225.97,29.85,33.47,2.09,0.35,247.5,2.46,28.59,1.05,0.262,0.0,observed_and_verified_proxy
2015-04-01,2015,4,2,Alappuzha,South,9.49,76.33,Indian Mackerel,1205.19,2904.7,414.91,29.85,33.47,2.09,0.35,247.5,2.46,28.59,1.05,0.326,0.0,observed_and_verified_proxy
2015-04-01,2015,4,2,Alappuzha,South,9.49,76.33,Seer Fish,381.29,2904.7,131.27,29.85,33.47,2.09,0.35,247.5,2.46,28.59,1.05,0.199,0.0,observed_and_verified_proxy
2015-04-01,2015,4,2,Alappuzha,South,9.49,76.33,Tuna,498.94,2904.7,171.77,29.85,33.47,2.09,0.35,247.5,2.46,28.59,1.05,0.23,0.0,observed_and_verified_proxy
2015-05-01,2015,5,2,Alappuzha,South,9.49,76.33,Oil Sardine,771.17,2745.7,280.86,29.77,33.27,2.99,0.65,295.5,3.9,27.9,1.36,0.264,0.0,observed_and_verified_proxy
2015-05-01,2015,5,2,Alappuzha,South,9.49,76.33,Indian Mackerel,1104.03,2745.7,402.09,29.77,33.27,2.99,0.65,295.5,3.9,27.9,1.36,0.3,0.0,observed_and_verified_proxy
2015-05-01,2015,5,2,Alappuzha,South,9.49,76.33,Seer Fish,383.04,2745.7,139.51,29.77,33.27,2.99,0.65,295.5,3.9,27.9,1.36,0.189,0.0,observed_and_verified_proxy
2015-05-01,2015,5,2,Alappuzha,South,9.49,76.33,Tuna,490.18,2745.7,178.52,29.77,33.27,2.99,0.65,295.5,3.9,27.9,1.36,0.216,0.0,observed_and_verified_proxy
2015-06-01,2015,6,2,Alappuzha,South,9.49,76.33,Oil Sardine,910.6,3057.2,297.85,28.91,33.23,3.84,0.95,304.8,4.84,27.07,2.21,0.313,0.0,observed_and_verified_proxy
2015-06-01,2015,6,2,Alappuzha,South,9.49,76.33,Indian Mackerel,1057.43,3057.2,345.88,28.91,33.23,3.84,0.95,304.8,4.84,27.07,2.21,0.329,0.0,observed_and_verified_proxy
2015-06-01,2015,6,2,Alappuzha,South,9.49,76.33,Seer Fish,387.57,3057.2,126.77,28.91,33.23,3.84,0.95,304.8,4.84,27.07,2.21,0.212,0.0,observed_and_verified_proxy
2015-06-01,2015,6,2,Alappuzha,South,9.49,76.33,Tuna,467.5,3057.2,152.92,28.91,33.23,3.84,0.95,304.8,4.84,27.07,2.21,0.234,0.0,observed_and_verified_proxy
2015-07-01,2015,7,3,Alappuzha,South,9.49,76.33,Oil Sardine,1450.12,3474.1,417.41,27.27,34.23,3.68,1.0,65.1,5.11,26.21,2.8,0.41,0.0,observed_and_verified_proxy
2015-07-01,2015,7,3,Alappuzha,South,9.49,76.33,Indian Mackerel,1563.41,3474.1,450.02,27.27,34.23,3.68,1.0,65.1,5.11,26.21,2.8,0.418,0.0,observed_and_verified_proxy
2015-07-01,2015,7,3,Alappuzha,South,9.49,76.33,Seer Fish,820.09,3474.1,236.06,27.27,34.23,3.68,1.0,65.1,5.11,26.21,2.8,0.343,0.0,observed_and_verified_proxy
2015-07-01,2015,7,3,Alappuzha,South,9.49,76.33,Tuna,759.58,3474.1,218.64,27.27,34.23,3.68,1.0,65.1,5.11,26.21,2.8,0.333,0.0,observed_and_verified_proxy
2015-08-01,2015,8,3,Alappuzha,South,9.49,76.33,Oil Sardine,1379.79,3760.4,366.93,26.55,34.25,3.39,0.9,59.7,4.76,26.35,2.21,0.438,0.0,observed_and_verified_proxy
2015-08-01,2015,8,3,Alappuzha,South,9.49,76.33,Indian Mackerel,1494.95,3760.4,397.56,26.55,34.25,3.39,0.9,59.7,4.76,26.35,2.21,0.447,0.0,observed_and_verified_proxy
2015-08-01,2015,8,3,Alappuzha,South,9.49,76.33,Seer Fish,781.91,3760.4,207.93,26.55,34.25,3.39,0.9,59.7,4.76,26.35,2.21,0.364,0.011,observed_and_verified_proxy
2015-08-01,2015,8,3,Alappuzha,South,9.49,76.33,Tuna,717.85,3760.4,190.9,26.55,34.25,3.39,0.9,59.7,4.76,26.35,2.21,0.352,0.033,observed_and_verified_proxy
2015-09-01,2015,9,3,Alappuzha,South,9.49,76.33,Oil Sardine,1111.66,3844.4,289.16,26.93,33.56,2.76,0.6,225.0,4.12,26.46,1.36,0.421,0.0,observed_and_verified_proxy
2015-09-01,2015,9,3,Alappuzha,South,9.49,76.33,Indian Mackerel,1592.83,3844.4,414.33,26.93,33.56,2.76,0.6,225.0,4.12,26.46,1.36,0.464,0.0,observed_and_verified_proxy
2015-09-01,2015,9,3,Alappuzha,South,9.49,76.33,Seer Fish,788.64,3844.4,205.14,26.93,33.56,2.76,0.6,225.0,4.12,26.46,1.36,0.373,0.03,observed_and_verified_proxy
2015-09-01,2015,9,3,Alappuzha,South,9.49,76.33,Tuna,725.57,3844.4,188.73,26.93,33.56,2.76,0.6,225.0,4.12,26.46,1.36,0.361,0.05,observed_and_verified_proxy
2015-10-01,2015,10,4,Alappuzha,South,9.49,76.33,Oil Sardine,1430.54,5603.5,255.29,27.07,33.08,2.07,0.3,340.8,2.74,26.8,1.05,0.659,0.289,observed_and_verified_proxy
2015-10-01,2015,10,4,Alappuzha,South,9.49,76.33,Indian Mackerel,2381.87,5603.5,425.07,27.07,33.08,2.07,0.3,340.8,2.74,26.8,1.05,0.735,0.011,observed_and_verified_proxy
2015-10-01,2015,10,4,Alappuzha,South,9.49,76.33,Seer Fish,1158.73,5603.5,206.79,27.07,33.08,2.07,0.3,340.8,2.74,26.8,1.05,0.621,0.348,observed_and_verified_proxy
2015-10-01,2015,10,4,Alappuzha,South,9.49,76.33,Tuna,1703.55,5603.5,304.01,27.07,33.08,2.07,0.3,340.8,2.74,26.8,1.05,0.688,0.218,observed_and_verified_proxy
2015-11-01,2015,11,4,Alappuzha,South,9.49,76.33,Oil Sardine,1149.03,6047.4,190.0,27.14,33.19,1.53,0.12,314.7,2.97,26.41,1.0,0.669,0.447,observed_and_verified_proxy
2015-11-01,2015,11,4,Alappuzha,South,9.49,76.33,Indian Mackerel,2445.96,6047.4,404.46,27.14,33.19,1.53,0.12,314.7,2.97,26.41,1.0,0.797,0.137,observed_and_verified_proxy
2015-11-01,2015,11,4,Alappuzha,South,9.49,76.33,Seer Fish,1090.75,6047.4,180.37,27.14,33.19,1.53,0.12,314.7,2.97,26.41,1.0,0.658,0.455,observed_and_verified_proxy
2015-11-01,2015,11,4,Alappuzha,South,9.49,76.33,Tuna,1768.02,6047.4,292.36,27.14,33.19,1.53,0.12,314.7,2.97,26.41,1.0,0.748,0.323,observed_and_verified_proxy
2015-12-01,2015,12,4,Alappuzha,South,9.49,76.33,Oil Sardine,1183.18,6000.2,197.19,27.51,33.81,1.18,0.06,166.2,3.63,26.01,1.0,0.669,0.432,observed_and_verified_proxy
2015-12-01,2015,12,4,Alappuzha,South,9.49,76.33,Indian Mackerel,2528.82,6000.2,421.45,27.51,33.81,1.18,0.06,166.2,3.63,26.01,1.0,0.795,0.097,observed_and_verified_proxy
2015-12-01,2015,12,4,Alappuzha,South,9.49,76.33,Seer Fish,1100.4,6000.2,183.39,27.51,33.81,1.18,0.06,166.2,3.63,26.01,1.0,0.655,0.444,observed_and_verified_proxy
2015-12-01,2015,12,4,Alappuzha,South,9.49,76.33,Tuna,1793.35,6000.2,298.88,27.51,33.81,1.18,0.06,166.2,3.63,26.01,1.0,0.745,0.304,observed_and_verified_proxy
2015-01-01,2015,1,1,Kollam,South,8.89,76.6,Oil Sardine,801.81,4554.5,176.05,28.14,34.49,0.94,0.05,2.4,3.58,25.7,1.0,0.477,0.229,observed_and_verified_proxy
2015-01-01,2015,1,1,Kollam,South,8.89,76.6,Indian Mackerel,1859.85,4554.5,408.35,28.14,34.49,0.94,0.05,2.4,3.58,25.7,1.0,0.61,0.0,observed_and_verified_proxy
2015-01-01,2015,1,1,Kollam,South,8.89,76.6,Seer Fish,626.28,4554.5,137.51,28.14,34.49,0.94,0.05,2.4,3.58,25.7,1.0,0.431,0.254,observed_and_verified_proxy
2015-01-01,2015,1,1,Kollam,South,8.89,76.6,Tuna,1205.67,4554.5,264.72,28.14,34.49,0.94,0.05,2.4,3.58,25.7,1.0,0.548,0.124,observed_and_verified_proxy
2015-02-01,2015,2,1,Kollam,South,8.89,76.6,Oil Sardine,860.48,4360.6,197.33,28.86,34.49,1.08,0.1,1.2,3.57,27.53,1.0,0.469,0.171,observed_and_verified_proxy
2015-02-01,2015,2,1,Kollam,South,8.89,76.6,Indian Mackerel,1793.53,4360.6,411.3,28.86,34.49,1.08,0.1,1.2,3.57,27.53,1.0,0.58,0.0,observed_and_verified_proxy
2015-02-01,2015,2,1,Kollam,South,8.89,76.6,Seer Fish,570.52,4360.6,130.83,28.86,34.49,1.08,0.1,1.2,3.57,27.53,1.0,0.395,0.223,observed_and_verified_proxy
2015-02-01,2015,2,1,Kollam,South,8.89,76.6,Tuna,1298.08,4360.6,297.68,28.86,34.49,1.08,0.1,1.2,3.57,27.53,1.0,0.535,0.034,observed_and_verified_proxy
2015-03-01,2015,3,1,Kollam,South,8.89,76.6,Oil Sardine,909.26,4644.1,195.79,29.49,34.34,1.41,0.2,38.1,2.66,29.11,1.0,0.51,0.227,observed_and_verified_proxy
2015-03-01,2015,3,1,Kollam,South,8.89,76.6,Indian Mackerel,1879.54,4644.1,404.71,29.49,34.34,1.41,0.2,38.1,2.66,29.11,1.0,0.624,0.0,observed_and_verified_proxy
2015-03-01,2015,3,1,Kollam,South,8.89,76.6,Seer Fish,623.3,4644.1,134.21,29.49,34.34,1.41,0.2,38.1,2.66,29.11,1.0,0.438,0.271,observed_and_verified_proxy
2015-03-01,2015,3,1,Kollam,South,8.89,76.6,Tuna,1231.01,4644.1,265.07,29.49,34.34,1.41,0.2,38.1,2.66,29.11,1.0,0.562,0.141,observed_and_verified_proxy
2015-04-01,2015,4,2,Kollam,South,8.89,76.6,Oil Sardine,647.59,2861.6,226.3,29.85,33.47,2.09,0.35,247.5,2.46,28.59,1.05,0.275,0.0,observed_and_verified_proxy
2015-04-01,2015,4,2,Kollam,South,8.89,76.6,Indian Mackerel,1091.38,2861.6,381.38,29.85,33.47,2.09,0.35,247.5,2.46,28.59,1.05,0.334,0.0,observed_and_verified_proxy
2015-04-01,2015,4,2,Kollam,South,8.89,76.6,Seer Fish,371.6,2861.6,129.86,29.85,33.47,2.09,0.35,247.5,2.46,28.59,1.05,0.207,0.0,observed_and_verified_proxy
2015-04-01,2015,4,2,Kollam,South,8.89,76.6,Tuna,475.36,2861.6,166.12,29.85,33.47,2.09,0.35,247.5,2.46,28.59,1.05,0.237,0.0,observed_and_verified_proxy
2015-05-01,2015,5,2,Kollam,South,8.89,76.6,Oil Sardine,777.21,2538.7,306.15,29.77,33.27,2.99,0.65,295.5,3.9,27.9,1.36,0.263,0.0,observed_and_verified_proxy
2015-05-01,2015,5,2,Kollam,South,8.89,76.6,Indian Mackerel,1058.69,2538.7,417.02,29.77,33.27,2.99,0.65,295.5,3.9,27.9,1.36,0.293,0.0,observed_and_verified_proxy
2015-05-01,2015,5,2,Kollam,South,8.89,76.6,Seer Fish,374.63,2538.7,147.57,29.77,33.27,2.99,0.65,295.5,3.9,27.9,1.36,0.185,0.0,observed_and_verified_proxy
2015-05-01,2015,5,2,Kollam,South,8.89,76.6,Tuna,444.76,2538.7,175.19,29.77,33.27,2.99,0.65,295.5,3.9,27.9,1.36,0.203,0.0,observed_and_verified_proxy
2015-06-01,2015,6,2,Kollam,South,8.89,76.6,Oil Sardine,885.84,2909.7,304.44,28.91,33.23,3.84,0.95,304.8,4.84,27.07,2.21,0.316,0.0,observed_and_verified_proxy
2015-06-01,2015,6,2,Kollam,South,8.89,76.6,Indian Mackerel,977.42,2909.7,335.92,28.91,33.23,3.84,0.95,304.8,4.84,27.07,2.21,0.327,0.0,observed_and_verified_proxy
2015-06-01,2015,6,2,Kollam,South,8.89,76.6,Seer Fish,362.51,2909.7,124.59,28.91,33.23,3.84,0.95,304.8,4.84,27.07,2.21,0.208,0.0,observed_and_verified_proxy
2015-06-01,2015,6,2,Kollam,South,8.89,76.6,Tuna,444.21,2909.7,152.66,28.91,33.23,3.84,0.95,304.8,4.84,27.07,2.21,0.233,0.0,observed_and_verified_proxy
2015-07-01,2015,7,3,Kollam,South,8.89,76.6,Oil Sardine,1382.79,3176.3,435.34,27.27,34.23,3.68,1.0,65.1,5.11,26.21,2.8,0.397,0.0,observed_and_verified_proxy
2015-07-01,2015,7,3,Kollam,South,8.89,76.6,Indian Mackerel,1385.64,3176.3,436.24,27.27,34.23,3.68,1.0,65.1,5.11,26.21,2.8,0.397,0.0,observed_and_verified_proxy
2015-07-01,2015,7,3,Kollam,South,8.89,76.6,Seer Fish,777.59,3176.3,244.81,27.27,34.23,3.68,1.0,65.1,5.11,26.21,2.8,0.329,0.0,observed_and_verified_proxy
2015-07-01,2015,7,3,Kollam,South,8.89,76.6,Tuna,671.39,3176.3,211.37,27.27,34.23,3.68,1.0,65.1,5.11,26.21,2.8,0.31,0.0,observed_and_verified_proxy
2015-08-01,2015,8,3,Kollam,South,8.89,76.6,Oil Sardine,1312.35,3354.2,391.26,26.55,34.25,3.39,0.9,59.7,4.76,26.35,2.21,0.413,0.0,observed_and_verified_proxy
2015-08-01,2015,8,3,Kollam,South,8.89,76.6,Indian Mackerel,1445.52,3354.2,430.96,26.55,34.25,3.39,0.9,59.7,4.76,26.35,2.21,0.424,0.0,observed_and_verified_proxy
2015-08-01,2015,8,3,Kollam,South,8.89,76.6,Seer Fish,781.47,3354.2,232.98,26.55,34.25,3.39,0.9,59.7,4.76,26.35,2.21,0.348,0.0,observed_and_verified_proxy
2015-08-01,2015,8,3,Kollam,South,8.89,76.6,Tuna,649.92,3354.2,193.76,26.55,34.25,3.39,0.9,59.7,4.76,26.35,2.21,0.322,0.0,observed_and_verified_proxy
2015-09-01,2015,9,3,Kollam,South,8.89,76.6,Oil Sardine,1059.5,3267.9,324.21,26.93,33.56,2.76,0.6,225.0,4.12,26.46,1.36,0.378,0.0,observed_and_verified_proxy
2015-09-01,2015,9,3,Kollam,South,8.89,76.6,Indian Mackerel,1479.31,3267.9,452.67,26.93,33.56,2.76,0.6,225.0,4.12,26.46,1.36,0.415,0.0,observed_and_verified_proxy
2015-09-01,2015,9,3,Kollam,South,8.89,76.6,Seer Fish,738.11,3267.9,225.87,26.93,33.56,2.76,0.6,225.0,4.12,26.46,1.36,0.331,0.0,observed_and_verified_proxy
2015-09-01,2015,9,3,Kollam,South,8.89,76.6,Tuna,693.15,3267.9,212.11,26.93,33.56,2.76,0.6,225.0,4.12,26.46,1.36,0.323,0.0,observed_and_verified_proxy
2015-10-01,2015,10,4,Kollam,South,8.89,76.6,Oil Sardine,1212.12,5576.3,217.37,27.07,33.08,2.07,0.3,340.8,2.74,26.8,1.05,0.671,0.39,observed_and_verified_proxy
2015-10-01,2015,10,4,Kollam,South,8.89,76.6,Indian Mackerel,2433.41,5576.3,436.39,27.07,33.08,2.07,0.3,340.8,2.74,26.8,1.05,0.787,0.053,observed_and_verified_proxy
2015-10-01,2015,10,4,Kollam,South,8.89,76.6,Seer Fish,1075.42,5576.3,192.86,27.07,33.08,2.07,0.3,340.8,2.74,26.8,1.05,0.647,0.413,observed_and_verified_proxy
2015-10-01,2015,10,4,Kollam,South,8.89,76.6,Tuna,1612.39,5576.3,289.15,27.07,33.08,2.07,0.3,340.8,2.74,26.8,1.05,0.724,0.298,observed_and_verified_proxy
2015-11-01,2015,11,4,Kollam,South,8.89,76.6,Oil Sardine,1163.91,5068.5,229.64,27.14,33.19,1.53,0.12,314.7,2.97,26.41,1.0,0.603,0.274,observed_and_verified_proxy
2015-11-01,2015,11,4,Kollam,South,8.89,76.6,Indian Mackerel,2285.17,5068.5,450.86,27.14,33.19,1.53,0.12,314.7,2.97,26.41,1.0,0.707,0.0,observed_and_verified_proxy
2015-11-01,2015,11,4,Kollam,South,8.89,76.6,Seer Fish,1093.24,5068.5,215.69,27.14,33.19,1.53,0.12,314.7,2.97,26.41,1.0,0.591,0.29,observed_and_verified_proxy
2015-11-01,2015,11,4,Kollam,South,8.89,76.6,Tuna,1628.39,5068.5,321.28,27.14,33.19,1.53,0.12,314.7,2.97,26.41,1.0,0.659,0.143,observed_and_verified_proxy
2015-12-01,2015,12,4,Kollam,South,8.89,76.6,Oil Sardine,1048.87,5284.7,198.47,27.51,33.81,1.18,0.06,166.2,3.63,26.01,1.0,0.609,0.35,observed_and_verified_proxy
2015-12-01,2015,12,4,Kollam,South,8.89,76.6,Indian Mackerel,2395.01,5284.7,453.2,27.51,33.81,1.18,0.06,166.2,3.63,26.01,1.0,0.744,0.0,observed_and_verified_proxy
2015-12-01,2015,12,4,Kollam,South,8.89,76.6,Seer Fish,1105.43,5284.7,209.18,27.51,33.81,1.18,0.06,166.2,3.63,26.01,1.0,0.619,0.34,observed_and_verified_proxy
2015-12-01,2015,12,4,Kollam,South,8.89,76.6,Tuna,1630.24,5284.7,308.48,27.51,33.81,1.18,0.06,166.2,3.63,26.01,1.0,0.688,0.209,observed_and_verified_proxy
2015-01-01,2015,1,1,Kannur,North,11.87,75.37,Oil Sardine,660.74,3273.6,201.84,28.14,34.5,0.94,0.05,0.3,2.31,26.07,1.0,0.403,0.076,observed_and_verified_proxy
2015-01-01,2015,1,1,Kannur,North,11.87,75.37,Indian Mackerel,1468.97,3273.6,448.73,28.14,34.5,0.94,0.05,0.3,2.31,26.07,1.0,0.529,0.0,observed_and_verified_proxy
2015-01-01,2015,1,1,Kannur,North,11.87,75.37,Seer Fish,466.71,3273.6,142.57,28.14,34.5,0.94,0.05,0.3,2.31,26.07,1.0,0.342,0.128,observed_and_verified_proxy
2015-01-01,2015,1,1,Kannur,North,11.87,75.37,Tuna,1040.44,3273.6,317.82,28.14,34.5,0.94,0.05,0.3,2.31,26.07,1.0,0.479,0.0,observed_and_verified_proxy
2015-02-01,2015,2,1,Kannur,North,11.87,75.37,Oil Sardine,683.29,3358.1,203.48,28.86,34.5,1.08,0.1,0.9,2.47,27.55,1.0,0.42,0.093,observed_and_verified_proxy
2015-02-01,2015,2,1,Kannur,North,11.87,75.37,Indian Mackerel,1469.52,3358.1,437.61,28.86,34.5,1.08,0.1,0.9,2.47,27.55,1.0,0.542,0.0,observed_and_verified_proxy
2015-02-01,2015,2,1,Kannur,North,11.87,75.37,Seer Fish,459.61,3358.1,136.87,28.86,34.5,1.08,0.1,0.9,2.47,27.55,1.0,0.348,0.148,observed_and_verified_proxy
2015-02-01,2015,2,1,Kannur,North,11.87,75.37,Tuna,965.83,3358.1,287.62,28.86,34.5,1.08,0.1,0.9,2.47,27.55,1.0,0.479,0.0,observed_and_verified_proxy
2015-03-01,2015,3,1,Kannur,North,11.87,75.37,Oil Sardine,722.86,3471.6,208.22,29.49,34.33,1.41,0.2,41.1,2.45,28.35,1.0,0.444,0.115,observed_and_verified_proxy
2015-03-01,2015,3,1,Kannur,North,11.87,75.37,Indian Mackerel,1401.83,3471.6,403.8,29.49,34.33,1.41,0.2,41.1,2.45,28.35,1.0,0.554,0.0,observed_and_verified_proxy
2015-03-01,2015,3,1,Kannur,North,11.87,75.37,Seer Fish,470.57,3471.6,135.55,29.49,34.33,1.41,0.2,41.1,2.45,28.35,1.0,0.364,0.172,observed_and_verified_proxy
2015-03-01,2015,3,1,Kannur,North,11.87,75.37,Tuna,954.38,3471.6,274.91,29.49,34.33,1.41,0.2,41.1,2.45,28.35,1.0,0.493,0.03,observed_and_verified_proxy
2015-04-01,2015,4,2,Kannur,North,11.87,75.37,Oil Sardine,504.74,2050.2,246.2,29.85,33.99,1.93,0.35,121.8,2.15,28.13,1.05,0.223,0.0,observed_and_verified_proxy
2015-04-01,2015,4,2,Kannur,North,11.87,75.37,Indian Mackerel,868.01,2050.2,423.39,29.85,33.99,1.93,0.35,121.8,2.15,28.13,1.05,0.282,0.0,observed_and_verified_proxy
2015-04-01,2015,4,2,Kannur,North,11.87,75.37,Seer Fish,302.49,2050.2,147.54,29.85,33.99,1.93,0.35,121.8,2.15,28.13,1.05,0.167,0.0,observed_and_verified_proxy
2015-04-01,2015,4,2,Kannur,North,11.87,75.37,Tuna,354.6,2050.2,172.96,29.85,33.99,1.93,0.35,121.8,2.15,28.13,1.05,0.184,0.0,observed_and_verified_proxy
2015-05-01,2015,5,2,Kannur,North,11.87,75.37,Oil Sardine,602.85,1997.1,301.86,29.77,33.69,2.86,0.65,195.0,2.54,27.7,1.36,0.236,0.0,observed_and_verified_proxy
2015-05-01,2015,5,2,Kannur,North,11.87,75.37,Indian Mackerel,842.35,1997.1,421.78,29.77,33.69,2.86,0.65,195.0,2.54,27.7,1.36,0.271,0.0,observed_and_verified_proxy
2015-05-01,2015,5,2,Kannur,North,11.87,75.37,Seer Fish,298.08,1997.1,149.26,29.77,33.69,2.86,0.65,195.0,2.54,27.7,1.36,0.161,0.0,observed_and_verified_proxy
2015-05-01,2015,5,2,Kannur,North,11.87,75.37,Tuna,358.01,1997.1,179.26,29.77,33.69,2.86,0.65,195.0,2.54,27.7,1.36,0.18,0.0,observed_and_verified_proxy
2015-06-01,2015,6,2,Kannur,North,11.87,75.37,Oil Sardine,650.76,2022.1,321.82,28.91,32.35,4.11,0.95,516.3,3.47,26.65,2.21,0.248,0.0,observed_and_verified_proxy
2015-06-01,2015,6,2,Kannur,North,11.87,75.37,Indian Mackerel,731.11,2022.1,361.56,28.91,32.35,4.11,0.95,516.3,3.47,26.65,2.21,0.26,0.0,observed_and_verified_proxy
2015-06-01,2015,6,2,Kannur,North,11.87,75.37,Seer Fish,302.02,2022.1,149.36,28.91,32.35,4.11,0.95,516.3,3.47,26.65,2.21,0.165,0.0,observed_and_verified_proxy
2015-06-01,2015,6,2,Kannur,North,11.87,75.37,Tuna,367.58,2022.1,181.78,28.91,32.35,4.11,0.95,516.3,3.47,26.65,2.21,0.185,0.0,observed_and_verified_proxy
2015-07-01,2015,7,3,Kannur,North,11.87,75.37,Oil Sardine,1091.84,2782.2,392.44,27.27,33.0,4.05,1.0,360.9,3.55,25.95,2.8,0.413,0.0,observed_and_verified_proxy
2015-07-01,2015,7,3,Kannur,North,11.87,75.37,Indian Mackerel,1113.34,2782.2,400.17,27.27,33.0,4.05,1.0,360.9,3.55,25.95,2.8,0.416,0.0,observed_and_verified_proxy
2015-07-01,2015,7,3,Kannur,North,11.87,75.37,Seer Fish,586.29,2782.2,210.73,27.27,33.0,4.05,1.0,360.9,3.55,25.95,2.8,0.325,0.0,observed_and_verified_proxy
2015-07-01,2015,7,3,Kannur,North,11.87,75.37,Tuna,536.39,2782.2,192.8,27.27,33.0,4.05,1.0,360.9,3.55,25.95,2.8,0.312,0.0,observed_and_verified_proxy
2015-08-01,2015,8,3,Kannur,North,11.87,75.37,Oil Sardine,990.92,2695.9,367.56,26.55,33.34,3.67,0.9,277.2,3.07,25.74,2.21,0.388,0.0,observed_and_verified_proxy
2015-08-01,2015,8,3,Kannur,North,11.87,75.37,Indian Mackerel,1181.71,2695.9,438.33,26.55,33.34,3.67,0.9,277.2,3.07,25.74,2.21,0.41,0.0,observed_and_verified_proxy
2015-08-01,2015,8,3,Kannur,North,11.87,75.37,Seer Fish,608.34,2695.9,225.65,26.55,33.34,3.67,0.9,277.2,3.07,25.74,2.21,0.32,0.0,observed_and_verified_proxy
2015-08-01,2015,8,3,Kannur,North,11.87,75.37,Tuna,559.79,2695.9,207.64,26.55,33.34,3.67,0.9,277.2,3.07,25.74,2.21,0.308,0.0,observed_and_verified_proxy
2015-09-01,2015,9,3,Kannur,North,11.87,75.37,Oil Sardine,854.52,2602.1,328.4,26.93,33.59,2.75,0.6,217.8,2.69,26.18,1.36,0.355,0.0,observed_and_verified_proxy
2015-09-01,2015,9,3,Kannur,North,11.87,75.37,Indian Mackerel,1189.49,2602.1,457.13,26.93,33.59,2.75,0.6,217.8,2.69,26.18,1.36,0.397,0.0,observed_and_verified_proxy
2015-09-01,2015,9,3,Kannur,North,11.87,75.37,Seer Fish,600.41,2602.1,230.74,26.93,33.59,2.75,0.6,217.8,2.69,26.18,1.36,0.307,0.0,observed_and_verified_proxy
2015-09-01,2015,9,3,Kannur,North,11.87,75.37,Tuna,546.72,2602.1,210.11,26.93,33.59,2.75,0.6,217.8,2.69,26.18,1.36,0.294,0.0,observed_and_verified_proxy
2015-10-01,2015,10,4,Kannur,North,11.87,75.37,Oil Sardine,1048.58,3935.1,266.47,27.07,33.85,1.84,0.3,156.9,2.03,26.73,1.05,0.577,0.158,observed_and_verified_proxy
2015-10-01,2015,10,4,Kannur,North,11.87,75.37,Indian Mackerel,1784.6,3935.1,453.51,27.07,33.85,1.84,0.3,156.9,2.03,26.73,1.05,0.665,0.0,observed_and_verified_proxy
2015-10-01,2015,10,4,Kannur,North,11.87,75.37,Seer Fish,793.09,3935.1,201.54,27.07,33.85,1.84,0.3,156.9,2.03,26.73,1.05,0.522,0.231,observed_and_verified_proxy
2015-10-01,2015,10,4,Kannur,North,11.87,75.37,Tuna,1243.59,3935.1,316.03,27.07,33.85,1.84,0.3,156.9,2.03,26.73,1.05,0.607,0.087,observed_and_verified_proxy
2015-11-01,2015,11,4,Kannur,North,11.87,75.37,Oil Sardine,894.15,4120.5,217.0,27.14,33.84,1.34,0.12,159.6,2.14,26.34,1.0,0.572,0.261,observed_and_verified_proxy
2015-11-01,2015,11,4,Kannur,North,11.87,75.37,Indian Mackerel,1951.5,4120.5,473.61,27.14,33.84,1.34,0.12,159.6,2.14,26.34,1.0,0.71,0.0,observed_and_verified_proxy
2015-11-01,2015,11,4,Kannur,North,11.87,75.37,Seer Fish,836.83,4120.5,203.09,27.14,33.84,1.34,0.12,159.6,2.14,26.34,1.0,0.558,0.274,observed_and_verified_proxy
2015-11-01,2015,11,4,Kannur,North,11.87,75.37,Tuna,1287.43,4120.5,312.45,27.14,33.84,1.34,0.12,159.6,2.14,26.34,1.0,0.642,0.141,observed_and_verified_proxy
2015-12-01,2015,12,4,Kannur,North,11.87,75.37,Oil Sardine,812.05,4376.6,185.54,27.51,34.36,1.01,0.06,33.0,1.88,26.68,1.0,0.586,0.35,observed_and_verified_proxy
2015-12-01,2015,12,4,Kannur,North,11.87,75.37,Indian Mackerel,1908.31,4376.6,436.03,27.51,34.36,1.01,0.06,33.0,1.88,26.68,1.0,0.751,0.007,observed_and_verified_proxy
2015-12-01,2015,12,4,Kannur,North,11.87,75.37,Seer Fish,859.52,4376.6,196.39,27.51,34.36,1.01,0.06,33.0,1.88,26.68,1.0,0.599,0.342,observed_and_verified_proxy
2015-12-01,2015,12,4,Kannur,North,11.87,75.37,Tuna,1235.46,4376.6,282.29,27.51,34.36,1.01,0.06,33.0,1.88,26.68,1.0,0.674,0.249,observed_and_verified_proxy
2015-01-01,2015,1,1,Thiruvananthapuram,South,8.52,76.94,Oil Sardine,513.96,2855.6,179.98,28.14,34.49,0.94,0.05,2.4,3.58,25.7,1.0,0.383,0.098,observed_and_verified_proxy
2015-01-01,2015,1,1,Thiruvananthapuram,South,8.52,76.94,Indian Mackerel,1165.33,2855.6,408.08,28.14,34.49,0.94,0.05,2.4,3.58,25.7,1.0,0.529,0.0,observed_and_verified_proxy
2015-01-01,2015,1,1,Thiruvananthapuram,South,8.52,76.94,Seer Fish,379.05,2855.6,132.74,28.14,34.49,0.94,0.05,2.4,3.58,25.7,1.0,0.326,0.129,observed_and_verified_proxy
2015-01-01,2015,1,1,Thiruvananthapuram,South,8.52,76.94,Tuna,839.6,2855.6,294.02,28.14,34.49,0.94,0.05,2.4,3.58,25.7,1.0,0.473,0.0,observed_and_verified_proxy
2015-02-01,2015,2,1,Thiruvananthapuram,South,8.52,76.94,Oil Sardine,524.66,2968.8,176.72,28.86,34.49,1.08,0.1,1.2,3.57,27.53,1.0,0.402,0.13,observed_and_verified_proxy
2015-02-01,2015,2,1,Thiruvananthapuram,South,8.52,76.94,Indian Mackerel,1228.24,2968.8,413.72,28.86,34.49,1.08,0.1,1.2,3.57,27.53,1.0,0.558,0.0,observed_and_verified_proxy
2015-02-01,2015,2,1,Thiruvananthapuram,South,8.52,76.94,Seer Fish,396.3,2968.8,133.49,28.86,34.49,1.08,0.1,1.2,3.57,27.53,1.0,0.347,0.155,observed_and_verified_proxy
2015-02-01,2015,2,1,Thiruvananthapuram,South,8.52,76.94,Tuna,783.85,2968.8,264.03,28.86,34.49,1.08,0.1,1.2,3.57,27.53,1.0,0.48,0.037,observed_and_verified_proxy
2015-03-01,2015,3,1,Thiruvananthapuram,South,8.52,76.94,Oil Sardine,570.33,2686.3,212.31,29.49,34.34,1.41,0.2,38.1,2.66,29.11,1.0,0.379,0.02,observed_and_verified_proxy
2015-03-01,2015,3,1,Thiruvananthapuram,South,8.52,76.94,Indian Mackerel,1207.74,2686.3,449.59,29.49,34.34,1.41,0.2,38.1,2.66,29.11,1.0,0.503,0.0,observed_and_verified_proxy
2015-03-01,2015,3,1,Thiruvananthapuram,South,8.52,76.94,Seer Fish,398.57,2686.3,148.37,29.49,34.34,1.41,0.2,38.1,2.66,29.11,1.0,0.315,0.08,observed_and_verified_proxy
2015-03-01,2015,3,1,Thiruvananthapuram,South,8.52,76.94,Tuna,794.0,2686.3,295.57,29.49,34.34,1.41,0.2,38.1,2.66,29.11,1.0,0.436,0.0,observed_and_verified_proxy
2015-04-01,2015,4,2,Thiruvananthapuram,South,8.52,76.94,Oil Sardine,416.81,1795.1,232.19,29.85,33.47,2.09,0.35,247.5,2.46,28.59,1.05,0.216,0.0,observed_and_verified_proxy
2015-04-01,2015,4,2,Thiruvananthapuram,South,8.52,76.94,Indian Mackerel,723.68,1795.1,403.14,29.85,33.47,2.09,0.35,247.5,2.46,28.59,1.05,0.281,0.0,observed_and_verified_proxy
2015-04-01,2015,4,2,Thiruvananthapuram,South,8.52,76.94,Seer Fish,236.5,1795.1,131.74,29.85,33.47,2.09,0.35,247.5,2.46,28.59,1.05,0.152,0.0,observed_and_verified_proxy
2015-04-01,2015,4,2,Thiruvananthapuram,South,8.52,76.94,Tuna,292.01,1795.1,162.67,29.85,33.47,2.09,0.35,247.5,2.46,28.59,1.05,0.175,0.0,observed_and_verified_proxy
2015-05-01,2015,5,2,Thiruvananthapuram,South,8.52,76.94,Oil Sardine,473.92,1689.6,280.5,29.77,33.27,2.99,0.65,295.5,3.9,27.9,1.36,0.218,0.0,observed_and_verified_proxy
2015-05-01,2015,5,2,Thiruvananthapuram,South,8.52,76.94,Indian Mackerel,629.89,1689.6,372.81,29.77,33.27,2.99,0.65,295.5,3.9,27.9,1.36,0.249,0.0,observed_and_verified_proxy
2015-05-01,2015,5,2,Thiruvananthapuram,South,8.52,76.94,Seer Fish,227.7,1689.6,134.77,29.77,33.27,2.99,0.65,295.5,3.9,27.9,1.36,0.14,0.0,observed_and_verified_proxy
2015-05-01,2015,5,2,Thiruvananthapuram,South,8.52,76.94,Tuna,291.65,1689.6,172.62,29.77,33.27,2.99,0.65,295.5,3.9,27.9,1.36,0.165,0.0,observed_and_verified_proxy
2015-06-01,2015,6,2,Thiruvananthapuram,South,8.52,76.94,Oil Sardine,530.82,1852.3,286.58,28.91,33.23,3.84,0.95,304.8,4.84,27.07,2.21,0.252,0.0,observed_and_verified_proxy
2015-06-01,2015,6,2,Thiruvananthapuram,South,8.52,76.94,Indian Mackerel,637.07,1852.3,343.93,28.91,33.23,3.84,0.95,304.8,4.84,27.07,2.21,0.275,0.0,observed_and_verified_proxy
2015-06-01,2015,6,2,Thiruvananthapuram,South,8.52,76.94,Seer Fish,239.86,1852.3,129.49,28.91,33.23,3.84,0.95,304.8,4.84,27.07,2.21,0.159,0.0,observed_and_verified_proxy
2015-06-01,2015,6,2,Thiruvananthapuram,South,8.52,76.94,Tuna,303.72,1852.3,163.97,28.91,33.23,3.84,0.95,304.8,4.84,27.07,2.21,0.185,0.0,observed_and_verified_proxy
2015-07-01,2015,7,3,Thiruvananthapuram,South,8.52,76.94,Oil Sardine,854.65,1992.7,428.89,27.27,34.23,3.68,1.0,65.1,5.11,26.21,2.8,0.333,0.0,observed_and_verified_proxy
2015-07-01,2015,7,3,Thiruvananthapuram,South,8.52,76.94,Indian Mackerel,920.43,1992.7,461.9,27.27,34.23,3.68,1.0,65.1,5.11,26.21,2.8,0.342,0.0,observed_and_verified_proxy
2015-07-01,2015,7,3,Thiruvananthapuram,South,8.52,76.94,Seer Fish,498.6,1992.7,250.22,27.27,34.23,3.68,1.0,65.1,5.11,26.21,2.8,0.263,0.0,observed_and_verified_proxy
2015-07-01,2015,7,3,Thiruvananthapuram,South,8.52,76.94,Tuna,448.33,1992.7,224.99,27.27,34.23,3.68,1.0,65.1,5.11,26.21,2.8,0.249,0.0,observed_and_verified_proxy
2015-08-01,2015,8,3,Thiruvananthapuram,South,8.52,76.94,Oil Sardine,794.53,2164.1,367.14,26.55,34.25,3.39,0.9,59.7,4.76,26.35,2.21,0.351,0.0,observed_and_verified_proxy
2015-08-01,2015,8,3,Thiruvananthapuram,South,8.52,76.94,Indian Mackerel,940.5,2164.1,434.59,26.55,34.25,3.39,0.9,59.7,4.76,26.35,2.21,0.374,0.0,observed_and_verified_proxy
2015-08-01,2015,8,3,Thiruvananthapuram,South,8.52,76.94,Seer Fish,465.05,2164.1,214.89,26.55,34.25,3.39,0.9,59.7,4.76,26.35,2.21,0.276,0.0,observed_and_verified_proxy
2015-08-01,2015,8,3,Thiruvananthapuram,South,8.52,76.94,Tuna,456.05,2164.1,210.73,26.55,34.25,3.39,0.9,59.7,4.76,26.35,2.21,0.273,0.0,observed_and_verified_proxy
2015-09-01,2015,9,3,Thiruvananthapuram,South,8.52,76.94,Oil Sardine,673.8,2125.7,316.97,26.93,33.56,2.76,0.6,225.0,4.12,26.46,1.36,0.323,0.0,observed_and_verified_proxy
2015-09-01,2015,9,3,Thiruvananthapuram,South,8.52,76.94,Indian Mackerel,949.61,2125.7,446.73,26.93,33.56,2.76,0.6,225.0,4.12,26.46,1.36,0.368,0.0,observed_and_verified_proxy
2015-09-01,2015,9,3,Thiruvananthapuram,South,8.52,76.94,Seer Fish,494.18,2125.7,232.48,26.93,33.56,2.76,0.6,225.0,4.12,26.46,1.36,0.28,0.0,observed_and_verified_proxy
2015-09-01,2015,9,3,Thiruvananthapuram,South,8.52,76.94,Tuna,435.13,2125.7,204.7,26.93,33.56,2.76,0.6,225.0,4.12,26.46,1.36,0.262,0.0,observed_and_verified_proxy
2015-10-01,2015,10,4,Thiruvananthapuram,South,8.52,76.94,Oil Sardine,832.2,3479.7,239.16,27.07,33.08,2.07,0.3,340.8,2.74,26.8,1.05,0.575,0.216,observed_and_verified_proxy
2015-10-01,2015,10,4,Thiruvananthapuram,South,8.52,76.94,Indian Mackerel,1439.44,3479.7,413.67,27.07,33.08,2.07,0.3,340.8,2.74,26.8,1.05,0.683,0.0,observed_and_verified_proxy
2015-10-01,2015,10,4,Thiruvananthapuram,South,8.52,76.94,Seer Fish,674.56,3479.7,193.86,27.07,33.08,2.07,0.3,340.8,2.74,26.8,1.05,0.529,0.256,observed_and_verified_proxy
2015-10-01,2015,10,4,Thiruvananthapuram,South,8.52,76.94,Tuna,1088.53,3479.7,312.83,27.07,33.08,2.07,0.3,340.8,2.74,26.8,1.05,0.631,0.125,observed_and_verified_proxy
2015-11-01,2015,11,4,Thiruvananthapuram,South,8.52,76.94,Oil Sardine,684.97,3441.5,199.03,27.14,33.19,1.53,0.12,314.7,2.97,26.41,1.0,0.526,0.242,observed_and_verified_proxy
2015-11-01,2015,11,4,Thiruvananthapuram,South,8.52,76.94,Indian Mackerel,1561.81,3441.5,453.81,27.14,33.19,1.53,0.12,314.7,2.97,26.41,1.0,0.69,0.0,observed_and_verified_proxy
2015-11-01,2015,11,4,Thiruvananthapuram,South,8.52,76.94,Seer Fish,677.58,3441.5,196.88,27.14,33.19,1.53,0.12,314.7,2.97,26.41,1.0,0.524,0.244,observed_and_verified_proxy
2015-11-01,2015,11,4,Thiruvananthapuram,South,8.52,76.94,Tuna,1019.53,3441.5,296.24,27.14,33.19,1.53,0.12,314.7,2.97,26.41,1.0,0.611,0.136,observed_and_verified_proxy
2015-12-01,2015,12,4,Thiruvananthapuram,South,8.52,76.94,Oil Sardine,700.33,3373.0,207.63,27.51,33.81,1.18,0.06,166.2,3.63,26.01,1.0,0.521,0.215,observed_and_verified_proxy
2015-12-01,2015,12,4,Thiruvananthapuram,South,8.52,76.94,Indian Mackerel,1616.26,3373.0,479.18,27.51,33.81,1.18,0.06,166.2,3.63,26.01,1.0,0.681,0.0,observed_and_verified_proxy
2015-12-01,2015,12,4,Thiruvananthapuram,South,8.52,76.94,Seer Fish,653.79,3373.0,193.83,27.51,33.81,1.18,0.06,166.2,3.63,26.01,1.0,0.506,0.227,observed_and_verified_proxy
2015-12-01,2015,12,4,Thiruvananthapuram,South,8.52,76.94,Tuna,1100.28,3373.0,326.21,27.51,33.81,1.18,0.06,166.2,3.63,26.01,1.0,0.614,0.073,observed_and_verified_proxy
2015-01-01,2015,1,1,Malappuram,North,11.07,76.07,Oil Sardine,398.42,2309.8,172.49,28.14,34.5,0.94,0.05,0.3,2.31,26.07,1.0,0.348,0.07,observed_and_verified_proxy
2015-01-01,2015,1,1,Malappuram,North,11.07,76.07,Indian Mackerel,950.82,2309.8,411.64,28.14,34.5,0.94,0.05,0.3,2.31,26.07,1.0,0.515,0.0,observed_and_verified_proxy
2015-01-01,2015,1,1,Malappuram,North,11.07,76.07,Seer Fish,287.93,2309.8,124.66,28.14,34.5,0.94,0.05,0.3,2.31,26.07,1.0,0.287,0.096,observed_and_verified_proxy
2015-01-01,2015,1,1,Malappuram,North,11.07,76.07,Tuna,628.42,2309.8,272.07,28.14,34.5,0.94,0.05,0.3,2.31,26.07,1.0,0.438,0.0,observed_and_verified_proxy
2015-02-01,2015,2,1,Malappuram,North,11.07,76.07,Oil Sardine,435.01,2236.9,194.47,28.86,34.5,1.08,0.1,0.9,2.47,27.55,1.0,0.354,0.028,observed_and_verified_proxy
2015-02-01,2015,2,1,Malappuram,North,11.07,76.07,Indian Mackerel,941.49,2236.9,420.89,28.86,34.5,1.08,0.1,0.9,2.47,27.55,1.0,0.497,0.0,observed_and_verified_proxy
2015-02-01,2015,2,1,Malappuram,North,11.07,76.07,Seer Fish,291.45,2236.9,130.29,28.86,34.5,1.08,0.1,0.9,2.47,27.55,1.0,0.28,0.075,observed_and_verified_proxy
2015-02-01,2015,2,1,Malappuram,North,11.07,76.07,Tuna,619.81,2236.9,277.09,28.86,34.5,1.08,0.1,0.9,2.47,27.55,1.0,0.421,0.0,observed_and_verified_proxy
2015-03-01,2015,3,1,Malappuram,North,11.07,76.07,Oil Sardine,466.39,2314.6,201.5,29.49,34.33,1.41,0.2,41.1,2.45,28.35,1.0,0.38,0.046,observed_and_verified_proxy
2015-03-01,2015,3,1,Malappuram,North,11.07,76.07,Indian Mackerel,943.25,2314.6,407.53,29.49,34.33,1.41,0.2,41.1,2.45,28.35,1.0,0.515,0.0,observed_and_verified_proxy
2015-03-01,2015,3,1,Malappuram,North,11.07,76.07,Seer Fish,289.15,2314.6,124.93,29.49,34.33,1.41,0.2,41.1,2.45,28.35,1.0,0.288,0.097,observed_and_verified_proxy
2015-03-01,2015,3,1,Malappuram,North,11.07,76.07,Tuna,625.35,2314.6,270.18,29.49,34.33,1.41,0.2,41.1,2.45,28.35,1.0,0.437,0.0,observed_and_verified_proxy
2015-04-01,2015,4,2,Malappuram,North,11.07,76.07,Oil Sardine,297.72,1417.4,210.05,29.85,33.99,1.93,0.35,121.8,2.15,28.13,1.05,0.18,0.0,observed_and_verified_proxy
2015-04-01,2015,4,2,Malappuram,North,11.07,76.07,Indian Mackerel,526.86,1417.4,371.7,29.85,33.99,1.93,0.35,121.8,2.15,28.13,1.05,0.247,0.0,observed_and_verified_proxy
2015-04-01,2015,4,2,Malappuram,North,11.07,76.07,Seer Fish,183.42,1417.4,129.4,29.85,33.99,1.93,0.35,121.8,2.15,28.13,1.05,0.129,0.0,observed_and_verified_proxy
2015-04-01,2015,4,2,Malappuram,North,11.07,76.07,Tuna,228.27,1417.4,161.05,29.85,33.99,1.93,0.35,121.8,2.15,28.13,1.05,0.151,0.0,observed_and_verified_proxy
2015-05-01,2015,5,2,Malappuram,North,11.07,76.07,Oil Sardine,374.04,1269.3,294.69,29.77,33.69,2.86,0.65,195.0,2.54,27.7,1.36,0.185,0.0,observed_and_verified_proxy
2015-05-01,2015,5,2,Malappuram,North,11.07,76.07,Indian Mackerel,536.26,1269.3,422.49,29.77,33.69,2.86,0.65,195.0,2.54,27.7,1.36,0.223,0.0,observed_and_verified_proxy
2015-05-01,2015,5,2,Malappuram,North,11.07,76.07,Seer Fish,187.27,1269.3,147.54,29.77,33.69,2.86,0.65,195.0,2.54,27.7,1.36,0.118,0.0,observed_and_verified_proxy
2015-05-01,2015,5,2,Malappuram,North,11.07,76.07,Tuna,229.79,1269.3,181.04,29.77,33.69,2.86,0.65,195.0,2.54,27.7,1.36,0.136,0.0,observed_and_verified_proxy
2015-06-01,2015,6,2,Malappuram,North,11.07,76.07,Oil Sardine,431.37,1461.3,295.19,28.91,32.35,4.11,0.95,516.3,3.47,26.65,2.21,0.23,0.0,observed_and_verified_proxy
2015-06-01,2015,6,2,Malappuram,North,11.07,76.07,Indian Mackerel,506.19,1461.3,346.4,28.91,32.35,4.11,0.95,516.3,3.47,26.65,2.21,0.25,0.0,observed_and_verified_proxy
2015-06-01,2015,6,2,Malappuram,North,11.07,76.07,Seer Fish,191.19,1461.3,130.83,28.91,32.35,4.11,0.95,516.3,3.47,26.65,2.21,0.137,0.0,observed_and_verified_proxy
2015-06-01,2015,6,2,Malappuram,North,11.07,76.07,Tuna,216.44,1461.3,148.11,28.91,32.35,4.11,0.95,516.3,3.47,26.65,2.21,0.15,0.0,observed_and_verified_proxy
2015-07-01,2015,7,3,Malappuram,North,11.07,76.07,Oil Sardine,653.42,1566.8,417.04,27.27,33.0,4.05,1.0,360.9,3.55,25.95,2.8,0.302,0.0,observed_and_verified_proxy
2015-07-01,2015,7,3,Malappuram,North,11.07,76.07,Indian Mackerel,713.27,1566.8,455.24,27.27,33.0,4.05,1.0,360.9,3.55,25.95,2.8,0.313,0.0,observed_and_verified_proxy
2015-07-01,2015,7,3,Malappuram,North,11.07,76.07,Seer Fish,366.52,1566.8,233.93,27.27,33.0,4.05,1.0,360.9,3.55,25.95,2.8,0.225,0.0,observed_and_verified_proxy
2015-07-01,2015,7,3,Malappuram,North,11.07,76.07,Tuna,348.34,1566.8,222.32,27.27,33.0,4.05,1.0,360.9,3.55,25.95,2.8,0.219,0.0,observed_and_verified_proxy
2015-08-01,2015,8,3,Malappuram,North,11.07,76.07,Oil Sardine,626.6,1790.3,350.0,26.55,33.34,3.67,0.9,277.2,3.07,25.74,2.21,0.339,0.0,observed_and_verified_proxy
2015-08-01,2015,8,3,Malappuram,North,11.07,76.07,Indian Mackerel,749.47,1790.3,418.62,26.55,33.34,3.67,0.9,277.2,3.07,25.74,2.21,0.365,0.0,observed_and_verified_proxy
2015-08-01,2015,8,3,Malappuram,North,11.07,76.07,Seer Fish,386.73,1790.3,216.01,26.55,33.34,3.67,0.9,277.2,3.07,25.74,2.21,0.266,0.0,observed_and_verified_proxy
2015-08-01,2015,8,3,Malappuram,North,11.07,76.07,Tuna,350.27,1790.3,195.65,26.55,33.34,3.67,0.9,277.2,3.07,25.74,2.21,0.251,0.0,observed_and_verified_proxy
2015-09-01,2015,9,3,Malappuram,North,11.07,76.07,Oil Sardine,526.82,1555.4,338.69,26.93,33.59,2.75,0.6,217.8,2.69,26.18,1.36,0.271,0.0,observed_and_verified_proxy
2015-09-01,2015,9,3,Malappuram,North,11.07,76.07,Indian Mackerel,741.88,1555.4,476.96,26.93,33.59,2.75,0.6,217.8,2.69,26.18,1.36,0.316,0.0,observed_and_verified_proxy
2015-09-01,2015,9,3,Malappuram,North,11.07,76.07,Seer Fish,363.48,1555.4,233.69,26.93,33.59,2.75,0.6,217.8,2.69,26.18,1.36,0.223,0.0,observed_and_verified_proxy
2015-09-01,2015,9,3,Malappuram,North,11.07,76.07,Tuna,332.01,1555.4,213.45,26.93,33.59,2.75,0.6,217.8,2.69,26.18,1.36,0.211,0.0,observed_and_verified_proxy
2015-10-01,2015,10,4,Malappuram,North,11.07,76.07,Oil Sardine,667.29,2705.1,246.68,27.07,33.85,1.84,0.3,156.9,2.03,26.73,1.05,0.526,0.136,observed_and_verified_proxy
2015-10-01,2015,10,4,Malappuram,North,11.07,76.07,Indian Mackerel,1173.91,2705.1,433.97,27.07,33.85,1.84,0.3,156.9,2.03,26.73,1.05,0.645,0.0,observed_and_verified_proxy
2015-10-01,2015,10,4,Malappuram,North,11.07,76.07,Seer Fish,517.68,2705.1,191.37,27.07,33.85,1.84,0.3,156.9,2.03,26.73,1.05,0.468,0.183,observed_and_verified_proxy
2015-10-01,2015,10,4,Malappuram,North,11.07,76.07,Tuna,823.22,2705.1,304.33,27.07,33.85,1.84,0.3,156.9,2.03,26.73,1.05,0.572,0.068,observed_and_verified_proxy
2015-11-01,2015,11,4,Malappuram,North,11.07,76.07,Oil Sardine,533.49,2646.3,201.6,27.14,33.84,1.34,0.12,159.6,2.14,26.34,1.0,0.465,0.156,observed_and_verified_proxy
2015-11-01,2015,11,4,Malappuram,North,11.07,76.07,Indian Mackerel,1215.75,2646.3,459.41,27.14,33.84,1.34,0.12,159.6,2.14,26.34,1.0,0.638,0.0,observed_and_verified_proxy
2015-11-01,2015,11,4,Malappuram,North,11.07,76.07,Seer Fish,528.81,2646.3,199.83,27.14,33.84,1.34,0.12,159.6,2.14,26.34,1.0,0.463,0.157,observed_and_verified_proxy
2015-11-01,2015,11,4,Malappuram,North,11.07,76.07,Tuna,845.97,2646.3,319.68,27.14,33.84,1.34,0.12,159.6,2.14,26.34,1.0,0.566,0.025,observed_and_verified_proxy
2015-12-01,2015,12,4,Malappuram,North,11.07,76.07,Oil Sardine,549.58,2605.3,210.94,27.51,34.36,1.01,0.06,33.0,1.88,26.68,1.0,0.464,0.134,observed_and_verified_proxy
2015-12-01,2015,12,4,Malappuram,North,11.07,76.07,Indian Mackerel,1152.6,2605.3,442.4,27.51,34.36,1.01,0.06,33.0,1.88,26.68,1.0,0.618,0.0,observed_and_verified_proxy
2015-12-01,2015,12,4,Malappuram,North,11.07,76.07,Seer Fish,553.52,2605.3,212.46,27.51,34.36,1.01,0.06,33.0,1.88,26.68,1.0,0.466,0.133,observed_and_verified_proxy
2015-12-01,2015,12,4,Malappuram,North,11.07,76.07,Tuna,853.5,2605.3,327.6,27.51,34.36,1.01,0.06,33.0,1.88,26.68,1.0,0.559,0.0,observed_and_verified_proxy
2015-01-01,2015,1,1,Thrissur,Central,10.52,76.21,Oil Sardine,293.59,1572.0,186.76,28.14,34.48,0.94,0.05,3.9,2.21,27.13,1.0,0.277,0.0,observed_and_verified_proxy
2015-01-01,2015,1,1,Thrissur,Central,10.52,76.21,Indian Mackerel,648.53,1572.0,412.55,28.14,34.48,0.94,0.05,3.9,2.21,27.13,1.0,0.423,0.0,observed_and_verified_proxy
2015-01-01,2015,1,1,Thrissur,Central,10.52,76.21,Seer Fish,215.27,1572.0,136.94,28.14,34.48,0.94,0.05,3.9,2.21,27.13,1.0,0.225,0.0,observed_and_verified_proxy
2015-01-01,2015,1,1,Thrissur,Central,10.52,76.21,Tuna,449.94,1572.0,286.22,28.14,34.48,0.94,0.05,3.9,2.21,27.13,1.0,0.355,0.0,observed_and_verified_proxy
2015-02-01,2015,2,1,Thrissur,Central,10.52,76.21,Oil Sardine,306.3,1660.9,184.41,28.86,34.49,1.08,0.1,2.4,2.52,28.77,1.0,0.3,0.0,observed_and_verified_proxy
2015-02-01,2015,2,1,Thrissur,Central,10.52,76.21,Indian Mackerel,630.13,1660.9,379.38,28.86,34.49,1.08,0.1,2.4,2.52,28.77,1.0,0.441,0.0,observed_and_verified_proxy
2015-02-01,2015,2,1,Thrissur,Central,10.52,76.21,Seer Fish,221.59,1660.9,133.41,28.86,34.49,1.08,0.1,2.4,2.52,28.77,1.0,0.243,0.019,observed_and_verified_proxy
2015-02-01,2015,2,1,Thrissur,Central,10.52,76.21,Tuna,458.55,1660.9,276.08,28.86,34.49,1.08,0.1,2.4,2.52,28.77,1.0,0.378,0.0,observed_and_verified_proxy
2015-03-01,2015,3,1,Thrissur,Central,10.52,76.21,Oil Sardine,325.02,1522.2,213.52,29.49,34.3,1.42,0.2,46.8,2.61,29.41,1.0,0.286,0.0,observed_and_verified_proxy
2015-03-01,2015,3,1,Thrissur,Central,10.52,76.21,Indian Mackerel,636.59,1522.2,418.2,29.49,34.3,1.42,0.2,46.8,2.61,29.41,1.0,0.406,0.0,observed_and_verified_proxy
2015-03-01,2015,3,1,Thrissur,Central,10.52,76.21,Seer Fish,214.38,1522.2,140.83,29.49,34.3,1.42,0.2,46.8,2.61,29.41,1.0,0.218,0.0,observed_and_verified_proxy
2015-03-01,2015,3,1,Thrissur,Central,10.52,76.21,Tuna,455.19,1522.2,299.04,29.49,34.3,1.42,0.2,46.8,2.61,29.41,1.0,0.345,0.0,observed_and_verified_proxy
2015-04-01,2015,4,2,Thrissur,Central,10.52,76.21,Oil Sardine,221.2,1041.8,212.31,29.85,33.86,1.97,0.35,152.7,2.38,28.65,1.05,0.152,0.0,observed_and_verified_proxy
2015-04-01,2015,4,2,Thrissur,Central,10.52,76.21,Indian Mackerel,374.59,1041.8,359.55,29.85,33.86,1.97,0.35,152.7,2.38,28.65,1.05,0.212,0.0,observed_and_verified_proxy
2015-04-01,2015,4,2,Thrissur,Central,10.52,76.21,Seer Fish,137.57,1041.8,132.04,29.85,33.86,1.97,0.35,152.7,2.38,28.65,1.05,0.107,0.0,observed_and_verified_proxy
2015-04-01,2015,4,2,Thrissur,Central,10.52,76.21,Tuna,157.4,1041.8,151.08,29.85,33.86,1.97,0.35,152.7,2.38,28.65,1.05,0.119,0.0,observed_and_verified_proxy
2015-05-01,2015,5,2,Thrissur,Central,10.52,76.21,Oil Sardine,269.79,946.9,284.91,29.77,33.58,2.9,0.65,220.5,2.82,28.24,1.36,0.158,0.0,observed_and_verified_proxy
2015-05-01,2015,5,2,Thrissur,Central,10.52,76.21,Indian Mackerel,356.24,946.9,376.2,29.77,33.58,2.9,0.65,220.5,2.82,28.24,1.36,0.188,0.0,observed_and_verified_proxy
2015-05-01,2015,5,2,Thrissur,Central,10.52,76.21,Seer Fish,126.16,946.9,133.23,29.77,33.58,2.9,0.65,220.5,2.82,28.24,1.36,0.091,0.0,observed_and_verified_proxy
2015-05-01,2015,5,2,Thrissur,Central,10.52,76.21,Tuna,156.76,946.9,165.55,29.77,33.58,2.9,0.65,220.5,2.82,28.24,1.36,0.108,0.0,observed_and_verified_proxy
2015-06-01,2015,6,2,Thrissur,Central,10.52,76.21,Oil Sardine,319.86,1019.9,313.64,28.91,32.77,3.98,0.95,415.2,3.85,27.3,2.21,0.189,0.0,observed_and_verified_proxy
2015-06-01,2015,6,2,Thrissur,Central,10.52,76.21,Indian Mackerel,362.0,1019.9,354.95,28.91,32.77,3.98,0.95,415.2,3.85,27.3,2.21,0.204,0.0,observed_and_verified_proxy
2015-06-01,2015,6,2,Thrissur,Central,10.52,76.21,Seer Fish,135.58,1019.9,132.94,28.91,32.77,3.98,0.95,415.2,3.85,27.3,2.21,0.104,0.0,observed_and_verified_proxy
2015-06-01,2015,6,2,Thrissur,Central,10.52,76.21,Tuna,163.94,1019.9,160.75,28.91,32.77,3.98,0.95,415.2,3.85,27.3,2.21,0.12,0.0,observed_and_verified_proxy
2015-07-01,2015,7,3,Thrissur,Central,10.52,76.21,Oil Sardine,492.91,1102.4,447.11,27.27,33.57,3.88,1.0,223.8,3.89,26.58,2.8,0.261,0.0,observed_and_verified_proxy
2015-07-01,2015,7,3,Thrissur,Central,10.52,76.21,Indian Mackerel,515.64,1102.4,467.73,27.27,33.57,3.88,1.0,223.8,3.89,26.58,2.8,0.267,0.0,observed_and_verified_proxy
2015-07-01,2015,7,3,Thrissur,Central,10.52,76.21,Seer Fish,271.77,1102.4,246.51,27.27,33.57,3.88,1.0,223.8,3.89,26.58,2.8,0.185,0.0,observed_and_verified_proxy
2015-07-01,2015,7,3,Thrissur,Central,10.52,76.21,Tuna,248.36,1102.4,225.28,27.27,33.57,3.88,1.0,223.8,3.89,26.58,2.8,0.174,0.0,observed_and_verified_proxy
2015-08-01,2015,8,3,Thrissur,Central,10.52,76.21,Oil Sardine,456.62,1221.3,373.87,26.55,33.78,3.54,0.9,173.1,3.26,26.41,2.21,0.278,0.0,observed_and_verified_proxy
2015-08-01,2015,8,3,Thrissur,Central,10.52,76.21,Indian Mackerel,528.59,1221.3,432.8,26.55,33.78,3.54,0.9,173.1,3.26,26.41,2.21,0.299,0.0,observed_and_verified_proxy
2015-08-01,2015,8,3,Thrissur,Central,10.52,76.21,Seer Fish,276.15,1221.3,226.11,26.55,33.78,3.54,0.9,173.1,3.26,26.41,2.21,0.207,0.0,observed_and_verified_proxy
2015-08-01,2015,8,3,Thrissur,Central,10.52,76.21,Tuna,246.17,1221.3,201.56,26.55,33.78,3.54,0.9,173.1,3.26,26.41,2.21,0.192,0.0,observed_and_verified_proxy
2015-09-01,2015,9,3,Thrissur,Central,10.52,76.21,Oil Sardine,387.35,1188.3,325.97,26.93,33.4,2.81,0.6,264.0,3.09,26.8,1.36,0.247,0.0,observed_and_verified_proxy
2015-09-01,2015,9,3,Thrissur,Central,10.52,76.21,Indian Mackerel,561.22,1188.3,472.29,26.93,33.4,2.81,0.6,264.0,3.09,26.8,1.36,0.299,0.0,observed_and_verified_proxy
2015-09-01,2015,9,3,Thrissur,Central,10.52,76.21,Seer Fish,279.32,1188.3,235.06,26.93,33.4,2.81,0.6,264.0,3.09,26.8,1.36,0.203,0.0,observed_and_verified_proxy
2015-09-01,2015,9,3,Thrissur,Central,10.52,76.21,Tuna,241.9,1188.3,203.57,26.93,33.4,2.81,0.6,264.0,3.09,26.8,1.36,0.184,0.0,observed_and_verified_proxy
2015-10-01,2015,10,4,Thrissur,Central,10.52,76.21,Oil Sardine,433.76,1891.7,229.29,27.07,33.38,1.98,0.3,268.2,2.22,27.18,1.05,0.418,0.034,observed_and_verified_proxy
2015-10-01,2015,10,4,Thrissur,Central,10.52,76.21,Indian Mackerel,823.98,1891.7,435.57,27.07,33.38,1.98,0.3,268.2,2.22,27.18,1.05,0.561,0.0,observed_and_verified_proxy
2015-10-01,2015,10,4,Thrissur,Central,10.52,76.21,Seer Fish,369.51,1891.7,195.33,27.07,33.38,1.98,0.3,268.2,2.22,27.18,1.05,0.383,0.064,observed_and_verified_proxy
2015-10-01,2015,10,4,Thrissur,Central,10.52,76.21,Tuna,584.11,1891.7,308.77,27.07,33.38,1.98,0.3,268.2,2.22,27.18,1.05,0.485,0.0,observed_and_verified_proxy
2015-11-01,2015,11,4,Thrissur,Central,10.52,76.21,Oil Sardine,379.53,1840.4,206.22,27.14,33.48,1.44,0.12,245.7,2.32,26.85,1.0,0.378,0.033,observed_and_verified_proxy
2015-11-01,2015,11,4,Thrissur,Central,10.52,76.21,Indian Mackerel,891.39,1840.4,484.34,27.14,33.48,1.44,0.12,245.7,2.32,26.85,1.0,0.561,0.0,observed_and_verified_proxy
2015-11-01,2015,11,4,Thrissur,Central,10.52,76.21,Seer Fish,364.16,1840.4,197.87,27.14,33.48,1.44,0.12,245.7,2.32,26.85,1.0,0.369,0.04,observed_and_verified_proxy
2015-11-01,2015,11,4,Thrissur,Central,10.52,76.21,Tuna,609.02,1840.4,330.91,27.14,33.48,1.44,0.12,245.7,2.32,26.85,1.0,0.481,0.0,observed_and_verified_proxy
2015-12-01,2015,12,4,Thrissur,Central,10.52,76.21,Oil Sardine,363.79,1895.0,191.97,27.51,34.22,1.05,0.06,68.1,1.99,26.97,1.0,0.38,0.067,observed_and_verified_proxy
2015-12-01,2015,12,4,Thrissur,Central,10.52,76.21,Indian Mackerel,868.38,1895.0,458.24,27.51,34.22,1.05,0.06,68.1,1.99,26.97,1.0,0.573,0.0,observed_and_verified_proxy
2015-12-01,2015,12,4,Thrissur,Central,10.52,76.21,Seer Fish,372.39,1895.0,196.51,27.51,34.22,1.05,0.06,68.1,1.99,26.97,1.0,0.385,0.064,observed_and_verified_proxy
2015-12-01,2015,12,4,Thrissur,Central,10.52,76.21,Tuna,598.65,1895.0,315.9,27.51,34.22,1.05,0.06,68.1,1.99,26.97,1.0,0.492,0.0,observed_and_verified_proxy
2015-01-01,2015,1,1,Kasaragod,North,12.5,74.99,Oil Sardine,176.88,964.8,183.33,28.14,34.5,0.94,0.05,0.3,2.31,26.07,1.0,0.2,0.0,observed_and_verified_proxy
2015-01-01,2015,1,1,Kasaragod,North,12.5,74.99,Indian Mackerel,390.86,964.8,405.11,28.14,34.5,0.94,0.05,0.3,2.31,26.07,1.0,0.336,0.0,observed_and_verified_proxy
2015-01-01,2015,1,1,Kasaragod,North,12.5,74.99,Seer Fish,127.56,964.8,132.21,28.14,34.5,0.94,0.05,0.3,2.31,26.07,1.0,0.156,0.0,observed_and_verified_proxy
2015-01-01,2015,1,1,Kasaragod,North,12.5,74.99,Tuna,276.53,964.8,286.62,28.14,34.5,0.94,0.05,0.3,2.31,26.07,1.0,0.273,0.0,observed_and_verified_proxy
2015-02-01,2015,2,1,Kasaragod,North,12.5,74.99,Oil Sardine,183.1,922.3,198.54,28.86,34.5,1.08,0.1,0.9,2.47,27.55,1.0,0.196,0.0,observed_and_verified_proxy
2015-02-01,2015,2,1,Kasaragod,North,12.5,74.99,Indian Mackerel,410.41,922.3,445.0,28.86,34.5,1.08,0.1,0.9,2.47,27.55,1.0,0.33,0.0,observed_and_verified_proxy
2015-02-01,2015,2,1,Kasaragod,North,12.5,74.99,Seer Fish,131.01,922.3,142.06,28.86,34.5,1.08,0.1,0.9,2.47,27.55,1.0,0.152,0.0,observed_and_verified_proxy
2015-02-01,2015,2,1,Kasaragod,North,12.5,74.99,Tuna,261.42,922.3,283.45,28.86,34.5,1.08,0.1,0.9,2.47,27.55,1.0,0.251,0.0,observed_and_verified_proxy
2015-03-01,2015,3,1,Kasaragod,North,12.5,74.99,Oil Sardine,199.74,881.7,226.54,29.49,34.33,1.41,0.2,41.1,2.45,28.35,1.0,0.2,0.0,observed_and_verified_proxy
2015-03-01,2015,3,1,Kasaragod,North,12.5,74.99,Indian Mackerel,383.76,881.7,435.26,29.49,34.33,1.41,0.2,41.1,2.45,28.35,1.0,0.304,0.0,observed_and_verified_proxy
2015-03-01,2015,3,1,Kasaragod,North,12.5,74.99,Seer Fish,122.01,881.7,138.38,29.49,34.33,1.41,0.2,41.1,2.45,28.35,1.0,0.137,0.0,observed_and_verified_proxy
2015-03-01,2015,3,1,Kasaragod,North,12.5,74.99,Tuna,259.11,881.7,293.88,29.49,34.33,1.41,0.2,41.1,2.45,28.35,1.0,0.239,0.0,observed_and_verified_proxy
2015-04-01,2015,4,2,Kasaragod,North,12.5,74.99,Oil Sardine,133.89,541.8,247.12,29.85,33.99,1.93,0.35,121.8,2.15,28.13,1.05,0.091,0.0,observed_and_verified_proxy
2015-04-01,2015,4,2,Kasaragod,North,12.5,74.99,Indian Mackerel,233.62,541.8,431.18,29.85,33.99,1.93,0.35,121.8,2.15,28.13,1.05,0.137,0.0,observed_and_verified_proxy
2015-04-01,2015,4,2,Kasaragod,North,12.5,74.99,Seer Fish,76.41,541.8,141.02,29.85,33.99,1.93,0.35,121.8,2.15,28.13,1.05,0.057,0.0,observed_and_verified_proxy
2015-04-01,2015,4,2,Kasaragod,North,12.5,74.99,Tuna,97.3,541.8,179.58,29.85,33.99,1.93,0.35,121.8,2.15,28.13,1.05,0.07,0.0,observed_and_verified_proxy
2015-05-01,2015,5,2,Kasaragod,North,12.5,74.99,Oil Sardine,166.75,594.8,280.36,29.77,33.69,2.86,0.65,195.0,2.54,27.7,1.36,0.118,0.0,observed_and_verified_proxy
2015-05-01,2015,5,2,Kasaragod,North,12.5,74.99,Indian Mackerel,229.6,594.8,386.04,29.77,33.69,2.86,0.65,195.0,2.54,27.7,1.36,0.149,0.0,observed_and_verified_proxy
2015-05-01,2015,5,2,Kasaragod,North,12.5,74.99,Seer Fish,75.99,594.8,127.77,29.77,33.69,2.86,0.65,195.0,2.54,27.7,1.36,0.062,0.0,observed_and_verified_proxy
2015-05-01,2015,5,2,Kasaragod,North,12.5,74.99,Tuna,93.31,594.8,156.89,29.77,33.69,2.86,0.65,195.0,2.54,27.7,1.36,0.074,0.0,observed_and_verified_proxy
2015-06-01,2015,6,2,Kasaragod,North,12.5,74.99,Oil Sardine,183.39,612.6,299.38,28.91,32.35,4.11,0.95,516.3,3.47,26.65,2.21,0.13,0.0,observed_and_verified_proxy
2015-06-01,2015,6,2,Kasaragod,North,12.5,74.99,Indian Mackerel,215.31,612.6,351.48,28.91,32.35,4.11,0.95,516.3,3.47,26.65,2.21,0.146,0.0,observed_and_verified_proxy
2015-06-01,2015,6,2,Kasaragod,North,12.5,74.99,Seer Fish,82.02,612.6,133.89,28.91,32.35,4.11,0.95,516.3,3.47,26.65,2.21,0.069,0.0,observed_and_verified_proxy
2015-06-01,2015,6,2,Kasaragod,North,12.5,74.99,Tuna,99.86,612.6,163.01,28.91,32.35,4.11,0.95,516.3,3.47,26.65,2.21,0.081,0.0,observed_and_verified_proxy
2015-07-01,2015,7,3,Kasaragod,North,12.5,74.99,Oil Sardine,285.52,726.6,392.97,27.27,33.0,4.05,1.0,360.9,3.55,25.95,2.8,0.21,0.0,observed_and_verified_proxy
2015-07-01,2015,7,3,Kasaragod,North,12.5,74.99,Indian Mackerel,312.06,726.6,429.5,27.27,33.0,4.05,1.0,360.9,3.55,25.95,2.8,0.222,0.0,observed_and_verified_proxy
2015-07-01,2015,7,3,Kasaragod,North,12.5,74.99,Seer Fish,160.94,726.6,221.51,27.27,33.0,4.05,1.0,360.9,3.55,25.95,2.8,0.14,0.0,observed_and_verified_proxy
2015-07-01,2015,7,3,Kasaragod,North,12.5,74.99,Tuna,150.4,726.6,207.01,27.27,33.0,4.05,1.0,360.9,3.55,25.95,2.8,0.133,0.0,observed_and_verified_proxy
2015-08-01,2015,8,3,Kasaragod,North,12.5,74.99,Oil Sardine,266.12,714.9,372.27,26.55,33.34,3.67,0.9,277.2,3.07,25.74,2.21,0.197,0.0,observed_and_verified_proxy
2015-08-01,2015,8,3,Kasaragod,North,12.5,74.99,Indian Mackerel,303.42,714.9,424.44,26.55,33.34,3.67,0.9,277.2,3.07,25.74,2.21,0.214,0.0,observed_and_verified_proxy
2015-08-01,2015,8,3,Kasaragod,North,12.5,74.99,Seer Fish,164.72,714.9,230.43,26.55,33.34,3.67,0.9,277.2,3.07,25.74,2.21,0.141,0.0,observed_and_verified_proxy
2015-08-01,2015,8,3,Kasaragod,North,12.5,74.99,Tuna,147.48,714.9,206.31,26.55,33.34,3.67,0.9,277.2,3.07,25.74,2.21,0.129,0.0,observed_and_verified_proxy
2015-09-01,2015,9,3,Kasaragod,North,12.5,74.99,Oil Sardine,240.32,712.6,337.26,26.93,33.59,2.75,0.6,217.8,2.69,26.18,1.36,0.184,0.0,observed_and_verified_proxy
2015-09-01,2015,9,3,Kasaragod,North,12.5,74.99,Indian Mackerel,316.6,712.6,444.31,26.93,33.59,2.75,0.6,217.8,2.69,26.18,1.36,0.219,0.0,observed_and_verified_proxy
2015-09-01,2015,9,3,Kasaragod,North,12.5,74.99,Seer Fish,160.96,712.6,225.89,26.93,33.59,2.75,0.6,217.8,2.69,26.18,1.36,0.138,0.0,observed_and_verified_proxy
2015-09-01,2015,9,3,Kasaragod,North,12.5,74.99,Tuna,145.96,712.6,204.84,26.93,33.59,2.75,0.6,217.8,2.69,26.18,1.36,0.128,0.0,observed_and_verified_proxy
2015-10-01,2015,10,4,Kasaragod,North,12.5,74.99,Oil Sardine,262.42,1196.2,219.37,27.07,33.85,1.84,0.3,156.9,2.03,26.73,1.05,0.327,0.0,observed_and_verified_proxy
2015-10-01,2015,10,4,Kasaragod,North,12.5,74.99,Indian Mackerel,477.47,1196.2,399.15,27.07,33.85,1.84,0.3,156.9,2.03,26.73,1.05,0.464,0.0,observed_and_verified_proxy
2015-10-01,2015,10,4,Kasaragod,North,12.5,74.99,Seer Fish,230.75,1196.2,192.9,27.07,33.85,1.84,0.3,156.9,2.03,26.73,1.05,0.3,0.0,observed_and_verified_proxy
2015-10-01,2015,10,4,Kasaragod,North,12.5,74.99,Tuna,346.93,1196.2,290.02,27.07,33.85,1.84,0.3,156.9,2.03,26.73,1.05,0.389,0.0,observed_and_verified_proxy
2015-11-01,2015,11,4,Kasaragod,North,12.5,74.99,Oil Sardine,232.22,1133.6,204.85,27.14,33.84,1.34,0.12,159.6,2.14,26.34,1.0,0.285,0.0,observed_and_verified_proxy
2015-11-01,2015,11,4,Kasaragod,North,12.5,74.99,Indian Mackerel,507.45,1133.6,447.64,27.14,33.84,1.34,0.12,159.6,2.14,26.34,1.0,0.453,0.0,observed_and_verified_proxy
2015-11-01,2015,11,4,Kasaragod,North,12.5,74.99,Seer Fish,228.76,1133.6,201.8,27.14,33.84,1.34,0.12,159.6,2.14,26.34,1.0,0.282,0.0,observed_and_verified_proxy
2015-11-01,2015,11,4,Kasaragod,North,12.5,74.99,Tuna,339.59,1133.6,299.57,27.14,33.84,1.34,0.12,159.6,2.14,26.34,1.0,0.364,0.0,observed_and_verified_proxy
2015-12-01,2015,12,4,Kasaragod,North,12.5,74.99,Oil Sardine,236.12,1149.5,205.41,27.51,34.36,1.01,0.06,33.0,1.88,26.68,1.0,0.293,0.0,observed_and_verified_proxy
2015-12-01,2015,12,4,Kasaragod,North,12.5,74.99,Indian Mackerel,498.1,1149.5,433.31,27.51,34.36,1.01,0.06,33.0,1.88,26.68,1.0,0.455,0.0,observed_and_verified_proxy
2015-12-01,2015,12,4,Kasaragod,North,12.5,74.99,Seer Fish,219.37,1149.5,190.84,27.51,34.36,1.01,0.06,33.0,1.88,26.68,1.0,0.278,0.0,observed_and_verified_proxy
2015-12-01,2015,12,4,Kasaragod,North,12.5,74.99,Tuna,356.21,1149.5,309.87,27.51,34.36,1.01,0.06,33.0,1.88,26.68,1.0,0.38,0.0,observed_and_verified_proxy
2016-01-01,2016,1,1,Kozhikode,North,11.25,75.78,Oil Sardine,1235.78,5435.6,227.35,28.14,34.49,0.94,0.05,2.7,2.3,26.9,1.0,0.485,0.125,observed_and_verified_proxy
2016-01-01,2016,1,1,Kozhikode,North,11.25,75.78,Indian Mackerel,2836.72,5435.6,521.88,28.14,34.49,0.94,0.05,2.7,2.3,26.9,1.0,0.579,0.0,observed_and_verified_proxy
2016-01-01,2016,1,1,Kozhikode,North,11.25,75.78,Seer Fish,892.89,5435.6,164.27,28.14,34.49,0.94,0.05,2.7,2.3,26.9,1.0,0.437,0.203,observed_and_verified_proxy
2016-01-01,2016,1,1,Kozhikode,North,11.25,75.78,Tuna,1906.58,5435.6,350.76,28.14,34.49,0.94,0.05,2.7,2.3,26.9,1.0,0.54,0.0,observed_and_verified_proxy
2016-02-01,2016,2,1,Kozhikode,North,11.25,75.78,Oil Sardine,1235.96,5521.5,223.84,28.86,34.48,1.09,0.1,6.0,2.56,28.45,1.0,0.493,0.143,observed_and_verified_proxy
2016-02-01,2016,2,1,Kozhikode,North,11.25,75.78,Indian Mackerel,2808.49,5521.5,508.65,28.86,34.48,1.09,0.1,6.0,2.56,28.45,1.0,0.587,0.0,observed_and_verified_proxy
2016-02-01,2016,2,1,Kozhikode,North,11.25,75.78,Seer Fish,868.23,5521.5,157.25,28.86,34.48,1.09,0.1,6.0,2.56,28.45,1.0,0.439,0.221,observed_and_verified_proxy
2016-02-01,2016,2,1,Kozhikode,North,11.25,75.78,Tuna,1941.3,5521.5,351.59,28.86,34.48,1.09,0.1,6.0,2.56,28.45,1.0,0.55,0.0,observed_and_verified_proxy
2016-03-01,2016,3,1,Kozhikode,North,11.25,75.78,Oil Sardine,1341.07,6064.2,221.15,29.49,34.46,1.37,0.2,10.5,2.52,29.4,1.0,0.554,0.228,observed_and_verified_proxy
2016-03-01,2016,3,1,Kozhikode,North,11.25,75.78,Indian Mackerel,2640.68,6064.2,435.45,29.49,34.46,1.37,0.2,10.5,2.52,29.4,1.0,0.639,0.0,observed_and_verified_proxy
2016-03-01,2016,3,1,Kozhikode,North,11.25,75.78,Seer Fish,877.52,6064.2,144.7,29.49,34.46,1.37,0.2,10.5,2.52,29.4,1.0,0.484,0.308,observed_and_verified_proxy
2016-03-01,2016,3,1,Kozhikode,North,11.25,75.78,Tuna,1916.3,6064.2,316.0,29.49,34.46,1.37,0.2,10.5,2.52,29.4,1.0,0.603,0.081,observed_and_verified_proxy
2016-04-01,2016,4,2,Kozhikode,North,11.25,75.78,Oil Sardine,914.32,3925.7,232.9,29.85,34.4,1.81,0.35,23.1,2.88,29.81,1.05,0.318,0.0,observed_and_verified_proxy
2016-04-01,2016,4,2,Kozhikode,North,11.25,75.78,Indian Mackerel,1644.87,3925.7,419.0,29.85,34.4,1.81,0.35,23.1,2.88,29.81,1.05,0.377,0.0,observed_and_verified_proxy
2016-04-01,2016,4,2,Kozhikode,North,11.25,75.78,Seer Fish,558.06,3925.7,142.15,29.85,34.4,1.81,0.35,23.1,2.88,29.81,1.05,0.259,0.021,observed_and_verified_proxy
2016-04-01,2016,4,2,Kozhikode,North,11.25,75.78,Tuna,670.08,3925.7,170.69,29.85,34.4,1.81,0.35,23.1,2.88,29.81,1.05,0.282,0.0,observed_and_verified_proxy
2016-05-01,2016,5,2,Kozhikode,North,11.25,75.78,Oil Sardine,1130.92,3663.2,308.73,29.77,33.78,2.84,0.65,172.2,3.22,28.79,1.36,0.318,0.0,observed_and_verified_proxy
2016-05-01,2016,5,2,Kozhikode,North,11.25,75.78,Indian Mackerel,1484.19,3663.2,405.17,29.77,33.78,2.84,0.65,172.2,3.22,28.79,1.36,0.343,0.0,observed_and_verified_proxy
2016-05-01,2016,5,2,Kozhikode,North,11.25,75.78,Seer Fish,516.83,3663.2,141.09,29.77,33.78,2.84,0.65,172.2,3.22,28.79,1.36,0.233,0.0,observed_and_verified_proxy
2016-05-01,2016,5,2,Kozhikode,North,11.25,75.78,Tuna,687.48,3663.2,187.67,29.77,33.78,2.84,0.65,172.2,3.22,28.79,1.36,0.266,0.0,observed_and_verified_proxy
2016-06-01,2016,6,2,Kozhikode,North,11.25,75.78,Oil Sardine,1243.54,3913.8,317.73,28.91,32.34,4.11,0.95,519.0,3.89,26.51,2.21,0.35,0.0,observed_and_verified_proxy
2016-06-01,2016,6,2,Kozhikode,North,11.25,75.78,Indian Mackerel,1429.63,3913.8,365.28,28.91,32.34,4.11,0.95,519.0,3.89,26.51,2.21,0.363,0.0,observed_and_verified_proxy
2016-06-01,2016,6,2,Kozhikode,North,11.25,75.78,Seer Fish,557.7,3913.8,142.5,28.91,32.34,4.11,0.95,519.0,3.89,26.51,2.21,0.259,0.02,observed_and_verified_proxy
2016-06-01,2016,6,2,Kozhikode,North,11.25,75.78,Tuna,692.23,3913.8,176.87,28.91,32.34,4.11,0.95,519.0,3.89,26.51,2.21,0.285,0.0,observed_and_verified_proxy
2016-07-01,2016,7,3,Kozhikode,North,11.25,75.78,Oil Sardine,1991.18,4750.3,419.17,27.27,32.67,4.15,1.0,440.1,3.67,25.35,2.8,0.476,0.0,observed_and_verified_proxy
2016-07-01,2016,7,3,Kozhikode,North,11.25,75.78,Indian Mackerel,2196.59,4750.3,462.41,27.27,32.67,4.15,1.0,440.1,3.67,25.35,2.8,0.485,0.0,observed_and_verified_proxy
2016-07-01,2016,7,3,Kozhikode,North,11.25,75.78,Seer Fish,1123.53,4750.3,236.52,27.27,32.67,4.15,1.0,440.1,3.67,25.35,2.8,0.412,0.01,observed_and_verified_proxy
2016-07-01,2016,7,3,Kozhikode,North,11.25,75.78,Tuna,1011.54,4750.3,212.94,27.27,32.67,4.15,1.0,440.1,3.67,25.35,2.8,0.398,0.045,observed_and_verified_proxy
2016-08-01,2016,8,3,Kozhikode,North,11.25,75.78,Oil Sardine,1882.8,4872.6,386.4,26.55,33.58,3.6,0.9,222.0,3.74,25.4,2.21,0.482,0.0,observed_and_verified_proxy
2016-08-01,2016,8,3,Kozhikode,North,11.25,75.78,Indian Mackerel,2258.55,4872.6,463.52,26.55,33.58,3.6,0.9,222.0,3.74,25.4,2.21,0.5,0.0,observed_and_verified_proxy
2016-08-01,2016,8,3,Kozhikode,North,11.25,75.78,Seer Fish,1150.94,4872.6,236.21,26.55,33.58,3.6,0.9,222.0,3.74,25.4,2.21,0.426,0.028,observed_and_verified_proxy
2016-08-01,2016,8,3,Kozhikode,North,11.25,75.78,Tuna,986.63,4872.6,202.48,26.55,33.58,3.6,0.9,222.0,3.74,25.4,2.21,0.405,0.077,observed_and_verified_proxy
2016-09-01,2016,9,3,Kozhikode,North,11.25,75.78,Oil Sardine,1556.85,4469.1,348.36,26.93,34.16,2.58,0.6,82.2,3.29,25.06,1.36,0.424,0.0,observed_and_verified_proxy
2016-09-01,2016,9,3,Kozhikode,North,11.25,75.78,Indian Mackerel,2314.5,4469.1,517.89,26.93,34.16,2.58,0.6,82.2,3.29,25.06,1.36,0.461,0.0,observed_and_verified_proxy
2016-09-01,2016,9,3,Kozhikode,North,11.25,75.78,Seer Fish,1116.83,4469.1,249.9,26.93,34.16,2.58,0.6,82.2,3.29,25.06,1.36,0.387,0.0,observed_and_verified_proxy
2016-09-01,2016,9,3,Kozhikode,North,11.25,75.78,Tuna,1008.54,4469.1,225.67,26.93,34.16,2.58,0.6,82.2,3.29,25.06,1.36,0.374,0.0,observed_and_verified_proxy
2016-10-01,2016,10,4,Kozhikode,North,11.25,75.78,Oil Sardine,1910.23,6662.2,286.73,27.07,34.33,1.69,0.3,40.2,2.58,25.91,1.05,0.662,0.223,observed_and_verified_proxy
2016-10-01,2016,10,4,Kozhikode,North,11.25,75.78,Indian Mackerel,3532.45,6662.2,530.22,27.07,34.33,1.69,0.3,40.2,2.58,25.91,1.05,0.731,0.0,observed_and_verified_proxy
2016-10-01,2016,10,4,Kozhikode,North,11.25,75.78,Seer Fish,1567.49,6662.2,235.28,27.07,34.33,1.69,0.3,40.2,2.58,25.91,1.05,0.633,0.3,observed_and_verified_proxy
2016-10-01,2016,10,4,Kozhikode,North,11.25,75.78,Tuna,2517.24,6662.2,377.84,27.07,34.33,1.69,0.3,40.2,2.58,25.91,1.05,0.697,0.066,observed_and_verified_proxy
2016-11-01,2016,11,4,Kozhikode,North,11.25,75.78,Oil Sardine,1652.14,7562.3,218.47,27.14,34.29,1.2,0.12,50.7,2.08,26.65,1.0,0.727,0.46,observed_and_verified_proxy
2016-11-01,2016,11,4,Kozhikode,North,11.25,75.78,Indian Mackerel,3575.76,7562.3,472.84,27.14,34.29,1.2,0.12,50.7,2.08,26.65,1.0,0.831,0.03,observed_and_verified_proxy
2016-11-01,2016,11,4,Kozhikode,North,11.25,75.78,Seer Fish,1525.37,7562.3,201.71,27.14,34.29,1.2,0.12,50.7,2.08,26.65,1.0,0.714,0.48,observed_and_verified_proxy
2016-11-01,2016,11,4,Kozhikode,North,11.25,75.78,Tuna,2327.7,7562.3,307.8,27.14,34.29,1.2,0.12,50.7,2.08,26.65,1.0,0.78,0.33,observed_and_verified_proxy
2016-12-01,2016,12,4,Kozhikode,North,11.25,75.78,Oil Sardine,1545.01,7011.2,220.36,27.51,34.33,1.02,0.06,41.7,2.43,26.52,1.0,0.664,0.373,observed_and_verified_proxy
2016-12-01,2016,12,4,Kozhikode,North,11.25,75.78,Indian Mackerel,3537.63,7011.2,504.57,27.51,34.33,1.02,0.06,41.7,2.43,26.52,1.0,0.77,0.0,observed_and_verified_proxy
2016-12-01,2016,12,4,Kozhikode,North,11.25,75.78,Seer Fish,1555.33,7011.2,221.84,27.51,34.33,1.02,0.06,41.7,2.43,26.52,1.0,0.665,0.371,observed_and_verified_proxy
2016-12-01,2016,12,4,Kozhikode,North,11.25,75.78,Tuna,2436.43,7011.2,347.51,27.51,34.33,1.02,0.06,41.7,2.43,26.52,1.0,0.729,0.175,observed_and_verified_proxy
2016-01-01,2016,1,1,Ernakulam,Central,9.98,76.28,Oil Sardine,1102.54,5365.9,205.47,28.14,34.49,0.94,0.05,1.5,2.01,27.28,1.0,0.517,0.216,observed_and_verified_proxy
2016-01-01,2016,1,1,Ernakulam,Central,9.98,76.28,Indian Mackerel,2490.66,5365.9,464.16,28.14,34.49,0.94,0.05,1.5,2.01,27.28,1.0,0.626,0.0,observed_and_verified_proxy
2016-01-01,2016,1,1,Ernakulam,Central,9.98,76.28,Seer Fish,822.49,5365.9,153.28,28.14,34.49,0.94,0.05,1.5,2.01,27.28,1.0,0.467,0.267,observed_and_verified_proxy
2016-01-01,2016,1,1,Ernakulam,Central,9.98,76.28,Tuna,1738.18,5365.9,323.93,28.14,34.49,0.94,0.05,1.5,2.01,27.28,1.0,0.584,0.039,observed_and_verified_proxy
2016-02-01,2016,2,1,Ernakulam,Central,9.98,76.28,Oil Sardine,1105.09,5078.2,217.62,28.86,34.24,1.16,0.1,63.0,2.24,28.95,1.0,0.49,0.153,observed_and_verified_proxy
2016-02-01,2016,2,1,Ernakulam,Central,9.98,76.28,Indian Mackerel,2299.43,5078.2,452.8,28.86,34.24,1.16,0.1,63.0,2.24,28.95,1.0,0.584,0.0,observed_and_verified_proxy
2016-02-01,2016,2,1,Ernakulam,Central,9.98,76.28,Seer Fish,824.46,5078.2,162.35,28.86,34.24,1.16,0.1,63.0,2.24,28.95,1.0,0.443,0.215,observed_and_verified_proxy
2016-02-01,2016,2,1,Ernakulam,Central,9.98,76.28,Tuna,1723.16,5078.2,339.32,28.86,34.24,1.16,0.1,63.0,2.24,28.95,1.0,0.551,0.0,observed_and_verified_proxy
2016-03-01,2016,3,1,Ernakulam,Central,9.98,76.28,Oil Sardine,1246.38,4848.6,257.06,29.49,34.34,1.41,0.2,37.2,2.65,30.01,1.0,0.485,0.059,observed_and_verified_proxy
2016-03-01,2016,3,1,Ernakulam,Central,9.98,76.28,Indian Mackerel,2367.06,4848.6,488.19,29.49,34.34,1.41,0.2,37.2,2.65,30.01,1.0,0.561,0.0,observed_and_verified_proxy
2016-03-01,2016,3,1,Ernakulam,Central,9.98,76.28,Seer Fish,770.2,4848.6,158.85,29.49,34.34,1.41,0.2,37.2,2.65,30.01,1.0,0.412,0.182,observed_and_verified_proxy
2016-03-01,2016,3,1,Ernakulam,Central,9.98,76.28,Tuna,1640.76,4848.6,338.4,29.49,34.34,1.41,0.2,37.2,2.65,30.01,1.0,0.52,0.0,observed_and_verified_proxy
2016-04-01,2016,4,2,Ernakulam,Central,9.98,76.28,Oil Sardine,854.69,3412.0,250.49,29.85,34.27,1.85,0.35,56.1,3.14,30.08,1.05,0.301,0.0,observed_and_verified_proxy
2016-04-01,2016,4,2,Ernakulam,Central,9.98,76.28,Indian Mackerel,1454.03,3412.0,426.15,29.85,34.27,1.85,0.35,56.1,3.14,30.08,1.05,0.356,0.0,observed_and_verified_proxy
2016-04-01,2016,4,2,Ernakulam,Central,9.98,76.28,Seer Fish,465.12,3412.0,136.32,29.85,34.27,1.85,0.35,56.1,3.14,30.08,1.05,0.23,0.0,observed_and_verified_proxy
2016-04-01,2016,4,2,Ernakulam,Central,9.98,76.28,Tuna,619.42,3412.0,181.54,29.85,34.27,1.85,0.35,56.1,3.14,30.08,1.05,0.264,0.0,observed_and_verified_proxy
2016-05-01,2016,5,2,Ernakulam,Central,9.98,76.28,Oil Sardine,937.17,3459.7,270.88,29.77,33.51,2.92,0.65,237.0,3.68,29.06,1.36,0.316,0.0,observed_and_verified_proxy
2016-05-01,2016,5,2,Ernakulam,Central,9.98,76.28,Indian Mackerel,1352.87,3459.7,391.03,29.77,33.51,2.92,0.65,237.0,3.68,29.06,1.36,0.354,0.0,observed_and_verified_proxy
2016-05-01,2016,5,2,Ernakulam,Central,9.98,76.28,Seer Fish,500.37,3459.7,144.63,29.77,33.51,2.92,0.65,237.0,3.68,29.06,1.36,0.242,0.0,observed_and_verified_proxy
2016-05-01,2016,5,2,Ernakulam,Central,9.98,76.28,Tuna,616.11,3459.7,178.08,29.77,33.51,2.92,0.65,237.0,3.68,29.06,1.36,0.267,0.0,observed_and_verified_proxy
2016-06-01,2016,6,2,Ernakulam,Central,9.98,76.28,Oil Sardine,1095.41,3201.7,342.13,28.91,32.51,4.06,0.95,477.9,4.5,27.05,2.21,0.308,0.0,observed_and_verified_proxy
2016-06-01,2016,6,2,Ernakulam,Central,9.98,76.28,Indian Mackerel,1245.69,3201.7,389.07,28.91,32.51,4.06,0.95,477.9,4.5,27.05,2.21,0.32,0.0,observed_and_verified_proxy
2016-06-01,2016,6,2,Ernakulam,Central,9.98,76.28,Seer Fish,481.03,3201.7,150.24,28.91,32.51,4.06,0.95,477.9,4.5,27.05,2.21,0.22,0.0,observed_and_verified_proxy
2016-06-01,2016,6,2,Ernakulam,Central,9.98,76.28,Tuna,586.42,3201.7,183.16,28.91,32.51,4.06,0.95,477.9,4.5,27.05,2.21,0.242,0.0,observed_and_verified_proxy
2016-07-01,2016,7,3,Ernakulam,Central,9.98,76.28,Oil Sardine,1716.8,4079.7,420.82,27.27,32.76,4.12,1.0,417.3,4.02,25.99,2.8,0.443,0.0,observed_and_verified_proxy
2016-07-01,2016,7,3,Ernakulam,Central,9.98,76.28,Indian Mackerel,1815.34,4079.7,444.97,27.27,32.76,4.12,1.0,417.3,4.02,25.99,2.8,0.448,0.0,observed_and_verified_proxy
2016-07-01,2016,7,3,Ernakulam,Central,9.98,76.28,Seer Fish,1003.56,4079.7,245.99,27.27,32.76,4.12,1.0,417.3,4.02,25.99,2.8,0.381,0.0,observed_and_verified_proxy
2016-07-01,2016,7,3,Ernakulam,Central,9.98,76.28,Tuna,876.58,4079.7,214.86,27.27,32.76,4.12,1.0,417.3,4.02,25.99,2.8,0.364,0.0,observed_and_verified_proxy
2016-08-01,2016,8,3,Ernakulam,Central,9.98,76.28,Oil Sardine,1610.98,3803.4,423.57,26.55,33.76,3.54,0.9,177.0,4.25,26.07,2.21,0.407,0.0,observed_and_verified_proxy
2016-08-01,2016,8,3,Ernakulam,Central,9.98,76.28,Indian Mackerel,1865.54,3803.4,490.5,26.55,33.76,3.54,0.9,177.0,4.25,26.07,2.21,0.42,0.0,observed_and_verified_proxy
2016-08-01,2016,8,3,Ernakulam,Central,9.98,76.28,Seer Fish,944.82,3803.4,248.42,26.55,33.76,3.54,0.9,177.0,4.25,26.07,2.21,0.348,0.0,observed_and_verified_proxy
2016-08-01,2016,8,3,Ernakulam,Central,9.98,76.28,Tuna,877.66,3803.4,230.76,26.55,33.76,3.54,0.9,177.0,4.25,26.07,2.21,0.339,0.0,observed_and_verified_proxy
2016-09-01,2016,9,3,Ernakulam,Central,9.98,76.28,Oil Sardine,1417.73,3861.4,367.16,26.93,34.25,2.56,0.6,60.6,4.01,25.87,1.36,0.4,0.0,observed_and_verified_proxy
2016-09-01,2016,9,3,Ernakulam,Central,9.98,76.28,Indian Mackerel,2112.74,3861.4,547.15,26.93,34.25,2.56,0.6,60.6,4.01,25.87,1.36,0.437,0.0,observed_and_verified_proxy
2016-09-01,2016,9,3,Ernakulam,Central,9.98,76.28,Seer Fish,989.67,3861.4,256.3,26.93,34.25,2.56,0.6,60.6,4.01,25.87,1.36,0.359,0.0,observed_and_verified_proxy
2016-09-01,2016,9,3,Ernakulam,Central,9.98,76.28,Tuna,886.69,3861.4,229.63,26.93,34.25,2.56,0.6,60.6,4.01,25.87,1.36,0.346,0.0,observed_and_verified_proxy
2016-10-01,2016,10,4,Ernakulam,Central,9.98,76.28,Oil Sardine,1629.22,6759.7,241.02,27.07,33.92,1.81,0.3,139.2,3.11,26.58,1.05,0.724,0.406,observed_and_verified_proxy
2016-10-01,2016,10,4,Ernakulam,Central,9.98,76.28,Indian Mackerel,3021.91,6759.7,447.05,27.07,33.92,1.81,0.3,139.2,3.11,26.58,1.05,0.812,0.063,observed_and_verified_proxy
2016-10-01,2016,10,4,Ernakulam,Central,9.98,76.28,Seer Fish,1417.55,6759.7,209.71,27.07,33.92,1.81,0.3,139.2,3.11,26.58,1.05,0.7,0.444,observed_and_verified_proxy
2016-10-01,2016,10,4,Ernakulam,Central,9.98,76.28,Tuna,2244.49,6759.7,332.04,27.07,33.92,1.81,0.3,139.2,3.11,26.58,1.05,0.774,0.269,observed_and_verified_proxy
2016-11-01,2016,11,4,Ernakulam,Central,9.98,76.28,Oil Sardine,1426.16,6784.3,210.21,27.14,34.04,1.27,0.12,110.4,2.06,26.99,1.0,0.704,0.447,observed_and_verified_proxy
2016-11-01,2016,11,4,Ernakulam,Central,9.98,76.28,Indian Mackerel,3276.54,6784.3,482.96,27.14,34.04,1.27,0.12,110.4,2.06,26.99,1.0,0.824,0.0,observed_and_verified_proxy
2016-11-01,2016,11,4,Ernakulam,Central,9.98,76.28,Seer Fish,1403.83,6784.3,206.92,27.14,34.04,1.27,0.12,110.4,2.06,26.99,1.0,0.701,0.451,observed_and_verified_proxy
2016-11-01,2016,11,4,Ernakulam,Central,9.98,76.28,Tuna,2238.01,6784.3,329.88,27.14,34.04,1.27,0.12,110.4,2.06,26.99,1.0,0.777,0.277,observed_and_verified_proxy
2016-12-01,2016,12,4,Ernakulam,Central,9.98,76.28,Oil Sardine,1431.63,6916.8,206.98,27.51,34.39,1.0,0.06,27.0,2.49,27.4,1.0,0.718,0.473,observed_and_verified_proxy
2016-12-01,2016,12,4,Ernakulam,Central,9.98,76.28,Indian Mackerel,3306.23,6916.8,478.0,27.51,34.39,1.0,0.06,27.0,2.49,27.4,1.0,0.841,0.032,observed_and_verified_proxy
2016-12-01,2016,12,4,Ernakulam,Central,9.98,76.28,Seer Fish,1455.8,6916.8,210.47,27.51,34.39,1.0,0.06,27.0,2.49,27.4,1.0,0.721,0.47,observed_and_verified_proxy
2016-12-01,2016,12,4,Ernakulam,Central,9.98,76.28,Tuna,2214.86,6916.8,320.22,27.51,34.39,1.0,0.06,27.0,2.49,27.4,1.0,0.79,0.316,observed_and_verified_proxy
2016-01-01,2016,1,1,Alappuzha,South,9.49,76.33,Oil Sardine,920.09,4934.6,186.46,28.14,34.5,0.94,0.05,0.6,3.59,25.59,1.0,0.507,0.245,observed_and_verified_proxy
2016-01-01,2016,1,1,Alappuzha,South,9.49,76.33,Indian Mackerel,2179.45,4934.6,441.67,28.14,34.5,0.94,0.05,0.6,3.59,25.59,1.0,0.637,0.0,observed_and_verified_proxy
2016-01-01,2016,1,1,Alappuzha,South,9.49,76.33,Seer Fish,721.54,4934.6,146.22,28.14,34.5,0.94,0.05,0.6,3.59,25.59,1.0,0.463,0.277,observed_and_verified_proxy
2016-01-01,2016,1,1,Alappuzha,South,9.49,76.33,Tuna,1430.94,4934.6,289.98,28.14,34.5,0.94,0.05,0.6,3.59,25.59,1.0,0.58,0.11,observed_and_verified_proxy
2016-02-01,2016,2,1,Alappuzha,South,9.49,76.33,Oil Sardine,964.35,4878.3,197.68,28.86,34.35,1.12,0.1,35.1,2.91,27.53,1.0,0.51,0.224,observed_and_verified_proxy
2016-02-01,2016,2,1,Alappuzha,South,9.49,76.33,Indian Mackerel,2161.95,4878.3,443.18,28.86,34.35,1.12,0.1,35.1,2.91,27.53,1.0,0.629,0.0,observed_and_verified_proxy
2016-02-01,2016,2,1,Alappuzha,South,9.49,76.33,Seer Fish,690.75,4878.3,141.6,28.86,34.35,1.12,0.1,35.1,2.91,27.53,1.0,0.449,0.269,observed_and_verified_proxy
2016-02-01,2016,2,1,Alappuzha,South,9.49,76.33,Tuna,1500.18,4878.3,307.52,28.86,34.35,1.12,0.1,35.1,2.91,27.53,1.0,0.581,0.072,observed_and_verified_proxy
2016-03-01,2016,3,1,Alappuzha,South,9.49,76.33,Oil Sardine,1030.12,4351.8,236.71,29.49,34.38,1.4,0.2,28.5,2.46,29.62,1.0,0.465,0.079,observed_and_verified_proxy
2016-03-01,2016,3,1,Alappuzha,South,9.49,76.33,Indian Mackerel,2114.93,4351.8,485.99,29.49,34.38,1.4,0.2,28.5,2.46,29.62,1.0,0.559,0.0,observed_and_verified_proxy
2016-03-01,2016,3,1,Alappuzha,South,9.49,76.33,Seer Fish,661.82,4351.8,152.08,29.49,34.38,1.4,0.2,28.5,2.46,29.62,1.0,0.393,0.174,observed_and_verified_proxy
2016-03-01,2016,3,1,Alappuzha,South,9.49,76.33,Tuna,1473.65,4351.8,338.63,29.49,34.38,1.4,0.2,28.5,2.46,29.62,1.0,0.516,0.0,observed_and_verified_proxy
2016-04-01,2016,4,2,Alappuzha,South,9.49,76.33,Oil Sardine,734.33,3021.3,243.05,29.85,34.26,1.85,0.35,58.5,3.14,29.91,1.05,0.285,0.0,observed_and_verified_proxy
2016-04-01,2016,4,2,Alappuzha,South,9.49,76.33,Indian Mackerel,1248.23,3021.3,413.14,29.85,34.26,1.85,0.35,58.5,3.14,29.91,1.05,0.342,0.0,observed_and_verified_proxy
2016-04-01,2016,4,2,Alappuzha,South,9.49,76.33,Seer Fish,412.71,3021.3,136.6,29.85,34.26,1.85,0.35,58.5,3.14,29.91,1.05,0.217,0.0,observed_and_verified_proxy
2016-04-01,2016,4,2,Alappuzha,South,9.49,76.33,Tuna,508.91,3021.3,168.44,29.85,34.26,1.85,0.35,58.5,3.14,29.91,1.05,0.242,0.0,observed_and_verified_proxy
2016-05-01,2016,5,2,Alappuzha,South,9.49,76.33,Oil Sardine,879.36,3170.6,277.35,29.77,33.34,2.97,0.65,278.4,4.38,28.62,1.36,0.321,0.0,observed_and_verified_proxy
2016-05-01,2016,5,2,Alappuzha,South,9.49,76.33,Indian Mackerel,1139.97,3170.6,359.54,29.77,33.34,2.97,0.65,278.4,4.38,28.62,1.36,0.35,0.0,observed_and_verified_proxy
2016-05-01,2016,5,2,Alappuzha,South,9.49,76.33,Seer Fish,417.87,3170.6,131.79,29.77,33.34,2.97,0.65,278.4,4.38,28.62,1.36,0.229,0.005,observed_and_verified_proxy
2016-05-01,2016,5,2,Alappuzha,South,9.49,76.33,Tuna,552.93,3170.6,174.39,29.77,33.34,2.97,0.65,278.4,4.38,28.62,1.36,0.264,0.0,observed_and_verified_proxy
2016-06-01,2016,6,2,Alappuzha,South,9.49,76.33,Oil Sardine,1035.22,3060.8,338.22,28.91,33.25,3.84,0.95,300.3,5.78,26.87,2.21,0.328,0.0,observed_and_verified_proxy
2016-06-01,2016,6,2,Alappuzha,South,9.49,76.33,Indian Mackerel,1110.79,3060.8,362.91,28.91,33.25,3.84,0.95,300.3,5.78,26.87,2.21,0.335,0.0,observed_and_verified_proxy
2016-06-01,2016,6,2,Alappuzha,South,9.49,76.33,Seer Fish,416.32,3060.8,136.02,28.91,33.25,3.84,0.95,300.3,5.78,26.87,2.21,0.221,0.0,observed_and_verified_proxy
2016-06-01,2016,6,2,Alappuzha,South,9.49,76.33,Tuna,544.41,3060.8,177.87,28.91,33.25,3.84,0.95,300.3,5.78,26.87,2.21,0.253,0.0,observed_and_verified_proxy
2016-07-01,2016,7,3,Alappuzha,South,9.49,76.33,Oil Sardine,1492.33,3507.1,425.51,27.27,33.99,3.75,1.0,123.3,5.31,25.86,2.8,0.417,0.0,observed_and_verified_proxy
2016-07-01,2016,7,3,Alappuzha,South,9.49,76.33,Indian Mackerel,1587.38,3507.1,452.61,27.27,33.99,3.75,1.0,123.3,5.31,25.86,2.8,0.423,0.0,observed_and_verified_proxy
2016-07-01,2016,7,3,Alappuzha,South,9.49,76.33,Seer Fish,898.59,3507.1,256.22,27.27,33.99,3.75,1.0,123.3,5.31,25.86,2.8,0.358,0.0,observed_and_verified_proxy
2016-07-01,2016,7,3,Alappuzha,South,9.49,76.33,Tuna,813.26,3507.1,231.89,27.27,33.99,3.75,1.0,123.3,5.31,25.86,2.8,0.345,0.0,observed_and_verified_proxy
2016-08-01,2016,8,3,Alappuzha,South,9.49,76.33,Oil Sardine,1473.16,3540.9,416.04,26.55,34.27,3.39,0.9,54.0,5.8,26.05,2.21,0.42,0.0,observed_and_verified_proxy
2016-08-01,2016,8,3,Alappuzha,South,9.49,76.33,Indian Mackerel,1732.73,3540.9,489.35,26.55,34.27,3.39,0.9,54.0,5.8,26.05,2.21,0.436,0.0,observed_and_verified_proxy
2016-08-01,2016,8,3,Alappuzha,South,9.49,76.33,Seer Fish,840.64,3540.9,237.41,26.55,34.27,3.39,0.9,54.0,5.8,26.05,2.21,0.352,0.0,observed_and_verified_proxy
2016-08-01,2016,8,3,Alappuzha,South,9.49,76.33,Tuna,821.95,3540.9,232.13,26.55,34.27,3.39,0.9,54.0,5.8,26.05,2.21,0.349,0.0,observed_and_verified_proxy
2016-09-01,2016,9,3,Alappuzha,South,9.49,76.33,Oil Sardine,1266.41,3469.3,365.04,26.93,34.43,2.5,0.6,17.7,5.73,26.09,1.36,0.395,0.0,observed_and_verified_proxy
2016-09-01,2016,9,3,Alappuzha,South,9.49,76.33,Indian Mackerel,1884.78,3469.3,543.28,26.93,34.43,2.5,0.6,17.7,5.73,26.09,1.36,0.435,0.0,observed_and_verified_proxy
2016-09-01,2016,9,3,Alappuzha,South,9.49,76.33,Seer Fish,835.13,3469.3,240.72,26.93,34.43,2.5,0.6,17.7,5.73,26.09,1.36,0.344,0.0,observed_and_verified_proxy
2016-09-01,2016,9,3,Alappuzha,South,9.49,76.33,Tuna,783.0,3469.3,225.7,26.93,34.43,2.5,0.6,17.7,5.73,26.09,1.36,0.336,0.0,observed_and_verified_proxy
2016-10-01,2016,10,4,Alappuzha,South,9.49,76.33,Oil Sardine,1460.45,5752.4,253.88,27.07,34.17,1.74,0.3,78.3,4.36,26.82,1.05,0.68,0.32,observed_and_verified_proxy
2016-10-01,2016,10,4,Alappuzha,South,9.49,76.33,Indian Mackerel,2671.76,5752.4,464.46,27.07,34.17,1.74,0.3,78.3,4.36,26.82,1.05,0.769,0.0,observed_and_verified_proxy
2016-10-01,2016,10,4,Alappuzha,South,9.49,76.33,Seer Fish,1282.49,5752.4,222.95,27.07,34.17,1.74,0.3,78.3,4.36,26.82,1.05,0.657,0.359,observed_and_verified_proxy
2016-10-01,2016,10,4,Alappuzha,South,9.49,76.33,Tuna,1836.83,5752.4,319.31,27.07,34.17,1.74,0.3,78.3,4.36,26.82,1.05,0.718,0.223,observed_and_verified_proxy
2016-11-01,2016,11,4,Alappuzha,South,9.49,76.33,Oil Sardine,1318.52,5650.1,233.36,27.14,33.93,1.31,0.12,137.1,2.33,27.08,1.0,0.65,0.327,observed_and_verified_proxy
2016-11-01,2016,11,4,Alappuzha,South,9.49,76.33,Indian Mackerel,2693.65,5650.1,476.75,27.14,33.93,1.31,0.12,137.1,2.33,27.08,1.0,0.756,0.0,observed_and_verified_proxy
2016-11-01,2016,11,4,Alappuzha,South,9.49,76.33,Seer Fish,1206.65,5650.1,213.56,27.14,33.93,1.31,0.12,137.1,2.33,27.08,1.0,0.634,0.35,observed_and_verified_proxy
2016-11-01,2016,11,4,Alappuzha,South,9.49,76.33,Tuna,1866.08,5650.1,330.28,27.14,33.93,1.31,0.12,137.1,2.33,27.08,1.0,0.707,0.186,observed_and_verified_proxy
2016-12-01,2016,12,4,Alappuzha,South,9.49,76.33,Oil Sardine,1206.02,5265.4,229.05,27.51,34.41,1.0,0.06,22.8,3.24,27.3,1.0,0.591,0.259,observed_and_verified_proxy
2016-12-01,2016,12,4,Alappuzha,South,9.49,76.33,Indian Mackerel,2684.47,5265.4,509.83,27.51,34.41,1.0,0.06,22.8,3.24,27.3,1.0,0.705,0.0,observed_and_verified_proxy
2016-12-01,2016,12,4,Alappuzha,South,9.49,76.33,Seer Fish,1168.9,5265.4,222.0,27.51,34.41,1.0,0.06,22.8,3.24,27.3,1.0,0.585,0.268,observed_and_verified_proxy
2016-12-01,2016,12,4,Alappuzha,South,9.49,76.33,Tuna,1918.87,5265.4,364.43,27.51,34.41,1.0,0.06,22.8,3.24,27.3,1.0,0.663,0.052,observed_and_verified_proxy
2016-01-01,2016,1,1,Kollam,South,8.89,76.6,Oil Sardine,867.96,4213.7,205.99,28.14,34.5,0.94,0.05,0.6,3.59,25.59,1.0,0.455,0.133,observed_and_verified_proxy
2016-01-01,2016,1,1,Kollam,South,8.89,76.6,Indian Mackerel,1935.36,4213.7,459.31,28.14,34.5,0.94,0.05,0.6,3.59,25.59,1.0,0.569,0.0,observed_and_verified_proxy
2016-01-01,2016,1,1,Kollam,South,8.89,76.6,Seer Fish,649.32,4213.7,154.1,28.14,34.5,0.94,0.05,0.6,3.59,25.59,1.0,0.405,0.184,observed_and_verified_proxy
2016-01-01,2016,1,1,Kollam,South,8.89,76.6,Tuna,1421.03,4213.7,337.24,28.14,34.5,0.94,0.05,0.6,3.59,25.59,1.0,0.53,0.0,observed_and_verified_proxy
2016-02-01,2016,2,1,Kollam,South,8.89,76.6,Oil Sardine,931.8,4150.5,224.5,28.86,34.35,1.12,0.1,35.1,2.91,27.53,1.0,0.459,0.098,observed_and_verified_proxy
2016-02-01,2016,2,1,Kollam,South,8.89,76.6,Indian Mackerel,1949.4,4150.5,469.67,28.86,34.35,1.12,0.1,35.1,2.91,27.53,1.0,0.562,0.0,observed_and_verified_proxy
2016-02-01,2016,2,1,Kollam,South,8.89,76.6,Seer Fish,642.77,4150.5,154.86,28.86,34.35,1.12,0.1,35.1,2.91,27.53,1.0,0.397,0.172,observed_and_verified_proxy
2016-02-01,2016,2,1,Kollam,South,8.89,76.6,Tuna,1349.33,4150.5,325.1,28.86,34.35,1.12,0.1,35.1,2.91,27.53,1.0,0.515,0.0,observed_and_verified_proxy
2016-03-01,2016,3,1,Kollam,South,8.89,76.6,Oil Sardine,1031.64,4342.3,237.58,29.49,34.38,1.4,0.2,28.5,2.46,29.62,1.0,0.497,0.119,observed_and_verified_proxy
2016-03-01,2016,3,1,Kollam,South,8.89,76.6,Indian Mackerel,1923.87,4342.3,443.05,29.49,34.38,1.4,0.2,28.5,2.46,29.62,1.0,0.586,0.0,observed_and_verified_proxy
2016-03-01,2016,3,1,Kollam,South,8.89,76.6,Seer Fish,614.95,4342.3,141.62,29.49,34.38,1.4,0.2,28.5,2.46,29.62,1.0,0.407,0.215,observed_and_verified_proxy
2016-03-01,2016,3,1,Kollam,South,8.89,76.6,Tuna,1420.13,4342.3,327.05,29.49,34.38,1.4,0.2,28.5,2.46,29.62,1.0,0.546,0.0,observed_and_verified_proxy
2016-04-01,2016,4,2,Kollam,South,8.89,76.6,Oil Sardine,678.5,2727.1,248.8,29.85,34.26,1.85,0.35,58.5,3.14,29.91,1.05,0.267,0.0,observed_and_verified_proxy
2016-04-01,2016,4,2,Kollam,South,8.89,76.6,Indian Mackerel,1174.29,2727.1,430.61,29.85,34.26,1.85,0.35,58.5,3.14,29.91,1.05,0.325,0.0,observed_and_verified_proxy
2016-04-01,2016,4,2,Kollam,South,8.89,76.6,Seer Fish,393.97,2727.1,144.47,29.85,34.26,1.85,0.35,58.5,3.14,29.91,1.05,0.204,0.0,observed_and_verified_proxy
2016-04-01,2016,4,2,Kollam,South,8.89,76.6,Tuna,471.64,2727.1,172.95,29.85,34.26,1.85,0.35,58.5,3.14,29.91,1.05,0.225,0.0,observed_and_verified_proxy
2016-05-01,2016,5,2,Kollam,South,8.89,76.6,Oil Sardine,772.04,2568.4,300.59,29.77,33.34,2.97,0.65,278.4,4.38,28.62,1.36,0.265,0.0,observed_and_verified_proxy
2016-05-01,2016,5,2,Kollam,South,8.89,76.6,Indian Mackerel,1057.03,2568.4,411.55,29.77,33.34,2.97,0.65,278.4,4.38,28.62,1.36,0.297,0.0,observed_and_verified_proxy
2016-05-01,2016,5,2,Kollam,South,8.89,76.6,Seer Fish,396.68,2568.4,154.45,29.77,33.34,2.97,0.65,278.4,4.38,28.62,1.36,0.193,0.0,observed_and_verified_proxy
2016-05-01,2016,5,2,Kollam,South,8.89,76.6,Tuna,514.9,2568.4,200.48,29.77,33.34,2.97,0.65,278.4,4.38,28.62,1.36,0.222,0.0,observed_and_verified_proxy
2016-06-01,2016,6,2,Kollam,South,8.89,76.6,Oil Sardine,891.16,2593.4,343.63,28.91,33.25,3.84,0.95,300.3,5.78,26.87,2.21,0.283,0.0,observed_and_verified_proxy
2016-06-01,2016,6,2,Kollam,South,8.89,76.6,Indian Mackerel,1057.11,2593.4,407.62,28.91,33.25,3.84,0.95,300.3,5.78,26.87,2.21,0.299,0.0,observed_and_verified_proxy
2016-06-01,2016,6,2,Kollam,South,8.89,76.6,Seer Fish,392.22,2593.4,151.24,28.91,33.25,3.84,0.95,300.3,5.78,26.87,2.21,0.194,0.0,observed_and_verified_proxy
2016-06-01,2016,6,2,Kollam,South,8.89,76.6,Tuna,468.79,2593.4,180.77,28.91,33.25,3.84,0.95,300.3,5.78,26.87,2.21,0.213,0.0,observed_and_verified_proxy
2016-07-01,2016,7,3,Kollam,South,8.89,76.6,Oil Sardine,1421.79,3403.3,417.77,27.27,33.99,3.75,1.0,123.3,5.31,25.86,2.8,0.428,0.0,observed_and_verified_proxy
2016-07-01,2016,7,3,Kollam,South,8.89,76.6,Indian Mackerel,1539.83,3403.3,452.46,27.27,33.99,3.75,1.0,123.3,5.31,25.86,2.8,0.437,0.0,observed_and_verified_proxy
2016-07-01,2016,7,3,Kollam,South,8.89,76.6,Seer Fish,783.62,3403.3,230.26,27.27,33.99,3.75,1.0,123.3,5.31,25.86,2.8,0.353,0.0,observed_and_verified_proxy
2016-07-01,2016,7,3,Kollam,South,8.89,76.6,Tuna,703.11,3403.3,206.6,27.27,33.99,3.75,1.0,123.3,5.31,25.86,2.8,0.338,0.0,observed_and_verified_proxy
2016-08-01,2016,8,3,Kollam,South,8.89,76.6,Oil Sardine,1404.62,3202.1,438.66,26.55,34.27,3.39,0.9,54.0,5.8,26.05,2.21,0.402,0.0,observed_and_verified_proxy
2016-08-01,2016,8,3,Kollam,South,8.89,76.6,Indian Mackerel,1625.17,3202.1,507.54,26.55,34.27,3.39,0.9,54.0,5.8,26.05,2.21,0.416,0.0,observed_and_verified_proxy
2016-08-01,2016,8,3,Kollam,South,8.89,76.6,Seer Fish,768.24,3202.1,239.92,26.55,34.27,3.39,0.9,54.0,5.8,26.05,2.21,0.33,0.0,observed_and_verified_proxy
2016-08-01,2016,8,3,Kollam,South,8.89,76.6,Tuna,739.3,3202.1,230.88,26.55,34.27,3.39,0.9,54.0,5.8,26.05,2.21,0.325,0.0,observed_and_verified_proxy
2016-09-01,2016,9,3,Kollam,South,8.89,76.6,Oil Sardine,1216.79,3551.1,342.65,26.93,34.43,2.5,0.6,17.7,5.73,26.09,1.36,0.428,0.0,observed_and_verified_proxy
2016-09-01,2016,9,3,Kollam,South,8.89,76.6,Indian Mackerel,1644.09,3551.1,462.98,26.93,34.43,2.5,0.6,17.7,5.73,26.09,1.36,0.463,0.0,observed_and_verified_proxy
2016-09-01,2016,9,3,Kollam,South,8.89,76.6,Seer Fish,836.16,3551.1,235.47,26.93,34.43,2.5,0.6,17.7,5.73,26.09,1.36,0.378,0.0,observed_and_verified_proxy
2016-09-01,2016,9,3,Kollam,South,8.89,76.6,Tuna,750.34,3551.1,211.3,26.93,34.43,2.5,0.6,17.7,5.73,26.09,1.36,0.362,0.002,observed_and_verified_proxy
2016-10-01,2016,10,4,Kollam,South,8.89,76.6,Oil Sardine,1442.12,5306.4,271.77,27.07,34.17,1.74,0.3,78.3,4.36,26.82,1.05,0.67,0.267,observed_and_verified_proxy
2016-10-01,2016,10,4,Kollam,South,8.89,76.6,Indian Mackerel,2611.81,5306.4,492.2,27.07,34.17,1.74,0.3,78.3,4.36,26.82,1.05,0.757,0.0,observed_and_verified_proxy
2016-10-01,2016,10,4,Kollam,South,8.89,76.6,Seer Fish,1103.48,5306.4,207.95,27.07,34.17,1.74,0.3,78.3,4.36,26.82,1.05,0.621,0.345,observed_and_verified_proxy
2016-10-01,2016,10,4,Kollam,South,8.89,76.6,Tuna,1787.17,5306.4,336.8,27.07,34.17,1.74,0.3,78.3,4.36,26.82,1.05,0.705,0.168,observed_and_verified_proxy
2016-11-01,2016,11,4,Kollam,South,8.89,76.6,Oil Sardine,1192.85,5214.6,228.75,27.14,33.93,1.31,0.12,137.1,2.33,27.08,1.0,0.625,0.304,observed_and_verified_proxy
2016-11-01,2016,11,4,Kollam,South,8.89,76.6,Indian Mackerel,2710.81,5214.6,519.85,27.14,33.93,1.31,0.12,137.1,2.33,27.08,1.0,0.749,0.0,observed_and_verified_proxy
2016-11-01,2016,11,4,Kollam,South,8.89,76.6,Seer Fish,1133.68,5214.6,217.41,27.14,33.93,1.31,0.12,137.1,2.33,27.08,1.0,0.615,0.317,observed_and_verified_proxy
2016-11-01,2016,11,4,Kollam,South,8.89,76.6,Tuna,1840.79,5214.6,353.01,27.14,33.93,1.31,0.12,137.1,2.33,27.08,1.0,0.697,0.122,observed_and_verified_proxy
2016-12-01,2016,12,4,Kollam,South,8.89,76.6,Oil Sardine,1200.89,5406.5,222.12,27.51,34.41,1.0,0.06,22.8,3.24,27.3,1.0,0.649,0.35,observed_and_verified_proxy
2016-12-01,2016,12,4,Kollam,South,8.89,76.6,Indian Mackerel,2741.97,5406.5,507.16,27.51,34.41,1.0,0.06,22.8,3.24,27.3,1.0,0.778,0.0,observed_and_verified_proxy
2016-12-01,2016,12,4,Kollam,South,8.89,76.6,Seer Fish,1185.29,5406.5,219.24,27.51,34.41,1.0,0.06,22.8,3.24,27.3,1.0,0.647,0.353,observed_and_verified_proxy
2016-12-01,2016,12,4,Kollam,South,8.89,76.6,Tuna,1823.42,5406.5,337.27,27.51,34.41,1.0,0.06,22.8,3.24,27.3,1.0,0.722,0.189,observed_and_verified_proxy
2016-01-01,2016,1,1,Kannur,North,11.87,75.37,Oil Sardine,691.16,3182.8,217.15,28.14,34.49,0.94,0.05,2.7,2.3,26.9,1.0,0.4,0.037,observed_and_verified_proxy
2016-01-01,2016,1,1,Kannur,North,11.87,75.37,Indian Mackerel,1646.58,3182.8,517.34,28.14,34.49,0.94,0.05,2.7,2.3,26.9,1.0,0.528,0.0,observed_and_verified_proxy
2016-01-01,2016,1,1,Kannur,North,11.87,75.37,Seer Fish,505.2,3182.8,158.73,28.14,34.49,0.94,0.05,2.7,2.3,26.9,1.0,0.346,0.097,observed_and_verified_proxy
2016-01-01,2016,1,1,Kannur,North,11.87,75.37,Tuna,1054.63,3182.8,331.35,28.14,34.49,0.94,0.05,2.7,2.3,26.9,1.0,0.467,0.0,observed_and_verified_proxy
2016-02-01,2016,2,1,Kannur,North,11.87,75.37,Oil Sardine,682.42,3524.0,193.65,28.86,34.48,1.09,0.1,6.0,2.56,28.45,1.0,0.44,0.142,observed_and_verified_proxy
2016-02-01,2016,2,1,Kannur,North,11.87,75.37,Indian Mackerel,1498.01,3524.0,425.09,28.86,34.48,1.09,0.1,6.0,2.56,28.45,1.0,0.572,0.0,observed_and_verified_proxy
2016-02-01,2016,2,1,Kannur,North,11.87,75.37,Seer Fish,515.77,3524.0,146.36,28.86,34.48,1.09,0.1,6.0,2.56,28.45,1.0,0.387,0.178,observed_and_verified_proxy
2016-02-01,2016,2,1,Kannur,North,11.87,75.37,Tuna,1046.03,3524.0,296.83,28.86,34.48,1.09,0.1,6.0,2.56,28.45,1.0,0.516,0.011,observed_and_verified_proxy
2016-03-01,2016,3,1,Kannur,North,11.87,75.37,Oil Sardine,787.85,3657.6,215.4,29.49,34.46,1.37,0.2,10.5,2.52,29.4,1.0,0.484,0.151,observed_and_verified_proxy
2016-03-01,2016,3,1,Kannur,North,11.87,75.37,Indian Mackerel,1541.39,3657.6,421.43,29.49,34.46,1.37,0.2,10.5,2.52,29.4,1.0,0.598,0.0,observed_and_verified_proxy
2016-03-01,2016,3,1,Kannur,North,11.87,75.37,Seer Fish,526.37,3657.6,143.91,29.49,34.46,1.37,0.2,10.5,2.52,29.4,1.0,0.406,0.208,observed_and_verified_proxy
2016-03-01,2016,3,1,Kannur,North,11.87,75.37,Tuna,1115.77,3657.6,305.06,29.49,34.46,1.37,0.2,10.5,2.52,29.4,1.0,0.547,0.033,observed_and_verified_proxy
2016-04-01,2016,4,2,Kannur,North,11.87,75.37,Oil Sardine,526.85,2139.0,246.31,29.85,34.4,1.81,0.35,23.1,2.88,29.81,1.05,0.238,0.0,observed_and_verified_proxy
2016-04-01,2016,4,2,Kannur,North,11.87,75.37,Indian Mackerel,953.91,2139.0,445.97,29.85,34.4,1.81,0.35,23.1,2.88,29.81,1.05,0.304,0.0,observed_and_verified_proxy
2016-04-01,2016,4,2,Kannur,North,11.87,75.37,Seer Fish,305.51,2139.0,142.83,29.85,34.4,1.81,0.35,23.1,2.88,29.81,1.05,0.176,0.0,observed_and_verified_proxy
2016-04-01,2016,4,2,Kannur,North,11.87,75.37,Tuna,397.09,2139.0,185.65,29.85,34.4,1.81,0.35,23.1,2.88,29.81,1.05,0.205,0.0,observed_and_verified_proxy
2016-05-01,2016,5,2,Kannur,North,11.87,75.37,Oil Sardine,656.83,2187.5,300.27,29.77,33.78,2.84,0.65,172.2,3.22,28.79,1.36,0.269,0.0,observed_and_verified_proxy
2016-05-01,2016,5,2,Kannur,North,11.87,75.37,Indian Mackerel,898.78,2187.5,410.88,29.77,33.78,2.84,0.65,172.2,3.22,28.79,1.36,0.304,0.0,observed_and_verified_proxy
2016-05-01,2016,5,2,Kannur,North,11.87,75.37,Seer Fish,312.93,2187.5,143.06,29.77,33.78,2.84,0.65,172.2,3.22,28.79,1.36,0.182,0.0,observed_and_verified_proxy
2016-05-01,2016,5,2,Kannur,North,11.87,75.37,Tuna,389.63,2187.5,178.12,29.77,33.78,2.84,0.65,172.2,3.22,28.79,1.36,0.207,0.0,observed_and_verified_proxy
2016-06-01,2016,6,2,Kannur,North,11.87,75.37,Oil Sardine,768.53,1996.3,384.97,28.91,32.34,4.11,0.95,519.0,3.89,26.51,2.21,0.262,0.0,observed_and_verified_proxy
2016-06-01,2016,6,2,Kannur,North,11.87,75.37,Indian Mackerel,845.68,1996.3,423.62,28.91,32.34,4.11,0.95,519.0,3.89,26.51,2.21,0.272,0.0,observed_and_verified_proxy
2016-06-01,2016,6,2,Kannur,North,11.87,75.37,Seer Fish,325.89,1996.3,163.24,28.91,32.34,4.11,0.95,519.0,3.89,26.51,2.21,0.171,0.0,observed_and_verified_proxy
2016-06-01,2016,6,2,Kannur,North,11.87,75.37,Tuna,373.98,1996.3,187.34,28.91,32.34,4.11,0.95,519.0,3.89,26.51,2.21,0.185,0.0,observed_and_verified_proxy
2016-07-01,2016,7,3,Kannur,North,11.87,75.37,Oil Sardine,1099.97,2647.0,415.55,27.27,32.67,4.15,1.0,440.1,3.67,25.35,2.8,0.394,0.0,observed_and_verified_proxy
2016-07-01,2016,7,3,Kannur,North,11.87,75.37,Indian Mackerel,1243.2,2647.0,469.66,27.27,32.67,4.15,1.0,440.1,3.67,25.35,2.8,0.409,0.0,observed_and_verified_proxy
2016-07-01,2016,7,3,Kannur,North,11.87,75.37,Seer Fish,666.62,2647.0,251.84,27.27,32.67,4.15,1.0,440.1,3.67,25.35,2.8,0.327,0.0,observed_and_verified_proxy
2016-07-01,2016,7,3,Kannur,North,11.87,75.37,Tuna,567.12,2647.0,214.25,27.27,32.67,4.15,1.0,440.1,3.67,25.35,2.8,0.304,0.0,observed_and_verified_proxy
2016-08-01,2016,8,3,Kannur,North,11.87,75.37,Oil Sardine,1073.6,2544.3,421.97,26.55,33.58,3.6,0.9,222.0,3.74,25.4,2.21,0.376,0.0,observed_and_verified_proxy
2016-08-01,2016,8,3,Kannur,North,11.87,75.37,Indian Mackerel,1235.74,2544.3,485.7,26.55,33.58,3.6,0.9,222.0,3.74,25.4,2.21,0.392,0.0,observed_and_verified_proxy
2016-08-01,2016,8,3,Kannur,North,11.87,75.37,Seer Fish,625.8,2544.3,245.97,26.55,33.58,3.6,0.9,222.0,3.74,25.4,2.21,0.306,0.0,observed_and_verified_proxy
2016-08-01,2016,8,3,Kannur,North,11.87,75.37,Tuna,578.21,2544.3,227.26,26.55,33.58,3.6,0.9,222.0,3.74,25.4,2.21,0.295,0.0,observed_and_verified_proxy
2016-09-01,2016,9,3,Kannur,North,11.87,75.37,Oil Sardine,881.48,2523.0,349.38,26.93,34.16,2.58,0.6,82.2,3.29,25.06,1.36,0.348,0.0,observed_and_verified_proxy
2016-09-01,2016,9,3,Kannur,North,11.87,75.37,Indian Mackerel,1312.91,2523.0,520.37,26.93,34.16,2.58,0.6,82.2,3.29,25.06,1.36,0.395,0.0,observed_and_verified_proxy
2016-09-01,2016,9,3,Kannur,North,11.87,75.37,Seer Fish,611.24,2523.0,242.26,26.93,34.16,2.58,0.6,82.2,3.29,25.06,1.36,0.3,0.0,observed_and_verified_proxy
2016-09-01,2016,9,3,Kannur,North,11.87,75.37,Tuna,587.55,2523.0,232.88,26.93,34.16,2.58,0.6,82.2,3.29,25.06,1.36,0.295,0.0,observed_and_verified_proxy
2016-10-01,2016,10,4,Kannur,North,11.87,75.37,Oil Sardine,1066.18,4097.0,260.24,27.07,34.33,1.69,0.3,40.2,2.58,25.91,1.05,0.604,0.206,observed_and_verified_proxy
2016-10-01,2016,10,4,Kannur,North,11.87,75.37,Indian Mackerel,1902.07,4097.0,464.26,27.07,34.33,1.69,0.3,40.2,2.58,25.91,1.05,0.702,0.0,observed_and_verified_proxy
2016-10-01,2016,10,4,Kannur,North,11.87,75.37,Seer Fish,903.75,4097.0,220.59,27.07,34.33,1.69,0.3,40.2,2.58,25.91,1.05,0.571,0.252,observed_and_verified_proxy
2016-10-01,2016,10,4,Kannur,North,11.87,75.37,Tuna,1360.08,4097.0,331.97,27.07,34.33,1.69,0.3,40.2,2.58,25.91,1.05,0.648,0.105,observed_and_verified_proxy
2016-11-01,2016,11,4,Kannur,North,11.87,75.37,Oil Sardine,941.87,4165.7,226.1,27.14,34.29,1.2,0.12,50.7,2.08,26.65,1.0,0.589,0.263,observed_and_verified_proxy
2016-11-01,2016,11,4,Kannur,North,11.87,75.37,Indian Mackerel,2117.92,4165.7,508.42,27.14,34.29,1.2,0.12,50.7,2.08,26.65,1.0,0.729,0.0,observed_and_verified_proxy
2016-11-01,2016,11,4,Kannur,North,11.87,75.37,Seer Fish,887.33,4165.7,213.01,27.14,34.29,1.2,0.12,50.7,2.08,26.65,1.0,0.577,0.276,observed_and_verified_proxy
2016-11-01,2016,11,4,Kannur,North,11.87,75.37,Tuna,1383.1,4165.7,332.02,27.14,34.29,1.2,0.12,50.7,2.08,26.65,1.0,0.662,0.123,observed_and_verified_proxy
2016-12-01,2016,12,4,Kannur,North,11.87,75.37,Oil Sardine,952.08,4143.3,229.79,27.51,34.33,1.02,0.06,41.7,2.43,26.52,1.0,0.588,0.254,observed_and_verified_proxy
2016-12-01,2016,12,4,Kannur,North,11.87,75.37,Indian Mackerel,2043.28,4143.3,493.15,27.51,34.33,1.02,0.06,41.7,2.43,26.52,1.0,0.721,0.0,observed_and_verified_proxy
2016-12-01,2016,12,4,Kannur,North,11.87,75.37,Seer Fish,941.47,4143.3,227.23,27.51,34.33,1.02,0.06,41.7,2.43,26.52,1.0,0.586,0.257,observed_and_verified_proxy
2016-12-01,2016,12,4,Kannur,North,11.87,75.37,Tuna,1453.18,4143.3,350.73,27.51,34.33,1.02,0.06,41.7,2.43,26.52,1.0,0.667,0.088,observed_and_verified_proxy
2016-01-01,2016,1,1,Thiruvananthapuram,South,8.52,76.94,Oil Sardine,560.89,2944.3,190.5,28.14,34.5,0.94,0.05,0.6,3.59,25.59,1.0,0.412,0.112,observed_and_verified_proxy
2016-01-01,2016,1,1,Thiruvananthapuram,South,8.52,76.94,Indian Mackerel,1241.54,2944.3,421.67,28.14,34.5,0.94,0.05,0.6,3.59,25.59,1.0,0.555,0.0,observed_and_verified_proxy
2016-01-01,2016,1,1,Thiruvananthapuram,South,8.52,76.94,Seer Fish,432.84,2944.3,147.01,28.14,34.5,0.94,0.05,0.6,3.59,25.59,1.0,0.361,0.143,observed_and_verified_proxy
2016-01-01,2016,1,1,Thiruvananthapuram,South,8.52,76.94,Tuna,920.42,2944.3,312.61,28.14,34.5,0.94,0.05,0.6,3.59,25.59,1.0,0.505,0.0,observed_and_verified_proxy
2016-02-01,2016,2,1,Thiruvananthapuram,South,8.52,76.94,Oil Sardine,558.16,2747.0,203.19,28.86,34.35,1.12,0.1,35.1,2.91,27.53,1.0,0.383,0.047,observed_and_verified_proxy
2016-02-01,2016,2,1,Thiruvananthapuram,South,8.52,76.94,Indian Mackerel,1241.52,2747.0,451.96,28.86,34.35,1.12,0.1,35.1,2.91,27.53,1.0,0.518,0.0,observed_and_verified_proxy
2016-02-01,2016,2,1,Thiruvananthapuram,South,8.52,76.94,Seer Fish,407.38,2747.0,148.3,28.86,34.35,1.12,0.1,35.1,2.91,27.53,1.0,0.326,0.095,observed_and_verified_proxy
2016-02-01,2016,2,1,Thiruvananthapuram,South,8.52,76.94,Tuna,921.61,2747.0,335.5,28.86,34.35,1.12,0.1,35.1,2.91,27.53,1.0,0.471,0.0,observed_and_verified_proxy
2016-03-01,2016,3,1,Thiruvananthapuram,South,8.52,76.94,Oil Sardine,660.86,2834.3,233.16,29.49,34.38,1.4,0.2,28.5,2.46,29.62,1.0,0.427,0.037,observed_and_verified_proxy
2016-03-01,2016,3,1,Thiruvananthapuram,South,8.52,76.94,Indian Mackerel,1271.8,2834.3,448.71,29.49,34.38,1.4,0.2,28.5,2.46,29.62,1.0,0.538,0.0,observed_and_verified_proxy
2016-03-01,2016,3,1,Thiruvananthapuram,South,8.52,76.94,Seer Fish,417.32,2834.3,147.24,29.49,34.38,1.4,0.2,28.5,2.46,29.62,1.0,0.341,0.116,observed_and_verified_proxy
2016-03-01,2016,3,1,Thiruvananthapuram,South,8.52,76.94,Tuna,898.11,2834.3,316.87,29.49,34.38,1.4,0.2,28.5,2.46,29.62,1.0,0.482,0.0,observed_and_verified_proxy
2016-04-01,2016,4,2,Thiruvananthapuram,South,8.52,76.94,Oil Sardine,417.26,1684.2,247.75,29.85,34.26,1.85,0.35,58.5,3.14,29.91,1.05,0.203,0.0,observed_and_verified_proxy
2016-04-01,2016,4,2,Thiruvananthapuram,South,8.52,76.94,Indian Mackerel,779.49,1684.2,462.82,29.85,34.26,1.85,0.35,58.5,3.14,29.91,1.05,0.271,0.0,observed_and_verified_proxy
2016-04-01,2016,4,2,Thiruvananthapuram,South,8.52,76.94,Seer Fish,255.93,1684.2,151.96,29.85,34.26,1.85,0.35,58.5,3.14,29.91,1.05,0.151,0.0,observed_and_verified_proxy
2016-04-01,2016,4,2,Thiruvananthapuram,South,8.52,76.94,Tuna,307.65,1684.2,182.67,29.85,34.26,1.85,0.35,58.5,3.14,29.91,1.05,0.17,0.0,observed_and_verified_proxy
2016-05-01,2016,5,2,Thiruvananthapuram,South,8.52,76.94,Oil Sardine,508.75,1880.3,270.56,29.77,33.34,2.97,0.65,278.4,4.38,28.62,1.36,0.251,0.0,observed_and_verified_proxy
2016-05-01,2016,5,2,Thiruvananthapuram,South,8.52,76.94,Indian Mackerel,701.25,1880.3,372.94,29.77,33.34,2.97,0.65,278.4,4.38,28.62,1.36,0.29,0.0,observed_and_verified_proxy
2016-05-01,2016,5,2,Thiruvananthapuram,South,8.52,76.94,Seer Fish,264.78,1880.3,140.82,29.77,33.34,2.97,0.65,278.4,4.38,28.62,1.36,0.172,0.0,observed_and_verified_proxy
2016-05-01,2016,5,2,Thiruvananthapuram,South,8.52,76.94,Tuna,302.17,1880.3,160.7,29.77,33.34,2.97,0.65,278.4,4.38,28.62,1.36,0.187,0.0,observed_and_verified_proxy
2016-06-01,2016,6,2,Thiruvananthapuram,South,8.52,76.94,Oil Sardine,576.67,1857.5,310.46,28.91,33.25,3.84,0.95,300.3,5.78,26.87,2.21,0.263,0.0,observed_and_verified_proxy
2016-06-01,2016,6,2,Thiruvananthapuram,South,8.52,76.94,Indian Mackerel,680.38,1857.5,366.29,28.91,33.25,3.84,0.95,300.3,5.78,26.87,2.21,0.283,0.0,observed_and_verified_proxy
2016-06-01,2016,6,2,Thiruvananthapuram,South,8.52,76.94,Seer Fish,268.3,1857.5,144.44,28.91,33.25,3.84,0.95,300.3,5.78,26.87,2.21,0.172,0.0,observed_and_verified_proxy
2016-06-01,2016,6,2,Thiruvananthapuram,South,8.52,76.94,Tuna,331.77,1857.5,178.61,28.91,33.25,3.84,0.95,300.3,5.78,26.87,2.21,0.196,0.0,observed_and_verified_proxy
2016-07-01,2016,7,3,Thiruvananthapuram,South,8.52,76.94,Oil Sardine,968.75,2097.2,461.92,27.27,33.99,3.75,1.0,123.3,5.31,25.86,2.8,0.366,0.0,observed_and_verified_proxy
2016-07-01,2016,7,3,Thiruvananthapuram,South,8.52,76.94,Indian Mackerel,985.96,2097.2,470.12,27.27,33.99,3.75,1.0,123.3,5.31,25.86,2.8,0.368,0.0,observed_and_verified_proxy
2016-07-01,2016,7,3,Thiruvananthapuram,South,8.52,76.94,Seer Fish,517.73,2097.2,246.86,27.27,33.99,3.75,1.0,123.3,5.31,25.86,2.8,0.282,0.0,observed_and_verified_proxy
2016-07-01,2016,7,3,Thiruvananthapuram,South,8.52,76.94,Tuna,468.26,2097.2,223.27,27.27,33.99,3.75,1.0,123.3,5.31,25.86,2.8,0.268,0.0,observed_and_verified_proxy
2016-08-01,2016,8,3,Thiruvananthapuram,South,8.52,76.94,Oil Sardine,849.76,1979.0,429.39,26.55,34.27,3.39,0.9,54.0,5.8,26.05,2.21,0.33,0.0,observed_and_verified_proxy
2016-08-01,2016,8,3,Thiruvananthapuram,South,8.52,76.94,Indian Mackerel,1005.33,1979.0,507.99,26.55,34.27,3.39,0.9,54.0,5.8,26.05,2.21,0.35,0.0,observed_and_verified_proxy
2016-08-01,2016,8,3,Thiruvananthapuram,South,8.52,76.94,Seer Fish,538.43,1979.0,272.07,26.55,34.27,3.39,0.9,54.0,5.8,26.05,2.21,0.271,0.0,observed_and_verified_proxy
2016-08-01,2016,8,3,Thiruvananthapuram,South,8.52,76.94,Tuna,465.88,1979.0,235.41,26.55,34.27,3.39,0.9,54.0,5.8,26.05,2.21,0.253,0.0,observed_and_verified_proxy
2016-09-01,2016,9,3,Thiruvananthapuram,South,8.52,76.94,Oil Sardine,757.43,2202.0,343.98,26.93,34.43,2.5,0.6,17.7,5.73,26.09,1.36,0.351,0.0,observed_and_verified_proxy
2016-09-01,2016,9,3,Thiruvananthapuram,South,8.52,76.94,Indian Mackerel,1126.74,2202.0,511.7,26.93,34.43,2.5,0.6,17.7,5.73,26.09,1.36,0.403,0.0,observed_and_verified_proxy
2016-09-01,2016,9,3,Thiruvananthapuram,South,8.52,76.94,Seer Fish,522.34,2202.0,237.22,26.93,34.43,2.5,0.6,17.7,5.73,26.09,1.36,0.298,0.0,observed_and_verified_proxy
2016-09-01,2016,9,3,Thiruvananthapuram,South,8.52,76.94,Tuna,492.56,2202.0,223.69,26.93,34.43,2.5,0.6,17.7,5.73,26.09,1.36,0.289,0.0,observed_and_verified_proxy
2016-10-01,2016,10,4,Thiruvananthapuram,South,8.52,76.94,Oil Sardine,877.65,3370.8,260.37,27.07,34.17,1.74,0.3,78.3,4.36,26.82,1.05,0.568,0.16,observed_and_verified_proxy
2016-10-01,2016,10,4,Thiruvananthapuram,South,8.52,76.94,Indian Mackerel,1639.7,3370.8,486.44,27.07,34.17,1.74,0.3,78.3,4.36,26.82,1.05,0.683,0.0,observed_and_verified_proxy
2016-10-01,2016,10,4,Thiruvananthapuram,South,8.52,76.94,Seer Fish,736.84,3370.8,218.59,27.07,34.17,1.74,0.3,78.3,4.36,26.82,1.05,0.531,0.205,observed_and_verified_proxy
2016-10-01,2016,10,4,Thiruvananthapuram,South,8.52,76.94,Tuna,1198.84,3370.8,355.65,27.07,34.17,1.74,0.3,78.3,4.36,26.82,1.05,0.629,0.028,observed_and_verified_proxy
2016-11-01,2016,11,4,Thiruvananthapuram,South,8.52,76.94,Oil Sardine,760.42,3537.8,214.94,27.14,33.93,1.31,0.12,137.1,2.33,27.08,1.0,0.565,0.256,observed_and_verified_proxy
2016-11-01,2016,11,4,Thiruvananthapuram,South,8.52,76.94,Indian Mackerel,1708.01,3537.8,482.79,27.14,33.93,1.31,0.12,137.1,2.33,27.08,1.0,0.724,0.0,observed_and_verified_proxy
2016-11-01,2016,11,4,Thiruvananthapuram,South,8.52,76.94,Seer Fish,757.0,3537.8,213.97,27.14,33.93,1.31,0.12,137.1,2.33,27.08,1.0,0.564,0.257,observed_and_verified_proxy
2016-11-01,2016,11,4,Thiruvananthapuram,South,8.52,76.94,Tuna,1163.62,3537.8,328.91,27.14,33.93,1.31,0.12,137.1,2.33,27.08,1.0,0.655,0.12,observed_and_verified_proxy
2016-12-01,2016,12,4,Thiruvananthapuram,South,8.52,76.94,Oil Sardine,741.96,3326.6,223.04,27.51,34.41,1.0,0.06,22.8,3.24,27.3,1.0,0.526,0.188,observed_and_verified_proxy
2016-12-01,2016,12,4,Thiruvananthapuram,South,8.52,76.94,Indian Mackerel,1696.53,3326.6,510.0,27.51,34.41,1.0,0.06,22.8,3.24,27.3,1.0,0.68,0.0,observed_and_verified_proxy
2016-12-01,2016,12,4,Thiruvananthapuram,South,8.52,76.94,Seer Fish,740.25,3326.6,222.53,27.51,34.41,1.0,0.06,22.8,3.24,27.3,1.0,0.525,0.188,observed_and_verified_proxy
2016-12-01,2016,12,4,Thiruvananthapuram,South,8.52,76.94,Tuna,1192.47,3326.6,358.47,27.51,34.41,1.0,0.06,22.8,3.24,27.3,1.0,0.62,0.009,observed_and_verified_proxy
2016-01-01,2016,1,1,Malappuram,North,11.07,76.07,Oil Sardine,457.14,2168.2,210.84,28.14,34.49,0.94,0.05,2.7,2.3,26.9,1.0,0.352,0.0,observed_and_verified_proxy
2016-01-01,2016,1,1,Malappuram,North,11.07,76.07,Indian Mackerel,1045.0,2168.2,481.97,28.14,34.49,0.94,0.05,2.7,2.3,26.9,1.0,0.499,0.0,observed_and_verified_proxy
2016-01-01,2016,1,1,Malappuram,North,11.07,76.07,Seer Fish,332.01,2168.2,153.13,28.14,34.49,0.94,0.05,2.7,2.3,26.9,1.0,0.294,0.042,observed_and_verified_proxy
2016-01-01,2016,1,1,Malappuram,North,11.07,76.07,Tuna,699.44,2168.2,322.6,28.14,34.49,0.94,0.05,2.7,2.3,26.9,1.0,0.43,0.0,observed_and_verified_proxy
2016-02-01,2016,2,1,Malappuram,North,11.07,76.07,Oil Sardine,438.43,2031.2,215.85,28.86,34.48,1.09,0.1,6.0,2.56,28.45,1.0,0.323,0.0,observed_and_verified_proxy
2016-02-01,2016,2,1,Malappuram,North,11.07,76.07,Indian Mackerel,1037.33,2031.2,510.7,28.86,34.48,1.09,0.1,6.0,2.56,28.45,1.0,0.466,0.0,observed_and_verified_proxy
2016-02-01,2016,2,1,Malappuram,North,11.07,76.07,Seer Fish,327.58,2031.2,161.27,28.86,34.48,1.09,0.1,6.0,2.56,28.45,1.0,0.273,0.0,observed_and_verified_proxy
2016-02-01,2016,2,1,Malappuram,North,11.07,76.07,Tuna,665.48,2031.2,327.63,28.86,34.48,1.09,0.1,6.0,2.56,28.45,1.0,0.394,0.0,observed_and_verified_proxy
2016-03-01,2016,3,1,Malappuram,North,11.07,76.07,Oil Sardine,497.28,2144.5,231.88,29.49,34.46,1.37,0.2,10.5,2.52,29.4,1.0,0.364,0.0,observed_and_verified_proxy
2016-03-01,2016,3,1,Malappuram,North,11.07,76.07,Indian Mackerel,1007.14,2144.5,469.63,29.49,34.46,1.37,0.2,10.5,2.52,29.4,1.0,0.487,0.0,observed_and_verified_proxy
2016-03-01,2016,3,1,Malappuram,North,11.07,76.07,Seer Fish,317.11,2144.5,147.87,29.49,34.46,1.37,0.2,10.5,2.52,29.4,1.0,0.283,0.039,observed_and_verified_proxy
2016-03-01,2016,3,1,Malappuram,North,11.07,76.07,Tuna,684.15,2144.5,319.02,29.49,34.46,1.37,0.2,10.5,2.52,29.4,1.0,0.421,0.0,observed_and_verified_proxy
2016-04-01,2016,4,2,Malappuram,North,11.07,76.07,Oil Sardine,347.3,1316.8,263.75,29.85,34.4,1.81,0.35,23.1,2.88,29.81,1.05,0.184,0.0,observed_and_verified_proxy
2016-04-01,2016,4,2,Malappuram,North,11.07,76.07,Indian Mackerel,603.83,1316.8,458.57,29.85,34.4,1.81,0.35,23.1,2.88,29.81,1.05,0.245,0.0,observed_and_verified_proxy
2016-04-01,2016,4,2,Malappuram,North,11.07,76.07,Seer Fish,208.15,1316.8,158.08,29.85,34.4,1.81,0.35,23.1,2.88,29.81,1.05,0.132,0.0,observed_and_verified_proxy
2016-04-01,2016,4,2,Malappuram,North,11.07,76.07,Tuna,253.44,1316.8,192.47,29.85,34.4,1.81,0.35,23.1,2.88,29.81,1.05,0.151,0.0,observed_and_verified_proxy
2016-05-01,2016,5,2,Malappuram,North,11.07,76.07,Oil Sardine,418.09,1263.8,330.81,29.77,33.78,2.84,0.65,172.2,3.22,28.79,1.36,0.196,0.0,observed_and_verified_proxy
2016-05-01,2016,5,2,Malappuram,North,11.07,76.07,Indian Mackerel,540.22,1263.8,427.45,29.77,33.78,2.84,0.65,172.2,3.22,28.79,1.36,0.223,0.0,observed_and_verified_proxy
2016-05-01,2016,5,2,Malappuram,North,11.07,76.07,Seer Fish,201.45,1263.8,159.39,29.77,33.78,2.84,0.65,172.2,3.22,28.79,1.36,0.123,0.0,observed_and_verified_proxy
2016-05-01,2016,5,2,Malappuram,North,11.07,76.07,Tuna,255.0,1263.8,201.77,29.77,33.78,2.84,0.65,172.2,3.22,28.79,1.36,0.145,0.0,observed_and_verified_proxy
2016-06-01,2016,6,2,Malappuram,North,11.07,76.07,Oil Sardine,479.22,1353.6,354.02,28.91,32.34,4.11,0.95,519.0,3.89,26.51,2.21,0.225,0.0,observed_and_verified_proxy
2016-06-01,2016,6,2,Malappuram,North,11.07,76.07,Indian Mackerel,539.32,1353.6,398.42,28.91,32.34,4.11,0.95,519.0,3.89,26.51,2.21,0.239,0.0,observed_and_verified_proxy
2016-06-01,2016,6,2,Malappuram,North,11.07,76.07,Seer Fish,190.36,1353.6,140.62,28.91,32.34,4.11,0.95,519.0,3.89,26.51,2.21,0.127,0.0,observed_and_verified_proxy
2016-06-01,2016,6,2,Malappuram,North,11.07,76.07,Tuna,244.34,1353.6,180.5,28.91,32.34,4.11,0.95,519.0,3.89,26.51,2.21,0.151,0.0,observed_and_verified_proxy
2016-07-01,2016,7,3,Malappuram,North,11.07,76.07,Oil Sardine,734.25,1626.6,451.41,27.27,32.67,4.15,1.0,440.1,3.67,25.35,2.8,0.329,0.0,observed_and_verified_proxy
2016-07-01,2016,7,3,Malappuram,North,11.07,76.07,Indian Mackerel,802.88,1626.6,493.6,27.27,32.67,4.15,1.0,440.1,3.67,25.35,2.8,0.341,0.0,observed_and_verified_proxy
2016-07-01,2016,7,3,Malappuram,North,11.07,76.07,Seer Fish,421.16,1626.6,258.92,27.27,32.67,4.15,1.0,440.1,3.67,25.35,2.8,0.253,0.0,observed_and_verified_proxy
2016-07-01,2016,7,3,Malappuram,North,11.07,76.07,Tuna,386.25,1626.6,237.46,27.27,32.67,4.15,1.0,440.1,3.67,25.35,2.8,0.241,0.0,observed_and_verified_proxy
2016-08-01,2016,8,3,Malappuram,North,11.07,76.07,Oil Sardine,708.64,1779.3,398.28,26.55,33.58,3.6,0.9,222.0,3.74,25.4,2.21,0.355,0.0,observed_and_verified_proxy
2016-08-01,2016,8,3,Malappuram,North,11.07,76.07,Indian Mackerel,769.07,1779.3,432.24,26.55,33.58,3.6,0.9,222.0,3.74,25.4,2.21,0.367,0.0,observed_and_verified_proxy
2016-08-01,2016,8,3,Malappuram,North,11.07,76.07,Seer Fish,414.53,1779.3,232.98,26.55,33.58,3.6,0.9,222.0,3.74,25.4,2.21,0.274,0.0,observed_and_verified_proxy
2016-08-01,2016,8,3,Malappuram,North,11.07,76.07,Tuna,352.82,1779.3,198.29,26.55,33.58,3.6,0.9,222.0,3.74,25.4,2.21,0.25,0.0,observed_and_verified_proxy
2016-09-01,2016,9,3,Malappuram,North,11.07,76.07,Oil Sardine,612.67,1760.0,348.1,26.93,34.16,2.58,0.6,82.2,3.29,25.06,1.36,0.33,0.0,observed_and_verified_proxy
2016-09-01,2016,9,3,Malappuram,North,11.07,76.07,Indian Mackerel,820.97,1760.0,466.46,26.93,34.16,2.58,0.6,82.2,3.29,25.06,1.36,0.372,0.0,observed_and_verified_proxy
2016-09-01,2016,9,3,Malappuram,North,11.07,76.07,Seer Fish,418.96,1760.0,238.04,26.93,34.16,2.58,0.6,82.2,3.29,25.06,1.36,0.273,0.0,observed_and_verified_proxy
2016-09-01,2016,9,3,Malappuram,North,11.07,76.07,Tuna,359.96,1760.0,204.52,26.93,34.16,2.58,0.6,82.2,3.29,25.06,1.36,0.251,0.0,observed_and_verified_proxy
2016-10-01,2016,10,4,Malappuram,North,11.07,76.07,Oil Sardine,715.89,2724.4,262.77,27.07,34.33,1.69,0.3,40.2,2.58,25.91,1.05,0.546,0.125,observed_and_verified_proxy
2016-10-01,2016,10,4,Malappuram,North,11.07,76.07,Indian Mackerel,1293.64,2724.4,474.83,27.07,34.33,1.69,0.3,40.2,2.58,25.91,1.05,0.668,0.0,observed_and_verified_proxy
2016-10-01,2016,10,4,Malappuram,North,11.07,76.07,Seer Fish,600.49,2724.4,220.41,27.07,34.33,1.69,0.3,40.2,2.58,25.91,1.05,0.506,0.168,observed_and_verified_proxy
2016-10-01,2016,10,4,Malappuram,North,11.07,76.07,Tuna,913.48,2724.4,335.29,27.07,34.33,1.69,0.3,40.2,2.58,25.91,1.05,0.599,0.033,observed_and_verified_proxy
2016-11-01,2016,11,4,Malappuram,North,11.07,76.07,Oil Sardine,602.68,2818.0,213.87,27.14,34.29,1.2,0.12,50.7,2.08,26.65,1.0,0.524,0.206,observed_and_verified_proxy
2016-11-01,2016,11,4,Malappuram,North,11.07,76.07,Indian Mackerel,1247.59,2818.0,442.73,27.14,34.29,1.2,0.12,50.7,2.08,26.65,1.0,0.684,0.0,observed_and_verified_proxy
2016-11-01,2016,11,4,Malappuram,North,11.07,76.07,Seer Fish,584.85,2818.0,207.54,27.14,34.29,1.2,0.12,50.7,2.08,26.65,1.0,0.517,0.211,observed_and_verified_proxy
2016-11-01,2016,11,4,Malappuram,North,11.07,76.07,Tuna,882.57,2818.0,313.19,27.14,34.29,1.2,0.12,50.7,2.08,26.65,1.0,0.612,0.099,observed_and_verified_proxy
2016-12-01,2016,12,4,Malappuram,North,11.07,76.07,Oil Sardine,604.3,2534.0,238.48,27.51,34.33,1.02,0.06,41.7,2.43,26.52,1.0,0.472,0.083,observed_and_verified_proxy
2016-12-01,2016,12,4,Malappuram,North,11.07,76.07,Indian Mackerel,1347.67,2534.0,531.83,27.51,34.33,1.02,0.06,41.7,2.43,26.52,1.0,0.629,0.0,observed_and_verified_proxy
2016-12-01,2016,12,4,Malappuram,North,11.07,76.07,Seer Fish,584.21,2534.0,230.55,27.51,34.33,1.02,0.06,41.7,2.43,26.52,1.0,0.464,0.091,observed_and_verified_proxy
2016-12-01,2016,12,4,Malappuram,North,11.07,76.07,Tuna,853.35,2534.0,336.76,27.51,34.33,1.02,0.06,41.7,2.43,26.52,1.0,0.543,0.0,observed_and_verified_proxy
2016-01-01,2016,1,1,Thrissur,Central,10.52,76.21,Oil Sardine,298.98,1636.1,182.74,28.14,34.49,0.94,0.05,1.5,2.01,27.28,1.0,0.292,0.0,observed_and_verified_proxy
2016-01-01,2016,1,1,Thrissur,Central,10.52,76.21,Indian Mackerel,738.67,1636.1,451.49,28.14,34.49,0.94,0.05,1.5,2.01,27.28,1.0,0.465,0.0,observed_and_verified_proxy
2016-01-01,2016,1,1,Thrissur,Central,10.52,76.21,Seer Fish,229.9,1636.1,140.52,28.14,34.49,0.94,0.05,1.5,2.01,27.28,1.0,0.245,0.007,observed_and_verified_proxy
2016-01-01,2016,1,1,Thrissur,Central,10.52,76.21,Tuna,491.41,1636.1,300.36,28.14,34.49,0.94,0.05,1.5,2.01,27.28,1.0,0.386,0.0,observed_and_verified_proxy
2016-02-01,2016,2,1,Thrissur,Central,10.52,76.21,Oil Sardine,340.19,1615.7,210.56,28.86,34.24,1.16,0.1,63.0,2.24,28.95,1.0,0.312,0.0,observed_and_verified_proxy
2016-02-01,2016,2,1,Thrissur,Central,10.52,76.21,Indian Mackerel,696.98,1615.7,431.39,28.86,34.24,1.16,0.1,63.0,2.24,28.95,1.0,0.448,0.0,observed_and_verified_proxy
2016-02-01,2016,2,1,Thrissur,Central,10.52,76.21,Seer Fish,227.78,1615.7,140.98,28.86,34.24,1.16,0.1,63.0,2.24,28.95,1.0,0.241,0.0,observed_and_verified_proxy
2016-02-01,2016,2,1,Thrissur,Central,10.52,76.21,Tuna,472.65,1615.7,292.54,28.86,34.24,1.16,0.1,63.0,2.24,28.95,1.0,0.374,0.0,observed_and_verified_proxy
2016-03-01,2016,3,1,Thrissur,Central,10.52,76.21,Oil Sardine,338.46,1417.2,238.82,29.49,34.34,1.41,0.2,37.2,2.65,30.01,1.0,0.272,0.0,observed_and_verified_proxy
2016-03-01,2016,3,1,Thrissur,Central,10.52,76.21,Indian Mackerel,687.27,1417.2,484.95,29.49,34.34,1.41,0.2,37.2,2.65,30.01,1.0,0.391,0.0,observed_and_verified_proxy
2016-03-01,2016,3,1,Thrissur,Central,10.52,76.21,Seer Fish,233.99,1417.2,165.11,29.49,34.34,1.41,0.2,37.2,2.65,30.01,1.0,0.215,0.0,observed_and_verified_proxy
2016-03-01,2016,3,1,Thrissur,Central,10.52,76.21,Tuna,488.89,1417.2,344.97,29.49,34.34,1.41,0.2,37.2,2.65,30.01,1.0,0.334,0.0,observed_and_verified_proxy
2016-04-01,2016,4,2,Thrissur,Central,10.52,76.21,Oil Sardine,251.17,1045.1,240.32,29.85,34.27,1.85,0.35,56.1,3.14,30.08,1.05,0.166,0.0,observed_and_verified_proxy
2016-04-01,2016,4,2,Thrissur,Central,10.52,76.21,Indian Mackerel,406.25,1045.1,388.71,29.85,34.27,1.85,0.35,56.1,3.14,30.08,1.05,0.223,0.0,observed_and_verified_proxy
2016-04-01,2016,4,2,Thrissur,Central,10.52,76.21,Seer Fish,135.58,1045.1,129.72,29.85,34.27,1.85,0.35,56.1,3.14,30.08,1.05,0.106,0.0,observed_and_verified_proxy
2016-04-01,2016,4,2,Thrissur,Central,10.52,76.21,Tuna,167.36,1045.1,160.13,29.85,34.27,1.85,0.35,56.1,3.14,30.08,1.05,0.125,0.0,observed_and_verified_proxy
2016-05-01,2016,5,2,Thrissur,Central,10.52,76.21,Oil Sardine,291.92,901.9,323.66,29.77,33.51,2.92,0.65,237.0,3.68,29.06,1.36,0.158,0.0,observed_and_verified_proxy
2016-05-01,2016,5,2,Thrissur,Central,10.52,76.21,Indian Mackerel,405.93,901.9,450.07,29.77,33.51,2.92,0.65,237.0,3.68,29.06,1.36,0.192,0.0,observed_and_verified_proxy
2016-05-01,2016,5,2,Thrissur,Central,10.52,76.21,Seer Fish,135.15,901.9,149.85,29.77,33.51,2.92,0.65,237.0,3.68,29.06,1.36,0.091,0.0,observed_and_verified_proxy
2016-05-01,2016,5,2,Thrissur,Central,10.52,76.21,Tuna,182.43,901.9,202.27,29.77,33.51,2.92,0.65,237.0,3.68,29.06,1.36,0.115,0.0,observed_and_verified_proxy
2016-06-01,2016,6,2,Thrissur,Central,10.52,76.21,Oil Sardine,334.26,956.1,349.6,28.91,32.51,4.06,0.95,477.9,4.5,27.05,2.21,0.182,0.0,observed_and_verified_proxy
2016-06-01,2016,6,2,Thrissur,Central,10.52,76.21,Indian Mackerel,383.33,956.1,400.92,28.91,32.51,4.06,0.95,477.9,4.5,27.05,2.21,0.198,0.0,observed_and_verified_proxy
2016-06-01,2016,6,2,Thrissur,Central,10.52,76.21,Seer Fish,148.07,956.1,154.86,28.91,32.51,4.06,0.95,477.9,4.5,27.05,2.21,0.104,0.0,observed_and_verified_proxy
2016-06-01,2016,6,2,Thrissur,Central,10.52,76.21,Tuna,178.05,956.1,186.22,28.91,32.51,4.06,0.95,477.9,4.5,27.05,2.21,0.12,0.0,observed_and_verified_proxy
2016-07-01,2016,7,3,Thrissur,Central,10.52,76.21,Oil Sardine,526.47,1098.1,479.44,27.27,32.76,4.12,1.0,417.3,4.02,25.99,2.8,0.268,0.0,observed_and_verified_proxy
2016-07-01,2016,7,3,Thrissur,Central,10.52,76.21,Indian Mackerel,562.9,1098.1,512.61,27.27,32.76,4.12,1.0,417.3,4.02,25.99,2.8,0.277,0.0,observed_and_verified_proxy
2016-07-01,2016,7,3,Thrissur,Central,10.52,76.21,Seer Fish,298.74,1098.1,272.05,27.27,32.76,4.12,1.0,417.3,4.02,25.99,2.8,0.196,0.0,observed_and_verified_proxy
2016-07-01,2016,7,3,Thrissur,Central,10.52,76.21,Tuna,259.84,1098.1,236.62,27.27,32.76,4.12,1.0,417.3,4.02,25.99,2.8,0.179,0.0,observed_and_verified_proxy
2016-08-01,2016,8,3,Thrissur,Central,10.52,76.21,Oil Sardine,466.07,1199.3,388.63,26.55,33.76,3.54,0.9,177.0,4.25,26.07,2.21,0.276,0.0,observed_and_verified_proxy
2016-08-01,2016,8,3,Thrissur,Central,10.52,76.21,Indian Mackerel,577.86,1199.3,481.84,26.55,33.76,3.54,0.9,177.0,4.25,26.07,2.21,0.306,0.0,observed_and_verified_proxy
2016-08-01,2016,8,3,Thrissur,Central,10.52,76.21,Seer Fish,299.8,1199.3,249.98,26.55,33.76,3.54,0.9,177.0,4.25,26.07,2.21,0.214,0.0,observed_and_verified_proxy
2016-08-01,2016,8,3,Thrissur,Central,10.52,76.21,Tuna,262.1,1199.3,218.55,26.55,33.76,3.54,0.9,177.0,4.25,26.07,2.21,0.196,0.0,observed_and_verified_proxy
2016-09-01,2016,9,3,Thrissur,Central,10.52,76.21,Oil Sardine,439.9,1232.1,357.04,26.93,34.25,2.56,0.6,60.6,4.01,25.87,1.36,0.275,0.0,observed_and_verified_proxy
2016-09-01,2016,9,3,Thrissur,Central,10.52,76.21,Indian Mackerel,602.25,1232.1,488.81,26.93,34.25,2.56,0.6,60.6,4.01,25.87,1.36,0.321,0.0,observed_and_verified_proxy
2016-09-01,2016,9,3,Thrissur,Central,10.52,76.21,Seer Fish,282.9,1232.1,229.61,26.93,34.25,2.56,0.6,60.6,4.01,25.87,1.36,0.212,0.0,observed_and_verified_proxy
2016-09-01,2016,9,3,Thrissur,Central,10.52,76.21,Tuna,272.96,1232.1,221.55,26.93,34.25,2.56,0.6,60.6,4.01,25.87,1.36,0.207,0.0,observed_and_verified_proxy
2016-10-01,2016,10,4,Thrissur,Central,10.52,76.21,Oil Sardine,516.0,1984.2,260.05,27.07,33.92,1.81,0.3,139.2,3.11,26.58,1.05,0.48,0.046,observed_and_verified_proxy
2016-10-01,2016,10,4,Thrissur,Central,10.52,76.21,Indian Mackerel,912.3,1984.2,459.78,27.07,33.92,1.81,0.3,139.2,3.11,26.58,1.05,0.61,0.0,observed_and_verified_proxy
2016-10-01,2016,10,4,Thrissur,Central,10.52,76.21,Seer Fish,423.65,1984.2,213.51,27.07,33.92,1.81,0.3,139.2,3.11,26.58,1.05,0.433,0.089,observed_and_verified_proxy
2016-10-01,2016,10,4,Thrissur,Central,10.52,76.21,Tuna,645.12,1984.2,325.12,27.07,33.92,1.81,0.3,139.2,3.11,26.58,1.05,0.532,0.0,observed_and_verified_proxy
2016-11-01,2016,11,4,Thrissur,Central,10.52,76.21,Oil Sardine,424.72,1746.9,243.13,27.14,34.04,1.27,0.12,110.4,2.06,26.99,1.0,0.382,0.0,observed_and_verified_proxy
2016-11-01,2016,11,4,Thrissur,Central,10.52,76.21,Indian Mackerel,952.78,1746.9,545.4,27.14,34.04,1.27,0.12,110.4,2.06,26.99,1.0,0.546,0.0,observed_and_verified_proxy
2016-11-01,2016,11,4,Thrissur,Central,10.52,76.21,Seer Fish,416.25,1746.9,238.28,27.14,34.04,1.27,0.12,110.4,2.06,26.99,1.0,0.378,0.0,observed_and_verified_proxy
2016-11-01,2016,11,4,Thrissur,Central,10.52,76.21,Tuna,608.15,1746.9,348.13,27.14,34.04,1.27,0.12,110.4,2.06,26.99,1.0,0.457,0.0,observed_and_verified_proxy
2016-12-01,2016,12,4,Thrissur,Central,10.52,76.21,Oil Sardine,400.07,1769.6,226.08,27.51,34.39,1.0,0.06,27.0,2.49,27.4,1.0,0.375,0.0,observed_and_verified_proxy
2016-12-01,2016,12,4,Thrissur,Central,10.52,76.21,Indian Mackerel,925.71,1769.6,523.12,27.51,34.39,1.0,0.06,27.0,2.49,27.4,1.0,0.547,0.0,observed_and_verified_proxy
2016-12-01,2016,12,4,Thrissur,Central,10.52,76.21,Seer Fish,426.14,1769.6,240.81,27.51,34.39,1.0,0.06,27.0,2.49,27.4,1.0,0.388,0.0,observed_and_verified_proxy
2016-12-01,2016,12,4,Thrissur,Central,10.52,76.21,Tuna,665.54,1769.6,376.1,27.51,34.39,1.0,0.06,27.0,2.49,27.4,1.0,0.481,0.0,observed_and_verified_proxy
2016-01-01,2016,1,1,Kasaragod,North,12.5,74.99,Oil Sardine,179.62,943.1,190.46,28.14,34.49,0.94,0.05,2.7,2.3,26.9,1.0,0.198,0.0,observed_and_verified_proxy
2016-01-01,2016,1,1,Kasaragod,North,12.5,74.99,Indian Mackerel,428.78,943.1,454.67,28.14,34.49,0.94,0.05,2.7,2.3,26.9,1.0,0.346,0.0,observed_and_verified_proxy
2016-01-01,2016,1,1,Kasaragod,North,12.5,74.99,Seer Fish,142.24,943.1,150.83,28.14,34.49,0.94,0.05,2.7,2.3,26.9,1.0,0.166,0.0,observed_and_verified_proxy
2016-01-01,2016,1,1,Kasaragod,North,12.5,74.99,Tuna,290.34,943.1,307.86,28.14,34.49,0.94,0.05,2.7,2.3,26.9,1.0,0.275,0.0,observed_and_verified_proxy
2016-02-01,2016,2,1,Kasaragod,North,12.5,74.99,Oil Sardine,204.57,853.7,239.62,28.86,34.48,1.09,0.1,6.0,2.56,28.45,1.0,0.197,0.0,observed_and_verified_proxy
2016-02-01,2016,2,1,Kasaragod,North,12.5,74.99,Indian Mackerel,408.08,853.7,478.0,28.86,34.48,1.09,0.1,6.0,2.56,28.45,1.0,0.304,0.0,observed_and_verified_proxy
2016-02-01,2016,2,1,Kasaragod,North,12.5,74.99,Seer Fish,137.88,853.7,161.5,28.86,34.48,1.09,0.1,6.0,2.56,28.45,1.0,0.146,0.0,observed_and_verified_proxy
2016-02-01,2016,2,1,Kasaragod,North,12.5,74.99,Tuna,289.01,853.7,338.52,28.86,34.48,1.09,0.1,6.0,2.56,28.45,1.0,0.248,0.0,observed_and_verified_proxy
2016-03-01,2016,3,1,Kasaragod,North,12.5,74.99,Oil Sardine,202.65,934.8,216.78,29.49,34.46,1.37,0.2,10.5,2.52,29.4,1.0,0.214,0.0,observed_and_verified_proxy
2016-03-01,2016,3,1,Kasaragod,North,12.5,74.99,Indian Mackerel,425.2,934.8,454.84,29.49,34.46,1.37,0.2,10.5,2.52,29.4,1.0,0.341,0.0,observed_and_verified_proxy
2016-03-01,2016,3,1,Kasaragod,North,12.5,74.99,Seer Fish,132.03,934.8,141.24,29.49,34.46,1.37,0.2,10.5,2.52,29.4,1.0,0.155,0.0,observed_and_verified_proxy
2016-03-01,2016,3,1,Kasaragod,North,12.5,74.99,Tuna,282.09,934.8,301.75,29.49,34.46,1.37,0.2,10.5,2.52,29.4,1.0,0.268,0.0,observed_and_verified_proxy
2016-04-01,2016,4,2,Kasaragod,North,12.5,74.99,Oil Sardine,147.38,589.1,250.16,29.85,34.4,1.81,0.35,23.1,2.88,29.81,1.05,0.106,0.0,observed_and_verified_proxy
2016-04-01,2016,4,2,Kasaragod,North,12.5,74.99,Indian Mackerel,257.21,589.1,436.59,29.85,34.4,1.81,0.35,23.1,2.88,29.81,1.05,0.159,0.0,observed_and_verified_proxy
2016-04-01,2016,4,2,Kasaragod,North,12.5,74.99,Seer Fish,81.45,589.1,138.26,29.85,34.4,1.81,0.35,23.1,2.88,29.81,1.05,0.065,0.0,observed_and_verified_proxy
2016-04-01,2016,4,2,Kasaragod,North,12.5,74.99,Tuna,109.22,589.1,185.39,29.85,34.4,1.81,0.35,23.1,2.88,29.81,1.05,0.084,0.0,observed_and_verified_proxy
2016-05-01,2016,5,2,Kasaragod,North,12.5,74.99,Oil Sardine,174.38,592.0,294.55,29.77,33.78,2.84,0.65,172.2,3.22,28.79,1.36,0.121,0.0,observed_and_verified_proxy
2016-05-01,2016,5,2,Kasaragod,North,12.5,74.99,Indian Mackerel,245.55,592.0,414.77,29.77,33.78,2.84,0.65,172.2,3.22,28.79,1.36,0.155,0.0,observed_and_verified_proxy
2016-05-01,2016,5,2,Kasaragod,North,12.5,74.99,Seer Fish,82.93,592.0,140.09,29.77,33.78,2.84,0.65,172.2,3.22,28.79,1.36,0.067,0.0,observed_and_verified_proxy
2016-05-01,2016,5,2,Kasaragod,North,12.5,74.99,Tuna,103.11,592.0,174.17,29.77,33.78,2.84,0.65,172.2,3.22,28.79,1.36,0.08,0.0,observed_and_verified_proxy
2016-06-01,2016,6,2,Kasaragod,North,12.5,74.99,Oil Sardine,208.97,575.3,363.21,28.91,32.34,4.11,0.95,519.0,3.89,26.51,2.21,0.135,0.0,observed_and_verified_proxy
2016-06-01,2016,6,2,Kasaragod,North,12.5,74.99,Indian Mackerel,220.94,575.3,384.02,28.91,32.34,4.11,0.95,519.0,3.89,26.51,2.21,0.14,0.0,observed_and_verified_proxy
2016-06-01,2016,6,2,Kasaragod,North,12.5,74.99,Seer Fish,84.21,575.3,146.37,28.91,32.34,4.11,0.95,519.0,3.89,26.51,2.21,0.066,0.0,observed_and_verified_proxy
2016-06-01,2016,6,2,Kasaragod,North,12.5,74.99,Tuna,102.85,575.3,178.77,28.91,32.34,4.11,0.95,519.0,3.89,26.51,2.21,0.078,0.0,observed_and_verified_proxy
2016-07-01,2016,7,3,Kasaragod,North,12.5,74.99,Oil Sardine,310.88,681.6,456.13,27.27,32.67,4.15,1.0,440.1,3.67,25.35,2.8,0.207,0.0,observed_and_verified_proxy
2016-07-01,2016,7,3,Kasaragod,North,12.5,74.99,Indian Mackerel,335.49,681.6,492.24,27.27,32.67,4.15,1.0,440.1,3.67,25.35,2.8,0.217,0.0,observed_and_verified_proxy
2016-07-01,2016,7,3,Kasaragod,North,12.5,74.99,Seer Fish,165.71,681.6,243.13,27.27,32.67,4.15,1.0,440.1,3.67,25.35,2.8,0.135,0.0,observed_and_verified_proxy
2016-07-01,2016,7,3,Kasaragod,North,12.5,74.99,Tuna,158.64,681.6,232.76,27.27,32.67,4.15,1.0,440.1,3.67,25.35,2.8,0.13,0.0,observed_and_verified_proxy
2016-08-01,2016,8,3,Kasaragod,North,12.5,74.99,Oil Sardine,306.81,689.0,445.29,26.55,33.58,3.6,0.9,222.0,3.74,25.4,2.21,0.208,0.0,observed_and_verified_proxy
2016-08-01,2016,8,3,Kasaragod,North,12.5,74.99,Indian Mackerel,340.18,689.0,493.72,26.55,33.58,3.6,0.9,222.0,3.74,25.4,2.21,0.221,0.0,observed_and_verified_proxy
2016-08-01,2016,8,3,Kasaragod,North,12.5,74.99,Seer Fish,180.34,689.0,261.74,26.55,33.58,3.6,0.9,222.0,3.74,25.4,2.21,0.145,0.0,observed_and_verified_proxy
2016-08-01,2016,8,3,Kasaragod,North,12.5,74.99,Tuna,152.52,689.0,221.35,26.55,33.58,3.6,0.9,222.0,3.74,25.4,2.21,0.128,0.0,observed_and_verified_proxy
2016-09-01,2016,9,3,Kasaragod,North,12.5,74.99,Oil Sardine,242.17,759.9,318.67,26.93,34.16,2.58,0.6,82.2,3.29,25.06,1.36,0.197,0.0,observed_and_verified_proxy
2016-09-01,2016,9,3,Kasaragod,North,12.5,74.99,Indian Mackerel,352.29,759.9,463.57,26.93,34.16,2.58,0.6,82.2,3.29,25.06,1.36,0.249,0.0,observed_and_verified_proxy
2016-09-01,2016,9,3,Kasaragod,North,12.5,74.99,Seer Fish,173.07,759.9,227.73,26.93,34.16,2.58,0.6,82.2,3.29,25.06,1.36,0.155,0.0,observed_and_verified_proxy
2016-09-01,2016,9,3,Kasaragod,North,12.5,74.99,Tuna,164.99,759.9,217.11,26.93,34.16,2.58,0.6,82.2,3.29,25.06,1.36,0.15,0.0,observed_and_verified_proxy
2016-10-01,2016,10,4,Kasaragod,North,12.5,74.99,Oil Sardine,291.53,1209.0,241.14,27.07,34.33,1.69,0.3,40.2,2.58,25.91,1.05,0.353,0.0,observed_and_verified_proxy
2016-10-01,2016,10,4,Kasaragod,North,12.5,74.99,Indian Mackerel,546.66,1209.0,452.17,27.07,34.33,1.69,0.3,40.2,2.58,25.91,1.05,0.501,0.0,observed_and_verified_proxy
2016-10-01,2016,10,4,Kasaragod,North,12.5,74.99,Seer Fish,237.74,1209.0,196.65,27.07,34.33,1.69,0.3,40.2,2.58,25.91,1.05,0.309,0.0,observed_and_verified_proxy
2016-10-01,2016,10,4,Kasaragod,North,12.5,74.99,Tuna,390.08,1209.0,322.66,27.07,34.33,1.69,0.3,40.2,2.58,25.91,1.05,0.42,0.0,observed_and_verified_proxy
2016-11-01,2016,11,4,Kasaragod,North,12.5,74.99,Oil Sardine,262.23,1096.2,239.23,27.14,34.29,1.2,0.12,50.7,2.08,26.65,1.0,0.299,0.0,observed_and_verified_proxy
2016-11-01,2016,11,4,Kasaragod,North,12.5,74.99,Indian Mackerel,554.27,1096.2,505.65,27.14,34.29,1.2,0.12,50.7,2.08,26.65,1.0,0.457,0.0,observed_and_verified_proxy
2016-11-01,2016,11,4,Kasaragod,North,12.5,74.99,Seer Fish,236.19,1096.2,215.47,27.14,34.29,1.2,0.12,50.7,2.08,26.65,1.0,0.279,0.0,observed_and_verified_proxy
2016-11-01,2016,11,4,Kasaragod,North,12.5,74.99,Tuna,399.55,1096.2,364.5,27.14,34.29,1.2,0.12,50.7,2.08,26.65,1.0,0.386,0.0,observed_and_verified_proxy
2016-12-01,2016,12,4,Kasaragod,North,12.5,74.99,Oil Sardine,254.34,1171.4,217.12,27.51,34.33,1.02,0.06,41.7,2.43,26.52,1.0,0.313,0.0,observed_and_verified_proxy
2016-12-01,2016,12,4,Kasaragod,North,12.5,74.99,Indian Mackerel,552.38,1171.4,471.54,27.51,34.33,1.02,0.06,41.7,2.43,26.52,1.0,0.488,0.0,observed_and_verified_proxy
2016-12-01,2016,12,4,Kasaragod,North,12.5,74.99,Seer Fish,243.35,1171.4,207.74,27.51,34.33,1.02,0.06,41.7,2.43,26.52,1.0,0.304,0.0,observed_and_verified_proxy
2016-12-01,2016,12,4,Kasaragod,North,12.5,74.99,Tuna,387.77,1171.4,331.02,27.51,34.33,1.02,0.06,41.7,2.43,26.52,1.0,0.406,0.0,observed_and_verified_proxy
2017-01-01,2017,1,1,Kozhikode,North,11.25,75.78,Oil Sardine,3938.08,5980.2,658.52,28.14,34.44,0.96,0.05,14.7,2.4,26.87,1.0,0.665,0.0,observed_and_verified_proxy
2017-01-01,2017,1,1,Kozhikode,North,11.25,75.78,Indian Mackerel,3067.46,5980.2,512.93,28.14,34.44,0.96,0.05,14.7,2.4,26.87,1.0,0.644,0.0,observed_and_verified_proxy
2017-01-01,2017,1,1,Kozhikode,North,11.25,75.78,Seer Fish,1007.29,5980.2,168.44,28.14,34.44,0.96,0.05,14.7,2.4,26.87,1.0,0.501,0.277,observed_and_verified_proxy
2017-01-01,2017,1,1,Kozhikode,North,11.25,75.78,Tuna,1995.12,5980.2,333.62,28.14,34.44,0.96,0.05,14.7,2.4,26.87,1.0,0.599,0.038,observed_and_verified_proxy
2017-02-01,2017,2,1,Kozhikode,North,11.25,75.78,Oil Sardine,4069.15,5881.0,691.91,28.86,34.5,1.08,0.1,0.9,2.54,27.8,1.0,0.656,0.0,observed_and_verified_proxy
2017-02-01,2017,2,1,Kozhikode,North,11.25,75.78,Indian Mackerel,2911.58,5881.0,495.08,28.86,34.5,1.08,0.1,0.9,2.54,27.8,1.0,0.629,0.0,observed_and_verified_proxy
2017-02-01,2017,2,1,Kozhikode,North,11.25,75.78,Seer Fish,953.06,5881.0,162.06,28.86,34.5,1.08,0.1,0.9,2.54,27.8,1.0,0.483,0.268,observed_and_verified_proxy
2017-02-01,2017,2,1,Kozhikode,North,11.25,75.78,Tuna,2184.61,5881.0,371.47,28.86,34.5,1.08,0.1,0.9,2.54,27.8,1.0,0.6,0.0,observed_and_verified_proxy
2017-03-01,2017,3,1,Kozhikode,North,11.25,75.78,Oil Sardine,4322.4,5386.7,802.41,29.49,34.3,1.42,0.2,47.1,2.68,28.25,1.0,0.605,0.0,observed_and_verified_proxy
2017-03-01,2017,3,1,Kozhikode,North,11.25,75.78,Indian Mackerel,2837.29,5386.7,526.72,29.49,34.3,1.42,0.2,47.1,2.68,28.25,1.0,0.574,0.0,observed_and_verified_proxy
2017-03-01,2017,3,1,Kozhikode,North,11.25,75.78,Seer Fish,1000.14,5386.7,185.67,29.49,34.3,1.42,0.2,47.1,2.68,28.25,1.0,0.45,0.172,observed_and_verified_proxy
2017-03-01,2017,3,1,Kozhikode,North,11.25,75.78,Tuna,2011.12,5386.7,373.35,29.49,34.3,1.42,0.2,47.1,2.68,28.25,1.0,0.541,0.0,observed_and_verified_proxy
2017-04-01,2017,4,2,Kozhikode,North,11.25,75.78,Oil Sardine,2949.87,3509.5,840.53,29.85,34.2,1.87,0.35,72.6,2.88,28.59,1.05,0.376,0.0,observed_and_verified_proxy
2017-04-01,2017,4,2,Kozhikode,North,11.25,75.78,Indian Mackerel,1719.19,3509.5,489.86,29.85,34.2,1.87,0.35,72.6,2.88,28.59,1.05,0.341,0.0,observed_and_verified_proxy
2017-04-01,2017,4,2,Kozhikode,North,11.25,75.78,Seer Fish,622.13,3509.5,177.27,29.85,34.2,1.87,0.35,72.6,2.88,28.59,1.05,0.244,0.0,observed_and_verified_proxy
2017-04-01,2017,4,2,Kozhikode,North,11.25,75.78,Tuna,718.77,3509.5,204.8,29.85,34.2,1.87,0.35,72.6,2.88,28.59,1.05,0.259,0.0,observed_and_verified_proxy
2017-05-01,2017,5,2,Kozhikode,North,11.25,75.78,Oil Sardine,3486.46,3640.1,957.8,29.77,33.64,2.88,0.65,206.1,2.89,27.94,1.36,0.399,0.0,observed_and_verified_proxy
2017-05-01,2017,5,2,Kozhikode,North,11.25,75.78,Indian Mackerel,1628.13,3640.1,447.28,29.77,33.64,2.88,0.65,206.1,2.89,27.94,1.36,0.349,0.0,observed_and_verified_proxy
2017-05-01,2017,5,2,Kozhikode,North,11.25,75.78,Seer Fish,577.75,3640.1,158.72,29.77,33.64,2.88,0.65,206.1,2.89,27.94,1.36,0.245,0.0,observed_and_verified_proxy
2017-05-01,2017,5,2,Kozhikode,North,11.25,75.78,Tuna,712.84,3640.1,195.83,29.77,33.64,2.88,0.65,206.1,2.89,27.94,1.36,0.268,0.0,observed_and_verified_proxy
2017-06-01,2017,6,2,Kozhikode,North,11.25,75.78,Oil Sardine,4270.69,3883.4,1099.72,28.91,32.76,3.98,0.95,417.0,3.52,26.65,2.21,0.436,0.0,observed_and_verified_proxy
2017-06-01,2017,6,2,Kozhikode,North,11.25,75.78,Indian Mackerel,1666.81,3883.4,429.21,28.91,32.76,3.98,0.95,417.0,3.52,26.65,2.21,0.374,0.0,observed_and_verified_proxy
2017-06-01,2017,6,2,Kozhikode,North,11.25,75.78,Seer Fish,584.12,3883.4,150.41,28.91,32.76,3.98,0.95,417.0,3.52,26.65,2.21,0.262,0.007,observed_and_verified_proxy
2017-06-01,2017,6,2,Kozhikode,North,11.25,75.78,Tuna,778.44,3883.4,200.45,28.91,32.76,3.98,0.95,417.0,3.52,26.65,2.21,0.296,0.0,observed_and_verified_proxy
2017-07-01,2017,7,3,Kozhikode,North,11.25,75.78,Oil Sardine,6802.97,4724.1,1440.05,27.27,33.07,4.03,1.0,342.9,3.37,25.83,2.8,0.551,0.0,observed_and_verified_proxy
2017-07-01,2017,7,3,Kozhikode,North,11.25,75.78,Indian Mackerel,2265.14,4724.1,479.49,27.27,33.07,4.03,1.0,342.9,3.37,25.83,2.8,0.485,0.0,observed_and_verified_proxy
2017-07-01,2017,7,3,Kozhikode,North,11.25,75.78,Seer Fish,1268.71,4724.1,268.56,27.27,33.07,4.03,1.0,342.9,3.37,25.83,2.8,0.425,0.0,observed_and_verified_proxy
2017-07-01,2017,7,3,Kozhikode,North,11.25,75.78,Tuna,1116.54,4724.1,236.35,27.27,33.07,4.03,1.0,342.9,3.37,25.83,2.8,0.409,0.006,observed_and_verified_proxy
2017-08-01,2017,8,3,Kozhikode,North,11.25,75.78,Oil Sardine,6559.58,4515.0,1452.84,26.55,32.86,3.81,0.9,393.0,3.22,25.43,2.21,0.526,0.0,observed_and_verified_proxy
2017-08-01,2017,8,3,Kozhikode,North,11.25,75.78,Indian Mackerel,2340.62,4515.0,518.41,26.55,32.86,3.81,0.9,393.0,3.22,25.43,2.21,0.466,0.0,observed_and_verified_proxy
2017-08-01,2017,8,3,Kozhikode,North,11.25,75.78,Seer Fish,1176.57,4515.0,260.59,26.55,32.86,3.81,0.9,393.0,3.22,25.43,2.21,0.397,0.0,observed_and_verified_proxy
2017-08-01,2017,8,3,Kozhikode,North,11.25,75.78,Tuna,1097.46,4515.0,243.07,26.55,32.86,3.81,0.9,393.0,3.22,25.43,2.21,0.389,0.0,observed_and_verified_proxy
2017-09-01,2017,9,3,Kozhikode,North,11.25,75.78,Oil Sardine,5336.23,4579.5,1165.24,26.93,33.08,2.9,0.6,339.9,3.01,25.74,1.36,0.525,0.0,observed_and_verified_proxy
2017-09-01,2017,9,3,Kozhikode,North,11.25,75.78,Indian Mackerel,2476.38,4579.5,540.75,26.93,33.08,2.9,0.6,339.9,3.01,25.74,1.36,0.477,0.0,observed_and_verified_proxy
2017-09-01,2017,9,3,Kozhikode,North,11.25,75.78,Seer Fish,1271.57,4579.5,277.67,26.93,33.08,2.9,0.6,339.9,3.01,25.74,1.36,0.412,0.0,observed_and_verified_proxy
2017-09-01,2017,9,3,Kozhikode,North,11.25,75.78,Tuna,1141.0,4579.5,249.15,26.93,33.08,2.9,0.6,339.9,3.01,25.74,1.36,0.399,0.0,observed_and_verified_proxy
2017-10-01,2017,10,4,Kozhikode,North,11.25,75.78,Oil Sardine,6596.21,7542.3,874.56,27.07,33.89,1.82,0.3,147.0,2.0,26.15,1.05,0.879,0.0,observed_and_verified_proxy
2017-10-01,2017,10,4,Kozhikode,North,11.25,75.78,Indian Mackerel,3924.71,7542.3,520.36,27.07,33.89,1.82,0.3,147.0,2.0,26.15,1.05,0.838,0.0,observed_and_verified_proxy
2017-10-01,2017,10,4,Kozhikode,North,11.25,75.78,Seer Fish,1787.64,7542.3,237.01,27.07,33.89,1.82,0.3,147.0,2.0,26.15,1.05,0.739,0.433,observed_and_verified_proxy
2017-10-01,2017,10,4,Kozhikode,North,11.25,75.78,Tuna,2628.65,7542.3,348.52,27.07,33.89,1.82,0.3,147.0,2.0,26.15,1.05,0.794,0.258,observed_and_verified_proxy
2017-11-01,2017,11,4,Kozhikode,North,11.25,75.78,Oil Sardine,5642.47,7404.0,762.08,27.14,34.16,1.24,0.12,81.3,1.8,26.34,1.0,0.852,0.0,observed_and_verified_proxy
2017-11-01,2017,11,4,Kozhikode,North,11.25,75.78,Indian Mackerel,4133.58,7404.0,558.29,27.14,34.16,1.24,0.12,81.3,1.8,26.34,1.0,0.828,0.0,observed_and_verified_proxy
2017-11-01,2017,11,4,Kozhikode,North,11.25,75.78,Seer Fish,1671.55,7404.0,225.76,27.14,34.16,1.24,0.12,81.3,1.8,26.34,1.0,0.714,0.427,observed_and_verified_proxy
2017-11-01,2017,11,4,Kozhikode,North,11.25,75.78,Tuna,2625.19,7404.0,354.56,27.14,34.16,1.24,0.12,81.3,1.8,26.34,1.0,0.779,0.225,observed_and_verified_proxy
2017-12-01,2017,12,4,Kozhikode,North,11.25,75.78,Oil Sardine,5165.67,6834.6,755.81,27.51,34.34,1.02,0.06,38.4,2.24,25.77,1.0,0.781,0.0,observed_and_verified_proxy
2017-12-01,2017,12,4,Kozhikode,North,11.25,75.78,Indian Mackerel,4043.75,6834.6,591.66,27.51,34.34,1.02,0.06,38.4,2.24,25.77,1.0,0.762,0.0,observed_and_verified_proxy
2017-12-01,2017,12,4,Kozhikode,North,11.25,75.78,Seer Fish,1744.79,6834.6,255.29,27.51,34.34,1.02,0.06,38.4,2.24,25.77,1.0,0.666,0.298,observed_and_verified_proxy
2017-12-01,2017,12,4,Kozhikode,North,11.25,75.78,Tuna,2836.56,6834.6,415.03,27.51,34.34,1.02,0.06,38.4,2.24,25.77,1.0,0.728,0.024,observed_and_verified_proxy
2017-01-01,2017,1,1,Ernakulam,Central,9.98,76.28,Oil Sardine,3617.73,5093.2,710.3,28.14,34.41,0.97,0.05,21.0,2.12,27.75,1.0,0.627,0.0,observed_and_verified_proxy
2017-01-01,2017,1,1,Ernakulam,Central,9.98,76.28,Indian Mackerel,2828.95,5093.2,555.43,28.14,34.41,0.97,0.05,21.0,2.12,27.75,1.0,0.606,0.0,observed_and_verified_proxy
2017-01-01,2017,1,1,Ernakulam,Central,9.98,76.28,Seer Fish,919.35,5093.2,180.5,28.14,34.41,0.97,0.05,21.0,2.12,27.75,1.0,0.462,0.2,observed_and_verified_proxy
2017-01-01,2017,1,1,Ernakulam,Central,9.98,76.28,Tuna,1945.53,5093.2,381.98,28.14,34.41,0.97,0.05,21.0,2.12,27.75,1.0,0.567,0.0,observed_and_verified_proxy
2017-02-01,2017,2,1,Ernakulam,Central,9.98,76.28,Oil Sardine,3541.77,5187.3,682.78,28.86,34.49,1.08,0.1,1.2,2.4,28.83,1.0,0.637,0.0,observed_and_verified_proxy
2017-02-01,2017,2,1,Ernakulam,Central,9.98,76.28,Indian Mackerel,2621.41,5187.3,505.35,28.86,34.49,1.08,0.1,1.2,2.4,28.83,1.0,0.61,0.0,observed_and_verified_proxy
2017-02-01,2017,2,1,Ernakulam,Central,9.98,76.28,Seer Fish,913.44,5187.3,176.09,28.86,34.49,1.08,0.1,1.2,2.4,28.83,1.0,0.47,0.219,observed_and_verified_proxy
2017-02-01,2017,2,1,Ernakulam,Central,9.98,76.28,Tuna,1947.0,5187.3,375.34,28.86,34.49,1.08,0.1,1.2,2.4,28.83,1.0,0.578,0.0,observed_and_verified_proxy
2017-03-01,2017,3,1,Ernakulam,Central,9.98,76.28,Oil Sardine,4084.09,5154.1,792.39,29.49,34.13,1.47,0.2,89.4,2.57,28.83,1.0,0.643,0.0,observed_and_verified_proxy
2017-03-01,2017,3,1,Ernakulam,Central,9.98,76.28,Indian Mackerel,2571.82,5154.1,498.98,29.49,34.13,1.47,0.2,89.4,2.57,28.83,1.0,0.604,0.0,observed_and_verified_proxy
2017-03-01,2017,3,1,Ernakulam,Central,9.98,76.28,Seer Fish,890.88,5154.1,172.85,29.49,34.13,1.47,0.2,89.4,2.57,28.83,1.0,0.462,0.217,observed_and_verified_proxy
2017-03-01,2017,3,1,Ernakulam,Central,9.98,76.28,Tuna,1901.56,5154.1,368.94,29.49,34.13,1.47,0.2,89.4,2.57,28.83,1.0,0.572,0.0,observed_and_verified_proxy
2017-04-01,2017,4,2,Ernakulam,Central,9.98,76.28,Oil Sardine,2819.59,3359.9,839.18,29.85,34.3,1.84,0.35,47.4,3.33,29.4,1.05,0.4,0.0,observed_and_verified_proxy
2017-04-01,2017,4,2,Ernakulam,Central,9.98,76.28,Indian Mackerel,1587.7,3359.9,472.54,29.85,34.3,1.84,0.35,47.4,3.33,29.4,1.05,0.358,0.0,observed_and_verified_proxy
2017-04-01,2017,4,2,Ernakulam,Central,9.98,76.28,Seer Fish,552.44,3359.9,164.42,29.85,34.3,1.84,0.35,47.4,3.33,29.4,1.05,0.247,0.0,observed_and_verified_proxy
2017-04-01,2017,4,2,Ernakulam,Central,9.98,76.28,Tuna,650.82,3359.9,193.7,29.85,34.3,1.84,0.35,47.4,3.33,29.4,1.05,0.266,0.0,observed_and_verified_proxy
2017-05-01,2017,5,2,Ernakulam,Central,9.98,76.28,Oil Sardine,3265.39,3491.9,935.15,29.77,33.18,3.02,0.65,316.2,3.5,28.57,1.36,0.424,0.0,observed_and_verified_proxy
2017-05-01,2017,5,2,Ernakulam,Central,9.98,76.28,Indian Mackerel,1446.74,3491.9,414.32,29.77,33.18,3.02,0.65,316.2,3.5,28.57,1.36,0.363,0.0,observed_and_verified_proxy
2017-05-01,2017,5,2,Ernakulam,Central,9.98,76.28,Seer Fish,525.15,3491.9,150.39,29.77,33.18,3.02,0.65,316.2,3.5,28.57,1.36,0.251,0.0,observed_and_verified_proxy
2017-05-01,2017,5,2,Ernakulam,Central,9.98,76.28,Tuna,687.82,3491.9,196.98,29.77,33.18,3.02,0.65,316.2,3.5,28.57,1.36,0.283,0.0,observed_and_verified_proxy
2017-06-01,2017,6,2,Ernakulam,Central,9.98,76.28,Oil Sardine,3980.47,3395.7,1172.21,28.91,32.59,4.03,0.95,457.8,4.14,27.22,2.21,0.423,0.0,observed_and_verified_proxy
2017-06-01,2017,6,2,Ernakulam,Central,9.98,76.28,Indian Mackerel,1421.13,3395.7,418.51,28.91,32.59,4.03,0.95,457.8,4.14,27.22,2.21,0.352,0.0,observed_and_verified_proxy
2017-06-01,2017,6,2,Ernakulam,Central,9.98,76.28,Seer Fish,557.9,3395.7,164.3,28.91,32.59,4.03,0.95,457.8,4.14,27.22,2.21,0.251,0.0,observed_and_verified_proxy
2017-06-01,2017,6,2,Ernakulam,Central,9.98,76.28,Tuna,679.31,3395.7,200.05,28.91,32.59,4.03,0.95,457.8,4.14,27.22,2.21,0.274,0.0,observed_and_verified_proxy
2017-07-01,2017,7,3,Ernakulam,Central,9.98,76.28,Oil Sardine,5833.46,4130.1,1412.43,27.27,33.26,3.97,1.0,298.2,3.76,26.47,2.8,0.533,0.0,observed_and_verified_proxy
2017-07-01,2017,7,3,Ernakulam,Central,9.98,76.28,Indian Mackerel,2195.7,4130.1,531.64,27.27,33.26,3.97,1.0,298.2,3.76,26.47,2.8,0.471,0.0,observed_and_verified_proxy
2017-07-01,2017,7,3,Ernakulam,Central,9.98,76.28,Seer Fish,1062.61,4130.1,257.29,27.27,33.26,3.97,1.0,298.2,3.76,26.47,2.8,0.393,0.0,observed_and_verified_proxy
2017-07-01,2017,7,3,Ernakulam,Central,9.98,76.28,Tuna,1022.66,4130.1,247.61,27.27,33.26,3.97,1.0,298.2,3.76,26.47,2.8,0.388,0.0,observed_and_verified_proxy
2017-08-01,2017,8,3,Ernakulam,Central,9.98,76.28,Oil Sardine,5431.83,4218.0,1287.77,26.55,32.97,3.78,0.9,367.5,3.62,26.13,2.21,0.541,0.0,observed_and_verified_proxy
2017-08-01,2017,8,3,Ernakulam,Central,9.98,76.28,Indian Mackerel,2053.19,4218.0,486.77,26.55,32.97,3.78,0.9,367.5,3.62,26.13,2.21,0.475,0.0,observed_and_verified_proxy
2017-08-01,2017,8,3,Ernakulam,Central,9.98,76.28,Seer Fish,1055.15,4218.0,250.15,26.55,32.97,3.78,0.9,367.5,3.62,26.13,2.21,0.401,0.0,observed_and_verified_proxy
2017-08-01,2017,8,3,Ernakulam,Central,9.98,76.28,Tuna,1006.95,4218.0,238.73,26.55,32.97,3.78,0.9,367.5,3.62,26.13,2.21,0.395,0.0,observed_and_verified_proxy
2017-09-01,2017,9,3,Ernakulam,Central,9.98,76.28,Oil Sardine,4787.49,4055.2,1180.59,26.93,32.89,2.96,0.6,385.8,3.74,26.42,1.36,0.514,0.0,observed_and_verified_proxy
2017-09-01,2017,9,3,Ernakulam,Central,9.98,76.28,Indian Mackerel,2349.64,4055.2,579.42,26.93,32.89,2.96,0.6,385.8,3.74,26.42,1.36,0.468,0.0,observed_and_verified_proxy
2017-09-01,2017,9,3,Ernakulam,Central,9.98,76.28,Seer Fish,1123.74,4055.2,277.11,26.93,32.89,2.96,0.6,385.8,3.74,26.42,1.36,0.393,0.0,observed_and_verified_proxy
2017-09-01,2017,9,3,Ernakulam,Central,9.98,76.28,Tuna,976.1,4055.2,240.71,26.93,32.89,2.96,0.6,385.8,3.74,26.42,1.36,0.376,0.0,observed_and_verified_proxy
2017-10-01,2017,10,4,Ernakulam,Central,9.98,76.28,Oil Sardine,5352.19,6173.4,866.98,27.07,33.53,1.93,0.3,232.2,2.76,26.79,1.05,0.791,0.0,observed_and_verified_proxy
2017-10-01,2017,10,4,Ernakulam,Central,9.98,76.28,Indian Mackerel,3372.1,6173.4,546.23,27.07,33.53,1.93,0.3,232.2,2.76,26.79,1.05,0.753,0.0,observed_and_verified_proxy
2017-10-01,2017,10,4,Ernakulam,Central,9.98,76.28,Seer Fish,1563.69,6173.4,253.29,27.07,33.53,1.93,0.3,232.2,2.76,26.79,1.05,0.655,0.289,observed_and_verified_proxy
2017-10-01,2017,10,4,Ernakulam,Central,9.98,76.28,Tuna,2449.01,6173.4,396.7,27.07,33.53,1.93,0.3,232.2,2.76,26.79,1.05,0.718,0.052,observed_and_verified_proxy
2017-11-01,2017,11,4,Ernakulam,Central,9.98,76.28,Oil Sardine,5173.64,6622.3,781.24,27.14,33.83,1.34,0.12,161.7,2.09,27.02,1.0,0.846,0.0,observed_and_verified_proxy
2017-11-01,2017,11,4,Ernakulam,Central,9.98,76.28,Indian Mackerel,3658.16,6622.3,552.4,27.14,33.83,1.34,0.12,161.7,2.09,27.02,1.0,0.816,0.0,observed_and_verified_proxy
2017-11-01,2017,11,4,Ernakulam,Central,9.98,76.28,Seer Fish,1567.71,6622.3,236.73,27.14,33.83,1.34,0.12,161.7,2.09,27.02,1.0,0.703,0.388,observed_and_verified_proxy
2017-11-01,2017,11,4,Ernakulam,Central,9.98,76.28,Tuna,2406.54,6622.3,363.4,27.14,33.83,1.34,0.12,161.7,2.09,27.02,1.0,0.768,0.191,observed_and_verified_proxy
2017-12-01,2017,12,4,Ernakulam,Central,9.98,76.28,Oil Sardine,4876.13,6408.5,760.88,27.51,34.34,1.02,0.06,37.8,2.47,26.58,1.0,0.814,0.0,observed_and_verified_proxy
2017-12-01,2017,12,4,Ernakulam,Central,9.98,76.28,Indian Mackerel,3441.34,6408.5,537.0,27.51,34.34,1.02,0.06,37.8,2.47,26.58,1.0,0.784,0.0,observed_and_verified_proxy
2017-12-01,2017,12,4,Ernakulam,Central,9.98,76.28,Seer Fish,1545.1,6408.5,241.1,27.51,34.34,1.02,0.06,37.8,2.47,26.58,1.0,0.678,0.346,observed_and_verified_proxy
2017-12-01,2017,12,4,Ernakulam,Central,9.98,76.28,Tuna,2532.91,6408.5,395.24,27.51,34.34,1.02,0.06,37.8,2.47,26.58,1.0,0.75,0.096,observed_and_verified_proxy
2017-01-01,2017,1,1,Alappuzha,South,9.49,76.33,Oil Sardine,3240.76,4357.2,743.78,28.14,34.45,0.96,0.05,13.2,3.44,27.34,1.0,0.599,0.0,observed_and_verified_proxy
2017-01-01,2017,1,1,Alappuzha,South,9.49,76.33,Indian Mackerel,2461.32,4357.2,564.89,28.14,34.45,0.96,0.05,13.2,3.44,27.34,1.0,0.575,0.0,observed_and_verified_proxy
2017-01-01,2017,1,1,Alappuzha,South,9.49,76.33,Seer Fish,771.72,4357.2,177.12,28.14,34.45,0.96,0.05,13.2,3.44,27.34,1.0,0.42,0.152,observed_and_verified_proxy
2017-01-01,2017,1,1,Alappuzha,South,9.49,76.33,Tuna,1687.25,4357.2,387.24,28.14,34.45,0.96,0.05,13.2,3.44,27.34,1.0,0.534,0.0,observed_and_verified_proxy
2017-02-01,2017,2,1,Alappuzha,South,9.49,76.33,Oil Sardine,3281.93,4282.4,766.37,28.86,34.5,1.08,0.1,0.6,3.7,27.99,1.0,0.59,0.0,observed_and_verified_proxy
2017-02-01,2017,2,1,Alappuzha,South,9.49,76.33,Indian Mackerel,2457.41,4282.4,573.83,28.86,34.5,1.08,0.1,0.6,3.7,27.99,1.0,0.565,0.0,observed_and_verified_proxy
2017-02-01,2017,2,1,Alappuzha,South,9.49,76.33,Seer Fish,763.39,4282.4,178.26,28.86,34.5,1.08,0.1,0.6,3.7,27.99,1.0,0.411,0.138,observed_and_verified_proxy
2017-02-01,2017,2,1,Alappuzha,South,9.49,76.33,Tuna,1667.95,4282.4,389.49,28.86,34.5,1.08,0.1,0.6,3.7,27.99,1.0,0.523,0.0,observed_and_verified_proxy
2017-03-01,2017,3,1,Alappuzha,South,9.49,76.33,Oil Sardine,3455.33,4951.6,697.82,29.49,34.13,1.47,0.2,89.1,2.69,28.62,1.0,0.687,0.0,observed_and_verified_proxy
2017-03-01,2017,3,1,Alappuzha,South,9.49,76.33,Indian Mackerel,2348.53,4951.6,474.3,29.49,34.13,1.47,0.2,89.1,2.69,28.62,1.0,0.648,0.0,observed_and_verified_proxy
2017-03-01,2017,3,1,Alappuzha,South,9.49,76.33,Seer Fish,763.97,4951.6,154.29,29.49,34.13,1.47,0.2,89.1,2.69,28.62,1.0,0.475,0.275,observed_and_verified_proxy
2017-03-01,2017,3,1,Alappuzha,South,9.49,76.33,Tuna,1644.68,4951.6,332.15,29.49,34.13,1.47,0.2,89.1,2.69,28.62,1.0,0.603,0.045,observed_and_verified_proxy
2017-04-01,2017,4,2,Alappuzha,South,9.49,76.33,Oil Sardine,2369.32,2927.6,809.3,29.85,34.28,1.85,0.35,53.4,4.24,28.97,1.05,0.384,0.0,observed_and_verified_proxy
2017-04-01,2017,4,2,Alappuzha,South,9.49,76.33,Indian Mackerel,1474.92,2927.6,503.79,29.85,34.28,1.85,0.35,53.4,4.24,28.97,1.05,0.347,0.0,observed_and_verified_proxy
2017-04-01,2017,4,2,Alappuzha,South,9.49,76.33,Seer Fish,495.76,2927.6,169.34,29.85,34.28,1.85,0.35,53.4,4.24,28.97,1.05,0.231,0.0,observed_and_verified_proxy
2017-04-01,2017,4,2,Alappuzha,South,9.49,76.33,Tuna,618.53,2927.6,211.27,29.85,34.28,1.85,0.35,53.4,4.24,28.97,1.05,0.257,0.0,observed_and_verified_proxy
2017-05-01,2017,5,2,Alappuzha,South,9.49,76.33,Oil Sardine,3000.02,2809.9,1067.65,29.77,33.78,2.84,0.65,172.5,4.62,28.54,1.36,0.382,0.0,observed_and_verified_proxy
2017-05-01,2017,5,2,Alappuzha,South,9.49,76.33,Indian Mackerel,1302.52,2809.9,463.54,29.77,33.78,2.84,0.65,172.5,4.62,28.54,1.36,0.322,0.0,observed_and_verified_proxy
2017-05-01,2017,5,2,Alappuzha,South,9.49,76.33,Seer Fish,482.65,2809.9,171.77,29.77,33.78,2.84,0.65,172.5,4.62,28.54,1.36,0.219,0.0,observed_and_verified_proxy
2017-05-01,2017,5,2,Alappuzha,South,9.49,76.33,Tuna,611.48,2809.9,217.62,29.77,33.78,2.84,0.65,172.5,4.62,28.54,1.36,0.245,0.0,observed_and_verified_proxy
2017-06-01,2017,6,2,Alappuzha,South,9.49,76.33,Oil Sardine,3507.14,2782.9,1260.27,28.91,33.4,3.79,0.95,265.2,5.45,26.94,2.21,0.387,0.0,observed_and_verified_proxy
2017-06-01,2017,6,2,Alappuzha,South,9.49,76.33,Indian Mackerel,1206.24,2782.9,433.46,28.91,33.4,3.79,0.95,265.2,5.45,26.94,2.21,0.312,0.0,observed_and_verified_proxy
2017-06-01,2017,6,2,Alappuzha,South,9.49,76.33,Seer Fish,466.22,2782.9,167.53,28.91,33.4,3.79,0.95,265.2,5.45,26.94,2.21,0.213,0.0,observed_and_verified_proxy
2017-06-01,2017,6,2,Alappuzha,South,9.49,76.33,Tuna,615.09,2782.9,221.03,28.91,33.4,3.79,0.95,265.2,5.45,26.94,2.21,0.244,0.0,observed_and_verified_proxy
2017-07-01,2017,7,3,Alappuzha,South,9.49,76.33,Oil Sardine,4985.87,3366.8,1480.89,27.27,34.23,3.68,1.0,65.7,5.35,26.41,2.8,0.486,0.0,observed_and_verified_proxy
2017-07-01,2017,7,3,Alappuzha,South,9.49,76.33,Indian Mackerel,1803.9,3366.8,535.79,27.27,34.23,3.68,1.0,65.7,5.35,26.41,2.8,0.418,0.0,observed_and_verified_proxy
2017-07-01,2017,7,3,Alappuzha,South,9.49,76.33,Seer Fish,1004.19,3366.8,298.26,27.27,34.23,3.68,1.0,65.7,5.35,26.41,2.8,0.357,0.0,observed_and_verified_proxy
2017-07-01,2017,7,3,Alappuzha,South,9.49,76.33,Tuna,918.35,3366.8,272.77,27.27,34.23,3.68,1.0,65.7,5.35,26.41,2.8,0.346,0.0,observed_and_verified_proxy
2017-08-01,2017,8,3,Alappuzha,South,9.49,76.33,Oil Sardine,5146.61,3696.9,1392.14,26.55,33.98,3.47,0.9,123.6,4.92,26.03,2.21,0.535,0.0,observed_and_verified_proxy
2017-08-01,2017,8,3,Alappuzha,South,9.49,76.33,Indian Mackerel,1898.02,3696.9,513.41,26.55,33.98,3.47,0.9,123.6,4.92,26.03,2.21,0.464,0.0,observed_and_verified_proxy
2017-08-01,2017,8,3,Alappuzha,South,9.49,76.33,Seer Fish,956.04,3696.9,258.61,26.55,33.98,3.47,0.9,123.6,4.92,26.03,2.21,0.385,0.0,observed_and_verified_proxy
2017-08-01,2017,8,3,Alappuzha,South,9.49,76.33,Tuna,904.19,3696.9,244.58,26.55,33.98,3.47,0.9,123.6,4.92,26.03,2.21,0.378,0.0,observed_and_verified_proxy
2017-09-01,2017,9,3,Alappuzha,South,9.49,76.33,Oil Sardine,4415.55,3564.5,1238.75,26.93,33.38,2.81,0.6,267.9,4.64,26.17,1.36,0.508,0.0,observed_and_verified_proxy
2017-09-01,2017,9,3,Alappuzha,South,9.49,76.33,Indian Mackerel,1998.86,3564.5,560.77,26.93,33.38,2.81,0.6,267.9,4.64,26.17,1.36,0.453,0.0,observed_and_verified_proxy
2017-09-01,2017,9,3,Alappuzha,South,9.49,76.33,Seer Fish,952.51,3564.5,267.22,26.93,33.38,2.81,0.6,267.9,4.64,26.17,1.36,0.371,0.0,observed_and_verified_proxy
2017-09-01,2017,9,3,Alappuzha,South,9.49,76.33,Tuna,887.13,3564.5,248.88,26.93,33.38,2.81,0.6,267.9,4.64,26.17,1.36,0.362,0.0,observed_and_verified_proxy
2017-10-01,2017,10,4,Alappuzha,South,9.49,76.33,Oil Sardine,4868.37,5544.9,877.98,27.07,33.74,1.87,0.3,182.1,3.76,26.57,1.05,0.798,0.0,observed_and_verified_proxy
2017-10-01,2017,10,4,Alappuzha,South,9.49,76.33,Indian Mackerel,3030.0,5544.9,546.44,27.07,33.74,1.87,0.3,182.1,3.76,26.57,1.05,0.755,0.0,observed_and_verified_proxy
2017-10-01,2017,10,4,Alappuzha,South,9.49,76.33,Seer Fish,1436.54,5544.9,259.07,27.07,33.74,1.87,0.3,182.1,3.76,26.57,1.05,0.653,0.273,observed_and_verified_proxy
2017-10-01,2017,10,4,Alappuzha,South,9.49,76.33,Tuna,2074.52,5544.9,374.13,27.07,33.74,1.87,0.3,182.1,3.76,26.57,1.05,0.709,0.091,observed_and_verified_proxy
2017-11-01,2017,11,4,Alappuzha,South,9.49,76.33,Oil Sardine,4388.38,5825.0,753.37,27.14,33.06,1.57,0.12,345.6,2.86,26.37,1.0,0.83,0.0,observed_and_verified_proxy
2017-11-01,2017,11,4,Alappuzha,South,9.49,76.33,Indian Mackerel,3079.08,5825.0,528.6,27.14,33.06,1.57,0.12,345.6,2.86,26.37,1.0,0.795,0.0,observed_and_verified_proxy
2017-11-01,2017,11,4,Alappuzha,South,9.49,76.33,Seer Fish,1357.11,5825.0,232.98,27.14,33.06,1.57,0.12,345.6,2.86,26.37,1.0,0.676,0.361,observed_and_verified_proxy
2017-11-01,2017,11,4,Alappuzha,South,9.49,76.33,Tuna,2046.03,5825.0,351.25,27.14,33.06,1.57,0.12,345.6,2.86,26.37,1.0,0.743,0.185,observed_and_verified_proxy
2017-12-01,2017,12,4,Alappuzha,South,9.49,76.33,Oil Sardine,4237.12,5372.0,788.74,27.51,34.12,1.08,0.06,90.6,3.65,25.75,1.0,0.763,0.0,observed_and_verified_proxy
2017-12-01,2017,12,4,Alappuzha,South,9.49,76.33,Indian Mackerel,3147.19,5372.0,585.85,27.51,34.12,1.08,0.06,90.6,3.65,25.75,1.0,0.736,0.0,observed_and_verified_proxy
2017-12-01,2017,12,4,Alappuzha,South,9.49,76.33,Seer Fish,1312.75,5372.0,244.37,27.51,34.12,1.08,0.06,90.6,3.65,25.75,1.0,0.618,0.26,observed_and_verified_proxy
2017-12-01,2017,12,4,Alappuzha,South,9.49,76.33,Tuna,2170.07,5372.0,403.96,27.51,34.12,1.08,0.06,90.6,3.65,25.75,1.0,0.693,0.003,observed_and_verified_proxy
2017-01-01,2017,1,1,Kollam,South,8.89,76.6,Oil Sardine,2975.26,4597.3,647.17,28.14,34.45,0.96,0.05,13.2,3.44,27.34,1.0,0.669,0.0,observed_and_verified_proxy
2017-01-01,2017,1,1,Kollam,South,8.89,76.6,Indian Mackerel,2341.81,4597.3,509.39,28.14,34.45,0.96,0.05,13.2,3.44,27.34,1.0,0.644,0.0,observed_and_verified_proxy
2017-01-01,2017,1,1,Kollam,South,8.89,76.6,Seer Fish,689.13,4597.3,149.9,28.14,34.45,0.96,0.05,13.2,3.44,27.34,1.0,0.453,0.256,observed_and_verified_proxy
2017-01-01,2017,1,1,Kollam,South,8.89,76.6,Tuna,1509.62,4597.3,328.37,28.14,34.45,0.96,0.05,13.2,3.44,27.34,1.0,0.587,0.034,observed_and_verified_proxy
2017-02-01,2017,2,1,Kollam,South,8.89,76.6,Oil Sardine,3209.47,4224.0,759.82,28.86,34.5,1.08,0.1,0.6,3.7,27.99,1.0,0.622,0.0,observed_and_verified_proxy
2017-02-01,2017,2,1,Kollam,South,8.89,76.6,Indian Mackerel,2258.94,4224.0,534.79,28.86,34.5,1.08,0.1,0.6,3.7,27.99,1.0,0.588,0.0,observed_and_verified_proxy
2017-02-01,2017,2,1,Kollam,South,8.89,76.6,Seer Fish,719.97,4224.0,170.45,28.86,34.5,1.08,0.1,0.6,3.7,27.99,1.0,0.424,0.172,observed_and_verified_proxy
2017-02-01,2017,2,1,Kollam,South,8.89,76.6,Tuna,1467.66,4224.0,347.46,28.86,34.5,1.08,0.1,0.6,3.7,27.99,1.0,0.536,0.0,observed_and_verified_proxy
2017-03-01,2017,3,1,Kollam,South,8.89,76.6,Oil Sardine,3433.94,4350.9,789.25,29.49,34.13,1.47,0.2,89.1,2.69,28.62,1.0,0.646,0.0,observed_and_verified_proxy
2017-03-01,2017,3,1,Kollam,South,8.89,76.6,Indian Mackerel,2161.52,4350.9,496.8,29.49,34.13,1.47,0.2,89.1,2.69,28.62,1.0,0.601,0.0,observed_and_verified_proxy
2017-03-01,2017,3,1,Kollam,South,8.89,76.6,Seer Fish,716.67,4350.9,164.72,29.49,34.13,1.47,0.2,89.1,2.69,28.62,1.0,0.436,0.201,observed_and_verified_proxy
2017-03-01,2017,3,1,Kollam,South,8.89,76.6,Tuna,1582.86,4350.9,363.8,29.49,34.13,1.47,0.2,89.1,2.69,28.62,1.0,0.562,0.0,observed_and_verified_proxy
2017-04-01,2017,4,2,Kollam,South,8.89,76.6,Oil Sardine,2281.14,2709.7,841.85,29.85,34.28,1.85,0.35,53.4,4.24,28.97,1.05,0.378,0.0,observed_and_verified_proxy
2017-04-01,2017,4,2,Kollam,South,8.89,76.6,Indian Mackerel,1366.15,2709.7,504.18,29.85,34.28,1.85,0.35,53.4,4.24,28.97,1.05,0.337,0.0,observed_and_verified_proxy
2017-04-01,2017,4,2,Kollam,South,8.89,76.6,Seer Fish,427.35,2709.7,157.71,29.85,34.28,1.85,0.35,53.4,4.24,28.97,1.05,0.212,0.0,observed_and_verified_proxy
2017-04-01,2017,4,2,Kollam,South,8.89,76.6,Tuna,571.37,2709.7,210.86,29.85,34.28,1.85,0.35,53.4,4.24,28.97,1.05,0.246,0.0,observed_and_verified_proxy
2017-05-01,2017,5,2,Kollam,South,8.89,76.6,Oil Sardine,2655.54,2929.8,906.4,29.77,33.78,2.84,0.65,172.5,4.62,28.54,1.36,0.419,0.0,observed_and_verified_proxy
2017-05-01,2017,5,2,Kollam,South,8.89,76.6,Indian Mackerel,1260.29,2929.8,430.17,29.77,33.78,2.84,0.65,172.5,4.62,28.54,1.36,0.357,0.0,observed_and_verified_proxy
2017-05-01,2017,5,2,Kollam,South,8.89,76.6,Seer Fish,457.4,2929.8,156.12,29.77,33.78,2.84,0.65,172.5,4.62,28.54,1.36,0.238,0.0,observed_and_verified_proxy
2017-05-01,2017,5,2,Kollam,South,8.89,76.6,Tuna,524.74,2929.8,179.11,29.77,33.78,2.84,0.65,172.5,4.62,28.54,1.36,0.255,0.0,observed_and_verified_proxy
2017-06-01,2017,6,2,Kollam,South,8.89,76.6,Oil Sardine,3169.67,2738.8,1157.3,28.91,33.4,3.79,0.95,265.2,5.45,26.94,2.21,0.402,0.0,observed_and_verified_proxy
2017-06-01,2017,6,2,Kollam,South,8.89,76.6,Indian Mackerel,1211.4,2738.8,442.31,28.91,33.4,3.79,0.95,265.2,5.45,26.94,2.21,0.33,0.0,observed_and_verified_proxy
2017-06-01,2017,6,2,Kollam,South,8.89,76.6,Seer Fish,461.68,2738.8,168.57,28.91,33.4,3.79,0.95,265.2,5.45,26.94,2.21,0.224,0.0,observed_and_verified_proxy
2017-06-01,2017,6,2,Kollam,South,8.89,76.6,Tuna,528.59,2738.8,193.0,28.91,33.4,3.79,0.95,265.2,5.45,26.94,2.21,0.239,0.0,observed_and_verified_proxy
2017-07-01,2017,7,3,Kollam,South,8.89,76.6,Oil Sardine,4960.4,3134.4,1582.56,27.27,34.23,3.68,1.0,65.7,5.35,26.41,2.8,0.484,0.0,observed_and_verified_proxy
2017-07-01,2017,7,3,Kollam,South,8.89,76.6,Indian Mackerel,1725.22,3134.4,550.41,27.27,34.23,3.68,1.0,65.7,5.35,26.41,2.8,0.413,0.0,observed_and_verified_proxy
2017-07-01,2017,7,3,Kollam,South,8.89,76.6,Seer Fish,936.77,3134.4,298.87,27.27,34.23,3.68,1.0,65.7,5.35,26.41,2.8,0.348,0.0,observed_and_verified_proxy
2017-07-01,2017,7,3,Kollam,South,8.89,76.6,Tuna,785.33,3134.4,250.55,27.27,34.23,3.68,1.0,65.7,5.35,26.41,2.8,0.326,0.0,observed_and_verified_proxy
2017-08-01,2017,8,3,Kollam,South,8.89,76.6,Oil Sardine,4825.44,3468.4,1391.24,26.55,33.98,3.47,0.9,123.6,4.92,26.03,2.21,0.534,0.0,observed_and_verified_proxy
2017-08-01,2017,8,3,Kollam,South,8.89,76.6,Indian Mackerel,1843.27,3468.4,531.44,26.55,33.98,3.47,0.9,123.6,4.92,26.03,2.21,0.464,0.0,observed_and_verified_proxy
2017-08-01,2017,8,3,Kollam,South,8.89,76.6,Seer Fish,878.54,3468.4,253.29,26.55,33.98,3.47,0.9,123.6,4.92,26.03,2.21,0.376,0.0,observed_and_verified_proxy
2017-08-01,2017,8,3,Kollam,South,8.89,76.6,Tuna,830.68,3468.4,239.5,26.55,33.98,3.47,0.9,123.6,4.92,26.03,2.21,0.368,0.0,observed_and_verified_proxy
2017-09-01,2017,9,3,Kollam,South,8.89,76.6,Oil Sardine,4018.36,3143.0,1278.51,26.93,33.38,2.81,0.6,267.9,4.64,26.17,1.36,0.475,0.0,observed_and_verified_proxy
2017-09-01,2017,9,3,Kollam,South,8.89,76.6,Indian Mackerel,1822.57,3143.0,579.88,26.93,33.38,2.81,0.6,267.9,4.64,26.17,1.36,0.419,0.0,observed_and_verified_proxy
2017-09-01,2017,9,3,Kollam,South,8.89,76.6,Seer Fish,940.34,3143.0,299.18,26.93,33.38,2.81,0.6,267.9,4.64,26.17,1.36,0.349,0.0,observed_and_verified_proxy
2017-09-01,2017,9,3,Kollam,South,8.89,76.6,Tuna,857.1,3143.0,272.7,26.93,33.38,2.81,0.6,267.9,4.64,26.17,1.36,0.338,0.0,observed_and_verified_proxy
2017-10-01,2017,10,4,Kollam,South,8.89,76.6,Oil Sardine,4727.14,5192.0,910.46,27.07,33.74,1.87,0.3,182.1,3.76,26.57,1.05,0.799,0.0,observed_and_verified_proxy
2017-10-01,2017,10,4,Kollam,South,8.89,76.6,Indian Mackerel,2751.13,5192.0,529.88,27.07,33.74,1.87,0.3,182.1,3.76,26.57,1.05,0.747,0.0,observed_and_verified_proxy
2017-10-01,2017,10,4,Kollam,South,8.89,76.6,Seer Fish,1304.01,5192.0,251.16,27.07,33.74,1.87,0.3,182.1,3.76,26.57,1.05,0.638,0.272,observed_and_verified_proxy
2017-10-01,2017,10,4,Kollam,South,8.89,76.6,Tuna,2014.24,5192.0,387.95,27.07,33.74,1.87,0.3,182.1,3.76,26.57,1.05,0.707,0.058,observed_and_verified_proxy
2017-11-01,2017,11,4,Kollam,South,8.89,76.6,Oil Sardine,4026.2,5548.0,725.7,27.14,33.06,1.57,0.12,345.6,2.86,26.37,1.0,0.839,0.0,observed_and_verified_proxy
2017-11-01,2017,11,4,Kollam,South,8.89,76.6,Indian Mackerel,3022.15,5548.0,544.73,27.14,33.06,1.57,0.12,345.6,2.86,26.37,1.0,0.81,0.0,observed_and_verified_proxy
2017-11-01,2017,11,4,Kollam,South,8.89,76.6,Seer Fish,1243.93,5548.0,224.21,27.14,33.06,1.57,0.12,345.6,2.86,26.37,1.0,0.673,0.377,observed_and_verified_proxy
2017-11-01,2017,11,4,Kollam,South,8.89,76.6,Tuna,1958.01,5548.0,352.92,27.14,33.06,1.57,0.12,345.6,2.86,26.37,1.0,0.752,0.193,observed_and_verified_proxy
2017-12-01,2017,12,4,Kollam,South,8.89,76.6,Oil Sardine,4033.92,5475.0,736.79,27.51,34.12,1.08,0.06,90.6,3.65,25.75,1.0,0.828,0.0,observed_and_verified_proxy
2017-12-01,2017,12,4,Kollam,South,8.89,76.6,Indian Mackerel,3007.45,5475.0,549.3,27.51,34.12,1.08,0.06,90.6,3.65,25.75,1.0,0.798,0.0,observed_and_verified_proxy
2017-12-01,2017,12,4,Kollam,South,8.89,76.6,Seer Fish,1258.99,5475.0,229.95,27.51,34.12,1.08,0.06,90.6,3.65,25.75,1.0,0.666,0.355,observed_and_verified_proxy
2017-12-01,2017,12,4,Kollam,South,8.89,76.6,Tuna,1956.52,5475.0,357.35,27.51,34.12,1.08,0.06,90.6,3.65,25.75,1.0,0.742,0.17,observed_and_verified_proxy
2017-01-01,2017,1,1,Kannur,North,11.87,75.37,Oil Sardine,2322.29,3376.6,687.77,28.14,34.44,0.96,0.05,14.7,2.4,26.87,1.0,0.601,0.0,observed_and_verified_proxy
2017-01-01,2017,1,1,Kannur,North,11.87,75.37,Indian Mackerel,1724.34,3376.6,510.68,28.14,34.44,0.96,0.05,14.7,2.4,26.87,1.0,0.567,0.0,observed_and_verified_proxy
2017-01-01,2017,1,1,Kannur,North,11.87,75.37,Seer Fish,574.83,3376.6,170.24,28.14,34.44,0.96,0.05,14.7,2.4,26.87,1.0,0.391,0.13,observed_and_verified_proxy
2017-01-01,2017,1,1,Kannur,North,11.87,75.37,Tuna,1171.42,3376.6,346.93,28.14,34.44,0.96,0.05,14.7,2.4,26.87,1.0,0.512,0.0,observed_and_verified_proxy
2017-02-01,2017,2,1,Kannur,North,11.87,75.37,Oil Sardine,2359.2,3587.9,657.54,28.86,34.5,1.08,0.1,0.9,2.54,27.8,1.0,0.641,0.0,observed_and_verified_proxy
2017-02-01,2017,2,1,Kannur,North,11.87,75.37,Indian Mackerel,1794.34,3587.9,500.1,28.86,34.5,1.08,0.1,0.9,2.54,27.8,1.0,0.607,0.0,observed_and_verified_proxy
2017-02-01,2017,2,1,Kannur,North,11.87,75.37,Seer Fish,542.27,3587.9,151.14,28.86,34.5,1.08,0.1,0.9,2.54,27.8,1.0,0.404,0.189,observed_and_verified_proxy
2017-02-01,2017,2,1,Kannur,North,11.87,75.37,Tuna,1257.2,3587.9,350.4,28.86,34.5,1.08,0.1,0.9,2.54,27.8,1.0,0.556,0.0,observed_and_verified_proxy
2017-03-01,2017,3,1,Kannur,North,11.87,75.37,Oil Sardine,2539.49,3616.0,702.29,29.49,34.3,1.42,0.2,47.1,2.68,28.25,1.0,0.654,0.0,observed_and_verified_proxy
2017-03-01,2017,3,1,Kannur,North,11.87,75.37,Indian Mackerel,1787.91,3616.0,494.44,29.49,34.3,1.42,0.2,47.1,2.68,28.25,1.0,0.612,0.0,observed_and_verified_proxy
2017-03-01,2017,3,1,Kannur,North,11.87,75.37,Seer Fish,560.52,3616.0,155.01,29.49,34.3,1.42,0.2,47.1,2.68,28.25,1.0,0.414,0.193,observed_and_verified_proxy
2017-03-01,2017,3,1,Kannur,North,11.87,75.37,Tuna,1181.0,3616.0,326.6,29.49,34.3,1.42,0.2,47.1,2.68,28.25,1.0,0.55,0.0,observed_and_verified_proxy
2017-04-01,2017,4,2,Kannur,North,11.87,75.37,Oil Sardine,1728.02,2132.1,810.47,29.85,34.2,1.87,0.35,72.6,2.88,28.59,1.05,0.358,0.0,observed_and_verified_proxy
2017-04-01,2017,4,2,Kannur,North,11.87,75.37,Indian Mackerel,1020.5,2132.1,478.63,29.85,34.2,1.87,0.35,72.6,2.88,28.59,1.05,0.31,0.0,observed_and_verified_proxy
2017-04-01,2017,4,2,Kannur,North,11.87,75.37,Seer Fish,338.59,2132.1,158.8,29.85,34.2,1.87,0.35,72.6,2.88,28.59,1.05,0.186,0.0,observed_and_verified_proxy
2017-04-01,2017,4,2,Kannur,North,11.87,75.37,Tuna,426.87,2132.1,200.21,29.85,34.2,1.87,0.35,72.6,2.88,28.59,1.05,0.213,0.0,observed_and_verified_proxy
2017-05-01,2017,5,2,Kannur,North,11.87,75.37,Oil Sardine,2062.57,2229.7,925.04,29.77,33.64,2.88,0.65,206.1,2.89,27.94,1.36,0.388,0.0,observed_and_verified_proxy
2017-05-01,2017,5,2,Kannur,North,11.87,75.37,Indian Mackerel,1005.24,2229.7,450.84,29.77,33.64,2.88,0.65,206.1,2.89,27.94,1.36,0.322,0.0,observed_and_verified_proxy
2017-05-01,2017,5,2,Kannur,North,11.87,75.37,Seer Fish,346.59,2229.7,155.44,29.77,33.64,2.88,0.65,206.1,2.89,27.94,1.36,0.198,0.0,observed_and_verified_proxy
2017-05-01,2017,5,2,Kannur,North,11.87,75.37,Tuna,430.59,2229.7,193.12,29.77,33.64,2.88,0.65,206.1,2.89,27.94,1.36,0.223,0.0,observed_and_verified_proxy
2017-06-01,2017,6,2,Kannur,North,11.87,75.37,Oil Sardine,2536.56,2199.9,1153.06,28.91,32.76,3.98,0.95,417.0,3.52,26.65,2.21,0.398,0.0,observed_and_verified_proxy
2017-06-01,2017,6,2,Kannur,North,11.87,75.37,Indian Mackerel,877.33,2199.9,398.81,28.91,32.76,3.98,0.95,417.0,3.52,26.65,2.21,0.303,0.0,observed_and_verified_proxy
2017-06-01,2017,6,2,Kannur,North,11.87,75.37,Seer Fish,341.37,2199.9,155.18,28.91,32.76,3.98,0.95,417.0,3.52,26.65,2.21,0.193,0.0,observed_and_verified_proxy
2017-06-01,2017,6,2,Kannur,North,11.87,75.37,Tuna,449.14,2199.9,204.17,28.91,32.76,3.98,0.95,417.0,3.52,26.65,2.21,0.225,0.0,observed_and_verified_proxy
2017-07-01,2017,7,3,Kannur,North,11.87,75.37,Oil Sardine,3685.4,2519.9,1462.5,27.27,33.07,4.03,1.0,342.9,3.37,25.83,2.8,0.48,0.0,observed_and_verified_proxy
2017-07-01,2017,7,3,Kannur,North,11.87,75.37,Indian Mackerel,1340.74,2519.9,532.05,27.27,33.07,4.03,1.0,342.9,3.37,25.83,2.8,0.397,0.0,observed_and_verified_proxy
2017-07-01,2017,7,3,Kannur,North,11.87,75.37,Seer Fish,730.03,2519.9,289.7,27.27,33.07,4.03,1.0,342.9,3.37,25.83,2.8,0.324,0.0,observed_and_verified_proxy
2017-07-01,2017,7,3,Kannur,North,11.87,75.37,Tuna,648.52,2519.9,257.35,27.27,33.07,4.03,1.0,342.9,3.37,25.83,2.8,0.308,0.0,observed_and_verified_proxy
2017-08-01,2017,8,3,Kannur,North,11.87,75.37,Oil Sardine,3672.98,2758.9,1331.32,26.55,32.86,3.81,0.9,393.0,3.22,25.43,2.21,0.526,0.0,observed_and_verified_proxy
2017-08-01,2017,8,3,Kannur,North,11.87,75.37,Indian Mackerel,1403.04,2758.9,508.55,26.55,32.86,3.81,0.9,393.0,3.22,25.43,2.21,0.44,0.0,observed_and_verified_proxy
2017-08-01,2017,8,3,Kannur,North,11.87,75.37,Seer Fish,742.73,2758.9,269.21,26.55,32.86,3.81,0.9,393.0,3.22,25.43,2.21,0.357,0.0,observed_and_verified_proxy
2017-08-01,2017,8,3,Kannur,North,11.87,75.37,Tuna,666.85,2758.9,241.71,26.55,32.86,3.81,0.9,393.0,3.22,25.43,2.21,0.341,0.0,observed_and_verified_proxy
2017-09-01,2017,9,3,Kannur,North,11.87,75.37,Oil Sardine,3210.65,2410.7,1331.84,26.93,33.08,2.9,0.6,339.9,3.01,25.74,1.36,0.451,0.0,observed_and_verified_proxy
2017-09-01,2017,9,3,Kannur,North,11.87,75.37,Indian Mackerel,1412.28,2410.7,585.84,26.93,33.08,2.9,0.6,339.9,3.01,25.74,1.36,0.385,0.0,observed_and_verified_proxy
2017-09-01,2017,9,3,Kannur,North,11.87,75.37,Seer Fish,718.87,2410.7,298.2,26.93,33.08,2.9,0.6,339.9,3.01,25.74,1.36,0.308,0.0,observed_and_verified_proxy
2017-09-01,2017,9,3,Kannur,North,11.87,75.37,Tuna,674.42,2410.7,279.76,26.93,33.08,2.9,0.6,339.9,3.01,25.74,1.36,0.3,0.0,observed_and_verified_proxy
2017-10-01,2017,10,4,Kannur,North,11.87,75.37,Oil Sardine,3766.11,4283.3,879.25,27.07,33.89,1.82,0.3,147.0,2.0,26.15,1.05,0.818,0.0,observed_and_verified_proxy
2017-10-01,2017,10,4,Kannur,North,11.87,75.37,Indian Mackerel,2321.78,4283.3,542.05,27.07,33.89,1.82,0.3,147.0,2.0,26.15,1.05,0.763,0.0,observed_and_verified_proxy
2017-10-01,2017,10,4,Kannur,North,11.87,75.37,Seer Fish,1047.38,4283.3,244.52,27.07,33.89,1.82,0.3,147.0,2.0,26.15,1.05,0.628,0.272,observed_and_verified_proxy
2017-10-01,2017,10,4,Kannur,North,11.87,75.37,Tuna,1560.72,4283.3,364.37,27.07,33.89,1.82,0.3,147.0,2.0,26.15,1.05,0.702,0.103,observed_and_verified_proxy
2017-11-01,2017,11,4,Kannur,North,11.87,75.37,Oil Sardine,3169.54,4395.6,721.08,27.14,34.16,1.24,0.12,81.3,1.8,26.34,1.0,0.822,0.0,observed_and_verified_proxy
2017-11-01,2017,11,4,Kannur,North,11.87,75.37,Indian Mackerel,2282.77,4395.6,519.33,27.14,34.16,1.24,0.12,81.3,1.8,26.34,1.0,0.78,0.0,observed_and_verified_proxy
2017-11-01,2017,11,4,Kannur,North,11.87,75.37,Seer Fish,985.75,4395.6,224.26,27.14,34.16,1.24,0.12,81.3,1.8,26.34,1.0,0.631,0.322,observed_and_verified_proxy
2017-11-01,2017,11,4,Kannur,North,11.87,75.37,Tuna,1504.66,4395.6,342.31,27.14,34.16,1.24,0.12,81.3,1.8,26.34,1.0,0.714,0.168,observed_and_verified_proxy
2017-12-01,2017,12,4,Kannur,North,11.87,75.37,Oil Sardine,2986.31,4393.1,679.78,27.51,34.34,1.02,0.06,38.4,2.24,25.77,1.0,0.815,0.0,observed_and_verified_proxy
2017-12-01,2017,12,4,Kannur,North,11.87,75.37,Indian Mackerel,2230.98,4393.1,507.84,27.51,34.34,1.02,0.06,38.4,2.24,25.77,1.0,0.777,0.0,observed_and_verified_proxy
2017-12-01,2017,12,4,Kannur,North,11.87,75.37,Seer Fish,1041.57,4393.1,237.09,27.51,34.34,1.02,0.06,38.4,2.24,25.77,1.0,0.642,0.308,observed_and_verified_proxy
2017-12-01,2017,12,4,Kannur,North,11.87,75.37,Tuna,1569.73,4393.1,357.32,27.51,34.34,1.02,0.06,38.4,2.24,25.77,1.0,0.721,0.143,observed_and_verified_proxy
2017-01-01,2017,1,1,Thiruvananthapuram,South,8.52,76.94,Oil Sardine,1923.87,2732.0,704.2,28.14,34.45,0.96,0.05,13.2,3.44,27.34,1.0,0.574,0.0,observed_and_verified_proxy
2017-01-01,2017,1,1,Thiruvananthapuram,South,8.52,76.94,Indian Mackerel,1374.8,2732.0,503.23,28.14,34.45,0.96,0.05,13.2,3.44,27.34,1.0,0.53,0.0,observed_and_verified_proxy
2017-01-01,2017,1,1,Thiruvananthapuram,South,8.52,76.94,Seer Fish,486.13,2732.0,177.94,28.14,34.45,0.96,0.05,13.2,3.44,27.34,1.0,0.356,0.068,observed_and_verified_proxy
2017-01-01,2017,1,1,Thiruvananthapuram,South,8.52,76.94,Tuna,1012.91,2732.0,370.76,28.14,34.45,0.96,0.05,13.2,3.44,27.34,1.0,0.484,0.0,observed_and_verified_proxy
2017-02-01,2017,2,1,Thiruvananthapuram,South,8.52,76.94,Oil Sardine,1950.87,2861.6,681.75,28.86,34.5,1.08,0.1,0.6,3.7,27.99,1.0,0.603,0.0,observed_and_verified_proxy
2017-02-01,2017,2,1,Thiruvananthapuram,South,8.52,76.94,Indian Mackerel,1475.65,2861.6,515.68,28.86,34.5,1.08,0.1,0.6,3.7,27.99,1.0,0.565,0.0,observed_and_verified_proxy
2017-02-01,2017,2,1,Thiruvananthapuram,South,8.52,76.94,Seer Fish,481.6,2861.6,168.3,28.86,34.5,1.08,0.1,0.6,3.7,27.99,1.0,0.371,0.109,observed_and_verified_proxy
2017-02-01,2017,2,1,Thiruvananthapuram,South,8.52,76.94,Tuna,946.31,2861.6,330.7,28.86,34.5,1.08,0.1,0.6,3.7,27.99,1.0,0.495,0.0,observed_and_verified_proxy
2017-03-01,2017,3,1,Thiruvananthapuram,South,8.52,76.94,Oil Sardine,2174.71,2667.7,815.2,29.49,34.13,1.47,0.2,89.1,2.69,28.62,1.0,0.574,0.0,observed_and_verified_proxy
2017-03-01,2017,3,1,Thiruvananthapuram,South,8.52,76.94,Indian Mackerel,1339.95,2667.7,502.29,29.49,34.13,1.47,0.2,89.1,2.69,28.62,1.0,0.514,0.0,observed_and_verified_proxy
2017-03-01,2017,3,1,Thiruvananthapuram,South,8.52,76.94,Seer Fish,466.37,2667.7,174.82,29.49,34.13,1.47,0.2,89.1,2.69,28.62,1.0,0.341,0.054,observed_and_verified_proxy
2017-03-01,2017,3,1,Thiruvananthapuram,South,8.52,76.94,Tuna,985.02,2667.7,369.24,29.49,34.13,1.47,0.2,89.1,2.69,28.62,1.0,0.468,0.0,observed_and_verified_proxy
2017-04-01,2017,4,2,Thiruvananthapuram,South,8.52,76.94,Oil Sardine,1481.24,1653.0,896.09,29.85,34.28,1.85,0.35,53.4,4.24,28.97,1.05,0.327,0.0,observed_and_verified_proxy
2017-04-01,2017,4,2,Thiruvananthapuram,South,8.52,76.94,Indian Mackerel,830.54,1653.0,502.45,29.85,34.28,1.85,0.35,53.4,4.24,28.97,1.05,0.273,0.0,observed_and_verified_proxy
2017-04-01,2017,4,2,Thiruvananthapuram,South,8.52,76.94,Seer Fish,286.54,1653.0,173.35,29.85,34.28,1.85,0.35,53.4,4.24,28.97,1.05,0.159,0.0,observed_and_verified_proxy
2017-04-01,2017,4,2,Thiruvananthapuram,South,8.52,76.94,Tuna,355.47,1653.0,215.05,29.85,34.28,1.85,0.35,53.4,4.24,28.97,1.05,0.182,0.0,observed_and_verified_proxy
2017-05-01,2017,5,2,Thiruvananthapuram,South,8.52,76.94,Oil Sardine,1730.38,1692.7,1022.27,29.77,33.78,2.84,0.65,172.5,4.62,28.54,1.36,0.347,0.0,observed_and_verified_proxy
2017-05-01,2017,5,2,Thiruvananthapuram,South,8.52,76.94,Indian Mackerel,784.48,1692.7,463.45,29.77,33.78,2.84,0.65,172.5,4.62,28.54,1.36,0.273,0.0,observed_and_verified_proxy
2017-05-01,2017,5,2,Thiruvananthapuram,South,8.52,76.94,Seer Fish,275.42,1692.7,162.71,29.77,33.78,2.84,0.65,172.5,4.62,28.54,1.36,0.159,0.0,observed_and_verified_proxy
2017-05-01,2017,5,2,Thiruvananthapuram,South,8.52,76.94,Tuna,353.14,1692.7,208.63,29.77,33.78,2.84,0.65,172.5,4.62,28.54,1.36,0.185,0.0,observed_and_verified_proxy
2017-06-01,2017,6,2,Thiruvananthapuram,South,8.52,76.94,Oil Sardine,2042.06,1846.4,1105.95,28.91,33.4,3.79,0.95,265.2,5.45,26.94,2.21,0.392,0.0,observed_and_verified_proxy
2017-06-01,2017,6,2,Thiruvananthapuram,South,8.52,76.94,Indian Mackerel,790.62,1846.4,428.19,28.91,33.4,3.79,0.95,265.2,5.45,26.94,2.21,0.299,0.0,observed_and_verified_proxy
2017-06-01,2017,6,2,Thiruvananthapuram,South,8.52,76.94,Seer Fish,281.23,1846.4,152.31,28.91,33.4,3.79,0.95,265.2,5.45,26.94,2.21,0.176,0.0,observed_and_verified_proxy
2017-06-01,2017,6,2,Thiruvananthapuram,South,8.52,76.94,Tuna,365.23,1846.4,197.8,28.91,33.4,3.79,0.95,265.2,5.45,26.94,2.21,0.206,0.0,observed_and_verified_proxy
2017-07-01,2017,7,3,Thiruvananthapuram,South,8.52,76.94,Oil Sardine,3125.39,2285.8,1367.29,27.27,34.23,3.68,1.0,65.7,5.35,26.41,2.8,0.521,0.0,observed_and_verified_proxy
2017-07-01,2017,7,3,Thiruvananthapuram,South,8.52,76.94,Indian Mackerel,1071.2,2285.8,468.63,27.27,34.23,3.68,1.0,65.7,5.35,26.41,2.8,0.412,0.0,observed_and_verified_proxy
2017-07-01,2017,7,3,Thiruvananthapuram,South,8.52,76.94,Seer Fish,600.82,2285.8,262.84,27.27,34.23,3.68,1.0,65.7,5.35,26.41,2.8,0.33,0.0,observed_and_verified_proxy
2017-07-01,2017,7,3,Thiruvananthapuram,South,8.52,76.94,Tuna,506.07,2285.8,221.39,27.27,34.23,3.68,1.0,65.7,5.35,26.41,2.8,0.304,0.0,observed_and_verified_proxy
2017-08-01,2017,8,3,Thiruvananthapuram,South,8.52,76.94,Oil Sardine,2938.21,2086.2,1408.41,26.55,33.98,3.47,0.9,123.6,4.92,26.03,2.21,0.472,0.0,observed_and_verified_proxy
2017-08-01,2017,8,3,Thiruvananthapuram,South,8.52,76.94,Indian Mackerel,1146.05,2086.2,549.35,26.55,33.98,3.47,0.9,123.6,4.92,26.03,2.21,0.384,0.0,observed_and_verified_proxy
2017-08-01,2017,8,3,Thiruvananthapuram,South,8.52,76.94,Seer Fish,568.16,2086.2,272.34,26.55,33.98,3.47,0.9,123.6,4.92,26.03,2.21,0.294,0.0,observed_and_verified_proxy
2017-08-01,2017,8,3,Thiruvananthapuram,South,8.52,76.94,Tuna,550.1,2086.2,263.69,26.55,33.98,3.47,0.9,123.6,4.92,26.03,2.21,0.289,0.0,observed_and_verified_proxy
2017-09-01,2017,9,3,Thiruvananthapuram,South,8.52,76.94,Oil Sardine,2618.31,2002.5,1307.53,26.93,33.38,2.81,0.6,267.9,4.64,26.17,1.36,0.445,0.0,observed_and_verified_proxy
2017-09-01,2017,9,3,Thiruvananthapuram,South,8.52,76.94,Indian Mackerel,1190.94,2002.5,594.73,26.93,33.38,2.81,0.6,267.9,4.64,26.17,1.36,0.373,0.0,observed_and_verified_proxy
2017-09-01,2017,9,3,Thiruvananthapuram,South,8.52,76.94,Seer Fish,596.65,2002.5,297.95,26.93,33.38,2.81,0.6,267.9,4.64,26.17,1.36,0.288,0.0,observed_and_verified_proxy
2017-09-01,2017,9,3,Thiruvananthapuram,South,8.52,76.94,Tuna,550.63,2002.5,274.97,26.93,33.38,2.81,0.6,267.9,4.64,26.17,1.36,0.278,0.0,observed_and_verified_proxy
2017-10-01,2017,10,4,Thiruvananthapuram,South,8.52,76.94,Oil Sardine,2955.42,3274.2,902.65,27.07,33.74,1.87,0.3,182.1,3.76,26.57,1.05,0.741,0.0,observed_and_verified_proxy
2017-10-01,2017,10,4,Thiruvananthapuram,South,8.52,76.94,Indian Mackerel,1785.5,3274.2,545.33,27.07,33.74,1.87,0.3,182.1,3.76,26.57,1.05,0.677,0.0,observed_and_verified_proxy
2017-10-01,2017,10,4,Thiruvananthapuram,South,8.52,76.94,Seer Fish,788.83,3274.2,240.93,27.07,33.74,1.87,0.3,182.1,3.76,26.57,1.05,0.53,0.154,observed_and_verified_proxy
2017-10-01,2017,10,4,Thiruvananthapuram,South,8.52,76.94,Tuna,1342.24,3274.2,409.95,27.07,33.74,1.87,0.3,182.1,3.76,26.57,1.05,0.631,0.0,observed_and_verified_proxy
2017-11-01,2017,11,4,Thiruvananthapuram,South,8.52,76.94,Oil Sardine,2612.42,3556.7,734.5,27.14,33.06,1.57,0.12,345.6,2.86,26.37,1.0,0.79,0.0,observed_and_verified_proxy
2017-11-01,2017,11,4,Thiruvananthapuram,South,8.52,76.94,Indian Mackerel,1890.88,3556.7,531.64,27.14,33.06,1.57,0.12,345.6,2.86,26.37,1.0,0.744,0.0,observed_and_verified_proxy
2017-11-01,2017,11,4,Thiruvananthapuram,South,8.52,76.94,Seer Fish,791.13,3556.7,222.43,27.14,33.06,1.57,0.12,345.6,2.86,26.37,1.0,0.577,0.255,observed_and_verified_proxy
2017-11-01,2017,11,4,Thiruvananthapuram,South,8.52,76.94,Tuna,1295.87,3556.7,364.34,27.14,33.06,1.57,0.12,345.6,2.86,26.37,1.0,0.679,0.073,observed_and_verified_proxy
2017-12-01,2017,12,4,Thiruvananthapuram,South,8.52,76.94,Oil Sardine,2528.36,3407.9,741.9,27.51,34.12,1.08,0.06,90.6,3.65,25.75,1.0,0.753,0.0,observed_and_verified_proxy
2017-12-01,2017,12,4,Thiruvananthapuram,South,8.52,76.94,Indian Mackerel,1977.8,3407.9,580.35,27.51,34.12,1.08,0.06,90.6,3.65,25.75,1.0,0.72,0.0,observed_and_verified_proxy
2017-12-01,2017,12,4,Thiruvananthapuram,South,8.52,76.94,Seer Fish,811.85,3407.9,238.22,27.51,34.12,1.08,0.06,90.6,3.65,25.75,1.0,0.558,0.196,observed_and_verified_proxy
2017-12-01,2017,12,4,Thiruvananthapuram,South,8.52,76.94,Tuna,1251.06,3407.9,367.1,27.51,34.12,1.08,0.06,90.6,3.65,25.75,1.0,0.644,0.022,observed_and_verified_proxy
2017-01-01,2017,1,1,Malappuram,North,11.07,76.07,Oil Sardine,1468.64,2020.9,726.73,28.14,34.44,0.96,0.05,14.7,2.4,26.87,1.0,0.513,0.0,observed_and_verified_proxy
2017-01-01,2017,1,1,Malappuram,North,11.07,76.07,Indian Mackerel,1159.23,2020.9,573.62,28.14,34.44,0.96,0.05,14.7,2.4,26.87,1.0,0.48,0.0,observed_and_verified_proxy
2017-01-01,2017,1,1,Malappuram,North,11.07,76.07,Seer Fish,347.54,2020.9,171.97,28.14,34.44,0.96,0.05,14.7,2.4,26.87,1.0,0.282,0.0,observed_and_verified_proxy
2017-01-01,2017,1,1,Malappuram,North,11.07,76.07,Tuna,774.02,2020.9,383.01,28.14,34.44,0.96,0.05,14.7,2.4,26.87,1.0,0.418,0.0,observed_and_verified_proxy
2017-02-01,2017,2,1,Malappuram,North,11.07,76.07,Oil Sardine,1584.75,2070.4,765.42,28.86,34.5,1.08,0.1,0.9,2.54,27.8,1.0,0.535,0.0,observed_and_verified_proxy
2017-02-01,2017,2,1,Malappuram,North,11.07,76.07,Indian Mackerel,1153.85,2070.4,557.3,28.86,34.5,1.08,0.1,0.9,2.54,27.8,1.0,0.491,0.0,observed_and_verified_proxy
2017-02-01,2017,2,1,Malappuram,North,11.07,76.07,Seer Fish,369.37,2070.4,178.4,28.86,34.5,1.08,0.1,0.9,2.54,27.8,1.0,0.299,0.0,observed_and_verified_proxy
2017-02-01,2017,2,1,Malappuram,North,11.07,76.07,Tuna,734.74,2070.4,354.87,28.86,34.5,1.08,0.1,0.9,2.54,27.8,1.0,0.419,0.0,observed_and_verified_proxy
2017-03-01,2017,3,1,Malappuram,North,11.07,76.07,Oil Sardine,1615.44,2248.3,718.5,29.49,34.3,1.42,0.2,47.1,2.68,28.25,1.0,0.584,0.0,observed_and_verified_proxy
2017-03-01,2017,3,1,Malappuram,North,11.07,76.07,Indian Mackerel,1043.73,2248.3,464.22,29.49,34.3,1.42,0.2,47.1,2.68,28.25,1.0,0.517,0.0,observed_and_verified_proxy
2017-03-01,2017,3,1,Malappuram,North,11.07,76.07,Seer Fish,368.24,2248.3,163.78,29.49,34.3,1.42,0.2,47.1,2.68,28.25,1.0,0.324,0.058,observed_and_verified_proxy
2017-03-01,2017,3,1,Malappuram,North,11.07,76.07,Tuna,750.51,2248.3,333.81,29.49,34.3,1.42,0.2,47.1,2.68,28.25,1.0,0.459,0.0,observed_and_verified_proxy
2017-04-01,2017,4,2,Malappuram,North,11.07,76.07,Oil Sardine,1107.87,1442.5,768.01,29.85,34.2,1.87,0.35,72.6,2.88,28.59,1.05,0.338,0.0,observed_and_verified_proxy
2017-04-01,2017,4,2,Malappuram,North,11.07,76.07,Indian Mackerel,642.83,1442.5,445.63,29.85,34.2,1.87,0.35,72.6,2.88,28.59,1.05,0.276,0.0,observed_and_verified_proxy
2017-04-01,2017,4,2,Malappuram,North,11.07,76.07,Seer Fish,218.72,1442.5,151.62,29.85,34.2,1.87,0.35,72.6,2.88,28.59,1.05,0.149,0.0,observed_and_verified_proxy
2017-04-01,2017,4,2,Malappuram,North,11.07,76.07,Tuna,263.12,1442.5,182.4,29.85,34.2,1.87,0.35,72.6,2.88,28.59,1.05,0.169,0.0,observed_and_verified_proxy
2017-05-01,2017,5,2,Malappuram,North,11.07,76.07,Oil Sardine,1380.31,1379.2,1000.8,29.77,33.64,2.88,0.65,206.1,2.89,27.94,1.36,0.344,0.0,observed_and_verified_proxy
2017-05-01,2017,5,2,Malappuram,North,11.07,76.07,Indian Mackerel,616.04,1379.2,446.67,29.77,33.64,2.88,0.65,206.1,2.89,27.94,1.36,0.259,0.0,observed_and_verified_proxy
2017-05-01,2017,5,2,Malappuram,North,11.07,76.07,Seer Fish,215.0,1379.2,155.88,29.77,33.64,2.88,0.65,206.1,2.89,27.94,1.36,0.141,0.0,observed_and_verified_proxy
2017-05-01,2017,5,2,Malappuram,North,11.07,76.07,Tuna,270.19,1379.2,195.91,29.77,33.64,2.88,0.65,206.1,2.89,27.94,1.36,0.165,0.0,observed_and_verified_proxy
2017-06-01,2017,6,2,Malappuram,North,11.07,76.07,Oil Sardine,1610.56,1419.4,1134.7,28.91,32.76,3.98,0.95,417.0,3.52,26.65,2.21,0.368,0.0,observed_and_verified_proxy
2017-06-01,2017,6,2,Malappuram,North,11.07,76.07,Indian Mackerel,588.16,1419.4,414.38,28.91,32.76,3.98,0.95,417.0,3.52,26.65,2.21,0.261,0.0,observed_and_verified_proxy
2017-06-01,2017,6,2,Malappuram,North,11.07,76.07,Seer Fish,224.39,1419.4,158.09,28.91,32.76,3.98,0.95,417.0,3.52,26.65,2.21,0.15,0.0,observed_and_verified_proxy
2017-06-01,2017,6,2,Malappuram,North,11.07,76.07,Tuna,273.58,1419.4,192.74,28.91,32.76,3.98,0.95,417.0,3.52,26.65,2.21,0.171,0.0,observed_and_verified_proxy
2017-07-01,2017,7,3,Malappuram,North,11.07,76.07,Oil Sardine,2483.56,1552.2,1600.01,27.27,33.07,4.03,1.0,342.9,3.37,25.83,2.8,0.439,0.0,observed_and_verified_proxy
2017-07-01,2017,7,3,Malappuram,North,11.07,76.07,Indian Mackerel,839.37,1552.2,540.75,27.27,33.07,4.03,1.0,342.9,3.37,25.83,2.8,0.331,0.0,observed_and_verified_proxy
2017-07-01,2017,7,3,Malappuram,North,11.07,76.07,Seer Fish,457.66,1552.2,294.84,27.27,33.07,4.03,1.0,342.9,3.37,25.83,2.8,0.252,0.0,observed_and_verified_proxy
2017-07-01,2017,7,3,Malappuram,North,11.07,76.07,Tuna,396.5,1552.2,255.44,27.27,33.07,4.03,1.0,342.9,3.37,25.83,2.8,0.234,0.0,observed_and_verified_proxy
2017-08-01,2017,8,3,Malappuram,North,11.07,76.07,Oil Sardine,2404.12,1724.5,1394.14,26.55,32.86,3.81,0.9,393.0,3.22,25.43,2.21,0.486,0.0,observed_and_verified_proxy
2017-08-01,2017,8,3,Malappuram,North,11.07,76.07,Indian Mackerel,920.7,1724.5,533.91,26.55,32.86,3.81,0.9,393.0,3.22,25.43,2.21,0.38,0.0,observed_and_verified_proxy
2017-08-01,2017,8,3,Malappuram,North,11.07,76.07,Seer Fish,452.85,1724.5,262.6,26.55,32.86,3.81,0.9,393.0,3.22,25.43,2.21,0.279,0.0,observed_and_verified_proxy
2017-08-01,2017,8,3,Malappuram,North,11.07,76.07,Tuna,411.22,1724.5,238.46,26.55,32.86,3.81,0.9,393.0,3.22,25.43,2.21,0.265,0.0,observed_and_verified_proxy
2017-09-01,2017,9,3,Malappuram,North,11.07,76.07,Oil Sardine,2035.77,1681.4,1210.76,26.93,33.08,2.9,0.6,339.9,3.01,25.74,1.36,0.459,0.0,observed_and_verified_proxy
2017-09-01,2017,9,3,Malappuram,North,11.07,76.07,Indian Mackerel,962.07,1681.4,572.18,26.93,33.08,2.9,0.6,339.9,3.01,25.74,1.36,0.376,0.0,observed_and_verified_proxy
2017-09-01,2017,9,3,Malappuram,North,11.07,76.07,Seer Fish,441.88,1681.4,262.81,26.93,33.08,2.9,0.6,339.9,3.01,25.74,1.36,0.268,0.0,observed_and_verified_proxy
2017-09-01,2017,9,3,Malappuram,North,11.07,76.07,Tuna,392.18,1681.4,233.25,26.93,33.08,2.9,0.6,339.9,3.01,25.74,1.36,0.251,0.0,observed_and_verified_proxy
2017-10-01,2017,10,4,Malappuram,North,11.07,76.07,Oil Sardine,2391.5,2667.2,896.65,27.07,33.89,1.82,0.3,147.0,2.0,26.15,1.05,0.75,0.0,observed_and_verified_proxy
2017-10-01,2017,10,4,Malappuram,North,11.07,76.07,Indian Mackerel,1347.3,2667.2,505.15,27.07,33.89,1.82,0.3,147.0,2.0,26.15,1.05,0.662,0.0,observed_and_verified_proxy
2017-10-01,2017,10,4,Malappuram,North,11.07,76.07,Seer Fish,662.11,2667.2,248.24,27.07,33.89,1.82,0.3,147.0,2.0,26.15,1.05,0.517,0.12,observed_and_verified_proxy
2017-10-01,2017,10,4,Malappuram,North,11.07,76.07,Tuna,1036.17,2667.2,388.49,27.07,33.89,1.82,0.3,147.0,2.0,26.15,1.05,0.612,0.0,observed_and_verified_proxy
2017-11-01,2017,11,4,Malappuram,North,11.07,76.07,Oil Sardine,1963.9,2649.2,741.31,27.14,34.16,1.24,0.12,81.3,1.8,26.34,1.0,0.718,0.0,observed_and_verified_proxy
2017-11-01,2017,11,4,Malappuram,North,11.07,76.07,Indian Mackerel,1384.54,2649.2,522.62,27.14,34.16,1.24,0.12,81.3,1.8,26.34,1.0,0.662,0.0,observed_and_verified_proxy
2017-11-01,2017,11,4,Malappuram,North,11.07,76.07,Seer Fish,627.35,2649.2,236.8,27.14,34.16,1.24,0.12,81.3,1.8,26.34,1.0,0.501,0.126,observed_and_verified_proxy
2017-11-01,2017,11,4,Malappuram,North,11.07,76.07,Tuna,982.44,2649.2,370.84,27.14,34.16,1.24,0.12,81.3,1.8,26.34,1.0,0.597,0.0,observed_and_verified_proxy
2017-12-01,2017,12,4,Malappuram,North,11.07,76.07,Oil Sardine,1840.77,2837.0,648.84,27.51,34.34,1.02,0.06,38.4,2.24,25.77,1.0,0.759,0.0,observed_and_verified_proxy
2017-12-01,2017,12,4,Malappuram,North,11.07,76.07,Indian Mackerel,1466.32,2837.0,516.85,27.51,34.34,1.02,0.06,38.4,2.24,25.77,1.0,0.72,0.0,observed_and_verified_proxy
2017-12-01,2017,12,4,Malappuram,North,11.07,76.07,Seer Fish,665.08,2837.0,234.43,27.51,34.34,1.02,0.06,38.4,2.24,25.77,1.0,0.551,0.195,observed_and_verified_proxy
2017-12-01,2017,12,4,Malappuram,North,11.07,76.07,Tuna,1025.2,2837.0,361.37,27.51,34.34,1.02,0.06,38.4,2.24,25.77,1.0,0.649,0.04,observed_and_verified_proxy
2017-01-01,2017,1,1,Thrissur,Central,10.52,76.21,Oil Sardine,1057.2,1604.9,658.73,28.14,34.41,0.97,0.05,21.0,2.12,27.75,1.0,0.519,0.0,observed_and_verified_proxy
2017-01-01,2017,1,1,Thrissur,Central,10.52,76.21,Indian Mackerel,815.27,1604.9,507.98,28.14,34.41,0.97,0.05,21.0,2.12,27.75,1.0,0.474,0.0,observed_and_verified_proxy
2017-01-01,2017,1,1,Thrissur,Central,10.52,76.21,Seer Fish,247.81,1604.9,154.4,28.14,34.41,0.97,0.05,21.0,2.12,27.75,1.0,0.253,0.0,observed_and_verified_proxy
2017-01-01,2017,1,1,Thrissur,Central,10.52,76.21,Tuna,569.85,1604.9,355.07,28.14,34.41,0.97,0.05,21.0,2.12,27.75,1.0,0.407,0.0,observed_and_verified_proxy
2017-02-01,2017,2,1,Thrissur,Central,10.52,76.21,Oil Sardine,1049.55,1636.8,641.22,28.86,34.49,1.08,0.1,1.2,2.4,28.83,1.0,0.528,0.0,observed_and_verified_proxy
2017-02-01,2017,2,1,Thrissur,Central,10.52,76.21,Indian Mackerel,798.02,1636.8,487.55,28.86,34.49,1.08,0.1,1.2,2.4,28.83,1.0,0.479,0.0,observed_and_verified_proxy
2017-02-01,2017,2,1,Thrissur,Central,10.52,76.21,Seer Fish,256.86,1636.8,156.92,28.86,34.49,1.08,0.1,1.2,2.4,28.83,1.0,0.265,0.0,observed_and_verified_proxy
2017-02-01,2017,2,1,Thrissur,Central,10.52,76.21,Tuna,538.62,1636.8,329.07,28.86,34.49,1.08,0.1,1.2,2.4,28.83,1.0,0.404,0.0,observed_and_verified_proxy
2017-03-01,2017,3,1,Thrissur,Central,10.52,76.21,Oil Sardine,1173.48,1632.5,718.83,29.49,34.13,1.47,0.2,89.4,2.57,28.83,1.0,0.545,0.0,observed_and_verified_proxy
2017-03-01,2017,3,1,Thrissur,Central,10.52,76.21,Indian Mackerel,813.43,1632.5,498.28,29.49,34.13,1.47,0.2,89.4,2.57,28.83,1.0,0.481,0.0,observed_and_verified_proxy
2017-03-01,2017,3,1,Thrissur,Central,10.52,76.21,Seer Fish,267.2,1632.5,163.68,29.49,34.13,1.47,0.2,89.4,2.57,28.83,1.0,0.271,0.0,observed_and_verified_proxy
2017-03-01,2017,3,1,Thrissur,Central,10.52,76.21,Tuna,524.23,1632.5,321.12,29.49,34.13,1.47,0.2,89.4,2.57,28.83,1.0,0.398,0.0,observed_and_verified_proxy
2017-04-01,2017,4,2,Thrissur,Central,10.52,76.21,Oil Sardine,786.44,1035.5,759.48,29.85,34.3,1.84,0.35,47.4,3.33,29.4,1.05,0.301,0.0,observed_and_verified_proxy
2017-04-01,2017,4,2,Thrissur,Central,10.52,76.21,Indian Mackerel,451.64,1035.5,436.16,29.85,34.3,1.84,0.35,47.4,3.33,29.4,1.05,0.234,0.0,observed_and_verified_proxy
2017-04-01,2017,4,2,Thrissur,Central,10.52,76.21,Seer Fish,158.32,1035.5,152.9,29.85,34.3,1.84,0.35,47.4,3.33,29.4,1.05,0.119,0.0,observed_and_verified_proxy
2017-04-01,2017,4,2,Thrissur,Central,10.52,76.21,Tuna,201.35,1035.5,194.45,29.85,34.3,1.84,0.35,47.4,3.33,29.4,1.05,0.142,0.0,observed_and_verified_proxy
2017-05-01,2017,5,2,Thrissur,Central,10.52,76.21,Oil Sardine,1006.7,949.4,1060.35,29.77,33.18,3.02,0.65,316.2,3.5,28.57,1.36,0.302,0.0,observed_and_verified_proxy
2017-05-01,2017,5,2,Thrissur,Central,10.52,76.21,Indian Mackerel,439.05,949.4,462.45,29.77,33.18,3.02,0.65,316.2,3.5,28.57,1.36,0.211,0.0,observed_and_verified_proxy
2017-05-01,2017,5,2,Thrissur,Central,10.52,76.21,Seer Fish,155.46,949.4,163.74,29.77,33.18,3.02,0.65,316.2,3.5,28.57,1.36,0.107,0.0,observed_and_verified_proxy
2017-05-01,2017,5,2,Thrissur,Central,10.52,76.21,Tuna,190.32,949.4,200.47,29.77,33.18,3.02,0.65,316.2,3.5,28.57,1.36,0.125,0.0,observed_and_verified_proxy
2017-06-01,2017,6,2,Thrissur,Central,10.52,76.21,Oil Sardine,1104.02,948.2,1164.38,28.91,32.59,4.03,0.95,457.8,4.14,27.22,2.21,0.311,0.0,observed_and_verified_proxy
2017-06-01,2017,6,2,Thrissur,Central,10.52,76.21,Indian Mackerel,406.1,948.2,428.3,28.91,32.59,4.03,0.95,457.8,4.14,27.22,2.21,0.202,0.0,observed_and_verified_proxy
2017-06-01,2017,6,2,Thrissur,Central,10.52,76.21,Seer Fish,162.55,948.2,171.43,28.91,32.59,4.03,0.95,457.8,4.14,27.22,2.21,0.111,0.0,observed_and_verified_proxy
2017-06-01,2017,6,2,Thrissur,Central,10.52,76.21,Tuna,199.7,948.2,210.62,28.91,32.59,4.03,0.95,457.8,4.14,27.22,2.21,0.129,0.0,observed_and_verified_proxy
2017-07-01,2017,7,3,Thrissur,Central,10.52,76.21,Oil Sardine,1744.64,1279.3,1363.77,27.27,33.26,3.97,1.0,298.2,3.76,26.47,2.8,0.473,0.0,observed_and_verified_proxy
2017-07-01,2017,7,3,Thrissur,Central,10.52,76.21,Indian Mackerel,593.37,1279.3,463.83,27.27,33.26,3.97,1.0,298.2,3.76,26.47,2.8,0.331,0.0,observed_and_verified_proxy
2017-07-01,2017,7,3,Thrissur,Central,10.52,76.21,Seer Fish,323.7,1279.3,253.03,27.27,33.26,3.97,1.0,298.2,3.76,26.47,2.8,0.239,0.0,observed_and_verified_proxy
2017-07-01,2017,7,3,Thrissur,Central,10.52,76.21,Tuna,308.94,1279.3,241.49,27.27,33.26,3.97,1.0,298.2,3.76,26.47,2.8,0.233,0.0,observed_and_verified_proxy
2017-08-01,2017,8,3,Thrissur,Central,10.52,76.21,Oil Sardine,1594.65,1204.1,1324.33,26.55,32.97,3.78,0.9,367.5,3.62,26.13,2.21,0.437,0.0,observed_and_verified_proxy
2017-08-01,2017,8,3,Thrissur,Central,10.52,76.21,Indian Mackerel,635.11,1204.1,527.45,26.55,32.97,3.78,0.9,367.5,3.62,26.13,2.21,0.321,0.0,observed_and_verified_proxy
2017-08-01,2017,8,3,Thrissur,Central,10.52,76.21,Seer Fish,313.91,1204.1,260.7,26.55,32.97,3.78,0.9,367.5,3.62,26.13,2.21,0.221,0.0,observed_and_verified_proxy
2017-08-01,2017,8,3,Thrissur,Central,10.52,76.21,Tuna,296.44,1204.1,246.19,26.55,32.97,3.78,0.9,367.5,3.62,26.13,2.21,0.213,0.0,observed_and_verified_proxy
2017-09-01,2017,9,3,Thrissur,Central,10.52,76.21,Oil Sardine,1341.89,1102.9,1216.68,26.93,32.89,2.96,0.6,385.8,3.74,26.42,1.36,0.383,0.0,observed_and_verified_proxy
2017-09-01,2017,9,3,Thrissur,Central,10.52,76.21,Indian Mackerel,692.52,1102.9,627.9,26.93,32.89,2.96,0.6,385.8,3.74,26.42,1.36,0.305,0.0,observed_and_verified_proxy
2017-09-01,2017,9,3,Thrissur,Central,10.52,76.21,Seer Fish,334.78,1102.9,303.54,26.93,32.89,2.96,0.6,385.8,3.74,26.42,1.36,0.211,0.0,observed_and_verified_proxy
2017-09-01,2017,9,3,Thrissur,Central,10.52,76.21,Tuna,281.59,1102.9,255.31,26.93,32.89,2.96,0.6,385.8,3.74,26.42,1.36,0.189,0.0,observed_and_verified_proxy
2017-10-01,2017,10,4,Thrissur,Central,10.52,76.21,Oil Sardine,1701.97,2041.1,833.86,27.07,33.53,1.93,0.3,232.2,2.76,26.79,1.05,0.751,0.0,observed_and_verified_proxy
2017-10-01,2017,10,4,Thrissur,Central,10.52,76.21,Indian Mackerel,1042.14,2041.1,510.58,27.07,33.53,1.93,0.3,232.2,2.76,26.79,1.05,0.657,0.0,observed_and_verified_proxy
2017-10-01,2017,10,4,Thrissur,Central,10.52,76.21,Seer Fish,451.07,2041.1,221.0,27.07,33.53,1.93,0.3,232.2,2.76,26.79,1.05,0.461,0.108,observed_and_verified_proxy
2017-10-01,2017,10,4,Thrissur,Central,10.52,76.21,Tuna,730.16,2041.1,357.73,27.07,33.53,1.93,0.3,232.2,2.76,26.79,1.05,0.577,0.0,observed_and_verified_proxy
2017-11-01,2017,11,4,Thrissur,Central,10.52,76.21,Oil Sardine,1457.94,1786.0,816.3,27.14,33.83,1.34,0.12,161.7,2.09,27.02,1.0,0.633,0.0,observed_and_verified_proxy
2017-11-01,2017,11,4,Thrissur,Central,10.52,76.21,Indian Mackerel,1031.12,1786.0,577.32,27.14,33.83,1.34,0.12,161.7,2.09,27.02,1.0,0.573,0.0,observed_and_verified_proxy
2017-11-01,2017,11,4,Thrissur,Central,10.52,76.21,Seer Fish,471.21,1786.0,263.83,27.14,33.83,1.34,0.12,161.7,2.09,27.02,1.0,0.413,0.0,observed_and_verified_proxy
2017-11-01,2017,11,4,Thrissur,Central,10.52,76.21,Tuna,715.83,1786.0,400.79,27.14,33.83,1.34,0.12,161.7,2.09,27.02,1.0,0.501,0.0,observed_and_verified_proxy
2017-12-01,2017,12,4,Thrissur,Central,10.52,76.21,Oil Sardine,1329.91,1793.1,741.68,27.51,34.34,1.02,0.06,37.8,2.47,26.58,1.0,0.621,0.0,observed_and_verified_proxy
2017-12-01,2017,12,4,Thrissur,Central,10.52,76.21,Indian Mackerel,1009.53,1793.1,563.01,27.51,34.34,1.02,0.06,37.8,2.47,26.58,1.0,0.571,0.0,observed_and_verified_proxy
2017-12-01,2017,12,4,Thrissur,Central,10.52,76.21,Seer Fish,449.47,1793.1,250.67,27.51,34.34,1.02,0.06,37.8,2.47,26.58,1.0,0.404,0.0,observed_and_verified_proxy
2017-12-01,2017,12,4,Thrissur,Central,10.52,76.21,Tuna,735.67,1793.1,410.28,27.51,34.34,1.02,0.06,37.8,2.47,26.58,1.0,0.508,0.0,observed_and_verified_proxy
2017-01-01,2017,1,1,Kasaragod,North,12.5,74.99,Oil Sardine,611.88,872.9,700.96,28.14,34.44,0.96,0.05,14.7,2.4,26.87,1.0,0.381,0.0,observed_and_verified_proxy
2017-01-01,2017,1,1,Kasaragod,North,12.5,74.99,Indian Mackerel,480.64,872.9,550.61,28.14,34.44,0.96,0.05,14.7,2.4,26.87,1.0,0.34,0.0,observed_and_verified_proxy
2017-01-01,2017,1,1,Kasaragod,North,12.5,74.99,Seer Fish,150.14,872.9,172.0,28.14,34.44,0.96,0.05,14.7,2.4,26.87,1.0,0.16,0.0,observed_and_verified_proxy
2017-01-01,2017,1,1,Kasaragod,North,12.5,74.99,Tuna,328.01,872.9,375.75,28.14,34.44,0.96,0.05,14.7,2.4,26.87,1.0,0.274,0.0,observed_and_verified_proxy
2017-02-01,2017,2,1,Kasaragod,North,12.5,74.99,Oil Sardine,652.88,885.5,737.28,28.86,34.5,1.08,0.1,0.9,2.54,27.8,1.0,0.398,0.0,observed_and_verified_proxy
2017-02-01,2017,2,1,Kasaragod,North,12.5,74.99,Indian Mackerel,486.11,885.5,548.95,28.86,34.5,1.08,0.1,0.9,2.54,27.8,1.0,0.346,0.0,observed_and_verified_proxy
2017-02-01,2017,2,1,Kasaragod,North,12.5,74.99,Seer Fish,152.51,885.5,172.23,28.86,34.5,1.08,0.1,0.9,2.54,27.8,1.0,0.164,0.0,observed_and_verified_proxy
2017-02-01,2017,2,1,Kasaragod,North,12.5,74.99,Tuna,312.16,885.5,352.52,28.86,34.5,1.08,0.1,0.9,2.54,27.8,1.0,0.27,0.0,observed_and_verified_proxy
2017-03-01,2017,3,1,Kasaragod,North,12.5,74.99,Oil Sardine,709.89,943.0,752.77,29.49,34.3,1.42,0.2,47.1,2.68,28.25,1.0,0.439,0.0,observed_and_verified_proxy
2017-03-01,2017,3,1,Kasaragod,North,12.5,74.99,Indian Mackerel,461.82,943.0,489.72,29.49,34.3,1.42,0.2,47.1,2.68,28.25,1.0,0.359,0.0,observed_and_verified_proxy
2017-03-01,2017,3,1,Kasaragod,North,12.5,74.99,Seer Fish,155.64,943.0,165.04,29.49,34.3,1.42,0.2,47.1,2.68,28.25,1.0,0.178,0.0,observed_and_verified_proxy
2017-03-01,2017,3,1,Kasaragod,North,12.5,74.99,Tuna,344.17,943.0,364.96,29.49,34.3,1.42,0.2,47.1,2.68,28.25,1.0,0.305,0.0,observed_and_verified_proxy
2017-04-01,2017,4,2,Kasaragod,North,12.5,74.99,Oil Sardine,458.84,577.0,795.2,29.85,34.2,1.87,0.35,72.6,2.88,28.59,1.05,0.219,0.0,observed_and_verified_proxy
2017-04-01,2017,4,2,Kasaragod,North,12.5,74.99,Indian Mackerel,269.81,577.0,467.6,29.85,34.2,1.87,0.35,72.6,2.88,28.59,1.05,0.161,0.0,observed_and_verified_proxy
2017-04-01,2017,4,2,Kasaragod,North,12.5,74.99,Seer Fish,92.06,577.0,159.55,29.85,34.2,1.87,0.35,72.6,2.88,28.59,1.05,0.071,0.0,observed_and_verified_proxy
2017-04-01,2017,4,2,Kasaragod,North,12.5,74.99,Tuna,119.7,577.0,207.44,29.85,34.2,1.87,0.35,72.6,2.88,28.59,1.05,0.088,0.0,observed_and_verified_proxy
2017-05-01,2017,5,2,Kasaragod,North,12.5,74.99,Oil Sardine,603.64,611.5,987.2,29.77,33.64,2.88,0.65,206.1,2.89,27.94,1.36,0.265,0.0,observed_and_verified_proxy
2017-05-01,2017,5,2,Kasaragod,North,12.5,74.99,Indian Mackerel,271.93,611.5,444.72,29.77,33.64,2.88,0.65,206.1,2.89,27.94,1.36,0.171,0.0,observed_and_verified_proxy
2017-05-01,2017,5,2,Kasaragod,North,12.5,74.99,Seer Fish,93.67,611.5,153.19,29.77,33.64,2.88,0.65,206.1,2.89,27.94,1.36,0.077,0.0,observed_and_verified_proxy
2017-05-01,2017,5,2,Kasaragod,North,12.5,74.99,Tuna,114.49,611.5,187.23,29.77,33.64,2.88,0.65,206.1,2.89,27.94,1.36,0.09,0.0,observed_and_verified_proxy
2017-06-01,2017,6,2,Kasaragod,North,12.5,74.99,Oil Sardine,697.95,599.2,1164.83,28.91,32.76,3.98,0.95,417.0,3.52,26.65,2.21,0.277,0.0,observed_and_verified_proxy
2017-06-01,2017,6,2,Kasaragod,North,12.5,74.99,Indian Mackerel,253.59,599.2,423.23,28.91,32.76,3.98,0.95,417.0,3.52,26.65,2.21,0.16,0.0,observed_and_verified_proxy
2017-06-01,2017,6,2,Kasaragod,North,12.5,74.99,Seer Fish,91.85,599.2,153.29,28.91,32.76,3.98,0.95,417.0,3.52,26.65,2.21,0.074,0.0,observed_and_verified_proxy
2017-06-01,2017,6,2,Kasaragod,North,12.5,74.99,Tuna,114.9,599.2,191.76,28.91,32.76,3.98,0.95,417.0,3.52,26.65,2.21,0.089,0.0,observed_and_verified_proxy
2017-07-01,2017,7,3,Kasaragod,North,12.5,74.99,Oil Sardine,1044.6,717.6,1455.78,27.27,33.07,4.03,1.0,342.9,3.37,25.83,2.8,0.385,0.0,observed_and_verified_proxy
2017-07-01,2017,7,3,Kasaragod,North,12.5,74.99,Indian Mackerel,369.16,717.6,514.47,27.27,33.07,4.03,1.0,342.9,3.37,25.83,2.8,0.242,0.0,observed_and_verified_proxy
2017-07-01,2017,7,3,Kasaragod,North,12.5,74.99,Seer Fish,199.05,717.6,277.4,27.27,33.07,4.03,1.0,342.9,3.37,25.83,2.8,0.162,0.0,observed_and_verified_proxy
2017-07-01,2017,7,3,Kasaragod,North,12.5,74.99,Tuna,176.27,717.6,245.66,27.27,33.07,4.03,1.0,342.9,3.37,25.83,2.8,0.148,0.0,observed_and_verified_proxy
2017-08-01,2017,8,3,Kasaragod,North,12.5,74.99,Oil Sardine,946.42,769.2,1230.33,26.55,32.86,3.81,0.9,393.0,3.22,25.43,2.21,0.399,0.0,observed_and_verified_proxy
2017-08-01,2017,8,3,Kasaragod,North,12.5,74.99,Indian Mackerel,362.34,769.2,471.04,26.55,32.86,3.81,0.9,393.0,3.22,25.43,2.21,0.257,0.0,observed_and_verified_proxy
2017-08-01,2017,8,3,Kasaragod,North,12.5,74.99,Seer Fish,197.43,769.2,256.66,26.55,32.86,3.81,0.9,393.0,3.22,25.43,2.21,0.173,0.0,observed_and_verified_proxy
2017-08-01,2017,8,3,Kasaragod,North,12.5,74.99,Tuna,183.5,769.2,238.55,26.55,32.86,3.81,0.9,393.0,3.22,25.43,2.21,0.164,0.0,observed_and_verified_proxy
2017-09-01,2017,9,3,Kasaragod,North,12.5,74.99,Oil Sardine,819.78,666.0,1230.91,26.93,33.08,2.9,0.6,339.9,3.01,25.74,1.36,0.328,0.0,observed_and_verified_proxy
2017-09-01,2017,9,3,Kasaragod,North,12.5,74.99,Indian Mackerel,396.0,666.0,594.6,26.93,33.08,2.9,0.6,339.9,3.01,25.74,1.36,0.234,0.0,observed_and_verified_proxy
2017-09-01,2017,9,3,Kasaragod,North,12.5,74.99,Seer Fish,202.77,666.0,304.47,26.93,33.08,2.9,0.6,339.9,3.01,25.74,1.36,0.153,0.0,observed_and_verified_proxy
2017-09-01,2017,9,3,Kasaragod,North,12.5,74.99,Tuna,179.21,666.0,269.09,26.93,33.08,2.9,0.6,339.9,3.01,25.74,1.36,0.139,0.0,observed_and_verified_proxy
2017-10-01,2017,10,4,Kasaragod,North,12.5,74.99,Oil Sardine,953.14,1205.9,790.38,27.07,33.89,1.82,0.3,147.0,2.0,26.15,1.05,0.628,0.0,observed_and_verified_proxy
2017-10-01,2017,10,4,Kasaragod,North,12.5,74.99,Indian Mackerel,601.9,1205.9,499.12,27.07,33.89,1.82,0.3,147.0,2.0,26.15,1.05,0.523,0.0,observed_and_verified_proxy
2017-10-01,2017,10,4,Kasaragod,North,12.5,74.99,Seer Fish,270.53,1205.9,224.33,27.07,33.89,1.82,0.3,147.0,2.0,26.15,1.05,0.336,0.0,observed_and_verified_proxy
2017-10-01,2017,10,4,Kasaragod,North,12.5,74.99,Tuna,439.86,1205.9,364.75,27.07,33.89,1.82,0.3,147.0,2.0,26.15,1.05,0.448,0.0,observed_and_verified_proxy
2017-11-01,2017,11,4,Kasaragod,North,12.5,74.99,Oil Sardine,868.61,1068.0,813.34,27.14,34.16,1.24,0.12,81.3,1.8,26.34,1.0,0.538,0.0,observed_and_verified_proxy
2017-11-01,2017,11,4,Kasaragod,North,12.5,74.99,Indian Mackerel,648.52,1068.0,607.25,27.14,34.16,1.24,0.12,81.3,1.8,26.34,1.0,0.479,0.0,observed_and_verified_proxy
2017-11-01,2017,11,4,Kasaragod,North,12.5,74.99,Seer Fish,265.88,1068.0,248.97,27.14,34.16,1.24,0.12,81.3,1.8,26.34,1.0,0.294,0.0,observed_and_verified_proxy
2017-11-01,2017,11,4,Kasaragod,North,12.5,74.99,Tuna,445.87,1068.0,417.5,27.14,34.16,1.24,0.12,81.3,1.8,26.34,1.0,0.4,0.0,observed_and_verified_proxy
2017-12-01,2017,12,4,Kasaragod,North,12.5,74.99,Oil Sardine,813.82,1210.3,672.43,27.51,34.34,1.02,0.06,38.4,2.24,25.77,1.0,0.595,0.0,observed_and_verified_proxy
2017-12-01,2017,12,4,Kasaragod,North,12.5,74.99,Indian Mackerel,615.22,1210.3,508.34,27.51,34.34,1.02,0.06,38.4,2.24,25.77,1.0,0.53,0.0,observed_and_verified_proxy
2017-12-01,2017,12,4,Kasaragod,North,12.5,74.99,Seer Fish,266.28,1210.3,220.02,27.51,34.34,1.02,0.06,38.4,2.24,25.77,1.0,0.334,0.0,observed_and_verified_proxy
2017-12-01,2017,12,4,Kasaragod,North,12.5,74.99,Tuna,424.69,1210.3,350.91,27.51,34.34,1.02,0.06,38.4,2.24,25.77,1.0,0.441,0.0,observed_and_verified_proxy
2018-01-01,2018,1,1,Kozhikode,North,11.25,75.78,Oil Sardine,3178.79,6086.0,522.31,28.14,34.49,0.94,0.05,1.5,2.16,26.51,1.0,0.659,0.0,observed_and_verified_proxy
2018-01-01,2018,1,1,Kozhikode,North,11.25,75.78,Indian Mackerel,3774.83,6086.0,620.25,28.14,34.49,0.94,0.05,1.5,2.16,26.51,1.0,0.673,0.0,observed_and_verified_proxy
2018-01-01,2018,1,1,Kozhikode,North,11.25,75.78,Seer Fish,1056.53,6086.0,173.6,28.14,34.49,0.94,0.05,1.5,2.16,26.51,1.0,0.518,0.287,observed_and_verified_proxy
2018-01-01,2018,1,1,Kozhikode,North,11.25,75.78,Tuna,2257.62,6086.0,370.95,28.14,34.49,0.94,0.05,1.5,2.16,26.51,1.0,0.624,0.0,observed_and_verified_proxy
2018-02-01,2018,2,1,Kozhikode,North,11.25,75.78,Oil Sardine,3401.65,6314.3,538.72,28.86,34.47,1.09,0.1,7.2,2.33,27.86,1.0,0.69,0.0,observed_and_verified_proxy
2018-02-01,2018,2,1,Kozhikode,North,11.25,75.78,Indian Mackerel,3816.47,6314.3,604.42,28.86,34.47,1.09,0.1,7.2,2.33,27.86,1.0,0.7,0.0,observed_and_verified_proxy
2018-02-01,2018,2,1,Kozhikode,North,11.25,75.78,Seer Fish,1112.58,6314.3,176.2,28.86,34.47,1.09,0.1,7.2,2.33,27.86,1.0,0.546,0.318,observed_and_verified_proxy
2018-02-01,2018,2,1,Kozhikode,North,11.25,75.78,Tuna,2195.07,6314.3,347.63,28.86,34.47,1.09,0.1,7.2,2.33,27.86,1.0,0.644,0.065,observed_and_verified_proxy
2018-03-01,2018,3,1,Kozhikode,North,11.25,75.78,Oil Sardine,3804.33,6240.3,609.64,29.49,34.38,1.39,0.2,27.6,2.6,28.89,1.0,0.691,0.0,observed_and_verified_proxy
2018-03-01,2018,3,1,Kozhikode,North,11.25,75.78,Indian Mackerel,3780.32,6240.3,605.79,29.49,34.38,1.39,0.2,27.6,2.6,28.89,1.0,0.691,0.0,observed_and_verified_proxy
2018-03-01,2018,3,1,Kozhikode,North,11.25,75.78,Seer Fish,1056.24,6240.3,169.26,29.49,34.38,1.39,0.2,27.6,2.6,28.89,1.0,0.531,0.314,observed_and_verified_proxy
2018-03-01,2018,3,1,Kozhikode,North,11.25,75.78,Tuna,2362.68,6240.3,378.62,29.49,34.38,1.39,0.2,27.6,2.6,28.89,1.0,0.645,0.0,observed_and_verified_proxy
2018-04-01,2018,4,2,Kozhikode,North,11.25,75.78,Oil Sardine,2429.3,3911.3,621.1,29.85,34.05,1.92,0.35,109.2,2.47,28.72,1.05,0.406,0.0,observed_and_verified_proxy
2018-04-01,2018,4,2,Kozhikode,North,11.25,75.78,Indian Mackerel,2364.65,3911.3,604.57,29.85,34.05,1.92,0.35,109.2,2.47,28.72,1.05,0.405,0.0,observed_and_verified_proxy
2018-04-01,2018,4,2,Kozhikode,North,11.25,75.78,Seer Fish,633.35,3911.3,161.93,29.85,34.05,1.92,0.35,109.2,2.47,28.72,1.05,0.274,0.0,observed_and_verified_proxy
2018-04-01,2018,4,2,Kozhikode,North,11.25,75.78,Tuna,828.93,3911.3,211.93,29.85,34.05,1.92,0.35,109.2,2.47,28.72,1.05,0.306,0.0,observed_and_verified_proxy
2018-05-01,2018,5,2,Kozhikode,North,11.25,75.78,Oil Sardine,3028.47,3584.3,844.93,29.77,33.01,3.07,0.65,357.9,3.06,27.57,1.36,0.386,0.0,observed_and_verified_proxy
2018-05-01,2018,5,2,Kozhikode,North,11.25,75.78,Indian Mackerel,2194.37,3584.3,612.22,29.77,33.01,3.07,0.65,357.9,3.06,27.57,1.36,0.366,0.0,observed_and_verified_proxy
2018-05-01,2018,5,2,Kozhikode,North,11.25,75.78,Seer Fish,640.55,3584.3,178.71,29.77,33.01,3.07,0.65,357.9,3.06,27.57,1.36,0.252,0.0,observed_and_verified_proxy
2018-05-01,2018,5,2,Kozhikode,North,11.25,75.78,Tuna,816.41,3584.3,227.78,29.77,33.01,3.07,0.65,357.9,3.06,27.57,1.36,0.279,0.0,observed_and_verified_proxy
2018-06-01,2018,6,2,Kozhikode,North,11.25,75.78,Oil Sardine,3403.93,3738.7,910.46,28.91,32.49,4.06,0.95,482.1,3.68,26.4,2.21,0.409,0.0,observed_and_verified_proxy
2018-06-01,2018,6,2,Kozhikode,North,11.25,75.78,Indian Mackerel,1994.81,3738.7,533.56,28.91,32.49,4.06,0.95,482.1,3.68,26.4,2.21,0.375,0.0,observed_and_verified_proxy
2018-06-01,2018,6,2,Kozhikode,North,11.25,75.78,Seer Fish,631.61,3738.7,168.94,28.91,32.49,4.06,0.95,482.1,3.68,26.4,2.21,0.261,0.0,observed_and_verified_proxy
2018-06-01,2018,6,2,Kozhikode,North,11.25,75.78,Tuna,787.04,3738.7,210.51,28.91,32.49,4.06,0.95,482.1,3.68,26.4,2.21,0.286,0.0,observed_and_verified_proxy
2018-07-01,2018,7,3,Kozhikode,North,11.25,75.78,Oil Sardine,5306.75,4446.9,1193.36,27.27,32.3,4.26,1.0,527.1,4.14,25.56,2.8,0.509,0.0,observed_and_verified_proxy
2018-07-01,2018,7,3,Kozhikode,North,11.25,75.78,Indian Mackerel,2945.21,4446.9,662.31,27.27,32.3,4.26,1.0,527.1,4.14,25.56,2.8,0.476,0.0,observed_and_verified_proxy
2018-07-01,2018,7,3,Kozhikode,North,11.25,75.78,Seer Fish,1310.88,4446.9,294.79,27.27,32.3,4.26,1.0,527.1,4.14,25.56,2.8,0.403,0.0,observed_and_verified_proxy
2018-07-01,2018,7,3,Kozhikode,North,11.25,75.78,Tuna,1217.75,4446.9,273.84,27.27,32.3,4.26,1.0,527.1,4.14,25.56,2.8,0.395,0.0,observed_and_verified_proxy
2018-08-01,2018,8,3,Kozhikode,North,11.25,75.78,Oil Sardine,4990.23,4841.3,1030.76,26.55,32.37,3.96,0.9,510.9,3.83,24.89,2.21,0.551,0.0,observed_and_verified_proxy
2018-08-01,2018,8,3,Kozhikode,North,11.25,75.78,Indian Mackerel,2984.74,4841.3,616.51,26.55,32.37,3.96,0.9,510.9,3.83,24.89,2.21,0.52,0.0,observed_and_verified_proxy
2018-08-01,2018,8,3,Kozhikode,North,11.25,75.78,Seer Fish,1402.92,4841.3,289.78,26.55,32.37,3.96,0.9,510.9,3.83,24.89,2.21,0.447,0.0,observed_and_verified_proxy
2018-08-01,2018,8,3,Kozhikode,North,11.25,75.78,Tuna,1198.63,4841.3,247.58,26.55,32.37,3.96,0.9,510.9,3.83,24.89,2.21,0.428,0.006,observed_and_verified_proxy
2018-09-01,2018,9,3,Kozhikode,North,11.25,75.78,Oil Sardine,4545.33,4652.9,976.88,26.93,34.0,2.63,0.6,120.3,2.89,25.47,1.36,0.525,0.0,observed_and_verified_proxy
2018-09-01,2018,9,3,Kozhikode,North,11.25,75.78,Indian Mackerel,3294.97,4652.9,708.15,26.93,34.0,2.63,0.6,120.3,2.89,25.47,1.36,0.506,0.0,observed_and_verified_proxy
2018-09-01,2018,9,3,Kozhikode,North,11.25,75.78,Seer Fish,1343.85,4652.9,288.82,26.93,34.0,2.63,0.6,120.3,2.89,25.47,1.36,0.425,0.0,observed_and_verified_proxy
2018-09-01,2018,9,3,Kozhikode,North,11.25,75.78,Tuna,1290.84,4652.9,277.43,26.93,34.0,2.63,0.6,120.3,2.89,25.47,1.36,0.42,0.0,observed_and_verified_proxy
2018-10-01,2018,10,4,Kozhikode,North,11.25,75.78,Oil Sardine,5146.69,7064.2,728.56,27.07,33.44,1.96,0.3,253.5,2.05,26.38,1.05,0.807,0.0,observed_and_verified_proxy
2018-10-01,2018,10,4,Kozhikode,North,11.25,75.78,Indian Mackerel,5008.45,7064.2,708.99,27.07,33.44,1.96,0.3,253.5,2.05,26.38,1.05,0.805,0.0,observed_and_verified_proxy
2018-10-01,2018,10,4,Kozhikode,North,11.25,75.78,Seer Fish,1847.86,7064.2,261.58,27.07,33.44,1.96,0.3,253.5,2.05,26.38,1.05,0.697,0.324,observed_and_verified_proxy
2018-10-01,2018,10,4,Kozhikode,North,11.25,75.78,Tuna,3094.6,7064.2,438.07,27.07,33.44,1.96,0.3,253.5,2.05,26.38,1.05,0.762,0.017,observed_and_verified_proxy
2018-11-01,2018,11,4,Kozhikode,North,11.25,75.78,Oil Sardine,4376.41,7134.0,613.46,27.14,34.2,1.23,0.12,72.3,1.93,26.57,1.0,0.802,0.0,observed_and_verified_proxy
2018-11-01,2018,11,4,Kozhikode,North,11.25,75.78,Indian Mackerel,4816.36,7134.0,675.13,27.14,34.2,1.23,0.12,72.3,1.93,26.57,1.0,0.81,0.0,observed_and_verified_proxy
2018-11-01,2018,11,4,Kozhikode,North,11.25,75.78,Seer Fish,1939.21,7134.0,271.83,27.14,34.2,1.23,0.12,72.3,1.93,26.57,1.0,0.711,0.32,observed_and_verified_proxy
2018-11-01,2018,11,4,Kozhikode,North,11.25,75.78,Tuna,3123.69,7134.0,437.86,27.14,34.2,1.23,0.12,72.3,1.93,26.57,1.0,0.771,0.029,observed_and_verified_proxy
2018-12-01,2018,12,4,Kozhikode,North,11.25,75.78,Oil Sardine,4415.72,6936.5,636.59,27.51,34.42,0.99,0.06,18.0,2.08,26.88,1.0,0.781,0.0,observed_and_verified_proxy
2018-12-01,2018,12,4,Kozhikode,North,11.25,75.78,Indian Mackerel,4823.4,6936.5,695.36,27.51,34.42,0.99,0.06,18.0,2.08,26.88,1.0,0.788,0.0,observed_and_verified_proxy
2018-12-01,2018,12,4,Kozhikode,North,11.25,75.78,Seer Fish,1935.15,6936.5,278.98,27.51,34.42,0.99,0.06,18.0,2.08,26.88,1.0,0.691,0.278,observed_and_verified_proxy
2018-12-01,2018,12,4,Kozhikode,North,11.25,75.78,Tuna,2924.0,6936.5,421.54,27.51,34.42,0.99,0.06,18.0,2.08,26.88,1.0,0.742,0.028,observed_and_verified_proxy
2018-01-01,2018,1,1,Ernakulam,Central,9.98,76.28,Oil Sardine,2919.4,5278.3,553.09,28.14,34.49,0.94,0.05,2.7,1.95,27.24,1.0,0.631,0.0,observed_and_verified_proxy
2018-01-01,2018,1,1,Ernakulam,Central,9.98,76.28,Indian Mackerel,3337.44,5278.3,632.29,28.14,34.49,0.94,0.05,2.7,1.95,27.24,1.0,0.643,0.0,observed_and_verified_proxy
2018-01-01,2018,1,1,Ernakulam,Central,9.98,76.28,Seer Fish,939.8,5278.3,178.05,28.14,34.49,0.94,0.05,2.7,1.95,27.24,1.0,0.483,0.232,observed_and_verified_proxy
2018-01-01,2018,1,1,Ernakulam,Central,9.98,76.28,Tuna,1977.18,5278.3,374.58,28.14,34.49,0.94,0.05,2.7,1.95,27.24,1.0,0.59,0.0,observed_and_verified_proxy
2018-02-01,2018,2,1,Ernakulam,Central,9.98,76.28,Oil Sardine,2964.18,5469.2,541.97,28.86,34.45,1.09,0.1,11.1,2.04,29.03,1.0,0.655,0.0,observed_and_verified_proxy
2018-02-01,2018,2,1,Ernakulam,Central,9.98,76.28,Indian Mackerel,3583.04,5469.2,655.13,28.86,34.45,1.09,0.1,11.1,2.04,29.03,1.0,0.672,0.0,observed_and_verified_proxy
2018-02-01,2018,2,1,Ernakulam,Central,9.98,76.28,Seer Fish,993.71,5469.2,181.69,28.86,34.45,1.09,0.1,11.1,2.04,29.03,1.0,0.51,0.259,observed_and_verified_proxy
2018-02-01,2018,2,1,Ernakulam,Central,9.98,76.28,Tuna,2066.53,5469.2,377.85,28.86,34.45,1.09,0.1,11.1,2.04,29.03,1.0,0.617,0.0,observed_and_verified_proxy
2018-03-01,2018,3,1,Ernakulam,Central,9.98,76.28,Oil Sardine,3281.29,5138.9,638.51,29.49,34.3,1.42,0.2,47.4,2.68,29.82,1.0,0.625,0.0,observed_and_verified_proxy
2018-03-01,2018,3,1,Ernakulam,Central,9.98,76.28,Indian Mackerel,3349.06,5138.9,651.7,29.49,34.3,1.42,0.2,47.4,2.68,29.82,1.0,0.626,0.0,observed_and_verified_proxy
2018-03-01,2018,3,1,Ernakulam,Central,9.98,76.28,Seer Fish,969.85,5138.9,188.72,29.49,34.3,1.42,0.2,47.4,2.68,29.82,1.0,0.475,0.198,observed_and_verified_proxy
2018-03-01,2018,3,1,Ernakulam,Central,9.98,76.28,Tuna,2087.76,5138.9,406.26,29.49,34.3,1.42,0.2,47.4,2.68,29.82,1.0,0.581,0.0,observed_and_verified_proxy
2018-04-01,2018,4,2,Ernakulam,Central,9.98,76.28,Oil Sardine,2210.33,3530.5,626.07,29.85,34.04,1.92,0.35,110.1,2.51,29.22,1.05,0.403,0.0,observed_and_verified_proxy
2018-04-01,2018,4,2,Ernakulam,Central,9.98,76.28,Indian Mackerel,2025.65,3530.5,573.76,29.85,34.04,1.92,0.35,110.1,2.51,29.22,1.05,0.397,0.0,observed_and_verified_proxy
2018-04-01,2018,4,2,Ernakulam,Central,9.98,76.28,Seer Fish,608.15,3530.5,172.26,29.85,34.04,1.92,0.35,110.1,2.51,29.22,1.05,0.271,0.0,observed_and_verified_proxy
2018-04-01,2018,4,2,Ernakulam,Central,9.98,76.28,Tuna,703.93,3530.5,199.38,29.85,34.04,1.92,0.35,110.1,2.51,29.22,1.05,0.289,0.0,observed_and_verified_proxy
2018-05-01,2018,5,2,Ernakulam,Central,9.98,76.28,Oil Sardine,2582.63,3390.9,761.63,29.77,33.21,3.01,0.65,310.2,3.62,27.84,1.36,0.398,0.0,observed_and_verified_proxy
2018-05-01,2018,5,2,Ernakulam,Central,9.98,76.28,Indian Mackerel,1864.97,3390.9,549.98,29.77,33.21,3.01,0.65,310.2,3.62,27.84,1.36,0.375,0.0,observed_and_verified_proxy
2018-05-01,2018,5,2,Ernakulam,Central,9.98,76.28,Seer Fish,619.92,3390.9,182.82,29.77,33.21,3.01,0.65,310.2,3.62,27.84,1.36,0.263,0.0,observed_and_verified_proxy
2018-05-01,2018,5,2,Ernakulam,Central,9.98,76.28,Tuna,758.9,3390.9,223.8,29.77,33.21,3.01,0.65,310.2,3.62,27.84,1.36,0.286,0.0,observed_and_verified_proxy
2018-06-01,2018,6,2,Ernakulam,Central,9.98,76.28,Oil Sardine,3031.04,3238.1,936.04,28.91,32.14,4.17,0.95,566.7,4.31,26.97,2.21,0.389,0.0,observed_and_verified_proxy
2018-06-01,2018,6,2,Ernakulam,Central,9.98,76.28,Indian Mackerel,1854.49,3238.1,572.7,28.91,32.14,4.17,0.95,566.7,4.31,26.97,2.21,0.357,0.0,observed_and_verified_proxy
2018-06-01,2018,6,2,Ernakulam,Central,9.98,76.28,Seer Fish,613.11,3238.1,189.34,28.91,32.14,4.17,0.95,566.7,4.31,26.97,2.21,0.25,0.0,observed_and_verified_proxy
2018-06-01,2018,6,2,Ernakulam,Central,9.98,76.28,Tuna,765.15,3238.1,236.29,28.91,32.14,4.17,0.95,566.7,4.31,26.97,2.21,0.274,0.0,observed_and_verified_proxy
2018-07-01,2018,7,3,Ernakulam,Central,9.98,76.28,Oil Sardine,4886.63,4356.0,1121.82,27.27,31.65,4.46,1.0,684.3,4.43,26.17,2.8,0.553,0.0,observed_and_verified_proxy
2018-07-01,2018,7,3,Ernakulam,Central,9.98,76.28,Indian Mackerel,2679.9,4356.0,615.22,27.27,31.65,4.46,1.0,684.3,4.43,26.17,2.8,0.514,0.0,observed_and_verified_proxy
2018-07-01,2018,7,3,Ernakulam,Central,9.98,76.28,Seer Fish,1239.25,4356.0,284.49,27.27,31.65,4.46,1.0,684.3,4.43,26.17,2.8,0.435,0.0,observed_and_verified_proxy
2018-07-01,2018,7,3,Ernakulam,Central,9.98,76.28,Tuna,1089.79,4356.0,250.18,27.27,31.65,4.46,1.0,684.3,4.43,26.17,2.8,0.418,0.0,observed_and_verified_proxy
2018-08-01,2018,8,3,Ernakulam,Central,9.98,76.28,Oil Sardine,4447.34,3943.0,1127.92,26.55,32.29,3.98,0.9,529.5,4.42,25.64,2.21,0.496,0.0,observed_and_verified_proxy
2018-08-01,2018,8,3,Ernakulam,Central,9.98,76.28,Indian Mackerel,2667.19,3943.0,676.44,26.55,32.29,3.98,0.9,529.5,4.42,25.64,2.21,0.465,0.0,observed_and_verified_proxy
2018-08-01,2018,8,3,Ernakulam,Central,9.98,76.28,Seer Fish,1226.49,3943.0,311.06,26.55,32.29,3.98,0.9,529.5,4.42,25.64,2.21,0.392,0.0,observed_and_verified_proxy
2018-08-01,2018,8,3,Ernakulam,Central,9.98,76.28,Tuna,1070.75,3943.0,271.56,26.55,32.29,3.98,0.9,529.5,4.42,25.64,2.21,0.376,0.0,observed_and_verified_proxy
2018-09-01,2018,9,3,Ernakulam,Central,9.98,76.28,Oil Sardine,3722.95,4278.4,870.17,26.93,34.09,2.6,0.6,99.6,3.42,26.26,1.36,0.528,0.0,observed_and_verified_proxy
2018-09-01,2018,9,3,Ernakulam,Central,9.98,76.28,Indian Mackerel,2767.29,4278.4,646.8,26.93,34.09,2.6,0.6,99.6,3.42,26.26,1.36,0.508,0.0,observed_and_verified_proxy
2018-09-01,2018,9,3,Ernakulam,Central,9.98,76.28,Seer Fish,1189.68,4278.4,278.07,26.93,34.09,2.6,0.6,99.6,3.42,26.26,1.36,0.422,0.0,observed_and_verified_proxy
2018-09-01,2018,9,3,Ernakulam,Central,9.98,76.28,Tuna,1151.66,4278.4,269.18,26.93,34.09,2.6,0.6,99.6,3.42,26.26,1.36,0.418,0.0,observed_and_verified_proxy
2018-10-01,2018,10,4,Ernakulam,Central,9.98,76.28,Oil Sardine,4464.54,6509.7,685.83,27.07,33.17,2.04,0.3,318.6,2.24,26.99,1.05,0.82,0.0,observed_and_verified_proxy
2018-10-01,2018,10,4,Ernakulam,Central,9.98,76.28,Indian Mackerel,4368.32,6509.7,671.05,27.07,33.17,2.04,0.3,318.6,2.24,26.99,1.05,0.818,0.0,observed_and_verified_proxy
2018-10-01,2018,10,4,Ernakulam,Central,9.98,76.28,Seer Fish,1645.56,6509.7,252.79,27.07,33.17,2.04,0.3,318.6,2.24,26.99,1.05,0.699,0.347,observed_and_verified_proxy
2018-10-01,2018,10,4,Ernakulam,Central,9.98,76.28,Tuna,2780.19,6509.7,427.08,27.07,33.17,2.04,0.3,318.6,2.24,26.99,1.05,0.773,0.055,observed_and_verified_proxy
2018-11-01,2018,11,4,Ernakulam,Central,9.98,76.28,Oil Sardine,4087.29,5981.9,683.28,27.14,33.7,1.38,0.12,193.2,2.09,27.31,1.0,0.746,0.0,observed_and_verified_proxy
2018-11-01,2018,11,4,Ernakulam,Central,9.98,76.28,Indian Mackerel,4263.16,5981.9,712.68,27.14,33.7,1.38,0.12,193.2,2.09,27.31,1.0,0.75,0.0,observed_and_verified_proxy
2018-11-01,2018,11,4,Ernakulam,Central,9.98,76.28,Seer Fish,1757.59,5981.9,293.82,27.14,33.7,1.38,0.12,193.2,2.09,27.31,1.0,0.652,0.195,observed_and_verified_proxy
2018-11-01,2018,11,4,Ernakulam,Central,9.98,76.28,Tuna,2718.28,5981.9,454.42,27.14,33.7,1.38,0.12,193.2,2.09,27.31,1.0,0.708,0.0,observed_and_verified_proxy
2018-12-01,2018,12,4,Ernakulam,Central,9.98,76.28,Oil Sardine,3674.19,6484.3,566.63,27.51,34.39,1.0,0.06,26.1,1.87,27.39,1.0,0.799,0.0,observed_and_verified_proxy
2018-12-01,2018,12,4,Ernakulam,Central,9.98,76.28,Indian Mackerel,4378.43,6484.3,675.23,27.51,34.39,1.0,0.06,26.1,1.87,27.39,1.0,0.815,0.0,observed_and_verified_proxy
2018-12-01,2018,12,4,Ernakulam,Central,9.98,76.28,Seer Fish,1706.41,6484.3,263.16,27.51,34.39,1.0,0.06,26.1,1.87,27.39,1.0,0.702,0.328,observed_and_verified_proxy
2018-12-01,2018,12,4,Ernakulam,Central,9.98,76.28,Tuna,2649.95,6484.3,408.67,27.51,34.39,1.0,0.06,26.1,1.87,27.39,1.0,0.764,0.085,observed_and_verified_proxy
2018-01-01,2018,1,1,Alappuzha,South,9.49,76.33,Oil Sardine,2594.87,4774.9,543.44,28.14,34.48,0.95,0.05,4.2,3.02,26.06,1.0,0.635,0.0,observed_and_verified_proxy
2018-01-01,2018,1,1,Alappuzha,South,9.49,76.33,Indian Mackerel,2945.82,4774.9,616.94,28.14,34.48,0.95,0.05,4.2,3.02,26.06,1.0,0.648,0.0,observed_and_verified_proxy
2018-01-01,2018,1,1,Alappuzha,South,9.49,76.33,Seer Fish,829.52,4774.9,173.72,28.14,34.48,0.95,0.05,4.2,3.02,26.06,1.0,0.473,0.229,observed_and_verified_proxy
2018-01-01,2018,1,1,Alappuzha,South,9.49,76.33,Tuna,1853.27,4774.9,388.12,28.14,34.48,0.95,0.05,4.2,3.02,26.06,1.0,0.597,0.0,observed_and_verified_proxy
2018-02-01,2018,2,1,Alappuzha,South,9.49,76.33,Oil Sardine,2638.47,4375.3,603.04,28.86,34.45,1.1,0.1,12.3,3.58,27.9,1.0,0.584,0.0,observed_and_verified_proxy
2018-02-01,2018,2,1,Alappuzha,South,9.49,76.33,Indian Mackerel,3099.87,4375.3,708.49,28.86,34.45,1.1,0.1,12.3,3.58,27.9,1.0,0.598,0.0,observed_and_verified_proxy
2018-02-01,2018,2,1,Alappuzha,South,9.49,76.33,Seer Fish,830.71,4375.3,189.86,28.86,34.45,1.1,0.1,12.3,3.58,27.9,1.0,0.434,0.142,observed_and_verified_proxy
2018-02-01,2018,2,1,Alappuzha,South,9.49,76.33,Tuna,1761.88,4375.3,402.69,28.86,34.45,1.1,0.1,12.3,3.58,27.9,1.0,0.541,0.0,observed_and_verified_proxy
2018-03-01,2018,3,1,Alappuzha,South,9.49,76.33,Oil Sardine,2789.98,4897.1,569.71,29.49,34.34,1.41,0.2,38.7,3.13,29.01,1.0,0.659,0.0,observed_and_verified_proxy
2018-03-01,2018,3,1,Alappuzha,South,9.49,76.33,Indian Mackerel,2903.5,4897.1,592.9,29.49,34.34,1.41,0.2,38.7,3.13,29.01,1.0,0.663,0.0,observed_and_verified_proxy
2018-03-01,2018,3,1,Alappuzha,South,9.49,76.33,Seer Fish,853.29,4897.1,174.24,29.49,34.34,1.41,0.2,38.7,3.13,29.01,1.0,0.49,0.25,observed_and_verified_proxy
2018-03-01,2018,3,1,Alappuzha,South,9.49,76.33,Tuna,1856.05,4897.1,379.01,29.49,34.34,1.41,0.2,38.7,3.13,29.01,1.0,0.612,0.0,observed_and_verified_proxy
2018-04-01,2018,4,2,Alappuzha,South,9.49,76.33,Oil Sardine,2011.69,2789.6,721.13,29.85,34.14,1.89,0.35,87.0,2.61,29.18,1.05,0.355,0.0,observed_and_verified_proxy
2018-04-01,2018,4,2,Alappuzha,South,9.49,76.33,Indian Mackerel,1818.44,2789.6,651.85,29.85,34.14,1.89,0.35,87.0,2.61,29.18,1.05,0.347,0.0,observed_and_verified_proxy
2018-04-01,2018,4,2,Alappuzha,South,9.49,76.33,Seer Fish,545.75,2789.6,195.63,29.85,34.14,1.89,0.35,87.0,2.61,29.18,1.05,0.231,0.0,observed_and_verified_proxy
2018-04-01,2018,4,2,Alappuzha,South,9.49,76.33,Tuna,674.37,2789.6,241.74,29.85,34.14,1.89,0.35,87.0,2.61,29.18,1.05,0.254,0.0,observed_and_verified_proxy
2018-05-01,2018,5,2,Alappuzha,South,9.49,76.33,Oil Sardine,2259.13,2906.2,777.34,29.77,33.72,2.85,0.65,186.6,4.49,27.99,1.36,0.378,0.0,observed_and_verified_proxy
2018-05-01,2018,5,2,Alappuzha,South,9.49,76.33,Indian Mackerel,1728.62,2906.2,594.8,29.77,33.72,2.85,0.65,186.6,4.49,27.99,1.36,0.358,0.0,observed_and_verified_proxy
2018-05-01,2018,5,2,Alappuzha,South,9.49,76.33,Seer Fish,507.02,2906.2,174.46,29.77,33.72,2.85,0.65,186.6,4.49,27.99,1.36,0.232,0.0,observed_and_verified_proxy
2018-05-01,2018,5,2,Alappuzha,South,9.49,76.33,Tuna,650.61,2906.2,223.87,29.77,33.72,2.85,0.65,186.6,4.49,27.99,1.36,0.261,0.0,observed_and_verified_proxy
2018-06-01,2018,6,2,Alappuzha,South,9.49,76.33,Oil Sardine,2617.71,3007.2,870.48,28.91,33.3,3.82,0.95,288.9,5.57,26.65,2.21,0.401,0.0,observed_and_verified_proxy
2018-06-01,2018,6,2,Alappuzha,South,9.49,76.33,Indian Mackerel,1628.15,3007.2,541.42,28.91,33.3,3.82,0.95,288.9,5.57,26.65,2.21,0.365,0.0,observed_and_verified_proxy
2018-06-01,2018,6,2,Alappuzha,South,9.49,76.33,Seer Fish,529.2,3007.2,175.98,28.91,33.3,3.82,0.95,288.9,5.57,26.65,2.21,0.245,0.0,observed_and_verified_proxy
2018-06-01,2018,6,2,Alappuzha,South,9.49,76.33,Tuna,645.19,3007.2,214.55,28.91,33.3,3.82,0.95,288.9,5.57,26.65,2.21,0.269,0.0,observed_and_verified_proxy
2018-07-01,2018,7,3,Alappuzha,South,9.49,76.33,Oil Sardine,4350.85,3736.1,1164.54,27.27,33.42,3.92,1.0,258.9,5.54,25.66,2.8,0.532,0.0,observed_and_verified_proxy
2018-07-01,2018,7,3,Alappuzha,South,9.49,76.33,Indian Mackerel,2342.18,3736.1,626.9,27.27,33.42,3.92,1.0,258.9,5.54,25.66,2.8,0.489,0.0,observed_and_verified_proxy
2018-07-01,2018,7,3,Alappuzha,South,9.49,76.33,Seer Fish,1021.59,3736.1,273.44,27.27,33.42,3.92,1.0,258.9,5.54,25.66,2.8,0.398,0.0,observed_and_verified_proxy
2018-07-01,2018,7,3,Alappuzha,South,9.49,76.33,Tuna,925.34,3736.1,247.68,27.27,33.42,3.92,1.0,258.9,5.54,25.66,2.8,0.385,0.0,observed_and_verified_proxy
2018-08-01,2018,8,3,Alappuzha,South,9.49,76.33,Oil Sardine,4068.12,3475.7,1170.46,26.55,33.13,3.73,0.9,329.4,5.8,25.23,2.21,0.491,0.0,observed_and_verified_proxy
2018-08-01,2018,8,3,Alappuzha,South,9.49,76.33,Indian Mackerel,2468.16,3475.7,710.12,26.55,33.13,3.73,0.9,329.4,5.8,25.23,2.21,0.459,0.0,observed_and_verified_proxy
2018-08-01,2018,8,3,Alappuzha,South,9.49,76.33,Seer Fish,1104.4,3475.7,317.75,26.55,33.13,3.73,0.9,329.4,5.8,25.23,2.21,0.38,0.0,observed_and_verified_proxy
2018-08-01,2018,8,3,Alappuzha,South,9.49,76.33,Tuna,965.47,3475.7,277.78,26.55,33.13,3.73,0.9,329.4,5.8,25.23,2.21,0.363,0.0,observed_and_verified_proxy
2018-09-01,2018,9,3,Alappuzha,South,9.49,76.33,Oil Sardine,3314.0,3774.9,877.91,26.93,34.14,2.59,0.6,85.8,4.3,25.81,1.36,0.521,0.0,observed_and_verified_proxy
2018-09-01,2018,9,3,Alappuzha,South,9.49,76.33,Indian Mackerel,2587.54,3774.9,685.46,26.93,34.14,2.59,0.6,85.8,4.3,25.81,1.36,0.502,0.0,observed_and_verified_proxy
2018-09-01,2018,9,3,Alappuzha,South,9.49,76.33,Seer Fish,1077.31,3774.9,285.39,26.93,34.14,2.59,0.6,85.8,4.3,25.81,1.36,0.409,0.0,observed_and_verified_proxy
2018-09-01,2018,9,3,Alappuzha,South,9.49,76.33,Tuna,932.18,3774.9,246.95,26.93,34.14,2.59,0.6,85.8,4.3,25.81,1.36,0.39,0.0,observed_and_verified_proxy
2018-10-01,2018,10,4,Alappuzha,South,9.49,76.33,Oil Sardine,4116.01,6114.7,673.13,27.07,33.33,1.99,0.3,280.8,2.57,26.56,1.05,0.865,0.0,observed_and_verified_proxy
2018-10-01,2018,10,4,Alappuzha,South,9.49,76.33,Indian Mackerel,3984.22,6114.7,651.58,27.07,33.33,1.99,0.3,280.8,2.57,26.56,1.05,0.862,0.0,observed_and_verified_proxy
2018-10-01,2018,10,4,Alappuzha,South,9.49,76.33,Seer Fish,1499.19,6114.7,245.18,27.07,33.33,1.99,0.3,280.8,2.57,26.56,1.05,0.728,0.401,observed_and_verified_proxy
2018-10-01,2018,10,4,Alappuzha,South,9.49,76.33,Tuna,2383.33,6114.7,389.77,27.07,33.33,1.99,0.3,280.8,2.57,26.56,1.05,0.802,0.177,observed_and_verified_proxy
2018-11-01,2018,11,4,Alappuzha,South,9.49,76.33,Oil Sardine,3428.81,5932.7,577.95,27.14,33.8,1.35,0.12,167.4,2.84,26.48,1.0,0.822,0.0,observed_and_verified_proxy
2018-11-01,2018,11,4,Alappuzha,South,9.49,76.33,Indian Mackerel,3934.0,5932.7,663.11,27.14,33.8,1.35,0.12,167.4,2.84,26.48,1.0,0.836,0.0,observed_and_verified_proxy
2018-11-01,2018,11,4,Alappuzha,South,9.49,76.33,Seer Fish,1460.62,5932.7,246.2,27.14,33.8,1.35,0.12,167.4,2.84,26.48,1.0,0.702,0.365,observed_and_verified_proxy
2018-11-01,2018,11,4,Alappuzha,South,9.49,76.33,Tuna,2328.43,5932.7,392.48,27.14,33.8,1.35,0.12,167.4,2.84,26.48,1.0,0.775,0.136,observed_and_verified_proxy
2018-12-01,2018,12,4,Alappuzha,South,9.49,76.33,Oil Sardine,3251.15,5933.8,547.91,27.51,34.41,1.0,0.06,22.5,2.94,26.6,1.0,0.816,0.0,observed_and_verified_proxy
2018-12-01,2018,12,4,Alappuzha,South,9.49,76.33,Indian Mackerel,3958.96,5933.8,667.19,27.51,34.41,1.0,0.06,22.5,2.94,26.6,1.0,0.836,0.0,observed_and_verified_proxy
2018-12-01,2018,12,4,Alappuzha,South,9.49,76.33,Seer Fish,1575.37,5933.8,265.49,27.51,34.41,1.0,0.06,22.5,2.94,26.6,1.0,0.715,0.339,observed_and_verified_proxy
2018-12-01,2018,12,4,Alappuzha,South,9.49,76.33,Tuna,2358.78,5933.8,397.52,27.51,34.41,1.0,0.06,22.5,2.94,26.6,1.0,0.777,0.127,observed_and_verified_proxy
2018-01-01,2018,1,1,Kollam,South,8.89,76.6,Oil Sardine,2312.91,4340.8,532.83,28.14,34.48,0.95,0.05,4.2,3.02,26.06,1.0,0.607,0.0,observed_and_verified_proxy
2018-01-01,2018,1,1,Kollam,South,8.89,76.6,Indian Mackerel,2927.68,4340.8,674.46,28.14,34.48,0.95,0.05,4.2,3.02,26.06,1.0,0.631,0.0,observed_and_verified_proxy
2018-01-01,2018,1,1,Kollam,South,8.89,76.6,Seer Fish,834.18,4340.8,192.17,28.14,34.48,0.95,0.05,4.2,3.02,26.06,1.0,0.462,0.173,observed_and_verified_proxy
2018-01-01,2018,1,1,Kollam,South,8.89,76.6,Tuna,1656.44,4340.8,381.6,28.14,34.48,0.95,0.05,4.2,3.02,26.06,1.0,0.567,0.0,observed_and_verified_proxy
2018-02-01,2018,2,1,Kollam,South,8.89,76.6,Oil Sardine,2444.28,4015.3,608.74,28.86,34.45,1.1,0.1,12.3,3.58,27.9,1.0,0.567,0.0,observed_and_verified_proxy
2018-02-01,2018,2,1,Kollam,South,8.89,76.6,Indian Mackerel,2831.22,4015.3,705.11,28.86,34.45,1.1,0.1,12.3,3.58,27.9,1.0,0.58,0.0,observed_and_verified_proxy
2018-02-01,2018,2,1,Kollam,South,8.89,76.6,Seer Fish,815.3,4015.3,203.05,28.86,34.45,1.1,0.1,12.3,3.58,27.9,1.0,0.423,0.099,observed_and_verified_proxy
2018-02-01,2018,2,1,Kollam,South,8.89,76.6,Tuna,1674.5,4015.3,417.03,28.86,34.45,1.1,0.1,12.3,3.58,27.9,1.0,0.526,0.0,observed_and_verified_proxy
2018-03-01,2018,3,1,Kollam,South,8.89,76.6,Oil Sardine,2789.09,4298.5,648.85,29.49,34.34,1.41,0.2,38.7,3.13,29.01,1.0,0.62,0.0,observed_and_verified_proxy
2018-03-01,2018,3,1,Kollam,South,8.89,76.6,Indian Mackerel,2742.53,4298.5,638.02,29.49,34.34,1.41,0.2,38.7,3.13,29.01,1.0,0.618,0.0,observed_and_verified_proxy
2018-03-01,2018,3,1,Kollam,South,8.89,76.6,Seer Fish,820.71,4298.5,190.93,29.49,34.34,1.41,0.2,38.7,3.13,29.01,1.0,0.454,0.166,observed_and_verified_proxy
2018-03-01,2018,3,1,Kollam,South,8.89,76.6,Tuna,1663.15,4298.5,386.91,29.49,34.34,1.41,0.2,38.7,3.13,29.01,1.0,0.562,0.0,observed_and_verified_proxy
2018-04-01,2018,4,2,Kollam,South,8.89,76.6,Oil Sardine,1765.69,2616.1,674.94,29.85,34.14,1.89,0.35,87.0,2.61,29.18,1.05,0.347,0.0,observed_and_verified_proxy
2018-04-01,2018,4,2,Kollam,South,8.89,76.6,Indian Mackerel,1752.06,2616.1,669.72,29.85,34.14,1.89,0.35,87.0,2.61,29.18,1.05,0.346,0.0,observed_and_verified_proxy
2018-04-01,2018,4,2,Kollam,South,8.89,76.6,Seer Fish,510.44,2616.1,195.11,29.85,34.14,1.89,0.35,87.0,2.61,29.18,1.05,0.225,0.0,observed_and_verified_proxy
2018-04-01,2018,4,2,Kollam,South,8.89,76.6,Tuna,596.57,2616.1,228.04,29.85,34.14,1.89,0.35,87.0,2.61,29.18,1.05,0.242,0.0,observed_and_verified_proxy
2018-05-01,2018,5,2,Kollam,South,8.89,76.6,Oil Sardine,2225.79,2800.6,794.76,29.77,33.72,2.85,0.65,186.6,4.49,27.99,1.36,0.389,0.0,observed_and_verified_proxy
2018-05-01,2018,5,2,Kollam,South,8.89,76.6,Indian Mackerel,1573.37,2800.6,561.8,29.77,33.72,2.85,0.65,186.6,4.49,27.99,1.36,0.361,0.0,observed_and_verified_proxy
2018-05-01,2018,5,2,Kollam,South,8.89,76.6,Seer Fish,497.43,2800.6,177.62,29.77,33.72,2.85,0.65,186.6,4.49,27.99,1.36,0.238,0.0,observed_and_verified_proxy
2018-05-01,2018,5,2,Kollam,South,8.89,76.6,Tuna,616.15,2800.6,220.01,29.77,33.72,2.85,0.65,186.6,4.49,27.99,1.36,0.263,0.0,observed_and_verified_proxy
2018-06-01,2018,6,2,Kollam,South,8.89,76.6,Oil Sardine,2491.5,2916.8,854.18,28.91,33.3,3.82,0.95,288.9,5.57,26.65,2.21,0.413,0.0,observed_and_verified_proxy
2018-06-01,2018,6,2,Kollam,South,8.89,76.6,Indian Mackerel,1556.64,2916.8,533.68,28.91,33.3,3.82,0.95,288.9,5.57,26.65,2.21,0.375,0.0,observed_and_verified_proxy
2018-06-01,2018,6,2,Kollam,South,8.89,76.6,Seer Fish,500.59,2916.8,171.62,28.91,33.3,3.82,0.95,288.9,5.57,26.65,2.21,0.248,0.0,observed_and_verified_proxy
2018-06-01,2018,6,2,Kollam,South,8.89,76.6,Tuna,631.85,2916.8,216.62,28.91,33.3,3.82,0.95,288.9,5.57,26.65,2.21,0.277,0.0,observed_and_verified_proxy
2018-07-01,2018,7,3,Kollam,South,8.89,76.6,Oil Sardine,4094.05,3388.0,1208.39,27.27,33.42,3.92,1.0,258.9,5.54,25.66,2.8,0.513,0.0,observed_and_verified_proxy
2018-07-01,2018,7,3,Kollam,South,8.89,76.6,Indian Mackerel,2228.81,3388.0,657.85,27.27,33.42,3.92,1.0,258.9,5.54,25.66,2.8,0.471,0.0,observed_and_verified_proxy
2018-07-01,2018,7,3,Kollam,South,8.89,76.6,Seer Fish,957.74,3388.0,282.68,27.27,33.42,3.92,1.0,258.9,5.54,25.66,2.8,0.379,0.0,observed_and_verified_proxy
2018-07-01,2018,7,3,Kollam,South,8.89,76.6,Tuna,922.28,3388.0,272.22,27.27,33.42,3.92,1.0,258.9,5.54,25.66,2.8,0.374,0.0,observed_and_verified_proxy
2018-08-01,2018,8,3,Kollam,South,8.89,76.6,Oil Sardine,3740.67,3568.7,1048.18,26.55,33.13,3.73,0.9,329.4,5.8,25.23,2.21,0.535,0.0,observed_and_verified_proxy
2018-08-01,2018,8,3,Kollam,South,8.89,76.6,Indian Mackerel,2297.94,3568.7,643.91,26.55,33.13,3.73,0.9,329.4,5.8,25.23,2.21,0.498,0.0,observed_and_verified_proxy
2018-08-01,2018,8,3,Kollam,South,8.89,76.6,Seer Fish,1031.48,3568.7,289.03,26.55,33.13,3.73,0.9,329.4,5.8,25.23,2.21,0.409,0.0,observed_and_verified_proxy
2018-08-01,2018,8,3,Kollam,South,8.89,76.6,Tuna,942.73,3568.7,264.17,26.55,33.13,3.73,0.9,329.4,5.8,25.23,2.21,0.397,0.0,observed_and_verified_proxy
2018-09-01,2018,9,3,Kollam,South,8.89,76.6,Oil Sardine,3181.98,3122.7,1018.99,26.93,34.14,2.59,0.6,85.8,4.3,25.81,1.36,0.459,0.0,observed_and_verified_proxy
2018-09-01,2018,9,3,Kollam,South,8.89,76.6,Indian Mackerel,2398.06,3122.7,767.95,26.93,34.14,2.59,0.6,85.8,4.3,25.81,1.36,0.439,0.0,observed_and_verified_proxy
2018-09-01,2018,9,3,Kollam,South,8.89,76.6,Seer Fish,997.03,3122.7,319.29,26.93,34.14,2.59,0.6,85.8,4.3,25.81,1.36,0.354,0.0,observed_and_verified_proxy
2018-09-01,2018,9,3,Kollam,South,8.89,76.6,Tuna,934.85,3122.7,299.38,26.93,34.14,2.59,0.6,85.8,4.3,25.81,1.36,0.346,0.0,observed_and_verified_proxy
2018-10-01,2018,10,4,Kollam,South,8.89,76.6,Oil Sardine,3855.68,5291.0,728.72,27.07,33.33,1.99,0.3,280.8,2.57,26.56,1.05,0.797,0.0,observed_and_verified_proxy
2018-10-01,2018,10,4,Kollam,South,8.89,76.6,Indian Mackerel,3445.59,5291.0,651.21,27.07,33.33,1.99,0.3,280.8,2.57,26.56,1.05,0.786,0.0,observed_and_verified_proxy
2018-10-01,2018,10,4,Kollam,South,8.89,76.6,Seer Fish,1442.53,5291.0,272.64,27.07,33.33,1.99,0.3,280.8,2.57,26.56,1.05,0.668,0.263,observed_and_verified_proxy
2018-10-01,2018,10,4,Kollam,South,8.89,76.6,Tuna,2234.51,5291.0,422.32,27.07,33.33,1.99,0.3,280.8,2.57,26.56,1.05,0.735,0.017,observed_and_verified_proxy
2018-11-01,2018,11,4,Kollam,South,8.89,76.6,Oil Sardine,3368.84,5427.7,620.68,27.14,33.8,1.35,0.12,167.4,2.84,26.48,1.0,0.804,0.0,observed_and_verified_proxy
2018-11-01,2018,11,4,Kollam,South,8.89,76.6,Indian Mackerel,3683.64,5427.7,678.68,27.14,33.8,1.35,0.12,167.4,2.84,26.48,1.0,0.813,0.0,observed_and_verified_proxy
2018-11-01,2018,11,4,Kollam,South,8.89,76.6,Seer Fish,1356.18,5427.7,249.86,27.14,33.8,1.35,0.12,167.4,2.84,26.48,1.0,0.674,0.322,observed_and_verified_proxy
2018-11-01,2018,11,4,Kollam,South,8.89,76.6,Tuna,2108.67,5427.7,388.5,27.14,33.8,1.35,0.12,167.4,2.84,26.48,1.0,0.746,0.107,observed_and_verified_proxy
2018-12-01,2018,12,4,Kollam,South,8.89,76.6,Oil Sardine,3177.02,5010.0,634.14,27.51,34.41,1.0,0.06,22.5,2.94,26.6,1.0,0.736,0.0,observed_and_verified_proxy
2018-12-01,2018,12,4,Kollam,South,8.89,76.6,Indian Mackerel,3815.9,5010.0,761.66,27.51,34.41,1.0,0.06,22.5,2.94,26.6,1.0,0.753,0.0,observed_and_verified_proxy
2018-12-01,2018,12,4,Kollam,South,8.89,76.6,Seer Fish,1452.33,5010.0,289.89,27.51,34.41,1.0,0.06,22.5,2.94,26.6,1.0,0.634,0.18,observed_and_verified_proxy
2018-12-01,2018,12,4,Kollam,South,8.89,76.6,Tuna,2210.98,5010.0,441.32,27.51,34.41,1.0,0.06,22.5,2.94,26.6,1.0,0.695,0.0,observed_and_verified_proxy
2018-01-01,2018,1,1,Kannur,North,11.87,75.37,Oil Sardine,1968.64,3162.6,622.48,28.14,34.49,0.94,0.05,1.5,2.16,26.51,1.0,0.546,0.0,observed_and_verified_proxy
2018-01-01,2018,1,1,Kannur,North,11.87,75.37,Indian Mackerel,2268.2,3162.6,717.2,28.14,34.49,0.94,0.05,1.5,2.16,26.51,1.0,0.561,0.0,observed_and_verified_proxy
2018-01-01,2018,1,1,Kannur,North,11.87,75.37,Seer Fish,626.74,3162.6,198.17,28.14,34.49,0.94,0.05,1.5,2.16,26.51,1.0,0.381,0.055,observed_and_verified_proxy
2018-01-01,2018,1,1,Kannur,North,11.87,75.37,Tuna,1295.93,3162.6,409.77,28.14,34.49,0.94,0.05,1.5,2.16,26.51,1.0,0.494,0.0,observed_and_verified_proxy
2018-02-01,2018,2,1,Kannur,North,11.87,75.37,Oil Sardine,1945.39,3236.8,601.02,28.86,34.47,1.09,0.1,7.2,2.33,27.86,1.0,0.557,0.0,observed_and_verified_proxy
2018-02-01,2018,2,1,Kannur,North,11.87,75.37,Indian Mackerel,2119.6,3236.8,654.84,28.86,34.47,1.09,0.1,7.2,2.33,27.86,1.0,0.567,0.0,observed_and_verified_proxy
2018-02-01,2018,2,1,Kannur,North,11.87,75.37,Seer Fish,625.37,3236.8,193.2,28.86,34.47,1.09,0.1,7.2,2.33,27.86,1.0,0.389,0.077,observed_and_verified_proxy
2018-02-01,2018,2,1,Kannur,North,11.87,75.37,Tuna,1271.5,3236.8,392.83,28.86,34.47,1.09,0.1,7.2,2.33,27.86,1.0,0.503,0.0,observed_and_verified_proxy
2018-03-01,2018,3,1,Kannur,North,11.87,75.37,Oil Sardine,2159.31,3608.5,598.4,29.49,34.38,1.39,0.2,27.6,2.6,28.89,1.0,0.634,0.0,observed_and_verified_proxy
2018-03-01,2018,3,1,Kannur,North,11.87,75.37,Indian Mackerel,2143.82,3608.5,594.1,29.49,34.38,1.39,0.2,27.6,2.6,28.89,1.0,0.633,0.0,observed_and_verified_proxy
2018-03-01,2018,3,1,Kannur,North,11.87,75.37,Seer Fish,655.89,3608.5,181.76,29.49,34.38,1.39,0.2,27.6,2.6,28.89,1.0,0.443,0.172,observed_and_verified_proxy
2018-03-01,2018,3,1,Kannur,North,11.87,75.37,Tuna,1297.65,3608.5,359.61,29.49,34.38,1.39,0.2,27.6,2.6,28.89,1.0,0.564,0.0,observed_and_verified_proxy
2018-04-01,2018,4,2,Kannur,North,11.87,75.37,Oil Sardine,1430.36,2271.7,629.65,29.85,34.05,1.92,0.35,109.2,2.47,28.72,1.05,0.364,0.0,observed_and_verified_proxy
2018-04-01,2018,4,2,Kannur,North,11.87,75.37,Indian Mackerel,1289.84,2271.7,567.79,29.85,34.05,1.92,0.35,109.2,2.47,28.72,1.05,0.354,0.0,observed_and_verified_proxy
2018-04-01,2018,4,2,Kannur,North,11.87,75.37,Seer Fish,384.22,2271.7,169.13,29.85,34.05,1.92,0.35,109.2,2.47,28.72,1.05,0.214,0.0,observed_and_verified_proxy
2018-04-01,2018,4,2,Kannur,North,11.87,75.37,Tuna,482.77,2271.7,212.52,29.85,34.05,1.92,0.35,109.2,2.47,28.72,1.05,0.242,0.0,observed_and_verified_proxy
2018-05-01,2018,5,2,Kannur,North,11.87,75.37,Oil Sardine,1780.25,2155.1,826.07,29.77,33.01,3.07,0.65,357.9,3.06,27.57,1.36,0.364,0.0,observed_and_verified_proxy
2018-05-01,2018,5,2,Kannur,North,11.87,75.37,Indian Mackerel,1293.25,2155.1,600.09,29.77,33.01,3.07,0.65,357.9,3.06,27.57,1.36,0.336,0.0,observed_and_verified_proxy
2018-05-01,2018,5,2,Kannur,North,11.87,75.37,Seer Fish,366.8,2155.1,170.2,29.77,33.01,3.07,0.65,357.9,3.06,27.57,1.36,0.197,0.0,observed_and_verified_proxy
2018-05-01,2018,5,2,Kannur,North,11.87,75.37,Tuna,458.72,2155.1,212.85,29.77,33.01,3.07,0.65,357.9,3.06,27.57,1.36,0.223,0.0,observed_and_verified_proxy
2018-06-01,2018,6,2,Kannur,North,11.87,75.37,Oil Sardine,2019.06,2077.8,971.72,28.91,32.49,4.06,0.95,482.1,3.68,26.4,2.21,0.36,0.0,observed_and_verified_proxy
2018-06-01,2018,6,2,Kannur,North,11.87,75.37,Indian Mackerel,1213.27,2077.8,583.92,28.91,32.49,4.06,0.95,482.1,3.68,26.4,2.21,0.318,0.0,observed_and_verified_proxy
2018-06-01,2018,6,2,Kannur,North,11.87,75.37,Seer Fish,394.8,2077.8,190.01,28.91,32.49,4.06,0.95,482.1,3.68,26.4,2.21,0.198,0.0,observed_and_verified_proxy
2018-06-01,2018,6,2,Kannur,North,11.87,75.37,Tuna,476.07,2077.8,229.12,28.91,32.49,4.06,0.95,482.1,3.68,26.4,2.21,0.219,0.0,observed_and_verified_proxy
2018-07-01,2018,7,3,Kannur,North,11.87,75.37,Oil Sardine,3205.03,2779.9,1152.94,27.27,32.3,4.26,1.0,527.1,4.14,25.56,2.8,0.521,0.0,observed_and_verified_proxy
2018-07-01,2018,7,3,Kannur,North,11.87,75.37,Indian Mackerel,1688.84,2779.9,607.52,27.27,32.3,4.26,1.0,527.1,4.14,25.56,2.8,0.464,0.0,observed_and_verified_proxy
2018-07-01,2018,7,3,Kannur,North,11.87,75.37,Seer Fish,797.1,2779.9,286.74,27.27,32.3,4.26,1.0,527.1,4.14,25.56,2.8,0.37,0.0,observed_and_verified_proxy
2018-07-01,2018,7,3,Kannur,North,11.87,75.37,Tuna,694.7,2779.9,249.9,27.27,32.3,4.26,1.0,527.1,4.14,25.56,2.8,0.35,0.0,observed_and_verified_proxy
2018-08-01,2018,8,3,Kannur,North,11.87,75.37,Oil Sardine,2879.44,2535.8,1135.5,26.55,32.37,3.96,0.9,510.9,3.83,24.89,2.21,0.468,0.0,observed_and_verified_proxy
2018-08-01,2018,8,3,Kannur,North,11.87,75.37,Indian Mackerel,1757.69,2535.8,693.14,26.55,32.37,3.96,0.9,510.9,3.83,24.89,2.21,0.427,0.0,observed_and_verified_proxy
2018-08-01,2018,8,3,Kannur,North,11.87,75.37,Seer Fish,806.09,2535.8,317.88,26.55,32.37,3.96,0.9,510.9,3.83,24.89,2.21,0.339,0.0,observed_and_verified_proxy
2018-08-01,2018,8,3,Kannur,North,11.87,75.37,Tuna,703.39,2535.8,277.38,26.55,32.37,3.96,0.9,510.9,3.83,24.89,2.21,0.321,0.0,observed_and_verified_proxy
2018-09-01,2018,9,3,Kannur,North,11.87,75.37,Oil Sardine,2547.42,2451.2,1039.25,26.93,34.0,2.63,0.6,120.3,2.89,25.47,1.36,0.444,0.0,observed_and_verified_proxy
2018-09-01,2018,9,3,Kannur,North,11.87,75.37,Indian Mackerel,1845.3,2451.2,752.82,26.93,34.0,2.63,0.6,120.3,2.89,25.47,1.36,0.417,0.0,observed_and_verified_proxy
2018-09-01,2018,9,3,Kannur,North,11.87,75.37,Seer Fish,808.6,2451.2,329.88,26.93,34.0,2.63,0.6,120.3,2.89,25.47,1.36,0.328,0.0,observed_and_verified_proxy
2018-09-01,2018,9,3,Kannur,North,11.87,75.37,Tuna,701.41,2451.2,286.15,26.93,34.0,2.63,0.6,120.3,2.89,25.47,1.36,0.31,0.0,observed_and_verified_proxy
2018-10-01,2018,10,4,Kannur,North,11.87,75.37,Oil Sardine,2982.89,4327.3,689.31,27.07,33.44,1.96,0.3,253.5,2.05,26.38,1.05,0.802,0.0,observed_and_verified_proxy
2018-10-01,2018,10,4,Kannur,North,11.87,75.37,Indian Mackerel,2925.14,4327.3,675.97,27.07,33.44,1.96,0.3,253.5,2.05,26.38,1.05,0.8,0.0,observed_and_verified_proxy
2018-10-01,2018,10,4,Kannur,North,11.87,75.37,Seer Fish,1086.91,4327.3,251.17,27.07,33.44,1.96,0.3,253.5,2.05,26.38,1.05,0.642,0.276,observed_and_verified_proxy
2018-10-01,2018,10,4,Kannur,North,11.87,75.37,Tuna,1801.41,4327.3,416.29,27.07,33.44,1.96,0.3,253.5,2.05,26.38,1.05,0.733,0.028,observed_and_verified_proxy
2018-11-01,2018,11,4,Kannur,North,11.87,75.37,Oil Sardine,2570.55,4110.3,625.39,27.14,34.2,1.23,0.12,72.3,1.93,26.57,1.0,0.745,0.0,observed_and_verified_proxy
2018-11-01,2018,11,4,Kannur,North,11.87,75.37,Indian Mackerel,2936.33,4110.3,714.38,27.14,34.2,1.23,0.12,72.3,1.93,26.57,1.0,0.76,0.0,observed_and_verified_proxy
2018-11-01,2018,11,4,Kannur,North,11.87,75.37,Seer Fish,1132.03,4110.3,275.41,27.14,34.2,1.23,0.12,72.3,1.93,26.57,1.0,0.617,0.19,observed_and_verified_proxy
2018-11-01,2018,11,4,Kannur,North,11.87,75.37,Tuna,1790.78,4110.3,435.68,27.14,34.2,1.23,0.12,72.3,1.93,26.57,1.0,0.695,0.0,observed_and_verified_proxy
2018-12-01,2018,12,4,Kannur,North,11.87,75.37,Oil Sardine,2362.59,4064.2,581.32,27.51,34.42,0.99,0.06,18.0,2.08,26.88,1.0,0.726,0.0,observed_and_verified_proxy
2018-12-01,2018,12,4,Kannur,North,11.87,75.37,Indian Mackerel,2840.59,4064.2,698.94,27.51,34.42,0.99,0.06,18.0,2.08,26.88,1.0,0.748,0.0,observed_and_verified_proxy
2018-12-01,2018,12,4,Kannur,North,11.87,75.37,Seer Fish,1144.99,4064.2,281.73,27.51,34.42,0.99,0.06,18.0,2.08,26.88,1.0,0.612,0.17,observed_and_verified_proxy
2018-12-01,2018,12,4,Kannur,North,11.87,75.37,Tuna,1807.27,4064.2,444.68,27.51,34.42,0.99,0.06,18.0,2.08,26.88,1.0,0.689,0.0,observed_and_verified_proxy
2018-01-01,2018,1,1,Thiruvananthapuram,South,8.52,76.94,Oil Sardine,1533.25,2785.9,550.37,28.14,34.48,0.95,0.05,4.2,3.02,26.06,1.0,0.556,0.0,observed_and_verified_proxy
2018-01-01,2018,1,1,Thiruvananthapuram,South,8.52,76.94,Indian Mackerel,1905.47,2785.9,683.98,28.14,34.48,0.95,0.05,4.2,3.02,26.06,1.0,0.584,0.0,observed_and_verified_proxy
2018-01-01,2018,1,1,Thiruvananthapuram,South,8.52,76.94,Seer Fish,513.57,2785.9,184.35,28.14,34.48,0.95,0.05,4.2,3.02,26.06,1.0,0.373,0.076,observed_and_verified_proxy
2018-01-01,2018,1,1,Thiruvananthapuram,South,8.52,76.94,Tuna,1091.21,2785.9,391.69,28.14,34.48,0.95,0.05,4.2,3.02,26.06,1.0,0.505,0.0,observed_and_verified_proxy
2018-02-01,2018,2,1,Thiruvananthapuram,South,8.52,76.94,Oil Sardine,1564.58,2817.0,555.41,28.86,34.45,1.1,0.1,12.3,3.58,27.9,1.0,0.565,0.0,observed_and_verified_proxy
2018-02-01,2018,2,1,Thiruvananthapuram,South,8.52,76.94,Indian Mackerel,1787.7,2817.0,634.62,28.86,34.45,1.1,0.1,12.3,3.58,27.9,1.0,0.582,0.0,observed_and_verified_proxy
2018-02-01,2018,2,1,Thiruvananthapuram,South,8.52,76.94,Seer Fish,490.36,2817.0,174.07,28.86,34.45,1.1,0.1,12.3,3.58,27.9,1.0,0.369,0.093,observed_and_verified_proxy
2018-02-01,2018,2,1,Thiruvananthapuram,South,8.52,76.94,Tuna,1110.95,2817.0,394.38,28.86,34.45,1.1,0.1,12.3,3.58,27.9,1.0,0.514,0.0,observed_and_verified_proxy
2018-03-01,2018,3,1,Thiruvananthapuram,South,8.52,76.94,Oil Sardine,1749.79,2733.0,640.26,29.49,34.34,1.41,0.2,38.7,3.13,29.01,1.0,0.562,0.0,observed_and_verified_proxy
2018-03-01,2018,3,1,Thiruvananthapuram,South,8.52,76.94,Indian Mackerel,1867.04,2733.0,683.16,29.49,34.34,1.41,0.2,38.7,3.13,29.01,1.0,0.57,0.0,observed_and_verified_proxy
2018-03-01,2018,3,1,Thiruvananthapuram,South,8.52,76.94,Seer Fish,511.05,2733.0,187.0,29.49,34.34,1.41,0.2,38.7,3.13,29.01,1.0,0.365,0.06,observed_and_verified_proxy
2018-03-01,2018,3,1,Thiruvananthapuram,South,8.52,76.94,Tuna,1080.87,2733.0,395.5,29.49,34.34,1.41,0.2,38.7,3.13,29.01,1.0,0.494,0.0,observed_and_verified_proxy
2018-04-01,2018,4,2,Thiruvananthapuram,South,8.52,76.94,Oil Sardine,1224.94,1631.8,750.69,29.85,34.14,1.89,0.35,87.0,2.61,29.18,1.05,0.307,0.0,observed_and_verified_proxy
2018-04-01,2018,4,2,Thiruvananthapuram,South,8.52,76.94,Indian Mackerel,1048.71,1631.8,642.69,29.85,34.14,1.89,0.35,87.0,2.61,29.18,1.05,0.292,0.0,observed_and_verified_proxy
2018-04-01,2018,4,2,Thiruvananthapuram,South,8.52,76.94,Seer Fish,309.68,1631.8,189.78,29.85,34.14,1.89,0.35,87.0,2.61,29.18,1.05,0.165,0.0,observed_and_verified_proxy
2018-04-01,2018,4,2,Thiruvananthapuram,South,8.52,76.94,Tuna,400.52,1631.8,245.45,29.85,34.14,1.89,0.35,87.0,2.61,29.18,1.05,0.192,0.0,observed_and_verified_proxy
2018-05-01,2018,5,2,Thiruvananthapuram,South,8.52,76.94,Oil Sardine,1348.05,1730.6,778.95,29.77,33.72,2.85,0.65,186.6,4.49,27.99,1.36,0.334,0.0,observed_and_verified_proxy
2018-05-01,2018,5,2,Thiruvananthapuram,South,8.52,76.94,Indian Mackerel,1013.15,1730.6,585.43,29.77,33.72,2.85,0.65,186.6,4.49,27.99,1.36,0.307,0.0,observed_and_verified_proxy
2018-05-01,2018,5,2,Thiruvananthapuram,South,8.52,76.94,Seer Fish,321.81,1730.6,185.95,29.77,33.72,2.85,0.65,186.6,4.49,27.99,1.36,0.179,0.0,observed_and_verified_proxy
2018-05-01,2018,5,2,Thiruvananthapuram,South,8.52,76.94,Tuna,400.45,1730.6,231.39,29.77,33.72,2.85,0.65,186.6,4.49,27.99,1.36,0.204,0.0,observed_and_verified_proxy
2018-06-01,2018,6,2,Thiruvananthapuram,South,8.52,76.94,Oil Sardine,1683.97,1804.5,933.22,28.91,33.3,3.82,0.95,288.9,5.57,26.65,2.21,0.368,0.0,observed_and_verified_proxy
2018-06-01,2018,6,2,Thiruvananthapuram,South,8.52,76.94,Indian Mackerel,915.79,1804.5,507.51,28.91,33.3,3.82,0.95,288.9,5.57,26.65,2.21,0.309,0.0,observed_and_verified_proxy
2018-06-01,2018,6,2,Thiruvananthapuram,South,8.52,76.94,Seer Fish,319.15,1804.5,176.86,28.91,33.3,3.82,0.95,288.9,5.57,26.65,2.21,0.186,0.0,observed_and_verified_proxy
2018-06-01,2018,6,2,Thiruvananthapuram,South,8.52,76.94,Tuna,396.88,1804.5,219.94,28.91,33.3,3.82,0.95,288.9,5.57,26.65,2.21,0.211,0.0,observed_and_verified_proxy
2018-07-01,2018,7,3,Thiruvananthapuram,South,8.52,76.94,Oil Sardine,2541.6,2236.4,1136.45,27.27,33.42,3.92,1.0,258.9,5.54,25.66,2.8,0.494,0.0,observed_and_verified_proxy
2018-07-01,2018,7,3,Thiruvananthapuram,South,8.52,76.94,Indian Mackerel,1491.61,2236.4,666.96,27.27,33.42,3.92,1.0,258.9,5.54,25.66,2.8,0.443,0.0,observed_and_verified_proxy
2018-07-01,2018,7,3,Thiruvananthapuram,South,8.52,76.94,Seer Fish,663.39,2236.4,296.63,27.27,33.42,3.92,1.0,258.9,5.54,25.66,2.8,0.337,0.0,observed_and_verified_proxy
2018-07-01,2018,7,3,Thiruvananthapuram,South,8.52,76.94,Tuna,558.17,2236.4,249.58,27.27,33.42,3.92,1.0,258.9,5.54,25.66,2.8,0.312,0.0,observed_and_verified_proxy
2018-08-01,2018,8,3,Thiruvananthapuram,South,8.52,76.94,Oil Sardine,2404.93,2072.7,1160.29,26.55,33.13,3.73,0.9,329.4,5.8,25.23,2.21,0.454,0.0,observed_and_verified_proxy
2018-08-01,2018,8,3,Thiruvananthapuram,South,8.52,76.94,Indian Mackerel,1454.88,2072.7,701.92,26.55,33.13,3.73,0.9,329.4,5.8,25.23,2.21,0.408,0.0,observed_and_verified_proxy
2018-08-01,2018,8,3,Thiruvananthapuram,South,8.52,76.94,Seer Fish,616.15,2072.7,297.27,26.55,33.13,3.73,0.9,329.4,5.8,25.23,2.21,0.303,0.0,observed_and_verified_proxy
2018-08-01,2018,8,3,Thiruvananthapuram,South,8.52,76.94,Tuna,566.33,2072.7,273.23,26.55,33.13,3.73,0.9,329.4,5.8,25.23,2.21,0.291,0.0,observed_and_verified_proxy
2018-09-01,2018,9,3,Thiruvananthapuram,South,8.52,76.94,Oil Sardine,2027.42,2136.8,948.82,26.93,34.14,2.59,0.6,85.8,4.3,25.81,1.36,0.453,0.0,observed_and_verified_proxy
2018-09-01,2018,9,3,Thiruvananthapuram,South,8.52,76.94,Indian Mackerel,1563.94,2136.8,731.92,26.93,34.14,2.59,0.6,85.8,4.3,25.81,1.36,0.428,0.0,observed_and_verified_proxy
2018-09-01,2018,9,3,Thiruvananthapuram,South,8.52,76.94,Seer Fish,619.52,2136.8,289.93,26.93,34.14,2.59,0.6,85.8,4.3,25.81,1.36,0.313,0.0,observed_and_verified_proxy
2018-09-01,2018,9,3,Thiruvananthapuram,South,8.52,76.94,Tuna,599.27,2136.8,280.46,26.93,34.14,2.59,0.6,85.8,4.3,25.81,1.36,0.308,0.0,observed_and_verified_proxy
2018-10-01,2018,10,4,Thiruvananthapuram,South,8.52,76.94,Oil Sardine,2320.79,3212.6,722.4,27.07,33.33,1.99,0.3,280.8,2.57,26.56,1.05,0.699,0.0,observed_and_verified_proxy
2018-10-01,2018,10,4,Thiruvananthapuram,South,8.52,76.94,Indian Mackerel,2229.59,3212.6,694.01,27.07,33.33,1.99,0.3,280.8,2.57,26.56,1.05,0.694,0.0,observed_and_verified_proxy
2018-10-01,2018,10,4,Thiruvananthapuram,South,8.52,76.94,Seer Fish,895.97,3212.6,278.89,27.07,33.33,1.99,0.3,280.8,2.57,26.56,1.05,0.545,0.089,observed_and_verified_proxy
2018-10-01,2018,10,4,Thiruvananthapuram,South,8.52,76.94,Tuna,1354.67,3212.6,421.67,27.07,33.33,1.99,0.3,280.8,2.57,26.56,1.05,0.621,0.0,observed_and_verified_proxy
2018-11-01,2018,11,4,Thiruvananthapuram,South,8.52,76.94,Oil Sardine,2216.76,3495.1,634.24,27.14,33.8,1.35,0.12,167.4,2.84,26.48,1.0,0.754,0.0,observed_and_verified_proxy
2018-11-01,2018,11,4,Thiruvananthapuram,South,8.52,76.94,Indian Mackerel,2287.21,3495.1,654.4,27.14,33.8,1.35,0.12,167.4,2.84,26.48,1.0,0.759,0.0,observed_and_verified_proxy
2018-11-01,2018,11,4,Thiruvananthapuram,South,8.52,76.94,Seer Fish,905.87,3495.1,259.18,27.14,33.8,1.35,0.12,167.4,2.84,26.48,1.0,0.596,0.199,observed_and_verified_proxy
2018-11-01,2018,11,4,Thiruvananthapuram,South,8.52,76.94,Tuna,1420.53,3495.1,406.43,27.14,33.8,1.35,0.12,167.4,2.84,26.48,1.0,0.684,0.0,observed_and_verified_proxy
2018-12-01,2018,12,4,Thiruvananthapuram,South,8.52,76.94,Oil Sardine,1929.35,3457.2,558.07,27.51,34.41,1.0,0.06,22.5,2.94,26.6,1.0,0.726,0.0,observed_and_verified_proxy
2018-12-01,2018,12,4,Thiruvananthapuram,South,8.52,76.94,Indian Mackerel,2437.32,3457.2,705.01,27.51,34.41,1.0,0.06,22.5,2.94,26.6,1.0,0.759,0.0,observed_and_verified_proxy
2018-12-01,2018,12,4,Thiruvananthapuram,South,8.52,76.94,Seer Fish,947.28,3457.2,274.0,27.51,34.41,1.0,0.06,22.5,2.94,26.6,1.0,0.599,0.169,observed_and_verified_proxy
2018-12-01,2018,12,4,Thiruvananthapuram,South,8.52,76.94,Tuna,1460.66,3457.2,422.5,27.51,34.41,1.0,0.06,22.5,2.94,26.6,1.0,0.681,0.0,observed_and_verified_proxy
2018-01-01,2018,1,1,Malappuram,North,11.07,76.07,Oil Sardine,1233.01,2048.0,602.04,28.14,34.49,0.94,0.05,1.5,2.16,26.51,1.0,0.496,0.0,observed_and_verified_proxy
2018-01-01,2018,1,1,Malappuram,North,11.07,76.07,Indian Mackerel,1443.72,2048.0,704.93,28.14,34.49,0.94,0.05,1.5,2.16,26.51,1.0,0.517,0.0,observed_and_verified_proxy
2018-01-01,2018,1,1,Malappuram,North,11.07,76.07,Seer Fish,389.67,2048.0,190.26,28.14,34.49,0.94,0.05,1.5,2.16,26.51,1.0,0.305,0.0,observed_and_verified_proxy
2018-01-01,2018,1,1,Malappuram,North,11.07,76.07,Tuna,855.53,2048.0,417.73,28.14,34.49,0.94,0.05,1.5,2.16,26.51,1.0,0.44,0.0,observed_and_verified_proxy
2018-02-01,2018,2,1,Malappuram,North,11.07,76.07,Oil Sardine,1286.18,2198.0,585.15,28.86,34.47,1.09,0.1,7.2,2.33,27.86,1.0,0.538,0.0,observed_and_verified_proxy
2018-02-01,2018,2,1,Malappuram,North,11.07,76.07,Indian Mackerel,1372.04,2198.0,624.21,28.86,34.47,1.09,0.1,7.2,2.33,27.86,1.0,0.548,0.0,observed_and_verified_proxy
2018-02-01,2018,2,1,Malappuram,North,11.07,76.07,Seer Fish,407.42,2198.0,185.36,28.86,34.47,1.09,0.1,7.2,2.33,27.86,1.0,0.336,0.024,observed_and_verified_proxy
2018-02-01,2018,2,1,Malappuram,North,11.07,76.07,Tuna,869.43,2198.0,395.55,28.86,34.47,1.09,0.1,7.2,2.33,27.86,1.0,0.475,0.0,observed_and_verified_proxy
2018-03-01,2018,3,1,Malappuram,North,11.07,76.07,Oil Sardine,1372.02,2195.0,625.07,29.49,34.38,1.39,0.2,27.6,2.6,28.89,1.0,0.547,0.0,observed_and_verified_proxy
2018-03-01,2018,3,1,Malappuram,North,11.07,76.07,Indian Mackerel,1385.96,2195.0,631.42,29.49,34.38,1.39,0.2,27.6,2.6,28.89,1.0,0.549,0.0,observed_and_verified_proxy
2018-03-01,2018,3,1,Malappuram,North,11.07,76.07,Seer Fish,390.17,2195.0,177.76,29.49,34.38,1.39,0.2,27.6,2.6,28.89,1.0,0.327,0.03,observed_and_verified_proxy
2018-03-01,2018,3,1,Malappuram,North,11.07,76.07,Tuna,861.02,2195.0,392.26,29.49,34.38,1.39,0.2,27.6,2.6,28.89,1.0,0.472,0.0,observed_and_verified_proxy
2018-04-01,2018,4,2,Malappuram,North,11.07,76.07,Oil Sardine,941.03,1375.5,684.15,29.85,34.05,1.92,0.35,109.2,2.47,28.72,1.05,0.306,0.0,observed_and_verified_proxy
2018-04-01,2018,4,2,Malappuram,North,11.07,76.07,Indian Mackerel,858.0,1375.5,623.78,29.85,34.05,1.92,0.35,109.2,2.47,28.72,1.05,0.296,0.0,observed_and_verified_proxy
2018-04-01,2018,4,2,Malappuram,North,11.07,76.07,Seer Fish,245.36,1375.5,178.38,29.85,34.05,1.92,0.35,109.2,2.47,28.72,1.05,0.154,0.0,observed_and_verified_proxy
2018-04-01,2018,4,2,Malappuram,North,11.07,76.07,Tuna,290.19,1375.5,210.97,29.85,34.05,1.92,0.35,109.2,2.47,28.72,1.05,0.172,0.0,observed_and_verified_proxy
2018-05-01,2018,5,2,Malappuram,North,11.07,76.07,Oil Sardine,1149.06,1300.9,883.3,29.77,33.01,3.07,0.65,357.9,3.06,27.57,1.36,0.308,0.0,observed_and_verified_proxy
2018-05-01,2018,5,2,Malappuram,North,11.07,76.07,Indian Mackerel,760.2,1300.9,584.37,29.77,33.01,3.07,0.65,357.9,3.06,27.57,1.36,0.267,0.0,observed_and_verified_proxy
2018-05-01,2018,5,2,Malappuram,North,11.07,76.07,Seer Fish,244.4,1300.9,187.88,29.77,33.01,3.07,0.65,357.9,3.06,27.57,1.36,0.145,0.0,observed_and_verified_proxy
2018-05-01,2018,5,2,Malappuram,North,11.07,76.07,Tuna,290.21,1300.9,223.09,29.77,33.01,3.07,0.65,357.9,3.06,27.57,1.36,0.163,0.0,observed_and_verified_proxy
2018-06-01,2018,6,2,Malappuram,North,11.07,76.07,Oil Sardine,1223.11,1293.6,945.49,28.91,32.49,4.06,0.95,482.1,3.68,26.4,2.21,0.312,0.0,observed_and_verified_proxy
2018-06-01,2018,6,2,Malappuram,North,11.07,76.07,Indian Mackerel,772.22,1293.6,596.95,28.91,32.49,4.06,0.95,482.1,3.68,26.4,2.21,0.267,0.0,observed_and_verified_proxy
2018-06-01,2018,6,2,Malappuram,North,11.07,76.07,Seer Fish,234.02,1293.6,180.9,28.91,32.49,4.06,0.95,482.1,3.68,26.4,2.21,0.14,0.0,observed_and_verified_proxy
2018-06-01,2018,6,2,Malappuram,North,11.07,76.07,Tuna,308.03,1293.6,238.12,28.91,32.49,4.06,0.95,482.1,3.68,26.4,2.21,0.168,0.0,observed_and_verified_proxy
2018-07-01,2018,7,3,Malappuram,North,11.07,76.07,Oil Sardine,1990.54,1763.7,1128.64,27.27,32.3,4.26,1.0,527.1,4.14,25.56,2.8,0.479,0.0,observed_and_verified_proxy
2018-07-01,2018,7,3,Malappuram,North,11.07,76.07,Indian Mackerel,1143.51,1763.7,648.37,27.27,32.3,4.26,1.0,527.1,4.14,25.56,2.8,0.417,0.0,observed_and_verified_proxy
2018-07-01,2018,7,3,Malappuram,North,11.07,76.07,Seer Fish,511.59,1763.7,290.07,27.27,32.3,4.26,1.0,527.1,4.14,25.56,2.8,0.303,0.0,observed_and_verified_proxy
2018-07-01,2018,7,3,Malappuram,North,11.07,76.07,Tuna,471.92,1763.7,267.58,27.27,32.3,4.26,1.0,527.1,4.14,25.56,2.8,0.291,0.0,observed_and_verified_proxy
2018-08-01,2018,8,3,Malappuram,North,11.07,76.07,Oil Sardine,1921.17,1726.7,1112.63,26.55,32.37,3.96,0.9,510.9,3.83,24.89,2.21,0.466,0.0,observed_and_verified_proxy
2018-08-01,2018,8,3,Malappuram,North,11.07,76.07,Indian Mackerel,1158.56,1726.7,670.97,26.55,32.37,3.96,0.9,510.9,3.83,24.89,2.21,0.41,0.0,observed_and_verified_proxy
2018-08-01,2018,8,3,Malappuram,North,11.07,76.07,Seer Fish,496.32,1726.7,287.44,26.55,32.37,3.96,0.9,510.9,3.83,24.89,2.21,0.293,0.0,observed_and_verified_proxy
2018-08-01,2018,8,3,Malappuram,North,11.07,76.07,Tuna,442.0,1726.7,255.98,26.55,32.37,3.96,0.9,510.9,3.83,24.89,2.21,0.276,0.0,observed_and_verified_proxy
2018-09-01,2018,9,3,Malappuram,North,11.07,76.07,Oil Sardine,1595.88,1631.4,978.22,26.93,34.0,2.63,0.6,120.3,2.89,25.47,1.36,0.423,0.0,observed_and_verified_proxy
2018-09-01,2018,9,3,Malappuram,North,11.07,76.07,Indian Mackerel,1200.55,1631.4,735.89,26.93,34.0,2.63,0.6,120.3,2.89,25.47,1.36,0.392,0.0,observed_and_verified_proxy
2018-09-01,2018,9,3,Malappuram,North,11.07,76.07,Seer Fish,506.67,1631.4,310.57,26.93,34.0,2.63,0.6,120.3,2.89,25.47,1.36,0.279,0.0,observed_and_verified_proxy
2018-09-01,2018,9,3,Malappuram,North,11.07,76.07,Tuna,473.66,1631.4,290.33,26.93,34.0,2.63,0.6,120.3,2.89,25.47,1.36,0.27,0.0,observed_and_verified_proxy
2018-10-01,2018,10,4,Malappuram,North,11.07,76.07,Oil Sardine,1933.46,2832.1,682.69,27.07,33.44,1.96,0.3,253.5,2.05,26.38,1.05,0.765,0.0,observed_and_verified_proxy
2018-10-01,2018,10,4,Malappuram,North,11.07,76.07,Indian Mackerel,1800.87,2832.1,635.88,27.07,33.44,1.96,0.3,253.5,2.05,26.38,1.05,0.754,0.0,observed_and_verified_proxy
2018-10-01,2018,10,4,Malappuram,North,11.07,76.07,Seer Fish,707.29,2832.1,249.74,27.07,33.44,1.96,0.3,253.5,2.05,26.38,1.05,0.564,0.179,observed_and_verified_proxy
2018-10-01,2018,10,4,Malappuram,North,11.07,76.07,Tuna,1100.19,2832.1,388.47,27.07,33.44,1.96,0.3,253.5,2.05,26.38,1.05,0.662,0.0,observed_and_verified_proxy
2018-11-01,2018,11,4,Malappuram,North,11.07,76.07,Oil Sardine,1729.64,2558.9,675.94,27.14,34.2,1.23,0.12,72.3,1.93,26.57,1.0,0.675,0.0,observed_and_verified_proxy
2018-11-01,2018,11,4,Malappuram,North,11.07,76.07,Indian Mackerel,1872.86,2558.9,731.91,27.14,34.2,1.23,0.12,72.3,1.93,26.57,1.0,0.687,0.0,observed_and_verified_proxy
2018-11-01,2018,11,4,Malappuram,North,11.07,76.07,Seer Fish,700.48,2558.9,273.74,27.14,34.2,1.23,0.12,72.3,1.93,26.57,1.0,0.508,0.052,observed_and_verified_proxy
2018-11-01,2018,11,4,Malappuram,North,11.07,76.07,Tuna,1086.47,2558.9,424.59,27.14,34.2,1.23,0.12,72.3,1.93,26.57,1.0,0.596,0.0,observed_and_verified_proxy
2018-12-01,2018,12,4,Malappuram,North,11.07,76.07,Oil Sardine,1644.87,2668.2,616.47,27.51,34.42,0.99,0.06,18.0,2.08,26.88,1.0,0.696,0.0,observed_and_verified_proxy
2018-12-01,2018,12,4,Malappuram,North,11.07,76.07,Indian Mackerel,1938.16,2668.2,726.39,27.51,34.42,0.99,0.06,18.0,2.08,26.88,1.0,0.721,0.0,observed_and_verified_proxy
2018-12-01,2018,12,4,Malappuram,North,11.07,76.07,Seer Fish,670.12,2668.2,251.15,27.51,34.42,0.99,0.06,18.0,2.08,26.88,1.0,0.52,0.118,observed_and_verified_proxy
2018-12-01,2018,12,4,Malappuram,North,11.07,76.07,Tuna,1078.07,2668.2,404.04,27.51,34.42,0.99,0.06,18.0,2.08,26.88,1.0,0.62,0.0,observed_and_verified_proxy
2018-01-01,2018,1,1,Thrissur,Central,10.52,76.21,Oil Sardine,830.31,1509.7,549.99,28.14,34.49,0.94,0.05,2.7,1.95,27.24,1.0,0.449,0.0,observed_and_verified_proxy
2018-01-01,2018,1,1,Thrissur,Central,10.52,76.21,Indian Mackerel,976.35,1509.7,646.73,28.14,34.49,0.94,0.05,2.7,1.95,27.24,1.0,0.475,0.0,observed_and_verified_proxy
2018-01-01,2018,1,1,Thrissur,Central,10.52,76.21,Seer Fish,285.0,1509.7,188.78,28.14,34.49,0.94,0.05,2.7,1.95,27.24,1.0,0.261,0.0,observed_and_verified_proxy
2018-01-01,2018,1,1,Thrissur,Central,10.52,76.21,Tuna,600.08,1509.7,397.49,28.14,34.49,0.94,0.05,2.7,1.95,27.24,1.0,0.392,0.0,observed_and_verified_proxy
2018-02-01,2018,2,1,Thrissur,Central,10.52,76.21,Oil Sardine,875.0,1441.0,607.23,28.86,34.45,1.09,0.1,11.1,2.04,29.03,1.0,0.437,0.0,observed_and_verified_proxy
2018-02-01,2018,2,1,Thrissur,Central,10.52,76.21,Indian Mackerel,1052.04,1441.0,730.08,28.86,34.45,1.09,0.1,11.1,2.04,29.03,1.0,0.465,0.0,observed_and_verified_proxy
2018-02-01,2018,2,1,Thrissur,Central,10.52,76.21,Seer Fish,294.87,1441.0,204.63,28.86,34.45,1.09,0.1,11.1,2.04,29.03,1.0,0.255,0.0,observed_and_verified_proxy
2018-02-01,2018,2,1,Thrissur,Central,10.52,76.21,Tuna,601.39,1441.0,417.35,28.86,34.45,1.09,0.1,11.1,2.04,29.03,1.0,0.375,0.0,observed_and_verified_proxy
2018-03-01,2018,3,1,Thrissur,Central,10.52,76.21,Oil Sardine,924.2,1482.2,623.53,29.49,34.3,1.42,0.2,47.4,2.68,29.82,1.0,0.458,0.0,observed_and_verified_proxy
2018-03-01,2018,3,1,Thrissur,Central,10.52,76.21,Indian Mackerel,1025.9,1482.2,692.14,29.49,34.3,1.42,0.2,47.4,2.68,29.82,1.0,0.475,0.0,observed_and_verified_proxy
2018-03-01,2018,3,1,Thrissur,Central,10.52,76.21,Seer Fish,277.47,1482.2,187.2,29.49,34.3,1.42,0.2,47.4,2.68,29.82,1.0,0.252,0.0,observed_and_verified_proxy
2018-03-01,2018,3,1,Thrissur,Central,10.52,76.21,Tuna,585.09,1482.2,394.74,29.49,34.3,1.42,0.2,47.4,2.68,29.82,1.0,0.381,0.0,observed_and_verified_proxy
2018-04-01,2018,4,2,Thrissur,Central,10.52,76.21,Oil Sardine,672.66,986.0,682.21,29.85,34.04,1.92,0.35,110.1,2.51,29.22,1.05,0.269,0.0,observed_and_verified_proxy
2018-04-01,2018,4,2,Thrissur,Central,10.52,76.21,Indian Mackerel,579.64,986.0,587.86,29.85,34.04,1.92,0.35,110.1,2.51,29.22,1.05,0.252,0.0,observed_and_verified_proxy
2018-04-01,2018,4,2,Thrissur,Central,10.52,76.21,Seer Fish,180.39,986.0,182.95,29.85,34.04,1.92,0.35,110.1,2.51,29.22,1.05,0.124,0.0,observed_and_verified_proxy
2018-04-01,2018,4,2,Thrissur,Central,10.52,76.21,Tuna,222.42,986.0,225.58,29.85,34.04,1.92,0.35,110.1,2.51,29.22,1.05,0.145,0.0,observed_and_verified_proxy
2018-05-01,2018,5,2,Thrissur,Central,10.52,76.21,Oil Sardine,775.78,1020.9,759.92,29.77,33.21,3.01,0.65,310.2,3.62,27.84,1.36,0.296,0.0,observed_and_verified_proxy
2018-05-01,2018,5,2,Thrissur,Central,10.52,76.21,Indian Mackerel,569.1,1020.9,557.47,29.77,33.21,3.01,0.65,310.2,3.62,27.84,1.36,0.259,0.0,observed_and_verified_proxy
2018-05-01,2018,5,2,Thrissur,Central,10.52,76.21,Seer Fish,169.13,1020.9,165.67,29.77,33.21,3.01,0.65,310.2,3.62,27.84,1.36,0.123,0.0,observed_and_verified_proxy
2018-05-01,2018,5,2,Thrissur,Central,10.52,76.21,Tuna,226.36,1020.9,221.74,29.77,33.21,3.01,0.65,310.2,3.62,27.84,1.36,0.151,0.0,observed_and_verified_proxy
2018-06-01,2018,6,2,Thrissur,Central,10.52,76.21,Oil Sardine,959.44,993.7,965.49,28.91,32.14,4.17,0.95,566.7,4.31,26.97,2.21,0.311,0.0,observed_and_verified_proxy
2018-06-01,2018,6,2,Thrissur,Central,10.52,76.21,Indian Mackerel,514.52,993.7,517.77,28.91,32.14,4.17,0.95,566.7,4.31,26.97,2.21,0.24,0.0,observed_and_verified_proxy
2018-06-01,2018,6,2,Thrissur,Central,10.52,76.21,Seer Fish,181.07,993.7,182.22,28.91,32.14,4.17,0.95,566.7,4.31,26.97,2.21,0.126,0.0,observed_and_verified_proxy
2018-06-01,2018,6,2,Thrissur,Central,10.52,76.21,Tuna,223.59,993.7,225.0,28.91,32.14,4.17,0.95,566.7,4.31,26.97,2.21,0.146,0.0,observed_and_verified_proxy
2018-07-01,2018,7,3,Thrissur,Central,10.52,76.21,Oil Sardine,1412.63,1251.0,1129.15,27.27,31.65,4.46,1.0,684.3,4.43,26.17,2.8,0.44,0.0,observed_and_verified_proxy
2018-07-01,2018,7,3,Thrissur,Central,10.52,76.21,Indian Mackerel,754.44,1251.0,603.05,27.27,31.65,4.46,1.0,684.3,4.43,26.17,2.8,0.358,0.0,observed_and_verified_proxy
2018-07-01,2018,7,3,Thrissur,Central,10.52,76.21,Seer Fish,338.57,1251.0,270.63,27.27,31.65,4.46,1.0,684.3,4.43,26.17,2.8,0.241,0.0,observed_and_verified_proxy
2018-07-01,2018,7,3,Thrissur,Central,10.52,76.21,Tuna,323.16,1251.0,258.31,27.27,31.65,4.46,1.0,684.3,4.43,26.17,2.8,0.234,0.0,observed_and_verified_proxy
2018-08-01,2018,8,3,Thrissur,Central,10.52,76.21,Oil Sardine,1383.89,1145.1,1208.5,26.55,32.29,3.98,0.9,529.5,4.42,25.64,2.21,0.401,0.0,observed_and_verified_proxy
2018-08-01,2018,8,3,Thrissur,Central,10.52,76.21,Indian Mackerel,769.7,1145.1,672.15,26.55,32.29,3.98,0.9,529.5,4.42,25.64,2.21,0.331,0.0,observed_and_verified_proxy
2018-08-01,2018,8,3,Thrissur,Central,10.52,76.21,Seer Fish,339.24,1145.1,296.25,26.55,32.29,3.98,0.9,529.5,4.42,25.64,2.21,0.22,0.0,observed_and_verified_proxy
2018-08-01,2018,8,3,Thrissur,Central,10.52,76.21,Tuna,324.16,1145.1,283.07,26.55,32.29,3.98,0.9,529.5,4.42,25.64,2.21,0.214,0.0,observed_and_verified_proxy
2018-09-01,2018,9,3,Thrissur,Central,10.52,76.21,Oil Sardine,1140.47,1115.1,1022.78,26.93,34.09,2.6,0.6,99.6,3.42,26.26,1.36,0.369,0.0,observed_and_verified_proxy
2018-09-01,2018,9,3,Thrissur,Central,10.52,76.21,Indian Mackerel,855.56,1115.1,767.27,26.93,34.09,2.6,0.6,99.6,3.42,26.26,1.36,0.335,0.0,observed_and_verified_proxy
2018-09-01,2018,9,3,Thrissur,Central,10.52,76.21,Seer Fish,356.94,1115.1,320.11,26.93,34.09,2.6,0.6,99.6,3.42,26.26,1.36,0.221,0.0,observed_and_verified_proxy
2018-09-01,2018,9,3,Thrissur,Central,10.52,76.21,Tuna,338.16,1115.1,303.27,26.93,34.09,2.6,0.6,99.6,3.42,26.26,1.36,0.214,0.0,observed_and_verified_proxy
2018-10-01,2018,10,4,Thrissur,Central,10.52,76.21,Oil Sardine,1290.32,1787.5,721.88,27.07,33.17,2.04,0.3,318.6,2.24,26.99,1.05,0.613,0.0,observed_and_verified_proxy
2018-10-01,2018,10,4,Thrissur,Central,10.52,76.21,Indian Mackerel,1328.05,1787.5,742.99,27.07,33.17,2.04,0.3,318.6,2.24,26.99,1.05,0.618,0.0,observed_and_verified_proxy
2018-10-01,2018,10,4,Thrissur,Central,10.52,76.21,Seer Fish,496.69,1787.5,277.88,27.07,33.17,2.04,0.3,318.6,2.24,26.99,1.05,0.424,0.0,observed_and_verified_proxy
2018-10-01,2018,10,4,Thrissur,Central,10.52,76.21,Tuna,778.08,1787.5,435.3,27.07,33.17,2.04,0.3,318.6,2.24,26.99,1.05,0.518,0.0,observed_and_verified_proxy
2018-11-01,2018,11,4,Thrissur,Central,10.52,76.21,Oil Sardine,1180.55,1973.9,598.09,27.14,33.7,1.38,0.12,193.2,2.09,27.31,1.0,0.66,0.0,observed_and_verified_proxy
2018-11-01,2018,11,4,Thrissur,Central,10.52,76.21,Indian Mackerel,1361.83,1973.9,689.93,27.14,33.7,1.38,0.12,193.2,2.09,27.31,1.0,0.688,0.0,observed_and_verified_proxy
2018-11-01,2018,11,4,Thrissur,Central,10.52,76.21,Seer Fish,488.91,1973.9,247.69,27.14,33.7,1.38,0.12,193.2,2.09,27.31,1.0,0.465,0.054,observed_and_verified_proxy
2018-11-01,2018,11,4,Thrissur,Central,10.52,76.21,Tuna,764.73,1973.9,387.43,27.14,33.7,1.38,0.12,193.2,2.09,27.31,1.0,0.568,0.0,observed_and_verified_proxy
2018-12-01,2018,12,4,Thrissur,Central,10.52,76.21,Oil Sardine,1101.42,1994.5,552.22,27.51,34.39,1.0,0.06,26.1,1.87,27.39,1.0,0.653,0.0,observed_and_verified_proxy
2018-12-01,2018,12,4,Thrissur,Central,10.52,76.21,Indian Mackerel,1370.95,1994.5,687.35,27.51,34.39,1.0,0.06,26.1,1.87,27.39,1.0,0.696,0.0,observed_and_verified_proxy
2018-12-01,2018,12,4,Thrissur,Central,10.52,76.21,Seer Fish,503.69,1994.5,252.54,27.51,34.39,1.0,0.06,26.1,1.87,27.39,1.0,0.477,0.058,observed_and_verified_proxy
2018-12-01,2018,12,4,Thrissur,Central,10.52,76.21,Tuna,794.66,1994.5,398.42,27.51,34.39,1.0,0.06,26.1,1.87,27.39,1.0,0.583,0.0,observed_and_verified_proxy
2018-01-01,2018,1,1,Kasaragod,North,12.5,74.99,Oil Sardine,496.72,913.7,543.62,28.14,34.49,0.94,0.05,1.5,2.16,26.51,1.0,0.361,0.0,observed_and_verified_proxy
2018-01-01,2018,1,1,Kasaragod,North,12.5,74.99,Indian Mackerel,588.12,913.7,643.65,28.14,34.49,0.94,0.05,1.5,2.16,26.51,1.0,0.392,0.0,observed_and_verified_proxy
2018-01-01,2018,1,1,Kasaragod,North,12.5,74.99,Seer Fish,171.05,913.7,187.2,28.14,34.49,0.94,0.05,1.5,2.16,26.51,1.0,0.185,0.0,observed_and_verified_proxy
2018-01-01,2018,1,1,Kasaragod,North,12.5,74.99,Tuna,348.15,913.7,381.03,28.14,34.49,0.94,0.05,1.5,2.16,26.51,1.0,0.298,0.0,observed_and_verified_proxy
2018-02-01,2018,2,1,Kasaragod,North,12.5,74.99,Oil Sardine,514.1,935.9,549.3,28.86,34.47,1.09,0.1,7.2,2.33,27.86,1.0,0.377,0.0,observed_and_verified_proxy
2018-02-01,2018,2,1,Kasaragod,North,12.5,74.99,Indian Mackerel,588.98,935.9,629.3,28.86,34.47,1.09,0.1,7.2,2.33,27.86,1.0,0.402,0.0,observed_and_verified_proxy
2018-02-01,2018,2,1,Kasaragod,North,12.5,74.99,Seer Fish,162.09,935.9,173.19,28.86,34.47,1.09,0.1,7.2,2.33,27.86,1.0,0.182,0.0,observed_and_verified_proxy
2018-02-01,2018,2,1,Kasaragod,North,12.5,74.99,Tuna,365.76,935.9,390.8,28.86,34.47,1.09,0.1,7.2,2.33,27.86,1.0,0.314,0.0,observed_and_verified_proxy
2018-03-01,2018,3,1,Kasaragod,North,12.5,74.99,Oil Sardine,564.46,964.1,585.48,29.49,34.38,1.39,0.2,27.6,2.6,28.89,1.0,0.406,0.0,observed_and_verified_proxy
2018-03-01,2018,3,1,Kasaragod,North,12.5,74.99,Indian Mackerel,626.22,964.1,649.54,29.49,34.38,1.39,0.2,27.6,2.6,28.89,1.0,0.425,0.0,observed_and_verified_proxy
2018-03-01,2018,3,1,Kasaragod,North,12.5,74.99,Seer Fish,162.38,964.1,168.43,29.49,34.38,1.39,0.2,27.6,2.6,28.89,1.0,0.188,0.0,observed_and_verified_proxy
2018-03-01,2018,3,1,Kasaragod,North,12.5,74.99,Tuna,345.19,964.1,358.05,29.49,34.38,1.39,0.2,27.6,2.6,28.89,1.0,0.313,0.0,observed_and_verified_proxy
2018-04-01,2018,4,2,Kasaragod,North,12.5,74.99,Oil Sardine,377.81,588.7,641.79,29.85,34.05,1.92,0.35,109.2,2.47,28.72,1.05,0.201,0.0,observed_and_verified_proxy
2018-04-01,2018,4,2,Kasaragod,North,12.5,74.99,Indian Mackerel,369.29,588.7,627.32,29.85,34.05,1.92,0.35,109.2,2.47,28.72,1.05,0.198,0.0,observed_and_verified_proxy
2018-04-01,2018,4,2,Kasaragod,North,12.5,74.99,Seer Fish,102.0,588.7,173.27,29.85,34.05,1.92,0.35,109.2,2.47,28.72,1.05,0.079,0.0,observed_and_verified_proxy
2018-04-01,2018,4,2,Kasaragod,North,12.5,74.99,Tuna,132.67,588.7,225.36,29.85,34.05,1.92,0.35,109.2,2.47,28.72,1.05,0.098,0.0,observed_and_verified_proxy
2018-05-01,2018,5,2,Kasaragod,North,12.5,74.99,Oil Sardine,448.77,593.2,756.56,29.77,33.01,3.07,0.65,357.9,3.06,27.57,1.36,0.223,0.0,observed_and_verified_proxy
2018-05-01,2018,5,2,Kasaragod,North,12.5,74.99,Indian Mackerel,323.98,593.2,546.18,29.77,33.01,3.07,0.65,357.9,3.06,27.57,1.36,0.185,0.0,observed_and_verified_proxy
2018-05-01,2018,5,2,Kasaragod,North,12.5,74.99,Seer Fish,108.62,593.2,183.12,29.77,33.01,3.07,0.65,357.9,3.06,27.57,1.36,0.084,0.0,observed_and_verified_proxy
2018-05-01,2018,5,2,Kasaragod,North,12.5,74.99,Tuna,124.1,593.2,209.21,29.77,33.01,3.07,0.65,357.9,3.06,27.57,1.36,0.094,0.0,observed_and_verified_proxy
2018-06-01,2018,6,2,Kasaragod,North,12.5,74.99,Oil Sardine,542.73,583.1,930.68,28.91,32.49,4.06,0.95,482.1,3.68,26.4,2.21,0.241,0.0,observed_and_verified_proxy
2018-06-01,2018,6,2,Kasaragod,North,12.5,74.99,Indian Mackerel,311.31,583.1,533.85,28.91,32.49,4.06,0.95,482.1,3.68,26.4,2.21,0.178,0.0,observed_and_verified_proxy
2018-06-01,2018,6,2,Kasaragod,North,12.5,74.99,Seer Fish,107.64,583.1,184.58,28.91,32.49,4.06,0.95,482.1,3.68,26.4,2.21,0.082,0.0,observed_and_verified_proxy
2018-06-01,2018,6,2,Kasaragod,North,12.5,74.99,Tuna,129.01,583.1,221.24,28.91,32.49,4.06,0.95,482.1,3.68,26.4,2.21,0.095,0.0,observed_and_verified_proxy
2018-07-01,2018,7,3,Kasaragod,North,12.5,74.99,Oil Sardine,809.27,741.6,1091.3,27.27,32.3,4.26,1.0,527.1,4.14,25.56,2.8,0.364,0.0,observed_and_verified_proxy
2018-07-01,2018,7,3,Kasaragod,North,12.5,74.99,Indian Mackerel,455.88,741.6,614.75,27.27,32.3,4.26,1.0,527.1,4.14,25.56,2.8,0.281,0.0,observed_and_verified_proxy
2018-07-01,2018,7,3,Kasaragod,North,12.5,74.99,Seer Fish,215.9,741.6,291.14,27.27,32.3,4.26,1.0,527.1,4.14,25.56,2.8,0.177,0.0,observed_and_verified_proxy
2018-07-01,2018,7,3,Kasaragod,North,12.5,74.99,Tuna,200.94,741.6,270.96,27.27,32.3,4.26,1.0,527.1,4.14,25.56,2.8,0.169,0.0,observed_and_verified_proxy
2018-08-01,2018,8,3,Kasaragod,North,12.5,74.99,Oil Sardine,811.78,755.1,1075.1,26.55,32.37,3.96,0.9,510.9,3.83,24.89,2.21,0.371,0.0,observed_and_verified_proxy
2018-08-01,2018,8,3,Kasaragod,North,12.5,74.99,Indian Mackerel,476.19,755.1,630.65,26.55,32.37,3.96,0.9,510.9,3.83,24.89,2.21,0.292,0.0,observed_and_verified_proxy
2018-08-01,2018,8,3,Kasaragod,North,12.5,74.99,Seer Fish,214.24,755.1,283.73,26.55,32.37,3.96,0.9,510.9,3.83,24.89,2.21,0.18,0.0,observed_and_verified_proxy
2018-08-01,2018,8,3,Kasaragod,North,12.5,74.99,Tuna,196.54,755.1,260.29,26.55,32.37,3.96,0.9,510.9,3.83,24.89,2.21,0.169,0.0,observed_and_verified_proxy
2018-09-01,2018,9,3,Kasaragod,North,12.5,74.99,Oil Sardine,658.27,680.6,967.14,26.93,34.0,2.63,0.6,120.3,2.89,25.47,1.36,0.307,0.0,observed_and_verified_proxy
2018-09-01,2018,9,3,Kasaragod,North,12.5,74.99,Indian Mackerel,492.62,680.6,723.77,26.93,34.0,2.63,0.6,120.3,2.89,25.47,1.36,0.268,0.0,observed_and_verified_proxy
2018-09-01,2018,9,3,Kasaragod,North,12.5,74.99,Seer Fish,207.2,680.6,304.42,26.93,34.0,2.63,0.6,120.3,2.89,25.47,1.36,0.158,0.0,observed_and_verified_proxy
2018-09-01,2018,9,3,Kasaragod,North,12.5,74.99,Tuna,202.93,680.6,298.15,26.93,34.0,2.63,0.6,120.3,2.89,25.47,1.36,0.156,0.0,observed_and_verified_proxy
2018-10-01,2018,10,4,Kasaragod,North,12.5,74.99,Oil Sardine,827.61,1163.2,711.51,27.07,33.44,1.96,0.3,253.5,2.05,26.38,1.05,0.575,0.0,observed_and_verified_proxy
2018-10-01,2018,10,4,Kasaragod,North,12.5,74.99,Indian Mackerel,792.71,1163.2,681.5,27.07,33.44,1.96,0.3,253.5,2.05,26.38,1.05,0.566,0.0,observed_and_verified_proxy
2018-10-01,2018,10,4,Kasaragod,North,12.5,74.99,Seer Fish,309.94,1163.2,266.46,27.07,33.44,1.96,0.3,253.5,2.05,26.38,1.05,0.353,0.0,observed_and_verified_proxy
2018-10-01,2018,10,4,Kasaragod,North,12.5,74.99,Tuna,485.98,1163.2,417.81,27.07,33.44,1.96,0.3,253.5,2.05,26.38,1.05,0.455,0.0,observed_and_verified_proxy
2018-11-01,2018,11,4,Kasaragod,North,12.5,74.99,Oil Sardine,709.83,1164.4,609.62,27.14,34.2,1.23,0.12,72.3,1.93,26.57,1.0,0.542,0.0,observed_and_verified_proxy
2018-11-01,2018,11,4,Kasaragod,North,12.5,74.99,Indian Mackerel,800.61,1164.4,687.58,27.14,34.2,1.23,0.12,72.3,1.93,26.57,1.0,0.569,0.0,observed_and_verified_proxy
2018-11-01,2018,11,4,Kasaragod,North,12.5,74.99,Seer Fish,316.03,1164.4,271.41,27.14,34.2,1.23,0.12,72.3,1.93,26.57,1.0,0.358,0.0,observed_and_verified_proxy
2018-11-01,2018,11,4,Kasaragod,North,12.5,74.99,Tuna,464.31,1164.4,398.76,27.14,34.2,1.23,0.12,72.3,1.93,26.57,1.0,0.445,0.0,observed_and_verified_proxy
2018-12-01,2018,12,4,Kasaragod,North,12.5,74.99,Oil Sardine,694.75,1189.0,584.34,27.51,34.42,0.99,0.06,18.0,2.08,26.88,1.0,0.549,0.0,observed_and_verified_proxy
2018-12-01,2018,12,4,Kasaragod,North,12.5,74.99,Indian Mackerel,805.21,1189.0,677.24,27.51,34.42,0.99,0.06,18.0,2.08,26.88,1.0,0.582,0.0,observed_and_verified_proxy
2018-12-01,2018,12,4,Kasaragod,North,12.5,74.99,Seer Fish,310.51,1189.0,261.16,27.51,34.42,0.99,0.06,18.0,2.08,26.88,1.0,0.362,0.0,observed_and_verified_proxy
2018-12-01,2018,12,4,Kasaragod,North,12.5,74.99,Tuna,489.29,1189.0,411.53,27.51,34.42,0.99,0.06,18.0,2.08,26.88,1.0,0.467,0.0,observed_and_verified_proxy
2019-01-01,2019,1,1,Kozhikode,North,11.25,75.78,Oil Sardine,2818.49,5728.7,492.0,28.14,34.5,0.94,0.05,0.3,2.51,26.45,1.0,0.61,0.0,observed_and_verified_proxy
2019-01-01,2019,1,1,Kozhikode,North,11.25,75.78,Indian Mackerel,3289.64,5728.7,574.24,28.14,34.5,0.94,0.05,0.3,2.51,26.45,1.0,0.623,0.0,observed_and_verified_proxy
2019-01-01,2019,1,1,Kozhikode,North,11.25,75.78,Seer Fish,900.11,5728.7,157.12,28.14,34.5,0.94,0.05,0.3,2.51,26.45,1.0,0.462,0.251,observed_and_verified_proxy
2019-01-01,2019,1,1,Kozhikode,North,11.25,75.78,Tuna,1971.32,5728.7,344.11,28.14,34.5,0.94,0.05,0.3,2.51,26.45,1.0,0.573,0.0,observed_and_verified_proxy
2019-02-01,2019,2,1,Kozhikode,North,11.25,75.78,Oil Sardine,2977.19,5656.1,526.37,28.86,34.47,1.09,0.1,7.2,2.63,28.3,1.0,0.607,0.0,observed_and_verified_proxy
2019-02-01,2019,2,1,Kozhikode,North,11.25,75.78,Indian Mackerel,3370.32,5656.1,595.87,28.86,34.47,1.09,0.1,7.2,2.63,28.3,1.0,0.617,0.0,observed_and_verified_proxy
2019-02-01,2019,2,1,Kozhikode,North,11.25,75.78,Seer Fish,934.44,5656.1,165.21,28.86,34.47,1.09,0.1,7.2,2.63,28.3,1.0,0.462,0.233,observed_and_verified_proxy
2019-02-01,2019,2,1,Kozhikode,North,11.25,75.78,Tuna,1947.02,5656.1,344.23,28.86,34.47,1.09,0.1,7.2,2.63,28.3,1.0,0.564,0.0,observed_and_verified_proxy
2019-03-01,2019,3,1,Kozhikode,North,11.25,75.78,Oil Sardine,3196.55,5632.8,567.48,29.49,34.45,1.38,0.2,12.6,2.83,28.91,1.0,0.61,0.0,observed_and_verified_proxy
2019-03-01,2019,3,1,Kozhikode,North,11.25,75.78,Indian Mackerel,3138.06,5632.8,557.1,29.49,34.45,1.38,0.2,12.6,2.83,28.91,1.0,0.609,0.0,observed_and_verified_proxy
2019-03-01,2019,3,1,Kozhikode,North,11.25,75.78,Seer Fish,910.95,5632.8,161.72,29.49,34.45,1.38,0.2,12.6,2.83,28.91,1.0,0.456,0.233,observed_and_verified_proxy
2019-03-01,2019,3,1,Kozhikode,North,11.25,75.78,Tuna,2030.77,5632.8,360.52,29.49,34.45,1.38,0.2,12.6,2.83,28.91,1.0,0.566,0.0,observed_and_verified_proxy
2019-04-01,2019,4,2,Kozhikode,North,11.25,75.78,Oil Sardine,2061.08,3459.5,595.77,29.85,34.15,1.88,0.35,83.4,2.8,29.45,1.05,0.349,0.0,observed_and_verified_proxy
2019-04-01,2019,4,2,Kozhikode,North,11.25,75.78,Indian Mackerel,2006.55,3459.5,580.01,29.85,34.15,1.88,0.35,83.4,2.8,29.45,1.05,0.347,0.0,observed_and_verified_proxy
2019-04-01,2019,4,2,Kozhikode,North,11.25,75.78,Seer Fish,539.79,3459.5,156.03,29.85,34.15,1.88,0.35,83.4,2.8,29.45,1.05,0.225,0.0,observed_and_verified_proxy
2019-04-01,2019,4,2,Kozhikode,North,11.25,75.78,Tuna,703.71,3459.5,203.41,29.85,34.15,1.88,0.35,83.4,2.8,29.45,1.05,0.253,0.0,observed_and_verified_proxy
2019-05-01,2019,5,2,Kozhikode,North,11.25,75.78,Oil Sardine,2559.95,3497.5,731.93,29.77,34.15,2.72,0.65,83.4,3.22,28.57,1.36,0.367,0.0,observed_and_verified_proxy
2019-05-01,2019,5,2,Kozhikode,North,11.25,75.78,Indian Mackerel,1842.54,3497.5,526.81,29.77,34.15,2.72,0.65,83.4,3.22,28.57,1.36,0.345,0.0,observed_and_verified_proxy
2019-05-01,2019,5,2,Kozhikode,North,11.25,75.78,Seer Fish,544.83,3497.5,155.78,29.77,34.15,2.72,0.65,83.4,3.22,28.57,1.36,0.229,0.0,observed_and_verified_proxy
2019-05-01,2019,5,2,Kozhikode,North,11.25,75.78,Tuna,721.57,3497.5,206.31,29.77,34.15,2.72,0.65,83.4,3.22,28.57,1.36,0.259,0.0,observed_and_verified_proxy
2019-06-01,2019,6,2,Kozhikode,North,11.25,75.78,Oil Sardine,2921.33,4016.1,727.4,28.91,33.48,3.77,0.95,244.8,3.63,27.62,2.21,0.43,0.0,observed_and_verified_proxy
2019-06-01,2019,6,2,Kozhikode,North,11.25,75.78,Indian Mackerel,1754.37,4016.1,436.83,28.91,33.48,3.77,0.95,244.8,3.63,27.62,2.21,0.392,0.0,observed_and_verified_proxy
2019-06-01,2019,6,2,Kozhikode,North,11.25,75.78,Seer Fish,578.21,4016.1,143.97,28.91,33.48,3.77,0.95,244.8,3.63,27.62,2.21,0.27,0.031,observed_and_verified_proxy
2019-06-01,2019,6,2,Kozhikode,North,11.25,75.78,Tuna,693.88,4016.1,172.77,28.91,33.48,3.77,0.95,244.8,3.63,27.62,2.21,0.293,0.0,observed_and_verified_proxy
2019-07-01,2019,7,3,Kozhikode,North,11.25,75.78,Oil Sardine,4456.37,4552.9,978.81,27.27,32.7,4.14,1.0,432.6,3.72,26.17,2.8,0.513,0.0,observed_and_verified_proxy
2019-07-01,2019,7,3,Kozhikode,North,11.25,75.78,Indian Mackerel,2470.47,4552.9,542.62,27.27,32.7,4.14,1.0,432.6,3.72,26.17,2.8,0.474,0.0,observed_and_verified_proxy
2019-07-01,2019,7,3,Kozhikode,North,11.25,75.78,Seer Fish,1186.07,4552.9,260.51,27.27,32.7,4.14,1.0,432.6,3.72,26.17,2.8,0.401,0.0,observed_and_verified_proxy
2019-07-01,2019,7,3,Kozhikode,North,11.25,75.78,Tuna,995.73,4552.9,218.71,27.27,32.7,4.14,1.0,432.6,3.72,26.17,2.8,0.38,0.008,observed_and_verified_proxy
2019-08-01,2019,8,3,Kozhikode,North,11.25,75.78,Oil Sardine,4240.29,4238.5,1000.43,26.55,31.57,4.2,0.9,702.9,3.61,25.54,2.21,0.475,0.0,observed_and_verified_proxy
2019-08-01,2019,8,3,Kozhikode,North,11.25,75.78,Indian Mackerel,2537.53,4238.5,598.69,26.55,31.57,4.2,0.9,702.9,3.61,25.54,2.21,0.444,0.0,observed_and_verified_proxy
2019-08-01,2019,8,3,Kozhikode,North,11.25,75.78,Seer Fish,1091.56,4238.5,257.54,26.55,31.57,4.2,0.9,702.9,3.61,25.54,2.21,0.364,0.0,observed_and_verified_proxy
2019-08-01,2019,8,3,Kozhikode,North,11.25,75.78,Tuna,990.6,4238.5,233.72,26.55,31.57,4.2,0.9,702.9,3.61,25.54,2.21,0.353,0.0,observed_and_verified_proxy
2019-09-01,2019,9,3,Kozhikode,North,11.25,75.78,Oil Sardine,3844.51,4496.9,854.92,26.93,33.09,2.9,0.6,339.6,2.76,25.96,1.36,0.499,0.0,observed_and_verified_proxy
2019-09-01,2019,9,3,Kozhikode,North,11.25,75.78,Indian Mackerel,2761.82,4496.9,614.16,26.93,33.09,2.9,0.6,339.6,2.76,25.96,1.36,0.477,0.0,observed_and_verified_proxy
2019-09-01,2019,9,3,Kozhikode,North,11.25,75.78,Seer Fish,1134.69,4496.9,252.33,26.93,33.09,2.9,0.6,339.6,2.76,25.96,1.36,0.391,0.0,observed_and_verified_proxy
2019-09-01,2019,9,3,Kozhikode,North,11.25,75.78,Tuna,1027.82,4496.9,228.56,26.93,33.09,2.9,0.6,339.6,2.76,25.96,1.36,0.379,0.0,observed_and_verified_proxy
2019-10-01,2019,10,4,Kozhikode,North,11.25,75.78,Oil Sardine,4329.42,7326.9,590.9,27.07,32.78,2.16,0.3,412.8,2.42,26.11,1.05,0.823,0.0,observed_and_verified_proxy
2019-10-01,2019,10,4,Kozhikode,North,11.25,75.78,Indian Mackerel,4047.55,7326.9,552.43,27.07,32.78,2.16,0.3,412.8,2.42,26.11,1.05,0.817,0.0,observed_and_verified_proxy
2019-10-01,2019,10,4,Kozhikode,North,11.25,75.78,Seer Fish,1623.17,7326.9,221.54,27.07,32.78,2.16,0.3,412.8,2.42,26.11,1.05,0.702,0.42,observed_and_verified_proxy
2019-10-01,2019,10,4,Kozhikode,North,11.25,75.78,Tuna,2523.49,7326.9,344.42,27.07,32.78,2.16,0.3,412.8,2.42,26.11,1.05,0.766,0.231,observed_and_verified_proxy
2019-11-01,2019,11,4,Kozhikode,North,11.25,75.78,Oil Sardine,3632.17,6768.1,536.66,27.14,34.0,1.29,0.12,120.9,1.94,26.82,1.0,0.746,0.0,observed_and_verified_proxy
2019-11-01,2019,11,4,Kozhikode,North,11.25,75.78,Indian Mackerel,4378.18,6768.1,646.88,27.14,34.0,1.29,0.12,120.9,1.94,26.82,1.0,0.761,0.0,observed_and_verified_proxy
2019-11-01,2019,11,4,Kozhikode,North,11.25,75.78,Seer Fish,1691.21,6768.1,249.88,27.14,34.0,1.29,0.12,120.9,1.94,26.82,1.0,0.655,0.296,observed_and_verified_proxy
2019-11-01,2019,11,4,Kozhikode,North,11.25,75.78,Tuna,2568.45,6768.1,379.49,27.14,34.0,1.29,0.12,120.9,1.94,26.82,1.0,0.71,0.08,observed_and_verified_proxy
2019-12-01,2019,12,4,Kozhikode,North,11.25,75.78,Oil Sardine,3472.09,7414.8,468.26,27.51,34.23,1.05,0.06,65.7,1.82,26.56,1.0,0.812,0.015,observed_and_verified_proxy
2019-12-01,2019,12,4,Kozhikode,North,11.25,75.78,Indian Mackerel,4389.24,7414.8,591.96,27.51,34.23,1.05,0.06,65.7,1.82,26.56,1.0,0.834,0.0,observed_and_verified_proxy
2019-12-01,2019,12,4,Kozhikode,North,11.25,75.78,Seer Fish,1603.32,7414.8,216.23,27.51,34.23,1.05,0.06,65.7,1.82,26.56,1.0,0.708,0.44,observed_and_verified_proxy
2019-12-01,2019,12,4,Kozhikode,North,11.25,75.78,Tuna,2453.06,7414.8,330.83,27.51,34.23,1.05,0.06,65.7,1.82,26.56,1.0,0.772,0.268,observed_and_verified_proxy
2019-01-01,2019,1,1,Ernakulam,Central,9.98,76.28,Oil Sardine,2429.07,5574.3,435.76,28.14,34.5,0.94,0.05,0.0,2.26,26.95,1.0,0.647,0.0,observed_and_verified_proxy
2019-01-01,2019,1,1,Ernakulam,Central,9.98,76.28,Indian Mackerel,2986.7,5574.3,535.8,28.14,34.5,0.94,0.05,0.0,2.26,26.95,1.0,0.669,0.0,observed_and_verified_proxy
2019-01-01,2019,1,1,Ernakulam,Central,9.98,76.28,Seer Fish,848.21,5574.3,152.16,28.14,34.5,0.94,0.05,0.0,2.26,26.95,1.0,0.491,0.3,observed_and_verified_proxy
2019-01-01,2019,1,1,Ernakulam,Central,9.98,76.28,Tuna,1663.3,5574.3,298.39,28.14,34.5,0.94,0.05,0.0,2.26,26.95,1.0,0.6,0.117,observed_and_verified_proxy
2019-02-01,2019,2,1,Ernakulam,Central,9.98,76.28,Oil Sardine,2446.8,5654.7,432.7,28.86,34.44,1.1,0.1,13.5,2.56,29.5,1.0,0.658,0.0,observed_and_verified_proxy
2019-02-01,2019,2,1,Ernakulam,Central,9.98,76.28,Indian Mackerel,2809.02,5654.7,496.76,28.86,34.44,1.1,0.1,13.5,2.56,29.5,1.0,0.672,0.0,observed_and_verified_proxy
2019-02-01,2019,2,1,Ernakulam,Central,9.98,76.28,Seer Fish,813.81,5654.7,143.92,28.86,34.44,1.1,0.1,13.5,2.56,29.5,1.0,0.491,0.318,observed_and_verified_proxy
2019-02-01,2019,2,1,Ernakulam,Central,9.98,76.28,Tuna,1786.03,5654.7,315.85,28.86,34.44,1.1,0.1,13.5,2.56,29.5,1.0,0.619,0.102,observed_and_verified_proxy
2019-03-01,2019,3,1,Ernakulam,Central,9.98,76.28,Oil Sardine,2707.11,5091.0,531.75,29.49,34.44,1.38,0.2,14.7,2.93,30.31,1.0,0.602,0.0,observed_and_verified_proxy
2019-03-01,2019,3,1,Ernakulam,Central,9.98,76.28,Indian Mackerel,2950.78,5091.0,579.61,29.49,34.44,1.38,0.2,14.7,2.93,30.31,1.0,0.61,0.0,observed_and_verified_proxy
2019-03-01,2019,3,1,Ernakulam,Central,9.98,76.28,Seer Fish,833.27,5091.0,163.68,29.49,34.44,1.38,0.2,14.7,2.93,30.31,1.0,0.446,0.216,observed_and_verified_proxy
2019-03-01,2019,3,1,Ernakulam,Central,9.98,76.28,Tuna,1682.66,5091.0,330.52,29.49,34.44,1.38,0.2,14.7,2.93,30.31,1.0,0.55,0.0,observed_and_verified_proxy
2019-04-01,2019,4,2,Ernakulam,Central,9.98,76.28,Oil Sardine,1856.52,3371.3,550.68,29.85,34.08,1.91,0.35,101.7,3.1,30.23,1.05,0.372,0.0,observed_and_verified_proxy
2019-04-01,2019,4,2,Ernakulam,Central,9.98,76.28,Indian Mackerel,1645.16,3371.3,487.99,29.85,34.08,1.91,0.35,101.7,3.1,30.23,1.05,0.362,0.0,observed_and_verified_proxy
2019-04-01,2019,4,2,Ernakulam,Central,9.98,76.28,Seer Fish,508.34,3371.3,150.78,29.85,34.08,1.91,0.35,101.7,3.1,30.23,1.05,0.238,0.0,observed_and_verified_proxy
2019-04-01,2019,4,2,Ernakulam,Central,9.98,76.28,Tuna,596.03,3371.3,176.79,29.85,34.08,1.91,0.35,101.7,3.1,30.23,1.05,0.257,0.0,observed_and_verified_proxy
2019-05-01,2019,5,2,Ernakulam,Central,9.98,76.28,Oil Sardine,2176.19,3116.7,698.23,29.77,34.2,2.71,0.65,71.4,3.7,29.17,1.36,0.355,0.0,observed_and_verified_proxy
2019-05-01,2019,5,2,Ernakulam,Central,9.98,76.28,Indian Mackerel,1635.22,3116.7,524.66,29.77,34.2,2.71,0.65,71.4,3.7,29.17,1.36,0.334,0.0,observed_and_verified_proxy
2019-05-01,2019,5,2,Ernakulam,Central,9.98,76.28,Seer Fish,506.21,3116.7,162.42,29.77,34.2,2.71,0.65,71.4,3.7,29.17,1.36,0.22,0.0,observed_and_verified_proxy
2019-05-01,2019,5,2,Ernakulam,Central,9.98,76.28,Tuna,651.47,3116.7,209.02,29.77,34.2,2.71,0.65,71.4,3.7,29.17,1.36,0.247,0.0,observed_and_verified_proxy
2019-06-01,2019,6,2,Ernakulam,Central,9.98,76.28,Oil Sardine,2615.5,3281.4,797.07,28.91,33.13,3.87,0.95,329.1,4.05,27.94,2.21,0.386,0.0,observed_and_verified_proxy
2019-06-01,2019,6,2,Ernakulam,Central,9.98,76.28,Indian Mackerel,1579.43,3281.4,481.33,28.91,33.13,3.87,0.95,329.1,4.05,27.94,2.21,0.349,0.0,observed_and_verified_proxy
2019-06-01,2019,6,2,Ernakulam,Central,9.98,76.28,Seer Fish,518.11,3281.4,157.89,28.91,33.13,3.87,0.95,329.1,4.05,27.94,2.21,0.234,0.0,observed_and_verified_proxy
2019-06-01,2019,6,2,Ernakulam,Central,9.98,76.28,Tuna,614.6,3281.4,187.3,28.91,33.13,3.87,0.95,329.1,4.05,27.94,2.21,0.253,0.0,observed_and_verified_proxy
2019-07-01,2019,7,3,Ernakulam,Central,9.98,76.28,Oil Sardine,3951.41,4187.3,943.68,27.27,32.79,4.11,1.0,410.1,4.11,26.8,2.8,0.521,0.0,observed_and_verified_proxy
2019-07-01,2019,7,3,Ernakulam,Central,9.98,76.28,Indian Mackerel,2216.57,4187.3,529.36,27.27,32.79,4.11,1.0,410.1,4.11,26.8,2.8,0.479,0.0,observed_and_verified_proxy
2019-07-01,2019,7,3,Ernakulam,Central,9.98,76.28,Seer Fish,1015.84,4187.3,242.6,27.27,32.79,4.11,1.0,410.1,4.11,26.8,2.8,0.393,0.0,observed_and_verified_proxy
2019-07-01,2019,7,3,Ernakulam,Central,9.98,76.28,Tuna,928.13,4187.3,221.66,27.27,32.79,4.11,1.0,410.1,4.11,26.8,2.8,0.381,0.003,observed_and_verified_proxy
2019-08-01,2019,8,3,Ernakulam,Central,9.98,76.28,Oil Sardine,3700.96,4128.7,896.39,26.55,31.71,4.16,0.9,669.9,3.93,26.22,2.21,0.509,0.0,observed_and_verified_proxy
2019-08-01,2019,8,3,Ernakulam,Central,9.98,76.28,Indian Mackerel,2396.3,4128.7,580.39,26.55,31.71,4.16,0.9,669.9,3.93,26.22,2.21,0.478,0.0,observed_and_verified_proxy
2019-08-01,2019,8,3,Ernakulam,Central,9.98,76.28,Seer Fish,985.82,4128.7,238.77,26.55,31.71,4.16,0.9,669.9,3.93,26.22,2.21,0.384,0.0,observed_and_verified_proxy
2019-08-01,2019,8,3,Ernakulam,Central,9.98,76.28,Tuna,912.44,4128.7,221.0,26.55,31.71,4.16,0.9,669.9,3.93,26.22,2.21,0.374,0.0,observed_and_verified_proxy
2019-09-01,2019,9,3,Ernakulam,Central,9.98,76.28,Oil Sardine,3287.52,3910.9,840.6,26.93,32.71,3.02,0.6,429.9,3.14,26.67,1.36,0.475,0.0,observed_and_verified_proxy
2019-09-01,2019,9,3,Ernakulam,Central,9.98,76.28,Indian Mackerel,2470.52,3910.9,631.7,26.93,32.71,3.02,0.6,429.9,3.14,26.67,1.36,0.456,0.0,observed_and_verified_proxy
2019-09-01,2019,9,3,Ernakulam,Central,9.98,76.28,Seer Fish,984.27,3910.9,251.67,26.93,32.71,3.02,0.6,429.9,3.14,26.67,1.36,0.363,0.0,observed_and_verified_proxy
2019-09-01,2019,9,3,Ernakulam,Central,9.98,76.28,Tuna,918.61,3910.9,234.88,26.93,32.71,3.02,0.6,429.9,3.14,26.67,1.36,0.355,0.0,observed_and_verified_proxy
2019-10-01,2019,10,4,Ernakulam,Central,9.98,76.28,Oil Sardine,3807.47,6396.7,595.22,27.07,32.2,2.33,0.3,552.6,2.8,26.79,1.05,0.792,0.0,observed_and_verified_proxy
2019-10-01,2019,10,4,Ernakulam,Central,9.98,76.28,Indian Mackerel,3529.94,6396.7,551.83,27.07,32.2,2.33,0.3,552.6,2.8,26.79,1.05,0.785,0.0,observed_and_verified_proxy
2019-10-01,2019,10,4,Ernakulam,Central,9.98,76.28,Seer Fish,1379.4,6396.7,215.64,27.07,32.2,2.33,0.3,552.6,2.8,26.79,1.05,0.658,0.376,observed_and_verified_proxy
2019-10-01,2019,10,4,Ernakulam,Central,9.98,76.28,Tuna,2338.67,6396.7,365.6,27.07,32.2,2.33,0.3,552.6,2.8,26.79,1.05,0.738,0.147,observed_and_verified_proxy
2019-11-01,2019,11,4,Ernakulam,Central,9.98,76.28,Oil Sardine,3538.56,6295.2,562.1,27.14,33.87,1.33,0.12,152.1,1.92,27.64,1.0,0.773,0.0,observed_and_verified_proxy
2019-11-01,2019,11,4,Ernakulam,Central,9.98,76.28,Indian Mackerel,3980.57,6295.2,632.31,27.14,33.87,1.33,0.12,152.1,1.92,27.64,1.0,0.783,0.0,observed_and_verified_proxy
2019-11-01,2019,11,4,Ernakulam,Central,9.98,76.28,Seer Fish,1512.19,6295.2,240.21,27.14,33.87,1.33,0.12,152.1,1.92,27.64,1.0,0.663,0.328,observed_and_verified_proxy
2019-11-01,2019,11,4,Ernakulam,Central,9.98,76.28,Tuna,2300.19,6295.2,365.39,27.14,33.87,1.33,0.12,152.1,1.92,27.64,1.0,0.724,0.13,observed_and_verified_proxy
2019-12-01,2019,12,4,Ernakulam,Central,9.98,76.28,Oil Sardine,3141.58,6771.8,463.92,27.51,34.26,1.04,0.06,58.2,1.89,27.49,1.0,0.818,0.033,observed_and_verified_proxy
2019-12-01,2019,12,4,Ernakulam,Central,9.98,76.28,Indian Mackerel,3973.23,6771.8,586.73,27.51,34.26,1.04,0.06,58.2,1.89,27.49,1.0,0.842,0.0,observed_and_verified_proxy
2019-12-01,2019,12,4,Ernakulam,Central,9.98,76.28,Seer Fish,1392.36,6771.8,205.61,27.51,34.26,1.04,0.06,58.2,1.89,27.49,1.0,0.698,0.45,observed_and_verified_proxy
2019-12-01,2019,12,4,Ernakulam,Central,9.98,76.28,Tuna,2361.24,6771.8,348.68,27.51,34.26,1.04,0.06,58.2,1.89,27.49,1.0,0.783,0.243,observed_and_verified_proxy
2019-01-01,2019,1,1,Alappuzha,South,9.49,76.33,Oil Sardine,2139.94,4410.7,485.17,28.14,34.5,0.94,0.05,0.0,3.21,26.55,1.0,0.568,0.0,observed_and_verified_proxy
2019-01-01,2019,1,1,Alappuzha,South,9.49,76.33,Indian Mackerel,2640.92,4410.7,598.75,28.14,34.5,0.94,0.05,0.0,3.21,26.55,1.0,0.589,0.0,observed_and_verified_proxy
2019-01-01,2019,1,1,Alappuzha,South,9.49,76.33,Seer Fish,724.21,4410.7,164.19,28.14,34.5,0.94,0.05,0.0,3.21,26.55,1.0,0.414,0.174,observed_and_verified_proxy
2019-01-01,2019,1,1,Alappuzha,South,9.49,76.33,Tuna,1565.19,4410.7,354.86,28.14,34.5,0.94,0.05,0.0,3.21,26.55,1.0,0.531,0.0,observed_and_verified_proxy
2019-02-01,2019,2,1,Alappuzha,South,9.49,76.33,Oil Sardine,2176.28,4827.8,450.78,28.86,34.48,1.09,0.1,5.7,3.3,28.77,1.0,0.623,0.0,observed_and_verified_proxy
2019-02-01,2019,2,1,Alappuzha,South,9.49,76.33,Indian Mackerel,2585.43,4827.8,535.52,28.86,34.48,1.09,0.1,5.7,3.3,28.77,1.0,0.642,0.0,observed_and_verified_proxy
2019-02-01,2019,2,1,Alappuzha,South,9.49,76.33,Seer Fish,717.43,4827.8,148.6,28.86,34.48,1.09,0.1,5.7,3.3,28.77,1.0,0.452,0.257,observed_and_verified_proxy
2019-02-01,2019,2,1,Alappuzha,South,9.49,76.33,Tuna,1498.24,4827.8,310.33,28.86,34.48,1.09,0.1,5.7,3.3,28.77,1.0,0.575,0.057,observed_and_verified_proxy
2019-03-01,2019,3,1,Alappuzha,South,9.49,76.33,Oil Sardine,2538.24,4472.3,567.55,29.49,34.42,1.38,0.2,18.9,2.67,29.88,1.0,0.593,0.0,observed_and_verified_proxy
2019-03-01,2019,3,1,Alappuzha,South,9.49,76.33,Indian Mackerel,2538.51,4472.3,567.61,29.49,34.42,1.38,0.2,18.9,2.67,29.88,1.0,0.593,0.0,observed_and_verified_proxy
2019-03-01,2019,3,1,Alappuzha,South,9.49,76.33,Seer Fish,725.95,4472.3,162.32,29.49,34.42,1.38,0.2,18.9,2.67,29.88,1.0,0.42,0.186,observed_and_verified_proxy
2019-03-01,2019,3,1,Alappuzha,South,9.49,76.33,Tuna,1544.2,4472.3,345.28,29.49,34.42,1.38,0.2,18.9,2.67,29.88,1.0,0.536,0.0,observed_and_verified_proxy
2019-04-01,2019,4,2,Alappuzha,South,9.49,76.33,Oil Sardine,1661.12,3082.1,538.96,29.85,34.14,1.89,0.35,86.1,3.0,29.94,1.05,0.376,0.0,observed_and_verified_proxy
2019-04-01,2019,4,2,Alappuzha,South,9.49,76.33,Indian Mackerel,1494.97,3082.1,485.06,29.85,34.14,1.89,0.35,86.1,3.0,29.94,1.05,0.367,0.0,observed_and_verified_proxy
2019-04-01,2019,4,2,Alappuzha,South,9.49,76.33,Seer Fish,464.06,3082.1,150.57,29.85,34.14,1.89,0.35,86.1,3.0,29.94,1.05,0.235,0.0,observed_and_verified_proxy
2019-04-01,2019,4,2,Alappuzha,South,9.49,76.33,Tuna,566.64,3082.1,183.85,29.85,34.14,1.89,0.35,86.1,3.0,29.94,1.05,0.26,0.0,observed_and_verified_proxy
2019-05-01,2019,5,2,Alappuzha,South,9.49,76.33,Oil Sardine,1973.66,2966.0,665.44,29.77,34.15,2.73,0.65,84.3,4.62,28.98,1.36,0.376,0.0,observed_and_verified_proxy
2019-05-01,2019,5,2,Alappuzha,South,9.49,76.33,Indian Mackerel,1491.91,2966.0,503.01,29.77,34.15,2.73,0.65,84.3,4.62,28.98,1.36,0.353,0.0,observed_and_verified_proxy
2019-05-01,2019,5,2,Alappuzha,South,9.49,76.33,Seer Fish,440.25,2966.0,148.43,29.77,34.15,2.73,0.65,84.3,4.62,28.98,1.36,0.22,0.0,observed_and_verified_proxy
2019-05-01,2019,5,2,Alappuzha,South,9.49,76.33,Tuna,557.64,2966.0,188.01,29.77,34.15,2.73,0.65,84.3,4.62,28.98,1.36,0.248,0.0,observed_and_verified_proxy
2019-06-01,2019,6,2,Alappuzha,South,9.49,76.33,Oil Sardine,2273.53,2870.3,792.09,28.91,33.61,3.73,0.95,214.5,5.2,27.74,2.21,0.373,0.0,observed_and_verified_proxy
2019-06-01,2019,6,2,Alappuzha,South,9.49,76.33,Indian Mackerel,1336.0,2870.3,465.46,28.91,33.61,3.73,0.95,214.5,5.2,27.74,2.21,0.332,0.0,observed_and_verified_proxy
2019-06-01,2019,6,2,Alappuzha,South,9.49,76.33,Seer Fish,454.14,2870.3,158.22,28.91,33.61,3.73,0.95,214.5,5.2,27.74,2.21,0.217,0.0,observed_and_verified_proxy
2019-06-01,2019,6,2,Alappuzha,South,9.49,76.33,Tuna,549.1,2870.3,191.3,28.91,33.61,3.73,0.95,214.5,5.2,27.74,2.21,0.238,0.0,observed_and_verified_proxy
2019-07-01,2019,7,3,Alappuzha,South,9.49,76.33,Oil Sardine,3426.47,3526.5,971.62,27.27,33.91,3.78,1.0,141.3,5.11,26.48,2.8,0.488,0.0,observed_and_verified_proxy
2019-07-01,2019,7,3,Alappuzha,South,9.49,76.33,Indian Mackerel,2017.81,3526.5,572.18,27.27,33.91,3.78,1.0,141.3,5.11,26.48,2.8,0.449,0.0,observed_and_verified_proxy
2019-07-01,2019,7,3,Alappuzha,South,9.49,76.33,Seer Fish,945.27,3526.5,268.05,27.27,33.91,3.78,1.0,141.3,5.11,26.48,2.8,0.366,0.0,observed_and_verified_proxy
2019-07-01,2019,7,3,Alappuzha,South,9.49,76.33,Tuna,788.39,3526.5,223.56,27.27,33.91,3.78,1.0,141.3,5.11,26.48,2.8,0.343,0.0,observed_and_verified_proxy
2019-08-01,2019,8,3,Alappuzha,South,9.49,76.33,Oil Sardine,3433.86,3578.6,959.55,26.55,33.15,3.73,0.9,324.6,5.32,26.27,2.21,0.496,0.0,observed_and_verified_proxy
2019-08-01,2019,8,3,Alappuzha,South,9.49,76.33,Indian Mackerel,1997.16,3578.6,558.08,26.55,33.15,3.73,0.9,324.6,5.32,26.27,2.21,0.454,0.0,observed_and_verified_proxy
2019-08-01,2019,8,3,Alappuzha,South,9.49,76.33,Seer Fish,942.57,3578.6,263.39,26.55,33.15,3.73,0.9,324.6,5.32,26.27,2.21,0.371,0.0,observed_and_verified_proxy
2019-08-01,2019,8,3,Alappuzha,South,9.49,76.33,Tuna,787.96,3578.6,220.19,26.55,33.15,3.73,0.9,324.6,5.32,26.27,2.21,0.348,0.0,observed_and_verified_proxy
2019-09-01,2019,9,3,Alappuzha,South,9.49,76.33,Oil Sardine,3037.12,3683.9,824.43,26.93,33.38,2.82,0.6,269.7,4.05,26.51,1.36,0.502,0.0,observed_and_verified_proxy
2019-09-01,2019,9,3,Alappuzha,South,9.49,76.33,Indian Mackerel,2113.64,3683.9,573.75,26.93,33.38,2.82,0.6,269.7,4.05,26.51,1.36,0.473,0.0,observed_and_verified_proxy
2019-09-01,2019,9,3,Alappuzha,South,9.49,76.33,Seer Fish,930.08,3683.9,252.47,26.93,33.38,2.82,0.6,269.7,4.05,26.51,1.36,0.38,0.0,observed_and_verified_proxy
2019-09-01,2019,9,3,Alappuzha,South,9.49,76.33,Tuna,803.51,3683.9,218.11,26.93,33.38,2.82,0.6,269.7,4.05,26.51,1.36,0.36,0.0,observed_and_verified_proxy
2019-10-01,2019,10,4,Alappuzha,South,9.49,76.33,Oil Sardine,3429.76,5787.2,592.64,27.07,32.98,2.1,0.3,364.2,2.93,26.45,1.05,0.802,0.0,observed_and_verified_proxy
2019-10-01,2019,10,4,Alappuzha,South,9.49,76.33,Indian Mackerel,3319.09,5787.2,573.52,27.07,32.98,2.1,0.3,364.2,2.93,26.45,1.05,0.798,0.0,observed_and_verified_proxy
2019-10-01,2019,10,4,Alappuzha,South,9.49,76.33,Seer Fish,1331.47,5787.2,230.07,27.07,32.98,2.1,0.3,364.2,2.93,26.45,1.05,0.668,0.357,observed_and_verified_proxy
2019-10-01,2019,10,4,Alappuzha,South,9.49,76.33,Tuna,2036.35,5787.2,351.87,27.07,32.98,2.1,0.3,364.2,2.93,26.45,1.05,0.738,0.177,observed_and_verified_proxy
2019-11-01,2019,11,4,Alappuzha,South,9.49,76.33,Oil Sardine,2975.37,5482.9,542.66,27.14,33.73,1.37,0.12,183.6,2.85,27.11,1.0,0.745,0.0,observed_and_verified_proxy
2019-11-01,2019,11,4,Alappuzha,South,9.49,76.33,Indian Mackerel,3270.0,5482.9,596.4,27.14,33.73,1.37,0.12,183.6,2.85,27.11,1.0,0.755,0.0,observed_and_verified_proxy
2019-11-01,2019,11,4,Alappuzha,South,9.49,76.33,Seer Fish,1288.58,5482.9,235.02,27.14,33.73,1.37,0.12,183.6,2.85,27.11,1.0,0.627,0.293,observed_and_verified_proxy
2019-11-01,2019,11,4,Alappuzha,South,9.49,76.33,Tuna,1970.69,5482.9,359.42,27.14,33.73,1.37,0.12,183.6,2.85,27.11,1.0,0.694,0.104,observed_and_verified_proxy
2019-12-01,2019,12,4,Alappuzha,South,9.49,76.33,Oil Sardine,2792.55,6075.4,459.65,27.51,34.28,1.03,0.06,52.8,4.09,26.3,1.0,0.818,0.042,observed_and_verified_proxy
2019-12-01,2019,12,4,Alappuzha,South,9.49,76.33,Indian Mackerel,3294.55,6075.4,542.28,27.51,34.28,1.03,0.06,52.8,4.09,26.3,1.0,0.837,0.0,observed_and_verified_proxy
2019-12-01,2019,12,4,Alappuzha,South,9.49,76.33,Seer Fish,1259.89,6075.4,207.38,27.51,34.28,1.03,0.06,52.8,4.09,26.3,1.0,0.69,0.437,observed_and_verified_proxy
2019-12-01,2019,12,4,Alappuzha,South,9.49,76.33,Tuna,1988.86,6075.4,327.36,27.51,34.28,1.03,0.06,52.8,4.09,26.3,1.0,0.771,0.274,observed_and_verified_proxy
2019-01-01,2019,1,1,Kollam,South,8.89,76.6,Oil Sardine,1953.0,3979.1,490.81,28.14,34.5,0.94,0.05,0.0,3.21,26.55,1.0,0.539,0.0,observed_and_verified_proxy
2019-01-01,2019,1,1,Kollam,South,8.89,76.6,Indian Mackerel,2435.34,3979.1,612.03,28.14,34.5,0.94,0.05,0.0,3.21,26.55,1.0,0.561,0.0,observed_and_verified_proxy
2019-01-01,2019,1,1,Kollam,South,8.89,76.6,Seer Fish,677.58,3979.1,170.29,28.14,34.5,0.94,0.05,0.0,3.21,26.55,1.0,0.389,0.128,observed_and_verified_proxy
2019-01-01,2019,1,1,Kollam,South,8.89,76.6,Tuna,1431.06,3979.1,359.64,28.14,34.5,0.94,0.05,0.0,3.21,26.55,1.0,0.502,0.0,observed_and_verified_proxy
2019-02-01,2019,2,1,Kollam,South,8.89,76.6,Oil Sardine,2036.16,4111.8,495.2,28.86,34.48,1.09,0.1,5.7,3.3,28.77,1.0,0.561,0.0,observed_and_verified_proxy
2019-02-01,2019,2,1,Kollam,South,8.89,76.6,Indian Mackerel,2418.9,4111.8,588.28,28.86,34.48,1.09,0.1,5.7,3.3,28.77,1.0,0.58,0.0,observed_and_verified_proxy
2019-02-01,2019,2,1,Kollam,South,8.89,76.6,Seer Fish,669.52,4111.8,162.83,28.86,34.48,1.09,0.1,5.7,3.3,28.77,1.0,0.4,0.159,observed_and_verified_proxy
2019-02-01,2019,2,1,Kollam,South,8.89,76.6,Tuna,1417.38,4111.8,344.71,28.86,34.48,1.09,0.1,5.7,3.3,28.77,1.0,0.517,0.0,observed_and_verified_proxy
2019-03-01,2019,3,1,Kollam,South,8.89,76.6,Oil Sardine,2361.45,4585.3,515.0,29.49,34.42,1.38,0.2,18.9,2.67,29.88,1.0,0.644,0.0,observed_and_verified_proxy
2019-03-01,2019,3,1,Kollam,South,8.89,76.6,Indian Mackerel,2300.86,4585.3,501.79,29.49,34.42,1.38,0.2,18.9,2.67,29.88,1.0,0.641,0.0,observed_and_verified_proxy
2019-03-01,2019,3,1,Kollam,South,8.89,76.6,Seer Fish,698.92,4585.3,152.43,29.49,34.42,1.38,0.2,18.9,2.67,29.88,1.0,0.455,0.252,observed_and_verified_proxy
2019-03-01,2019,3,1,Kollam,South,8.89,76.6,Tuna,1372.14,4585.3,299.24,29.49,34.42,1.38,0.2,18.9,2.67,29.88,1.0,0.572,0.078,observed_and_verified_proxy
2019-04-01,2019,4,2,Kollam,South,8.89,76.6,Oil Sardine,1483.72,2762.8,537.02,29.85,34.14,1.89,0.35,86.1,3.0,29.94,1.05,0.351,0.0,observed_and_verified_proxy
2019-04-01,2019,4,2,Kollam,South,8.89,76.6,Indian Mackerel,1415.16,2762.8,512.21,29.85,34.14,1.89,0.35,86.1,3.0,29.94,1.05,0.347,0.0,observed_and_verified_proxy
2019-04-01,2019,4,2,Kollam,South,8.89,76.6,Seer Fish,430.88,2762.8,155.95,29.85,34.14,1.89,0.35,86.1,3.0,29.94,1.05,0.217,0.0,observed_and_verified_proxy
2019-04-01,2019,4,2,Kollam,South,8.89,76.6,Tuna,513.57,2762.8,185.88,29.85,34.14,1.89,0.35,86.1,3.0,29.94,1.05,0.238,0.0,observed_and_verified_proxy
2019-05-01,2019,5,2,Kollam,South,8.89,76.6,Oil Sardine,1927.07,2615.2,736.87,29.77,34.15,2.73,0.65,84.3,4.62,28.98,1.36,0.353,0.0,observed_and_verified_proxy
2019-05-01,2019,5,2,Kollam,South,8.89,76.6,Indian Mackerel,1325.78,2615.2,506.95,29.77,34.15,2.73,0.65,84.3,4.62,28.98,1.36,0.323,0.0,observed_and_verified_proxy
2019-05-01,2019,5,2,Kollam,South,8.89,76.6,Seer Fish,431.95,2615.2,165.17,29.77,34.15,2.73,0.65,84.3,4.62,28.98,1.36,0.206,0.0,observed_and_verified_proxy
2019-05-01,2019,5,2,Kollam,South,8.89,76.6,Tuna,516.21,2615.2,197.39,29.77,34.15,2.73,0.65,84.3,4.62,28.98,1.36,0.226,0.0,observed_and_verified_proxy
2019-06-01,2019,6,2,Kollam,South,8.89,76.6,Oil Sardine,2098.52,2526.8,830.5,28.91,33.61,3.73,0.95,214.5,5.2,27.74,2.21,0.347,0.0,observed_and_verified_proxy
2019-06-01,2019,6,2,Kollam,South,8.89,76.6,Indian Mackerel,1268.14,2526.8,501.87,28.91,33.61,3.73,0.95,214.5,5.2,27.74,2.21,0.308,0.0,observed_and_verified_proxy
2019-06-01,2019,6,2,Kollam,South,8.89,76.6,Seer Fish,433.89,2526.8,171.71,28.91,33.61,3.73,0.95,214.5,5.2,27.74,2.21,0.2,0.0,observed_and_verified_proxy
2019-06-01,2019,6,2,Kollam,South,8.89,76.6,Tuna,528.83,2526.8,209.29,28.91,33.61,3.73,0.95,214.5,5.2,27.74,2.21,0.221,0.0,observed_and_verified_proxy
2019-07-01,2019,7,3,Kollam,South,8.89,76.6,Oil Sardine,3261.88,3382.6,964.32,27.27,33.91,3.78,1.0,141.3,5.11,26.48,2.8,0.499,0.0,observed_and_verified_proxy
2019-07-01,2019,7,3,Kollam,South,8.89,76.6,Indian Mackerel,1922.59,3382.6,568.38,27.27,33.91,3.78,1.0,141.3,5.11,26.48,2.8,0.457,0.0,observed_and_verified_proxy
2019-07-01,2019,7,3,Kollam,South,8.89,76.6,Seer Fish,872.1,3382.6,257.82,27.27,33.91,3.78,1.0,141.3,5.11,26.48,2.8,0.366,0.0,observed_and_verified_proxy
2019-07-01,2019,7,3,Kollam,South,8.89,76.6,Tuna,743.15,3382.6,219.7,27.27,33.91,3.78,1.0,141.3,5.11,26.48,2.8,0.344,0.0,observed_and_verified_proxy
2019-08-01,2019,8,3,Kollam,South,8.89,76.6,Oil Sardine,3199.98,3217.4,994.58,26.55,33.15,3.73,0.9,324.6,5.32,26.27,2.21,0.473,0.0,observed_and_verified_proxy
2019-08-01,2019,8,3,Kollam,South,8.89,76.6,Indian Mackerel,1970.06,3217.4,612.31,26.55,33.15,3.73,0.9,324.6,5.32,26.27,2.21,0.436,0.0,observed_and_verified_proxy
2019-08-01,2019,8,3,Kollam,South,8.89,76.6,Seer Fish,805.52,3217.4,250.36,26.55,33.15,3.73,0.9,324.6,5.32,26.27,2.21,0.338,0.0,observed_and_verified_proxy
2019-08-01,2019,8,3,Kollam,South,8.89,76.6,Tuna,764.17,3217.4,237.51,26.55,33.15,3.73,0.9,324.6,5.32,26.27,2.21,0.331,0.0,observed_and_verified_proxy
2019-09-01,2019,9,3,Kollam,South,8.89,76.6,Oil Sardine,2845.41,3398.1,837.36,26.93,33.38,2.82,0.6,269.7,4.05,26.51,1.36,0.492,0.0,observed_and_verified_proxy
2019-09-01,2019,9,3,Kollam,South,8.89,76.6,Indian Mackerel,1992.81,3398.1,586.45,26.93,33.38,2.82,0.6,269.7,4.05,26.51,1.36,0.462,0.0,observed_and_verified_proxy
2019-09-01,2019,9,3,Kollam,South,8.89,76.6,Seer Fish,853.94,3398.1,251.3,26.93,33.38,2.82,0.6,269.7,4.05,26.51,1.36,0.364,0.0,observed_and_verified_proxy
2019-09-01,2019,9,3,Kollam,South,8.89,76.6,Tuna,736.16,3398.1,216.64,26.93,33.38,2.82,0.6,269.7,4.05,26.51,1.36,0.344,0.0,observed_and_verified_proxy
2019-10-01,2019,10,4,Kollam,South,8.89,76.6,Oil Sardine,3117.45,5435.0,573.58,27.07,32.98,2.1,0.3,364.2,2.93,26.45,1.05,0.797,0.0,observed_and_verified_proxy
2019-10-01,2019,10,4,Kollam,South,8.89,76.6,Indian Mackerel,3068.8,5435.0,564.63,27.07,32.98,2.1,0.3,364.2,2.93,26.45,1.05,0.795,0.0,observed_and_verified_proxy
2019-10-01,2019,10,4,Kollam,South,8.89,76.6,Seer Fish,1153.73,5435.0,212.28,27.07,32.98,2.1,0.3,364.2,2.93,26.45,1.05,0.645,0.367,observed_and_verified_proxy
2019-10-01,2019,10,4,Kollam,South,8.89,76.6,Tuna,1779.94,5435.0,327.49,27.07,32.98,2.1,0.3,364.2,2.93,26.45,1.05,0.722,0.21,observed_and_verified_proxy
2019-11-01,2019,11,4,Kollam,South,8.89,76.6,Oil Sardine,2923.32,5549.0,526.82,27.14,33.73,1.37,0.12,183.6,2.85,27.11,1.0,0.806,0.0,observed_and_verified_proxy
2019-11-01,2019,11,4,Kollam,South,8.89,76.6,Indian Mackerel,3085.85,5549.0,556.11,27.14,33.73,1.37,0.12,183.6,2.85,27.11,1.0,0.812,0.0,observed_and_verified_proxy
2019-11-01,2019,11,4,Kollam,South,8.89,76.6,Seer Fish,1184.21,5549.0,213.41,27.14,33.73,1.37,0.12,183.6,2.85,27.11,1.0,0.664,0.388,observed_and_verified_proxy
2019-11-01,2019,11,4,Kollam,South,8.89,76.6,Tuna,1837.91,5549.0,331.21,27.14,33.73,1.37,0.12,183.6,2.85,27.11,1.0,0.742,0.228,observed_and_verified_proxy
2019-12-01,2019,12,4,Kollam,South,8.89,76.6,Oil Sardine,2550.75,4879.5,522.74,27.51,34.28,1.03,0.06,52.8,4.09,26.3,1.0,0.694,0.0,observed_and_verified_proxy
2019-12-01,2019,12,4,Kollam,South,8.89,76.6,Indian Mackerel,3060.3,4879.5,627.17,27.51,34.28,1.03,0.06,52.8,4.09,26.3,1.0,0.713,0.0,observed_and_verified_proxy
2019-12-01,2019,12,4,Kollam,South,8.89,76.6,Seer Fish,1181.53,4879.5,242.14,27.51,34.28,1.03,0.06,52.8,4.09,26.3,1.0,0.583,0.22,observed_and_verified_proxy
2019-12-01,2019,12,4,Kollam,South,8.89,76.6,Tuna,1907.05,4879.5,390.82,27.51,34.28,1.03,0.06,52.8,4.09,26.3,1.0,0.657,0.0,observed_and_verified_proxy
2019-01-01,2019,1,1,Kannur,North,11.87,75.37,Oil Sardine,1526.54,3596.9,424.4,28.14,34.5,0.94,0.05,0.3,2.51,26.45,1.0,0.586,0.0,observed_and_verified_proxy
2019-01-01,2019,1,1,Kannur,North,11.87,75.37,Indian Mackerel,1832.22,3596.9,509.38,28.14,34.5,0.94,0.05,0.3,2.51,26.45,1.0,0.612,0.0,observed_and_verified_proxy
2019-01-01,2019,1,1,Kannur,North,11.87,75.37,Seer Fish,529.28,3596.9,147.15,28.14,34.5,0.94,0.05,0.3,2.51,26.45,1.0,0.4,0.193,observed_and_verified_proxy
2019-01-01,2019,1,1,Kannur,North,11.87,75.37,Tuna,1161.93,3596.9,323.03,28.14,34.5,0.94,0.05,0.3,2.51,26.45,1.0,0.544,0.0,observed_and_verified_proxy
2019-02-01,2019,2,1,Kannur,North,11.87,75.37,Oil Sardine,1633.26,3381.9,482.95,28.86,34.47,1.09,0.1,7.2,2.63,28.3,1.0,0.56,0.0,observed_and_verified_proxy
2019-02-01,2019,2,1,Kannur,North,11.87,75.37,Indian Mackerel,1814.05,3381.9,536.4,28.86,34.47,1.09,0.1,7.2,2.63,28.3,1.0,0.574,0.0,observed_and_verified_proxy
2019-02-01,2019,2,1,Kannur,North,11.87,75.37,Seer Fish,513.7,3381.9,151.9,28.86,34.47,1.09,0.1,7.2,2.63,28.3,1.0,0.371,0.145,observed_and_verified_proxy
2019-02-01,2019,2,1,Kannur,North,11.87,75.37,Tuna,1145.61,3381.9,338.75,28.86,34.47,1.09,0.1,7.2,2.63,28.3,1.0,0.51,0.0,observed_and_verified_proxy
2019-03-01,2019,3,1,Kannur,North,11.87,75.37,Oil Sardine,1808.43,3362.1,537.89,29.49,34.45,1.38,0.2,12.6,2.83,28.91,1.0,0.57,0.0,observed_and_verified_proxy
2019-03-01,2019,3,1,Kannur,North,11.87,75.37,Indian Mackerel,1921.14,3362.1,571.41,29.49,34.45,1.38,0.2,12.6,2.83,28.91,1.0,0.577,0.0,observed_and_verified_proxy
2019-03-01,2019,3,1,Kannur,North,11.87,75.37,Seer Fish,519.92,3362.1,154.64,29.49,34.45,1.38,0.2,12.6,2.83,28.91,1.0,0.371,0.139,observed_and_verified_proxy
2019-03-01,2019,3,1,Kannur,North,11.87,75.37,Tuna,1153.49,3362.1,343.09,29.49,34.45,1.38,0.2,12.6,2.83,28.91,1.0,0.508,0.0,observed_and_verified_proxy
2019-04-01,2019,4,2,Kannur,North,11.87,75.37,Oil Sardine,1177.23,2238.8,525.83,29.85,34.15,1.88,0.35,83.4,2.8,29.45,1.05,0.34,0.0,observed_and_verified_proxy
2019-04-01,2019,4,2,Kannur,North,11.87,75.37,Indian Mackerel,1070.57,2238.8,478.19,29.85,34.15,1.88,0.35,83.4,2.8,29.45,1.05,0.33,0.0,observed_and_verified_proxy
2019-04-01,2019,4,2,Kannur,North,11.87,75.37,Seer Fish,328.29,2238.8,146.64,29.85,34.15,1.88,0.35,83.4,2.8,29.45,1.05,0.192,0.0,observed_and_verified_proxy
2019-04-01,2019,4,2,Kannur,North,11.87,75.37,Tuna,383.25,2238.8,171.18,29.85,34.15,1.88,0.35,83.4,2.8,29.45,1.05,0.21,0.0,observed_and_verified_proxy
2019-05-01,2019,5,2,Kannur,North,11.87,75.37,Oil Sardine,1417.33,2318.2,611.39,29.77,34.15,2.72,0.65,83.4,3.22,28.57,1.36,0.371,0.0,observed_and_verified_proxy
2019-05-01,2019,5,2,Kannur,North,11.87,75.37,Indian Mackerel,1043.75,2318.2,450.24,29.77,34.15,2.72,0.65,83.4,3.22,28.57,1.36,0.339,0.0,observed_and_verified_proxy
2019-05-01,2019,5,2,Kannur,North,11.87,75.37,Seer Fish,338.43,2318.2,145.99,29.77,34.15,2.72,0.65,83.4,3.22,28.57,1.36,0.203,0.0,observed_and_verified_proxy
2019-05-01,2019,5,2,Kannur,North,11.87,75.37,Tuna,399.05,2318.2,172.14,29.77,34.15,2.72,0.65,83.4,3.22,28.57,1.36,0.223,0.0,observed_and_verified_proxy
2019-06-01,2019,6,2,Kannur,North,11.87,75.37,Oil Sardine,1693.76,2120.7,798.69,28.91,33.48,3.77,0.95,244.8,3.63,27.62,2.21,0.354,0.0,observed_and_verified_proxy
2019-06-01,2019,6,2,Kannur,North,11.87,75.37,Indian Mackerel,994.57,2120.7,468.99,28.91,33.48,3.77,0.95,244.8,3.63,27.62,2.21,0.305,0.0,observed_and_verified_proxy
2019-06-01,2019,6,2,Kannur,North,11.87,75.37,Seer Fish,319.83,2120.7,150.82,28.91,33.48,3.77,0.95,244.8,3.63,27.62,2.21,0.179,0.0,observed_and_verified_proxy
2019-06-01,2019,6,2,Kannur,North,11.87,75.37,Tuna,408.24,2120.7,192.51,28.91,33.48,3.77,0.95,244.8,3.63,27.62,2.21,0.206,0.0,observed_and_verified_proxy
2019-07-01,2019,7,3,Kannur,North,11.87,75.37,Oil Sardine,2522.66,2543.9,991.64,27.27,32.7,4.14,1.0,432.6,3.72,26.17,2.8,0.46,0.0,observed_and_verified_proxy
2019-07-01,2019,7,3,Kannur,North,11.87,75.37,Indian Mackerel,1538.42,2543.9,604.74,27.27,32.7,4.14,1.0,432.6,3.72,26.17,2.8,0.416,0.0,observed_and_verified_proxy
2019-07-01,2019,7,3,Kannur,North,11.87,75.37,Seer Fish,676.04,2543.9,265.75,27.27,32.7,4.14,1.0,432.6,3.72,26.17,2.8,0.317,0.0,observed_and_verified_proxy
2019-07-01,2019,7,3,Kannur,North,11.87,75.37,Tuna,577.78,2543.9,227.12,27.27,32.7,4.14,1.0,432.6,3.72,26.17,2.8,0.295,0.0,observed_and_verified_proxy
2019-08-01,2019,8,3,Kannur,North,11.87,75.37,Oil Sardine,2408.48,2669.5,902.22,26.55,31.57,4.2,0.9,702.9,3.61,25.54,2.21,0.478,0.0,observed_and_verified_proxy
2019-08-01,2019,8,3,Kannur,North,11.87,75.37,Indian Mackerel,1451.6,2669.5,543.77,26.55,31.57,4.2,0.9,702.9,3.61,25.54,2.21,0.43,0.0,observed_and_verified_proxy
2019-08-01,2019,8,3,Kannur,North,11.87,75.37,Seer Fish,670.45,2669.5,251.15,26.55,31.57,4.2,0.9,702.9,3.61,25.54,2.21,0.331,0.0,observed_and_verified_proxy
2019-08-01,2019,8,3,Kannur,North,11.87,75.37,Tuna,629.65,2669.5,235.87,26.55,31.57,4.2,0.9,702.9,3.61,25.54,2.21,0.322,0.0,observed_and_verified_proxy
2019-09-01,2019,9,3,Kannur,North,11.87,75.37,Oil Sardine,2138.88,2811.1,760.87,26.93,33.09,2.9,0.6,339.6,2.76,25.96,1.36,0.493,0.0,observed_and_verified_proxy
2019-09-01,2019,9,3,Kannur,North,11.87,75.37,Indian Mackerel,1651.74,2811.1,587.57,26.93,33.09,2.9,0.6,339.6,2.76,25.96,1.36,0.467,0.0,observed_and_verified_proxy
2019-09-01,2019,9,3,Kannur,North,11.87,75.37,Seer Fish,627.73,2811.1,223.3,26.93,33.09,2.9,0.6,339.6,2.76,25.96,1.36,0.339,0.0,observed_and_verified_proxy
2019-09-01,2019,9,3,Kannur,North,11.87,75.37,Tuna,573.18,2811.1,203.9,26.93,33.09,2.9,0.6,339.6,2.76,25.96,1.36,0.325,0.0,observed_and_verified_proxy
2019-10-01,2019,10,4,Kannur,North,11.87,75.37,Oil Sardine,2588.16,4326.0,598.28,27.07,32.78,2.16,0.3,412.8,2.42,26.11,1.05,0.785,0.0,observed_and_verified_proxy
2019-10-01,2019,10,4,Kannur,North,11.87,75.37,Indian Mackerel,2265.42,4326.0,523.68,27.07,32.78,2.16,0.3,412.8,2.42,26.11,1.05,0.767,0.0,observed_and_verified_proxy
2019-10-01,2019,10,4,Kannur,North,11.87,75.37,Seer Fish,909.25,4326.0,210.18,27.07,32.78,2.16,0.3,412.8,2.42,26.11,1.05,0.604,0.318,observed_and_verified_proxy
2019-10-01,2019,10,4,Kannur,North,11.87,75.37,Tuna,1401.08,4326.0,323.87,27.07,32.78,2.16,0.3,412.8,2.42,26.11,1.05,0.69,0.177,observed_and_verified_proxy
2019-11-01,2019,11,4,Kannur,North,11.87,75.37,Oil Sardine,2305.01,4375.7,526.78,27.14,34.0,1.29,0.12,120.9,1.94,26.82,1.0,0.778,0.0,observed_and_verified_proxy
2019-11-01,2019,11,4,Kannur,North,11.87,75.37,Indian Mackerel,2423.28,4375.7,553.81,27.14,34.0,1.29,0.12,120.9,1.94,26.82,1.0,0.785,0.0,observed_and_verified_proxy
2019-11-01,2019,11,4,Kannur,North,11.87,75.37,Seer Fish,968.86,4375.7,221.42,27.14,34.0,1.29,0.12,120.9,1.94,26.82,1.0,0.625,0.32,observed_and_verified_proxy
2019-11-01,2019,11,4,Kannur,North,11.87,75.37,Tuna,1491.58,4375.7,340.88,27.14,34.0,1.29,0.12,120.9,1.94,26.82,1.0,0.709,0.165,observed_and_verified_proxy
2019-12-01,2019,12,4,Kannur,North,11.87,75.37,Oil Sardine,2168.15,4003.1,541.62,27.51,34.23,1.05,0.06,65.7,1.82,26.56,1.0,0.704,0.0,observed_and_verified_proxy
2019-12-01,2019,12,4,Kannur,North,11.87,75.37,Indian Mackerel,2415.65,4003.1,603.45,27.51,34.23,1.05,0.06,65.7,1.82,26.56,1.0,0.718,0.0,observed_and_verified_proxy
2019-12-01,2019,12,4,Kannur,North,11.87,75.37,Seer Fish,924.98,4003.1,231.07,27.51,34.23,1.05,0.06,65.7,1.82,26.56,1.0,0.562,0.218,observed_and_verified_proxy
2019-12-01,2019,12,4,Kannur,North,11.87,75.37,Tuna,1420.95,4003.1,354.96,27.51,34.23,1.05,0.06,65.7,1.82,26.56,1.0,0.641,0.044,observed_and_verified_proxy
2019-01-01,2019,1,1,Thiruvananthapuram,South,8.52,76.94,Oil Sardine,1250.76,2789.0,448.47,28.14,34.5,0.94,0.05,0.0,3.21,26.55,1.0,0.527,0.0,observed_and_verified_proxy
2019-01-01,2019,1,1,Thiruvananthapuram,South,8.52,76.94,Indian Mackerel,1522.61,2789.0,545.94,28.14,34.5,0.94,0.05,0.0,3.21,26.55,1.0,0.555,0.0,observed_and_verified_proxy
2019-01-01,2019,1,1,Thiruvananthapuram,South,8.52,76.94,Seer Fish,411.75,2789.0,147.64,28.14,34.5,0.94,0.05,0.0,3.21,26.55,1.0,0.333,0.105,observed_and_verified_proxy
2019-01-01,2019,1,1,Thiruvananthapuram,South,8.52,76.94,Tuna,920.34,2789.0,329.99,28.14,34.5,0.94,0.05,0.0,3.21,26.55,1.0,0.478,0.0,observed_and_verified_proxy
2019-02-01,2019,2,1,Thiruvananthapuram,South,8.52,76.94,Oil Sardine,1368.28,2581.2,530.08,28.86,34.48,1.09,0.1,5.7,3.3,28.77,1.0,0.5,0.0,observed_and_verified_proxy
2019-02-01,2019,2,1,Thiruvananthapuram,South,8.52,76.94,Indian Mackerel,1607.85,2581.2,622.9,28.86,34.48,1.09,0.1,5.7,3.3,28.77,1.0,0.521,0.0,observed_and_verified_proxy
2019-02-01,2019,2,1,Thiruvananthapuram,South,8.52,76.94,Seer Fish,438.3,2581.2,169.8,28.86,34.48,1.09,0.1,5.7,3.3,28.77,1.0,0.319,0.037,observed_and_verified_proxy
2019-02-01,2019,2,1,Thiruvananthapuram,South,8.52,76.94,Tuna,910.58,2581.2,352.77,28.86,34.48,1.09,0.1,5.7,3.3,28.77,1.0,0.441,0.0,observed_and_verified_proxy
2019-03-01,2019,3,1,Thiruvananthapuram,South,8.52,76.94,Oil Sardine,1476.38,2866.6,515.02,29.49,34.42,1.38,0.2,18.9,2.67,29.88,1.0,0.567,0.0,observed_and_verified_proxy
2019-03-01,2019,3,1,Thiruvananthapuram,South,8.52,76.94,Indian Mackerel,1525.89,2866.6,532.29,29.49,34.42,1.38,0.2,18.9,2.67,29.88,1.0,0.571,0.0,observed_and_verified_proxy
2019-03-01,2019,3,1,Thiruvananthapuram,South,8.52,76.94,Seer Fish,435.08,2866.6,151.77,29.49,34.42,1.38,0.2,18.9,2.67,29.88,1.0,0.353,0.121,observed_and_verified_proxy
2019-03-01,2019,3,1,Thiruvananthapuram,South,8.52,76.94,Tuna,922.59,2866.6,321.84,29.49,34.42,1.38,0.2,18.9,2.67,29.88,1.0,0.492,0.0,observed_and_verified_proxy
2019-04-01,2019,4,2,Thiruvananthapuram,South,8.52,76.94,Oil Sardine,1040.82,1769.4,588.23,29.85,34.14,1.89,0.35,86.1,3.0,29.94,1.05,0.316,0.0,observed_and_verified_proxy
2019-04-01,2019,4,2,Thiruvananthapuram,South,8.52,76.94,Indian Mackerel,866.48,1769.4,489.7,29.85,34.14,1.89,0.35,86.1,3.0,29.94,1.05,0.297,0.0,observed_and_verified_proxy
2019-04-01,2019,4,2,Thiruvananthapuram,South,8.52,76.94,Seer Fish,265.49,1769.4,150.04,29.85,34.14,1.89,0.35,86.1,3.0,29.94,1.05,0.162,0.0,observed_and_verified_proxy
2019-04-01,2019,4,2,Thiruvananthapuram,South,8.52,76.94,Tuna,339.74,1769.4,192.01,29.85,34.14,1.89,0.35,86.1,3.0,29.94,1.05,0.189,0.0,observed_and_verified_proxy
2019-05-01,2019,5,2,Thiruvananthapuram,South,8.52,76.94,Oil Sardine,1222.45,1718.4,711.38,29.77,34.15,2.73,0.65,84.3,4.62,28.98,1.36,0.323,0.0,observed_and_verified_proxy
2019-05-01,2019,5,2,Thiruvananthapuram,South,8.52,76.94,Indian Mackerel,818.39,1718.4,476.24,29.77,34.15,2.73,0.65,84.3,4.62,28.98,1.36,0.282,0.0,observed_and_verified_proxy
2019-05-01,2019,5,2,Thiruvananthapuram,South,8.52,76.94,Seer Fish,262.73,1718.4,152.89,29.77,34.15,2.73,0.65,84.3,4.62,28.98,1.36,0.157,0.0,observed_and_verified_proxy
2019-05-01,2019,5,2,Thiruvananthapuram,South,8.52,76.94,Tuna,313.55,1718.4,182.47,29.77,34.15,2.73,0.65,84.3,4.62,28.98,1.36,0.175,0.0,observed_and_verified_proxy
2019-06-01,2019,6,2,Thiruvananthapuram,South,8.52,76.94,Oil Sardine,1404.8,1696.3,828.17,28.91,33.61,3.73,0.95,214.5,5.2,27.74,2.21,0.331,0.0,observed_and_verified_proxy
2019-06-01,2019,6,2,Thiruvananthapuram,South,8.52,76.94,Indian Mackerel,815.8,1696.3,480.94,28.91,33.61,3.73,0.95,214.5,5.2,27.74,2.21,0.278,0.0,observed_and_verified_proxy
2019-06-01,2019,6,2,Thiruvananthapuram,South,8.52,76.94,Seer Fish,256.37,1696.3,151.14,28.91,33.61,3.73,0.95,214.5,5.2,27.74,2.21,0.152,0.0,observed_and_verified_proxy
2019-06-01,2019,6,2,Thiruvananthapuram,South,8.52,76.94,Tuna,333.75,1696.3,196.76,28.91,33.61,3.73,0.95,214.5,5.2,27.74,2.21,0.18,0.0,observed_and_verified_proxy
2019-07-01,2019,7,3,Thiruvananthapuram,South,8.52,76.94,Oil Sardine,2088.61,2213.4,943.61,27.27,33.91,3.78,1.0,141.3,5.11,26.48,2.8,0.472,0.0,observed_and_verified_proxy
2019-07-01,2019,7,3,Thiruvananthapuram,South,8.52,76.94,Indian Mackerel,1219.43,2213.4,550.93,27.27,33.91,3.78,1.0,141.3,5.11,26.48,2.8,0.415,0.0,observed_and_verified_proxy
2019-07-01,2019,7,3,Thiruvananthapuram,South,8.52,76.94,Seer Fish,556.72,2213.4,251.52,27.27,33.91,3.78,1.0,141.3,5.11,26.48,2.8,0.308,0.0,observed_and_verified_proxy
2019-07-01,2019,7,3,Thiruvananthapuram,South,8.52,76.94,Tuna,468.94,2213.4,211.86,27.27,33.91,3.78,1.0,141.3,5.11,26.48,2.8,0.283,0.0,observed_and_verified_proxy
2019-08-01,2019,8,3,Thiruvananthapuram,South,8.52,76.94,Oil Sardine,1970.15,2121.1,928.85,26.55,33.15,3.73,0.9,324.6,5.32,26.27,2.21,0.448,0.0,observed_and_verified_proxy
2019-08-01,2019,8,3,Thiruvananthapuram,South,8.52,76.94,Indian Mackerel,1181.39,2121.1,556.98,26.55,33.15,3.73,0.9,324.6,5.32,26.27,2.21,0.394,0.0,observed_and_verified_proxy
2019-08-01,2019,8,3,Thiruvananthapuram,South,8.52,76.94,Seer Fish,553.23,2121.1,260.83,26.55,33.15,3.73,0.9,324.6,5.32,26.27,2.21,0.295,0.0,observed_and_verified_proxy
2019-08-01,2019,8,3,Thiruvananthapuram,South,8.52,76.94,Tuna,516.06,2121.1,243.3,26.55,33.15,3.73,0.9,324.6,5.32,26.27,2.21,0.285,0.0,observed_and_verified_proxy
2019-09-01,2019,9,3,Thiruvananthapuram,South,8.52,76.94,Oil Sardine,1775.15,2241.5,791.96,26.93,33.38,2.82,0.6,269.7,4.05,26.51,1.36,0.463,0.0,observed_and_verified_proxy
2019-09-01,2019,9,3,Thiruvananthapuram,South,8.52,76.94,Indian Mackerel,1327.38,2241.5,592.19,26.93,33.38,2.82,0.6,269.7,4.05,26.51,1.36,0.431,0.0,observed_and_verified_proxy
2019-09-01,2019,9,3,Thiruvananthapuram,South,8.52,76.94,Seer Fish,539.28,2241.5,240.59,26.93,33.38,2.82,0.6,269.7,4.05,26.51,1.36,0.308,0.0,observed_and_verified_proxy
2019-09-01,2019,9,3,Thiruvananthapuram,South,8.52,76.94,Tuna,484.65,2241.5,216.22,26.93,33.38,2.82,0.6,269.7,4.05,26.51,1.36,0.292,0.0,observed_and_verified_proxy
2019-10-01,2019,10,4,Thiruvananthapuram,South,8.52,76.94,Oil Sardine,2009.79,3527.3,569.78,27.07,32.98,2.1,0.3,364.2,2.93,26.45,1.05,0.747,0.0,observed_and_verified_proxy
2019-10-01,2019,10,4,Thiruvananthapuram,South,8.52,76.94,Indian Mackerel,1878.56,3527.3,532.57,27.07,32.98,2.1,0.3,364.2,2.93,26.45,1.05,0.737,0.0,observed_and_verified_proxy
2019-10-01,2019,10,4,Thiruvananthapuram,South,8.52,76.94,Seer Fish,753.73,3527.3,213.68,27.07,32.98,2.1,0.3,364.2,2.93,26.45,1.05,0.561,0.254,observed_and_verified_proxy
2019-10-01,2019,10,4,Thiruvananthapuram,South,8.52,76.94,Tuna,1144.11,3527.3,324.36,27.07,32.98,2.1,0.3,364.2,2.93,26.45,1.05,0.649,0.123,observed_and_verified_proxy
2019-11-01,2019,11,4,Thiruvananthapuram,South,8.52,76.94,Oil Sardine,1807.57,3647.6,495.56,27.14,33.73,1.37,0.12,183.6,2.85,27.11,1.0,0.756,0.0,observed_and_verified_proxy
2019-11-01,2019,11,4,Thiruvananthapuram,South,8.52,76.94,Indian Mackerel,2038.28,3647.6,558.81,27.14,33.73,1.37,0.12,183.6,2.85,27.11,1.0,0.775,0.0,observed_and_verified_proxy
2019-11-01,2019,11,4,Thiruvananthapuram,South,8.52,76.94,Seer Fish,794.7,3647.6,217.87,27.14,33.73,1.37,0.12,183.6,2.85,27.11,1.0,0.592,0.286,observed_and_verified_proxy
2019-11-01,2019,11,4,Thiruvananthapuram,South,8.52,76.94,Tuna,1157.98,3647.6,317.47,27.14,33.73,1.37,0.12,183.6,2.85,27.11,1.0,0.674,0.171,observed_and_verified_proxy
2019-12-01,2019,12,4,Thiruvananthapuram,South,8.52,76.94,Oil Sardine,1777.72,3208.0,554.15,27.51,34.28,1.03,0.06,52.8,4.09,26.3,1.0,0.662,0.0,observed_and_verified_proxy
2019-12-01,2019,12,4,Thiruvananthapuram,South,8.52,76.94,Indian Mackerel,2048.96,3208.0,638.71,27.51,34.28,1.03,0.06,52.8,4.09,26.3,1.0,0.682,0.0,observed_and_verified_proxy
2019-12-01,2019,12,4,Thiruvananthapuram,South,8.52,76.94,Seer Fish,778.46,3208.0,242.66,27.51,34.28,1.03,0.06,52.8,4.09,26.3,1.0,0.517,0.133,observed_and_verified_proxy
2019-12-01,2019,12,4,Thiruvananthapuram,South,8.52,76.94,Tuna,1145.04,3208.0,356.94,27.51,34.28,1.03,0.06,52.8,4.09,26.3,1.0,0.591,0.0,observed_and_verified_proxy
2019-01-01,2019,1,1,Malappuram,North,11.07,76.07,Oil Sardine,1029.01,2122.5,484.81,28.14,34.5,0.94,0.05,0.3,2.51,26.45,1.0,0.486,0.0,observed_and_verified_proxy
2019-01-01,2019,1,1,Malappuram,North,11.07,76.07,Indian Mackerel,1208.13,2122.5,569.2,28.14,34.5,0.94,0.05,0.3,2.51,26.45,1.0,0.511,0.0,observed_and_verified_proxy
2019-01-01,2019,1,1,Malappuram,North,11.07,76.07,Seer Fish,321.74,2122.5,151.59,28.14,34.5,0.94,0.05,0.3,2.51,26.45,1.0,0.283,0.031,observed_and_verified_proxy
2019-01-01,2019,1,1,Malappuram,North,11.07,76.07,Tuna,723.83,2122.5,341.03,28.14,34.5,0.94,0.05,0.3,2.51,26.45,1.0,0.427,0.0,observed_and_verified_proxy
2019-02-01,2019,2,1,Malappuram,North,11.07,76.07,Oil Sardine,1064.33,2199.2,483.96,28.86,34.47,1.09,0.1,7.2,2.63,28.3,1.0,0.509,0.0,observed_and_verified_proxy
2019-02-01,2019,2,1,Malappuram,North,11.07,76.07,Indian Mackerel,1186.15,2199.2,539.35,28.86,34.47,1.09,0.1,7.2,2.63,28.3,1.0,0.526,0.0,observed_and_verified_proxy
2019-02-01,2019,2,1,Malappuram,North,11.07,76.07,Seer Fish,336.85,2199.2,153.17,28.86,34.47,1.09,0.1,7.2,2.63,28.3,1.0,0.301,0.051,observed_and_verified_proxy
2019-02-01,2019,2,1,Malappuram,North,11.07,76.07,Tuna,690.7,2199.2,314.07,28.86,34.47,1.09,0.1,7.2,2.63,28.3,1.0,0.434,0.0,observed_and_verified_proxy
2019-03-01,2019,3,1,Malappuram,North,11.07,76.07,Oil Sardine,1108.03,2006.8,552.13,29.49,34.45,1.38,0.2,12.6,2.83,28.91,1.0,0.47,0.0,observed_and_verified_proxy
2019-03-01,2019,3,1,Malappuram,North,11.07,76.07,Indian Mackerel,1141.65,2006.8,568.89,29.49,34.45,1.38,0.2,12.6,2.83,28.91,1.0,0.475,0.0,observed_and_verified_proxy
2019-03-01,2019,3,1,Malappuram,North,11.07,76.07,Seer Fish,324.42,2006.8,161.66,29.49,34.45,1.38,0.2,12.6,2.83,28.91,1.0,0.269,0.0,observed_and_verified_proxy
2019-03-01,2019,3,1,Malappuram,North,11.07,76.07,Tuna,723.38,2006.8,360.46,29.49,34.45,1.38,0.2,12.6,2.83,28.91,1.0,0.404,0.0,observed_and_verified_proxy
2019-04-01,2019,4,2,Malappuram,North,11.07,76.07,Oil Sardine,753.4,1395.0,540.09,29.85,34.15,1.88,0.35,83.4,2.8,29.45,1.05,0.285,0.0,observed_and_verified_proxy
2019-04-01,2019,4,2,Malappuram,North,11.07,76.07,Indian Mackerel,710.1,1395.0,509.05,29.85,34.15,1.88,0.35,83.4,2.8,29.45,1.05,0.278,0.0,observed_and_verified_proxy
2019-04-01,2019,4,2,Malappuram,North,11.07,76.07,Seer Fish,209.59,1395.0,150.25,29.85,34.15,1.88,0.35,83.4,2.8,29.45,1.05,0.14,0.0,observed_and_verified_proxy
2019-04-01,2019,4,2,Malappuram,North,11.07,76.07,Tuna,265.84,1395.0,190.57,29.85,34.15,1.88,0.35,83.4,2.8,29.45,1.05,0.165,0.0,observed_and_verified_proxy
2019-05-01,2019,5,2,Malappuram,North,11.07,76.07,Oil Sardine,891.86,1342.6,664.3,29.77,34.15,2.72,0.65,83.4,3.22,28.57,1.36,0.293,0.0,observed_and_verified_proxy
2019-05-01,2019,5,2,Malappuram,North,11.07,76.07,Indian Mackerel,689.56,1342.6,513.62,29.77,34.15,2.72,0.65,83.4,3.22,28.57,1.36,0.265,0.0,observed_and_verified_proxy
2019-05-01,2019,5,2,Malappuram,North,11.07,76.07,Seer Fish,207.79,1342.6,154.77,29.77,34.15,2.72,0.65,83.4,3.22,28.57,1.36,0.134,0.0,observed_and_verified_proxy
2019-05-01,2019,5,2,Malappuram,North,11.07,76.07,Tuna,267.72,1342.6,199.41,29.77,34.15,2.72,0.65,83.4,3.22,28.57,1.36,0.159,0.0,observed_and_verified_proxy
2019-06-01,2019,6,2,Malappuram,North,11.07,76.07,Oil Sardine,1136.19,1441.0,788.45,28.91,33.48,3.77,0.95,244.8,3.63,27.62,2.21,0.34,0.0,observed_and_verified_proxy
2019-06-01,2019,6,2,Malappuram,North,11.07,76.07,Indian Mackerel,659.83,1441.0,457.88,28.91,33.48,3.77,0.95,244.8,3.63,27.62,2.21,0.279,0.0,observed_and_verified_proxy
2019-06-01,2019,6,2,Malappuram,North,11.07,76.07,Seer Fish,215.3,1441.0,149.41,28.91,33.48,3.77,0.95,244.8,3.63,27.62,2.21,0.148,0.0,observed_and_verified_proxy
2019-06-01,2019,6,2,Malappuram,North,11.07,76.07,Tuna,264.52,1441.0,183.56,28.91,33.48,3.77,0.95,244.8,3.63,27.62,2.21,0.17,0.0,observed_and_verified_proxy
2019-07-01,2019,7,3,Malappuram,North,11.07,76.07,Oil Sardine,1618.96,1592.7,1016.48,27.27,32.7,4.14,1.0,432.6,3.72,26.17,2.8,0.414,0.0,observed_and_verified_proxy
2019-07-01,2019,7,3,Malappuram,North,11.07,76.07,Indian Mackerel,891.68,1592.7,559.85,27.27,32.7,4.14,1.0,432.6,3.72,26.17,2.8,0.347,0.0,observed_and_verified_proxy
2019-07-01,2019,7,3,Malappuram,North,11.07,76.07,Seer Fish,429.72,1592.7,269.8,27.27,32.7,4.14,1.0,432.6,3.72,26.17,2.8,0.25,0.0,observed_and_verified_proxy
2019-07-01,2019,7,3,Malappuram,North,11.07,76.07,Tuna,390.66,1592.7,245.28,27.27,32.7,4.14,1.0,432.6,3.72,26.17,2.8,0.238,0.0,observed_and_verified_proxy
2019-08-01,2019,8,3,Malappuram,North,11.07,76.07,Oil Sardine,1589.29,1550.5,1025.04,26.55,31.57,4.2,0.9,702.9,3.61,25.54,2.21,0.401,0.0,observed_and_verified_proxy
2019-08-01,2019,8,3,Malappuram,North,11.07,76.07,Indian Mackerel,910.87,1550.5,587.48,26.55,31.57,4.2,0.9,702.9,3.61,25.54,2.21,0.34,0.0,observed_and_verified_proxy
2019-08-01,2019,8,3,Malappuram,North,11.07,76.07,Seer Fish,432.17,1550.5,278.73,26.55,31.57,4.2,0.9,702.9,3.61,25.54,2.21,0.244,0.0,observed_and_verified_proxy
2019-08-01,2019,8,3,Malappuram,North,11.07,76.07,Tuna,384.89,1550.5,248.24,26.55,31.57,4.2,0.9,702.9,3.61,25.54,2.21,0.229,0.0,observed_and_verified_proxy
2019-09-01,2019,9,3,Malappuram,North,11.07,76.07,Oil Sardine,1415.34,1772.5,798.48,26.93,33.09,2.9,0.6,339.6,2.76,25.96,1.36,0.446,0.0,observed_and_verified_proxy
2019-09-01,2019,9,3,Malappuram,North,11.07,76.07,Indian Mackerel,1041.23,1772.5,587.42,26.93,33.09,2.9,0.6,339.6,2.76,25.96,1.36,0.407,0.0,observed_and_verified_proxy
2019-09-01,2019,9,3,Malappuram,North,11.07,76.07,Seer Fish,430.01,1772.5,242.59,26.93,33.09,2.9,0.6,339.6,2.76,25.96,1.36,0.279,0.0,observed_and_verified_proxy
2019-09-01,2019,9,3,Malappuram,North,11.07,76.07,Tuna,378.17,1772.5,213.35,26.93,33.09,2.9,0.6,339.6,2.76,25.96,1.36,0.26,0.0,observed_and_verified_proxy
2019-10-01,2019,10,4,Malappuram,North,11.07,76.07,Oil Sardine,1670.08,2601.5,641.98,27.07,32.78,2.16,0.3,412.8,2.42,26.11,1.05,0.681,0.0,observed_and_verified_proxy
2019-10-01,2019,10,4,Malappuram,North,11.07,76.07,Indian Mackerel,1476.43,2601.5,567.54,27.07,32.78,2.16,0.3,412.8,2.42,26.11,1.05,0.661,0.0,observed_and_verified_proxy
2019-10-01,2019,10,4,Malappuram,North,11.07,76.07,Seer Fish,584.43,2601.5,224.66,27.07,32.78,2.16,0.3,412.8,2.42,26.11,1.05,0.477,0.121,observed_and_verified_proxy
2019-10-01,2019,10,4,Malappuram,North,11.07,76.07,Tuna,896.62,2601.5,344.66,27.07,32.78,2.16,0.3,412.8,2.42,26.11,1.05,0.568,0.0,observed_and_verified_proxy
2019-11-01,2019,11,4,Malappuram,North,11.07,76.07,Oil Sardine,1459.75,2473.9,590.05,27.14,34.0,1.29,0.12,120.9,1.94,26.82,1.0,0.627,0.0,observed_and_verified_proxy
2019-11-01,2019,11,4,Malappuram,North,11.07,76.07,Indian Mackerel,1622.91,2473.9,656.01,27.14,34.0,1.29,0.12,120.9,1.94,26.82,1.0,0.643,0.0,observed_and_verified_proxy
2019-11-01,2019,11,4,Malappuram,North,11.07,76.07,Seer Fish,576.34,2473.9,232.97,27.14,34.0,1.29,0.12,120.9,1.94,26.82,1.0,0.451,0.068,observed_and_verified_proxy
2019-11-01,2019,11,4,Malappuram,North,11.07,76.07,Tuna,939.82,2473.9,379.89,27.14,34.0,1.29,0.12,120.9,1.94,26.82,1.0,0.549,0.0,observed_and_verified_proxy
2019-12-01,2019,12,4,Malappuram,North,11.07,76.07,Oil Sardine,1321.49,2667.1,495.48,27.51,34.23,1.05,0.06,65.7,1.82,26.56,1.0,0.658,0.0,observed_and_verified_proxy
2019-12-01,2019,12,4,Malappuram,North,11.07,76.07,Indian Mackerel,1653.47,2667.1,619.95,27.51,34.23,1.05,0.06,65.7,1.82,26.56,1.0,0.697,0.0,observed_and_verified_proxy
2019-12-01,2019,12,4,Malappuram,North,11.07,76.07,Seer Fish,599.51,2667.1,224.78,27.51,34.23,1.05,0.06,65.7,1.82,26.56,1.0,0.495,0.144,observed_and_verified_proxy
2019-12-01,2019,12,4,Malappuram,North,11.07,76.07,Tuna,947.88,2667.1,355.4,27.51,34.23,1.05,0.06,65.7,1.82,26.56,1.0,0.594,0.0,observed_and_verified_proxy
2019-01-01,2019,1,1,Thrissur,Central,10.52,76.21,Oil Sardine,757.37,1517.3,499.16,28.14,34.5,0.94,0.05,0.0,2.26,26.95,1.0,0.435,0.0,observed_and_verified_proxy
2019-01-01,2019,1,1,Thrissur,Central,10.52,76.21,Indian Mackerel,896.61,1517.3,590.93,28.14,34.5,0.94,0.05,0.0,2.26,26.95,1.0,0.464,0.0,observed_and_verified_proxy
2019-01-01,2019,1,1,Thrissur,Central,10.52,76.21,Seer Fish,248.0,1517.3,163.45,28.14,34.5,0.94,0.05,0.0,2.26,26.95,1.0,0.24,0.0,observed_and_verified_proxy
2019-01-01,2019,1,1,Thrissur,Central,10.52,76.21,Tuna,485.91,1517.3,320.25,28.14,34.5,0.94,0.05,0.0,2.26,26.95,1.0,0.356,0.0,observed_and_verified_proxy
2019-02-01,2019,2,1,Thrissur,Central,10.52,76.21,Oil Sardine,720.81,1418.7,508.09,28.86,34.44,1.1,0.1,13.5,2.56,29.5,1.0,0.399,0.0,observed_and_verified_proxy
2019-02-01,2019,2,1,Thrissur,Central,10.52,76.21,Indian Mackerel,835.77,1418.7,589.12,28.86,34.44,1.1,0.1,13.5,2.56,29.5,1.0,0.423,0.0,observed_and_verified_proxy
2019-02-01,2019,2,1,Thrissur,Central,10.52,76.21,Seer Fish,248.21,1418.7,174.96,28.86,34.44,1.1,0.1,13.5,2.56,29.5,1.0,0.224,0.0,observed_and_verified_proxy
2019-02-01,2019,2,1,Thrissur,Central,10.52,76.21,Tuna,509.49,1418.7,359.13,28.86,34.44,1.1,0.1,13.5,2.56,29.5,1.0,0.341,0.0,observed_and_verified_proxy
2019-03-01,2019,3,1,Thrissur,Central,10.52,76.21,Oil Sardine,817.94,1422.8,574.87,29.49,34.44,1.38,0.2,14.7,2.93,30.31,1.0,0.42,0.0,observed_and_verified_proxy
2019-03-01,2019,3,1,Thrissur,Central,10.52,76.21,Indian Mackerel,875.94,1422.8,615.64,29.49,34.44,1.38,0.2,14.7,2.93,30.31,1.0,0.431,0.0,observed_and_verified_proxy
2019-03-01,2019,3,1,Thrissur,Central,10.52,76.21,Seer Fish,235.18,1422.8,165.29,29.49,34.44,1.38,0.2,14.7,2.93,30.31,1.0,0.217,0.0,observed_and_verified_proxy
2019-03-01,2019,3,1,Thrissur,Central,10.52,76.21,Tuna,516.11,1422.8,362.73,29.49,34.44,1.38,0.2,14.7,2.93,30.31,1.0,0.344,0.0,observed_and_verified_proxy
2019-04-01,2019,4,2,Thrissur,Central,10.52,76.21,Oil Sardine,530.56,963.0,550.96,29.85,34.08,1.91,0.35,101.7,3.1,30.23,1.05,0.236,0.0,observed_and_verified_proxy
2019-04-01,2019,4,2,Thrissur,Central,10.52,76.21,Indian Mackerel,500.85,963.0,520.11,29.85,34.08,1.91,0.35,101.7,3.1,30.23,1.05,0.229,0.0,observed_and_verified_proxy
2019-04-01,2019,4,2,Thrissur,Central,10.52,76.21,Seer Fish,149.61,963.0,155.36,29.85,34.08,1.91,0.35,101.7,3.1,30.23,1.05,0.106,0.0,observed_and_verified_proxy
2019-04-01,2019,4,2,Thrissur,Central,10.52,76.21,Tuna,187.08,963.0,194.27,29.85,34.08,1.91,0.35,101.7,3.1,30.23,1.05,0.125,0.0,observed_and_verified_proxy
2019-05-01,2019,5,2,Thrissur,Central,10.52,76.21,Oil Sardine,636.08,1026.4,619.73,29.77,34.2,2.71,0.65,71.4,3.7,29.17,1.36,0.274,0.0,observed_and_verified_proxy
2019-05-01,2019,5,2,Thrissur,Central,10.52,76.21,Indian Mackerel,460.15,1026.4,448.32,29.77,34.2,2.71,0.65,71.4,3.7,29.17,1.36,0.234,0.0,observed_and_verified_proxy
2019-05-01,2019,5,2,Thrissur,Central,10.52,76.21,Seer Fish,154.35,1026.4,150.38,29.77,34.2,2.71,0.65,71.4,3.7,29.17,1.36,0.115,0.0,observed_and_verified_proxy
2019-05-01,2019,5,2,Thrissur,Central,10.52,76.21,Tuna,179.03,1026.4,174.43,29.77,34.2,2.71,0.65,71.4,3.7,29.17,1.36,0.129,0.0,observed_and_verified_proxy
2019-06-01,2019,6,2,Thrissur,Central,10.52,76.21,Oil Sardine,743.47,1040.1,714.77,28.91,33.13,3.87,0.95,329.1,4.05,27.94,2.21,0.296,0.0,observed_and_verified_proxy
2019-06-01,2019,6,2,Thrissur,Central,10.52,76.21,Indian Mackerel,464.89,1040.1,446.95,28.91,33.13,3.87,0.95,329.1,4.05,27.94,2.21,0.239,0.0,observed_and_verified_proxy
2019-06-01,2019,6,2,Thrissur,Central,10.52,76.21,Seer Fish,141.66,1040.1,136.19,28.91,33.13,3.87,0.95,329.1,4.05,27.94,2.21,0.109,0.0,observed_and_verified_proxy
2019-06-01,2019,6,2,Thrissur,Central,10.52,76.21,Tuna,179.39,1040.1,172.47,28.91,33.13,3.87,0.95,329.1,4.05,27.94,2.21,0.131,0.0,observed_and_verified_proxy
2019-07-01,2019,7,3,Thrissur,Central,10.52,76.21,Oil Sardine,1227.51,1099.0,1116.91,27.27,32.79,4.11,1.0,410.1,4.11,26.8,2.8,0.372,0.0,observed_and_verified_proxy
2019-07-01,2019,7,3,Thrissur,Central,10.52,76.21,Indian Mackerel,648.83,1099.0,590.37,27.27,32.79,4.11,1.0,410.1,4.11,26.8,2.8,0.296,0.0,observed_and_verified_proxy
2019-07-01,2019,7,3,Thrissur,Central,10.52,76.21,Seer Fish,302.1,1099.0,274.88,27.27,32.79,4.11,1.0,410.1,4.11,26.8,2.8,0.197,0.0,observed_and_verified_proxy
2019-07-01,2019,7,3,Thrissur,Central,10.52,76.21,Tuna,271.5,1099.0,247.04,27.27,32.79,4.11,1.0,410.1,4.11,26.8,2.8,0.184,0.0,observed_and_verified_proxy
2019-08-01,2019,8,3,Thrissur,Central,10.52,76.21,Oil Sardine,1189.54,1220.6,974.54,26.55,31.71,4.16,0.9,669.9,3.93,26.22,2.21,0.409,0.0,observed_and_verified_proxy
2019-08-01,2019,8,3,Thrissur,Central,10.52,76.21,Indian Mackerel,682.18,1220.6,558.89,26.55,31.71,4.16,0.9,669.9,3.93,26.22,2.21,0.335,0.0,observed_and_verified_proxy
2019-08-01,2019,8,3,Thrissur,Central,10.52,76.21,Seer Fish,307.19,1220.6,251.67,26.55,31.71,4.16,0.9,669.9,3.93,26.22,2.21,0.221,0.0,observed_and_verified_proxy
2019-08-01,2019,8,3,Thrissur,Central,10.52,76.21,Tuna,284.11,1220.6,232.76,26.55,31.71,4.16,0.9,669.9,3.93,26.22,2.21,0.211,0.0,observed_and_verified_proxy
2019-09-01,2019,9,3,Thrissur,Central,10.52,76.21,Oil Sardine,936.45,1149.2,814.87,26.93,32.71,3.02,0.6,429.9,3.14,26.67,1.36,0.357,0.0,observed_and_verified_proxy
2019-09-01,2019,9,3,Thrissur,Central,10.52,76.21,Indian Mackerel,729.09,1149.2,634.43,26.93,32.71,3.02,0.6,429.9,3.14,26.67,1.36,0.325,0.0,observed_and_verified_proxy
2019-09-01,2019,9,3,Thrissur,Central,10.52,76.21,Seer Fish,301.06,1149.2,261.97,26.93,32.71,3.02,0.6,429.9,3.14,26.67,1.36,0.206,0.0,observed_and_verified_proxy
2019-09-01,2019,9,3,Thrissur,Central,10.52,76.21,Tuna,282.67,1149.2,245.97,26.93,32.71,3.02,0.6,429.9,3.14,26.67,1.36,0.198,0.0,observed_and_verified_proxy
2019-10-01,2019,10,4,Thrissur,Central,10.52,76.21,Oil Sardine,1086.02,2037.4,533.05,27.07,32.2,2.33,0.3,552.6,2.8,26.79,1.05,0.664,0.0,observed_and_verified_proxy
2019-10-01,2019,10,4,Thrissur,Central,10.52,76.21,Indian Mackerel,1058.46,2037.4,519.53,27.07,32.2,2.33,0.3,552.6,2.8,26.79,1.05,0.659,0.0,observed_and_verified_proxy
2019-10-01,2019,10,4,Thrissur,Central,10.52,76.21,Seer Fish,427.6,2037.4,209.88,27.07,32.2,2.33,0.3,552.6,2.8,26.79,1.05,0.447,0.115,observed_and_verified_proxy
2019-10-01,2019,10,4,Thrissur,Central,10.52,76.21,Tuna,677.25,2037.4,332.42,27.07,32.2,2.33,0.3,552.6,2.8,26.79,1.05,0.558,0.0,observed_and_verified_proxy
2019-11-01,2019,11,4,Thrissur,Central,10.52,76.21,Oil Sardine,967.02,1773.5,545.27,27.14,33.87,1.33,0.12,152.1,1.92,27.64,1.0,0.557,0.0,observed_and_verified_proxy
2019-11-01,2019,11,4,Thrissur,Central,10.52,76.21,Indian Mackerel,1137.7,1773.5,641.51,27.14,33.87,1.33,0.12,152.1,1.92,27.64,1.0,0.587,0.0,observed_and_verified_proxy
2019-11-01,2019,11,4,Thrissur,Central,10.52,76.21,Seer Fish,429.29,1773.5,242.06,27.14,33.87,1.33,0.12,152.1,1.92,27.64,1.0,0.39,0.0,observed_and_verified_proxy
2019-11-01,2019,11,4,Thrissur,Central,10.52,76.21,Tuna,694.23,1773.5,391.45,27.14,33.87,1.33,0.12,152.1,1.92,27.64,1.0,0.491,0.0,observed_and_verified_proxy
2019-12-01,2019,12,4,Thrissur,Central,10.52,76.21,Oil Sardine,919.35,1907.0,482.1,27.51,34.26,1.04,0.06,58.2,1.89,27.49,1.0,0.588,0.0,observed_and_verified_proxy
2019-12-01,2019,12,4,Thrissur,Central,10.52,76.21,Indian Mackerel,1175.79,1907.0,616.58,27.51,34.26,1.04,0.06,58.2,1.89,27.49,1.0,0.637,0.0,observed_and_verified_proxy
2019-12-01,2019,12,4,Thrissur,Central,10.52,76.21,Seer Fish,429.26,1907.0,225.1,27.51,34.26,1.04,0.06,58.2,1.89,27.49,1.0,0.419,0.045,observed_and_verified_proxy
2019-12-01,2019,12,4,Thrissur,Central,10.52,76.21,Tuna,688.87,1907.0,361.24,27.51,34.26,1.04,0.06,58.2,1.89,27.49,1.0,0.526,0.0,observed_and_verified_proxy
2019-01-01,2019,1,1,Kasaragod,North,12.5,74.99,Oil Sardine,420.95,962.6,437.33,28.14,34.5,0.94,0.05,0.3,2.51,26.45,1.0,0.349,0.0,observed_and_verified_proxy
2019-01-01,2019,1,1,Kasaragod,North,12.5,74.99,Indian Mackerel,515.62,962.6,535.68,28.14,34.5,0.94,0.05,0.3,2.51,26.45,1.0,0.388,0.0,observed_and_verified_proxy
2019-01-01,2019,1,1,Kasaragod,North,12.5,74.99,Seer Fish,141.17,962.6,146.66,28.14,34.5,0.94,0.05,0.3,2.51,26.45,1.0,0.168,0.0,observed_and_verified_proxy
2019-01-01,2019,1,1,Kasaragod,North,12.5,74.99,Tuna,320.12,962.6,332.58,28.14,34.5,0.94,0.05,0.3,2.51,26.45,1.0,0.298,0.0,observed_and_verified_proxy
2019-02-01,2019,2,1,Kasaragod,North,12.5,74.99,Oil Sardine,441.83,992.0,445.4,28.86,34.47,1.09,0.1,7.2,2.63,28.3,1.0,0.369,0.0,observed_and_verified_proxy
2019-02-01,2019,2,1,Kasaragod,North,12.5,74.99,Indian Mackerel,538.59,992.0,542.95,28.86,34.47,1.09,0.1,7.2,2.63,28.3,1.0,0.408,0.0,observed_and_verified_proxy
2019-02-01,2019,2,1,Kasaragod,North,12.5,74.99,Seer Fish,139.14,992.0,140.27,28.86,34.47,1.09,0.1,7.2,2.63,28.3,1.0,0.171,0.0,observed_and_verified_proxy
2019-02-01,2019,2,1,Kasaragod,North,12.5,74.99,Tuna,290.74,992.0,293.09,28.86,34.47,1.09,0.1,7.2,2.63,28.3,1.0,0.289,0.0,observed_and_verified_proxy
2019-03-01,2019,3,1,Kasaragod,North,12.5,74.99,Oil Sardine,463.97,933.6,496.99,29.49,34.45,1.38,0.2,12.6,2.83,28.91,1.0,0.357,0.0,observed_and_verified_proxy
2019-03-01,2019,3,1,Kasaragod,North,12.5,74.99,Indian Mackerel,517.24,933.6,554.05,29.49,34.45,1.38,0.2,12.6,2.83,28.91,1.0,0.377,0.0,observed_and_verified_proxy
2019-03-01,2019,3,1,Kasaragod,North,12.5,74.99,Seer Fish,149.55,933.6,160.2,29.49,34.45,1.38,0.2,12.6,2.83,28.91,1.0,0.171,0.0,observed_and_verified_proxy
2019-03-01,2019,3,1,Kasaragod,North,12.5,74.99,Tuna,319.96,933.6,342.73,29.49,34.45,1.38,0.2,12.6,2.83,28.91,1.0,0.289,0.0,observed_and_verified_proxy
2019-04-01,2019,4,2,Kasaragod,North,12.5,74.99,Oil Sardine,331.64,565.7,586.24,29.85,34.15,1.88,0.35,83.4,2.8,29.45,1.05,0.179,0.0,observed_and_verified_proxy
2019-04-01,2019,4,2,Kasaragod,North,12.5,74.99,Indian Mackerel,295.55,565.7,522.45,29.85,34.15,1.88,0.35,83.4,2.8,29.45,1.05,0.167,0.0,observed_and_verified_proxy
2019-04-01,2019,4,2,Kasaragod,North,12.5,74.99,Seer Fish,87.09,565.7,153.94,29.85,34.15,1.88,0.35,83.4,2.8,29.45,1.05,0.067,0.0,observed_and_verified_proxy
2019-04-01,2019,4,2,Kasaragod,North,12.5,74.99,Tuna,110.85,565.7,195.95,29.85,34.15,1.88,0.35,83.4,2.8,29.45,1.05,0.081,0.0,observed_and_verified_proxy
2019-05-01,2019,5,2,Kasaragod,North,12.5,74.99,Oil Sardine,391.43,560.2,698.75,29.77,34.15,2.72,0.65,83.4,3.22,28.57,1.36,0.195,0.0,observed_and_verified_proxy
2019-05-01,2019,5,2,Kasaragod,North,12.5,74.99,Indian Mackerel,290.65,560.2,518.84,29.77,34.15,2.72,0.65,83.4,3.22,28.57,1.36,0.163,0.0,observed_and_verified_proxy
2019-05-01,2019,5,2,Kasaragod,North,12.5,74.99,Seer Fish,89.16,560.2,159.16,29.77,34.15,2.72,0.65,83.4,3.22,28.57,1.36,0.067,0.0,observed_and_verified_proxy
2019-05-01,2019,5,2,Kasaragod,North,12.5,74.99,Tuna,112.62,560.2,201.05,29.77,34.15,2.72,0.65,83.4,3.22,28.57,1.36,0.082,0.0,observed_and_verified_proxy
2019-06-01,2019,6,2,Kasaragod,North,12.5,74.99,Oil Sardine,459.89,573.8,801.49,28.91,33.48,3.77,0.95,244.8,3.63,27.62,2.21,0.218,0.0,observed_and_verified_proxy
2019-06-01,2019,6,2,Kasaragod,North,12.5,74.99,Indian Mackerel,258.5,573.8,450.51,28.91,33.48,3.77,0.95,244.8,3.63,27.62,2.21,0.155,0.0,observed_and_verified_proxy
2019-06-01,2019,6,2,Kasaragod,North,12.5,74.99,Seer Fish,87.07,573.8,151.74,28.91,33.48,3.77,0.95,244.8,3.63,27.62,2.21,0.068,0.0,observed_and_verified_proxy
2019-06-01,2019,6,2,Kasaragod,North,12.5,74.99,Tuna,109.15,573.8,190.23,28.91,33.48,3.77,0.95,244.8,3.63,27.62,2.21,0.082,0.0,observed_and_verified_proxy
2019-07-01,2019,7,3,Kasaragod,North,12.5,74.99,Oil Sardine,719.15,764.9,940.19,27.27,32.7,4.14,1.0,432.6,3.72,26.17,2.8,0.358,0.0,observed_and_verified_proxy
2019-07-01,2019,7,3,Kasaragod,North,12.5,74.99,Indian Mackerel,390.84,764.9,510.97,27.27,32.7,4.14,1.0,432.6,3.72,26.17,2.8,0.266,0.0,observed_and_verified_proxy
2019-07-01,2019,7,3,Kasaragod,North,12.5,74.99,Seer Fish,173.09,764.9,226.3,27.27,32.7,4.14,1.0,432.6,3.72,26.17,2.8,0.156,0.0,observed_and_verified_proxy
2019-07-01,2019,7,3,Kasaragod,North,12.5,74.99,Tuna,156.52,764.9,204.63,27.27,32.7,4.14,1.0,432.6,3.72,26.17,2.8,0.145,0.0,observed_and_verified_proxy
2019-08-01,2019,8,3,Kasaragod,North,12.5,74.99,Oil Sardine,687.98,736.3,934.38,26.55,31.57,4.2,0.9,702.9,3.61,25.54,2.21,0.338,0.0,observed_and_verified_proxy
2019-08-01,2019,8,3,Kasaragod,North,12.5,74.99,Indian Mackerel,395.28,736.3,536.85,26.55,31.57,4.2,0.9,702.9,3.61,25.54,2.21,0.258,0.0,observed_and_verified_proxy
2019-08-01,2019,8,3,Kasaragod,North,12.5,74.99,Seer Fish,185.2,736.3,251.53,26.55,31.57,4.2,0.9,702.9,3.61,25.54,2.21,0.158,0.0,observed_and_verified_proxy
2019-08-01,2019,8,3,Kasaragod,North,12.5,74.99,Tuna,171.42,736.3,232.81,26.55,31.57,4.2,0.9,702.9,3.61,25.54,2.21,0.149,0.0,observed_and_verified_proxy
2019-09-01,2019,9,3,Kasaragod,North,12.5,74.99,Oil Sardine,568.85,689.1,825.49,26.93,33.09,2.9,0.6,339.6,2.76,25.96,1.36,0.291,0.0,observed_and_verified_proxy
2019-09-01,2019,9,3,Kasaragod,North,12.5,74.99,Indian Mackerel,425.01,689.1,616.74,26.93,33.09,2.9,0.6,339.6,2.76,25.96,1.36,0.251,0.0,observed_and_verified_proxy
2019-09-01,2019,9,3,Kasaragod,North,12.5,74.99,Seer Fish,173.06,689.1,251.13,26.93,33.09,2.9,0.6,339.6,2.76,25.96,1.36,0.141,0.0,observed_and_verified_proxy
2019-09-01,2019,9,3,Kasaragod,North,12.5,74.99,Tuna,157.19,689.1,228.1,26.93,33.09,2.9,0.6,339.6,2.76,25.96,1.36,0.131,0.0,observed_and_verified_proxy
2019-10-01,2019,10,4,Kasaragod,North,12.5,74.99,Oil Sardine,659.71,1083.1,609.09,27.07,32.78,2.16,0.3,412.8,2.42,26.11,1.05,0.489,0.0,observed_and_verified_proxy
2019-10-01,2019,10,4,Kasaragod,North,12.5,74.99,Indian Mackerel,636.71,1083.1,587.85,27.07,32.78,2.16,0.3,412.8,2.42,26.11,1.05,0.481,0.0,observed_and_verified_proxy
2019-10-01,2019,10,4,Kasaragod,North,12.5,74.99,Seer Fish,256.02,1083.1,236.38,27.07,32.78,2.16,0.3,412.8,2.42,26.11,1.05,0.291,0.0,observed_and_verified_proxy
2019-10-01,2019,10,4,Kasaragod,North,12.5,74.99,Tuna,380.71,1083.1,351.49,27.07,32.78,2.16,0.3,412.8,2.42,26.11,1.05,0.372,0.0,observed_and_verified_proxy
2019-11-01,2019,11,4,Kasaragod,North,12.5,74.99,Oil Sardine,619.61,1157.3,535.38,27.14,34.0,1.29,0.12,120.9,1.94,26.82,1.0,0.508,0.0,observed_and_verified_proxy
2019-11-01,2019,11,4,Kasaragod,North,12.5,74.99,Indian Mackerel,674.85,1157.3,583.11,27.14,34.0,1.29,0.12,120.9,1.94,26.82,1.0,0.528,0.0,observed_and_verified_proxy
2019-11-01,2019,11,4,Kasaragod,North,12.5,74.99,Seer Fish,247.65,1157.3,213.99,27.14,34.0,1.29,0.12,120.9,1.94,26.82,1.0,0.304,0.0,observed_and_verified_proxy
2019-11-01,2019,11,4,Kasaragod,North,12.5,74.99,Tuna,408.82,1157.3,353.25,27.14,34.0,1.29,0.12,120.9,1.94,26.82,1.0,0.413,0.0,observed_and_verified_proxy
2019-12-01,2019,12,4,Kasaragod,North,12.5,74.99,Oil Sardine,578.46,1145.4,505.03,27.51,34.23,1.05,0.06,65.7,1.82,26.56,1.0,0.488,0.0,observed_and_verified_proxy
2019-12-01,2019,12,4,Kasaragod,North,12.5,74.99,Indian Mackerel,643.15,1145.4,561.51,27.51,34.23,1.05,0.06,65.7,1.82,26.56,1.0,0.511,0.0,observed_and_verified_proxy
2019-12-01,2019,12,4,Kasaragod,North,12.5,74.99,Seer Fish,267.82,1145.4,233.83,27.51,34.23,1.05,0.06,65.7,1.82,26.56,1.0,0.317,0.0,observed_and_verified_proxy
2019-12-01,2019,12,4,Kasaragod,North,12.5,74.99,Tuna,403.84,1145.4,352.58,27.51,34.23,1.05,0.06,65.7,1.82,26.56,1.0,0.406,0.0,observed_and_verified_proxy
2020-01-01,2020,1,1,Kozhikode,North,11.25,75.78,Oil Sardine,788.3,5662.9,139.21,28.14,34.49,0.94,0.05,3.0,2.23,27.11,1.0,0.434,0.255,observed_and_verified_proxy
2020-01-01,2020,1,1,Kozhikode,North,11.25,75.78,Indian Mackerel,2197.83,5662.9,388.11,28.14,34.49,0.94,0.05,3.0,2.23,27.11,1.0,0.578,0.0,observed_and_verified_proxy
2020-01-01,2020,1,1,Kozhikode,North,11.25,75.78,Seer Fish,583.03,5662.9,102.96,28.14,34.49,0.94,0.05,3.0,2.23,27.11,1.0,0.382,0.268,observed_and_verified_proxy
2020-01-01,2020,1,1,Kozhikode,North,11.25,75.78,Tuna,1306.33,5662.9,230.68,28.14,34.49,0.94,0.05,3.0,2.23,27.11,1.0,0.513,0.155,observed_and_verified_proxy
2020-02-01,2020,2,1,Kozhikode,North,11.25,75.78,Oil Sardine,856.67,5449.7,157.2,28.86,34.48,1.09,0.1,4.2,2.53,28.28,1.0,0.431,0.211,observed_and_verified_proxy
2020-02-01,2020,2,1,Kozhikode,North,11.25,75.78,Indian Mackerel,2253.97,5449.7,413.59,28.86,34.48,1.09,0.1,4.2,2.53,28.28,1.0,0.559,0.0,observed_and_verified_proxy
2020-02-01,2020,2,1,Kozhikode,North,11.25,75.78,Seer Fish,605.58,5449.7,111.12,28.86,34.48,1.09,0.1,4.2,2.53,28.28,1.0,0.374,0.239,observed_and_verified_proxy
2020-02-01,2020,2,1,Kozhikode,North,11.25,75.78,Tuna,1229.56,5449.7,225.62,28.86,34.48,1.09,0.1,4.2,2.53,28.28,1.0,0.485,0.13,observed_and_verified_proxy
2020-03-01,2020,3,1,Kozhikode,North,11.25,75.78,Oil Sardine,886.65,6030.0,147.04,29.49,34.43,1.38,0.2,15.9,2.7,29.15,1.0,0.483,0.301,observed_and_verified_proxy
2020-03-01,2020,3,1,Kozhikode,North,11.25,75.78,Indian Mackerel,2139.15,6030.0,354.75,29.49,34.43,1.38,0.2,15.9,2.7,29.15,1.0,0.612,0.008,observed_and_verified_proxy
2020-03-01,2020,3,1,Kozhikode,North,11.25,75.78,Seer Fish,596.52,6030.0,98.93,29.49,34.43,1.38,0.2,15.9,2.7,29.15,1.0,0.411,0.315,observed_and_verified_proxy
2020-03-01,2020,3,1,Kozhikode,North,11.25,75.78,Tuna,1235.35,6030.0,204.87,29.49,34.43,1.38,0.2,15.9,2.7,29.15,1.0,0.538,0.244,observed_and_verified_proxy
2020-04-01,2020,4,2,Kozhikode,North,11.25,75.78,Oil Sardine,632.77,3684.6,171.73,29.85,34.28,1.84,0.35,51.9,2.45,29.62,1.05,0.258,0.0,observed_and_verified_proxy
2020-04-01,2020,4,2,Kozhikode,North,11.25,75.78,Indian Mackerel,1234.73,3684.6,335.11,29.85,34.28,1.84,0.35,51.9,2.45,29.62,1.05,0.329,0.0,observed_and_verified_proxy
2020-04-01,2020,4,2,Kozhikode,North,11.25,75.78,Seer Fish,354.15,3684.6,96.12,29.85,34.28,1.84,0.35,51.9,2.45,29.62,1.05,0.191,0.035,observed_and_verified_proxy
2020-04-01,2020,4,2,Kozhikode,North,11.25,75.78,Tuna,463.11,3684.6,125.69,29.85,34.28,1.84,0.35,51.9,2.45,29.62,1.05,0.222,0.009,observed_and_verified_proxy
2020-05-01,2020,5,2,Kozhikode,North,11.25,75.78,Oil Sardine,753.69,3428.1,219.86,29.77,33.77,2.84,0.65,175.5,2.97,28.61,1.36,0.258,0.0,observed_and_verified_proxy
2020-05-01,2020,5,2,Kozhikode,North,11.25,75.78,Indian Mackerel,1175.05,3428.1,342.77,29.77,33.77,2.84,0.65,175.5,2.97,28.61,1.36,0.301,0.0,observed_and_verified_proxy
2020-05-01,2020,5,2,Kozhikode,North,11.25,75.78,Seer Fish,379.88,3428.1,110.81,29.77,33.77,2.84,0.65,175.5,2.97,28.61,1.36,0.185,0.0,observed_and_verified_proxy
2020-05-01,2020,5,2,Kozhikode,North,11.25,75.78,Tuna,481.51,3428.1,140.46,29.77,33.77,2.84,0.65,175.5,2.97,28.61,1.36,0.211,0.0,observed_and_verified_proxy
2020-06-01,2020,6,2,Kozhikode,North,11.25,75.78,Oil Sardine,884.96,3997.8,221.36,28.91,32.77,3.98,0.95,415.8,3.31,26.7,2.21,0.32,0.0,observed_and_verified_proxy
2020-06-01,2020,6,2,Kozhikode,North,11.25,75.78,Indian Mackerel,1144.03,3997.8,286.17,28.91,32.77,3.98,0.95,415.8,3.31,26.7,2.21,0.349,0.0,observed_and_verified_proxy
2020-06-01,2020,6,2,Kozhikode,North,11.25,75.78,Seer Fish,375.96,3997.8,94.04,28.91,32.77,3.98,0.95,415.8,3.31,26.7,2.21,0.215,0.071,observed_and_verified_proxy
2020-06-01,2020,6,2,Kozhikode,North,11.25,75.78,Tuna,469.05,3997.8,117.33,28.91,32.77,3.98,0.95,415.8,3.31,26.7,2.21,0.242,0.055,observed_and_verified_proxy
2020-07-01,2020,7,3,Kozhikode,North,11.25,75.78,Oil Sardine,1345.09,4881.2,275.56,27.27,32.43,4.22,1.0,497.7,3.3,25.63,2.8,0.446,0.0,observed_and_verified_proxy
2020-07-01,2020,7,3,Kozhikode,North,11.25,75.78,Indian Mackerel,1681.26,4881.2,344.43,27.27,32.43,4.22,1.0,497.7,3.3,25.63,2.8,0.471,0.0,observed_and_verified_proxy
2020-07-01,2020,7,3,Kozhikode,North,11.25,75.78,Seer Fish,721.77,4881.2,147.87,27.27,32.43,4.22,1.0,497.7,3.3,25.63,2.8,0.361,0.141,observed_and_verified_proxy
2020-07-01,2020,7,3,Kozhikode,North,11.25,75.78,Tuna,664.35,4881.2,136.1,27.27,32.43,4.22,1.0,497.7,3.3,25.63,2.8,0.349,0.151,observed_and_verified_proxy
2020-08-01,2020,8,3,Kozhikode,North,11.25,75.78,Oil Sardine,1336.62,4425.9,302.0,26.55,32.38,3.96,0.9,508.8,3.43,25.75,2.21,0.404,0.0,observed_and_verified_proxy
2020-08-01,2020,8,3,Kozhikode,North,11.25,75.78,Indian Mackerel,1712.08,4425.9,386.83,26.55,32.38,3.96,0.9,508.8,3.43,25.75,2.21,0.429,0.0,observed_and_verified_proxy
2020-08-01,2020,8,3,Kozhikode,North,11.25,75.78,Seer Fish,782.89,4425.9,176.89,26.55,32.38,3.96,0.9,508.8,3.43,25.75,2.21,0.338,0.047,observed_and_verified_proxy
2020-08-01,2020,8,3,Kozhikode,North,11.25,75.78,Tuna,670.55,4425.9,151.51,26.55,32.38,3.96,0.9,508.8,3.43,25.75,2.21,0.318,0.076,observed_and_verified_proxy
2020-09-01,2020,9,3,Kozhikode,North,11.25,75.78,Oil Sardine,1117.38,4570.8,244.46,26.93,32.58,3.06,0.6,460.2,2.85,25.47,1.36,0.396,0.0,observed_and_verified_proxy
2020-09-01,2020,9,3,Kozhikode,North,11.25,75.78,Indian Mackerel,1859.91,4570.8,406.92,26.93,32.58,3.06,0.6,460.2,2.85,25.47,1.36,0.451,0.0,observed_and_verified_proxy
2020-09-01,2020,9,3,Kozhikode,North,11.25,75.78,Seer Fish,766.51,4570.8,167.7,26.93,32.58,3.06,0.6,460.2,2.85,25.47,1.36,0.347,0.078,observed_and_verified_proxy
2020-09-01,2020,9,3,Kozhikode,North,11.25,75.78,Tuna,720.6,4570.8,157.65,26.93,32.58,3.06,0.6,460.2,2.85,25.47,1.36,0.338,0.089,observed_and_verified_proxy
2020-10-01,2020,10,4,Kozhikode,North,11.25,75.78,Oil Sardine,1235.49,7278.9,169.74,27.07,33.63,1.9,0.3,209.7,2.64,25.74,1.05,0.649,0.467,observed_and_verified_proxy
2020-10-01,2020,10,4,Kozhikode,North,11.25,75.78,Indian Mackerel,2644.81,7278.9,363.35,27.07,33.63,1.9,0.3,209.7,2.64,25.74,1.05,0.767,0.19,observed_and_verified_proxy
2020-10-01,2020,10,4,Kozhikode,North,11.25,75.78,Seer Fish,1087.67,7278.9,149.43,27.07,33.63,1.9,0.3,209.7,2.64,25.74,1.05,0.625,0.48,observed_and_verified_proxy
2020-10-01,2020,10,4,Kozhikode,North,11.25,75.78,Tuna,1677.78,7278.9,230.5,27.07,33.63,1.9,0.3,209.7,2.64,25.74,1.05,0.703,0.401,observed_and_verified_proxy
2020-11-01,2020,11,4,Kozhikode,North,11.25,75.78,Oil Sardine,1178.88,6859.5,171.86,27.14,33.99,1.29,0.12,122.4,1.78,26.55,1.0,0.604,0.403,observed_and_verified_proxy
2020-11-01,2020,11,4,Kozhikode,North,11.25,75.78,Indian Mackerel,2892.23,6859.5,421.64,27.14,33.99,1.29,0.12,122.4,1.78,26.55,1.0,0.733,0.016,observed_and_verified_proxy
2020-11-01,2020,11,4,Kozhikode,North,11.25,75.78,Seer Fish,1096.57,6859.5,159.86,27.14,33.99,1.29,0.12,122.4,1.78,26.55,1.0,0.59,0.412,observed_and_verified_proxy
2020-11-01,2020,11,4,Kozhikode,North,11.25,75.78,Tuna,1729.52,6859.5,252.13,27.14,33.99,1.29,0.12,122.4,1.78,26.55,1.0,0.667,0.307,observed_and_verified_proxy
2020-12-01,2020,12,4,Kozhikode,North,11.25,75.78,Oil Sardine,1108.65,6769.4,163.77,27.51,34.29,1.03,0.06,49.5,1.74,26.47,1.0,0.585,0.396,observed_and_verified_proxy
2020-12-01,2020,12,4,Kozhikode,North,11.25,75.78,Indian Mackerel,2763.16,6769.4,408.18,27.51,34.29,1.03,0.06,49.5,1.74,26.47,1.0,0.718,0.027,observed_and_verified_proxy
2020-12-01,2020,12,4,Kozhikode,North,11.25,75.78,Seer Fish,1076.61,6769.4,159.04,27.51,34.29,1.03,0.06,49.5,1.74,26.47,1.0,0.579,0.4,observed_and_verified_proxy
2020-12-01,2020,12,4,Kozhikode,North,11.25,75.78,Tuna,1738.59,6769.4,256.83,27.51,34.29,1.03,0.06,49.5,1.74,26.47,1.0,0.659,0.286,observed_and_verified_proxy
2020-01-01,2020,1,1,Ernakulam,Central,9.98,76.28,Oil Sardine,713.68,5605.9,127.31,28.14,34.46,0.95,0.05,9.6,1.95,28.23,1.0,0.462,0.317,observed_and_verified_proxy
2020-01-01,2020,1,1,Ernakulam,Central,9.98,76.28,Indian Mackerel,1946.45,5605.9,347.21,28.14,34.46,0.95,0.05,9.6,1.95,28.23,1.0,0.625,0.04,observed_and_verified_proxy
2020-01-01,2020,1,1,Ernakulam,Central,9.98,76.28,Seer Fish,545.0,5605.9,97.22,28.14,34.46,0.95,0.05,9.6,1.95,28.23,1.0,0.409,0.316,observed_and_verified_proxy
2020-01-01,2020,1,1,Ernakulam,Central,9.98,76.28,Tuna,1193.39,5605.9,212.88,28.14,34.46,0.95,0.05,9.6,1.95,28.23,1.0,0.553,0.246,observed_and_verified_proxy
2020-02-01,2020,2,1,Ernakulam,Central,9.98,76.28,Oil Sardine,769.04,5318.8,144.59,28.86,34.39,1.11,0.1,26.4,2.31,29.48,1.0,0.451,0.266,observed_and_verified_proxy
2020-02-01,2020,2,1,Ernakulam,Central,9.98,76.28,Indian Mackerel,1890.46,5318.8,355.43,28.86,34.39,1.11,0.1,26.4,2.31,29.48,1.0,0.589,0.0,observed_and_verified_proxy
2020-02-01,2020,2,1,Ernakulam,Central,9.98,76.28,Seer Fish,555.24,5318.8,104.39,28.86,34.39,1.11,0.1,26.4,2.31,29.48,1.0,0.392,0.278,observed_and_verified_proxy
2020-02-01,2020,2,1,Ernakulam,Central,9.98,76.28,Tuna,1088.65,5318.8,204.68,28.86,34.39,1.11,0.1,26.4,2.31,29.48,1.0,0.51,0.209,observed_and_verified_proxy
2020-03-01,2020,3,1,Ernakulam,Central,9.98,76.28,Oil Sardine,842.93,4999.5,168.6,29.49,34.28,1.42,0.2,51.6,2.66,29.9,1.0,0.44,0.197,observed_and_verified_proxy
2020-03-01,2020,3,1,Ernakulam,Central,9.98,76.28,Indian Mackerel,1959.61,4999.5,391.96,29.49,34.28,1.42,0.2,51.6,2.66,29.9,1.0,0.558,0.0,observed_and_verified_proxy
2020-03-01,2020,3,1,Ernakulam,Central,9.98,76.28,Seer Fish,549.84,4999.5,109.98,29.49,34.28,1.42,0.2,51.6,2.66,29.9,1.0,0.367,0.232,observed_and_verified_proxy
2020-03-01,2020,3,1,Ernakulam,Central,9.98,76.28,Tuna,1134.54,4999.5,226.93,29.49,34.28,1.42,0.2,51.6,2.66,29.9,1.0,0.486,0.128,observed_and_verified_proxy
2020-04-01,2020,4,2,Ernakulam,Central,9.98,76.28,Oil Sardine,574.32,3318.9,173.04,29.85,34.1,1.9,0.35,96.9,2.61,30.13,1.05,0.248,0.0,observed_and_verified_proxy
2020-04-01,2020,4,2,Ernakulam,Central,9.98,76.28,Indian Mackerel,1086.76,3318.9,327.44,29.85,34.1,1.9,0.35,96.9,2.61,30.13,1.05,0.318,0.0,observed_and_verified_proxy
2020-04-01,2020,4,2,Ernakulam,Central,9.98,76.28,Seer Fish,330.93,3318.9,99.71,29.85,34.1,1.9,0.35,96.9,2.61,30.13,1.05,0.185,0.019,observed_and_verified_proxy
2020-04-01,2020,4,2,Ernakulam,Central,9.98,76.28,Tuna,412.62,3318.9,124.32,29.85,34.1,1.9,0.35,96.9,2.61,30.13,1.05,0.21,0.0,observed_and_verified_proxy
2020-05-01,2020,5,2,Ernakulam,Central,9.98,76.28,Oil Sardine,659.93,3226.5,204.54,29.77,33.48,2.93,0.65,245.7,3.48,29.0,1.36,0.257,0.0,observed_and_verified_proxy
2020-05-01,2020,5,2,Ernakulam,Central,9.98,76.28,Indian Mackerel,1063.46,3226.5,329.6,29.77,33.48,2.93,0.65,245.7,3.48,29.0,1.36,0.307,0.0,observed_and_verified_proxy
2020-05-01,2020,5,2,Ernakulam,Central,9.98,76.28,Seer Fish,316.35,3226.5,98.05,29.77,33.48,2.93,0.65,245.7,3.48,29.0,1.36,0.175,0.01,observed_and_verified_proxy
2020-05-01,2020,5,2,Ernakulam,Central,9.98,76.28,Tuna,430.99,3226.5,133.58,29.77,33.48,2.93,0.65,245.7,3.48,29.0,1.36,0.209,0.0,observed_and_verified_proxy
2020-06-01,2020,6,2,Ernakulam,Central,9.98,76.28,Oil Sardine,773.23,3381.5,228.67,28.91,32.84,3.96,0.95,398.4,3.99,27.33,2.21,0.288,0.0,observed_and_verified_proxy
2020-06-01,2020,6,2,Ernakulam,Central,9.98,76.28,Indian Mackerel,990.74,3381.5,292.99,28.91,32.84,3.96,0.95,398.4,3.99,27.33,2.21,0.315,0.0,observed_and_verified_proxy
2020-06-01,2020,6,2,Ernakulam,Central,9.98,76.28,Seer Fish,335.33,3381.5,99.17,28.91,32.84,3.96,0.95,398.4,3.99,27.33,2.21,0.19,0.027,observed_and_verified_proxy
2020-06-01,2020,6,2,Ernakulam,Central,9.98,76.28,Tuna,400.93,3381.5,118.57,28.91,32.84,3.96,0.95,398.4,3.99,27.33,2.21,0.211,0.011,observed_and_verified_proxy
2020-07-01,2020,7,3,Ernakulam,Central,9.98,76.28,Oil Sardine,1154.3,3756.3,307.3,27.27,32.4,4.23,1.0,505.2,3.71,26.19,2.8,0.367,0.0,observed_and_verified_proxy
2020-07-01,2020,7,3,Ernakulam,Central,9.98,76.28,Indian Mackerel,1559.82,3756.3,415.25,27.27,32.4,4.23,1.0,505.2,3.71,26.19,2.8,0.398,0.0,observed_and_verified_proxy
2020-07-01,2020,7,3,Ernakulam,Central,9.98,76.28,Seer Fish,661.39,3756.3,176.07,27.27,32.4,4.23,1.0,505.2,3.71,26.19,2.8,0.3,0.0,observed_and_verified_proxy
2020-07-01,2020,7,3,Ernakulam,Central,9.98,76.28,Tuna,644.27,3756.3,171.52,27.27,32.4,4.23,1.0,505.2,3.71,26.19,2.8,0.296,0.004,observed_and_verified_proxy
2020-08-01,2020,8,3,Ernakulam,Central,9.98,76.28,Oil Sardine,1116.61,4166.8,267.98,26.55,32.73,3.85,0.9,425.1,3.84,26.39,2.21,0.403,0.0,observed_and_verified_proxy
2020-08-01,2020,8,3,Ernakulam,Central,9.98,76.28,Indian Mackerel,1525.13,4166.8,366.02,26.55,32.73,3.85,0.9,425.1,3.84,26.39,2.21,0.439,0.0,observed_and_verified_proxy
2020-08-01,2020,8,3,Ernakulam,Central,9.98,76.28,Seer Fish,708.79,4166.8,170.11,26.55,32.73,3.85,0.9,425.1,3.84,26.39,2.21,0.342,0.067,observed_and_verified_proxy
2020-08-01,2020,8,3,Ernakulam,Central,9.98,76.28,Tuna,636.52,4166.8,152.76,26.55,32.73,3.85,0.9,425.1,3.84,26.39,2.21,0.327,0.085,observed_and_verified_proxy
2020-09-01,2020,9,3,Ernakulam,Central,9.98,76.28,Oil Sardine,971.37,3944.8,246.24,26.93,32.41,3.11,0.6,502.5,3.59,26.3,1.36,0.365,0.0,observed_and_verified_proxy
2020-09-01,2020,9,3,Ernakulam,Central,9.98,76.28,Indian Mackerel,1684.64,3944.8,427.06,26.93,32.41,3.11,0.6,502.5,3.59,26.3,1.36,0.426,0.0,observed_and_verified_proxy
2020-09-01,2020,9,3,Ernakulam,Central,9.98,76.28,Seer Fish,648.03,3944.8,164.28,26.93,32.41,3.11,0.6,502.5,3.59,26.3,1.36,0.312,0.04,observed_and_verified_proxy
2020-09-01,2020,9,3,Ernakulam,Central,9.98,76.28,Tuna,615.8,3944.8,156.1,26.93,32.41,3.11,0.6,502.5,3.59,26.3,1.36,0.305,0.049,observed_and_verified_proxy
2020-10-01,2020,10,4,Ernakulam,Central,9.98,76.28,Oil Sardine,1170.08,6424.3,182.13,27.07,33.48,1.95,0.3,246.0,3.29,26.48,1.05,0.63,0.415,observed_and_verified_proxy
2020-10-01,2020,10,4,Ernakulam,Central,9.98,76.28,Indian Mackerel,2534.51,6424.3,394.52,27.07,33.48,1.95,0.3,246.0,3.29,26.48,1.05,0.752,0.1,observed_and_verified_proxy
2020-10-01,2020,10,4,Ernakulam,Central,9.98,76.28,Seer Fish,960.21,6424.3,149.47,27.07,33.48,1.95,0.3,246.0,3.29,26.48,1.05,0.592,0.437,observed_and_verified_proxy
2020-10-01,2020,10,4,Ernakulam,Central,9.98,76.28,Tuna,1485.88,6424.3,231.29,27.07,33.48,1.95,0.3,246.0,3.29,26.48,1.05,0.673,0.361,observed_and_verified_proxy
2020-11-01,2020,11,4,Ernakulam,Central,9.98,76.28,Oil Sardine,977.96,6227.7,157.03,27.14,33.85,1.33,0.12,155.1,1.92,27.56,1.0,0.577,0.401,observed_and_verified_proxy
2020-11-01,2020,11,4,Ernakulam,Central,9.98,76.28,Indian Mackerel,2612.94,6227.7,419.57,27.14,33.85,1.33,0.12,155.1,1.92,27.56,1.0,0.732,0.019,observed_and_verified_proxy
2020-11-01,2020,11,4,Ernakulam,Central,9.98,76.28,Seer Fish,985.96,6227.7,158.32,27.14,33.85,1.33,0.12,155.1,1.92,27.56,1.0,0.579,0.401,observed_and_verified_proxy
2020-11-01,2020,11,4,Ernakulam,Central,9.98,76.28,Tuna,1563.81,6227.7,251.1,27.14,33.85,1.33,0.12,155.1,1.92,27.56,1.0,0.661,0.301,observed_and_verified_proxy
2020-12-01,2020,12,4,Ernakulam,Central,9.98,76.28,Oil Sardine,923.51,6747.8,136.86,27.51,34.12,1.08,0.06,90.0,2.02,27.02,1.0,0.613,0.493,observed_and_verified_proxy
2020-12-01,2020,12,4,Ernakulam,Central,9.98,76.28,Indian Mackerel,2530.31,6747.8,374.98,27.51,34.12,1.08,0.06,90.0,2.02,27.02,1.0,0.789,0.193,observed_and_verified_proxy
2020-12-01,2020,12,4,Ernakulam,Central,9.98,76.28,Seer Fish,989.89,6747.8,146.7,27.51,34.12,1.08,0.06,90.0,2.02,27.02,1.0,0.628,0.49,observed_and_verified_proxy
2020-12-01,2020,12,4,Ernakulam,Central,9.98,76.28,Tuna,1530.87,6747.8,226.87,27.51,34.12,1.08,0.06,90.0,2.02,27.02,1.0,0.712,0.422,observed_and_verified_proxy
2020-01-01,2020,1,1,Alappuzha,South,9.49,76.33,Oil Sardine,633.21,4879.5,129.77,28.14,34.34,0.99,0.05,39.0,3.23,26.6,1.0,0.433,0.274,observed_and_verified_proxy
2020-01-01,2020,1,1,Alappuzha,South,9.49,76.33,Indian Mackerel,1649.17,4879.5,337.98,28.14,34.34,0.99,0.05,39.0,3.23,26.6,1.0,0.594,0.022,observed_and_verified_proxy
2020-01-01,2020,1,1,Alappuzha,South,9.49,76.33,Seer Fish,465.57,4879.5,95.41,28.14,34.34,0.99,0.05,39.0,3.23,26.6,1.0,0.373,0.273,observed_and_verified_proxy
2020-01-01,2020,1,1,Alappuzha,South,9.49,76.33,Tuna,997.09,4879.5,204.34,28.14,34.34,0.99,0.05,39.0,3.23,26.6,1.0,0.516,0.217,observed_and_verified_proxy
2020-02-01,2020,2,1,Alappuzha,South,9.49,76.33,Oil Sardine,656.22,4951.9,132.52,28.86,34.45,1.09,0.1,11.1,3.21,28.42,1.0,0.446,0.285,observed_and_verified_proxy
2020-02-01,2020,2,1,Alappuzha,South,9.49,76.33,Indian Mackerel,1699.88,4951.9,343.28,28.86,34.45,1.09,0.1,11.1,3.21,28.42,1.0,0.607,0.027,observed_and_verified_proxy
2020-02-01,2020,2,1,Alappuzha,South,9.49,76.33,Seer Fish,482.68,4951.9,97.47,28.86,34.45,1.09,0.1,11.1,3.21,28.42,1.0,0.386,0.285,observed_and_verified_proxy
2020-02-01,2020,2,1,Alappuzha,South,9.49,76.33,Tuna,1003.2,4951.9,202.59,28.86,34.45,1.09,0.1,11.1,3.21,28.42,1.0,0.525,0.232,observed_and_verified_proxy
2020-03-01,2020,3,1,Alappuzha,South,9.49,76.33,Oil Sardine,731.52,4672.2,156.57,29.49,34.4,1.39,0.2,25.2,2.61,29.82,1.0,0.441,0.225,observed_and_verified_proxy
2020-03-01,2020,3,1,Alappuzha,South,9.49,76.33,Indian Mackerel,1703.85,4672.2,364.68,29.49,34.4,1.39,0.2,25.2,2.61,29.82,1.0,0.573,0.0,observed_and_verified_proxy
2020-03-01,2020,3,1,Alappuzha,South,9.49,76.33,Seer Fish,491.75,4672.2,105.25,29.49,34.4,1.39,0.2,25.2,2.61,29.82,1.0,0.368,0.244,observed_and_verified_proxy
2020-03-01,2020,3,1,Alappuzha,South,9.49,76.33,Tuna,1058.86,4672.2,226.63,29.49,34.4,1.39,0.2,25.2,2.61,29.82,1.0,0.504,0.151,observed_and_verified_proxy
2020-04-01,2020,4,2,Alappuzha,South,9.49,76.33,Oil Sardine,517.67,2777.4,186.39,29.85,34.12,1.89,0.35,91.2,2.65,30.11,1.05,0.224,0.0,observed_and_verified_proxy
2020-04-01,2020,4,2,Alappuzha,South,9.49,76.33,Indian Mackerel,1032.46,2777.4,371.74,29.85,34.12,1.89,0.35,91.2,2.65,30.11,1.05,0.297,0.0,observed_and_verified_proxy
2020-04-01,2020,4,2,Alappuzha,South,9.49,76.33,Seer Fish,298.94,2777.4,107.64,29.85,34.12,1.89,0.35,91.2,2.65,30.11,1.05,0.165,0.0,observed_and_verified_proxy
2020-04-01,2020,4,2,Alappuzha,South,9.49,76.33,Tuna,367.25,2777.4,132.23,29.85,34.12,1.89,0.35,91.2,2.65,30.11,1.05,0.187,0.0,observed_and_verified_proxy
2020-05-01,2020,5,2,Alappuzha,South,9.49,76.33,Oil Sardine,576.41,2742.5,210.18,29.77,33.21,3.01,0.65,310.2,4.09,28.54,1.36,0.233,0.0,observed_and_verified_proxy
2020-05-01,2020,5,2,Alappuzha,South,9.49,76.33,Indian Mackerel,906.81,2742.5,330.65,29.77,33.21,3.01,0.65,310.2,4.09,28.54,1.36,0.281,0.0,observed_and_verified_proxy
2020-05-01,2020,5,2,Alappuzha,South,9.49,76.33,Seer Fish,283.84,2742.5,103.5,29.77,33.21,3.01,0.65,310.2,4.09,28.54,1.36,0.158,0.0,observed_and_verified_proxy
2020-05-01,2020,5,2,Alappuzha,South,9.49,76.33,Tuna,358.35,2742.5,130.67,29.77,33.21,3.01,0.65,310.2,4.09,28.54,1.36,0.182,0.0,observed_and_verified_proxy
2020-06-01,2020,6,2,Alappuzha,South,9.49,76.33,Oil Sardine,697.65,2712.8,257.17,28.91,33.52,3.75,0.95,234.9,5.18,27.03,2.21,0.251,0.0,observed_and_verified_proxy
2020-06-01,2020,6,2,Alappuzha,South,9.49,76.33,Indian Mackerel,907.84,2712.8,334.65,28.91,33.52,3.75,0.95,234.9,5.18,27.03,2.21,0.278,0.0,observed_and_verified_proxy
2020-06-01,2020,6,2,Alappuzha,South,9.49,76.33,Seer Fish,289.84,2712.8,106.84,28.91,33.52,3.75,0.95,234.9,5.18,27.03,2.21,0.158,0.0,observed_and_verified_proxy
2020-06-01,2020,6,2,Alappuzha,South,9.49,76.33,Tuna,348.92,2712.8,128.62,28.91,33.52,3.75,0.95,234.9,5.18,27.03,2.21,0.177,0.0,observed_and_verified_proxy
2020-07-01,2020,7,3,Alappuzha,South,9.49,76.33,Oil Sardine,1056.89,3782.2,279.44,27.27,33.76,3.82,1.0,177.9,4.74,26.01,2.8,0.408,0.0,observed_and_verified_proxy
2020-07-01,2020,7,3,Alappuzha,South,9.49,76.33,Indian Mackerel,1350.65,3782.2,357.11,27.27,33.76,3.82,1.0,177.9,4.74,26.01,2.8,0.438,0.0,observed_and_verified_proxy
2020-07-01,2020,7,3,Alappuzha,South,9.49,76.33,Seer Fish,597.06,3782.2,157.86,27.27,33.76,3.82,1.0,177.9,4.74,26.01,2.8,0.327,0.074,observed_and_verified_proxy
2020-07-01,2020,7,3,Alappuzha,South,9.49,76.33,Tuna,533.53,3782.2,141.06,27.27,33.76,3.82,1.0,177.9,4.74,26.01,2.8,0.31,0.089,observed_and_verified_proxy
2020-08-01,2020,8,3,Alappuzha,South,9.49,76.33,Oil Sardine,1060.07,3686.6,287.55,26.55,33.82,3.52,0.9,163.2,5.0,26.11,2.21,0.398,0.0,observed_and_verified_proxy
2020-08-01,2020,8,3,Alappuzha,South,9.49,76.33,Indian Mackerel,1298.52,3686.6,352.23,26.55,33.82,3.52,0.9,163.2,5.0,26.11,2.21,0.422,0.0,observed_and_verified_proxy
2020-08-01,2020,8,3,Alappuzha,South,9.49,76.33,Seer Fish,606.64,3686.6,164.55,26.55,33.82,3.52,0.9,163.2,5.0,26.11,2.21,0.321,0.051,observed_and_verified_proxy
2020-08-01,2020,8,3,Alappuzha,South,9.49,76.33,Tuna,570.13,3686.6,154.65,26.55,33.82,3.52,0.9,163.2,5.0,26.11,2.21,0.312,0.062,observed_and_verified_proxy
2020-09-01,2020,9,3,Alappuzha,South,9.49,76.33,Oil Sardine,869.51,3290.1,264.28,26.93,32.58,3.06,0.6,461.1,4.88,26.2,1.36,0.332,0.0,observed_and_verified_proxy
2020-09-01,2020,9,3,Alappuzha,South,9.49,76.33,Indian Mackerel,1407.02,3290.1,427.66,26.93,32.58,3.06,0.6,461.1,4.88,26.2,1.36,0.385,0.0,observed_and_verified_proxy
2020-09-01,2020,9,3,Alappuzha,South,9.49,76.33,Seer Fish,624.02,3290.1,189.67,26.93,32.58,3.06,0.6,461.1,4.88,26.2,1.36,0.29,0.0,observed_and_verified_proxy
2020-09-01,2020,9,3,Alappuzha,South,9.49,76.33,Tuna,524.74,3290.1,159.49,26.93,32.58,3.06,0.6,461.1,4.88,26.2,1.36,0.267,0.0,observed_and_verified_proxy
2020-10-01,2020,10,4,Alappuzha,South,9.49,76.33,Oil Sardine,990.09,5231.3,189.26,27.07,33.91,1.82,0.3,142.5,4.37,26.13,1.05,0.552,0.297,observed_and_verified_proxy
2020-10-01,2020,10,4,Alappuzha,South,9.49,76.33,Indian Mackerel,2220.4,5231.3,424.45,27.07,33.91,1.82,0.3,142.5,4.37,26.13,1.05,0.678,0.0,observed_and_verified_proxy
2020-10-01,2020,10,4,Alappuzha,South,9.49,76.33,Seer Fish,808.94,5231.3,154.64,27.07,33.91,1.82,0.3,142.5,4.37,26.13,1.05,0.513,0.323,observed_and_verified_proxy
2020-10-01,2020,10,4,Alappuzha,South,9.49,76.33,Tuna,1351.72,5231.3,258.39,27.07,33.91,1.82,0.3,142.5,4.37,26.13,1.05,0.606,0.214,observed_and_verified_proxy
2020-11-01,2020,11,4,Alappuzha,South,9.49,76.33,Oil Sardine,862.14,6022.1,143.16,27.14,33.71,1.37,0.12,190.5,3.12,26.87,1.0,0.605,0.468,observed_and_verified_proxy
2020-11-01,2020,11,4,Alappuzha,South,9.49,76.33,Indian Mackerel,2253.04,6022.1,374.13,27.14,33.71,1.37,0.12,190.5,3.12,26.87,1.0,0.782,0.186,observed_and_verified_proxy
2020-11-01,2020,11,4,Alappuzha,South,9.49,76.33,Seer Fish,862.54,6022.1,143.23,27.14,33.71,1.37,0.12,190.5,3.12,26.87,1.0,0.605,0.468,observed_and_verified_proxy
2020-11-01,2020,11,4,Alappuzha,South,9.49,76.33,Tuna,1323.55,6022.1,219.78,27.14,33.71,1.37,0.12,190.5,3.12,26.87,1.0,0.694,0.414,observed_and_verified_proxy
2020-12-01,2020,12,4,Alappuzha,South,9.49,76.33,Oil Sardine,857.25,6001.7,142.84,27.51,34.27,1.04,0.06,54.3,4.05,26.03,1.0,0.602,0.465,observed_and_verified_proxy
2020-12-01,2020,12,4,Alappuzha,South,9.49,76.33,Indian Mackerel,2299.03,6001.7,383.07,27.51,34.27,1.04,0.06,54.3,4.05,26.03,1.0,0.782,0.166,observed_and_verified_proxy
2020-12-01,2020,12,4,Alappuzha,South,9.49,76.33,Seer Fish,825.94,6001.7,137.62,27.51,34.27,1.04,0.06,54.3,4.05,26.03,1.0,0.593,0.466,observed_and_verified_proxy
2020-12-01,2020,12,4,Alappuzha,South,9.49,76.33,Tuna,1315.05,6001.7,219.11,27.51,34.27,1.04,0.06,54.3,4.05,26.03,1.0,0.69,0.41,observed_and_verified_proxy
2020-01-01,2020,1,1,Kollam,South,8.89,76.6,Oil Sardine,599.88,4613.2,130.04,28.14,34.34,0.99,0.05,39.0,3.23,26.6,1.0,0.428,0.267,observed_and_verified_proxy
2020-01-01,2020,1,1,Kollam,South,8.89,76.6,Indian Mackerel,1598.8,4613.2,346.57,28.14,34.34,0.99,0.05,39.0,3.23,26.6,1.0,0.598,0.007,observed_and_verified_proxy
2020-01-01,2020,1,1,Kollam,South,8.89,76.6,Seer Fish,441.49,4613.2,95.7,28.14,34.34,0.99,0.05,39.0,3.23,26.6,1.0,0.368,0.266,observed_and_verified_proxy
2020-01-01,2020,1,1,Kollam,South,8.89,76.6,Tuna,928.15,4613.2,201.19,28.14,34.34,0.99,0.05,39.0,3.23,26.6,1.0,0.51,0.216,observed_and_verified_proxy
2020-02-01,2020,2,1,Kollam,South,8.89,76.6,Oil Sardine,642.2,4644.8,138.26,28.86,34.45,1.09,0.1,11.1,3.21,28.42,1.0,0.444,0.27,observed_and_verified_proxy
2020-02-01,2020,2,1,Kollam,South,8.89,76.6,Indian Mackerel,1640.44,4644.8,353.17,28.86,34.45,1.09,0.1,11.1,3.21,28.42,1.0,0.605,0.002,observed_and_verified_proxy
2020-02-01,2020,2,1,Kollam,South,8.89,76.6,Seer Fish,461.55,4644.8,99.37,28.86,34.45,1.09,0.1,11.1,3.21,28.42,1.0,0.379,0.272,observed_and_verified_proxy
2020-02-01,2020,2,1,Kollam,South,8.89,76.6,Tuna,927.11,4644.8,199.6,28.86,34.45,1.09,0.1,11.1,3.21,28.42,1.0,0.513,0.224,observed_and_verified_proxy
2020-03-01,2020,3,1,Kollam,South,8.89,76.6,Oil Sardine,666.09,4487.3,148.44,29.49,34.4,1.39,0.2,25.2,2.61,29.82,1.0,0.436,0.237,observed_and_verified_proxy
2020-03-01,2020,3,1,Kollam,South,8.89,76.6,Indian Mackerel,1595.01,4487.3,355.45,29.49,34.4,1.39,0.2,25.2,2.61,29.82,1.0,0.581,0.0,observed_and_verified_proxy
2020-03-01,2020,3,1,Kollam,South,8.89,76.6,Seer Fish,461.75,4487.3,102.9,29.49,34.4,1.39,0.2,25.2,2.61,29.82,1.0,0.366,0.248,observed_and_verified_proxy
2020-03-01,2020,3,1,Kollam,South,8.89,76.6,Tuna,957.77,4487.3,213.44,29.49,34.4,1.39,0.2,25.2,2.61,29.82,1.0,0.501,0.178,observed_and_verified_proxy
2020-04-01,2020,4,2,Kollam,South,8.89,76.6,Oil Sardine,441.34,2928.1,150.73,29.85,34.12,1.89,0.35,91.2,2.65,30.11,1.05,0.233,0.0,observed_and_verified_proxy
2020-04-01,2020,4,2,Kollam,South,8.89,76.6,Indian Mackerel,896.23,2928.1,306.08,29.85,34.12,1.89,0.35,91.2,2.65,30.11,1.05,0.32,0.0,observed_and_verified_proxy
2020-04-01,2020,4,2,Kollam,South,8.89,76.6,Seer Fish,285.8,2928.1,97.61,29.85,34.12,1.89,0.35,91.2,2.65,30.11,1.05,0.181,0.019,observed_and_verified_proxy
2020-04-01,2020,4,2,Kollam,South,8.89,76.6,Tuna,342.3,2928.1,116.9,29.85,34.12,1.89,0.35,91.2,2.65,30.11,1.05,0.202,0.003,observed_and_verified_proxy
2020-05-01,2020,5,2,Kollam,South,8.89,76.6,Oil Sardine,546.21,2769.1,197.25,29.77,33.21,3.01,0.65,310.2,4.09,28.54,1.36,0.246,0.0,observed_and_verified_proxy
2020-05-01,2020,5,2,Kollam,South,8.89,76.6,Indian Mackerel,844.41,2769.1,304.94,29.77,33.21,3.01,0.65,310.2,4.09,28.54,1.36,0.296,0.0,observed_and_verified_proxy
2020-05-01,2020,5,2,Kollam,South,8.89,76.6,Seer Fish,285.37,2769.1,103.06,29.77,33.21,3.01,0.65,310.2,4.09,28.54,1.36,0.171,0.0,observed_and_verified_proxy
2020-05-01,2020,5,2,Kollam,South,8.89,76.6,Tuna,323.97,2769.1,116.99,29.77,33.21,3.01,0.65,310.2,4.09,28.54,1.36,0.185,0.0,observed_and_verified_proxy
2020-06-01,2020,6,2,Kollam,South,8.89,76.6,Oil Sardine,664.69,2702.1,245.99,28.91,33.52,3.75,0.95,234.9,5.18,27.03,2.21,0.262,0.0,observed_and_verified_proxy
2020-06-01,2020,6,2,Kollam,South,8.89,76.6,Indian Mackerel,815.39,2702.1,301.76,28.91,33.52,3.75,0.95,234.9,5.18,27.03,2.21,0.285,0.0,observed_and_verified_proxy
2020-06-01,2020,6,2,Kollam,South,8.89,76.6,Seer Fish,264.59,2702.1,97.92,28.91,33.52,3.75,0.95,234.9,5.18,27.03,2.21,0.159,0.0,observed_and_verified_proxy
2020-06-01,2020,6,2,Kollam,South,8.89,76.6,Tuna,351.18,2702.1,129.96,28.91,33.52,3.75,0.95,234.9,5.18,27.03,2.21,0.19,0.0,observed_and_verified_proxy
2020-07-01,2020,7,3,Kollam,South,8.89,76.6,Oil Sardine,965.94,3209.0,301.01,27.27,33.76,3.82,1.0,177.9,4.74,26.01,2.8,0.36,0.0,observed_and_verified_proxy
2020-07-01,2020,7,3,Kollam,South,8.89,76.6,Indian Mackerel,1299.89,3209.0,405.07,27.27,33.76,3.82,1.0,177.9,4.74,26.01,2.8,0.394,0.0,observed_and_verified_proxy
2020-07-01,2020,7,3,Kollam,South,8.89,76.6,Seer Fish,574.43,3209.0,179.01,27.27,33.76,3.82,1.0,177.9,4.74,26.01,2.8,0.292,0.0,observed_and_verified_proxy
2020-07-01,2020,7,3,Kollam,South,8.89,76.6,Tuna,501.49,3209.0,156.27,27.27,33.76,3.82,1.0,177.9,4.74,26.01,2.8,0.273,0.008,observed_and_verified_proxy
2020-08-01,2020,8,3,Kollam,South,8.89,76.6,Oil Sardine,903.11,3516.3,256.84,26.55,33.82,3.52,0.9,163.2,5.0,26.11,2.21,0.385,0.0,observed_and_verified_proxy
2020-08-01,2020,8,3,Kollam,South,8.89,76.6,Indian Mackerel,1329.03,3516.3,377.97,26.55,33.82,3.52,0.9,163.2,5.0,26.11,2.21,0.435,0.0,observed_and_verified_proxy
2020-08-01,2020,8,3,Kollam,South,8.89,76.6,Seer Fish,537.82,3516.3,152.95,26.55,33.82,3.52,0.9,163.2,5.0,26.11,2.21,0.31,0.063,observed_and_verified_proxy
2020-08-01,2020,8,3,Kollam,South,8.89,76.6,Tuna,506.26,3516.3,143.98,26.55,33.82,3.52,0.9,163.2,5.0,26.11,2.21,0.301,0.071,observed_and_verified_proxy
2020-09-01,2020,9,3,Kollam,South,8.89,76.6,Oil Sardine,847.17,3517.9,240.82,26.93,32.58,3.06,0.6,461.1,4.88,26.2,1.36,0.376,0.0,observed_and_verified_proxy
2020-09-01,2020,9,3,Kollam,South,8.89,76.6,Indian Mackerel,1316.18,3517.9,374.14,26.93,32.58,3.06,0.6,461.1,4.88,26.2,1.36,0.434,0.0,observed_and_verified_proxy
2020-09-01,2020,9,3,Kollam,South,8.89,76.6,Seer Fish,570.78,3517.9,162.25,26.93,32.58,3.06,0.6,461.1,4.88,26.2,1.36,0.319,0.054,observed_and_verified_proxy
2020-09-01,2020,9,3,Kollam,South,8.89,76.6,Tuna,513.45,3517.9,145.95,26.93,32.58,3.06,0.6,461.1,4.88,26.2,1.36,0.303,0.07,observed_and_verified_proxy
2020-10-01,2020,10,4,Kollam,South,8.89,76.6,Oil Sardine,966.04,5570.0,173.44,27.07,33.91,1.82,0.3,142.5,4.37,26.13,1.05,0.624,0.426,observed_and_verified_proxy
2020-10-01,2020,10,4,Kollam,South,8.89,76.6,Indian Mackerel,1917.42,5570.0,344.24,27.07,33.91,1.82,0.3,142.5,4.37,26.13,1.05,0.751,0.212,observed_and_verified_proxy
2020-10-01,2020,10,4,Kollam,South,8.89,76.6,Seer Fish,806.14,5570.0,144.73,27.07,33.91,1.82,0.3,142.5,4.37,26.13,1.05,0.585,0.438,observed_and_verified_proxy
2020-10-01,2020,10,4,Kollam,South,8.89,76.6,Tuna,1235.01,5570.0,221.73,27.07,33.91,1.82,0.3,142.5,4.37,26.13,1.05,0.674,0.384,observed_and_verified_proxy
2020-11-01,2020,11,4,Kollam,South,8.89,76.6,Oil Sardine,794.89,5167.4,153.83,27.14,33.71,1.37,0.12,190.5,3.12,26.87,1.0,0.539,0.359,observed_and_verified_proxy
2020-11-01,2020,11,4,Kollam,South,8.89,76.6,Indian Mackerel,2006.84,5167.4,388.37,27.14,33.71,1.37,0.12,190.5,3.12,26.87,1.0,0.704,0.052,observed_and_verified_proxy
2020-11-01,2020,11,4,Kollam,South,8.89,76.6,Seer Fish,810.59,5167.4,156.87,27.14,33.71,1.37,0.12,190.5,3.12,26.87,1.0,0.544,0.358,observed_and_verified_proxy
2020-11-01,2020,11,4,Kollam,South,8.89,76.6,Tuna,1282.4,5167.4,248.17,27.14,33.71,1.37,0.12,190.5,3.12,26.87,1.0,0.632,0.27,observed_and_verified_proxy
2020-12-01,2020,12,4,Kollam,South,8.89,76.6,Oil Sardine,809.42,5084.2,159.2,27.51,34.27,1.04,0.06,54.3,4.05,26.03,1.0,0.534,0.341,observed_and_verified_proxy
2020-12-01,2020,12,4,Kollam,South,8.89,76.6,Indian Mackerel,2140.44,5084.2,421.0,27.51,34.27,1.04,0.06,54.3,4.05,26.03,1.0,0.701,0.0,observed_and_verified_proxy
2020-12-01,2020,12,4,Kollam,South,8.89,76.6,Seer Fish,807.29,5084.2,158.79,27.51,34.27,1.04,0.06,54.3,4.05,26.03,1.0,0.534,0.341,observed_and_verified_proxy
2020-12-01,2020,12,4,Kollam,South,8.89,76.6,Tuna,1210.99,5084.2,238.19,27.51,34.27,1.04,0.06,54.3,4.05,26.03,1.0,0.612,0.266,observed_and_verified_proxy
2020-01-01,2020,1,1,Kannur,North,11.87,75.37,Oil Sardine,462.37,3385.1,136.59,28.14,34.49,0.94,0.05,3.0,2.23,27.11,1.0,0.352,0.154,observed_and_verified_proxy
2020-01-01,2020,1,1,Kannur,North,11.87,75.37,Indian Mackerel,1292.37,3385.1,381.78,28.14,34.49,0.94,0.05,3.0,2.23,27.11,1.0,0.528,0.0,observed_and_verified_proxy
2020-01-01,2020,1,1,Kannur,North,11.87,75.37,Seer Fish,363.81,3385.1,107.47,28.14,34.49,0.94,0.05,3.0,2.23,27.11,1.0,0.309,0.162,observed_and_verified_proxy
2020-01-01,2020,1,1,Kannur,North,11.87,75.37,Tuna,732.55,3385.1,216.4,28.14,34.49,0.94,0.05,3.0,2.23,27.11,1.0,0.435,0.085,observed_and_verified_proxy
2020-02-01,2020,2,1,Kannur,North,11.87,75.37,Oil Sardine,512.77,3527.6,145.36,28.86,34.48,1.09,0.1,4.2,2.53,28.28,1.0,0.387,0.18,observed_and_verified_proxy
2020-02-01,2020,2,1,Kannur,North,11.87,75.37,Indian Mackerel,1234.83,3527.6,350.05,28.86,34.48,1.09,0.1,4.2,2.53,28.28,1.0,0.543,0.0,observed_and_verified_proxy
2020-02-01,2020,2,1,Kannur,North,11.87,75.37,Seer Fish,359.21,3527.6,101.83,28.86,34.48,1.09,0.1,4.2,2.53,28.28,1.0,0.319,0.189,observed_and_verified_proxy
2020-02-01,2020,2,1,Kannur,North,11.87,75.37,Tuna,743.18,3527.6,210.68,28.86,34.48,1.09,0.1,4.2,2.53,28.28,1.0,0.456,0.125,observed_and_verified_proxy
2020-03-01,2020,3,1,Kannur,North,11.87,75.37,Oil Sardine,550.13,3304.9,166.46,29.49,34.43,1.38,0.2,15.9,2.7,29.15,1.0,0.375,0.117,observed_and_verified_proxy
2020-03-01,2020,3,1,Kannur,North,11.87,75.37,Indian Mackerel,1279.12,3304.9,387.03,29.49,34.43,1.38,0.2,15.9,2.7,29.15,1.0,0.514,0.0,observed_and_verified_proxy
2020-03-01,2020,3,1,Kannur,North,11.87,75.37,Seer Fish,350.2,3304.9,105.96,29.49,34.43,1.38,0.2,15.9,2.7,29.15,1.0,0.295,0.148,observed_and_verified_proxy
2020-03-01,2020,3,1,Kannur,North,11.87,75.37,Tuna,763.03,3304.9,230.88,29.49,34.43,1.38,0.2,15.9,2.7,29.15,1.0,0.432,0.049,observed_and_verified_proxy
2020-04-01,2020,4,2,Kannur,North,11.87,75.37,Oil Sardine,364.07,2023.7,179.9,29.85,34.28,1.84,0.35,51.9,2.45,29.62,1.05,0.185,0.0,observed_and_verified_proxy
2020-04-01,2020,4,2,Kannur,North,11.87,75.37,Indian Mackerel,751.55,2023.7,371.37,29.85,34.28,1.84,0.35,51.9,2.45,29.62,1.05,0.263,0.0,observed_and_verified_proxy
2020-04-01,2020,4,2,Kannur,North,11.87,75.37,Seer Fish,207.33,2023.7,102.45,29.85,34.28,1.84,0.35,51.9,2.45,29.62,1.05,0.128,0.0,observed_and_verified_proxy
2020-04-01,2020,4,2,Kannur,North,11.87,75.37,Tuna,262.87,2023.7,129.89,29.85,34.28,1.84,0.35,51.9,2.45,29.62,1.05,0.151,0.0,observed_and_verified_proxy
2020-05-01,2020,5,2,Kannur,North,11.87,75.37,Oil Sardine,440.51,2210.4,199.29,29.77,33.77,2.84,0.65,175.5,2.97,28.61,1.36,0.224,0.0,observed_and_verified_proxy
2020-05-01,2020,5,2,Kannur,North,11.87,75.37,Indian Mackerel,697.17,2210.4,315.4,29.77,33.77,2.84,0.65,175.5,2.97,28.61,1.36,0.279,0.0,observed_and_verified_proxy
2020-05-01,2020,5,2,Kannur,North,11.87,75.37,Seer Fish,207.98,2210.4,94.09,29.77,33.77,2.84,0.65,175.5,2.97,28.61,1.36,0.141,0.0,observed_and_verified_proxy
2020-05-01,2020,5,2,Kannur,North,11.87,75.37,Tuna,279.0,2210.4,126.22,29.77,33.77,2.84,0.65,175.5,2.97,28.61,1.36,0.171,0.0,observed_and_verified_proxy
2020-06-01,2020,6,2,Kannur,North,11.87,75.37,Oil Sardine,493.69,2297.2,214.9,28.91,32.77,3.98,0.95,415.8,3.31,26.7,2.21,0.247,0.0,observed_and_verified_proxy
2020-06-01,2020,6,2,Kannur,North,11.87,75.37,Indian Mackerel,686.22,2297.2,298.71,28.91,32.77,3.98,0.95,415.8,3.31,26.7,2.21,0.288,0.0,observed_and_verified_proxy
2020-06-01,2020,6,2,Kannur,North,11.87,75.37,Seer Fish,210.94,2297.2,91.82,28.91,32.77,3.98,0.95,415.8,3.31,26.7,2.21,0.148,0.0,observed_and_verified_proxy
2020-06-01,2020,6,2,Kannur,North,11.87,75.37,Tuna,273.25,2297.2,118.95,28.91,32.77,3.98,0.95,415.8,3.31,26.7,2.21,0.176,0.0,observed_and_verified_proxy
2020-07-01,2020,7,3,Kannur,North,11.87,75.37,Oil Sardine,792.58,2646.1,299.53,27.27,32.43,4.22,1.0,497.7,3.3,25.63,2.8,0.351,0.0,observed_and_verified_proxy
2020-07-01,2020,7,3,Kannur,North,11.87,75.37,Indian Mackerel,955.44,2646.1,361.08,27.27,32.43,4.22,1.0,497.7,3.3,25.63,2.8,0.376,0.0,observed_and_verified_proxy
2020-07-01,2020,7,3,Kannur,North,11.87,75.37,Seer Fish,435.85,2646.1,164.71,27.27,32.43,4.22,1.0,497.7,3.3,25.63,2.8,0.267,0.0,observed_and_verified_proxy
2020-07-01,2020,7,3,Kannur,North,11.87,75.37,Tuna,382.26,2646.1,144.46,27.27,32.43,4.22,1.0,497.7,3.3,25.63,2.8,0.248,0.002,observed_and_verified_proxy
2020-08-01,2020,8,3,Kannur,North,11.87,75.37,Oil Sardine,777.46,2778.8,279.78,26.55,32.38,3.96,0.9,508.8,3.43,25.75,2.21,0.366,0.0,observed_and_verified_proxy
2020-08-01,2020,8,3,Kannur,North,11.87,75.37,Indian Mackerel,1034.32,2778.8,372.22,26.55,32.38,3.96,0.9,508.8,3.43,25.75,2.21,0.405,0.0,observed_and_verified_proxy
2020-08-01,2020,8,3,Kannur,North,11.87,75.37,Seer Fish,428.66,2778.8,154.26,26.55,32.38,3.96,0.9,508.8,3.43,25.75,2.21,0.278,0.018,observed_and_verified_proxy
2020-08-01,2020,8,3,Kannur,North,11.87,75.37,Tuna,397.29,2778.8,142.97,26.55,32.38,3.96,0.9,508.8,3.43,25.75,2.21,0.266,0.028,observed_and_verified_proxy
2020-09-01,2020,9,3,Kannur,North,11.87,75.37,Oil Sardine,651.91,2447.9,266.31,26.93,32.58,3.06,0.6,460.2,2.85,25.47,1.36,0.3,0.0,observed_and_verified_proxy
2020-09-01,2020,9,3,Kannur,North,11.87,75.37,Indian Mackerel,1065.03,2447.9,435.07,26.93,32.58,3.06,0.6,460.2,2.85,25.47,1.36,0.361,0.0,observed_and_verified_proxy
2020-09-01,2020,9,3,Kannur,North,11.87,75.37,Seer Fish,425.27,2447.9,173.72,26.93,32.58,3.06,0.6,460.2,2.85,25.47,1.36,0.244,0.0,observed_and_verified_proxy
2020-09-01,2020,9,3,Kannur,North,11.87,75.37,Tuna,408.99,2447.9,167.07,26.93,32.58,3.06,0.6,460.2,2.85,25.47,1.36,0.238,0.0,observed_and_verified_proxy
2020-10-01,2020,10,4,Kannur,North,11.87,75.37,Oil Sardine,732.12,4445.1,164.7,27.07,33.63,1.9,0.3,209.7,2.64,25.74,1.05,0.572,0.377,observed_and_verified_proxy
2020-10-01,2020,10,4,Kannur,North,11.87,75.37,Indian Mackerel,1564.48,4445.1,351.96,27.07,33.63,1.9,0.3,209.7,2.64,25.74,1.05,0.729,0.166,observed_and_verified_proxy
2020-10-01,2020,10,4,Kannur,North,11.87,75.37,Seer Fish,627.18,4445.1,141.1,27.07,33.63,1.9,0.3,209.7,2.64,25.74,1.05,0.535,0.382,observed_and_verified_proxy
2020-10-01,2020,10,4,Kannur,North,11.87,75.37,Tuna,982.39,4445.1,221.01,27.07,33.63,1.9,0.3,209.7,2.64,25.74,1.05,0.638,0.338,observed_and_verified_proxy
2020-11-01,2020,11,4,Kannur,North,11.87,75.37,Oil Sardine,664.4,4489.0,148.01,27.14,33.99,1.29,0.12,122.4,1.78,26.55,1.0,0.554,0.392,observed_and_verified_proxy
2020-11-01,2020,11,4,Kannur,North,11.87,75.37,Indian Mackerel,1685.62,4489.0,375.5,27.14,33.99,1.29,0.12,122.4,1.78,26.55,1.0,0.749,0.14,observed_and_verified_proxy
2020-11-01,2020,11,4,Kannur,North,11.87,75.37,Seer Fish,611.47,4489.0,136.22,27.14,33.99,1.29,0.12,122.4,1.78,26.55,1.0,0.535,0.392,observed_and_verified_proxy
2020-11-01,2020,11,4,Kannur,North,11.87,75.37,Tuna,962.67,4489.0,214.45,27.14,33.99,1.29,0.12,122.4,1.78,26.55,1.0,0.639,0.355,observed_and_verified_proxy
2020-12-01,2020,12,4,Kannur,North,11.87,75.37,Oil Sardine,649.32,3926.8,165.36,27.51,34.29,1.03,0.06,49.5,1.74,26.47,1.0,0.48,0.257,observed_and_verified_proxy
2020-12-01,2020,12,4,Kannur,North,11.87,75.37,Indian Mackerel,1598.69,3926.8,407.13,27.51,34.29,1.03,0.06,49.5,1.74,26.47,1.0,0.647,0.0,observed_and_verified_proxy
2020-12-01,2020,12,4,Kannur,North,11.87,75.37,Seer Fish,596.81,3926.8,151.99,27.51,34.29,1.03,0.06,49.5,1.74,26.47,1.0,0.462,0.263,observed_and_verified_proxy
2020-12-01,2020,12,4,Kannur,North,11.87,75.37,Tuna,1010.48,3926.8,257.33,27.51,34.29,1.03,0.06,49.5,1.74,26.47,1.0,0.569,0.167,observed_and_verified_proxy
2020-01-01,2020,1,1,Thiruvananthapuram,South,8.52,76.94,Oil Sardine,387.48,2656.2,145.88,28.14,34.34,0.99,0.05,39.0,3.23,26.6,1.0,0.307,0.075,observed_and_verified_proxy
2020-01-01,2020,1,1,Thiruvananthapuram,South,8.52,76.94,Indian Mackerel,986.52,2656.2,371.4,28.14,34.34,0.99,0.05,39.0,3.23,26.6,1.0,0.466,0.0,observed_and_verified_proxy
2020-01-01,2020,1,1,Thiruvananthapuram,South,8.52,76.94,Seer Fish,298.21,2656.2,112.27,28.14,34.34,0.99,0.05,39.0,3.23,26.6,1.0,0.263,0.092,observed_and_verified_proxy
2020-01-01,2020,1,1,Thiruvananthapuram,South,8.52,76.94,Tuna,586.57,2656.2,220.83,28.14,34.34,0.99,0.05,39.0,3.23,26.6,1.0,0.379,0.002,observed_and_verified_proxy
2020-02-01,2020,2,1,Thiruvananthapuram,South,8.52,76.94,Oil Sardine,386.09,2602.8,148.34,28.86,34.45,1.09,0.1,11.1,3.21,28.42,1.0,0.3,0.06,observed_and_verified_proxy
2020-02-01,2020,2,1,Thiruvananthapuram,South,8.52,76.94,Indian Mackerel,1051.93,2602.8,404.15,28.86,34.45,1.09,0.1,11.1,3.21,28.42,1.0,0.467,0.0,observed_and_verified_proxy
2020-02-01,2020,2,1,Thiruvananthapuram,South,8.52,76.94,Seer Fish,283.59,2602.8,108.95,28.86,34.45,1.09,0.1,11.1,3.21,28.42,1.0,0.249,0.082,observed_and_verified_proxy
2020-02-01,2020,2,1,Thiruvananthapuram,South,8.52,76.94,Tuna,590.7,2602.8,226.95,28.86,34.45,1.09,0.1,11.1,3.21,28.42,1.0,0.373,0.0,observed_and_verified_proxy
2020-03-01,2020,3,1,Thiruvananthapuram,South,8.52,76.94,Oil Sardine,437.13,2865.5,152.55,29.49,34.4,1.39,0.2,25.2,2.61,29.82,1.0,0.354,0.121,observed_and_verified_proxy
2020-03-01,2020,3,1,Thiruvananthapuram,South,8.52,76.94,Indian Mackerel,960.89,2865.5,335.33,29.49,34.4,1.39,0.2,25.2,2.61,29.82,1.0,0.499,0.0,observed_and_verified_proxy
2020-03-01,2020,3,1,Thiruvananthapuram,South,8.52,76.94,Seer Fish,299.19,2865.5,104.41,29.49,34.4,1.39,0.2,25.2,2.61,29.82,1.0,0.284,0.137,observed_and_verified_proxy
2020-03-01,2020,3,1,Thiruvananthapuram,South,8.52,76.94,Tuna,603.17,2865.5,210.49,29.49,34.4,1.39,0.2,25.2,2.61,29.82,1.0,0.414,0.071,observed_and_verified_proxy
2020-04-01,2020,4,2,Thiruvananthapuram,South,8.52,76.94,Oil Sardine,306.65,1736.6,176.58,29.85,34.12,1.89,0.35,91.2,2.65,30.11,1.05,0.175,0.0,observed_and_verified_proxy
2020-04-01,2020,4,2,Thiruvananthapuram,South,8.52,76.94,Indian Mackerel,605.48,1736.6,348.65,29.85,34.12,1.89,0.35,91.2,2.65,30.11,1.05,0.252,0.0,observed_and_verified_proxy
2020-04-01,2020,4,2,Thiruvananthapuram,South,8.52,76.94,Seer Fish,177.28,1736.6,102.08,29.85,34.12,1.89,0.35,91.2,2.65,30.11,1.05,0.12,0.0,observed_and_verified_proxy
2020-04-01,2020,4,2,Thiruvananthapuram,South,8.52,76.94,Tuna,220.39,1736.6,126.9,29.85,34.12,1.89,0.35,91.2,2.65,30.11,1.05,0.141,0.0,observed_and_verified_proxy
2020-05-01,2020,5,2,Thiruvananthapuram,South,8.52,76.94,Oil Sardine,354.98,1708.2,207.81,29.77,33.21,3.01,0.65,310.2,4.09,28.54,1.36,0.188,0.0,observed_and_verified_proxy
2020-05-01,2020,5,2,Thiruvananthapuram,South,8.52,76.94,Indian Mackerel,596.28,1708.2,349.06,29.77,33.21,3.01,0.65,310.2,4.09,28.54,1.36,0.246,0.0,observed_and_verified_proxy
2020-05-01,2020,5,2,Thiruvananthapuram,South,8.52,76.94,Seer Fish,170.05,1708.2,99.55,29.77,33.21,3.01,0.65,310.2,4.09,28.54,1.36,0.115,0.0,observed_and_verified_proxy
2020-05-01,2020,5,2,Thiruvananthapuram,South,8.52,76.94,Tuna,211.84,1708.2,124.02,29.77,33.21,3.01,0.65,310.2,4.09,28.54,1.36,0.134,0.0,observed_and_verified_proxy
2020-06-01,2020,6,2,Thiruvananthapuram,South,8.52,76.94,Oil Sardine,421.49,1736.2,242.77,28.91,33.52,3.75,0.95,234.9,5.18,27.03,2.21,0.21,0.0,observed_and_verified_proxy
2020-06-01,2020,6,2,Thiruvananthapuram,South,8.52,76.94,Indian Mackerel,526.53,1736.2,303.26,28.91,33.52,3.75,0.95,234.9,5.18,27.03,2.21,0.236,0.0,observed_and_verified_proxy
2020-06-01,2020,6,2,Thiruvananthapuram,South,8.52,76.94,Seer Fish,169.76,1736.2,97.78,28.91,33.52,3.75,0.95,234.9,5.18,27.03,2.21,0.116,0.0,observed_and_verified_proxy
2020-06-01,2020,6,2,Thiruvananthapuram,South,8.52,76.94,Tuna,217.36,1736.2,125.19,28.91,33.52,3.75,0.95,234.9,5.18,27.03,2.21,0.139,0.0,observed_and_verified_proxy
2020-07-01,2020,7,3,Thiruvananthapuram,South,8.52,76.94,Oil Sardine,660.61,2185.1,302.32,27.27,33.76,3.82,1.0,177.9,4.74,26.01,2.8,0.329,0.0,observed_and_verified_proxy
2020-07-01,2020,7,3,Thiruvananthapuram,South,8.52,76.94,Indian Mackerel,764.53,2185.1,349.88,27.27,33.76,3.82,1.0,177.9,4.74,26.01,2.8,0.35,0.0,observed_and_verified_proxy
2020-07-01,2020,7,3,Thiruvananthapuram,South,8.52,76.94,Seer Fish,350.91,2185.1,160.59,27.27,33.76,3.82,1.0,177.9,4.74,26.01,2.8,0.238,0.0,observed_and_verified_proxy
2020-07-01,2020,7,3,Thiruvananthapuram,South,8.52,76.94,Tuna,340.76,2185.1,155.94,27.27,33.76,3.82,1.0,177.9,4.74,26.01,2.8,0.234,0.0,observed_and_verified_proxy
2020-08-01,2020,8,3,Thiruvananthapuram,South,8.52,76.94,Oil Sardine,586.61,2250.4,260.67,26.55,33.82,3.52,0.9,163.2,5.0,26.11,2.21,0.321,0.0,observed_and_verified_proxy
2020-08-01,2020,8,3,Thiruvananthapuram,South,8.52,76.94,Indian Mackerel,780.69,2250.4,346.91,26.55,33.82,3.52,0.9,163.2,5.0,26.11,2.21,0.363,0.0,observed_and_verified_proxy
2020-08-01,2020,8,3,Thiruvananthapuram,South,8.52,76.94,Seer Fish,345.77,2250.4,153.65,26.55,33.82,3.52,0.9,163.2,5.0,26.11,2.21,0.243,0.0,observed_and_verified_proxy
2020-08-01,2020,8,3,Thiruvananthapuram,South,8.52,76.94,Tuna,336.49,2250.4,149.53,26.55,33.82,3.52,0.9,163.2,5.0,26.11,2.21,0.239,0.0,observed_and_verified_proxy
2020-09-01,2020,9,3,Thiruvananthapuram,South,8.52,76.94,Oil Sardine,501.75,2202.0,227.86,26.93,32.58,3.06,0.6,461.1,4.88,26.2,1.36,0.292,0.0,observed_and_verified_proxy
2020-09-01,2020,9,3,Thiruvananthapuram,South,8.52,76.94,Indian Mackerel,825.04,2202.0,374.67,26.93,32.58,3.06,0.6,461.1,4.88,26.2,1.36,0.363,0.0,observed_and_verified_proxy
2020-09-01,2020,9,3,Thiruvananthapuram,South,8.52,76.94,Seer Fish,355.52,2202.0,161.45,26.93,32.58,3.06,0.6,461.1,4.88,26.2,1.36,0.242,0.0,observed_and_verified_proxy
2020-09-01,2020,9,3,Thiruvananthapuram,South,8.52,76.94,Tuna,341.92,2202.0,155.28,26.93,32.58,3.06,0.6,461.1,4.88,26.2,1.36,0.237,0.0,observed_and_verified_proxy
2020-10-01,2020,10,4,Thiruvananthapuram,South,8.52,76.94,Oil Sardine,628.88,3587.5,175.3,27.07,33.91,1.82,0.3,142.5,4.37,26.13,1.05,0.529,0.298,observed_and_verified_proxy
2020-10-01,2020,10,4,Thiruvananthapuram,South,8.52,76.94,Indian Mackerel,1262.01,3587.5,351.78,27.07,33.91,1.82,0.3,142.5,4.37,26.13,1.05,0.68,0.102,observed_and_verified_proxy
2020-10-01,2020,10,4,Thiruvananthapuram,South,8.52,76.94,Seer Fish,528.82,3587.5,147.41,27.07,33.91,1.82,0.3,142.5,4.37,26.13,1.05,0.488,0.307,observed_and_verified_proxy
2020-10-01,2020,10,4,Thiruvananthapuram,South,8.52,76.94,Tuna,832.79,3587.5,232.14,27.07,33.91,1.82,0.3,142.5,4.37,26.13,1.05,0.593,0.255,observed_and_verified_proxy
2020-11-01,2020,11,4,Thiruvananthapuram,South,8.52,76.94,Oil Sardine,543.16,3585.2,151.5,27.14,33.71,1.37,0.12,190.5,3.12,26.87,1.0,0.494,0.305,observed_and_verified_proxy
2020-11-01,2020,11,4,Thiruvananthapuram,South,8.52,76.94,Indian Mackerel,1334.56,3585.2,372.24,27.14,33.71,1.37,0.12,190.5,3.12,26.87,1.0,0.69,0.07,observed_and_verified_proxy
2020-11-01,2020,11,4,Thiruvananthapuram,South,8.52,76.94,Seer Fish,517.43,3585.2,144.32,27.14,33.71,1.37,0.12,190.5,3.12,26.87,1.0,0.482,0.306,observed_and_verified_proxy
2020-11-01,2020,11,4,Thiruvananthapuram,South,8.52,76.94,Tuna,815.44,3585.2,227.45,27.14,33.71,1.37,0.12,190.5,3.12,26.87,1.0,0.588,0.259,observed_and_verified_proxy
2020-12-01,2020,12,4,Thiruvananthapuram,South,8.52,76.94,Oil Sardine,534.46,3240.3,164.94,27.51,34.27,1.04,0.06,54.3,4.05,26.03,1.0,0.443,0.209,observed_and_verified_proxy
2020-12-01,2020,12,4,Thiruvananthapuram,South,8.52,76.94,Indian Mackerel,1354.46,3240.3,418.01,27.51,34.27,1.04,0.06,54.3,4.05,26.03,1.0,0.626,0.0,observed_and_verified_proxy
2020-12-01,2020,12,4,Thiruvananthapuram,South,8.52,76.94,Seer Fish,493.1,3240.3,152.18,27.51,34.27,1.04,0.06,54.3,4.05,26.03,1.0,0.426,0.215,observed_and_verified_proxy
2020-12-01,2020,12,4,Thiruvananthapuram,South,8.52,76.94,Tuna,828.7,3240.3,255.75,27.51,34.27,1.04,0.06,54.3,4.05,26.03,1.0,0.535,0.127,observed_and_verified_proxy
2020-01-01,2020,1,1,Malappuram,North,11.07,76.07,Oil Sardine,295.61,2153.3,137.29,28.14,34.49,0.94,0.05,3.0,2.23,27.11,1.0,0.272,0.049,observed_and_verified_proxy
2020-01-01,2020,1,1,Malappuram,North,11.07,76.07,Indian Mackerel,768.49,2153.3,356.9,28.14,34.49,0.94,0.05,3.0,2.23,27.11,1.0,0.444,0.0,observed_and_verified_proxy
2020-01-01,2020,1,1,Malappuram,North,11.07,76.07,Seer Fish,214.99,2153.3,99.84,28.14,34.49,0.94,0.05,3.0,2.23,27.11,1.0,0.22,0.064,observed_and_verified_proxy
2020-01-01,2020,1,1,Malappuram,North,11.07,76.07,Tuna,461.99,2153.3,214.55,28.14,34.49,0.94,0.05,3.0,2.23,27.11,1.0,0.352,0.0,observed_and_verified_proxy
2020-02-01,2020,2,1,Malappuram,North,11.07,76.07,Oil Sardine,302.18,2014.4,150.01,28.86,34.48,1.09,0.1,4.2,2.53,28.28,1.0,0.258,0.002,observed_and_verified_proxy
2020-02-01,2020,2,1,Malappuram,North,11.07,76.07,Indian Mackerel,811.13,2014.4,402.66,28.86,34.48,1.09,0.1,4.2,2.53,28.28,1.0,0.424,0.0,observed_and_verified_proxy
2020-02-01,2020,2,1,Malappuram,North,11.07,76.07,Seer Fish,220.32,2014.4,109.37,28.86,34.48,1.09,0.1,4.2,2.53,28.28,1.0,0.21,0.029,observed_and_verified_proxy
2020-02-01,2020,2,1,Malappuram,North,11.07,76.07,Tuna,493.72,2014.4,245.09,28.86,34.48,1.09,0.1,4.2,2.53,28.28,1.0,0.34,0.0,observed_and_verified_proxy
2020-03-01,2020,3,1,Malappuram,North,11.07,76.07,Oil Sardine,353.91,2061.9,171.64,29.49,34.43,1.38,0.2,15.9,2.7,29.15,1.0,0.291,0.0,observed_and_verified_proxy
2020-03-01,2020,3,1,Malappuram,North,11.07,76.07,Indian Mackerel,810.23,2061.9,392.95,29.49,34.43,1.38,0.2,15.9,2.7,29.15,1.0,0.434,0.0,observed_and_verified_proxy
2020-03-01,2020,3,1,Malappuram,North,11.07,76.07,Seer Fish,212.49,2061.9,103.05,29.49,34.43,1.38,0.2,15.9,2.7,29.15,1.0,0.209,0.043,observed_and_verified_proxy
2020-03-01,2020,3,1,Malappuram,North,11.07,76.07,Tuna,491.87,2061.9,238.55,29.49,34.43,1.38,0.2,15.9,2.7,29.15,1.0,0.348,0.0,observed_and_verified_proxy
2020-04-01,2020,4,2,Malappuram,North,11.07,76.07,Oil Sardine,232.22,1454.8,159.63,29.85,34.28,1.84,0.35,51.9,2.45,29.62,1.05,0.157,0.0,observed_and_verified_proxy
2020-04-01,2020,4,2,Malappuram,North,11.07,76.07,Indian Mackerel,477.99,1454.8,328.56,29.85,34.28,1.84,0.35,51.9,2.45,29.62,1.05,0.242,0.0,observed_and_verified_proxy
2020-04-01,2020,4,2,Malappuram,North,11.07,76.07,Seer Fish,134.43,1454.8,92.41,29.85,34.28,1.84,0.35,51.9,2.45,29.62,1.05,0.105,0.0,observed_and_verified_proxy
2020-04-01,2020,4,2,Malappuram,North,11.07,76.07,Tuna,170.85,1454.8,117.44,29.85,34.28,1.84,0.35,51.9,2.45,29.62,1.05,0.126,0.0,observed_and_verified_proxy
2020-05-01,2020,5,2,Malappuram,North,11.07,76.07,Oil Sardine,272.83,1305.3,209.01,29.77,33.77,2.84,0.65,175.5,2.97,28.61,1.36,0.157,0.0,observed_and_verified_proxy
2020-05-01,2020,5,2,Malappuram,North,11.07,76.07,Indian Mackerel,457.79,1305.3,350.7,29.77,33.77,2.84,0.65,175.5,2.97,28.61,1.36,0.212,0.0,observed_and_verified_proxy
2020-05-01,2020,5,2,Malappuram,North,11.07,76.07,Seer Fish,134.86,1305.3,103.31,29.77,33.77,2.84,0.65,175.5,2.97,28.61,1.36,0.094,0.0,observed_and_verified_proxy
2020-05-01,2020,5,2,Malappuram,North,11.07,76.07,Tuna,161.62,1305.3,123.82,29.77,33.77,2.84,0.65,175.5,2.97,28.61,1.36,0.108,0.0,observed_and_verified_proxy
2020-06-01,2020,6,2,Malappuram,North,11.07,76.07,Oil Sardine,311.94,1301.4,239.69,28.91,32.77,3.98,0.95,415.8,3.31,26.7,2.21,0.17,0.0,observed_and_verified_proxy
2020-06-01,2020,6,2,Malappuram,North,11.07,76.07,Indian Mackerel,419.24,1301.4,322.14,28.91,32.77,3.98,0.95,415.8,3.31,26.7,2.21,0.202,0.0,observed_and_verified_proxy
2020-06-01,2020,6,2,Malappuram,North,11.07,76.07,Seer Fish,130.71,1301.4,100.43,28.91,32.77,3.98,0.95,415.8,3.31,26.7,2.21,0.092,0.0,observed_and_verified_proxy
2020-06-01,2020,6,2,Malappuram,North,11.07,76.07,Tuna,163.83,1301.4,125.88,28.91,32.77,3.98,0.95,415.8,3.31,26.7,2.21,0.109,0.0,observed_and_verified_proxy
2020-07-01,2020,7,3,Malappuram,North,11.07,76.07,Oil Sardine,480.19,1623.7,295.73,27.27,32.43,4.22,1.0,497.7,3.3,25.63,2.8,0.271,0.0,observed_and_verified_proxy
2020-07-01,2020,7,3,Malappuram,North,11.07,76.07,Indian Mackerel,644.46,1623.7,396.9,27.27,32.43,4.22,1.0,497.7,3.3,25.63,2.8,0.311,0.0,observed_and_verified_proxy
2020-07-01,2020,7,3,Malappuram,North,11.07,76.07,Seer Fish,291.96,1623.7,179.81,27.27,32.43,4.22,1.0,497.7,3.3,25.63,2.8,0.204,0.0,observed_and_verified_proxy
2020-07-01,2020,7,3,Malappuram,North,11.07,76.07,Tuna,252.74,1623.7,155.65,27.27,32.43,4.22,1.0,497.7,3.3,25.63,2.8,0.185,0.0,observed_and_verified_proxy
2020-08-01,2020,8,3,Malappuram,North,11.07,76.07,Oil Sardine,483.66,1633.4,296.11,26.55,32.38,3.96,0.9,508.8,3.43,25.75,2.21,0.273,0.0,observed_and_verified_proxy
2020-08-01,2020,8,3,Malappuram,North,11.07,76.07,Indian Mackerel,618.01,1633.4,378.36,26.55,32.38,3.96,0.9,508.8,3.43,25.75,2.21,0.307,0.0,observed_and_verified_proxy
2020-08-01,2020,8,3,Malappuram,North,11.07,76.07,Seer Fish,282.3,1633.4,172.83,26.55,32.38,3.96,0.9,508.8,3.43,25.75,2.21,0.2,0.0,observed_and_verified_proxy
2020-08-01,2020,8,3,Malappuram,North,11.07,76.07,Tuna,251.2,1633.4,153.79,26.55,32.38,3.96,0.9,508.8,3.43,25.75,2.21,0.186,0.0,observed_and_verified_proxy
2020-09-01,2020,9,3,Malappuram,North,11.07,76.07,Oil Sardine,406.23,1652.0,245.91,26.93,32.58,3.06,0.6,460.2,2.85,25.47,1.36,0.252,0.0,observed_and_verified_proxy
2020-09-01,2020,9,3,Malappuram,North,11.07,76.07,Indian Mackerel,677.17,1652.0,409.92,26.93,32.58,3.06,0.6,460.2,2.85,25.47,1.36,0.323,0.0,observed_and_verified_proxy
2020-09-01,2020,9,3,Malappuram,North,11.07,76.07,Seer Fish,292.06,1652.0,176.79,26.93,32.58,3.06,0.6,460.2,2.85,25.47,1.36,0.207,0.0,observed_and_verified_proxy
2020-09-01,2020,9,3,Malappuram,North,11.07,76.07,Tuna,247.73,1652.0,149.96,26.93,32.58,3.06,0.6,460.2,2.85,25.47,1.36,0.186,0.0,observed_and_verified_proxy
2020-10-01,2020,10,4,Malappuram,North,11.07,76.07,Oil Sardine,463.16,2600.0,178.14,27.07,33.63,1.9,0.3,209.7,2.64,25.74,1.05,0.425,0.157,observed_and_verified_proxy
2020-10-01,2020,10,4,Malappuram,North,11.07,76.07,Indian Mackerel,991.02,2600.0,381.17,27.07,33.63,1.9,0.3,209.7,2.64,25.74,1.05,0.588,0.0,observed_and_verified_proxy
2020-10-01,2020,10,4,Malappuram,North,11.07,76.07,Seer Fish,397.26,2600.0,152.79,27.07,33.63,1.9,0.3,209.7,2.64,25.74,1.05,0.392,0.169,observed_and_verified_proxy
2020-10-01,2020,10,4,Malappuram,North,11.07,76.07,Tuna,603.59,2600.0,232.15,27.07,33.63,1.9,0.3,209.7,2.64,25.74,1.05,0.484,0.113,observed_and_verified_proxy
2020-11-01,2020,11,4,Malappuram,North,11.07,76.07,Oil Sardine,408.82,2607.3,156.8,27.14,33.99,1.29,0.12,122.4,1.78,26.55,1.0,0.399,0.17,observed_and_verified_proxy
2020-11-01,2020,11,4,Malappuram,North,11.07,76.07,Indian Mackerel,997.96,2607.3,382.76,27.14,33.99,1.29,0.12,122.4,1.78,26.55,1.0,0.591,0.0,observed_and_verified_proxy
2020-11-01,2020,11,4,Malappuram,North,11.07,76.07,Seer Fish,387.09,2607.3,148.47,27.14,33.99,1.29,0.12,122.4,1.78,26.55,1.0,0.387,0.173,observed_and_verified_proxy
2020-11-01,2020,11,4,Malappuram,North,11.07,76.07,Tuna,613.09,2607.3,235.15,27.14,33.99,1.29,0.12,122.4,1.78,26.55,1.0,0.488,0.112,observed_and_verified_proxy
2020-12-01,2020,12,4,Malappuram,North,11.07,76.07,Oil Sardine,383.59,2463.4,155.72,27.51,34.29,1.03,0.06,49.5,1.74,26.47,1.0,0.364,0.127,observed_and_verified_proxy
2020-12-01,2020,12,4,Malappuram,North,11.07,76.07,Indian Mackerel,1027.57,2463.4,417.14,27.51,34.29,1.03,0.06,49.5,1.74,26.47,1.0,0.564,0.0,observed_and_verified_proxy
2020-12-01,2020,12,4,Malappuram,North,11.07,76.07,Seer Fish,406.64,2463.4,165.07,27.51,34.29,1.03,0.06,49.5,1.74,26.47,1.0,0.376,0.122,observed_and_verified_proxy
2020-12-01,2020,12,4,Malappuram,North,11.07,76.07,Tuna,605.75,2463.4,245.9,27.51,34.29,1.03,0.06,49.5,1.74,26.47,1.0,0.459,0.05,observed_and_verified_proxy
2020-01-01,2020,1,1,Thrissur,Central,10.52,76.21,Oil Sardine,213.76,1618.3,132.09,28.14,34.46,0.95,0.05,9.6,1.95,28.23,1.0,0.231,0.006,observed_and_verified_proxy
2020-01-01,2020,1,1,Thrissur,Central,10.52,76.21,Indian Mackerel,599.61,1618.3,370.52,28.14,34.46,0.95,0.05,9.6,1.95,28.23,1.0,0.42,0.0,observed_and_verified_proxy
2020-01-01,2020,1,1,Thrissur,Central,10.52,76.21,Seer Fish,164.04,1618.3,101.36,28.14,34.46,0.95,0.05,9.6,1.95,28.23,1.0,0.19,0.022,observed_and_verified_proxy
2020-01-01,2020,1,1,Thrissur,Central,10.52,76.21,Tuna,342.67,1618.3,211.74,28.14,34.46,0.95,0.05,9.6,1.95,28.23,1.0,0.313,0.0,observed_and_verified_proxy
2020-02-01,2020,2,1,Thrissur,Central,10.52,76.21,Oil Sardine,221.26,1523.6,145.22,28.86,34.39,1.11,0.1,26.4,2.31,29.48,1.0,0.223,0.0,observed_and_verified_proxy
2020-02-01,2020,2,1,Thrissur,Central,10.52,76.21,Indian Mackerel,547.03,1523.6,359.04,28.86,34.39,1.11,0.1,26.4,2.31,29.48,1.0,0.379,0.0,observed_and_verified_proxy
2020-02-01,2020,2,1,Thrissur,Central,10.52,76.21,Seer Fish,158.34,1523.6,103.93,28.86,34.39,1.11,0.1,26.4,2.31,29.48,1.0,0.175,0.0,observed_and_verified_proxy
2020-02-01,2020,2,1,Thrissur,Central,10.52,76.21,Tuna,327.73,1523.6,215.1,28.86,34.39,1.11,0.1,26.4,2.31,29.48,1.0,0.287,0.0,observed_and_verified_proxy
2020-03-01,2020,3,1,Thrissur,Central,10.52,76.21,Oil Sardine,242.17,1555.9,155.65,29.49,34.28,1.42,0.2,51.6,2.66,29.9,1.0,0.242,0.0,observed_and_verified_proxy
2020-03-01,2020,3,1,Thrissur,Central,10.52,76.21,Indian Mackerel,546.07,1555.9,350.97,29.49,34.28,1.42,0.2,51.6,2.66,29.9,1.0,0.387,0.0,observed_and_verified_proxy
2020-03-01,2020,3,1,Thrissur,Central,10.52,76.21,Seer Fish,165.1,1555.9,106.11,29.49,34.28,1.42,0.2,51.6,2.66,29.9,1.0,0.184,0.003,observed_and_verified_proxy
2020-03-01,2020,3,1,Thrissur,Central,10.52,76.21,Tuna,327.23,1555.9,210.32,29.49,34.28,1.42,0.2,51.6,2.66,29.9,1.0,0.293,0.0,observed_and_verified_proxy
2020-04-01,2020,4,2,Thrissur,Central,10.52,76.21,Oil Sardine,170.06,970.2,175.29,29.85,34.1,1.9,0.35,96.9,2.61,30.13,1.05,0.117,0.0,observed_and_verified_proxy
2020-04-01,2020,4,2,Thrissur,Central,10.52,76.21,Indian Mackerel,336.93,970.2,347.29,29.85,34.1,1.9,0.35,96.9,2.61,30.13,1.05,0.186,0.0,observed_and_verified_proxy
2020-04-01,2020,4,2,Thrissur,Central,10.52,76.21,Seer Fish,93.64,970.2,96.52,29.85,34.1,1.9,0.35,96.9,2.61,30.13,1.05,0.073,0.0,observed_and_verified_proxy
2020-04-01,2020,4,2,Thrissur,Central,10.52,76.21,Tuna,122.53,970.2,126.29,29.85,34.1,1.9,0.35,96.9,2.61,30.13,1.05,0.091,0.0,observed_and_verified_proxy
2020-05-01,2020,5,2,Thrissur,Central,10.52,76.21,Oil Sardine,193.57,964.5,200.7,29.77,33.48,2.93,0.65,245.7,3.48,29.0,1.36,0.128,0.0,observed_and_verified_proxy
2020-05-01,2020,5,2,Thrissur,Central,10.52,76.21,Indian Mackerel,300.81,964.5,311.89,29.77,33.48,2.93,0.65,245.7,3.48,29.0,1.36,0.173,0.0,observed_and_verified_proxy
2020-05-01,2020,5,2,Thrissur,Central,10.52,76.21,Seer Fish,98.45,964.5,102.08,29.77,33.48,2.93,0.65,245.7,3.48,29.0,1.36,0.076,0.0,observed_and_verified_proxy
2020-05-01,2020,5,2,Thrissur,Central,10.52,76.21,Tuna,117.76,964.5,122.1,29.77,33.48,2.93,0.65,245.7,3.48,29.0,1.36,0.088,0.0,observed_and_verified_proxy
2020-06-01,2020,6,2,Thrissur,Central,10.52,76.21,Oil Sardine,225.71,907.0,248.86,28.91,32.84,3.96,0.95,398.4,3.99,27.33,2.21,0.134,0.0,observed_and_verified_proxy
2020-06-01,2020,6,2,Thrissur,Central,10.52,76.21,Indian Mackerel,297.47,907.0,327.99,28.91,32.84,3.96,0.95,398.4,3.99,27.33,2.21,0.161,0.0,observed_and_verified_proxy
2020-06-01,2020,6,2,Thrissur,Central,10.52,76.21,Seer Fish,94.74,907.0,104.46,28.91,32.84,3.96,0.95,398.4,3.99,27.33,2.21,0.069,0.0,observed_and_verified_proxy
2020-06-01,2020,6,2,Thrissur,Central,10.52,76.21,Tuna,115.77,907.0,127.64,28.91,32.84,3.96,0.95,398.4,3.99,27.33,2.21,0.081,0.0,observed_and_verified_proxy
2020-07-01,2020,7,3,Thrissur,Central,10.52,76.21,Oil Sardine,365.14,1265.3,288.57,27.27,32.4,4.23,1.0,505.2,3.71,26.19,2.8,0.254,0.0,observed_and_verified_proxy
2020-07-01,2020,7,3,Thrissur,Central,10.52,76.21,Indian Mackerel,431.25,1265.3,340.82,27.27,32.4,4.23,1.0,505.2,3.71,26.19,2.8,0.279,0.0,observed_and_verified_proxy
2020-07-01,2020,7,3,Thrissur,Central,10.52,76.21,Seer Fish,204.3,1265.3,161.46,27.27,32.4,4.23,1.0,505.2,3.71,26.19,2.8,0.175,0.0,observed_and_verified_proxy
2020-07-01,2020,7,3,Thrissur,Central,10.52,76.21,Tuna,176.66,1265.3,139.62,27.27,32.4,4.23,1.0,505.2,3.71,26.19,2.8,0.157,0.0,observed_and_verified_proxy
2020-08-01,2020,8,3,Thrissur,Central,10.52,76.21,Oil Sardine,332.36,1126.2,295.11,26.55,32.73,3.85,0.9,425.1,3.84,26.39,2.21,0.214,0.0,observed_and_verified_proxy
2020-08-01,2020,8,3,Thrissur,Central,10.52,76.21,Indian Mackerel,442.11,1126.2,392.55,26.55,32.73,3.85,0.9,425.1,3.84,26.39,2.21,0.252,0.0,observed_and_verified_proxy
2020-08-01,2020,8,3,Thrissur,Central,10.52,76.21,Seer Fish,192.36,1126.2,170.8,26.55,32.73,3.85,0.9,425.1,3.84,26.39,2.21,0.149,0.0,observed_and_verified_proxy
2020-08-01,2020,8,3,Thrissur,Central,10.52,76.21,Tuna,184.38,1126.2,163.71,26.55,32.73,3.85,0.9,425.1,3.84,26.39,2.21,0.144,0.0,observed_and_verified_proxy
2020-09-01,2020,9,3,Thrissur,Central,10.52,76.21,Oil Sardine,286.32,1131.3,253.09,26.93,32.41,3.11,0.6,502.5,3.59,26.3,1.36,0.196,0.0,observed_and_verified_proxy
2020-09-01,2020,9,3,Thrissur,Central,10.52,76.21,Indian Mackerel,486.27,1131.3,429.83,26.93,32.41,3.11,0.6,502.5,3.59,26.3,1.36,0.266,0.0,observed_and_verified_proxy
2020-09-01,2020,9,3,Thrissur,Central,10.52,76.21,Seer Fish,192.4,1131.3,170.07,26.93,32.41,3.11,0.6,502.5,3.59,26.3,1.36,0.15,0.0,observed_and_verified_proxy
2020-09-01,2020,9,3,Thrissur,Central,10.52,76.21,Tuna,189.6,1131.3,167.6,26.93,32.41,3.11,0.6,502.5,3.59,26.3,1.36,0.148,0.0,observed_and_verified_proxy
2020-10-01,2020,10,4,Thrissur,Central,10.52,76.21,Oil Sardine,352.54,1987.8,177.35,27.07,33.48,1.95,0.3,246.0,3.29,26.48,1.05,0.391,0.115,observed_and_verified_proxy
2020-10-01,2020,10,4,Thrissur,Central,10.52,76.21,Indian Mackerel,713.99,1987.8,359.19,27.07,33.48,1.95,0.3,246.0,3.29,26.48,1.05,0.557,0.0,observed_and_verified_proxy
2020-10-01,2020,10,4,Thrissur,Central,10.52,76.21,Seer Fish,294.97,1987.8,148.39,27.07,33.48,1.95,0.3,246.0,3.29,26.48,1.05,0.351,0.127,observed_and_verified_proxy
2020-10-01,2020,10,4,Thrissur,Central,10.52,76.21,Tuna,425.21,1987.8,213.91,27.07,33.48,1.95,0.3,246.0,3.29,26.48,1.05,0.435,0.09,observed_and_verified_proxy
2020-11-01,2020,11,4,Thrissur,Central,10.52,76.21,Oil Sardine,308.99,1910.1,161.77,27.14,33.85,1.33,0.12,155.1,1.92,27.56,1.0,0.347,0.092,observed_and_verified_proxy
2020-11-01,2020,11,4,Thrissur,Central,10.52,76.21,Indian Mackerel,772.71,1910.1,404.55,27.14,33.85,1.33,0.12,155.1,1.92,27.56,1.0,0.552,0.0,observed_and_verified_proxy
2020-11-01,2020,11,4,Thrissur,Central,10.52,76.21,Seer Fish,271.52,1910.1,142.15,27.14,33.85,1.33,0.12,155.1,1.92,27.56,1.0,0.32,0.1,observed_and_verified_proxy
2020-11-01,2020,11,4,Thrissur,Central,10.52,76.21,Tuna,459.18,1910.1,240.4,27.14,33.85,1.33,0.12,155.1,1.92,27.56,1.0,0.435,0.032,observed_and_verified_proxy
2020-12-01,2020,12,4,Thrissur,Central,10.52,76.21,Oil Sardine,281.29,1929.0,145.82,27.51,34.12,1.08,0.06,90.0,2.02,27.02,1.0,0.331,0.106,observed_and_verified_proxy
2020-12-01,2020,12,4,Thrissur,Central,10.52,76.21,Indian Mackerel,725.31,1929.0,376.0,27.51,34.12,1.08,0.06,90.0,2.02,27.02,1.0,0.544,0.0,observed_and_verified_proxy
2020-12-01,2020,12,4,Thrissur,Central,10.52,76.21,Seer Fish,282.55,1929.0,146.47,27.51,34.12,1.08,0.06,90.0,2.02,27.02,1.0,0.332,0.106,observed_and_verified_proxy
2020-12-01,2020,12,4,Thrissur,Central,10.52,76.21,Tuna,451.82,1929.0,234.23,27.51,34.12,1.08,0.06,90.0,2.02,27.02,1.0,0.436,0.046,observed_and_verified_proxy
2020-01-01,2020,1,1,Kasaragod,North,12.5,74.99,Oil Sardine,127.87,949.6,134.66,28.14,34.49,0.94,0.05,3.0,2.23,27.11,1.0,0.153,0.0,observed_and_verified_proxy
2020-01-01,2020,1,1,Kasaragod,North,12.5,74.99,Indian Mackerel,343.83,949.6,362.09,28.14,34.49,0.94,0.05,3.0,2.23,27.11,1.0,0.307,0.0,observed_and_verified_proxy
2020-01-01,2020,1,1,Kasaragod,North,12.5,74.99,Seer Fish,98.6,949.6,103.83,28.14,34.49,0.94,0.05,3.0,2.23,27.11,1.0,0.124,0.0,observed_and_verified_proxy
2020-01-01,2020,1,1,Kasaragod,North,12.5,74.99,Tuna,211.7,949.6,222.95,28.14,34.49,0.94,0.05,3.0,2.23,27.11,1.0,0.224,0.0,observed_and_verified_proxy
2020-02-01,2020,2,1,Kasaragod,North,12.5,74.99,Oil Sardine,139.9,881.2,158.75,28.86,34.48,1.09,0.1,4.2,2.53,28.28,1.0,0.153,0.0,observed_and_verified_proxy
2020-02-01,2020,2,1,Kasaragod,North,12.5,74.99,Indian Mackerel,351.61,881.2,399.0,28.86,34.48,1.09,0.1,4.2,2.53,28.28,1.0,0.289,0.0,observed_and_verified_proxy
2020-02-01,2020,2,1,Kasaragod,North,12.5,74.99,Seer Fish,96.34,881.2,109.33,28.86,34.48,1.09,0.1,4.2,2.53,28.28,1.0,0.113,0.0,observed_and_verified_proxy
2020-02-01,2020,2,1,Kasaragod,North,12.5,74.99,Tuna,200.44,881.2,227.46,28.86,34.48,1.09,0.1,4.2,2.53,28.28,1.0,0.2,0.0,observed_and_verified_proxy
2020-03-01,2020,3,1,Kasaragod,North,12.5,74.99,Oil Sardine,139.25,958.2,145.33,29.49,34.43,1.38,0.2,15.9,2.7,29.15,1.0,0.166,0.0,observed_and_verified_proxy
2020-03-01,2020,3,1,Kasaragod,North,12.5,74.99,Indian Mackerel,347.65,958.2,362.82,29.49,34.43,1.38,0.2,15.9,2.7,29.15,1.0,0.312,0.0,observed_and_verified_proxy
2020-03-01,2020,3,1,Kasaragod,North,12.5,74.99,Seer Fish,99.16,958.2,103.49,29.49,34.43,1.38,0.2,15.9,2.7,29.15,1.0,0.126,0.0,observed_and_verified_proxy
2020-03-01,2020,3,1,Kasaragod,North,12.5,74.99,Tuna,206.9,958.2,215.94,29.49,34.43,1.38,0.2,15.9,2.7,29.15,1.0,0.223,0.0,observed_and_verified_proxy
2020-04-01,2020,4,2,Kasaragod,North,12.5,74.99,Oil Sardine,100.13,558.1,179.41,29.85,34.28,1.84,0.35,51.9,2.45,29.62,1.05,0.074,0.0,observed_and_verified_proxy
2020-04-01,2020,4,2,Kasaragod,North,12.5,74.99,Indian Mackerel,201.49,558.1,361.02,29.85,34.28,1.84,0.35,51.9,2.45,29.62,1.05,0.127,0.0,observed_and_verified_proxy
2020-04-01,2020,4,2,Kasaragod,North,12.5,74.99,Seer Fish,57.04,558.1,102.2,29.85,34.28,1.84,0.35,51.9,2.45,29.62,1.05,0.05,0.0,observed_and_verified_proxy
2020-04-01,2020,4,2,Kasaragod,North,12.5,74.99,Tuna,74.68,558.1,133.82,29.85,34.28,1.84,0.35,51.9,2.45,29.62,1.05,0.058,0.0,observed_and_verified_proxy
2020-05-01,2020,5,2,Kasaragod,North,12.5,74.99,Oil Sardine,119.52,548.9,217.76,29.77,33.77,2.84,0.65,175.5,2.97,28.61,1.36,0.084,0.0,observed_and_verified_proxy
2020-05-01,2020,5,2,Kasaragod,North,12.5,74.99,Indian Mackerel,198.88,548.9,362.34,29.77,33.77,2.84,0.65,175.5,2.97,28.61,1.36,0.124,0.0,observed_and_verified_proxy
2020-05-01,2020,5,2,Kasaragod,North,12.5,74.99,Seer Fish,60.23,548.9,109.74,29.77,33.77,2.84,0.65,175.5,2.97,28.61,1.36,0.05,0.0,observed_and_verified_proxy
2020-05-01,2020,5,2,Kasaragod,North,12.5,74.99,Tuna,75.64,548.9,137.81,29.77,33.77,2.84,0.65,175.5,2.97,28.61,1.36,0.057,0.0,observed_and_verified_proxy
2020-06-01,2020,6,2,Kasaragod,North,12.5,74.99,Oil Sardine,143.67,547.1,262.6,28.91,32.77,3.98,0.95,415.8,3.31,26.7,2.21,0.097,0.0,observed_and_verified_proxy
2020-06-01,2020,6,2,Kasaragod,North,12.5,74.99,Indian Mackerel,181.25,547.1,331.28,28.91,32.77,3.98,0.95,415.8,3.31,26.7,2.21,0.116,0.0,observed_and_verified_proxy
2020-06-01,2020,6,2,Kasaragod,North,12.5,74.99,Seer Fish,55.97,547.1,102.3,28.91,32.77,3.98,0.95,415.8,3.31,26.7,2.21,0.05,0.0,observed_and_verified_proxy
2020-06-01,2020,6,2,Kasaragod,North,12.5,74.99,Tuna,69.66,547.1,127.32,28.91,32.77,3.98,0.95,415.8,3.31,26.7,2.21,0.053,0.0,observed_and_verified_proxy
2020-07-01,2020,7,3,Kasaragod,North,12.5,74.99,Oil Sardine,214.61,727.7,294.91,27.27,32.43,4.22,1.0,497.7,3.3,25.63,2.8,0.173,0.0,observed_and_verified_proxy
2020-07-01,2020,7,3,Kasaragod,North,12.5,74.99,Indian Mackerel,273.47,727.7,375.79,27.27,32.43,4.22,1.0,497.7,3.3,25.63,2.8,0.204,0.0,observed_and_verified_proxy
2020-07-01,2020,7,3,Kasaragod,North,12.5,74.99,Seer Fish,120.63,727.7,165.76,27.27,32.43,4.22,1.0,497.7,3.3,25.63,2.8,0.112,0.0,observed_and_verified_proxy
2020-07-01,2020,7,3,Kasaragod,North,12.5,74.99,Tuna,110.01,727.7,151.17,27.27,32.43,4.22,1.0,497.7,3.3,25.63,2.8,0.104,0.0,observed_and_verified_proxy
2020-08-01,2020,8,3,Kasaragod,North,12.5,74.99,Oil Sardine,210.14,734.8,285.98,26.55,32.38,3.96,0.9,508.8,3.43,25.75,2.21,0.173,0.0,observed_and_verified_proxy
2020-08-01,2020,8,3,Kasaragod,North,12.5,74.99,Indian Mackerel,277.58,734.8,377.75,26.55,32.38,3.96,0.9,508.8,3.43,25.75,2.21,0.208,0.0,observed_and_verified_proxy
2020-08-01,2020,8,3,Kasaragod,North,12.5,74.99,Seer Fish,120.5,734.8,163.98,26.55,32.38,3.96,0.9,508.8,3.43,25.75,2.21,0.113,0.0,observed_and_verified_proxy
2020-08-01,2020,8,3,Kasaragod,North,12.5,74.99,Tuna,107.41,734.8,146.18,26.55,32.38,3.96,0.9,508.8,3.43,25.75,2.21,0.103,0.0,observed_and_verified_proxy
2020-09-01,2020,9,3,Kasaragod,North,12.5,74.99,Oil Sardine,174.32,690.8,252.34,26.93,32.58,3.06,0.6,460.2,2.85,25.47,1.36,0.142,0.0,observed_and_verified_proxy
2020-09-01,2020,9,3,Kasaragod,North,12.5,74.99,Indian Mackerel,288.21,690.8,417.2,26.93,32.58,3.06,0.6,460.2,2.85,25.47,1.36,0.2,0.0,observed_and_verified_proxy
2020-09-01,2020,9,3,Kasaragod,North,12.5,74.99,Seer Fish,117.83,690.8,170.56,26.93,32.58,3.06,0.6,460.2,2.85,25.47,1.36,0.105,0.0,observed_and_verified_proxy
2020-09-01,2020,9,3,Kasaragod,North,12.5,74.99,Tuna,110.91,690.8,160.55,26.93,32.58,3.06,0.6,460.2,2.85,25.47,1.36,0.1,0.0,observed_and_verified_proxy
2020-10-01,2020,10,4,Kasaragod,North,12.5,74.99,Oil Sardine,210.75,1199.8,175.66,27.07,33.63,1.9,0.3,209.7,2.64,25.74,1.05,0.282,0.0,observed_and_verified_proxy
2020-10-01,2020,10,4,Kasaragod,North,12.5,74.99,Indian Mackerel,409.45,1199.8,341.28,27.07,33.63,1.9,0.3,209.7,2.64,25.74,1.05,0.429,0.0,observed_and_verified_proxy
2020-10-01,2020,10,4,Kasaragod,North,12.5,74.99,Seer Fish,173.79,1199.8,144.85,27.07,33.63,1.9,0.3,209.7,2.64,25.74,1.05,0.246,0.0,observed_and_verified_proxy
2020-10-01,2020,10,4,Kasaragod,North,12.5,74.99,Tuna,253.52,1199.8,211.31,27.07,33.63,1.9,0.3,209.7,2.64,25.74,1.05,0.32,0.0,observed_and_verified_proxy
2020-11-01,2020,11,4,Kasaragod,North,12.5,74.99,Oil Sardine,186.79,1149.7,162.48,27.14,33.99,1.29,0.12,122.4,1.78,26.55,1.0,0.248,0.0,observed_and_verified_proxy
2020-11-01,2020,11,4,Kasaragod,North,12.5,74.99,Indian Mackerel,438.37,1149.7,381.3,27.14,33.99,1.29,0.12,122.4,1.78,26.55,1.0,0.426,0.0,observed_and_verified_proxy
2020-11-01,2020,11,4,Kasaragod,North,12.5,74.99,Seer Fish,172.74,1149.7,150.25,27.14,33.99,1.29,0.12,122.4,1.78,26.55,1.0,0.234,0.0,observed_and_verified_proxy
2020-11-01,2020,11,4,Kasaragod,North,12.5,74.99,Tuna,275.4,1149.7,239.55,27.14,33.99,1.29,0.12,122.4,1.78,26.55,1.0,0.324,0.0,observed_and_verified_proxy
2020-12-01,2020,12,4,Kasaragod,North,12.5,74.99,Oil Sardine,164.35,1153.2,142.51,27.51,34.29,1.03,0.06,49.5,1.74,26.47,1.0,0.226,0.0,observed_and_verified_proxy
2020-12-01,2020,12,4,Kasaragod,North,12.5,74.99,Indian Mackerel,464.08,1153.2,402.42,27.51,34.29,1.03,0.06,49.5,1.74,26.47,1.0,0.441,0.0,observed_and_verified_proxy
2020-12-01,2020,12,4,Kasaragod,North,12.5,74.99,Seer Fish,161.28,1153.2,139.85,27.51,34.29,1.03,0.06,49.5,1.74,26.47,1.0,0.223,0.0,observed_and_verified_proxy
2020-12-01,2020,12,4,Kasaragod,North,12.5,74.99,Tuna,258.77,1153.2,224.39,27.51,34.29,1.03,0.06,49.5,1.74,26.47,1.0,0.312,0.0,observed_and_verified_proxy
2021-01-01,2021,1,1,Kozhikode,North,11.25,75.78,Oil Sardine,2741.22,5764.1,475.57,28.14,34.15,1.04,0.05,83.7,1.78,26.71,1.0,0.611,0.0,observed_and_verified_proxy
2021-01-01,2021,1,1,Kozhikode,North,11.25,75.78,Indian Mackerel,3389.73,5764.1,588.07,28.14,34.15,1.04,0.05,83.7,1.78,26.71,1.0,0.629,0.0,observed_and_verified_proxy
2021-01-01,2021,1,1,Kozhikode,North,11.25,75.78,Seer Fish,930.21,5764.1,161.38,28.14,34.15,1.04,0.05,83.7,1.78,26.71,1.0,0.47,0.252,observed_and_verified_proxy
2021-01-01,2021,1,1,Kozhikode,North,11.25,75.78,Tuna,2066.77,5764.1,358.56,28.14,34.15,1.04,0.05,83.7,1.78,26.71,1.0,0.582,0.0,observed_and_verified_proxy
2021-02-01,2021,2,1,Kozhikode,North,11.25,75.78,Oil Sardine,3017.47,5833.6,517.26,28.86,34.41,1.11,0.1,21.9,2.28,27.3,1.0,0.627,0.0,observed_and_verified_proxy
2021-02-01,2021,2,1,Kozhikode,North,11.25,75.78,Indian Mackerel,3171.68,5833.6,543.69,28.86,34.41,1.11,0.1,21.9,2.28,27.3,1.0,0.631,0.0,observed_and_verified_proxy
2021-02-01,2021,2,1,Kozhikode,North,11.25,75.78,Seer Fish,931.24,5833.6,159.63,28.86,34.41,1.11,0.1,21.9,2.28,27.3,1.0,0.476,0.264,observed_and_verified_proxy
2021-02-01,2021,2,1,Kozhikode,North,11.25,75.78,Tuna,2069.03,5833.6,354.67,28.86,34.41,1.11,0.1,21.9,2.28,27.3,1.0,0.589,0.0,observed_and_verified_proxy
2021-03-01,2021,3,1,Kozhikode,North,11.25,75.78,Oil Sardine,3098.53,6156.5,503.3,29.49,34.28,1.42,0.2,51.9,2.16,28.65,1.0,0.664,0.0,observed_and_verified_proxy
2021-03-01,2021,3,1,Kozhikode,North,11.25,75.78,Indian Mackerel,3349.64,6156.5,544.08,29.49,34.28,1.42,0.2,51.9,2.16,28.65,1.0,0.671,0.0,observed_and_verified_proxy
2021-03-01,2021,3,1,Kozhikode,North,11.25,75.78,Seer Fish,943.32,6156.5,153.22,29.49,34.28,1.42,0.2,51.9,2.16,28.65,1.0,0.504,0.315,observed_and_verified_proxy
2021-03-01,2021,3,1,Kozhikode,North,11.25,75.78,Tuna,1883.31,6156.5,305.91,29.49,34.28,1.42,0.2,51.9,2.16,28.65,1.0,0.61,0.113,observed_and_verified_proxy
2021-04-01,2021,4,2,Kozhikode,North,11.25,75.78,Oil Sardine,2071.93,3645.8,568.31,29.85,34.15,1.88,0.35,83.4,2.36,28.59,1.05,0.368,0.0,observed_and_verified_proxy
2021-04-01,2021,4,2,Kozhikode,North,11.25,75.78,Indian Mackerel,1864.02,3645.8,511.28,29.85,34.15,1.88,0.35,83.4,2.36,28.59,1.05,0.36,0.0,observed_and_verified_proxy
2021-04-01,2021,4,2,Kozhikode,North,11.25,75.78,Seer Fish,590.36,3645.8,161.93,29.85,34.15,1.88,0.35,83.4,2.36,28.59,1.05,0.247,0.0,observed_and_verified_proxy
2021-04-01,2021,4,2,Kozhikode,North,11.25,75.78,Tuna,698.23,3645.8,191.52,29.85,34.15,1.88,0.35,83.4,2.36,28.59,1.05,0.266,0.0,observed_and_verified_proxy
2021-05-01,2021,5,2,Kozhikode,North,11.25,75.78,Oil Sardine,2479.62,3432.2,722.46,29.77,32.99,3.07,0.65,363.0,2.76,27.58,1.36,0.358,0.0,observed_and_verified_proxy
2021-05-01,2021,5,2,Kozhikode,North,11.25,75.78,Indian Mackerel,1898.37,3432.2,553.11,29.77,32.99,3.07,0.65,363.0,2.76,27.58,1.36,0.34,0.0,observed_and_verified_proxy
2021-05-01,2021,5,2,Kozhikode,North,11.25,75.78,Seer Fish,564.61,3432.2,164.51,29.77,32.99,3.07,0.65,363.0,2.76,27.58,1.36,0.228,0.0,observed_and_verified_proxy
2021-05-01,2021,5,2,Kozhikode,North,11.25,75.78,Tuna,722.41,3432.2,210.48,29.77,32.99,3.07,0.65,363.0,2.76,27.58,1.36,0.254,0.0,observed_and_verified_proxy
2021-06-01,2021,6,2,Kozhikode,North,11.25,75.78,Oil Sardine,3110.1,3709.9,838.32,28.91,33.17,3.86,0.95,318.9,3.35,26.66,2.21,0.401,0.0,observed_and_verified_proxy
2021-06-01,2021,6,2,Kozhikode,North,11.25,75.78,Indian Mackerel,1813.01,3709.9,488.69,28.91,33.17,3.86,0.95,318.9,3.35,26.66,2.21,0.364,0.0,observed_and_verified_proxy
2021-06-01,2021,6,2,Kozhikode,North,11.25,75.78,Seer Fish,567.53,3709.9,152.98,28.91,33.17,3.86,0.95,318.9,3.35,26.66,2.21,0.247,0.0,observed_and_verified_proxy
2021-06-01,2021,6,2,Kozhikode,North,11.25,75.78,Tuna,693.47,3709.9,186.92,28.91,33.17,3.86,0.95,318.9,3.35,26.66,2.21,0.27,0.0,observed_and_verified_proxy
2021-07-01,2021,7,3,Kozhikode,North,11.25,75.78,Oil Sardine,4759.44,4182.3,1137.99,27.27,32.49,4.2,1.0,483.3,3.75,25.72,2.8,0.474,0.0,observed_and_verified_proxy
2021-07-01,2021,7,3,Kozhikode,North,11.25,75.78,Indian Mackerel,2538.78,4182.3,607.02,27.27,32.49,4.2,1.0,483.3,3.75,25.72,2.8,0.438,0.0,observed_and_verified_proxy
2021-07-01,2021,7,3,Kozhikode,North,11.25,75.78,Seer Fish,1114.09,4182.3,266.38,27.27,32.49,4.2,1.0,483.3,3.75,25.72,2.8,0.362,0.0,observed_and_verified_proxy
2021-07-01,2021,7,3,Kozhikode,North,11.25,75.78,Tuna,1067.53,4182.3,255.25,27.27,32.49,4.2,1.0,483.3,3.75,25.72,2.8,0.357,0.0,observed_and_verified_proxy
2021-08-01,2021,8,3,Kozhikode,North,11.25,75.78,Oil Sardine,4212.66,4869.2,865.17,26.55,33.16,3.72,0.9,320.7,2.96,25.44,2.21,0.545,0.0,observed_and_verified_proxy
2021-08-01,2021,8,3,Kozhikode,North,11.25,75.78,Indian Mackerel,2523.64,4869.2,518.29,26.55,33.16,3.72,0.9,320.7,2.96,25.44,2.21,0.509,0.0,observed_and_verified_proxy
2021-08-01,2021,8,3,Kozhikode,North,11.25,75.78,Seer Fish,1169.39,4869.2,240.16,26.55,33.16,3.72,0.9,320.7,2.96,25.44,2.21,0.427,0.022,observed_and_verified_proxy
2021-08-01,2021,8,3,Kozhikode,North,11.25,75.78,Tuna,1014.33,4869.2,208.32,26.55,33.16,3.72,0.9,320.7,2.96,25.44,2.21,0.409,0.068,observed_and_verified_proxy
2021-09-01,2021,9,3,Kozhikode,North,11.25,75.78,Oil Sardine,3625.6,4637.9,781.74,26.93,33.35,2.82,0.6,275.1,2.96,25.8,1.36,0.511,0.0,observed_and_verified_proxy
2021-09-01,2021,9,3,Kozhikode,North,11.25,75.78,Indian Mackerel,2716.53,4637.9,585.73,26.93,33.35,2.82,0.6,275.1,2.96,25.8,1.36,0.491,0.0,observed_and_verified_proxy
2021-09-01,2021,9,3,Kozhikode,North,11.25,75.78,Seer Fish,1204.01,4637.9,259.6,26.93,33.35,2.82,0.6,275.1,2.96,25.8,1.36,0.411,0.0,observed_and_verified_proxy
2021-09-01,2021,9,3,Kozhikode,North,11.25,75.78,Tuna,1023.78,4637.9,220.74,26.93,33.35,2.82,0.6,275.1,2.96,25.8,1.36,0.39,0.017,observed_and_verified_proxy
2021-10-01,2021,10,4,Kozhikode,North,11.25,75.78,Oil Sardine,4303.89,6946.9,619.54,27.07,32.45,2.25,0.3,492.0,2.28,26.16,1.0,0.78,0.0,observed_and_verified_proxy
2021-10-01,2021,10,4,Kozhikode,North,11.25,75.78,Indian Mackerel,4209.21,6946.9,605.91,27.07,32.45,2.25,0.3,492.0,2.28,26.16,1.0,0.778,0.0,observed_and_verified_proxy
2021-10-01,2021,10,4,Kozhikode,North,11.25,75.78,Seer Fish,1717.57,6946.9,247.24,27.07,32.45,2.25,0.3,492.0,2.28,26.16,1.0,0.674,0.327,observed_and_verified_proxy
2021-10-01,2021,10,4,Kozhikode,North,11.25,75.78,Tuna,2610.06,6946.9,375.72,27.07,32.45,2.25,0.3,492.0,2.28,26.16,1.0,0.731,0.115,observed_and_verified_proxy
2021-11-01,2021,11,4,Kozhikode,North,11.25,75.78,Oil Sardine,3918.74,6675.8,587.01,27.14,33.14,1.54,0.12,327.0,2.2,25.91,0.83,0.742,0.0,observed_and_verified_proxy
2021-11-01,2021,11,4,Kozhikode,North,11.25,75.78,Indian Mackerel,4533.12,6675.8,679.04,27.14,33.14,1.54,0.12,327.0,2.2,25.91,0.83,0.753,0.0,observed_and_verified_proxy
2021-11-01,2021,11,4,Kozhikode,North,11.25,75.78,Seer Fish,1713.24,6675.8,256.63,27.14,33.14,1.54,0.12,327.0,2.2,25.91,0.83,0.648,0.272,observed_and_verified_proxy
2021-11-01,2021,11,4,Kozhikode,North,11.25,75.78,Tuna,2590.13,6675.8,387.99,27.14,33.14,1.54,0.12,327.0,2.2,25.91,0.83,0.701,0.049,observed_and_verified_proxy
2021-12-01,2021,12,4,Kozhikode,North,11.25,75.78,Oil Sardine,3593.06,6920.6,519.18,27.51,34.42,0.99,0.06,18.0,1.69,25.88,0.63,0.761,0.0,observed_and_verified_proxy
2021-12-01,2021,12,4,Kozhikode,North,11.25,75.78,Indian Mackerel,4361.51,6920.6,630.22,27.51,34.42,0.99,0.06,18.0,1.69,25.88,0.63,0.778,0.0,observed_and_verified_proxy
2021-12-01,2021,12,4,Kozhikode,North,11.25,75.78,Seer Fish,1644.02,6920.6,237.55,27.51,34.42,0.99,0.06,18.0,1.69,25.88,0.63,0.665,0.337,observed_and_verified_proxy
2021-12-01,2021,12,4,Kozhikode,North,11.25,75.78,Tuna,2496.63,6920.6,360.75,27.51,34.42,0.99,0.06,18.0,1.69,25.88,0.63,0.723,0.138,observed_and_verified_proxy
2021-01-01,2021,1,1,Ernakulam,Central,9.98,76.28,Oil Sardine,2523.27,5217.3,483.64,28.14,33.99,1.09,0.05,123.3,1.88,27.1,1.0,0.61,0.0,observed_and_verified_proxy
2021-01-01,2021,1,1,Ernakulam,Central,9.98,76.28,Indian Mackerel,2868.65,5217.3,549.84,28.14,33.99,1.09,0.05,123.3,1.88,27.1,1.0,0.622,0.0,observed_and_verified_proxy
2021-01-01,2021,1,1,Ernakulam,Central,9.98,76.28,Seer Fish,793.34,5217.3,152.06,28.14,33.99,1.09,0.05,123.3,1.88,27.1,1.0,0.448,0.245,observed_and_verified_proxy
2021-01-01,2021,1,1,Ernakulam,Central,9.98,76.28,Tuna,1759.4,5217.3,337.23,28.14,33.99,1.09,0.05,123.3,1.88,27.1,1.0,0.569,0.0,observed_and_verified_proxy
2021-02-01,2021,2,1,Ernakulam,Central,9.98,76.28,Oil Sardine,2612.15,5516.6,473.51,28.86,34.47,1.09,0.1,8.4,2.03,28.09,1.0,0.649,0.0,observed_and_verified_proxy
2021-02-01,2021,2,1,Ernakulam,Central,9.98,76.28,Indian Mackerel,2850.17,5516.6,516.65,28.86,34.47,1.09,0.1,8.4,2.03,28.09,1.0,0.657,0.0,observed_and_verified_proxy
2021-02-01,2021,2,1,Ernakulam,Central,9.98,76.28,Seer Fish,808.98,5516.6,146.64,28.86,34.47,1.09,0.1,8.4,2.03,28.09,1.0,0.478,0.295,observed_and_verified_proxy
2021-02-01,2021,2,1,Ernakulam,Central,9.98,76.28,Tuna,1713.61,5516.6,310.63,28.86,34.47,1.09,0.1,8.4,2.03,28.09,1.0,0.598,0.087,observed_and_verified_proxy
2021-03-01,2021,3,1,Ernakulam,Central,9.98,76.28,Oil Sardine,2842.23,5532.0,513.78,29.49,34.2,1.45,0.2,71.4,2.25,29.67,1.0,0.659,0.0,observed_and_verified_proxy
2021-03-01,2021,3,1,Ernakulam,Central,9.98,76.28,Indian Mackerel,3025.44,5532.0,546.89,29.49,34.2,1.45,0.2,71.4,2.25,29.67,1.0,0.665,0.0,observed_and_verified_proxy
2021-03-01,2021,3,1,Ernakulam,Central,9.98,76.28,Seer Fish,817.71,5532.0,147.81,29.49,34.2,1.45,0.2,71.4,2.25,29.67,1.0,0.481,0.297,observed_and_verified_proxy
2021-03-01,2021,3,1,Ernakulam,Central,9.98,76.28,Tuna,1786.39,5532.0,322.92,29.49,34.2,1.45,0.2,71.4,2.25,29.67,1.0,0.605,0.069,observed_and_verified_proxy
2021-04-01,2021,4,2,Ernakulam,Central,9.98,76.28,Oil Sardine,1977.01,3138.1,630.0,29.85,34.0,1.93,0.35,120.3,2.36,28.78,1.05,0.351,0.0,observed_and_verified_proxy
2021-04-01,2021,4,2,Ernakulam,Central,9.98,76.28,Indian Mackerel,1684.24,3138.1,536.71,29.85,34.0,1.93,0.35,120.3,2.36,28.78,1.05,0.339,0.0,observed_and_verified_proxy
2021-04-01,2021,4,2,Ernakulam,Central,9.98,76.28,Seer Fish,534.93,3138.1,170.46,29.85,34.0,1.93,0.35,120.3,2.36,28.78,1.05,0.227,0.0,observed_and_verified_proxy
2021-04-01,2021,4,2,Ernakulam,Central,9.98,76.28,Tuna,643.54,3138.1,205.07,29.85,34.0,1.93,0.35,120.3,2.36,28.78,1.05,0.247,0.0,observed_and_verified_proxy
2021-05-01,2021,5,2,Ernakulam,Central,9.98,76.28,Oil Sardine,2347.09,3560.9,659.13,29.77,32.16,3.32,0.65,561.3,3.23,28.04,1.36,0.411,0.0,observed_and_verified_proxy
2021-05-01,2021,5,2,Ernakulam,Central,9.98,76.28,Indian Mackerel,1711.47,3560.9,480.63,29.77,32.16,3.32,0.65,561.3,3.23,28.04,1.36,0.386,0.0,observed_and_verified_proxy
2021-05-01,2021,5,2,Ernakulam,Central,9.98,76.28,Seer Fish,536.35,3560.9,150.62,29.77,32.16,3.32,0.65,561.3,3.23,28.04,1.36,0.258,0.001,observed_and_verified_proxy
2021-05-01,2021,5,2,Ernakulam,Central,9.98,76.28,Tuna,651.72,3560.9,183.02,29.77,32.16,3.32,0.65,561.3,3.23,28.04,1.36,0.282,0.0,observed_and_verified_proxy
2021-06-01,2021,6,2,Ernakulam,Central,9.98,76.28,Oil Sardine,2563.75,3217.2,796.89,28.91,33.12,3.87,0.95,330.9,3.97,27.27,2.21,0.377,0.0,observed_and_verified_proxy
2021-06-01,2021,6,2,Ernakulam,Central,9.98,76.28,Indian Mackerel,1513.86,3217.2,470.55,28.91,33.12,3.87,0.95,330.9,3.97,27.27,2.21,0.339,0.0,observed_and_verified_proxy
2021-06-01,2021,6,2,Ernakulam,Central,9.98,76.28,Seer Fish,497.65,3217.2,154.68,28.91,33.12,3.87,0.95,330.9,3.97,27.27,2.21,0.225,0.0,observed_and_verified_proxy
2021-06-01,2021,6,2,Ernakulam,Central,9.98,76.28,Tuna,653.78,3217.2,203.21,28.91,33.12,3.87,0.95,330.9,3.97,27.27,2.21,0.255,0.0,observed_and_verified_proxy
2021-07-01,2021,7,3,Ernakulam,Central,9.98,76.28,Oil Sardine,4295.67,3966.1,1083.11,27.27,32.73,4.13,1.0,424.5,4.24,26.35,2.8,0.498,0.0,observed_and_verified_proxy
2021-07-01,2021,7,3,Ernakulam,Central,9.98,76.28,Indian Mackerel,2267.26,3966.1,571.67,27.27,32.73,4.13,1.0,424.5,4.24,26.35,2.8,0.455,0.0,observed_and_verified_proxy
2021-07-01,2021,7,3,Ernakulam,Central,9.98,76.28,Seer Fish,1065.83,3966.1,268.74,27.27,32.73,4.13,1.0,424.5,4.24,26.35,2.8,0.378,0.0,observed_and_verified_proxy
2021-07-01,2021,7,3,Ernakulam,Central,9.98,76.28,Tuna,982.81,3966.1,247.81,27.27,32.73,4.13,1.0,424.5,4.24,26.35,2.8,0.368,0.0,observed_and_verified_proxy
2021-08-01,2021,8,3,Ernakulam,Central,9.98,76.28,Oil Sardine,3947.13,4146.1,952.0,26.55,32.95,3.79,0.9,372.0,3.45,26.05,2.21,0.515,0.0,observed_and_verified_proxy
2021-08-01,2021,8,3,Ernakulam,Central,9.98,76.28,Indian Mackerel,2252.81,4146.1,543.35,26.55,32.95,3.79,0.9,372.0,3.45,26.05,2.21,0.475,0.0,observed_and_verified_proxy
2021-08-01,2021,8,3,Ernakulam,Central,9.98,76.28,Seer Fish,1021.74,4146.1,246.43,26.55,32.95,3.79,0.9,372.0,3.45,26.05,2.21,0.39,0.0,observed_and_verified_proxy
2021-08-01,2021,8,3,Ernakulam,Central,9.98,76.28,Tuna,949.78,4146.1,229.08,26.55,32.95,3.79,0.9,372.0,3.45,26.05,2.21,0.38,0.0,observed_and_verified_proxy
2021-09-01,2021,9,3,Ernakulam,Central,9.98,76.28,Oil Sardine,3483.44,4163.4,836.68,26.93,33.25,2.86,0.6,300.9,3.55,26.5,1.36,0.51,0.0,observed_and_verified_proxy
2021-09-01,2021,9,3,Ernakulam,Central,9.98,76.28,Indian Mackerel,2532.1,4163.4,608.18,26.93,33.25,2.86,0.6,300.9,3.55,26.5,1.36,0.487,0.0,observed_and_verified_proxy
2021-09-01,2021,9,3,Ernakulam,Central,9.98,76.28,Seer Fish,1049.16,4163.4,252.0,26.93,33.25,2.86,0.6,300.9,3.55,26.5,1.36,0.395,0.0,observed_and_verified_proxy
2021-09-01,2021,9,3,Ernakulam,Central,9.98,76.28,Tuna,978.91,4163.4,235.12,26.93,33.25,2.86,0.6,300.9,3.55,26.5,1.36,0.386,0.0,observed_and_verified_proxy
2021-10-01,2021,10,4,Ernakulam,Central,9.98,76.28,Oil Sardine,3892.82,6619.4,588.09,27.07,32.29,2.3,0.3,530.1,2.94,26.63,1.3,0.822,0.0,observed_and_verified_proxy
2021-10-01,2021,10,4,Ernakulam,Central,9.98,76.28,Indian Mackerel,3741.89,6619.4,565.29,27.07,32.29,2.3,0.3,530.1,2.94,26.63,1.3,0.818,0.0,observed_and_verified_proxy
2021-10-01,2021,10,4,Ernakulam,Central,9.98,76.28,Seer Fish,1501.76,6619.4,226.87,27.07,32.29,2.3,0.3,530.1,2.94,26.63,1.3,0.696,0.4,observed_and_verified_proxy
2021-10-01,2021,10,4,Ernakulam,Central,9.98,76.28,Tuna,2310.24,6619.4,349.01,27.07,32.29,2.3,0.3,530.1,2.94,26.63,1.3,0.762,0.215,observed_and_verified_proxy
2021-11-01,2021,11,4,Ernakulam,Central,9.98,76.28,Oil Sardine,3527.51,6762.6,521.62,27.14,32.71,1.67,0.12,428.7,2.74,26.41,1.04,0.83,0.0,observed_and_verified_proxy
2021-11-01,2021,11,4,Ernakulam,Central,9.98,76.28,Indian Mackerel,3832.19,6762.6,566.68,27.14,32.71,1.67,0.12,428.7,2.74,26.41,1.04,0.838,0.0,observed_and_verified_proxy
2021-11-01,2021,11,4,Ernakulam,Central,9.98,76.28,Seer Fish,1453.28,6762.6,214.9,27.14,32.71,1.67,0.12,428.7,2.74,26.41,1.04,0.705,0.439,observed_and_verified_proxy
2021-11-01,2021,11,4,Ernakulam,Central,9.98,76.28,Tuna,2411.25,6762.6,356.56,27.14,32.71,1.67,0.12,428.7,2.74,26.41,1.04,0.784,0.227,observed_and_verified_proxy
2021-12-01,2021,12,4,Ernakulam,Central,9.98,76.28,Oil Sardine,3401.57,6113.7,556.38,27.51,34.32,1.02,0.06,43.8,1.85,26.68,0.78,0.747,0.0,observed_and_verified_proxy
2021-12-01,2021,12,4,Ernakulam,Central,9.98,76.28,Indian Mackerel,3719.25,6113.7,608.35,27.51,34.32,1.02,0.06,43.8,1.85,26.68,0.78,0.755,0.0,observed_and_verified_proxy
2021-12-01,2021,12,4,Ernakulam,Central,9.98,76.28,Seer Fish,1504.51,6113.7,246.09,27.51,34.32,1.02,0.06,43.8,1.85,26.68,0.78,0.643,0.289,observed_and_verified_proxy
2021-12-01,2021,12,4,Ernakulam,Central,9.98,76.28,Tuna,2319.67,6113.7,379.42,27.51,34.32,1.02,0.06,43.8,1.85,26.68,0.78,0.704,0.073,observed_and_verified_proxy
2021-01-01,2021,1,1,Alappuzha,South,9.49,76.33,Oil Sardine,2124.79,4542.7,467.74,28.14,33.57,1.22,0.05,223.8,3.71,25.84,1.0,0.584,0.0,observed_and_verified_proxy
2021-01-01,2021,1,1,Alappuzha,South,9.49,76.33,Indian Mackerel,2615.88,4542.7,575.84,28.14,33.57,1.22,0.05,223.8,3.71,25.84,1.0,0.605,0.0,observed_and_verified_proxy
2021-01-01,2021,1,1,Alappuzha,South,9.49,76.33,Seer Fish,767.71,4542.7,169.0,28.14,33.57,1.22,0.05,223.8,3.71,25.84,1.0,0.437,0.192,observed_and_verified_proxy
2021-01-01,2021,1,1,Alappuzha,South,9.49,76.33,Tuna,1560.18,4542.7,343.45,28.14,33.57,1.22,0.05,223.8,3.71,25.84,1.0,0.546,0.0,observed_and_verified_proxy
2021-02-01,2021,2,1,Alappuzha,South,9.49,76.33,Oil Sardine,2302.85,4563.0,504.68,28.86,34.48,1.09,0.1,5.1,3.46,26.74,1.0,0.595,0.0,observed_and_verified_proxy
2021-02-01,2021,2,1,Alappuzha,South,9.49,76.33,Indian Mackerel,2656.52,4563.0,582.18,28.86,34.48,1.09,0.1,5.1,3.46,26.74,1.0,0.61,0.0,observed_and_verified_proxy
2021-02-01,2021,2,1,Alappuzha,South,9.49,76.33,Seer Fish,722.31,4563.0,158.3,28.86,34.48,1.09,0.1,5.1,3.46,26.74,1.0,0.428,0.205,observed_and_verified_proxy
2021-02-01,2021,2,1,Alappuzha,South,9.49,76.33,Tuna,1502.76,4563.0,329.33,28.86,34.48,1.09,0.1,5.1,3.46,26.74,1.0,0.543,0.0,observed_and_verified_proxy
2021-03-01,2021,3,1,Alappuzha,South,9.49,76.33,Oil Sardine,2438.43,4873.3,500.36,29.49,34.23,1.44,0.2,64.2,2.84,28.46,1.0,0.642,0.0,observed_and_verified_proxy
2021-03-01,2021,3,1,Alappuzha,South,9.49,76.33,Indian Mackerel,2576.89,4873.3,528.78,29.49,34.23,1.44,0.2,64.2,2.84,28.46,1.0,0.648,0.0,observed_and_verified_proxy
2021-03-01,2021,3,1,Alappuzha,South,9.49,76.33,Seer Fish,710.31,4873.3,145.75,29.49,34.23,1.44,0.2,64.2,2.84,28.46,1.0,0.454,0.266,observed_and_verified_proxy
2021-03-01,2021,3,1,Alappuzha,South,9.49,76.33,Tuna,1493.44,4873.3,306.45,29.49,34.23,1.44,0.2,64.2,2.84,28.46,1.0,0.58,0.072,observed_and_verified_proxy
2021-04-01,2021,4,2,Alappuzha,South,9.49,76.33,Oil Sardine,1721.54,2900.8,593.47,29.85,34.02,1.93,0.35,116.4,3.02,28.66,1.05,0.357,0.0,observed_and_verified_proxy
2021-04-01,2021,4,2,Alappuzha,South,9.49,76.33,Indian Mackerel,1590.31,2900.8,548.23,29.85,34.02,1.93,0.35,116.4,3.02,28.66,1.05,0.35,0.0,observed_and_verified_proxy
2021-04-01,2021,4,2,Alappuzha,South,9.49,76.33,Seer Fish,457.78,2900.8,157.81,29.85,34.02,1.93,0.35,116.4,3.02,28.66,1.05,0.22,0.0,observed_and_verified_proxy
2021-04-01,2021,4,2,Alappuzha,South,9.49,76.33,Tuna,542.46,2900.8,187.01,29.85,34.02,1.93,0.35,116.4,3.02,28.66,1.05,0.24,0.0,observed_and_verified_proxy
2021-05-01,2021,5,2,Alappuzha,South,9.49,76.33,Oil Sardine,2071.92,2711.7,764.07,29.77,31.97,3.38,0.65,607.2,4.13,27.77,1.36,0.347,0.0,observed_and_verified_proxy
2021-05-01,2021,5,2,Alappuzha,South,9.49,76.33,Indian Mackerel,1465.63,2711.7,540.49,29.77,31.97,3.38,0.65,607.2,4.13,27.77,1.36,0.321,0.0,observed_and_verified_proxy
2021-05-01,2021,5,2,Alappuzha,South,9.49,76.33,Seer Fish,459.21,2711.7,169.35,29.77,31.97,3.38,0.65,607.2,4.13,27.77,1.36,0.206,0.0,observed_and_verified_proxy
2021-05-01,2021,5,2,Alappuzha,South,9.49,76.33,Tuna,533.87,2711.7,196.88,29.77,31.97,3.38,0.65,607.2,4.13,27.77,1.36,0.222,0.0,observed_and_verified_proxy
2021-06-01,2021,6,2,Alappuzha,South,9.49,76.33,Oil Sardine,2469.99,2966.1,832.75,28.91,34.03,3.6,0.95,113.4,5.13,26.94,2.21,0.392,0.0,observed_and_verified_proxy
2021-06-01,2021,6,2,Alappuzha,South,9.49,76.33,Indian Mackerel,1446.06,2966.1,487.53,28.91,34.03,3.6,0.95,113.4,5.13,26.94,2.21,0.35,0.0,observed_and_verified_proxy
2021-06-01,2021,6,2,Alappuzha,South,9.49,76.33,Seer Fish,453.12,2966.1,152.77,28.91,34.03,3.6,0.95,113.4,5.13,26.94,2.21,0.224,0.0,observed_and_verified_proxy
2021-06-01,2021,6,2,Alappuzha,South,9.49,76.33,Tuna,566.75,2966.1,191.08,28.91,34.03,3.6,0.95,113.4,5.13,26.94,2.21,0.25,0.0,observed_and_verified_proxy
2021-07-01,2021,7,3,Alappuzha,South,9.49,76.33,Oil Sardine,3571.59,3425.2,1042.73,27.27,33.66,3.85,1.0,202.5,5.74,26.29,2.8,0.477,0.0,observed_and_verified_proxy
2021-07-01,2021,7,3,Alappuzha,South,9.49,76.33,Indian Mackerel,2105.91,3425.2,614.82,27.27,33.66,3.85,1.0,202.5,5.74,26.29,2.8,0.439,0.0,observed_and_verified_proxy
2021-07-01,2021,7,3,Alappuzha,South,9.49,76.33,Seer Fish,894.05,3425.2,261.02,27.27,33.66,3.85,1.0,202.5,5.74,26.29,2.8,0.349,0.0,observed_and_verified_proxy
2021-07-01,2021,7,3,Alappuzha,South,9.49,76.33,Tuna,867.11,3425.2,253.15,27.27,33.66,3.85,1.0,202.5,5.74,26.29,2.8,0.345,0.0,observed_and_verified_proxy
2021-08-01,2021,8,3,Alappuzha,South,9.49,76.33,Oil Sardine,3622.36,3500.6,1034.78,26.55,33.85,3.51,0.9,155.1,5.17,25.99,2.21,0.488,0.0,observed_and_verified_proxy
2021-08-01,2021,8,3,Alappuzha,South,9.49,76.33,Indian Mackerel,2151.64,3500.6,614.65,26.55,33.85,3.51,0.9,155.1,5.17,25.99,2.21,0.451,0.0,observed_and_verified_proxy
2021-08-01,2021,8,3,Alappuzha,South,9.49,76.33,Seer Fish,875.63,3500.6,250.14,26.55,33.85,3.51,0.9,155.1,5.17,25.99,2.21,0.354,0.0,observed_and_verified_proxy
2021-08-01,2021,8,3,Alappuzha,South,9.49,76.33,Tuna,873.29,3500.6,249.47,26.55,33.85,3.51,0.9,155.1,5.17,25.99,2.21,0.353,0.0,observed_and_verified_proxy
2021-09-01,2021,9,3,Alappuzha,South,9.49,76.33,Oil Sardine,3086.57,3749.2,823.26,26.93,33.62,2.75,0.6,212.4,5.09,26.37,1.36,0.512,0.0,observed_and_verified_proxy
2021-09-01,2021,9,3,Alappuzha,South,9.49,76.33,Indian Mackerel,2131.84,3749.2,568.61,26.93,33.62,2.75,0.6,212.4,5.09,26.37,1.36,0.482,0.0,observed_and_verified_proxy
2021-09-01,2021,9,3,Alappuzha,South,9.49,76.33,Seer Fish,942.25,3749.2,251.32,26.93,33.62,2.75,0.6,212.4,5.09,26.37,1.36,0.389,0.0,observed_and_verified_proxy
2021-09-01,2021,9,3,Alappuzha,South,9.49,76.33,Tuna,841.86,3749.2,224.54,26.93,33.62,2.75,0.6,212.4,5.09,26.37,1.36,0.373,0.0,observed_and_verified_proxy
2021-10-01,2021,10,4,Alappuzha,South,9.49,76.33,Oil Sardine,3618.73,5220.4,693.19,27.07,32.72,2.17,0.3,427.5,3.83,26.43,1.48,0.728,0.0,observed_and_verified_proxy
2021-10-01,2021,10,4,Alappuzha,South,9.49,76.33,Indian Mackerel,3170.15,5220.4,607.26,27.07,32.72,2.17,0.3,427.5,3.83,26.43,1.48,0.716,0.0,observed_and_verified_proxy
2021-10-01,2021,10,4,Alappuzha,South,9.49,76.33,Seer Fish,1250.87,5220.4,239.61,27.07,32.72,2.17,0.3,427.5,3.83,26.43,1.48,0.592,0.237,observed_and_verified_proxy
2021-10-01,2021,10,4,Alappuzha,South,9.49,76.33,Tuna,1975.88,5220.4,378.49,27.07,32.72,2.17,0.3,427.5,3.83,26.43,1.48,0.661,0.019,observed_and_verified_proxy
2021-11-01,2021,11,4,Alappuzha,South,9.49,76.33,Oil Sardine,3133.3,5908.5,530.31,27.14,32.61,1.7,0.12,452.7,3.64,26.05,1.2,0.809,0.0,observed_and_verified_proxy
2021-11-01,2021,11,4,Alappuzha,South,9.49,76.33,Indian Mackerel,3287.06,5908.5,556.33,27.14,32.61,1.7,0.12,452.7,3.64,26.05,1.2,0.814,0.0,observed_and_verified_proxy
2021-11-01,2021,11,4,Alappuzha,South,9.49,76.33,Seer Fish,1302.37,5908.5,220.43,27.14,32.61,1.7,0.12,452.7,3.64,26.05,1.2,0.678,0.391,observed_and_verified_proxy
2021-11-01,2021,11,4,Alappuzha,South,9.49,76.33,Tuna,2001.64,5908.5,338.78,27.14,32.61,1.7,0.12,452.7,3.64,26.05,1.2,0.75,0.223,observed_and_verified_proxy
2021-12-01,2021,12,4,Alappuzha,South,9.49,76.33,Oil Sardine,3039.24,5758.4,527.79,27.51,34.23,1.05,0.06,64.8,3.48,25.76,0.86,0.785,0.0,observed_and_verified_proxy
2021-12-01,2021,12,4,Alappuzha,South,9.49,76.33,Indian Mackerel,3507.85,5758.4,609.17,27.51,34.23,1.05,0.06,64.8,3.48,25.76,0.86,0.8,0.0,observed_and_verified_proxy
2021-12-01,2021,12,4,Alappuzha,South,9.49,76.33,Seer Fish,1313.39,5758.4,228.08,27.51,34.23,1.05,0.06,64.8,3.48,25.76,0.86,0.662,0.354,observed_and_verified_proxy
2021-12-01,2021,12,4,Alappuzha,South,9.49,76.33,Tuna,2033.63,5758.4,353.16,27.51,34.23,1.05,0.06,64.8,3.48,25.76,0.86,0.734,0.169,observed_and_verified_proxy
2021-01-01,2021,1,1,Kollam,South,8.89,76.6,Oil Sardine,2151.26,4023.7,534.65,28.14,33.57,1.22,0.05,223.8,3.71,25.84,1.0,0.555,0.0,observed_and_verified_proxy
2021-01-01,2021,1,1,Kollam,South,8.89,76.6,Indian Mackerel,2427.52,4023.7,603.31,28.14,33.57,1.22,0.05,223.8,3.71,25.84,1.0,0.567,0.0,observed_and_verified_proxy
2021-01-01,2021,1,1,Kollam,South,8.89,76.6,Seer Fish,715.92,4023.7,177.93,28.14,33.57,1.22,0.05,223.8,3.71,25.84,1.0,0.403,0.128,observed_and_verified_proxy
2021-01-01,2021,1,1,Kollam,South,8.89,76.6,Tuna,1461.16,4023.7,363.14,28.14,33.57,1.22,0.05,223.8,3.71,25.84,1.0,0.51,0.0,observed_and_verified_proxy
2021-02-01,2021,2,1,Kollam,South,8.89,76.6,Oil Sardine,2185.12,4223.2,517.4,28.86,34.48,1.09,0.1,5.1,3.46,26.74,1.0,0.584,0.0,observed_and_verified_proxy
2021-02-01,2021,2,1,Kollam,South,8.89,76.6,Indian Mackerel,2549.24,4223.2,603.62,28.86,34.48,1.09,0.1,5.1,3.46,26.74,1.0,0.6,0.0,observed_and_verified_proxy
2021-02-01,2021,2,1,Kollam,South,8.89,76.6,Seer Fish,699.82,4223.2,165.71,28.86,34.48,1.09,0.1,5.1,3.46,26.74,1.0,0.419,0.176,observed_and_verified_proxy
2021-02-01,2021,2,1,Kollam,South,8.89,76.6,Tuna,1448.58,4223.2,343.0,28.86,34.48,1.09,0.1,5.1,3.46,26.74,1.0,0.534,0.0,observed_and_verified_proxy
2021-03-01,2021,3,1,Kollam,South,8.89,76.6,Oil Sardine,2292.83,4047.0,566.54,29.49,34.23,1.44,0.2,64.2,2.84,28.46,1.0,0.565,0.0,observed_and_verified_proxy
2021-03-01,2021,3,1,Kollam,South,8.89,76.6,Indian Mackerel,2510.32,4047.0,620.28,29.49,34.23,1.44,0.2,64.2,2.84,28.46,1.0,0.574,0.0,observed_and_verified_proxy
2021-03-01,2021,3,1,Kollam,South,8.89,76.6,Seer Fish,654.73,4047.0,161.78,29.49,34.23,1.44,0.2,64.2,2.84,28.46,1.0,0.39,0.148,observed_and_verified_proxy
2021-03-01,2021,3,1,Kollam,South,8.89,76.6,Tuna,1397.08,4047.0,345.21,29.49,34.23,1.44,0.2,64.2,2.84,28.46,1.0,0.507,0.0,observed_and_verified_proxy
2021-04-01,2021,4,2,Kollam,South,8.89,76.6,Oil Sardine,1651.93,2880.6,573.47,29.85,34.02,1.93,0.35,116.4,3.02,28.66,1.05,0.376,0.0,observed_and_verified_proxy
2021-04-01,2021,4,2,Kollam,South,8.89,76.6,Indian Mackerel,1395.9,2880.6,484.59,29.85,34.02,1.93,0.35,116.4,3.02,28.66,1.05,0.361,0.0,observed_and_verified_proxy
2021-04-01,2021,4,2,Kollam,South,8.89,76.6,Seer Fish,438.26,2880.6,152.14,29.85,34.02,1.93,0.35,116.4,3.02,28.66,1.05,0.229,0.0,observed_and_verified_proxy
2021-04-01,2021,4,2,Kollam,South,8.89,76.6,Tuna,519.75,2880.6,180.43,29.85,34.02,1.93,0.35,116.4,3.02,28.66,1.05,0.25,0.0,observed_and_verified_proxy
2021-05-01,2021,5,2,Kollam,South,8.89,76.6,Oil Sardine,1894.78,2941.6,644.14,29.77,31.97,3.38,0.65,607.2,4.13,27.77,1.36,0.396,0.0,observed_and_verified_proxy
2021-05-01,2021,5,2,Kollam,South,8.89,76.6,Indian Mackerel,1375.45,2941.6,467.59,29.77,31.97,3.38,0.65,607.2,4.13,27.77,1.36,0.367,0.0,observed_and_verified_proxy
2021-05-01,2021,5,2,Kollam,South,8.89,76.6,Seer Fish,442.39,2941.6,150.39,29.77,31.97,3.38,0.65,607.2,4.13,27.77,1.36,0.235,0.0,observed_and_verified_proxy
2021-05-01,2021,5,2,Kollam,South,8.89,76.6,Tuna,528.21,2941.6,179.57,29.77,31.97,3.38,0.65,607.2,4.13,27.77,1.36,0.257,0.0,observed_and_verified_proxy
2021-06-01,2021,6,2,Kollam,South,8.89,76.6,Oil Sardine,2146.91,2894.8,741.63,28.91,34.03,3.6,0.95,113.4,5.13,26.94,2.21,0.399,0.0,observed_and_verified_proxy
2021-06-01,2021,6,2,Kollam,South,8.89,76.6,Indian Mackerel,1232.18,2894.8,425.65,28.91,34.03,3.6,0.95,113.4,5.13,26.94,2.21,0.35,0.0,observed_and_verified_proxy
2021-06-01,2021,6,2,Kollam,South,8.89,76.6,Seer Fish,402.96,2894.8,139.2,28.91,34.03,3.6,0.95,113.4,5.13,26.94,2.21,0.22,0.0,observed_and_verified_proxy
2021-06-01,2021,6,2,Kollam,South,8.89,76.6,Tuna,503.52,2894.8,173.94,28.91,34.03,3.6,0.95,113.4,5.13,26.94,2.21,0.247,0.0,observed_and_verified_proxy
2021-07-01,2021,7,3,Kollam,South,8.89,76.6,Oil Sardine,3509.5,3540.6,991.22,27.27,33.66,3.85,1.0,202.5,5.74,26.29,2.8,0.527,0.0,observed_and_verified_proxy
2021-07-01,2021,7,3,Kollam,South,8.89,76.6,Indian Mackerel,1925.55,3540.6,543.85,27.27,33.66,3.85,1.0,202.5,5.74,26.29,2.8,0.478,0.0,observed_and_verified_proxy
2021-07-01,2021,7,3,Kollam,South,8.89,76.6,Seer Fish,822.61,3540.6,232.34,27.27,33.66,3.85,1.0,202.5,5.74,26.29,2.8,0.375,0.0,observed_and_verified_proxy
2021-07-01,2021,7,3,Kollam,South,8.89,76.6,Tuna,790.16,3540.6,223.17,27.27,33.66,3.85,1.0,202.5,5.74,26.29,2.8,0.369,0.0,observed_and_verified_proxy
2021-08-01,2021,8,3,Kollam,South,8.89,76.6,Oil Sardine,3380.93,3153.6,1072.09,26.55,33.85,3.51,0.9,155.1,5.17,25.99,2.21,0.467,0.0,observed_and_verified_proxy
2021-08-01,2021,8,3,Kollam,South,8.89,76.6,Indian Mackerel,1964.53,3153.6,622.95,26.55,33.85,3.51,0.9,155.1,5.17,25.99,2.21,0.428,0.0,observed_and_verified_proxy
2021-08-01,2021,8,3,Kollam,South,8.89,76.6,Seer Fish,840.99,3153.6,266.68,26.55,33.85,3.51,0.9,155.1,5.17,25.99,2.21,0.336,0.0,observed_and_verified_proxy
2021-08-01,2021,8,3,Kollam,South,8.89,76.6,Tuna,750.39,3153.6,237.95,26.55,33.85,3.51,0.9,155.1,5.17,25.99,2.21,0.322,0.0,observed_and_verified_proxy
2021-09-01,2021,9,3,Kollam,South,8.89,76.6,Oil Sardine,2799.95,3312.3,845.31,26.93,33.62,2.75,0.6,212.4,5.09,26.37,1.36,0.478,0.0,observed_and_verified_proxy
2021-09-01,2021,9,3,Kollam,South,8.89,76.6,Indian Mackerel,1992.74,3312.3,601.61,26.93,33.62,2.75,0.6,212.4,5.09,26.37,1.36,0.45,0.0,observed_and_verified_proxy
2021-09-01,2021,9,3,Kollam,South,8.89,76.6,Seer Fish,843.66,3312.3,254.7,26.93,33.62,2.75,0.6,212.4,5.09,26.37,1.36,0.354,0.0,observed_and_verified_proxy
2021-09-01,2021,9,3,Kollam,South,8.89,76.6,Tuna,787.24,3312.3,237.67,26.93,33.62,2.75,0.6,212.4,5.09,26.37,1.36,0.345,0.0,observed_and_verified_proxy
2021-10-01,2021,10,4,Kollam,South,8.89,76.6,Oil Sardine,3289.75,5205.5,631.98,27.07,32.72,2.17,0.3,427.5,3.83,26.43,1.48,0.768,0.0,observed_and_verified_proxy
2021-10-01,2021,10,4,Kollam,South,8.89,76.6,Indian Mackerel,3111.8,5205.5,597.79,27.07,32.72,2.17,0.3,427.5,3.83,26.43,1.48,0.763,0.0,observed_and_verified_proxy
2021-10-01,2021,10,4,Kollam,South,8.89,76.6,Seer Fish,1198.41,5205.5,230.22,27.07,32.72,2.17,0.3,427.5,3.83,26.43,1.48,0.625,0.3,observed_and_verified_proxy
2021-10-01,2021,10,4,Kollam,South,8.89,76.6,Tuna,1932.87,5205.5,371.31,27.07,32.72,2.17,0.3,427.5,3.83,26.43,1.48,0.703,0.089,observed_and_verified_proxy
2021-11-01,2021,11,4,Kollam,South,8.89,76.6,Oil Sardine,2991.53,5220.2,573.06,27.14,32.61,1.7,0.12,452.7,3.64,26.05,1.2,0.761,0.0,observed_and_verified_proxy
2021-11-01,2021,11,4,Kollam,South,8.89,76.6,Indian Mackerel,3155.07,5220.2,604.39,27.14,32.61,1.7,0.12,452.7,3.64,26.05,1.2,0.766,0.0,observed_and_verified_proxy
2021-11-01,2021,11,4,Kollam,South,8.89,76.6,Seer Fish,1224.59,5220.2,234.59,27.14,32.61,1.7,0.12,452.7,3.64,26.05,1.2,0.63,0.298,observed_and_verified_proxy
2021-11-01,2021,11,4,Kollam,South,8.89,76.6,Tuna,1906.37,5220.2,365.19,27.14,32.61,1.7,0.12,452.7,3.64,26.05,1.2,0.703,0.103,observed_and_verified_proxy
2021-12-01,2021,12,4,Kollam,South,8.89,76.6,Oil Sardine,2734.6,5446.2,502.11,27.51,34.23,1.05,0.06,64.8,3.48,25.76,0.86,0.783,0.0,observed_and_verified_proxy
2021-12-01,2021,12,4,Kollam,South,8.89,76.6,Indian Mackerel,3362.98,5446.2,617.49,27.51,34.23,1.05,0.06,64.8,3.48,25.76,0.86,0.806,0.0,observed_and_verified_proxy
2021-12-01,2021,12,4,Kollam,South,8.89,76.6,Seer Fish,1202.27,5446.2,220.75,27.51,34.23,1.05,0.06,64.8,3.48,25.76,0.86,0.654,0.36,observed_and_verified_proxy
2021-12-01,2021,12,4,Kollam,South,8.89,76.6,Tuna,1880.58,5446.2,345.3,27.51,34.23,1.05,0.06,64.8,3.48,25.76,0.86,0.732,0.184,observed_and_verified_proxy
2021-01-01,2021,1,1,Kannur,North,11.87,75.37,Oil Sardine,1606.5,3625.7,443.08,28.14,34.15,1.04,0.05,83.7,1.78,26.71,1.0,0.599,0.0,observed_and_verified_proxy
2021-01-01,2021,1,1,Kannur,North,11.87,75.37,Indian Mackerel,1866.92,3625.7,514.91,28.14,34.15,1.04,0.05,83.7,1.78,26.71,1.0,0.619,0.0,observed_and_verified_proxy
2021-01-01,2021,1,1,Kannur,North,11.87,75.37,Seer Fish,552.35,3625.7,152.34,28.14,34.15,1.04,0.05,83.7,1.78,26.71,1.0,0.412,0.197,observed_and_verified_proxy
2021-01-01,2021,1,1,Kannur,North,11.87,75.37,Tuna,1180.99,3625.7,325.72,28.14,34.15,1.04,0.05,83.7,1.78,26.71,1.0,0.551,0.0,observed_and_verified_proxy
2021-02-01,2021,2,1,Kannur,North,11.87,75.37,Oil Sardine,1692.01,3617.2,467.77,28.86,34.41,1.11,0.1,21.9,2.28,27.3,1.0,0.604,0.0,observed_and_verified_proxy
2021-02-01,2021,2,1,Kannur,North,11.87,75.37,Indian Mackerel,1989.39,3617.2,549.99,28.86,34.41,1.11,0.1,21.9,2.28,27.3,1.0,0.626,0.0,observed_and_verified_proxy
2021-02-01,2021,2,1,Kannur,North,11.87,75.37,Seer Fish,553.33,3617.2,152.97,28.86,34.41,1.11,0.1,21.9,2.28,27.3,1.0,0.411,0.195,observed_and_verified_proxy
2021-02-01,2021,2,1,Kannur,North,11.87,75.37,Tuna,1188.12,3617.2,328.47,28.86,34.41,1.11,0.1,21.9,2.28,27.3,1.0,0.551,0.0,observed_and_verified_proxy
2021-03-01,2021,3,1,Kannur,North,11.87,75.37,Oil Sardine,1898.53,3174.7,598.03,29.49,34.28,1.42,0.2,51.9,2.16,28.65,1.0,0.544,0.0,observed_and_verified_proxy
2021-03-01,2021,3,1,Kannur,North,11.87,75.37,Indian Mackerel,1930.78,3174.7,608.19,29.49,34.28,1.42,0.2,51.9,2.16,28.65,1.0,0.546,0.0,observed_and_verified_proxy
2021-03-01,2021,3,1,Kannur,North,11.87,75.37,Seer Fish,559.82,3174.7,176.34,29.49,34.28,1.42,0.2,51.9,2.16,28.65,1.0,0.363,0.08,observed_and_verified_proxy
2021-03-01,2021,3,1,Kannur,North,11.87,75.37,Tuna,1155.84,3174.7,364.08,29.49,34.28,1.42,0.2,51.9,2.16,28.65,1.0,0.48,0.0,observed_and_verified_proxy
2021-04-01,2021,4,2,Kannur,North,11.87,75.37,Oil Sardine,1292.06,2075.6,622.51,29.85,34.15,1.88,0.35,83.4,2.36,28.59,1.05,0.324,0.0,observed_and_verified_proxy
2021-04-01,2021,4,2,Kannur,North,11.87,75.37,Indian Mackerel,1182.9,2075.6,569.91,29.85,34.15,1.88,0.35,83.4,2.36,28.59,1.05,0.316,0.0,observed_and_verified_proxy
2021-04-01,2021,4,2,Kannur,North,11.87,75.37,Seer Fish,324.04,2075.6,156.12,29.85,34.15,1.88,0.35,83.4,2.36,28.59,1.05,0.177,0.0,observed_and_verified_proxy
2021-04-01,2021,4,2,Kannur,North,11.87,75.37,Tuna,396.4,2075.6,190.99,29.85,34.15,1.88,0.35,83.4,2.36,28.59,1.05,0.199,0.0,observed_and_verified_proxy
2021-05-01,2021,5,2,Kannur,North,11.87,75.37,Oil Sardine,1545.64,2228.8,693.49,29.77,32.99,3.07,0.65,363.0,2.76,27.58,1.36,0.365,0.0,observed_and_verified_proxy
2021-05-01,2021,5,2,Kannur,North,11.87,75.37,Indian Mackerel,1073.2,2228.8,481.52,29.77,32.99,3.07,0.65,363.0,2.76,27.58,1.36,0.329,0.0,observed_and_verified_proxy
2021-05-01,2021,5,2,Kannur,North,11.87,75.37,Seer Fish,329.8,2228.8,147.97,29.77,32.99,3.07,0.65,363.0,2.76,27.58,1.36,0.192,0.0,observed_and_verified_proxy
2021-05-01,2021,5,2,Kannur,North,11.87,75.37,Tuna,401.72,2228.8,180.24,29.77,32.99,3.07,0.65,363.0,2.76,27.58,1.36,0.215,0.0,observed_and_verified_proxy
2021-06-01,2021,6,2,Kannur,North,11.87,75.37,Oil Sardine,1773.99,2168.8,817.95,28.91,33.17,3.86,0.95,318.9,3.35,26.66,2.21,0.366,0.0,observed_and_verified_proxy
2021-06-01,2021,6,2,Kannur,North,11.87,75.37,Indian Mackerel,1062.14,2168.8,489.73,28.91,33.17,3.86,0.95,318.9,3.35,26.66,2.21,0.319,0.0,observed_and_verified_proxy
2021-06-01,2021,6,2,Kannur,North,11.87,75.37,Seer Fish,344.83,2168.8,158.99,28.91,33.17,3.86,0.95,318.9,3.35,26.66,2.21,0.192,0.0,observed_and_verified_proxy
2021-06-01,2021,6,2,Kannur,North,11.87,75.37,Tuna,428.03,2168.8,197.36,28.91,33.17,3.86,0.95,318.9,3.35,26.66,2.21,0.217,0.0,observed_and_verified_proxy
2021-07-01,2021,7,3,Kannur,North,11.87,75.37,Oil Sardine,2552.7,2823.2,904.18,27.27,32.49,4.2,1.0,483.3,3.75,25.72,2.8,0.511,0.0,observed_and_verified_proxy
2021-07-01,2021,7,3,Kannur,North,11.87,75.37,Indian Mackerel,1523.14,2823.2,539.51,27.27,32.49,4.2,1.0,483.3,3.75,25.72,2.8,0.46,0.0,observed_and_verified_proxy
2021-07-01,2021,7,3,Kannur,North,11.87,75.37,Seer Fish,686.18,2823.2,243.05,27.27,32.49,4.2,1.0,483.3,3.75,25.72,2.8,0.353,0.0,observed_and_verified_proxy
2021-07-01,2021,7,3,Kannur,North,11.87,75.37,Tuna,585.32,2823.2,207.32,27.27,32.49,4.2,1.0,483.3,3.75,25.72,2.8,0.33,0.0,observed_and_verified_proxy
2021-08-01,2021,8,3,Kannur,North,11.87,75.37,Oil Sardine,2528.67,2629.2,961.76,26.55,33.16,3.72,0.9,320.7,2.96,25.44,2.21,0.475,0.0,observed_and_verified_proxy
2021-08-01,2021,8,3,Kannur,North,11.87,75.37,Indian Mackerel,1608.79,2629.2,611.89,26.55,33.16,3.72,0.9,320.7,2.96,25.44,2.21,0.434,0.0,observed_and_verified_proxy
2021-08-01,2021,8,3,Kannur,North,11.87,75.37,Seer Fish,668.89,2629.2,254.41,26.55,33.16,3.72,0.9,320.7,2.96,25.44,2.21,0.326,0.0,observed_and_verified_proxy
2021-08-01,2021,8,3,Kannur,North,11.87,75.37,Tuna,621.98,2629.2,236.57,26.55,33.16,3.72,0.9,320.7,2.96,25.44,2.21,0.315,0.0,observed_and_verified_proxy
2021-09-01,2021,9,3,Kannur,North,11.87,75.37,Oil Sardine,2172.4,2808.2,773.6,26.93,33.35,2.82,0.6,275.1,2.96,25.8,1.36,0.494,0.0,observed_and_verified_proxy
2021-09-01,2021,9,3,Kannur,North,11.87,75.37,Indian Mackerel,1579.84,2808.2,562.59,26.93,33.35,2.82,0.6,275.1,2.96,25.8,1.36,0.462,0.0,observed_and_verified_proxy
2021-09-01,2021,9,3,Kannur,North,11.87,75.37,Seer Fish,671.11,2808.2,238.98,26.93,33.35,2.82,0.6,275.1,2.96,25.8,1.36,0.348,0.0,observed_and_verified_proxy
2021-09-01,2021,9,3,Kannur,North,11.87,75.37,Tuna,624.17,2808.2,222.27,26.93,33.35,2.82,0.6,275.1,2.96,25.8,1.36,0.337,0.0,observed_and_verified_proxy
2021-10-01,2021,10,4,Kannur,North,11.87,75.37,Oil Sardine,2525.33,4060.2,621.98,27.07,32.45,2.25,0.3,492.0,2.28,26.16,1.0,0.734,0.0,observed_and_verified_proxy
2021-10-01,2021,10,4,Kannur,North,11.87,75.37,Indian Mackerel,2410.18,4060.2,593.62,27.07,32.45,2.25,0.3,492.0,2.28,26.16,1.0,0.728,0.0,observed_and_verified_proxy
2021-10-01,2021,10,4,Kannur,North,11.87,75.37,Seer Fish,960.83,4060.2,236.65,27.07,32.45,2.25,0.3,492.0,2.28,26.16,1.0,0.578,0.226,observed_and_verified_proxy
2021-10-01,2021,10,4,Kannur,North,11.87,75.37,Tuna,1487.93,4060.2,366.47,27.07,32.45,2.25,0.3,492.0,2.28,26.16,1.0,0.658,0.041,observed_and_verified_proxy
2021-11-01,2021,11,4,Kannur,North,11.87,75.37,Oil Sardine,2348.76,4153.0,565.56,27.14,33.14,1.54,0.12,327.0,2.2,25.91,0.83,0.741,0.0,observed_and_verified_proxy
2021-11-01,2021,11,4,Kannur,North,11.87,75.37,Indian Mackerel,2593.02,4153.0,624.37,27.14,33.14,1.54,0.12,327.0,2.2,25.91,0.83,0.754,0.0,observed_and_verified_proxy
2021-11-01,2021,11,4,Kannur,North,11.87,75.37,Seer Fish,972.62,4153.0,234.2,27.14,33.14,1.54,0.12,327.0,2.2,25.91,0.83,0.594,0.251,observed_and_verified_proxy
2021-11-01,2021,11,4,Kannur,North,11.87,75.37,Tuna,1482.02,4153.0,356.85,27.14,33.14,1.54,0.12,327.0,2.2,25.91,0.83,0.672,0.081,observed_and_verified_proxy
2021-12-01,2021,12,4,Kannur,North,11.87,75.37,Oil Sardine,2221.79,4138.6,536.84,27.51,34.42,0.99,0.06,18.0,1.69,25.88,0.63,0.731,0.0,observed_and_verified_proxy
2021-12-01,2021,12,4,Kannur,North,11.87,75.37,Indian Mackerel,2479.02,4138.6,599.0,27.51,34.42,0.99,0.06,18.0,1.69,25.88,0.63,0.745,0.0,observed_and_verified_proxy
2021-12-01,2021,12,4,Kannur,North,11.87,75.37,Seer Fish,977.2,4138.6,236.12,27.51,34.42,0.99,0.06,18.0,1.69,25.88,0.63,0.593,0.246,observed_and_verified_proxy
2021-12-01,2021,12,4,Kannur,North,11.87,75.37,Tuna,1507.73,4138.6,364.31,27.51,34.42,0.99,0.06,18.0,1.69,25.88,0.63,0.673,0.065,observed_and_verified_proxy
2021-01-01,2021,1,1,Thiruvananthapuram,South,8.52,76.94,Oil Sardine,1306.05,2587.6,504.73,28.14,33.57,1.22,0.05,223.8,3.71,25.84,1.0,0.495,0.0,observed_and_verified_proxy
2021-01-01,2021,1,1,Thiruvananthapuram,South,8.52,76.94,Indian Mackerel,1605.74,2587.6,620.55,28.14,33.57,1.22,0.05,223.8,3.71,25.84,1.0,0.522,0.0,observed_and_verified_proxy
2021-01-01,2021,1,1,Thiruvananthapuram,South,8.52,76.94,Seer Fish,432.83,2587.6,167.27,28.14,33.57,1.22,0.05,223.8,3.71,25.84,1.0,0.318,0.041,observed_and_verified_proxy
2021-01-01,2021,1,1,Thiruvananthapuram,South,8.52,76.94,Tuna,931.18,2587.6,359.86,28.14,33.57,1.22,0.05,223.8,3.71,25.84,1.0,0.445,0.0,observed_and_verified_proxy
2021-02-01,2021,2,1,Thiruvananthapuram,South,8.52,76.94,Oil Sardine,1361.03,2563.6,530.9,28.86,34.48,1.09,0.1,5.1,3.46,26.74,1.0,0.496,0.0,observed_and_verified_proxy
2021-02-01,2021,2,1,Thiruvananthapuram,South,8.52,76.94,Indian Mackerel,1515.69,2563.6,591.23,28.86,34.48,1.09,0.1,5.1,3.46,26.74,1.0,0.51,0.0,observed_and_verified_proxy
2021-02-01,2021,2,1,Thiruvananthapuram,South,8.52,76.94,Seer Fish,432.76,2563.6,168.81,28.86,34.48,1.09,0.1,5.1,3.46,26.74,1.0,0.315,0.034,observed_and_verified_proxy
2021-02-01,2021,2,1,Thiruvananthapuram,South,8.52,76.94,Tuna,901.35,2563.6,351.59,28.86,34.48,1.09,0.1,5.1,3.46,26.74,1.0,0.436,0.0,observed_and_verified_proxy
2021-03-01,2021,3,1,Thiruvananthapuram,South,8.52,76.94,Oil Sardine,1479.57,2966.0,498.84,29.49,34.23,1.44,0.2,64.2,2.84,28.46,1.0,0.586,0.0,observed_and_verified_proxy
2021-03-01,2021,3,1,Thiruvananthapuram,South,8.52,76.94,Indian Mackerel,1565.92,2966.0,527.95,29.49,34.23,1.44,0.2,64.2,2.84,28.46,1.0,0.595,0.0,observed_and_verified_proxy
2021-03-01,2021,3,1,Thiruvananthapuram,South,8.52,76.94,Seer Fish,459.26,2966.0,154.84,29.49,34.23,1.44,0.2,64.2,2.84,28.46,1.0,0.376,0.144,observed_and_verified_proxy
2021-03-01,2021,3,1,Thiruvananthapuram,South,8.52,76.94,Tuna,922.53,2966.0,311.03,29.49,34.23,1.44,0.2,64.2,2.84,28.46,1.0,0.509,0.0,observed_and_verified_proxy
2021-04-01,2021,4,2,Thiruvananthapuram,South,8.52,76.94,Oil Sardine,1054.17,1802.3,584.89,29.85,34.02,1.93,0.35,116.4,3.02,28.66,1.05,0.323,0.0,observed_and_verified_proxy
2021-04-01,2021,4,2,Thiruvananthapuram,South,8.52,76.94,Indian Mackerel,901.94,1802.3,500.43,29.85,34.02,1.93,0.35,116.4,3.02,28.66,1.05,0.307,0.0,observed_and_verified_proxy
2021-04-01,2021,4,2,Thiruvananthapuram,South,8.52,76.94,Seer Fish,266.5,1802.3,147.86,29.85,34.02,1.93,0.35,116.4,3.02,28.66,1.05,0.166,0.0,observed_and_verified_proxy
2021-04-01,2021,4,2,Thiruvananthapuram,South,8.52,76.94,Tuna,342.14,1802.3,189.83,29.85,34.02,1.93,0.35,116.4,3.02,28.66,1.05,0.194,0.0,observed_and_verified_proxy
2021-05-01,2021,5,2,Thiruvananthapuram,South,8.52,76.94,Oil Sardine,1160.98,1696.3,684.42,29.77,31.97,3.38,0.65,607.2,4.13,27.77,1.36,0.314,0.0,observed_and_verified_proxy
2021-05-01,2021,5,2,Thiruvananthapuram,South,8.52,76.94,Indian Mackerel,872.8,1696.3,514.53,29.77,31.97,3.38,0.65,607.2,4.13,27.77,1.36,0.285,0.0,observed_and_verified_proxy
2021-05-01,2021,5,2,Thiruvananthapuram,South,8.52,76.94,Seer Fish,283.17,1696.3,166.94,29.77,31.97,3.38,0.65,607.2,4.13,27.77,1.36,0.162,0.0,observed_and_verified_proxy
2021-05-01,2021,5,2,Thiruvananthapuram,South,8.52,76.94,Tuna,332.51,1696.3,196.02,29.77,31.97,3.38,0.65,607.2,4.13,27.77,1.36,0.179,0.0,observed_and_verified_proxy
2021-06-01,2021,6,2,Thiruvananthapuram,South,8.52,76.94,Oil Sardine,1432.61,1761.6,813.25,28.91,34.03,3.6,0.95,113.4,5.13,26.94,2.21,0.345,0.0,observed_and_verified_proxy
2021-06-01,2021,6,2,Thiruvananthapuram,South,8.52,76.94,Indian Mackerel,820.51,1761.6,465.78,28.91,34.03,3.6,0.95,113.4,5.13,26.94,2.21,0.29,0.0,observed_and_verified_proxy
2021-06-01,2021,6,2,Thiruvananthapuram,South,8.52,76.94,Seer Fish,259.4,1761.6,147.25,28.91,34.03,3.6,0.95,113.4,5.13,26.94,2.21,0.159,0.0,observed_and_verified_proxy
2021-06-01,2021,6,2,Thiruvananthapuram,South,8.52,76.94,Tuna,331.82,1761.6,188.36,28.91,34.03,3.6,0.95,113.4,5.13,26.94,2.21,0.186,0.0,observed_and_verified_proxy
2021-07-01,2021,7,3,Thiruvananthapuram,South,8.52,76.94,Oil Sardine,2098.61,1994.3,1052.29,27.27,33.66,3.85,1.0,202.5,5.74,26.29,2.8,0.426,0.0,observed_and_verified_proxy
2021-07-01,2021,7,3,Thiruvananthapuram,South,8.52,76.94,Indian Mackerel,1281.66,1994.3,642.65,27.27,33.66,3.85,1.0,202.5,5.74,26.29,2.8,0.38,0.0,observed_and_verified_proxy
2021-07-01,2021,7,3,Thiruvananthapuram,South,8.52,76.94,Seer Fish,530.39,1994.3,265.95,27.27,33.66,3.85,1.0,202.5,5.74,26.29,2.8,0.272,0.0,observed_and_verified_proxy
2021-07-01,2021,7,3,Thiruvananthapuram,South,8.52,76.94,Tuna,502.18,1994.3,251.8,27.27,33.66,3.85,1.0,202.5,5.74,26.29,2.8,0.264,0.0,observed_and_verified_proxy
2021-08-01,2021,8,3,Thiruvananthapuram,South,8.52,76.94,Oil Sardine,2123.06,2124.0,999.54,26.55,33.85,3.51,0.9,155.1,5.17,25.99,2.21,0.455,0.0,observed_and_verified_proxy
2021-08-01,2021,8,3,Thiruvananthapuram,South,8.52,76.94,Indian Mackerel,1306.29,2124.0,615.0,26.55,33.85,3.51,0.9,155.1,5.17,25.99,2.21,0.406,0.0,observed_and_verified_proxy
2021-08-01,2021,8,3,Thiruvananthapuram,South,8.52,76.94,Seer Fish,549.88,2124.0,258.89,26.55,33.85,3.51,0.9,155.1,5.17,25.99,2.21,0.294,0.0,observed_and_verified_proxy
2021-08-01,2021,8,3,Thiruvananthapuram,South,8.52,76.94,Tuna,487.29,2124.0,229.42,26.55,33.85,3.51,0.9,155.1,5.17,25.99,2.21,0.277,0.0,observed_and_verified_proxy
2021-09-01,2021,9,3,Thiruvananthapuram,South,8.52,76.94,Oil Sardine,1761.28,2182.9,806.87,26.93,33.62,2.75,0.6,212.4,5.09,26.37,1.36,0.45,0.0,observed_and_verified_proxy
2021-09-01,2021,9,3,Thiruvananthapuram,South,8.52,76.94,Indian Mackerel,1271.43,2182.9,582.46,26.93,33.62,2.75,0.6,212.4,5.09,26.37,1.36,0.414,0.0,observed_and_verified_proxy
2021-09-01,2021,9,3,Thiruvananthapuram,South,8.52,76.94,Seer Fish,570.4,2182.9,261.31,26.93,33.62,2.75,0.6,212.4,5.09,26.37,1.36,0.308,0.0,observed_and_verified_proxy
2021-09-01,2021,9,3,Thiruvananthapuram,South,8.52,76.94,Tuna,506.96,2182.9,232.25,26.93,33.62,2.75,0.6,212.4,5.09,26.37,1.36,0.291,0.0,observed_and_verified_proxy
2021-10-01,2021,10,4,Thiruvananthapuram,South,8.52,76.94,Oil Sardine,1994.01,3257.8,612.08,27.07,32.72,2.17,0.3,427.5,3.83,26.43,1.48,0.689,0.0,observed_and_verified_proxy
2021-10-01,2021,10,4,Thiruvananthapuram,South,8.52,76.94,Indian Mackerel,2083.56,3257.8,639.57,27.07,32.72,2.17,0.3,427.5,3.83,26.43,1.48,0.695,0.0,observed_and_verified_proxy
2021-10-01,2021,10,4,Thiruvananthapuram,South,8.52,76.94,Seer Fish,800.17,3257.8,245.62,27.07,32.72,2.17,0.3,427.5,3.83,26.43,1.48,0.53,0.144,observed_and_verified_proxy
2021-10-01,2021,10,4,Thiruvananthapuram,South,8.52,76.94,Tuna,1250.46,3257.8,383.84,27.07,32.72,2.17,0.3,427.5,3.83,26.43,1.48,0.616,0.0,observed_and_verified_proxy
2021-11-01,2021,11,4,Thiruvananthapuram,South,8.52,76.94,Oil Sardine,1792.49,3463.7,517.51,27.14,32.61,1.7,0.12,452.7,3.64,26.05,1.2,0.716,0.0,observed_and_verified_proxy
2021-11-01,2021,11,4,Thiruvananthapuram,South,8.52,76.94,Indian Mackerel,1951.9,3463.7,563.53,27.14,32.61,1.7,0.12,452.7,3.64,26.05,1.2,0.729,0.0,observed_and_verified_proxy
2021-11-01,2021,11,4,Thiruvananthapuram,South,8.52,76.94,Seer Fish,753.13,3463.7,217.44,27.14,32.61,1.7,0.12,452.7,3.64,26.05,1.2,0.551,0.233,observed_and_verified_proxy
2021-11-01,2021,11,4,Thiruvananthapuram,South,8.52,76.94,Tuna,1197.04,3463.7,345.6,27.14,32.61,1.7,0.12,452.7,3.64,26.05,1.2,0.646,0.072,observed_and_verified_proxy
2021-12-01,2021,12,4,Thiruvananthapuram,South,8.52,76.94,Oil Sardine,1803.27,3354.7,537.54,27.51,34.23,1.05,0.06,64.8,3.48,25.76,0.86,0.695,0.0,observed_and_verified_proxy
2021-12-01,2021,12,4,Thiruvananthapuram,South,8.52,76.94,Indian Mackerel,1978.48,3354.7,589.77,27.51,34.23,1.05,0.06,64.8,3.48,25.76,0.86,0.708,0.0,observed_and_verified_proxy
2021-12-01,2021,12,4,Thiruvananthapuram,South,8.52,76.94,Seer Fish,748.14,3354.7,223.01,27.51,34.23,1.05,0.06,64.8,3.48,25.76,0.86,0.532,0.196,observed_and_verified_proxy
2021-12-01,2021,12,4,Thiruvananthapuram,South,8.52,76.94,Tuna,1281.73,3354.7,382.07,27.51,34.23,1.05,0.06,64.8,3.48,25.76,0.86,0.638,0.0,observed_and_verified_proxy
2021-01-01,2021,1,1,Malappuram,North,11.07,76.07,Oil Sardine,1016.85,2021.4,503.04,28.14,34.15,1.04,0.05,83.7,1.78,26.71,1.0,0.461,0.0,observed_and_verified_proxy
2021-01-01,2021,1,1,Malappuram,North,11.07,76.07,Indian Mackerel,1203.72,2021.4,595.48,28.14,34.15,1.04,0.05,83.7,1.78,26.71,1.0,0.486,0.0,observed_and_verified_proxy
2021-01-01,2021,1,1,Malappuram,North,11.07,76.07,Seer Fish,353.37,2021.4,174.81,28.14,34.15,1.04,0.05,83.7,1.78,26.71,1.0,0.285,0.0,observed_and_verified_proxy
2021-01-01,2021,1,1,Malappuram,North,11.07,76.07,Tuna,747.02,2021.4,369.55,28.14,34.15,1.04,0.05,83.7,1.78,26.71,1.0,0.412,0.0,observed_and_verified_proxy
2021-02-01,2021,2,1,Malappuram,North,11.07,76.07,Oil Sardine,1112.26,2262.6,491.59,28.86,34.41,1.11,0.1,21.9,2.28,27.3,1.0,0.531,0.0,observed_and_verified_proxy
2021-02-01,2021,2,1,Malappuram,North,11.07,76.07,Indian Mackerel,1273.55,2262.6,562.87,28.86,34.41,1.11,0.1,21.9,2.28,27.3,1.0,0.553,0.0,observed_and_verified_proxy
2021-02-01,2021,2,1,Malappuram,North,11.07,76.07,Seer Fish,332.2,2262.6,146.82,28.86,34.41,1.11,0.1,21.9,2.28,27.3,1.0,0.307,0.073,observed_and_verified_proxy
2021-02-01,2021,2,1,Malappuram,North,11.07,76.07,Tuna,739.35,2262.6,326.77,28.86,34.41,1.11,0.1,21.9,2.28,27.3,1.0,0.459,0.0,observed_and_verified_proxy
2021-03-01,2021,3,1,Malappuram,North,11.07,76.07,Oil Sardine,1136.99,2238.8,507.86,29.49,34.28,1.42,0.2,51.9,2.16,28.65,1.0,0.529,0.0,observed_and_verified_proxy
2021-03-01,2021,3,1,Malappuram,North,11.07,76.07,Indian Mackerel,1258.42,2238.8,562.1,29.49,34.28,1.42,0.2,51.9,2.16,28.65,1.0,0.545,0.0,observed_and_verified_proxy
2021-03-01,2021,3,1,Malappuram,North,11.07,76.07,Seer Fish,337.1,2238.8,150.57,29.49,34.28,1.42,0.2,51.9,2.16,28.65,1.0,0.307,0.064,observed_and_verified_proxy
2021-03-01,2021,3,1,Malappuram,North,11.07,76.07,Tuna,731.19,2238.8,326.6,29.49,34.28,1.42,0.2,51.9,2.16,28.65,1.0,0.452,0.0,observed_and_verified_proxy
2021-04-01,2021,4,2,Malappuram,North,11.07,76.07,Oil Sardine,822.73,1280.9,642.32,29.85,34.15,1.88,0.35,83.4,2.36,28.59,1.05,0.271,0.0,observed_and_verified_proxy
2021-04-01,2021,4,2,Malappuram,North,11.07,76.07,Indian Mackerel,751.6,1280.9,586.78,29.85,34.15,1.88,0.35,83.4,2.36,28.59,1.05,0.262,0.0,observed_and_verified_proxy
2021-04-01,2021,4,2,Malappuram,North,11.07,76.07,Seer Fish,203.55,1280.9,158.91,29.85,34.15,1.88,0.35,83.4,2.36,28.59,1.05,0.126,0.0,observed_and_verified_proxy
2021-04-01,2021,4,2,Malappuram,North,11.07,76.07,Tuna,259.76,1280.9,202.8,29.85,34.15,1.88,0.35,83.4,2.36,28.59,1.05,0.149,0.0,observed_and_verified_proxy
2021-05-01,2021,5,2,Malappuram,North,11.07,76.07,Oil Sardine,943.08,1387.3,679.81,29.77,32.99,3.07,0.65,363.0,2.76,27.58,1.36,0.308,0.0,observed_and_verified_proxy
2021-05-01,2021,5,2,Malappuram,North,11.07,76.07,Indian Mackerel,683.7,1387.3,492.84,29.77,32.99,3.07,0.65,363.0,2.76,27.58,1.36,0.273,0.0,observed_and_verified_proxy
2021-05-01,2021,5,2,Malappuram,North,11.07,76.07,Seer Fish,221.19,1387.3,159.44,29.77,32.99,3.07,0.65,363.0,2.76,27.58,1.36,0.145,0.0,observed_and_verified_proxy
2021-05-01,2021,5,2,Malappuram,North,11.07,76.07,Tuna,252.22,1387.3,181.81,29.77,32.99,3.07,0.65,363.0,2.76,27.58,1.36,0.158,0.0,observed_and_verified_proxy
2021-06-01,2021,6,2,Malappuram,North,11.07,76.07,Oil Sardine,1110.22,1343.1,826.62,28.91,33.17,3.86,0.95,318.9,3.35,26.66,2.21,0.315,0.0,observed_and_verified_proxy
2021-06-01,2021,6,2,Malappuram,North,11.07,76.07,Indian Mackerel,627.94,1343.1,467.53,28.91,33.17,3.86,0.95,318.9,3.35,26.66,2.21,0.254,0.0,observed_and_verified_proxy
2021-06-01,2021,6,2,Malappuram,North,11.07,76.07,Seer Fish,214.97,1343.1,160.06,28.91,33.17,3.86,0.95,318.9,3.35,26.66,2.21,0.137,0.0,observed_and_verified_proxy
2021-06-01,2021,6,2,Malappuram,North,11.07,76.07,Tuna,261.15,1343.1,194.44,28.91,33.17,3.86,0.95,318.9,3.35,26.66,2.21,0.157,0.0,observed_and_verified_proxy
2021-07-01,2021,7,3,Malappuram,North,11.07,76.07,Oil Sardine,1626.11,1796.9,904.96,27.27,32.49,4.2,1.0,483.3,3.75,25.72,2.8,0.467,0.0,observed_and_verified_proxy
2021-07-01,2021,7,3,Malappuram,North,11.07,76.07,Indian Mackerel,965.27,1796.9,537.18,27.27,32.49,4.2,1.0,483.3,3.75,25.72,2.8,0.403,0.0,observed_and_verified_proxy
2021-07-01,2021,7,3,Malappuram,North,11.07,76.07,Seer Fish,424.34,1796.9,236.15,27.27,32.49,4.2,1.0,483.3,3.75,25.72,2.8,0.281,0.0,observed_and_verified_proxy
2021-07-01,2021,7,3,Malappuram,North,11.07,76.07,Tuna,394.94,1796.9,219.79,27.27,32.49,4.2,1.0,483.3,3.75,25.72,2.8,0.27,0.0,observed_and_verified_proxy
2021-08-01,2021,8,3,Malappuram,North,11.07,76.07,Oil Sardine,1547.12,1726.7,896.0,26.55,33.16,3.72,0.9,320.7,2.96,25.44,2.21,0.444,0.0,observed_and_verified_proxy
2021-08-01,2021,8,3,Malappuram,North,11.07,76.07,Indian Mackerel,1008.76,1726.7,584.21,26.55,33.16,3.72,0.9,320.7,2.96,25.44,2.21,0.393,0.0,observed_and_verified_proxy
2021-08-01,2021,8,3,Malappuram,North,11.07,76.07,Seer Fish,412.79,1726.7,239.06,26.55,33.16,3.72,0.9,320.7,2.96,25.44,2.21,0.266,0.0,observed_and_verified_proxy
2021-08-01,2021,8,3,Malappuram,North,11.07,76.07,Tuna,385.93,1726.7,223.51,26.55,33.16,3.72,0.9,320.7,2.96,25.44,2.21,0.256,0.0,observed_and_verified_proxy
2021-09-01,2021,9,3,Malappuram,North,11.07,76.07,Oil Sardine,1439.3,1568.5,917.62,26.93,33.35,2.82,0.6,275.1,2.96,25.8,1.36,0.396,0.0,observed_and_verified_proxy
2021-09-01,2021,9,3,Malappuram,North,11.07,76.07,Indian Mackerel,1024.35,1568.5,653.07,26.93,33.35,2.82,0.6,275.1,2.96,25.8,1.36,0.359,0.0,observed_and_verified_proxy
2021-09-01,2021,9,3,Malappuram,North,11.07,76.07,Seer Fish,420.21,1568.5,267.9,26.93,33.35,2.82,0.6,275.1,2.96,25.8,1.36,0.244,0.0,observed_and_verified_proxy
2021-09-01,2021,9,3,Malappuram,North,11.07,76.07,Tuna,390.66,1568.5,249.06,26.93,33.35,2.82,0.6,275.1,2.96,25.8,1.36,0.234,0.0,observed_and_verified_proxy
2021-10-01,2021,10,4,Malappuram,North,11.07,76.07,Oil Sardine,1556.49,2722.9,571.64,27.07,32.45,2.25,0.3,492.0,2.28,26.16,1.0,0.701,0.0,observed_and_verified_proxy
2021-10-01,2021,10,4,Malappuram,North,11.07,76.07,Indian Mackerel,1529.57,2722.9,561.75,27.07,32.45,2.25,0.3,492.0,2.28,26.16,1.0,0.698,0.0,observed_and_verified_proxy
2021-10-01,2021,10,4,Malappuram,North,11.07,76.07,Seer Fish,603.52,2722.9,221.65,27.07,32.45,2.25,0.3,492.0,2.28,26.16,1.0,0.507,0.166,observed_and_verified_proxy
2021-10-01,2021,10,4,Malappuram,North,11.07,76.07,Tuna,908.49,2722.9,333.65,27.07,32.45,2.25,0.3,492.0,2.28,26.16,1.0,0.597,0.035,observed_and_verified_proxy
2021-11-01,2021,11,4,Malappuram,North,11.07,76.07,Oil Sardine,1437.25,2470.4,581.78,27.14,33.14,1.54,0.12,327.0,2.2,25.91,0.83,0.623,0.0,observed_and_verified_proxy
2021-11-01,2021,11,4,Malappuram,North,11.07,76.07,Indian Mackerel,1573.97,2470.4,637.12,27.14,33.14,1.54,0.12,327.0,2.2,25.91,0.83,0.638,0.0,observed_and_verified_proxy
2021-11-01,2021,11,4,Malappuram,North,11.07,76.07,Seer Fish,636.07,2470.4,257.47,27.14,33.14,1.54,0.12,327.0,2.2,25.91,0.83,0.47,0.039,observed_and_verified_proxy
2021-11-01,2021,11,4,Malappuram,North,11.07,76.07,Tuna,927.81,2470.4,375.57,27.14,33.14,1.54,0.12,327.0,2.2,25.91,0.83,0.546,0.0,observed_and_verified_proxy
2021-12-01,2021,12,4,Malappuram,North,11.07,76.07,Oil Sardine,1346.59,2650.8,508.0,27.51,34.42,0.99,0.06,18.0,1.69,25.88,0.63,0.657,0.0,observed_and_verified_proxy
2021-12-01,2021,12,4,Malappuram,North,11.07,76.07,Indian Mackerel,1611.43,2650.8,607.91,27.51,34.42,0.99,0.06,18.0,1.69,25.88,0.63,0.688,0.0,observed_and_verified_proxy
2021-12-01,2021,12,4,Malappuram,North,11.07,76.07,Seer Fish,612.49,2650.8,231.06,27.51,34.42,0.99,0.06,18.0,1.69,25.88,0.63,0.496,0.132,observed_and_verified_proxy
2021-12-01,2021,12,4,Malappuram,North,11.07,76.07,Tuna,976.98,2650.8,368.56,27.51,34.42,0.99,0.06,18.0,1.69,25.88,0.63,0.596,0.0,observed_and_verified_proxy
2021-01-01,2021,1,1,Thrissur,Central,10.52,76.21,Oil Sardine,702.44,1437.3,488.72,28.14,33.99,1.09,0.05,123.3,1.88,27.1,1.0,0.4,0.0,observed_and_verified_proxy
2021-01-01,2021,1,1,Thrissur,Central,10.52,76.21,Indian Mackerel,913.51,1437.3,635.57,28.14,33.99,1.09,0.05,123.3,1.88,27.1,1.0,0.442,0.0,observed_and_verified_proxy
2021-01-01,2021,1,1,Thrissur,Central,10.52,76.21,Seer Fish,243.82,1437.3,169.63,28.14,33.99,1.09,0.05,123.3,1.88,27.1,1.0,0.224,0.0,observed_and_verified_proxy
2021-01-01,2021,1,1,Thrissur,Central,10.52,76.21,Tuna,537.76,1437.3,374.14,28.14,33.99,1.09,0.05,123.3,1.88,27.1,1.0,0.355,0.0,observed_and_verified_proxy
2021-02-01,2021,2,1,Thrissur,Central,10.52,76.21,Oil Sardine,757.68,1576.6,480.58,28.86,34.47,1.09,0.1,8.4,2.03,28.09,1.0,0.452,0.0,observed_and_verified_proxy
2021-02-01,2021,2,1,Thrissur,Central,10.52,76.21,Indian Mackerel,830.47,1576.6,526.75,28.86,34.47,1.09,0.1,8.4,2.03,28.09,1.0,0.469,0.0,observed_and_verified_proxy
2021-02-01,2021,2,1,Thrissur,Central,10.52,76.21,Seer Fish,242.14,1576.6,153.59,28.86,34.47,1.09,0.1,8.4,2.03,28.09,1.0,0.245,0.0,observed_and_verified_proxy
2021-02-01,2021,2,1,Thrissur,Central,10.52,76.21,Tuna,516.57,1576.6,327.65,28.86,34.47,1.09,0.1,8.4,2.03,28.09,1.0,0.381,0.0,observed_and_verified_proxy
2021-03-01,2021,3,1,Thrissur,Central,10.52,76.21,Oil Sardine,861.57,1506.9,571.75,29.49,34.2,1.45,0.2,71.4,2.25,29.67,1.0,0.454,0.0,observed_and_verified_proxy
2021-03-01,2021,3,1,Thrissur,Central,10.52,76.21,Indian Mackerel,862.22,1506.9,572.19,29.49,34.2,1.45,0.2,71.4,2.25,29.67,1.0,0.454,0.0,observed_and_verified_proxy
2021-03-01,2021,3,1,Thrissur,Central,10.52,76.21,Seer Fish,237.17,1506.9,157.39,29.49,34.2,1.45,0.2,71.4,2.25,29.67,1.0,0.231,0.0,observed_and_verified_proxy
2021-03-01,2021,3,1,Thrissur,Central,10.52,76.21,Tuna,544.56,1506.9,361.38,29.49,34.2,1.45,0.2,71.4,2.25,29.67,1.0,0.374,0.0,observed_and_verified_proxy
2021-04-01,2021,4,2,Thrissur,Central,10.52,76.21,Oil Sardine,565.72,974.6,580.44,29.85,34.0,1.93,0.35,120.3,2.36,28.78,1.05,0.246,0.0,observed_and_verified_proxy
2021-04-01,2021,4,2,Thrissur,Central,10.52,76.21,Indian Mackerel,494.44,974.6,507.3,29.85,34.0,1.93,0.35,120.3,2.36,28.78,1.05,0.231,0.0,observed_and_verified_proxy
2021-04-01,2021,4,2,Thrissur,Central,10.52,76.21,Seer Fish,154.4,974.6,158.42,29.85,34.0,1.93,0.35,120.3,2.36,28.78,1.05,0.11,0.0,observed_and_verified_proxy
2021-04-01,2021,4,2,Thrissur,Central,10.52,76.21,Tuna,184.31,974.6,189.11,29.85,34.0,1.93,0.35,120.3,2.36,28.78,1.05,0.125,0.0,observed_and_verified_proxy
2021-05-01,2021,5,2,Thrissur,Central,10.52,76.21,Oil Sardine,710.29,916.9,774.69,29.77,32.16,3.32,0.65,561.3,3.23,28.04,1.36,0.256,0.0,observed_and_verified_proxy
2021-05-01,2021,5,2,Thrissur,Central,10.52,76.21,Indian Mackerel,489.88,916.9,534.3,29.77,32.16,3.32,0.65,561.3,3.23,28.04,1.36,0.216,0.0,observed_and_verified_proxy
2021-05-01,2021,5,2,Thrissur,Central,10.52,76.21,Seer Fish,149.46,916.9,163.01,29.77,32.16,3.32,0.65,561.3,3.23,28.04,1.36,0.1,0.0,observed_and_verified_proxy
2021-05-01,2021,5,2,Thrissur,Central,10.52,76.21,Tuna,193.22,916.9,210.74,29.77,32.16,3.32,0.65,561.3,3.23,28.04,1.36,0.122,0.0,observed_and_verified_proxy
2021-06-01,2021,6,2,Thrissur,Central,10.52,76.21,Oil Sardine,800.61,925.2,865.33,28.91,33.12,3.87,0.95,330.9,3.97,27.27,2.21,0.271,0.0,observed_and_verified_proxy
2021-06-01,2021,6,2,Thrissur,Central,10.52,76.21,Indian Mackerel,462.73,925.2,500.13,28.91,33.12,3.87,0.95,330.9,3.97,27.27,2.21,0.212,0.0,observed_and_verified_proxy
2021-06-01,2021,6,2,Thrissur,Central,10.52,76.21,Seer Fish,143.73,925.2,155.34,28.91,33.12,3.87,0.95,330.9,3.97,27.27,2.21,0.098,0.0,observed_and_verified_proxy
2021-06-01,2021,6,2,Thrissur,Central,10.52,76.21,Tuna,188.84,925.2,204.1,28.91,33.12,3.87,0.95,330.9,3.97,27.27,2.21,0.121,0.0,observed_and_verified_proxy
2021-07-01,2021,7,3,Thrissur,Central,10.52,76.21,Oil Sardine,1237.54,1166.6,1060.84,27.27,32.73,4.13,1.0,424.5,4.24,26.35,2.8,0.396,0.0,observed_and_verified_proxy
2021-07-01,2021,7,3,Thrissur,Central,10.52,76.21,Indian Mackerel,680.3,1166.6,583.17,27.27,32.73,4.13,1.0,424.5,4.24,26.35,2.8,0.32,0.0,observed_and_verified_proxy
2021-07-01,2021,7,3,Thrissur,Central,10.52,76.21,Seer Fish,301.98,1166.6,258.86,27.27,32.73,4.13,1.0,424.5,4.24,26.35,2.8,0.209,0.0,observed_and_verified_proxy
2021-07-01,2021,7,3,Thrissur,Central,10.52,76.21,Tuna,281.16,1166.6,241.01,27.27,32.73,4.13,1.0,424.5,4.24,26.35,2.8,0.2,0.0,observed_and_verified_proxy
2021-08-01,2021,8,3,Thrissur,Central,10.52,76.21,Oil Sardine,1152.69,1159.6,994.05,26.55,32.95,3.79,0.9,372.0,3.45,26.05,2.21,0.385,0.0,observed_and_verified_proxy
2021-08-01,2021,8,3,Thrissur,Central,10.52,76.21,Indian Mackerel,724.35,1159.6,624.66,26.55,32.95,3.79,0.9,372.0,3.45,26.05,2.21,0.327,0.0,observed_and_verified_proxy
2021-08-01,2021,8,3,Thrissur,Central,10.52,76.21,Seer Fish,318.12,1159.6,274.34,26.55,32.95,3.79,0.9,372.0,3.45,26.05,2.21,0.215,0.0,observed_and_verified_proxy
2021-08-01,2021,8,3,Thrissur,Central,10.52,76.21,Tuna,282.87,1159.6,243.94,26.55,32.95,3.79,0.9,372.0,3.45,26.05,2.21,0.2,0.0,observed_and_verified_proxy
2021-09-01,2021,9,3,Thrissur,Central,10.52,76.21,Oil Sardine,975.35,1193.1,817.49,26.93,33.25,2.86,0.6,300.9,3.55,26.5,1.36,0.376,0.0,observed_and_verified_proxy
2021-09-01,2021,9,3,Thrissur,Central,10.52,76.21,Indian Mackerel,772.47,1193.1,647.44,26.93,33.25,2.86,0.6,300.9,3.55,26.5,1.36,0.345,0.0,observed_and_verified_proxy
2021-09-01,2021,9,3,Thrissur,Central,10.52,76.21,Seer Fish,313.42,1193.1,262.7,26.93,33.25,2.86,0.6,300.9,3.55,26.5,1.36,0.219,0.0,observed_and_verified_proxy
2021-09-01,2021,9,3,Thrissur,Central,10.52,76.21,Tuna,272.29,1193.1,228.22,26.93,33.25,2.86,0.6,300.9,3.55,26.5,1.36,0.2,0.0,observed_and_verified_proxy
2021-10-01,2021,10,4,Thrissur,Central,10.52,76.21,Oil Sardine,1182.98,2040.8,579.66,27.07,32.29,2.3,0.3,530.1,2.94,26.63,1.3,0.683,0.0,observed_and_verified_proxy
2021-10-01,2021,10,4,Thrissur,Central,10.52,76.21,Indian Mackerel,1062.85,2040.8,520.8,27.07,32.29,2.3,0.3,530.1,2.94,26.63,1.3,0.661,0.0,observed_and_verified_proxy
2021-10-01,2021,10,4,Thrissur,Central,10.52,76.21,Seer Fish,440.89,2040.8,216.04,27.07,32.29,2.3,0.3,530.1,2.94,26.63,1.3,0.455,0.112,observed_and_verified_proxy
2021-10-01,2021,10,4,Thrissur,Central,10.52,76.21,Tuna,702.34,2040.8,344.15,27.07,32.29,2.3,0.3,530.1,2.94,26.63,1.3,0.568,0.0,observed_and_verified_proxy
2021-11-01,2021,11,4,Thrissur,Central,10.52,76.21,Oil Sardine,993.14,1885.8,526.64,27.14,32.71,1.67,0.12,428.7,2.74,26.41,1.04,0.597,0.0,observed_and_verified_proxy
2021-11-01,2021,11,4,Thrissur,Central,10.52,76.21,Indian Mackerel,1120.89,1885.8,594.39,27.14,32.71,1.67,0.12,428.7,2.74,26.41,1.04,0.621,0.0,observed_and_verified_proxy
2021-11-01,2021,11,4,Thrissur,Central,10.52,76.21,Seer Fish,424.32,1885.8,225.01,27.14,32.71,1.67,0.12,428.7,2.74,26.41,1.04,0.412,0.036,observed_and_verified_proxy
2021-11-01,2021,11,4,Thrissur,Central,10.52,76.21,Tuna,697.3,1885.8,369.76,27.14,32.71,1.67,0.12,428.7,2.74,26.41,1.04,0.523,0.0,observed_and_verified_proxy
2021-12-01,2021,12,4,Thrissur,Central,10.52,76.21,Oil Sardine,975.32,1838.4,530.53,27.51,34.32,1.02,0.06,43.8,1.85,26.68,0.78,0.579,0.0,observed_and_verified_proxy
2021-12-01,2021,12,4,Thrissur,Central,10.52,76.21,Indian Mackerel,1139.97,1838.4,620.1,27.51,34.32,1.02,0.06,43.8,1.85,26.68,0.78,0.609,0.0,observed_and_verified_proxy
2021-12-01,2021,12,4,Thrissur,Central,10.52,76.21,Seer Fish,419.41,1838.4,228.14,27.51,34.32,1.02,0.06,43.8,1.85,26.68,0.78,0.399,0.012,observed_and_verified_proxy
2021-12-01,2021,12,4,Thrissur,Central,10.52,76.21,Tuna,660.5,1838.4,359.28,27.51,34.32,1.02,0.06,43.8,1.85,26.68,0.78,0.498,0.0,observed_and_verified_proxy
2021-01-01,2021,1,1,Kasaragod,North,12.5,74.99,Oil Sardine,458.39,995.7,460.37,28.14,34.15,1.04,0.05,83.7,1.78,26.71,1.0,0.378,0.0,observed_and_verified_proxy
2021-01-01,2021,1,1,Kasaragod,North,12.5,74.99,Indian Mackerel,515.19,995.7,517.41,28.14,34.15,1.04,0.05,83.7,1.78,26.71,1.0,0.401,0.0,observed_and_verified_proxy
2021-01-01,2021,1,1,Kasaragod,North,12.5,74.99,Seer Fish,150.39,995.7,151.04,28.14,34.15,1.04,0.05,83.7,1.78,26.71,1.0,0.183,0.0,observed_and_verified_proxy
2021-01-01,2021,1,1,Kasaragod,North,12.5,74.99,Tuna,324.06,995.7,325.46,28.14,34.15,1.04,0.05,83.7,1.78,26.71,1.0,0.311,0.0,observed_and_verified_proxy
2021-02-01,2021,2,1,Kasaragod,North,12.5,74.99,Oil Sardine,443.02,943.5,469.54,28.86,34.41,1.11,0.1,21.9,2.28,27.3,1.0,0.352,0.0,observed_and_verified_proxy
2021-02-01,2021,2,1,Kasaragod,North,12.5,74.99,Indian Mackerel,498.92,943.5,528.79,28.86,34.41,1.11,0.1,21.9,2.28,27.3,1.0,0.374,0.0,observed_and_verified_proxy
2021-02-01,2021,2,1,Kasaragod,North,12.5,74.99,Seer Fish,147.94,943.5,156.79,28.86,34.41,1.11,0.1,21.9,2.28,27.3,1.0,0.171,0.0,observed_and_verified_proxy
2021-02-01,2021,2,1,Kasaragod,North,12.5,74.99,Tuna,299.22,943.5,317.13,28.86,34.41,1.11,0.1,21.9,2.28,27.3,1.0,0.28,0.0,observed_and_verified_proxy
2021-03-01,2021,3,1,Kasaragod,North,12.5,74.99,Oil Sardine,484.12,896.4,540.05,29.49,34.28,1.42,0.2,51.9,2.16,28.65,1.0,0.35,0.0,observed_and_verified_proxy
2021-03-01,2021,3,1,Kasaragod,North,12.5,74.99,Indian Mackerel,516.9,896.4,576.62,29.49,34.28,1.42,0.2,51.9,2.16,28.65,1.0,0.362,0.0,observed_and_verified_proxy
2021-03-01,2021,3,1,Kasaragod,North,12.5,74.99,Seer Fish,149.56,896.4,166.84,29.49,34.28,1.42,0.2,51.9,2.16,28.65,1.0,0.164,0.0,observed_and_verified_proxy
2021-03-01,2021,3,1,Kasaragod,North,12.5,74.99,Tuna,324.71,896.4,362.22,29.49,34.28,1.42,0.2,51.9,2.16,28.65,1.0,0.28,0.0,observed_and_verified_proxy
2021-04-01,2021,4,2,Kasaragod,North,12.5,74.99,Oil Sardine,334.31,633.2,527.98,29.85,34.15,1.88,0.35,83.4,2.36,28.59,1.05,0.201,0.0,observed_and_verified_proxy
2021-04-01,2021,4,2,Kasaragod,North,12.5,74.99,Indian Mackerel,320.33,633.2,505.91,29.85,34.15,1.88,0.35,83.4,2.36,28.59,1.05,0.196,0.0,observed_and_verified_proxy
2021-04-01,2021,4,2,Kasaragod,North,12.5,74.99,Seer Fish,91.49,633.2,144.5,29.85,34.15,1.88,0.35,83.4,2.36,28.59,1.05,0.078,0.0,observed_and_verified_proxy
2021-04-01,2021,4,2,Kasaragod,North,12.5,74.99,Tuna,108.61,633.2,171.53,29.85,34.15,1.88,0.35,83.4,2.36,28.59,1.05,0.09,0.0,observed_and_verified_proxy
2021-05-01,2021,5,2,Kasaragod,North,12.5,74.99,Oil Sardine,395.28,557.0,709.65,29.77,32.99,3.07,0.65,363.0,2.76,27.58,1.36,0.195,0.0,observed_and_verified_proxy
2021-05-01,2021,5,2,Kasaragod,North,12.5,74.99,Indian Mackerel,288.32,557.0,517.62,29.77,32.99,3.07,0.65,363.0,2.76,27.58,1.36,0.162,0.0,observed_and_verified_proxy
2021-05-01,2021,5,2,Kasaragod,North,12.5,74.99,Seer Fish,90.93,557.0,163.24,29.77,32.99,3.07,0.65,363.0,2.76,27.58,1.36,0.068,0.0,observed_and_verified_proxy
2021-05-01,2021,5,2,Kasaragod,North,12.5,74.99,Tuna,112.82,557.0,202.54,29.77,32.99,3.07,0.65,363.0,2.76,27.58,1.36,0.081,0.0,observed_and_verified_proxy
2021-06-01,2021,6,2,Kasaragod,North,12.5,74.99,Oil Sardine,459.44,549.5,836.17,28.91,33.17,3.86,0.95,318.9,3.35,26.66,2.21,0.209,0.0,observed_and_verified_proxy
2021-06-01,2021,6,2,Kasaragod,North,12.5,74.99,Indian Mackerel,263.9,549.5,480.29,28.91,33.17,3.86,0.95,318.9,3.35,26.66,2.21,0.151,0.0,observed_and_verified_proxy
2021-06-01,2021,6,2,Kasaragod,North,12.5,74.99,Seer Fish,86.24,549.5,156.96,28.91,33.17,3.86,0.95,318.9,3.35,26.66,2.21,0.064,0.0,observed_and_verified_proxy
2021-06-01,2021,6,2,Kasaragod,North,12.5,74.99,Tuna,115.52,549.5,210.24,28.91,33.17,3.86,0.95,318.9,3.35,26.66,2.21,0.082,0.0,observed_and_verified_proxy
2021-07-01,2021,7,3,Kasaragod,North,12.5,74.99,Oil Sardine,729.95,758.1,962.87,27.27,32.49,4.2,1.0,483.3,3.75,25.72,2.8,0.357,0.0,observed_and_verified_proxy
2021-07-01,2021,7,3,Kasaragod,North,12.5,74.99,Indian Mackerel,425.47,758.1,561.22,27.27,32.49,4.2,1.0,483.3,3.75,25.72,2.8,0.277,0.0,observed_and_verified_proxy
2021-07-01,2021,7,3,Kasaragod,North,12.5,74.99,Seer Fish,192.48,758.1,253.89,27.27,32.49,4.2,1.0,483.3,3.75,25.72,2.8,0.167,0.0,observed_and_verified_proxy
2021-07-01,2021,7,3,Kasaragod,North,12.5,74.99,Tuna,167.23,758.1,220.59,27.27,32.49,4.2,1.0,483.3,3.75,25.72,2.8,0.151,0.0,observed_and_verified_proxy
2021-08-01,2021,8,3,Kasaragod,North,12.5,74.99,Oil Sardine,703.53,664.2,1059.17,26.55,33.16,3.72,0.9,320.7,2.96,25.44,2.21,0.308,0.0,observed_and_verified_proxy
2021-08-01,2021,8,3,Kasaragod,North,12.5,74.99,Indian Mackerel,436.93,664.2,657.8,26.55,33.16,3.72,0.9,320.7,2.96,25.44,2.21,0.246,0.0,observed_and_verified_proxy
2021-08-01,2021,8,3,Kasaragod,North,12.5,74.99,Seer Fish,188.66,664.2,284.03,26.55,33.16,3.72,0.9,320.7,2.96,25.44,2.21,0.144,0.0,observed_and_verified_proxy
2021-08-01,2021,8,3,Kasaragod,North,12.5,74.99,Tuna,170.34,664.2,256.44,26.55,33.16,3.72,0.9,320.7,2.96,25.44,2.21,0.134,0.0,observed_and_verified_proxy
2021-09-01,2021,9,3,Kasaragod,North,12.5,74.99,Oil Sardine,585.27,680.2,860.5,26.93,33.35,2.82,0.6,275.1,2.96,25.8,1.36,0.291,0.0,observed_and_verified_proxy
2021-09-01,2021,9,3,Kasaragod,North,12.5,74.99,Indian Mackerel,451.36,680.2,663.61,26.93,33.35,2.82,0.6,275.1,2.96,25.8,1.36,0.256,0.0,observed_and_verified_proxy
2021-09-01,2021,9,3,Kasaragod,North,12.5,74.99,Seer Fish,183.73,680.2,270.14,26.93,33.35,2.82,0.6,275.1,2.96,25.8,1.36,0.145,0.0,observed_and_verified_proxy
2021-09-01,2021,9,3,Kasaragod,North,12.5,74.99,Tuna,170.62,680.2,250.85,26.93,33.35,2.82,0.6,275.1,2.96,25.8,1.36,0.137,0.0,observed_and_verified_proxy
2021-10-01,2021,10,4,Kasaragod,North,12.5,74.99,Oil Sardine,714.43,1189.6,600.57,27.07,32.45,2.25,0.3,492.0,2.28,26.16,1.0,0.555,0.0,observed_and_verified_proxy
2021-10-01,2021,10,4,Kasaragod,North,12.5,74.99,Indian Mackerel,646.95,1189.6,543.84,27.07,32.45,2.25,0.3,492.0,2.28,26.16,1.0,0.533,0.0,observed_and_verified_proxy
2021-10-01,2021,10,4,Kasaragod,North,12.5,74.99,Seer Fish,253.56,1189.6,213.15,27.07,32.45,2.25,0.3,492.0,2.28,26.16,1.0,0.318,0.0,observed_and_verified_proxy
2021-10-01,2021,10,4,Kasaragod,North,12.5,74.99,Tuna,416.58,1189.6,350.19,27.07,32.45,2.25,0.3,492.0,2.28,26.16,1.0,0.429,0.0,observed_and_verified_proxy
2021-11-01,2021,11,4,Kasaragod,North,12.5,74.99,Oil Sardine,618.45,1063.5,581.51,27.14,33.14,1.54,0.12,327.0,2.2,25.91,0.83,0.467,0.0,observed_and_verified_proxy
2021-11-01,2021,11,4,Kasaragod,North,12.5,74.99,Indian Mackerel,685.72,1063.5,644.76,27.14,33.14,1.54,0.12,327.0,2.2,25.91,0.83,0.488,0.0,observed_and_verified_proxy
2021-11-01,2021,11,4,Kasaragod,North,12.5,74.99,Seer Fish,252.08,1063.5,237.02,27.14,33.14,1.54,0.12,327.0,2.2,25.91,0.83,0.283,0.0,observed_and_verified_proxy
2021-11-01,2021,11,4,Kasaragod,North,12.5,74.99,Tuna,406.52,1063.5,382.24,27.14,33.14,1.54,0.12,327.0,2.2,25.91,0.83,0.379,0.0,observed_and_verified_proxy
2021-12-01,2021,12,4,Kasaragod,North,12.5,74.99,Oil Sardine,555.27,1155.2,480.67,27.51,34.42,0.99,0.06,18.0,1.69,25.88,0.63,0.482,0.0,observed_and_verified_proxy
2021-12-01,2021,12,4,Kasaragod,North,12.5,74.99,Indian Mackerel,664.73,1155.2,575.42,27.51,34.42,0.99,0.06,18.0,1.69,25.88,0.63,0.523,0.0,observed_and_verified_proxy
2021-12-01,2021,12,4,Kasaragod,North,12.5,74.99,Seer Fish,266.88,1155.2,231.02,27.51,34.42,0.99,0.06,18.0,1.69,25.88,0.63,0.319,0.0,observed_and_verified_proxy
2021-12-01,2021,12,4,Kasaragod,North,12.5,74.99,Tuna,398.36,1155.2,344.84,27.51,34.42,0.99,0.06,18.0,1.69,25.88,0.63,0.407,0.0,observed_and_verified_proxy
2022-01-01,2022,1,1,Kozhikode,North,11.25,75.78,Oil Sardine,4493.75,5624.5,798.96,28.14,34.45,0.96,0.05,12.3,2.16,25.96,0.65,0.634,0.0,observed_and_verified_proxy
2022-01-01,2022,1,1,Kozhikode,North,11.25,75.78,Indian Mackerel,4169.03,5624.5,741.23,28.14,34.45,0.96,0.05,12.3,2.16,25.96,0.65,0.629,0.0,observed_and_verified_proxy
2022-01-01,2022,1,1,Kozhikode,North,11.25,75.78,Seer Fish,1162.55,5624.5,206.69,28.14,34.45,0.96,0.05,12.3,2.16,25.96,0.65,0.493,0.181,observed_and_verified_proxy
2022-01-01,2022,1,1,Kozhikode,North,11.25,75.78,Tuna,2326.04,5624.5,413.56,28.14,34.45,0.96,0.05,12.3,2.16,25.96,0.65,0.58,0.0,observed_and_verified_proxy
2022-02-01,2022,2,1,Kozhikode,North,11.25,75.78,Oil Sardine,4852.99,6216.7,780.64,28.86,34.48,1.08,0.1,3.9,2.31,27.38,0.66,0.706,0.0,observed_and_verified_proxy
2022-02-01,2022,2,1,Kozhikode,North,11.25,75.78,Indian Mackerel,3907.13,6216.7,628.49,28.86,34.48,1.08,0.1,3.9,2.31,27.38,0.66,0.691,0.0,observed_and_verified_proxy
2022-02-01,2022,2,1,Kozhikode,North,11.25,75.78,Seer Fish,1131.29,6216.7,181.98,28.86,34.48,1.08,0.1,3.9,2.31,27.38,0.66,0.54,0.298,observed_and_verified_proxy
2022-02-01,2022,2,1,Kozhikode,North,11.25,75.78,Tuna,2389.97,6216.7,384.44,28.86,34.48,1.08,0.1,3.9,2.31,27.38,0.66,0.644,0.0,observed_and_verified_proxy
2022-03-01,2022,3,1,Kozhikode,North,11.25,75.78,Oil Sardine,5340.63,5528.7,965.98,29.49,34.31,1.42,0.2,45.9,2.37,28.67,0.63,0.634,0.0,observed_and_verified_proxy
2022-03-01,2022,3,1,Kozhikode,North,11.25,75.78,Indian Mackerel,3885.54,5528.7,702.79,29.49,34.31,1.42,0.2,45.9,2.37,28.67,0.63,0.614,0.0,observed_and_verified_proxy
2022-03-01,2022,3,1,Kozhikode,North,11.25,75.78,Seer Fish,1182.19,5528.7,213.83,29.49,34.31,1.42,0.2,45.9,2.37,28.67,0.63,0.487,0.158,observed_and_verified_proxy
2022-03-01,2022,3,1,Kozhikode,North,11.25,75.78,Tuna,2393.79,5528.7,432.97,29.49,34.31,1.42,0.2,45.9,2.37,28.67,0.63,0.573,0.0,observed_and_verified_proxy
2022-04-01,2022,4,2,Kozhikode,North,11.25,75.78,Oil Sardine,3465.48,3433.4,1009.33,29.85,33.87,1.97,0.35,150.6,2.2,28.26,0.75,0.376,0.0,observed_and_verified_proxy
2022-04-01,2022,4,2,Kozhikode,North,11.25,75.78,Indian Mackerel,2329.75,3433.4,678.55,29.85,33.87,1.97,0.35,150.6,2.2,28.26,0.75,0.354,0.0,observed_and_verified_proxy
2022-04-01,2022,4,2,Kozhikode,North,11.25,75.78,Seer Fish,702.45,3433.4,204.59,29.85,33.87,1.97,0.35,150.6,2.2,28.26,0.75,0.251,0.0,observed_and_verified_proxy
2022-04-01,2022,4,2,Kozhikode,North,11.25,75.78,Tuna,871.76,3433.4,253.9,29.85,33.87,1.97,0.35,150.6,2.2,28.26,0.75,0.273,0.0,observed_and_verified_proxy
2022-05-01,2022,5,2,Kozhikode,North,11.25,75.78,Oil Sardine,4188.15,3502.0,1195.94,29.77,33.13,3.03,0.65,327.6,3.28,27.17,1.17,0.392,0.0,observed_and_verified_proxy
2022-05-01,2022,5,2,Kozhikode,North,11.25,75.78,Indian Mackerel,2291.28,3502.0,654.28,29.77,33.13,3.03,0.65,327.6,3.28,27.17,1.17,0.36,0.0,observed_and_verified_proxy
2022-05-01,2022,5,2,Kozhikode,North,11.25,75.78,Seer Fish,726.05,3502.0,207.33,29.77,33.13,3.03,0.65,327.6,3.28,27.17,1.17,0.26,0.0,observed_and_verified_proxy
2022-05-01,2022,5,2,Kozhikode,North,11.25,75.78,Tuna,856.42,3502.0,244.55,29.77,33.13,3.03,0.65,327.6,3.28,27.17,1.17,0.277,0.0,observed_and_verified_proxy
2022-06-01,2022,6,2,Kozhikode,North,11.25,75.78,Oil Sardine,5177.65,3946.1,1312.08,28.91,33.3,3.82,0.95,288.9,2.73,26.23,1.61,0.451,0.0,observed_and_verified_proxy
2022-06-01,2022,6,2,Kozhikode,North,11.25,75.78,Indian Mackerel,2183.84,3946.1,553.41,28.91,33.3,3.82,0.95,288.9,2.73,26.23,1.61,0.402,0.0,observed_and_verified_proxy
2022-06-01,2022,6,2,Kozhikode,North,11.25,75.78,Seer Fish,674.58,3946.1,170.95,28.91,33.3,3.82,0.95,288.9,2.73,26.23,1.61,0.284,0.0,observed_and_verified_proxy
2022-06-01,2022,6,2,Kozhikode,North,11.25,75.78,Tuna,868.8,3946.1,220.16,28.91,33.3,3.82,0.95,288.9,2.73,26.23,1.61,0.314,0.0,observed_and_verified_proxy
2022-07-01,2022,7,3,Kozhikode,North,11.25,75.78,Oil Sardine,7536.34,4369.1,1724.92,27.27,31.91,4.38,1.0,622.5,3.46,25.26,2.1,0.513,0.0,observed_and_verified_proxy
2022-07-01,2022,7,3,Kozhikode,North,11.25,75.78,Indian Mackerel,3083.88,4369.1,705.84,27.27,31.91,4.38,1.0,622.5,3.46,25.26,2.1,0.471,0.0,observed_and_verified_proxy
2022-07-01,2022,7,3,Kozhikode,North,11.25,75.78,Seer Fish,1400.4,4369.1,320.53,27.27,31.91,4.38,1.0,622.5,3.46,25.26,2.1,0.403,0.0,observed_and_verified_proxy
2022-07-01,2022,7,3,Kozhikode,North,11.25,75.78,Tuna,1351.88,4369.1,309.42,27.27,31.91,4.38,1.0,622.5,3.46,25.26,2.1,0.4,0.0,observed_and_verified_proxy
2022-08-01,2022,8,3,Kozhikode,North,11.25,75.78,Oil Sardine,7064.08,4835.1,1461.0,26.55,32.16,4.02,0.9,562.8,3.52,25.01,1.83,0.566,0.0,observed_and_verified_proxy
2022-08-01,2022,8,3,Kozhikode,North,11.25,75.78,Indian Mackerel,3116.77,4835.1,644.61,26.55,32.16,4.02,0.9,562.8,3.52,25.01,1.83,0.522,0.0,observed_and_verified_proxy
2022-08-01,2022,8,3,Kozhikode,North,11.25,75.78,Seer Fish,1413.95,4835.1,292.43,26.55,32.16,4.02,0.9,562.8,3.52,25.01,1.83,0.448,0.0,observed_and_verified_proxy
2022-08-01,2022,8,3,Kozhikode,North,11.25,75.78,Tuna,1252.91,4835.1,259.13,26.55,32.16,4.02,0.9,562.8,3.52,25.01,1.83,0.433,0.0,observed_and_verified_proxy
2022-09-01,2022,9,3,Kozhikode,North,11.25,75.78,Oil Sardine,6188.58,4871.2,1270.45,26.93,33.64,2.74,0.6,207.3,2.76,25.34,1.24,0.565,0.0,observed_and_verified_proxy
2022-09-01,2022,9,3,Kozhikode,North,11.25,75.78,Indian Mackerel,3422.48,4871.2,702.6,26.93,33.64,2.74,0.6,207.3,2.76,25.34,1.24,0.533,0.0,observed_and_verified_proxy
2022-09-01,2022,9,3,Kozhikode,North,11.25,75.78,Seer Fish,1435.7,4871.2,294.73,26.93,33.64,2.74,0.6,207.3,2.76,25.34,1.24,0.453,0.0,observed_and_verified_proxy
2022-09-01,2022,9,3,Kozhikode,North,11.25,75.78,Tuna,1292.71,4871.2,265.38,26.93,33.64,2.74,0.6,207.3,2.76,25.34,1.24,0.44,0.0,observed_and_verified_proxy
2022-10-01,2022,10,4,Kozhikode,North,11.25,75.78,Oil Sardine,7582.39,7710.2,983.43,27.07,33.88,1.82,0.3,147.6,2.11,25.69,0.9,0.906,0.0,observed_and_verified_proxy
2022-10-01,2022,10,4,Kozhikode,North,11.25,75.78,Indian Mackerel,5223.31,7710.2,677.46,27.07,33.88,1.82,0.3,147.6,2.11,25.69,0.9,0.882,0.0,observed_and_verified_proxy
2022-10-01,2022,10,4,Kozhikode,North,11.25,75.78,Seer Fish,1944.98,7710.2,252.26,27.07,33.88,1.82,0.3,147.6,2.11,25.69,0.9,0.769,0.439,observed_and_verified_proxy
2022-10-01,2022,10,4,Kozhikode,North,11.25,75.78,Tuna,3343.57,7710.2,433.66,27.07,33.88,1.82,0.3,147.6,2.11,25.69,0.9,0.84,0.129,observed_and_verified_proxy
2022-11-01,2022,11,4,Kozhikode,North,11.25,75.78,Oil Sardine,6596.41,7601.4,867.79,28.73,34.08,1.26,0.12,101.1,1.71,25.93,0.62,0.885,0.0,observed_and_verified_proxy
2022-11-01,2022,11,4,Kozhikode,North,11.25,75.78,Indian Mackerel,5204.28,7601.4,684.65,28.73,34.08,1.26,0.12,101.1,1.71,25.93,0.62,0.869,0.0,observed_and_verified_proxy
2022-11-01,2022,11,4,Kozhikode,North,11.25,75.78,Seer Fish,2053.93,7601.4,270.21,28.73,34.08,1.26,0.12,101.1,1.71,25.93,0.62,0.766,0.395,observed_and_verified_proxy
2022-11-01,2022,11,4,Kozhikode,North,11.25,75.78,Tuna,3171.55,7601.4,417.23,28.73,34.08,1.26,0.12,101.1,1.71,25.93,0.62,0.823,0.142,observed_and_verified_proxy
2022-12-01,2022,12,4,Kozhikode,North,11.25,75.78,Oil Sardine,6360.86,7673.4,828.95,28.85,34.06,1.1,0.06,105.3,1.87,26.12,0.69,0.892,0.0,observed_and_verified_proxy
2022-12-01,2022,12,4,Kozhikode,North,11.25,75.78,Indian Mackerel,5644.8,7673.4,735.63,28.85,34.06,1.1,0.06,105.3,1.87,26.12,0.69,0.883,0.0,observed_and_verified_proxy
2022-12-01,2022,12,4,Kozhikode,North,11.25,75.78,Seer Fish,2065.44,7673.4,269.17,28.85,34.06,1.1,0.06,105.3,1.87,26.12,0.69,0.774,0.408,observed_and_verified_proxy
2022-12-01,2022,12,4,Kozhikode,North,11.25,75.78,Tuna,3044.9,7673.4,396.81,28.85,34.06,1.1,0.06,105.3,1.87,26.12,0.69,0.826,0.192,observed_and_verified_proxy
2022-01-01,2022,1,1,Ernakulam,Central,9.98,76.28,Oil Sardine,3997.48,5263.1,759.54,28.14,34.43,0.96,0.05,17.4,2.14,27.4,0.77,0.655,0.0,observed_and_verified_proxy
2022-01-01,2022,1,1,Ernakulam,Central,9.98,76.28,Indian Mackerel,3535.7,5263.1,671.8,28.14,34.43,0.96,0.05,17.4,2.14,27.4,0.77,0.646,0.0,observed_and_verified_proxy
2022-01-01,2022,1,1,Ernakulam,Central,9.98,76.28,Seer Fish,1009.67,5263.1,191.84,28.14,34.43,0.96,0.05,17.4,2.14,27.4,0.77,0.493,0.215,observed_and_verified_proxy
2022-01-01,2022,1,1,Ernakulam,Central,9.98,76.28,Tuna,2193.59,5263.1,416.79,28.14,34.43,0.96,0.05,17.4,2.14,27.4,0.77,0.6,0.0,observed_and_verified_proxy
2022-02-01,2022,2,1,Ernakulam,Central,9.98,76.28,Oil Sardine,4217.2,5582.3,755.46,28.86,34.4,1.11,0.1,24.3,2.05,28.51,0.77,0.699,0.0,observed_and_verified_proxy
2022-02-01,2022,2,1,Ernakulam,Central,9.98,76.28,Indian Mackerel,3749.26,5582.3,671.64,28.86,34.4,1.11,0.1,24.3,2.05,28.51,0.77,0.69,0.0,observed_and_verified_proxy
2022-02-01,2022,2,1,Ernakulam,Central,9.98,76.28,Seer Fish,1065.69,5582.3,190.91,28.86,34.4,1.11,0.1,24.3,2.05,28.51,0.77,0.532,0.268,observed_and_verified_proxy
2022-02-01,2022,2,1,Ernakulam,Central,9.98,76.28,Tuna,2264.71,5582.3,405.7,28.86,34.4,1.11,0.1,24.3,2.05,28.51,0.77,0.64,0.0,observed_and_verified_proxy
2022-03-01,2022,3,1,Ernakulam,Central,9.98,76.28,Oil Sardine,4734.72,5391.9,878.12,29.49,34.18,1.45,0.2,75.9,2.36,29.65,0.78,0.683,0.0,observed_and_verified_proxy
2022-03-01,2022,3,1,Ernakulam,Central,9.98,76.28,Indian Mackerel,3467.21,5391.9,643.05,29.49,34.18,1.45,0.2,75.9,2.36,29.65,0.78,0.66,0.0,observed_and_verified_proxy
2022-03-01,2022,3,1,Ernakulam,Central,9.98,76.28,Seer Fish,1009.45,5391.9,187.22,29.49,34.18,1.45,0.2,75.9,2.36,29.65,0.78,0.505,0.24,observed_and_verified_proxy
2022-03-01,2022,3,1,Ernakulam,Central,9.98,76.28,Tuna,2181.19,5391.9,404.53,29.49,34.18,1.45,0.2,75.9,2.36,29.65,0.78,0.614,0.0,observed_and_verified_proxy
2022-04-01,2022,4,2,Ernakulam,Central,9.98,76.28,Oil Sardine,3269.66,3331.7,981.38,29.85,33.31,2.14,0.35,286.5,2.2,28.36,0.91,0.405,0.0,observed_and_verified_proxy
2022-04-01,2022,4,2,Ernakulam,Central,9.98,76.28,Indian Mackerel,2273.11,3331.7,682.27,29.85,33.31,2.14,0.35,286.5,2.2,28.36,0.91,0.382,0.0,observed_and_verified_proxy
2022-04-01,2022,4,2,Ernakulam,Central,9.98,76.28,Seer Fish,622.19,3331.7,186.75,29.85,33.31,2.14,0.35,286.5,2.2,28.36,0.91,0.259,0.0,observed_and_verified_proxy
2022-04-01,2022,4,2,Ernakulam,Central,9.98,76.28,Tuna,758.79,3331.7,227.75,29.85,33.31,2.14,0.35,286.5,2.2,28.36,0.91,0.281,0.0,observed_and_verified_proxy
2022-05-01,2022,5,2,Ernakulam,Central,9.98,76.28,Oil Sardine,3727.57,3405.2,1094.67,29.77,32.72,3.15,0.65,426.6,3.63,27.62,1.51,0.421,0.0,observed_and_verified_proxy
2022-05-01,2022,5,2,Ernakulam,Central,9.98,76.28,Indian Mackerel,2082.89,3405.2,611.68,29.77,32.72,3.15,0.65,426.6,3.63,27.62,1.51,0.385,0.0,observed_and_verified_proxy
2022-05-01,2022,5,2,Ernakulam,Central,9.98,76.28,Seer Fish,606.29,3405.2,178.05,29.77,32.72,3.15,0.65,426.6,3.63,27.62,1.51,0.261,0.0,observed_and_verified_proxy
2022-05-01,2022,5,2,Ernakulam,Central,9.98,76.28,Tuna,796.78,3405.2,233.99,29.77,32.72,3.15,0.65,426.6,3.63,27.62,1.51,0.293,0.0,observed_and_verified_proxy
2022-06-01,2022,6,2,Ernakulam,Central,9.98,76.28,Oil Sardine,4540.97,3363.7,1349.98,28.91,33.16,3.86,0.95,321.3,3.21,26.75,1.82,0.424,0.0,observed_and_verified_proxy
2022-06-01,2022,6,2,Ernakulam,Central,9.98,76.28,Indian Mackerel,1868.0,3363.7,555.33,28.91,33.16,3.86,0.95,321.3,3.21,26.75,1.82,0.372,0.0,observed_and_verified_proxy
2022-06-01,2022,6,2,Ernakulam,Central,9.98,76.28,Seer Fish,641.28,3363.7,190.65,28.91,33.16,3.86,0.95,321.3,3.21,26.75,1.82,0.265,0.0,observed_and_verified_proxy
2022-06-01,2022,6,2,Ernakulam,Central,9.98,76.28,Tuna,747.86,3363.7,222.33,28.91,33.16,3.86,0.95,321.3,3.21,26.75,1.82,0.282,0.0,observed_and_verified_proxy
2022-07-01,2022,7,3,Ernakulam,Central,9.98,76.28,Oil Sardine,7099.33,3840.7,1848.44,27.27,32.7,4.14,1.0,432.9,3.81,25.83,2.27,0.503,0.0,observed_and_verified_proxy
2022-07-01,2022,7,3,Ernakulam,Central,9.98,76.28,Indian Mackerel,2740.28,3840.7,713.48,27.27,32.7,4.14,1.0,432.9,3.81,25.83,2.27,0.455,0.0,observed_and_verified_proxy
2022-07-01,2022,7,3,Ernakulam,Central,9.98,76.28,Seer Fish,1336.51,3840.7,347.98,27.27,32.7,4.14,1.0,432.9,3.81,25.83,2.27,0.391,0.0,observed_and_verified_proxy
2022-07-01,2022,7,3,Ernakulam,Central,9.98,76.28,Tuna,1185.4,3840.7,308.64,27.27,32.7,4.14,1.0,432.9,3.81,25.83,2.27,0.378,0.0,observed_and_verified_proxy
2022-08-01,2022,8,3,Ernakulam,Central,9.98,76.28,Oil Sardine,6730.6,3776.4,1782.26,26.55,32.41,3.95,0.9,501.9,3.92,25.68,2.08,0.492,0.0,observed_and_verified_proxy
2022-08-01,2022,8,3,Ernakulam,Central,9.98,76.28,Indian Mackerel,3045.21,3776.4,806.37,26.55,32.41,3.95,0.9,501.9,3.92,25.68,2.08,0.454,0.0,observed_and_verified_proxy
2022-08-01,2022,8,3,Ernakulam,Central,9.98,76.28,Seer Fish,1248.36,3776.4,330.56,26.55,32.41,3.95,0.9,501.9,3.92,25.68,2.08,0.378,0.0,observed_and_verified_proxy
2022-08-01,2022,8,3,Ernakulam,Central,9.98,76.28,Tuna,1208.0,3776.4,319.88,26.55,32.41,3.95,0.9,501.9,3.92,25.68,2.08,0.374,0.0,observed_and_verified_proxy
2022-09-01,2022,9,3,Ernakulam,Central,9.98,76.28,Oil Sardine,5652.73,3775.9,1497.07,26.93,33.73,2.71,0.6,185.4,3.3,26.01,1.53,0.486,0.0,observed_and_verified_proxy
2022-09-01,2022,9,3,Ernakulam,Central,9.98,76.28,Indian Mackerel,3191.46,3775.9,845.23,26.93,33.73,2.71,0.6,185.4,3.3,26.01,1.53,0.457,0.0,observed_and_verified_proxy
2022-09-01,2022,9,3,Ernakulam,Central,9.98,76.28,Seer Fish,1242.91,3775.9,329.17,26.93,33.73,2.71,0.6,185.4,3.3,26.01,1.53,0.377,0.0,observed_and_verified_proxy
2022-09-01,2022,9,3,Ernakulam,Central,9.98,76.28,Tuna,1123.47,3775.9,297.54,26.93,33.73,2.71,0.6,185.4,3.3,26.01,1.53,0.366,0.0,observed_and_verified_proxy
2022-10-01,2022,10,4,Ernakulam,Central,9.98,76.28,Oil Sardine,6821.33,6760.2,1009.05,27.07,33.63,1.9,0.3,207.6,2.51,26.39,1.16,0.882,0.0,observed_and_verified_proxy
2022-10-01,2022,10,4,Ernakulam,Central,9.98,76.28,Indian Mackerel,4609.15,6760.2,681.81,27.07,33.63,1.9,0.3,207.6,2.51,26.39,1.16,0.854,0.0,observed_and_verified_proxy
2022-10-01,2022,10,4,Ernakulam,Central,9.98,76.28,Seer Fish,1898.87,6760.2,280.89,27.07,33.63,1.9,0.3,207.6,2.51,26.39,1.16,0.749,0.35,observed_and_verified_proxy
2022-10-01,2022,10,4,Ernakulam,Central,9.98,76.28,Tuna,2758.45,6760.2,408.04,27.07,33.63,1.9,0.3,207.6,2.51,26.39,1.16,0.802,0.135,observed_and_verified_proxy
2022-11-01,2022,11,4,Ernakulam,Central,9.98,76.28,Oil Sardine,5583.85,6808.5,820.13,28.69,33.51,1.43,0.12,238.2,1.84,26.59,0.79,0.875,0.0,observed_and_verified_proxy
2022-11-01,2022,11,4,Ernakulam,Central,9.98,76.28,Indian Mackerel,4678.0,6808.5,687.09,28.69,33.51,1.43,0.12,238.2,1.84,26.59,0.79,0.861,0.0,observed_and_verified_proxy
2022-11-01,2022,11,4,Ernakulam,Central,9.98,76.28,Seer Fish,1739.26,6808.5,255.46,28.69,33.51,1.43,0.12,238.2,1.84,26.59,0.79,0.741,0.395,observed_and_verified_proxy
2022-11-01,2022,11,4,Ernakulam,Central,9.98,76.28,Tuna,2756.34,6808.5,404.84,28.69,33.51,1.43,0.12,238.2,1.84,26.59,0.79,0.807,0.15,observed_and_verified_proxy
2022-12-01,2022,12,4,Ernakulam,Central,9.98,76.28,Oil Sardine,5572.51,6452.2,863.66,28.82,33.95,1.13,0.06,133.2,1.97,27.06,0.87,0.829,0.0,observed_and_verified_proxy
2022-12-01,2022,12,4,Ernakulam,Central,9.98,76.28,Indian Mackerel,4784.83,6452.2,741.58,28.82,33.95,1.13,0.06,133.2,1.97,27.06,0.87,0.818,0.0,observed_and_verified_proxy
2022-12-01,2022,12,4,Ernakulam,Central,9.98,76.28,Seer Fish,1796.42,6452.2,278.42,28.82,33.95,1.13,0.06,133.2,1.97,27.06,0.87,0.707,0.3,observed_and_verified_proxy
2022-12-01,2022,12,4,Ernakulam,Central,9.98,76.28,Tuna,2809.09,6452.2,435.37,28.82,33.95,1.13,0.06,133.2,1.97,27.06,0.87,0.767,0.03,observed_and_verified_proxy
2022-01-01,2022,1,1,Alappuzha,South,9.49,76.33,Oil Sardine,3759.36,4735.4,793.89,28.14,33.74,1.17,0.05,182.1,3.5,26.07,0.84,0.663,0.0,observed_and_verified_proxy
2022-01-01,2022,1,1,Alappuzha,South,9.49,76.33,Indian Mackerel,3171.52,4735.4,669.75,28.14,33.74,1.17,0.05,182.1,3.5,26.07,0.84,0.649,0.0,observed_and_verified_proxy
2022-01-01,2022,1,1,Alappuzha,South,9.49,76.33,Seer Fish,914.58,4735.4,193.14,28.14,33.74,1.17,0.05,182.1,3.5,26.07,0.84,0.486,0.203,observed_and_verified_proxy
2022-01-01,2022,1,1,Alappuzha,South,9.49,76.33,Tuna,1871.34,4735.4,395.19,28.14,33.74,1.17,0.05,182.1,3.5,26.07,0.84,0.593,0.0,observed_and_verified_proxy
2022-02-01,2022,2,1,Alappuzha,South,9.49,76.33,Oil Sardine,3748.82,4916.8,762.45,28.86,34.37,1.12,0.1,32.4,3.02,27.4,0.83,0.689,0.0,observed_and_verified_proxy
2022-02-01,2022,2,1,Alappuzha,South,9.49,76.33,Indian Mackerel,3114.33,4916.8,633.4,28.86,34.37,1.12,0.1,32.4,3.02,27.4,0.83,0.672,0.0,observed_and_verified_proxy
2022-02-01,2022,2,1,Alappuzha,South,9.49,76.33,Seer Fish,921.36,4916.8,187.39,28.86,34.37,1.12,0.1,32.4,3.02,27.4,0.83,0.506,0.241,observed_and_verified_proxy
2022-02-01,2022,2,1,Alappuzha,South,9.49,76.33,Tuna,1838.73,4916.8,373.97,28.86,34.37,1.12,0.1,32.4,3.02,27.4,0.83,0.614,0.0,observed_and_verified_proxy
2022-03-01,2022,3,1,Alappuzha,South,9.49,76.33,Oil Sardine,4198.88,4974.4,844.1,29.49,34.31,1.42,0.2,44.4,2.84,28.87,0.92,0.706,0.0,observed_and_verified_proxy
2022-03-01,2022,3,1,Alappuzha,South,9.49,76.33,Indian Mackerel,3328.09,4974.4,669.04,29.49,34.31,1.42,0.2,44.4,2.84,28.87,0.92,0.686,0.0,observed_and_verified_proxy
2022-03-01,2022,3,1,Alappuzha,South,9.49,76.33,Seer Fish,880.48,4974.4,177.0,29.49,34.31,1.42,0.2,44.4,2.84,28.87,0.92,0.504,0.261,observed_and_verified_proxy
2022-03-01,2022,3,1,Alappuzha,South,9.49,76.33,Tuna,1985.49,4974.4,399.14,29.49,34.31,1.42,0.2,44.4,2.84,28.87,0.92,0.631,0.0,observed_and_verified_proxy
2022-04-01,2022,4,2,Alappuzha,South,9.49,76.33,Oil Sardine,2929.05,2793.1,1048.68,29.85,33.65,2.04,0.35,205.2,2.35,28.53,1.06,0.379,0.0,observed_and_verified_proxy
2022-04-01,2022,4,2,Alappuzha,South,9.49,76.33,Indian Mackerel,1921.73,2793.1,688.04,29.85,33.65,2.04,0.35,205.2,2.35,28.53,1.06,0.352,0.0,observed_and_verified_proxy
2022-04-01,2022,4,2,Alappuzha,South,9.49,76.33,Seer Fish,546.54,2793.1,195.68,29.85,33.65,2.04,0.35,205.2,2.35,28.53,1.06,0.232,0.0,observed_and_verified_proxy
2022-04-01,2022,4,2,Alappuzha,South,9.49,76.33,Tuna,710.54,2793.1,254.39,29.85,33.65,2.04,0.35,205.2,2.35,28.53,1.06,0.26,0.0,observed_and_verified_proxy
2022-05-01,2022,5,2,Alappuzha,South,9.49,76.33,Oil Sardine,3249.6,2828.0,1149.08,29.77,33.53,2.91,0.65,233.4,5.03,27.43,1.77,0.389,0.0,observed_and_verified_proxy
2022-05-01,2022,5,2,Alappuzha,South,9.49,76.33,Indian Mackerel,1728.64,2828.0,611.26,29.77,33.53,2.91,0.65,233.4,5.03,27.43,1.77,0.348,0.0,observed_and_verified_proxy
2022-05-01,2022,5,2,Alappuzha,South,9.49,76.33,Seer Fish,544.58,2828.0,192.57,29.77,33.53,2.91,0.65,233.4,5.03,27.43,1.77,0.234,0.0,observed_and_verified_proxy
2022-05-01,2022,5,2,Alappuzha,South,9.49,76.33,Tuna,664.93,2828.0,235.12,29.77,33.53,2.91,0.65,233.4,5.03,27.43,1.77,0.256,0.0,observed_and_verified_proxy
2022-06-01,2022,6,2,Alappuzha,South,9.49,76.33,Oil Sardine,3917.43,2965.9,1320.81,28.91,33.92,3.63,0.95,138.0,4.83,26.55,1.99,0.417,0.0,observed_and_verified_proxy
2022-06-01,2022,6,2,Alappuzha,South,9.49,76.33,Indian Mackerel,1778.06,2965.9,599.5,28.91,33.92,3.63,0.95,138.0,4.83,26.55,1.99,0.367,0.0,observed_and_verified_proxy
2022-06-01,2022,6,2,Alappuzha,South,9.49,76.33,Seer Fish,562.99,2965.9,189.82,28.91,33.92,3.63,0.95,138.0,4.83,26.55,1.99,0.249,0.0,observed_and_verified_proxy
2022-06-01,2022,6,2,Alappuzha,South,9.49,76.33,Tuna,658.35,2965.9,221.97,28.91,33.92,3.63,0.95,138.0,4.83,26.55,1.99,0.268,0.0,observed_and_verified_proxy
2022-07-01,2022,7,3,Alappuzha,South,9.49,76.33,Oil Sardine,6062.06,3292.1,1841.38,27.27,33.87,3.79,1.0,150.3,5.44,25.78,2.43,0.483,0.0,observed_and_verified_proxy
2022-07-01,2022,7,3,Alappuzha,South,9.49,76.33,Indian Mackerel,2649.72,3292.1,804.87,27.27,33.87,3.79,1.0,150.3,5.44,25.78,2.43,0.44,0.0,observed_and_verified_proxy
2022-07-01,2022,7,3,Alappuzha,South,9.49,76.33,Seer Fish,1118.35,3292.1,339.7,27.27,33.87,3.79,1.0,150.3,5.44,25.78,2.43,0.361,0.0,observed_and_verified_proxy
2022-07-01,2022,7,3,Alappuzha,South,9.49,76.33,Tuna,986.92,3292.1,299.78,27.27,33.87,3.79,1.0,150.3,5.44,25.78,2.43,0.347,0.0,observed_and_verified_proxy
2022-08-01,2022,8,3,Alappuzha,South,9.49,76.33,Oil Sardine,5842.29,3585.2,1629.58,26.55,33.59,3.59,0.9,218.7,5.31,25.57,2.23,0.524,0.0,observed_and_verified_proxy
2022-08-01,2022,8,3,Alappuzha,South,9.49,76.33,Indian Mackerel,2605.05,3585.2,726.62,26.55,33.59,3.59,0.9,218.7,5.31,25.57,2.23,0.477,0.0,observed_and_verified_proxy
2022-08-01,2022,8,3,Alappuzha,South,9.49,76.33,Seer Fish,1179.89,3585.2,329.1,26.55,33.59,3.59,0.9,218.7,5.31,25.57,2.23,0.4,0.0,observed_and_verified_proxy
2022-08-01,2022,8,3,Alappuzha,South,9.49,76.33,Tuna,1002.73,3585.2,279.69,26.55,33.59,3.59,0.9,218.7,5.31,25.57,2.23,0.38,0.0,observed_and_verified_proxy
2022-09-01,2022,9,3,Alappuzha,South,9.49,76.33,Oil Sardine,4711.45,3586.1,1313.79,26.93,34.2,2.57,0.6,71.7,4.69,25.93,1.71,0.515,0.0,observed_and_verified_proxy
2022-09-01,2022,9,3,Alappuzha,South,9.49,76.33,Indian Mackerel,2628.17,3586.1,732.87,26.93,34.2,2.57,0.6,71.7,4.69,25.93,1.71,0.478,0.0,observed_and_verified_proxy
2022-09-01,2022,9,3,Alappuzha,South,9.49,76.33,Seer Fish,1193.19,3586.1,332.72,26.93,34.2,2.57,0.6,71.7,4.69,25.93,1.71,0.401,0.0,observed_and_verified_proxy
2022-09-01,2022,9,3,Alappuzha,South,9.49,76.33,Tuna,1011.76,3586.1,282.13,26.93,34.2,2.57,0.6,71.7,4.69,25.93,1.71,0.381,0.0,observed_and_verified_proxy
2022-10-01,2022,10,4,Alappuzha,South,9.49,76.33,Oil Sardine,5988.04,5462.2,1096.27,27.07,33.69,1.88,0.3,195.6,3.48,26.26,1.36,0.8,0.0,observed_and_verified_proxy
2022-10-01,2022,10,4,Alappuzha,South,9.49,76.33,Indian Mackerel,4293.17,5462.2,785.98,27.07,33.69,1.88,0.3,195.6,3.48,26.26,1.36,0.777,0.0,observed_and_verified_proxy
2022-10-01,2022,10,4,Alappuzha,South,9.49,76.33,Seer Fish,1553.68,5462.2,284.44,27.07,33.69,1.88,0.3,195.6,3.48,26.26,1.36,0.656,0.221,observed_and_verified_proxy
2022-10-01,2022,10,4,Alappuzha,South,9.49,76.33,Tuna,2641.92,5462.2,483.67,27.07,33.69,1.88,0.3,195.6,3.48,26.26,1.36,0.729,0.0,observed_and_verified_proxy
2022-11-01,2022,11,4,Alappuzha,South,9.49,76.33,Oil Sardine,5299.28,5388.6,983.43,28.6,33.82,1.34,0.12,163.5,2.36,26.24,0.93,0.782,0.0,observed_and_verified_proxy
2022-11-01,2022,11,4,Alappuzha,South,9.49,76.33,Indian Mackerel,4068.68,5388.6,755.06,28.6,33.82,1.34,0.12,163.5,2.36,26.24,0.93,0.762,0.0,observed_and_verified_proxy
2022-11-01,2022,11,4,Alappuzha,South,9.49,76.33,Seer Fish,1620.46,5388.6,300.72,28.6,33.82,1.34,0.12,163.5,2.36,26.24,0.93,0.654,0.181,observed_and_verified_proxy
2022-11-01,2022,11,4,Alappuzha,South,9.49,76.33,Tuna,2563.7,5388.6,475.77,28.6,33.82,1.34,0.12,163.5,2.36,26.24,0.93,0.716,0.0,observed_and_verified_proxy
2022-12-01,2022,12,4,Alappuzha,South,9.49,76.33,Oil Sardine,4750.98,5242.7,906.2,28.75,34.12,1.08,0.06,91.8,3.28,26.48,0.99,0.753,0.0,observed_and_verified_proxy
2022-12-01,2022,12,4,Alappuzha,South,9.49,76.33,Indian Mackerel,4289.64,5242.7,818.2,28.75,34.12,1.08,0.06,91.8,3.28,26.48,0.99,0.745,0.0,observed_and_verified_proxy
2022-12-01,2022,12,4,Alappuzha,South,9.49,76.33,Seer Fish,1595.49,5242.7,304.32,28.75,34.12,1.08,0.06,91.8,3.28,26.48,0.99,0.634,0.147,observed_and_verified_proxy
2022-12-01,2022,12,4,Alappuzha,South,9.49,76.33,Tuna,2563.97,5242.7,489.05,28.75,34.12,1.08,0.06,91.8,3.28,26.48,0.99,0.696,0.0,observed_and_verified_proxy
2022-01-01,2022,1,1,Kollam,South,8.89,76.6,Oil Sardine,3563.91,4416.7,806.91,28.14,33.74,1.17,0.05,182.1,3.5,26.07,0.84,0.659,0.0,observed_and_verified_proxy
2022-01-01,2022,1,1,Kollam,South,8.89,76.6,Indian Mackerel,2976.94,4416.7,674.01,28.14,33.74,1.17,0.05,182.1,3.5,26.07,0.84,0.643,0.0,observed_and_verified_proxy
2022-01-01,2022,1,1,Kollam,South,8.89,76.6,Seer Fish,825.86,4416.7,186.98,28.14,33.74,1.17,0.05,182.1,3.5,26.07,0.84,0.468,0.193,observed_and_verified_proxy
2022-01-01,2022,1,1,Kollam,South,8.89,76.6,Tuna,1841.34,4416.7,416.9,28.14,33.74,1.17,0.05,182.1,3.5,26.07,0.84,0.591,0.0,observed_and_verified_proxy
2022-02-01,2022,2,1,Kollam,South,8.89,76.6,Oil Sardine,3696.99,4559.8,810.79,28.86,34.37,1.12,0.1,32.4,3.02,27.4,0.83,0.683,0.0,observed_and_verified_proxy
2022-02-01,2022,2,1,Kollam,South,8.89,76.6,Indian Mackerel,2986.02,4559.8,654.86,28.86,34.37,1.12,0.1,32.4,3.02,27.4,0.83,0.664,0.0,observed_and_verified_proxy
2022-02-01,2022,2,1,Kollam,South,8.89,76.6,Seer Fish,858.29,4559.8,188.23,28.86,34.37,1.12,0.1,32.4,3.02,27.4,0.83,0.49,0.219,observed_and_verified_proxy
2022-02-01,2022,2,1,Kollam,South,8.89,76.6,Tuna,1784.69,4559.8,391.4,28.86,34.37,1.12,0.1,32.4,3.02,27.4,0.83,0.606,0.0,observed_and_verified_proxy
2022-03-01,2022,3,1,Kollam,South,8.89,76.6,Oil Sardine,3872.34,4141.7,934.97,29.49,34.31,1.42,0.2,44.4,2.84,28.87,0.92,0.624,0.0,observed_and_verified_proxy
2022-03-01,2022,3,1,Kollam,South,8.89,76.6,Indian Mackerel,2934.57,4141.7,708.55,29.49,34.31,1.42,0.2,44.4,2.84,28.87,0.92,0.602,0.0,observed_and_verified_proxy
2022-03-01,2022,3,1,Kollam,South,8.89,76.6,Seer Fish,811.15,4141.7,195.85,29.49,34.31,1.42,0.2,44.4,2.84,28.87,0.92,0.436,0.131,observed_and_verified_proxy
2022-03-01,2022,3,1,Kollam,South,8.89,76.6,Tuna,1867.07,4141.7,450.8,29.49,34.31,1.42,0.2,44.4,2.84,28.87,0.92,0.556,0.0,observed_and_verified_proxy
2022-04-01,2022,4,2,Kollam,South,8.89,76.6,Oil Sardine,2641.89,2921.4,904.33,29.85,33.65,2.04,0.35,205.2,2.35,28.53,1.06,0.418,0.0,observed_and_verified_proxy
2022-04-01,2022,4,2,Kollam,South,8.89,76.6,Indian Mackerel,1867.44,2921.4,639.23,29.85,33.65,2.04,0.35,205.2,2.35,28.53,1.06,0.392,0.0,observed_and_verified_proxy
2022-04-01,2022,4,2,Kollam,South,8.89,76.6,Seer Fish,525.89,2921.4,180.02,29.85,33.65,2.04,0.35,205.2,2.35,28.53,1.06,0.255,0.0,observed_and_verified_proxy
2022-04-01,2022,4,2,Kollam,South,8.89,76.6,Tuna,642.62,2921.4,219.97,29.85,33.65,2.04,0.35,205.2,2.35,28.53,1.06,0.279,0.0,observed_and_verified_proxy
2022-05-01,2022,5,2,Kollam,South,8.89,76.6,Oil Sardine,3070.52,2669.3,1150.32,29.77,33.53,2.91,0.65,233.4,5.03,27.43,1.77,0.39,0.0,observed_and_verified_proxy
2022-05-01,2022,5,2,Kollam,South,8.89,76.6,Indian Mackerel,1620.91,2669.3,607.25,29.77,33.53,2.91,0.65,233.4,5.03,27.43,1.77,0.347,0.0,observed_and_verified_proxy
2022-05-01,2022,5,2,Kollam,South,8.89,76.6,Seer Fish,542.89,2669.3,203.39,29.77,33.53,2.91,0.65,233.4,5.03,27.43,1.77,0.236,0.0,observed_and_verified_proxy
2022-05-01,2022,5,2,Kollam,South,8.89,76.6,Tuna,624.78,2669.3,234.06,29.77,33.53,2.91,0.65,233.4,5.03,27.43,1.77,0.252,0.0,observed_and_verified_proxy
2022-06-01,2022,6,2,Kollam,South,8.89,76.6,Oil Sardine,3707.97,2528.2,1466.63,28.91,33.92,3.63,0.95,138.0,4.83,26.55,1.99,0.379,0.0,observed_and_verified_proxy
2022-06-01,2022,6,2,Kollam,South,8.89,76.6,Indian Mackerel,1645.6,2528.2,650.89,28.91,33.92,3.63,0.95,138.0,4.83,26.55,1.99,0.33,0.0,observed_and_verified_proxy
2022-06-01,2022,6,2,Kollam,South,8.89,76.6,Seer Fish,516.86,2528.2,204.43,28.91,33.92,3.63,0.95,138.0,4.83,26.55,1.99,0.219,0.0,observed_and_verified_proxy
2022-06-01,2022,6,2,Kollam,South,8.89,76.6,Tuna,618.48,2528.2,244.63,28.91,33.92,3.63,0.95,138.0,4.83,26.55,1.99,0.238,0.0,observed_and_verified_proxy
2022-07-01,2022,7,3,Kollam,South,8.89,76.6,Oil Sardine,5658.95,3111.7,1818.6,27.27,33.87,3.79,1.0,150.3,5.44,25.78,2.43,0.486,0.0,observed_and_verified_proxy
2022-07-01,2022,7,3,Kollam,South,8.89,76.6,Indian Mackerel,2302.44,3111.7,739.93,27.27,33.87,3.79,1.0,150.3,5.44,25.78,2.43,0.435,0.0,observed_and_verified_proxy
2022-07-01,2022,7,3,Kollam,South,8.89,76.6,Seer Fish,1040.51,3111.7,334.38,27.27,33.87,3.79,1.0,150.3,5.44,25.78,2.43,0.357,0.0,observed_and_verified_proxy
2022-07-01,2022,7,3,Kollam,South,8.89,76.6,Tuna,980.43,3111.7,315.08,27.27,33.87,3.79,1.0,150.3,5.44,25.78,2.43,0.35,0.0,observed_and_verified_proxy
2022-08-01,2022,8,3,Kollam,South,8.89,76.6,Oil Sardine,5515.72,3506.0,1573.24,26.55,33.59,3.59,0.9,218.7,5.31,25.57,2.23,0.547,0.0,observed_and_verified_proxy
2022-08-01,2022,8,3,Kollam,South,8.89,76.6,Indian Mackerel,2338.64,3506.0,667.05,26.55,33.59,3.59,0.9,218.7,5.31,25.57,2.23,0.491,0.0,observed_and_verified_proxy
2022-08-01,2022,8,3,Kollam,South,8.89,76.6,Seer Fish,1010.09,3506.0,288.11,26.55,33.59,3.59,0.9,218.7,5.31,25.57,2.23,0.399,0.0,observed_and_verified_proxy
2022-08-01,2022,8,3,Kollam,South,8.89,76.6,Tuna,1016.01,3506.0,289.8,26.55,33.59,3.59,0.9,218.7,5.31,25.57,2.23,0.4,0.0,observed_and_verified_proxy
2022-09-01,2022,9,3,Kollam,South,8.89,76.6,Oil Sardine,4591.4,3076.3,1492.53,26.93,34.2,2.57,0.6,71.7,4.69,25.93,1.71,0.472,0.0,observed_and_verified_proxy
2022-09-01,2022,9,3,Kollam,South,8.89,76.6,Indian Mackerel,2553.16,3076.3,829.96,26.93,34.2,2.57,0.6,71.7,4.69,25.93,1.71,0.437,0.0,observed_and_verified_proxy
2022-09-01,2022,9,3,Kollam,South,8.89,76.6,Seer Fish,1015.18,3076.3,330.01,26.93,34.2,2.57,0.6,71.7,4.69,25.93,1.71,0.351,0.0,observed_and_verified_proxy
2022-09-01,2022,9,3,Kollam,South,8.89,76.6,Tuna,990.78,3076.3,322.07,26.93,34.2,2.57,0.6,71.7,4.69,25.93,1.71,0.348,0.0,observed_and_verified_proxy
2022-10-01,2022,10,4,Kollam,South,8.89,76.6,Oil Sardine,5249.14,5031.3,1043.31,27.07,33.69,1.88,0.3,195.6,3.48,26.26,1.36,0.781,0.0,observed_and_verified_proxy
2022-10-01,2022,10,4,Kollam,South,8.89,76.6,Indian Mackerel,3882.29,5031.3,771.64,27.07,33.69,1.88,0.3,195.6,3.48,26.26,1.36,0.758,0.0,observed_and_verified_proxy
2022-10-01,2022,10,4,Kollam,South,8.89,76.6,Seer Fish,1451.77,5031.3,288.55,27.07,33.69,1.88,0.3,195.6,3.48,26.26,1.36,0.636,0.186,observed_and_verified_proxy
2022-10-01,2022,10,4,Kollam,South,8.89,76.6,Tuna,2421.82,5031.3,481.35,27.07,33.69,1.88,0.3,195.6,3.48,26.26,1.36,0.709,0.0,observed_and_verified_proxy
2022-11-01,2022,11,4,Kollam,South,8.89,76.6,Oil Sardine,4662.68,5641.2,826.54,28.6,33.82,1.34,0.12,163.5,2.36,26.24,0.93,0.866,0.0,observed_and_verified_proxy
2022-11-01,2022,11,4,Kollam,South,8.89,76.6,Indian Mackerel,4034.73,5641.2,715.22,28.6,33.82,1.34,0.12,163.5,2.36,26.24,0.93,0.854,0.0,observed_and_verified_proxy
2022-11-01,2022,11,4,Kollam,South,8.89,76.6,Seer Fish,1446.1,5641.2,256.35,28.6,33.82,1.34,0.12,163.5,2.36,26.24,0.93,0.713,0.357,observed_and_verified_proxy
2022-11-01,2022,11,4,Kollam,South,8.89,76.6,Tuna,2340.73,5641.2,414.93,28.6,33.82,1.34,0.12,163.5,2.36,26.24,0.93,0.791,0.106,observed_and_verified_proxy
2022-12-01,2022,12,4,Kollam,South,8.89,76.6,Oil Sardine,4767.94,5363.9,888.89,28.75,34.12,1.08,0.06,91.8,3.28,26.48,0.99,0.826,0.0,observed_and_verified_proxy
2022-12-01,2022,12,4,Kollam,South,8.89,76.6,Indian Mackerel,4027.27,5363.9,750.81,28.75,34.12,1.08,0.06,91.8,3.28,26.48,0.99,0.811,0.0,observed_and_verified_proxy
2022-12-01,2022,12,4,Kollam,South,8.89,76.6,Seer Fish,1504.62,5363.9,280.51,28.75,34.12,1.08,0.06,91.8,3.28,26.48,0.99,0.685,0.267,observed_and_verified_proxy
2022-12-01,2022,12,4,Kollam,South,8.89,76.6,Tuna,2253.48,5363.9,420.12,28.75,34.12,1.08,0.06,91.8,3.28,26.48,0.99,0.747,0.037,observed_and_verified_proxy
2022-01-01,2022,1,1,Kannur,North,11.87,75.37,Oil Sardine,2746.96,3323.4,826.56,28.14,34.45,0.96,0.05,12.3,2.16,25.96,0.65,0.609,0.0,observed_and_verified_proxy
2022-01-01,2022,1,1,Kannur,North,11.87,75.37,Indian Mackerel,2376.77,3323.4,715.17,28.14,34.45,0.96,0.05,12.3,2.16,25.96,0.65,0.594,0.0,observed_and_verified_proxy
2022-01-01,2022,1,1,Kannur,North,11.87,75.37,Seer Fish,686.62,3323.4,206.6,28.14,34.45,0.96,0.05,12.3,2.16,25.96,0.65,0.416,0.082,observed_and_verified_proxy
2022-01-01,2022,1,1,Kannur,North,11.87,75.37,Tuna,1432.02,3323.4,430.89,28.14,34.45,0.96,0.05,12.3,2.16,25.96,0.65,0.533,0.0,observed_and_verified_proxy
2022-02-01,2022,2,1,Kannur,North,11.87,75.37,Oil Sardine,2889.67,3614.4,799.48,28.86,34.48,1.08,0.1,3.9,2.31,27.38,0.66,0.667,0.0,observed_and_verified_proxy
2022-02-01,2022,2,1,Kannur,North,11.87,75.37,Indian Mackerel,2365.11,3614.4,654.36,28.86,34.48,1.08,0.1,3.9,2.31,27.38,0.66,0.646,0.0,observed_and_verified_proxy
2022-02-01,2022,2,1,Kannur,North,11.87,75.37,Seer Fish,695.79,3614.4,192.5,28.86,34.48,1.08,0.1,3.9,2.31,27.38,0.66,0.455,0.164,observed_and_verified_proxy
2022-02-01,2022,2,1,Kannur,North,11.87,75.37,Tuna,1437.58,3614.4,397.74,28.86,34.48,1.08,0.1,3.9,2.31,27.38,0.66,0.58,0.0,observed_and_verified_proxy
2022-03-01,2022,3,1,Kannur,North,11.87,75.37,Oil Sardine,3079.94,3634.5,847.41,29.49,34.31,1.42,0.2,45.9,2.37,28.67,0.63,0.677,0.0,observed_and_verified_proxy
2022-03-01,2022,3,1,Kannur,North,11.87,75.37,Indian Mackerel,2272.08,3634.5,625.13,29.49,34.31,1.42,0.2,45.9,2.37,28.67,0.63,0.645,0.0,observed_and_verified_proxy
2022-03-01,2022,3,1,Kannur,North,11.87,75.37,Seer Fish,638.34,3634.5,175.63,29.49,34.31,1.42,0.2,45.9,2.37,28.67,0.63,0.441,0.183,observed_and_verified_proxy
2022-03-01,2022,3,1,Kannur,North,11.87,75.37,Tuna,1479.85,3634.5,407.16,29.49,34.31,1.42,0.2,45.9,2.37,28.67,0.63,0.588,0.0,observed_and_verified_proxy
2022-04-01,2022,4,2,Kannur,North,11.87,75.37,Oil Sardine,2119.47,2029.6,1044.3,29.85,33.87,1.97,0.35,150.6,2.2,28.26,0.75,0.355,0.0,observed_and_verified_proxy
2022-04-01,2022,4,2,Kannur,North,11.87,75.37,Indian Mackerel,1459.96,2029.6,719.35,29.85,33.87,1.97,0.35,150.6,2.2,28.26,0.75,0.327,0.0,observed_and_verified_proxy
2022-04-01,2022,4,2,Kannur,North,11.87,75.37,Seer Fish,427.81,2029.6,210.79,29.85,33.87,1.97,0.35,150.6,2.2,28.26,0.75,0.203,0.0,observed_and_verified_proxy
2022-04-01,2022,4,2,Kannur,North,11.87,75.37,Tuna,509.12,2029.6,250.85,29.85,33.87,1.97,0.35,150.6,2.2,28.26,0.75,0.222,0.0,observed_and_verified_proxy
2022-05-01,2022,5,2,Kannur,North,11.87,75.37,Oil Sardine,2396.87,2194.6,1092.15,29.77,33.13,3.03,0.65,327.6,3.28,27.17,1.17,0.393,0.0,observed_and_verified_proxy
2022-05-01,2022,5,2,Kannur,North,11.87,75.37,Indian Mackerel,1372.17,2194.6,625.23,29.77,33.13,3.03,0.65,327.6,3.28,27.17,1.17,0.348,0.0,observed_and_verified_proxy
2022-05-01,2022,5,2,Kannur,North,11.87,75.37,Seer Fish,403.59,2194.6,183.9,29.77,33.13,3.03,0.65,327.6,3.28,27.17,1.17,0.212,0.0,observed_and_verified_proxy
2022-05-01,2022,5,2,Kannur,North,11.87,75.37,Tuna,503.94,2194.6,229.62,29.77,33.13,3.03,0.65,327.6,3.28,27.17,1.17,0.238,0.0,observed_and_verified_proxy
2022-06-01,2022,6,2,Kannur,North,11.87,75.37,Oil Sardine,2858.74,2077.8,1375.82,28.91,33.3,3.82,0.95,288.9,2.73,26.23,1.61,0.383,0.0,observed_and_verified_proxy
2022-06-01,2022,6,2,Kannur,North,11.87,75.37,Indian Mackerel,1214.44,2077.8,584.47,28.91,33.3,3.82,0.95,288.9,2.73,26.23,1.61,0.319,0.0,observed_and_verified_proxy
2022-06-01,2022,6,2,Kannur,North,11.87,75.37,Seer Fish,398.63,2077.8,191.85,28.91,33.3,3.82,0.95,288.9,2.73,26.23,1.61,0.2,0.0,observed_and_verified_proxy
2022-06-01,2022,6,2,Kannur,North,11.87,75.37,Tuna,514.22,2077.8,247.48,28.91,33.3,3.82,0.95,288.9,2.73,26.23,1.61,0.228,0.0,observed_and_verified_proxy
2022-07-01,2022,7,3,Kannur,North,11.87,75.37,Oil Sardine,4547.85,2668.3,1704.43,27.27,31.91,4.38,1.0,622.5,3.46,25.26,2.1,0.52,0.0,observed_and_verified_proxy
2022-07-01,2022,7,3,Kannur,North,11.87,75.37,Indian Mackerel,1854.31,2668.3,694.95,27.27,31.91,4.38,1.0,622.5,3.46,25.26,2.1,0.455,0.0,observed_and_verified_proxy
2022-07-01,2022,7,3,Kannur,North,11.87,75.37,Seer Fish,875.05,2668.3,327.95,27.27,31.91,4.38,1.0,622.5,3.46,25.26,2.1,0.368,0.0,observed_and_verified_proxy
2022-07-01,2022,7,3,Kannur,North,11.87,75.37,Tuna,741.78,2668.3,278.0,27.27,31.91,4.38,1.0,622.5,3.46,25.26,2.1,0.345,0.0,observed_and_verified_proxy
2022-08-01,2022,8,3,Kannur,North,11.87,75.37,Oil Sardine,4381.96,2697.0,1624.73,26.55,32.16,4.02,0.9,562.8,3.52,25.01,1.83,0.524,0.0,observed_and_verified_proxy
2022-08-01,2022,8,3,Kannur,North,11.87,75.37,Indian Mackerel,1971.41,2697.0,730.95,26.55,32.16,4.02,0.9,562.8,3.52,25.01,1.83,0.466,0.0,observed_and_verified_proxy
2022-08-01,2022,8,3,Kannur,North,11.87,75.37,Seer Fish,846.27,2697.0,313.78,26.55,32.16,4.02,0.9,562.8,3.52,25.01,1.83,0.367,0.0,observed_and_verified_proxy
2022-08-01,2022,8,3,Kannur,North,11.87,75.37,Tuna,778.86,2697.0,288.78,26.55,32.16,4.02,0.9,562.8,3.52,25.01,1.83,0.356,0.0,observed_and_verified_proxy
2022-09-01,2022,9,3,Kannur,North,11.87,75.37,Oil Sardine,3750.37,2459.7,1524.7,26.93,33.64,2.74,0.6,207.3,2.76,25.34,1.24,0.47,0.0,observed_and_verified_proxy
2022-09-01,2022,9,3,Kannur,North,11.87,75.37,Indian Mackerel,1964.81,2459.7,798.79,26.93,33.64,2.74,0.6,207.3,2.76,25.34,1.24,0.424,0.0,observed_and_verified_proxy
2022-09-01,2022,9,3,Kannur,North,11.87,75.37,Seer Fish,795.9,2459.7,323.57,26.93,33.64,2.74,0.6,207.3,2.76,25.34,1.24,0.327,0.0,observed_and_verified_proxy
2022-09-01,2022,9,3,Kannur,North,11.87,75.37,Tuna,790.95,2459.7,321.56,26.93,33.64,2.74,0.6,207.3,2.76,25.34,1.24,0.326,0.0,observed_and_verified_proxy
2022-10-01,2022,10,4,Kannur,North,11.87,75.37,Oil Sardine,4138.13,4285.9,965.52,27.07,33.88,1.82,0.3,147.6,2.11,25.69,0.9,0.828,0.0,observed_and_verified_proxy
2022-10-01,2022,10,4,Kannur,North,11.87,75.37,Indian Mackerel,2866.56,4285.9,668.84,27.07,33.88,1.82,0.3,147.6,2.11,25.69,0.9,0.79,0.0,observed_and_verified_proxy
2022-10-01,2022,10,4,Kannur,North,11.87,75.37,Seer Fish,1187.47,4285.9,277.06,27.07,33.88,1.82,0.3,147.6,2.11,25.69,0.9,0.653,0.233,observed_and_verified_proxy
2022-10-01,2022,10,4,Kannur,North,11.87,75.37,Tuna,1836.47,4285.9,428.49,27.07,33.88,1.82,0.3,147.6,2.11,25.69,0.9,0.729,0.0,observed_and_verified_proxy
2022-11-01,2022,11,4,Kannur,North,11.87,75.37,Oil Sardine,3832.8,4330.8,885.01,28.73,34.08,1.26,0.12,101.1,1.71,25.93,0.62,0.829,0.0,observed_and_verified_proxy
2022-11-01,2022,11,4,Kannur,North,11.87,75.37,Indian Mackerel,3141.87,4330.8,725.47,28.73,34.08,1.26,0.12,101.1,1.71,25.93,0.62,0.809,0.0,observed_and_verified_proxy
2022-11-01,2022,11,4,Kannur,North,11.87,75.37,Seer Fish,1215.92,4330.8,280.76,28.73,34.08,1.26,0.12,101.1,1.71,25.93,0.62,0.664,0.24,observed_and_verified_proxy
2022-11-01,2022,11,4,Kannur,North,11.87,75.37,Tuna,1864.31,4330.8,430.48,28.73,34.08,1.26,0.12,101.1,1.71,25.93,0.62,0.739,0.004,observed_and_verified_proxy
2022-12-01,2022,12,4,Kannur,North,11.87,75.37,Oil Sardine,3406.32,4148.0,821.2,28.85,34.06,1.1,0.06,105.3,1.87,26.12,0.69,0.783,0.0,observed_and_verified_proxy
2022-12-01,2022,12,4,Kannur,North,11.87,75.37,Indian Mackerel,3008.55,4148.0,725.3,28.85,34.06,1.1,0.06,105.3,1.87,26.12,0.69,0.77,0.0,observed_and_verified_proxy
2022-12-01,2022,12,4,Kannur,North,11.87,75.37,Seer Fish,1144.6,4148.0,275.94,28.85,34.06,1.1,0.06,105.3,1.87,26.12,0.69,0.625,0.199,observed_and_verified_proxy
2022-12-01,2022,12,4,Kannur,North,11.87,75.37,Tuna,1913.48,4148.0,461.31,28.85,34.06,1.1,0.06,105.3,1.87,26.12,0.69,0.712,0.0,observed_and_verified_proxy
2022-01-01,2022,1,1,Thiruvananthapuram,South,8.52,76.94,Oil Sardine,2223.67,2566.7,866.36,28.14,33.74,1.17,0.05,182.1,3.5,26.07,0.84,0.554,0.0,observed_and_verified_proxy
2022-01-01,2022,1,1,Thiruvananthapuram,South,8.52,76.94,Indian Mackerel,2050.0,2566.7,798.7,28.14,33.74,1.17,0.05,182.1,3.5,26.07,0.84,0.546,0.0,observed_and_verified_proxy
2022-01-01,2022,1,1,Thiruvananthapuram,South,8.52,76.94,Seer Fish,521.29,2566.7,203.1,28.14,33.74,1.17,0.05,182.1,3.5,26.07,0.84,0.347,0.0,observed_and_verified_proxy
2022-01-01,2022,1,1,Thiruvananthapuram,South,8.52,76.94,Tuna,1177.71,2566.7,458.85,28.14,33.74,1.17,0.05,182.1,3.5,26.07,0.84,0.477,0.0,observed_and_verified_proxy
2022-02-01,2022,2,1,Thiruvananthapuram,South,8.52,76.94,Oil Sardine,2239.54,2759.3,811.62,28.86,34.37,1.12,0.1,32.4,3.02,27.4,0.83,0.597,0.0,observed_and_verified_proxy
2022-02-01,2022,2,1,Thiruvananthapuram,South,8.52,76.94,Indian Mackerel,2040.78,2759.3,739.59,28.86,34.37,1.12,0.1,32.4,3.02,27.4,0.83,0.586,0.0,observed_and_verified_proxy
2022-02-01,2022,2,1,Thiruvananthapuram,South,8.52,76.94,Seer Fish,534.51,2759.3,193.71,28.86,34.37,1.12,0.1,32.4,3.02,27.4,0.83,0.377,0.06,observed_and_verified_proxy
2022-02-01,2022,2,1,Thiruvananthapuram,South,8.52,76.94,Tuna,1175.13,2759.3,425.87,28.86,34.37,1.12,0.1,32.4,3.02,27.4,0.83,0.512,0.0,observed_and_verified_proxy
2022-03-01,2022,3,1,Thiruvananthapuram,South,8.52,76.94,Oil Sardine,2491.66,2834.9,878.93,29.49,34.31,1.42,0.2,44.4,2.84,28.87,0.92,0.625,0.0,observed_and_verified_proxy
2022-03-01,2022,3,1,Thiruvananthapuram,South,8.52,76.94,Indian Mackerel,1901.63,2834.9,670.8,29.49,34.31,1.42,0.2,44.4,2.84,28.87,0.92,0.594,0.0,observed_and_verified_proxy
2022-03-01,2022,3,1,Thiruvananthapuram,South,8.52,76.94,Seer Fish,559.94,2834.9,197.52,29.49,34.31,1.42,0.2,44.4,2.84,28.87,0.92,0.396,0.076,observed_and_verified_proxy
2022-03-01,2022,3,1,Thiruvananthapuram,South,8.52,76.94,Tuna,1166.34,2834.9,411.43,29.49,34.31,1.42,0.2,44.4,2.84,28.87,0.92,0.525,0.0,observed_and_verified_proxy
2022-04-01,2022,4,2,Thiruvananthapuram,South,8.52,76.94,Oil Sardine,1617.65,1773.4,912.15,29.85,33.65,2.04,0.35,205.2,2.35,28.53,1.06,0.358,0.0,observed_and_verified_proxy
2022-04-01,2022,4,2,Thiruvananthapuram,South,8.52,76.94,Indian Mackerel,1179.93,1773.4,665.33,29.85,33.65,2.04,0.35,205.2,2.35,28.53,1.06,0.33,0.0,observed_and_verified_proxy
2022-04-01,2022,4,2,Thiruvananthapuram,South,8.52,76.94,Seer Fish,332.76,1773.4,187.63,29.85,33.65,2.04,0.35,205.2,2.35,28.53,1.06,0.187,0.0,observed_and_verified_proxy
2022-04-01,2022,4,2,Thiruvananthapuram,South,8.52,76.94,Tuna,395.59,1773.4,223.06,29.85,33.65,2.04,0.35,205.2,2.35,28.53,1.06,0.207,0.0,observed_and_verified_proxy
2022-05-01,2022,5,2,Thiruvananthapuram,South,8.52,76.94,Oil Sardine,1953.96,1671.0,1169.33,29.77,33.53,2.91,0.65,233.4,5.03,27.43,1.77,0.352,0.0,observed_and_verified_proxy
2022-05-01,2022,5,2,Thiruvananthapuram,South,8.52,76.94,Indian Mackerel,1067.12,1671.0,638.61,29.77,33.53,2.91,0.65,233.4,5.03,27.43,1.77,0.301,0.0,observed_and_verified_proxy
2022-05-01,2022,5,2,Thiruvananthapuram,South,8.52,76.94,Seer Fish,353.11,1671.0,211.32,29.77,33.53,2.91,0.65,233.4,5.03,27.43,1.77,0.183,0.0,observed_and_verified_proxy
2022-05-01,2022,5,2,Thiruvananthapuram,South,8.52,76.94,Tuna,408.24,1671.0,244.31,29.77,33.53,2.91,0.65,233.4,5.03,27.43,1.77,0.199,0.0,observed_and_verified_proxy
2022-06-01,2022,6,2,Thiruvananthapuram,South,8.52,76.94,Oil Sardine,2447.16,1842.6,1328.07,28.91,33.92,3.63,0.95,138.0,4.83,26.55,1.99,0.405,0.0,observed_and_verified_proxy
2022-06-01,2022,6,2,Thiruvananthapuram,South,8.52,76.94,Indian Mackerel,978.93,1842.6,531.26,28.91,33.92,3.63,0.95,138.0,4.83,26.55,1.99,0.323,0.0,observed_and_verified_proxy
2022-06-01,2022,6,2,Thiruvananthapuram,South,8.52,76.94,Seer Fish,348.28,1842.6,189.01,28.91,33.92,3.63,0.95,138.0,4.83,26.55,1.99,0.2,0.0,observed_and_verified_proxy
2022-06-01,2022,6,2,Thiruvananthapuram,South,8.52,76.94,Tuna,422.59,1842.6,229.34,28.91,33.92,3.63,0.95,138.0,4.83,26.55,1.99,0.223,0.0,observed_and_verified_proxy
2022-07-01,2022,7,3,Thiruvananthapuram,South,8.52,76.94,Oil Sardine,3737.57,2122.1,1761.27,27.27,33.87,3.79,1.0,150.3,5.44,25.78,2.43,0.495,0.0,observed_and_verified_proxy
2022-07-01,2022,7,3,Thiruvananthapuram,South,8.52,76.94,Indian Mackerel,1492.16,2122.1,703.16,27.27,33.87,3.79,1.0,150.3,5.44,25.78,2.43,0.42,0.0,observed_and_verified_proxy
2022-07-01,2022,7,3,Thiruvananthapuram,South,8.52,76.94,Seer Fish,656.81,2122.1,309.51,27.27,33.87,3.79,1.0,150.3,5.44,25.78,2.43,0.319,0.0,observed_and_verified_proxy
2022-07-01,2022,7,3,Thiruvananthapuram,South,8.52,76.94,Tuna,626.7,2122.1,295.32,27.27,33.87,3.79,1.0,150.3,5.44,25.78,2.43,0.312,0.0,observed_and_verified_proxy
2022-08-01,2022,8,3,Thiruvananthapuram,South,8.52,76.94,Oil Sardine,3530.31,2072.6,1703.36,26.55,33.59,3.59,0.9,218.7,5.31,25.57,2.23,0.48,0.0,observed_and_verified_proxy
2022-08-01,2022,8,3,Thiruvananthapuram,South,8.52,76.94,Indian Mackerel,1512.15,2072.6,729.61,26.55,33.59,3.59,0.9,218.7,5.31,25.57,2.23,0.412,0.0,observed_and_verified_proxy
2022-08-01,2022,8,3,Thiruvananthapuram,South,8.52,76.94,Seer Fish,670.6,2072.6,323.56,26.55,33.59,3.59,0.9,218.7,5.31,25.57,2.23,0.314,0.0,observed_and_verified_proxy
2022-08-01,2022,8,3,Thiruvananthapuram,South,8.52,76.94,Tuna,651.81,2072.6,314.49,26.55,33.59,3.59,0.9,218.7,5.31,25.57,2.23,0.31,0.0,observed_and_verified_proxy
2022-09-01,2022,9,3,Thiruvananthapuram,South,8.52,76.94,Oil Sardine,2860.5,2280.9,1254.1,26.93,34.2,2.57,0.6,71.7,4.69,25.93,1.71,0.514,0.0,observed_and_verified_proxy
2022-09-01,2022,9,3,Thiruvananthapuram,South,8.52,76.94,Indian Mackerel,1719.26,2280.9,753.76,26.93,34.2,2.57,0.6,71.7,4.69,25.93,1.71,0.467,0.0,observed_and_verified_proxy
2022-09-01,2022,9,3,Thiruvananthapuram,South,8.52,76.94,Seer Fish,681.92,2280.9,298.97,26.93,34.2,2.57,0.6,71.7,4.69,25.93,1.71,0.348,0.0,observed_and_verified_proxy
2022-09-01,2022,9,3,Thiruvananthapuram,South,8.52,76.94,Tuna,610.18,2280.9,267.51,26.93,34.2,2.57,0.6,71.7,4.69,25.93,1.71,0.332,0.0,observed_and_verified_proxy
2022-10-01,2022,10,4,Thiruvananthapuram,South,8.52,76.94,Oil Sardine,3482.23,3569.6,975.53,27.07,33.69,1.88,0.3,195.6,3.48,26.26,1.36,0.826,0.0,observed_and_verified_proxy
2022-10-01,2022,10,4,Thiruvananthapuram,South,8.52,76.94,Indian Mackerel,2504.32,3569.6,701.58,27.07,33.69,1.88,0.3,195.6,3.48,26.26,1.36,0.787,0.0,observed_and_verified_proxy
2022-10-01,2022,10,4,Thiruvananthapuram,South,8.52,76.94,Seer Fish,922.44,3569.6,258.42,27.07,33.69,1.88,0.3,195.6,3.48,26.26,1.36,0.612,0.222,observed_and_verified_proxy
2022-10-01,2022,10,4,Thiruvananthapuram,South,8.52,76.94,Tuna,1472.28,3569.6,412.45,27.07,33.69,1.88,0.3,195.6,3.48,26.26,1.36,0.705,0.0,observed_and_verified_proxy
2022-11-01,2022,11,4,Thiruvananthapuram,South,8.52,76.94,Oil Sardine,3087.38,3639.3,848.35,28.6,33.82,1.34,0.12,163.5,2.36,26.24,0.93,0.829,0.0,observed_and_verified_proxy
2022-11-01,2022,11,4,Thiruvananthapuram,South,8.52,76.94,Indian Mackerel,2505.57,3639.3,688.48,28.6,33.82,1.34,0.12,163.5,2.36,26.24,0.93,0.803,0.0,observed_and_verified_proxy
2022-11-01,2022,11,4,Thiruvananthapuram,South,8.52,76.94,Seer Fish,924.05,3639.3,253.91,28.6,33.82,1.34,0.12,163.5,2.36,26.24,0.93,0.625,0.248,observed_and_verified_proxy
2022-11-01,2022,11,4,Thiruvananthapuram,South,8.52,76.94,Tuna,1526.32,3639.3,419.4,28.6,33.82,1.34,0.12,163.5,2.36,26.24,0.93,0.725,0.011,observed_and_verified_proxy
2022-12-01,2022,12,4,Thiruvananthapuram,South,8.52,76.94,Oil Sardine,2929.68,3599.5,813.92,28.75,34.12,1.08,0.06,91.8,3.28,26.48,0.99,0.813,0.0,observed_and_verified_proxy
2022-12-01,2022,12,4,Thiruvananthapuram,South,8.52,76.94,Indian Mackerel,2623.96,3599.5,728.98,28.75,34.12,1.08,0.06,91.8,3.28,26.48,0.99,0.8,0.0,observed_and_verified_proxy
2022-12-01,2022,12,4,Thiruvananthapuram,South,8.52,76.94,Seer Fish,951.34,3599.5,264.3,28.75,34.12,1.08,0.06,91.8,3.28,26.48,0.99,0.624,0.224,observed_and_verified_proxy
2022-12-01,2022,12,4,Thiruvananthapuram,South,8.52,76.94,Tuna,1568.02,3599.5,435.62,28.75,34.12,1.08,0.06,91.8,3.28,26.48,0.99,0.722,0.0,observed_and_verified_proxy
2022-01-01,2022,1,1,Malappuram,North,11.07,76.07,Oil Sardine,1770.47,2063.2,858.11,28.14,34.45,0.96,0.05,12.3,2.16,25.96,0.65,0.547,0.0,observed_and_verified_proxy
2022-01-01,2022,1,1,Malappuram,North,11.07,76.07,Indian Mackerel,1452.58,2063.2,704.03,28.14,34.45,0.96,0.05,12.3,2.16,25.96,0.65,0.522,0.0,observed_and_verified_proxy
2022-01-01,2022,1,1,Malappuram,North,11.07,76.07,Seer Fish,428.42,2063.2,207.65,28.14,34.45,0.96,0.05,12.3,2.16,25.96,0.65,0.324,0.0,observed_and_verified_proxy
2022-01-01,2022,1,1,Malappuram,North,11.07,76.07,Tuna,885.57,2063.2,429.22,28.14,34.45,0.96,0.05,12.3,2.16,25.96,0.65,0.449,0.0,observed_and_verified_proxy
2022-02-01,2022,2,1,Malappuram,North,11.07,76.07,Oil Sardine,1788.03,2245.7,796.2,28.86,34.48,1.08,0.1,3.9,2.31,27.38,0.66,0.597,0.0,observed_and_verified_proxy
2022-02-01,2022,2,1,Malappuram,North,11.07,76.07,Indian Mackerel,1573.09,2245.7,700.49,28.86,34.48,1.08,0.1,3.9,2.31,27.38,0.66,0.58,0.0,observed_and_verified_proxy
2022-02-01,2022,2,1,Malappuram,North,11.07,76.07,Seer Fish,413.68,2245.7,184.21,28.86,34.48,1.08,0.1,3.9,2.31,27.38,0.66,0.346,0.04,observed_and_verified_proxy
2022-02-01,2022,2,1,Malappuram,North,11.07,76.07,Tuna,910.19,2245.7,405.3,28.86,34.48,1.08,0.1,3.9,2.31,27.38,0.66,0.493,0.0,observed_and_verified_proxy
2022-03-01,2022,3,1,Malappuram,North,11.07,76.07,Oil Sardine,1900.56,2283.2,832.4,29.49,34.31,1.42,0.2,45.9,2.37,28.67,0.63,0.615,0.0,observed_and_verified_proxy
2022-03-01,2022,3,1,Malappuram,North,11.07,76.07,Indian Mackerel,1477.03,2283.2,646.9,29.49,34.31,1.42,0.2,45.9,2.37,28.67,0.63,0.58,0.0,observed_and_verified_proxy
2022-03-01,2022,3,1,Malappuram,North,11.07,76.07,Seer Fish,416.69,2283.2,182.5,29.49,34.31,1.42,0.2,45.9,2.37,28.67,0.63,0.353,0.053,observed_and_verified_proxy
2022-03-01,2022,3,1,Malappuram,North,11.07,76.07,Tuna,926.43,2283.2,405.75,29.49,34.31,1.42,0.2,45.9,2.37,28.67,0.63,0.504,0.0,observed_and_verified_proxy
2022-04-01,2022,4,2,Malappuram,North,11.07,76.07,Oil Sardine,1284.37,1389.1,924.63,29.85,33.87,1.97,0.35,150.6,2.2,28.26,0.75,0.34,0.0,observed_and_verified_proxy
2022-04-01,2022,4,2,Malappuram,North,11.07,76.07,Indian Mackerel,908.3,1389.1,653.89,29.85,33.87,1.97,0.35,150.6,2.2,28.26,0.75,0.305,0.0,observed_and_verified_proxy
2022-04-01,2022,4,2,Malappuram,North,11.07,76.07,Seer Fish,264.04,1389.1,190.09,29.85,33.87,1.97,0.35,150.6,2.2,28.26,0.75,0.163,0.0,observed_and_verified_proxy
2022-04-01,2022,4,2,Malappuram,North,11.07,76.07,Tuna,307.13,1389.1,221.1,29.85,33.87,1.97,0.35,150.6,2.2,28.26,0.75,0.18,0.0,observed_and_verified_proxy
2022-05-01,2022,5,2,Malappuram,North,11.07,76.07,Oil Sardine,1583.73,1419.5,1115.7,29.77,33.13,3.03,0.65,327.6,3.28,27.17,1.17,0.367,0.0,observed_and_verified_proxy
2022-05-01,2022,5,2,Malappuram,North,11.07,76.07,Indian Mackerel,873.54,1419.5,615.39,29.77,33.13,3.03,0.65,327.6,3.28,27.17,1.17,0.307,0.0,observed_and_verified_proxy
2022-05-01,2022,5,2,Malappuram,North,11.07,76.07,Seer Fish,262.03,1419.5,184.59,29.77,33.13,3.03,0.65,327.6,3.28,27.17,1.17,0.166,0.0,observed_and_verified_proxy
2022-05-01,2022,5,2,Malappuram,North,11.07,76.07,Tuna,312.1,1419.5,219.87,29.77,33.13,3.03,0.65,327.6,3.28,27.17,1.17,0.186,0.0,observed_and_verified_proxy
2022-06-01,2022,6,2,Malappuram,North,11.07,76.07,Oil Sardine,1807.78,1353.1,1336.07,28.91,33.3,3.82,0.95,288.9,2.73,26.23,1.61,0.361,0.0,observed_and_verified_proxy
2022-06-01,2022,6,2,Malappuram,North,11.07,76.07,Indian Mackerel,790.27,1353.1,584.06,28.91,33.3,3.82,0.95,288.9,2.73,26.23,1.61,0.282,0.0,observed_and_verified_proxy
2022-06-01,2022,6,2,Malappuram,North,11.07,76.07,Seer Fish,258.04,1353.1,190.71,28.91,33.3,3.82,0.95,288.9,2.73,26.23,1.61,0.157,0.0,observed_and_verified_proxy
2022-06-01,2022,6,2,Malappuram,North,11.07,76.07,Tuna,309.04,1353.1,228.4,28.91,33.3,3.82,0.95,288.9,2.73,26.23,1.61,0.176,0.0,observed_and_verified_proxy
2022-07-01,2022,7,3,Malappuram,North,11.07,76.07,Oil Sardine,2873.44,1645.4,1746.3,27.27,31.91,4.38,1.0,622.5,3.46,25.26,2.1,0.477,0.0,observed_and_verified_proxy
2022-07-01,2022,7,3,Malappuram,North,11.07,76.07,Indian Mackerel,1189.72,1645.4,723.03,27.27,31.91,4.38,1.0,622.5,3.46,25.26,2.1,0.394,0.0,observed_and_verified_proxy
2022-07-01,2022,7,3,Malappuram,North,11.07,76.07,Seer Fish,510.1,1645.4,310.0,27.27,31.91,4.38,1.0,622.5,3.46,25.26,2.1,0.283,0.0,observed_and_verified_proxy
2022-07-01,2022,7,3,Malappuram,North,11.07,76.07,Tuna,472.76,1645.4,287.31,27.27,31.91,4.38,1.0,622.5,3.46,25.26,2.1,0.272,0.0,observed_and_verified_proxy
2022-08-01,2022,8,3,Malappuram,North,11.07,76.07,Oil Sardine,2618.72,1690.5,1549.04,26.55,32.16,4.02,0.9,562.8,3.52,25.01,1.83,0.483,0.0,observed_and_verified_proxy
2022-08-01,2022,8,3,Malappuram,North,11.07,76.07,Indian Mackerel,1199.04,1690.5,709.26,26.55,32.16,4.02,0.9,562.8,3.52,25.01,1.83,0.406,0.0,observed_and_verified_proxy
2022-08-01,2022,8,3,Malappuram,North,11.07,76.07,Seer Fish,555.96,1690.5,328.87,26.55,32.16,4.02,0.9,562.8,3.52,25.01,1.83,0.303,0.0,observed_and_verified_proxy
2022-08-01,2022,8,3,Malappuram,North,11.07,76.07,Tuna,475.65,1690.5,281.36,26.55,32.16,4.02,0.9,562.8,3.52,25.01,1.83,0.28,0.0,observed_and_verified_proxy
2022-09-01,2022,9,3,Malappuram,North,11.07,76.07,Oil Sardine,2320.99,1729.9,1341.68,26.93,33.64,2.74,0.6,207.3,2.76,25.34,1.24,0.484,0.0,observed_and_verified_proxy
2022-09-01,2022,9,3,Malappuram,North,11.07,76.07,Indian Mackerel,1251.14,1729.9,723.25,26.93,33.64,2.74,0.6,207.3,2.76,25.34,1.24,0.42,0.0,observed_and_verified_proxy
2022-09-01,2022,9,3,Malappuram,North,11.07,76.07,Seer Fish,547.01,1729.9,316.21,26.93,33.64,2.74,0.6,207.3,2.76,25.34,1.24,0.307,0.0,observed_and_verified_proxy
2022-09-01,2022,9,3,Malappuram,North,11.07,76.07,Tuna,475.09,1729.9,274.63,26.93,33.64,2.74,0.6,207.3,2.76,25.34,1.24,0.287,0.0,observed_and_verified_proxy
2022-10-01,2022,10,4,Malappuram,North,11.07,76.07,Oil Sardine,2661.4,2701.8,985.04,27.07,33.88,1.82,0.3,147.6,2.11,25.69,0.9,0.774,0.0,observed_and_verified_proxy
2022-10-01,2022,10,4,Malappuram,North,11.07,76.07,Indian Mackerel,1992.98,2701.8,737.64,27.07,33.88,1.82,0.3,147.6,2.11,25.69,0.9,0.735,0.0,observed_and_verified_proxy
2022-10-01,2022,10,4,Malappuram,North,11.07,76.07,Seer Fish,765.79,2701.8,283.43,27.07,33.88,1.82,0.3,147.6,2.11,25.69,0.9,0.556,0.093,observed_and_verified_proxy
2022-10-01,2022,10,4,Malappuram,North,11.07,76.07,Tuna,1227.35,2701.8,454.27,27.07,33.88,1.82,0.3,147.6,2.11,25.69,0.9,0.653,0.0,observed_and_verified_proxy
2022-11-01,2022,11,4,Malappuram,North,11.07,76.07,Oil Sardine,2417.04,2559.2,944.45,28.73,34.08,1.26,0.12,101.1,1.71,25.93,0.62,0.721,0.0,observed_and_verified_proxy
2022-11-01,2022,11,4,Malappuram,North,11.07,76.07,Indian Mackerel,1946.39,2559.2,760.55,28.73,34.08,1.26,0.12,101.1,1.71,25.93,0.62,0.693,0.0,observed_and_verified_proxy
2022-11-01,2022,11,4,Malappuram,North,11.07,76.07,Seer Fish,740.31,2559.2,289.27,28.73,34.08,1.26,0.12,101.1,1.71,25.93,0.62,0.52,0.033,observed_and_verified_proxy
2022-11-01,2022,11,4,Malappuram,North,11.07,76.07,Tuna,1120.96,2559.2,438.01,28.73,34.08,1.26,0.12,101.1,1.71,25.93,0.62,0.602,0.0,observed_and_verified_proxy
2022-12-01,2022,12,4,Malappuram,North,11.07,76.07,Oil Sardine,2324.65,2728.3,852.04,28.85,34.06,1.1,0.06,105.3,1.87,26.12,0.69,0.764,0.0,observed_and_verified_proxy
2022-12-01,2022,12,4,Malappuram,North,11.07,76.07,Indian Mackerel,1979.36,2728.3,725.48,28.85,34.06,1.1,0.06,105.3,1.87,26.12,0.69,0.741,0.0,observed_and_verified_proxy
2022-12-01,2022,12,4,Malappuram,North,11.07,76.07,Seer Fish,733.33,2728.3,268.78,28.85,34.06,1.1,0.06,105.3,1.87,26.12,0.69,0.552,0.12,observed_and_verified_proxy
2022-12-01,2022,12,4,Malappuram,North,11.07,76.07,Tuna,1123.21,2728.3,411.68,28.85,34.06,1.1,0.06,105.3,1.87,26.12,0.69,0.642,0.0,observed_and_verified_proxy
2022-01-01,2022,1,1,Thrissur,Central,10.52,76.21,Oil Sardine,1265.55,1661.4,761.72,28.14,34.43,0.96,0.05,17.4,2.14,27.4,0.77,0.567,0.0,observed_and_verified_proxy
2022-01-01,2022,1,1,Thrissur,Central,10.52,76.21,Indian Mackerel,1064.31,1661.4,640.6,28.14,34.43,0.96,0.05,17.4,2.14,27.4,0.77,0.538,0.0,observed_and_verified_proxy
2022-01-01,2022,1,1,Thrissur,Central,10.52,76.21,Seer Fish,299.27,1661.4,180.13,28.14,34.43,0.96,0.05,17.4,2.14,27.4,0.77,0.296,0.0,observed_and_verified_proxy
2022-01-01,2022,1,1,Thrissur,Central,10.52,76.21,Tuna,672.95,1661.4,405.04,28.14,34.43,0.96,0.05,17.4,2.14,27.4,0.77,0.454,0.0,observed_and_verified_proxy
2022-02-01,2022,2,1,Thrissur,Central,10.52,76.21,Oil Sardine,1282.3,1421.3,902.2,28.86,34.4,1.11,0.1,24.3,2.05,28.51,0.77,0.487,0.0,observed_and_verified_proxy
2022-02-01,2022,2,1,Thrissur,Central,10.52,76.21,Indian Mackerel,1060.07,1421.3,745.84,28.86,34.4,1.11,0.1,24.3,2.05,28.51,0.77,0.46,0.0,observed_and_verified_proxy
2022-02-01,2022,2,1,Thrissur,Central,10.52,76.21,Seer Fish,315.84,1421.3,222.22,28.86,34.4,1.11,0.1,24.3,2.05,28.51,0.77,0.262,0.0,observed_and_verified_proxy
2022-02-01,2022,2,1,Thrissur,Central,10.52,76.21,Tuna,672.26,1421.3,472.99,28.86,34.4,1.11,0.1,24.3,2.05,28.51,0.77,0.388,0.0,observed_and_verified_proxy
2022-03-01,2022,3,1,Thrissur,Central,10.52,76.21,Oil Sardine,1369.75,1632.4,839.08,29.49,34.18,1.45,0.2,75.9,2.36,29.65,0.78,0.569,0.0,observed_and_verified_proxy
2022-03-01,2022,3,1,Thrissur,Central,10.52,76.21,Indian Mackerel,1019.93,1632.4,624.79,29.49,34.18,1.45,0.2,75.9,2.36,29.65,0.78,0.522,0.0,observed_and_verified_proxy
2022-03-01,2022,3,1,Thrissur,Central,10.52,76.21,Seer Fish,293.58,1632.4,179.84,29.49,34.18,1.45,0.2,75.9,2.36,29.65,0.78,0.288,0.0,observed_and_verified_proxy
2022-03-01,2022,3,1,Thrissur,Central,10.52,76.21,Tuna,651.74,1632.4,399.24,29.49,34.18,1.45,0.2,75.9,2.36,29.65,0.78,0.44,0.0,observed_and_verified_proxy
2022-04-01,2022,4,2,Thrissur,Central,10.52,76.21,Oil Sardine,935.48,991.7,943.32,29.85,33.31,2.14,0.35,286.5,2.2,28.36,0.91,0.308,0.0,observed_and_verified_proxy
2022-04-01,2022,4,2,Thrissur,Central,10.52,76.21,Indian Mackerel,636.28,991.7,641.61,29.85,33.31,2.14,0.35,286.5,2.2,28.36,0.91,0.264,0.0,observed_and_verified_proxy
2022-04-01,2022,4,2,Thrissur,Central,10.52,76.21,Seer Fish,194.09,991.7,195.71,29.85,33.31,2.14,0.35,286.5,2.2,28.36,0.91,0.132,0.0,observed_and_verified_proxy
2022-04-01,2022,4,2,Thrissur,Central,10.52,76.21,Tuna,235.82,991.7,237.8,29.85,33.31,2.14,0.35,286.5,2.2,28.36,0.91,0.151,0.0,observed_and_verified_proxy
2022-05-01,2022,5,2,Thrissur,Central,10.52,76.21,Oil Sardine,1096.98,914.5,1199.56,29.77,32.72,3.15,0.65,426.6,3.63,27.62,1.51,0.299,0.0,observed_and_verified_proxy
2022-05-01,2022,5,2,Thrissur,Central,10.52,76.21,Indian Mackerel,594.86,914.5,650.48,29.77,32.72,3.15,0.65,426.6,3.63,27.62,1.51,0.237,0.0,observed_and_verified_proxy
2022-05-01,2022,5,2,Thrissur,Central,10.52,76.21,Seer Fish,196.0,914.5,214.33,29.77,32.72,3.15,0.65,426.6,3.63,27.62,1.51,0.123,0.0,observed_and_verified_proxy
2022-05-01,2022,5,2,Thrissur,Central,10.52,76.21,Tuna,223.24,914.5,244.12,29.77,32.72,3.15,0.65,426.6,3.63,27.62,1.51,0.134,0.0,observed_and_verified_proxy
2022-06-01,2022,6,2,Thrissur,Central,10.52,76.21,Oil Sardine,1304.08,1012.6,1287.89,28.91,33.16,3.86,0.95,321.3,3.21,26.75,1.82,0.349,0.0,observed_and_verified_proxy
2022-06-01,2022,6,2,Thrissur,Central,10.52,76.21,Indian Mackerel,548.63,1012.6,541.82,28.91,33.16,3.86,0.95,321.3,3.21,26.75,1.82,0.252,0.0,observed_and_verified_proxy
2022-06-01,2022,6,2,Thrissur,Central,10.52,76.21,Seer Fish,194.64,1012.6,192.23,28.91,33.16,3.86,0.95,321.3,3.21,26.75,1.82,0.135,0.0,observed_and_verified_proxy
2022-06-01,2022,6,2,Thrissur,Central,10.52,76.21,Tuna,234.82,1012.6,231.9,28.91,33.16,3.86,0.95,321.3,3.21,26.75,1.82,0.154,0.0,observed_and_verified_proxy
2022-07-01,2022,7,3,Thrissur,Central,10.52,76.21,Oil Sardine,2015.92,1132.3,1780.39,27.27,32.7,4.14,1.0,432.9,3.81,25.83,2.27,0.432,0.0,observed_and_verified_proxy
2022-07-01,2022,7,3,Thrissur,Central,10.52,76.21,Indian Mackerel,815.55,1132.3,720.27,27.27,32.7,4.14,1.0,432.9,3.81,25.83,2.27,0.334,0.0,observed_and_verified_proxy
2022-07-01,2022,7,3,Thrissur,Central,10.52,76.21,Seer Fish,397.42,1132.3,350.99,27.27,32.7,4.14,1.0,432.9,3.81,25.83,2.27,0.239,0.0,observed_and_verified_proxy
2022-07-01,2022,7,3,Thrissur,Central,10.52,76.21,Tuna,341.8,1132.3,301.86,27.27,32.7,4.14,1.0,432.9,3.81,25.83,2.27,0.219,0.0,observed_and_verified_proxy
2022-08-01,2022,8,3,Thrissur,Central,10.52,76.21,Oil Sardine,1912.39,1123.0,1703.0,26.55,32.41,3.95,0.9,501.9,3.92,25.68,2.08,0.424,0.0,observed_and_verified_proxy
2022-08-01,2022,8,3,Thrissur,Central,10.52,76.21,Indian Mackerel,852.66,1123.0,759.3,26.55,32.41,3.95,0.9,501.9,3.92,25.68,2.08,0.337,0.0,observed_and_verified_proxy
2022-08-01,2022,8,3,Thrissur,Central,10.52,76.21,Seer Fish,373.76,1123.0,332.84,26.55,32.41,3.95,0.9,501.9,3.92,25.68,2.08,0.229,0.0,observed_and_verified_proxy
2022-08-01,2022,8,3,Thrissur,Central,10.52,76.21,Tuna,362.82,1123.0,323.1,26.55,32.41,3.95,0.9,501.9,3.92,25.68,2.08,0.225,0.0,observed_and_verified_proxy
2022-09-01,2022,9,3,Thrissur,Central,10.52,76.21,Oil Sardine,1639.7,1199.9,1366.58,26.93,33.73,2.71,0.6,185.4,3.3,26.01,1.53,0.438,0.0,observed_and_verified_proxy
2022-09-01,2022,9,3,Thrissur,Central,10.52,76.21,Indian Mackerel,891.01,1199.9,742.6,26.93,33.73,2.71,0.6,185.4,3.3,26.01,1.53,0.366,0.0,observed_and_verified_proxy
2022-09-01,2022,9,3,Thrissur,Central,10.52,76.21,Seer Fish,394.91,1199.9,329.14,26.93,33.73,2.71,0.6,185.4,3.3,26.01,1.53,0.252,0.0,observed_and_verified_proxy
2022-09-01,2022,9,3,Thrissur,Central,10.52,76.21,Tuna,356.03,1199.9,296.73,26.93,33.73,2.71,0.6,185.4,3.3,26.01,1.53,0.238,0.0,observed_and_verified_proxy
2022-10-01,2022,10,4,Thrissur,Central,10.52,76.21,Oil Sardine,1947.81,1861.7,1046.25,27.07,33.63,1.9,0.3,207.6,2.51,26.39,1.16,0.705,0.0,observed_and_verified_proxy
2022-10-01,2022,10,4,Thrissur,Central,10.52,76.21,Indian Mackerel,1357.48,1861.7,729.16,27.07,33.63,1.9,0.3,207.6,2.51,26.39,1.16,0.648,0.0,observed_and_verified_proxy
2022-10-01,2022,10,4,Thrissur,Central,10.52,76.21,Seer Fish,518.4,1861.7,278.45,27.07,33.63,1.9,0.3,207.6,2.51,26.39,1.16,0.451,0.0,observed_and_verified_proxy
2022-10-01,2022,10,4,Thrissur,Central,10.52,76.21,Tuna,809.62,1861.7,434.88,27.07,33.63,1.9,0.3,207.6,2.51,26.39,1.16,0.548,0.0,observed_and_verified_proxy
2022-11-01,2022,11,4,Thrissur,Central,10.52,76.21,Oil Sardine,1668.33,1910.8,873.09,28.69,33.51,1.43,0.12,238.2,1.84,26.59,0.79,0.7,0.0,observed_and_verified_proxy
2022-11-01,2022,11,4,Thrissur,Central,10.52,76.21,Indian Mackerel,1353.14,1910.8,708.14,28.69,33.51,1.43,0.12,238.2,1.84,26.59,0.79,0.664,0.0,observed_and_verified_proxy
2022-11-01,2022,11,4,Thrissur,Central,10.52,76.21,Seer Fish,536.96,1910.8,281.01,28.69,33.51,1.43,0.12,238.2,1.84,26.59,0.79,0.471,0.0,observed_and_verified_proxy
2022-11-01,2022,11,4,Thrissur,Central,10.52,76.21,Tuna,881.87,1910.8,461.51,28.69,33.51,1.43,0.12,238.2,1.84,26.59,0.79,0.581,0.0,observed_and_verified_proxy
2022-12-01,2022,12,4,Thrissur,Central,10.52,76.21,Oil Sardine,1587.51,1756.0,904.05,28.82,33.95,1.13,0.06,133.2,1.97,27.06,0.87,0.636,0.0,observed_and_verified_proxy
2022-12-01,2022,12,4,Thrissur,Central,10.52,76.21,Indian Mackerel,1451.26,1756.0,826.46,28.82,33.95,1.13,0.06,133.2,1.97,27.06,0.87,0.622,0.0,observed_and_verified_proxy
2022-12-01,2022,12,4,Thrissur,Central,10.52,76.21,Seer Fish,512.25,1756.0,291.71,28.82,33.95,1.13,0.06,133.2,1.97,27.06,0.87,0.423,0.0,observed_and_verified_proxy
2022-12-01,2022,12,4,Thrissur,Central,10.52,76.21,Tuna,876.05,1756.0,498.89,28.82,33.95,1.13,0.06,133.2,1.97,27.06,0.87,0.532,0.0,observed_and_verified_proxy
2022-01-01,2022,1,1,Kasaragod,North,12.5,74.99,Oil Sardine,717.65,893.1,803.53,28.14,34.45,0.96,0.05,12.3,2.16,25.96,0.65,0.418,0.0,observed_and_verified_proxy
2022-01-01,2022,1,1,Kasaragod,North,12.5,74.99,Indian Mackerel,639.06,893.1,715.53,28.14,34.45,0.96,0.05,12.3,2.16,25.96,0.65,0.398,0.0,observed_and_verified_proxy
2022-01-01,2022,1,1,Kasaragod,North,12.5,74.99,Seer Fish,182.47,893.1,204.3,28.14,34.45,0.96,0.05,12.3,2.16,25.96,0.65,0.19,0.0,observed_and_verified_proxy
2022-01-01,2022,1,1,Kasaragod,North,12.5,74.99,Tuna,398.56,893.1,446.26,28.14,34.45,0.96,0.05,12.3,2.16,25.96,0.65,0.314,0.0,observed_and_verified_proxy
2022-02-01,2022,2,1,Kasaragod,North,12.5,74.99,Oil Sardine,737.42,980.9,751.76,28.86,34.48,1.08,0.1,3.9,2.31,27.38,0.66,0.464,0.0,observed_and_verified_proxy
2022-02-01,2022,2,1,Kasaragod,North,12.5,74.99,Indian Mackerel,628.4,980.9,640.63,28.86,34.48,1.08,0.1,3.9,2.31,27.38,0.66,0.434,0.0,observed_and_verified_proxy
2022-02-01,2022,2,1,Kasaragod,North,12.5,74.99,Seer Fish,175.4,980.9,178.81,28.86,34.48,1.08,0.1,3.9,2.31,27.38,0.66,0.202,0.0,observed_and_verified_proxy
2022-02-01,2022,2,1,Kasaragod,North,12.5,74.99,Tuna,395.39,980.9,403.08,28.86,34.48,1.08,0.1,3.9,2.31,27.38,0.66,0.344,0.0,observed_and_verified_proxy
2022-03-01,2022,3,1,Kasaragod,North,12.5,74.99,Oil Sardine,837.38,911.3,918.9,29.49,34.31,1.42,0.2,45.9,2.37,28.67,0.63,0.453,0.0,observed_and_verified_proxy
2022-03-01,2022,3,1,Kasaragod,North,12.5,74.99,Indian Mackerel,655.98,911.3,719.84,29.49,34.31,1.42,0.2,45.9,2.37,28.67,0.63,0.41,0.0,observed_and_verified_proxy
2022-03-01,2022,3,1,Kasaragod,North,12.5,74.99,Seer Fish,175.5,911.3,192.59,29.49,34.31,1.42,0.2,45.9,2.37,28.67,0.63,0.188,0.0,observed_and_verified_proxy
2022-03-01,2022,3,1,Kasaragod,North,12.5,74.99,Tuna,396.9,911.3,435.54,29.49,34.31,1.42,0.2,45.9,2.37,28.67,0.63,0.32,0.0,observed_and_verified_proxy
2022-04-01,2022,4,2,Kasaragod,North,12.5,74.99,Oil Sardine,565.78,628.1,900.78,29.85,33.87,1.97,0.35,150.6,2.2,28.26,0.75,0.265,0.0,observed_and_verified_proxy
2022-04-01,2022,4,2,Kasaragod,North,12.5,74.99,Indian Mackerel,388.04,628.1,617.8,29.85,33.87,1.97,0.35,150.6,2.2,28.26,0.75,0.218,0.0,observed_and_verified_proxy
2022-04-01,2022,4,2,Kasaragod,North,12.5,74.99,Seer Fish,116.89,628.1,186.09,29.85,33.87,1.97,0.35,150.6,2.2,28.26,0.75,0.094,0.0,observed_and_verified_proxy
2022-04-01,2022,4,2,Kasaragod,North,12.5,74.99,Tuna,135.53,628.1,215.77,29.85,33.87,1.97,0.35,150.6,2.2,28.26,0.75,0.106,0.0,observed_and_verified_proxy
2022-05-01,2022,5,2,Kasaragod,North,12.5,74.99,Oil Sardine,696.97,584.1,1193.17,29.77,33.13,3.03,0.65,327.6,3.28,27.17,1.17,0.27,0.0,observed_and_verified_proxy
2022-05-01,2022,5,2,Kasaragod,North,12.5,74.99,Indian Mackerel,377.41,584.1,646.09,29.77,33.13,3.03,0.65,327.6,3.28,27.17,1.17,0.199,0.0,observed_and_verified_proxy
2022-05-01,2022,5,2,Kasaragod,North,12.5,74.99,Seer Fish,117.13,584.1,200.52,29.77,33.13,3.03,0.65,327.6,3.28,27.17,1.17,0.088,0.0,observed_and_verified_proxy
2022-05-01,2022,5,2,Kasaragod,North,12.5,74.99,Tuna,142.24,584.1,243.5,29.77,33.13,3.03,0.65,327.6,3.28,27.17,1.17,0.103,0.0,observed_and_verified_proxy
2022-06-01,2022,6,2,Kasaragod,North,12.5,74.99,Oil Sardine,785.82,603.1,1302.95,28.91,33.3,3.82,0.95,288.9,2.73,26.23,1.61,0.293,0.0,observed_and_verified_proxy
2022-06-01,2022,6,2,Kasaragod,North,12.5,74.99,Indian Mackerel,348.02,603.1,577.04,28.91,33.3,3.82,0.95,288.9,2.73,26.23,1.61,0.196,0.0,observed_and_verified_proxy
2022-06-01,2022,6,2,Kasaragod,North,12.5,74.99,Seer Fish,111.84,603.1,185.43,28.91,33.3,3.82,0.95,288.9,2.73,26.23,1.61,0.087,0.0,observed_and_verified_proxy
2022-06-01,2022,6,2,Kasaragod,North,12.5,74.99,Tuna,141.68,603.1,234.91,28.91,33.3,3.82,0.95,288.9,2.73,26.23,1.61,0.106,0.0,observed_and_verified_proxy
2022-07-01,2022,7,3,Kasaragod,North,12.5,74.99,Oil Sardine,1207.43,743.9,1623.03,27.27,31.91,4.38,1.0,622.5,3.46,25.26,2.1,0.418,0.0,observed_and_verified_proxy
2022-07-01,2022,7,3,Kasaragod,North,12.5,74.99,Indian Mackerel,516.73,743.9,694.59,27.27,31.91,4.38,1.0,622.5,3.46,25.26,2.1,0.3,0.0,observed_and_verified_proxy
2022-07-01,2022,7,3,Kasaragod,North,12.5,74.99,Seer Fish,227.01,743.9,305.15,27.27,31.91,4.38,1.0,622.5,3.46,25.26,2.1,0.184,0.0,observed_and_verified_proxy
2022-07-01,2022,7,3,Kasaragod,North,12.5,74.99,Tuna,200.35,743.9,269.31,27.27,31.91,4.38,1.0,622.5,3.46,25.26,2.1,0.169,0.0,observed_and_verified_proxy
2022-08-01,2022,8,3,Kasaragod,North,12.5,74.99,Oil Sardine,1113.52,743.4,1497.94,26.55,32.16,4.02,0.9,562.8,3.52,25.01,1.83,0.407,0.0,observed_and_verified_proxy
2022-08-01,2022,8,3,Kasaragod,North,12.5,74.99,Indian Mackerel,511.7,743.4,688.35,26.55,32.16,4.02,0.9,562.8,3.52,25.01,1.83,0.298,0.0,observed_and_verified_proxy
2022-08-01,2022,8,3,Kasaragod,North,12.5,74.99,Seer Fish,231.44,743.4,311.34,26.55,32.16,4.02,0.9,562.8,3.52,25.01,1.83,0.187,0.0,observed_and_verified_proxy
2022-08-01,2022,8,3,Kasaragod,North,12.5,74.99,Tuna,212.17,743.4,285.42,26.55,32.16,4.02,0.9,562.8,3.52,25.01,1.83,0.176,0.0,observed_and_verified_proxy
2022-09-01,2022,9,3,Kasaragod,North,12.5,74.99,Oil Sardine,954.2,736.4,1295.74,26.93,33.64,2.74,0.6,207.3,2.76,25.34,1.24,0.383,0.0,observed_and_verified_proxy
2022-09-01,2022,9,3,Kasaragod,North,12.5,74.99,Indian Mackerel,567.0,736.4,769.95,26.93,33.64,2.74,0.6,207.3,2.76,25.34,1.24,0.311,0.0,observed_and_verified_proxy
2022-09-01,2022,9,3,Kasaragod,North,12.5,74.99,Seer Fish,233.06,736.4,316.48,26.93,33.64,2.74,0.6,207.3,2.76,25.34,1.24,0.186,0.0,observed_and_verified_proxy
2022-09-01,2022,9,3,Kasaragod,North,12.5,74.99,Tuna,200.31,736.4,272.01,26.93,33.64,2.74,0.6,207.3,2.76,25.34,1.24,0.167,0.0,observed_and_verified_proxy
2022-10-01,2022,10,4,Kasaragod,North,12.5,74.99,Oil Sardine,1164.8,1220.6,954.29,27.07,33.88,1.82,0.3,147.6,2.11,25.69,0.9,0.678,0.0,observed_and_verified_proxy
2022-10-01,2022,10,4,Kasaragod,North,12.5,74.99,Indian Mackerel,846.43,1220.6,693.46,27.07,33.88,1.82,0.3,147.6,2.11,25.69,0.9,0.609,0.0,observed_and_verified_proxy
2022-10-01,2022,10,4,Kasaragod,North,12.5,74.99,Seer Fish,308.46,1220.6,252.72,27.07,33.88,1.82,0.3,147.6,2.11,25.69,0.9,0.37,0.0,observed_and_verified_proxy
2022-10-01,2022,10,4,Kasaragod,North,12.5,74.99,Tuna,484.95,1220.6,397.31,27.07,33.88,1.82,0.3,147.6,2.11,25.69,0.9,0.477,0.0,observed_and_verified_proxy
2022-11-01,2022,11,4,Kasaragod,North,12.5,74.99,Oil Sardine,1052.56,1133.3,928.79,28.73,34.08,1.26,0.12,101.1,1.71,25.93,0.62,0.61,0.0,observed_and_verified_proxy
2022-11-01,2022,11,4,Kasaragod,North,12.5,74.99,Indian Mackerel,829.15,1133.3,731.65,28.73,34.08,1.26,0.12,101.1,1.71,25.93,0.62,0.561,0.0,observed_and_verified_proxy
2022-11-01,2022,11,4,Kasaragod,North,12.5,74.99,Seer Fish,314.06,1133.3,277.13,28.73,34.08,1.26,0.12,101.1,1.71,25.93,0.62,0.347,0.0,observed_and_verified_proxy
2022-11-01,2022,11,4,Kasaragod,North,12.5,74.99,Tuna,479.35,1133.3,422.98,28.73,34.08,1.26,0.12,101.1,1.71,25.93,0.62,0.44,0.0,observed_and_verified_proxy
2022-12-01,2022,12,4,Kasaragod,North,12.5,74.99,Oil Sardine,981.56,1113.3,881.66,28.85,34.06,1.1,0.06,105.3,1.87,26.12,0.69,0.585,0.0,observed_and_verified_proxy
2022-12-01,2022,12,4,Kasaragod,North,12.5,74.99,Indian Mackerel,883.81,1113.3,793.86,28.85,34.06,1.1,0.06,105.3,1.87,26.12,0.69,0.564,0.0,observed_and_verified_proxy
2022-12-01,2022,12,4,Kasaragod,North,12.5,74.99,Seer Fish,307.19,1113.3,275.93,28.85,34.06,1.1,0.06,105.3,1.87,26.12,0.69,0.336,0.0,observed_and_verified_proxy
2022-12-01,2022,12,4,Kasaragod,North,12.5,74.99,Tuna,527.47,1113.3,473.79,28.85,34.06,1.1,0.06,105.3,1.87,26.12,0.69,0.454,0.0,observed_and_verified_proxy
2023-01-01,2023,1,1,Kozhikode,North,11.25,75.78,Oil Sardine,3100.64,5754.0,538.87,28.49,34.44,0.96,0.05,14.4,2.02,26.13,0.63,0.621,0.0,observed_and_verified_proxy
2023-01-01,2023,1,1,Kozhikode,North,11.25,75.78,Indian Mackerel,3794.08,5754.0,659.38,28.49,34.44,0.96,0.05,14.4,2.02,26.13,0.63,0.637,0.0,observed_and_verified_proxy
2023-01-01,2023,1,1,Kozhikode,North,11.25,75.78,Seer Fish,1020.99,5754.0,177.44,28.49,34.44,0.96,0.05,14.4,2.02,26.13,0.63,0.484,0.235,observed_and_verified_proxy
2023-01-01,2023,1,1,Kozhikode,North,11.25,75.78,Tuna,2304.84,5754.0,400.57,28.49,34.44,0.96,0.05,14.4,2.02,26.13,0.63,0.593,0.0,observed_and_verified_proxy
2023-02-01,2023,2,1,Kozhikode,North,11.25,75.78,Oil Sardine,3338.74,5880.4,567.78,28.74,34.49,1.08,0.1,1.8,2.19,28.03,0.62,0.641,0.0,observed_and_verified_proxy
2023-02-01,2023,2,1,Kozhikode,North,11.25,75.78,Indian Mackerel,3737.3,5880.4,635.56,28.74,34.49,1.08,0.1,1.8,2.19,28.03,0.62,0.65,0.0,observed_and_verified_proxy
2023-02-01,2023,2,1,Kozhikode,North,11.25,75.78,Seer Fish,1093.67,5880.4,185.99,28.74,34.49,1.08,0.1,1.8,2.19,28.03,0.62,0.506,0.244,observed_and_verified_proxy
2023-02-01,2023,2,1,Kozhikode,North,11.25,75.78,Tuna,2323.89,5880.4,395.2,28.74,34.49,1.08,0.1,1.8,2.19,28.03,0.62,0.606,0.0,observed_and_verified_proxy
2023-03-01,2023,3,1,Kozhikode,North,11.25,75.78,Oil Sardine,3745.09,5404.3,692.98,29.45,34.42,1.39,0.2,20.1,2.48,28.84,0.67,0.597,0.0,observed_and_verified_proxy
2023-03-01,2023,3,1,Kozhikode,North,11.25,75.78,Indian Mackerel,3660.87,5404.3,677.4,29.45,34.42,1.39,0.2,20.1,2.48,28.84,0.67,0.596,0.0,observed_and_verified_proxy
2023-03-01,2023,3,1,Kozhikode,North,11.25,75.78,Seer Fish,1052.82,5404.3,194.81,29.45,34.42,1.39,0.2,20.1,2.48,28.84,0.67,0.459,0.164,observed_and_verified_proxy
2023-03-01,2023,3,1,Kozhikode,North,11.25,75.78,Tuna,2290.21,5404.3,423.77,29.45,34.42,1.39,0.2,20.1,2.48,28.84,0.67,0.556,0.0,observed_and_verified_proxy
2023-04-01,2023,4,2,Kozhikode,North,11.25,75.78,Oil Sardine,2358.18,3821.4,617.11,30.12,34.31,1.84,0.35,45.9,2.41,29.18,0.75,0.395,0.0,observed_and_verified_proxy
2023-04-01,2023,4,2,Kozhikode,North,11.25,75.78,Indian Mackerel,2259.78,3821.4,591.36,30.12,34.31,1.84,0.35,45.9,2.41,29.18,0.75,0.392,0.0,observed_and_verified_proxy
2023-04-01,2023,4,2,Kozhikode,North,11.25,75.78,Seer Fish,652.74,3821.4,170.81,30.12,34.31,1.84,0.35,45.9,2.41,29.18,0.75,0.271,0.0,observed_and_verified_proxy
2023-04-01,2023,4,2,Kozhikode,North,11.25,75.78,Tuna,842.33,3821.4,220.43,30.12,34.31,1.84,0.35,45.9,2.41,29.18,0.75,0.3,0.0,observed_and_verified_proxy
2023-05-01,2023,5,2,Kozhikode,North,11.25,75.78,Oil Sardine,2871.38,3845.7,746.65,30.65,34.07,2.75,0.65,102.6,2.54,28.53,0.8,0.41,0.0,observed_and_verified_proxy
2023-05-01,2023,5,2,Kozhikode,North,11.25,75.78,Indian Mackerel,2043.18,3845.7,531.29,30.65,34.07,2.75,0.65,102.6,2.54,28.53,0.8,0.387,0.0,observed_and_verified_proxy
2023-05-01,2023,5,2,Kozhikode,North,11.25,75.78,Seer Fish,627.09,3845.7,163.06,30.65,34.07,2.75,0.65,102.6,2.54,28.53,0.8,0.268,0.0,observed_and_verified_proxy
2023-05-01,2023,5,2,Kozhikode,North,11.25,75.78,Tuna,807.57,3845.7,209.99,30.65,34.07,2.75,0.65,102.6,2.54,28.53,0.8,0.298,0.0,observed_and_verified_proxy
2023-06-01,2023,6,2,Kozhikode,North,11.25,75.78,Oil Sardine,3421.04,3527.5,969.82,30.25,33.42,3.78,0.95,259.8,2.71,27.53,1.64,0.386,0.0,observed_and_verified_proxy
2023-06-01,2023,6,2,Kozhikode,North,11.25,75.78,Indian Mackerel,1894.58,3527.5,537.09,30.25,33.42,3.78,0.95,259.8,2.71,27.53,1.64,0.35,0.0,observed_and_verified_proxy
2023-06-01,2023,6,2,Kozhikode,North,11.25,75.78,Seer Fish,675.18,3527.5,191.4,30.25,33.42,3.78,0.95,259.8,2.71,27.53,1.64,0.254,0.0,observed_and_verified_proxy
2023-06-01,2023,6,2,Kozhikode,North,11.25,75.78,Tuna,826.03,3527.5,234.17,30.25,33.42,3.78,0.95,259.8,2.71,27.53,1.64,0.275,0.0,observed_and_verified_proxy
2023-07-01,2023,7,3,Kozhikode,North,11.25,75.78,Oil Sardine,5366.92,4236.9,1266.7,27.87,32.24,4.28,1.0,542.4,3.52,25.82,2.04,0.486,0.0,observed_and_verified_proxy
2023-07-01,2023,7,3,Kozhikode,North,11.25,75.78,Indian Mackerel,3073.76,4236.9,725.47,27.87,32.24,4.28,1.0,542.4,3.52,25.82,2.04,0.457,0.0,observed_and_verified_proxy
2023-07-01,2023,7,3,Kozhikode,North,11.25,75.78,Seer Fish,1333.8,4236.9,314.8,27.87,32.24,4.28,1.0,542.4,3.52,25.82,2.04,0.386,0.0,observed_and_verified_proxy
2023-07-01,2023,7,3,Kozhikode,North,11.25,75.78,Tuna,1156.64,4236.9,272.99,27.87,32.24,4.28,1.0,542.4,3.52,25.82,2.04,0.371,0.0,observed_and_verified_proxy
2023-08-01,2023,8,3,Kozhikode,North,11.25,75.78,Oil Sardine,5214.84,4346.8,1199.69,27.52,34.2,3.41,0.9,72.6,2.98,26.12,1.28,0.497,0.0,observed_and_verified_proxy
2023-08-01,2023,8,3,Kozhikode,North,11.25,75.78,Indian Mackerel,3092.43,4346.8,711.43,27.52,34.2,3.41,0.9,72.6,2.98,26.12,1.28,0.469,0.0,observed_and_verified_proxy
2023-08-01,2023,8,3,Kozhikode,North,11.25,75.78,Seer Fish,1331.3,4346.8,306.27,27.52,34.2,3.41,0.9,72.6,2.98,26.12,1.28,0.396,0.0,observed_and_verified_proxy
2023-08-01,2023,8,3,Kozhikode,North,11.25,75.78,Tuna,1257.27,4346.8,289.24,27.52,34.2,3.41,0.9,72.6,2.98,26.12,1.28,0.39,0.0,observed_and_verified_proxy
2023-09-01,2023,9,3,Kozhikode,North,11.25,75.78,Oil Sardine,4220.61,4684.4,901.0,28.48,33.03,2.92,0.6,351.9,2.64,25.87,1.23,0.525,0.0,observed_and_verified_proxy
2023-09-01,2023,9,3,Kozhikode,North,11.25,75.78,Indian Mackerel,3202.39,4684.4,683.63,28.48,33.03,2.92,0.6,351.9,2.64,25.87,1.23,0.508,0.0,observed_and_verified_proxy
2023-09-01,2023,9,3,Kozhikode,North,11.25,75.78,Seer Fish,1303.97,4684.4,278.37,28.48,33.03,2.92,0.6,351.9,2.64,25.87,1.23,0.424,0.0,observed_and_verified_proxy
2023-09-01,2023,9,3,Kozhikode,North,11.25,75.78,Tuna,1187.94,4684.4,253.6,28.48,33.03,2.92,0.6,351.9,2.64,25.87,1.23,0.413,0.0,observed_and_verified_proxy
2023-10-01,2023,10,4,Kozhikode,North,11.25,75.78,Oil Sardine,4797.65,7218.6,664.62,29.84,33.66,1.89,0.3,200.7,1.81,26.5,0.83,0.819,0.0,observed_and_verified_proxy
2023-10-01,2023,10,4,Kozhikode,North,11.25,75.78,Indian Mackerel,4782.48,7218.6,662.52,29.84,33.66,1.89,0.3,200.7,1.81,26.5,0.83,0.819,0.0,observed_and_verified_proxy
2023-10-01,2023,10,4,Kozhikode,North,11.25,75.78,Seer Fish,1819.65,7218.6,252.08,29.84,33.66,1.89,0.3,200.7,1.81,26.5,0.83,0.71,0.362,observed_and_verified_proxy
2023-10-01,2023,10,4,Kozhikode,North,11.25,75.78,Tuna,3007.04,7218.6,416.57,29.84,33.66,1.89,0.3,200.7,1.81,26.5,0.83,0.776,0.083,observed_and_verified_proxy
2023-11-01,2023,11,4,Kozhikode,North,11.25,75.78,Oil Sardine,4593.98,7363.1,623.92,29.88,33.58,1.41,0.12,221.1,1.71,26.82,0.65,0.832,0.0,observed_and_verified_proxy
2023-11-01,2023,11,4,Kozhikode,North,11.25,75.78,Indian Mackerel,4743.11,7363.1,644.17,29.88,33.58,1.41,0.12,221.1,1.71,26.82,0.65,0.835,0.0,observed_and_verified_proxy
2023-11-01,2023,11,4,Kozhikode,North,11.25,75.78,Seer Fish,1924.15,7363.1,261.32,29.88,33.58,1.41,0.12,221.1,1.71,26.82,0.65,0.732,0.371,observed_and_verified_proxy
2023-11-01,2023,11,4,Kozhikode,North,11.25,75.78,Tuna,2824.16,7363.1,383.55,29.88,33.58,1.41,0.12,221.1,1.71,26.82,0.65,0.784,0.167,observed_and_verified_proxy
2023-12-01,2023,12,4,Kozhikode,North,11.25,75.78,Oil Sardine,4203.34,7556.5,556.26,30.23,34.28,1.03,0.06,52.2,1.67,26.73,0.61,0.846,0.0,observed_and_verified_proxy
2023-12-01,2023,12,4,Kozhikode,North,11.25,75.78,Indian Mackerel,5151.35,7556.5,681.71,30.23,34.28,1.03,0.06,52.2,1.67,26.73,0.61,0.863,0.0,observed_and_verified_proxy
2023-12-01,2023,12,4,Kozhikode,North,11.25,75.78,Seer Fish,1831.71,7556.5,242.4,30.23,34.28,1.03,0.06,52.2,1.67,26.73,0.61,0.744,0.428,observed_and_verified_proxy
2023-12-01,2023,12,4,Kozhikode,North,11.25,75.78,Tuna,2903.24,7556.5,384.21,30.23,34.28,1.03,0.06,52.2,1.67,26.73,0.61,0.808,0.196,observed_and_verified_proxy
2023-01-01,2023,1,1,Ernakulam,Central,9.98,76.28,Oil Sardine,2957.24,5216.2,566.93,28.38,34.43,0.96,0.05,16.5,1.81,26.88,0.78,0.625,0.0,observed_and_verified_proxy
2023-01-01,2023,1,1,Ernakulam,Central,9.98,76.28,Indian Mackerel,3288.3,5216.2,630.4,28.38,34.43,0.96,0.05,16.5,1.81,26.88,0.78,0.634,0.0,observed_and_verified_proxy
2023-01-01,2023,1,1,Ernakulam,Central,9.98,76.28,Seer Fish,973.37,5216.2,186.61,28.38,34.43,0.96,0.05,16.5,1.81,26.88,0.78,0.483,0.213,observed_and_verified_proxy
2023-01-01,2023,1,1,Ernakulam,Central,9.98,76.28,Tuna,2034.1,5216.2,389.96,28.38,34.43,0.96,0.05,16.5,1.81,26.88,0.78,0.586,0.0,observed_and_verified_proxy
2023-02-01,2023,2,1,Ernakulam,Central,9.98,76.28,Oil Sardine,2976.1,5372.6,553.95,28.71,34.47,1.09,0.1,6.6,1.85,28.72,0.75,0.644,0.0,observed_and_verified_proxy
2023-02-01,2023,2,1,Ernakulam,Central,9.98,76.28,Indian Mackerel,3478.5,5372.6,647.46,28.71,34.47,1.09,0.1,6.6,1.85,28.72,0.75,0.658,0.0,observed_and_verified_proxy
2023-02-01,2023,2,1,Ernakulam,Central,9.98,76.28,Seer Fish,920.33,5372.6,171.3,28.71,34.47,1.09,0.1,6.6,1.85,28.72,0.75,0.488,0.253,observed_and_verified_proxy
2023-02-01,2023,2,1,Ernakulam,Central,9.98,76.28,Tuna,2002.42,5372.6,372.71,28.71,34.47,1.09,0.1,6.6,1.85,28.72,0.75,0.602,0.0,observed_and_verified_proxy
2023-03-01,2023,3,1,Ernakulam,Central,9.98,76.28,Oil Sardine,3208.29,4855.7,660.73,29.62,34.34,1.41,0.2,39.3,2.46,29.72,0.76,0.588,0.0,observed_and_verified_proxy
2023-03-01,2023,3,1,Ernakulam,Central,9.98,76.28,Indian Mackerel,3406.4,4855.7,701.53,29.62,34.34,1.41,0.2,39.3,2.46,29.72,0.76,0.593,0.0,observed_and_verified_proxy
2023-03-01,2023,3,1,Ernakulam,Central,9.98,76.28,Seer Fish,939.57,4855.7,193.5,29.62,34.34,1.41,0.2,39.3,2.46,29.72,0.76,0.444,0.147,observed_and_verified_proxy
2023-03-01,2023,3,1,Ernakulam,Central,9.98,76.28,Tuna,2075.0,4855.7,427.34,29.62,34.34,1.41,0.2,39.3,2.46,29.72,0.76,0.548,0.0,observed_and_verified_proxy
2023-04-01,2023,4,2,Ernakulam,Central,9.98,76.28,Oil Sardine,2200.51,3306.3,665.54,30.27,34.09,1.9,0.35,98.7,2.45,30.03,0.92,0.377,0.0,observed_and_verified_proxy
2023-04-01,2023,4,2,Ernakulam,Central,9.98,76.28,Indian Mackerel,1930.04,3306.3,583.74,30.27,34.09,1.9,0.35,98.7,2.45,30.03,0.92,0.368,0.0,observed_and_verified_proxy
2023-04-01,2023,4,2,Ernakulam,Central,9.98,76.28,Seer Fish,579.72,3306.3,175.34,30.27,34.09,1.9,0.35,98.7,2.45,30.03,0.92,0.249,0.0,observed_and_verified_proxy
2023-04-01,2023,4,2,Ernakulam,Central,9.98,76.28,Tuna,689.13,3306.3,208.43,30.27,34.09,1.9,0.35,98.7,2.45,30.03,0.92,0.268,0.0,observed_and_verified_proxy
2023-05-01,2023,5,2,Ernakulam,Central,9.98,76.28,Oil Sardine,2490.69,3278.4,759.74,30.67,34.05,2.75,0.65,107.1,2.77,28.79,0.96,0.382,0.0,observed_and_verified_proxy
2023-05-01,2023,5,2,Ernakulam,Central,9.98,76.28,Indian Mackerel,1803.93,3278.4,550.26,30.67,34.05,2.75,0.65,107.1,2.77,28.79,0.96,0.36,0.0,observed_and_verified_proxy
2023-05-01,2023,5,2,Ernakulam,Central,9.98,76.28,Seer Fish,605.23,3278.4,184.61,30.67,34.05,2.75,0.65,107.1,2.77,28.79,0.96,0.251,0.0,observed_and_verified_proxy
2023-05-01,2023,5,2,Ernakulam,Central,9.98,76.28,Tuna,695.4,3278.4,212.12,30.67,34.05,2.75,0.65,107.1,2.77,28.79,0.96,0.267,0.0,observed_and_verified_proxy
2023-06-01,2023,6,2,Ernakulam,Central,9.98,76.28,Oil Sardine,3108.77,3108.6,1000.06,29.68,33.34,3.81,0.95,279.3,3.26,28.08,1.8,0.375,0.0,observed_and_verified_proxy
2023-06-01,2023,6,2,Ernakulam,Central,9.98,76.28,Indian Mackerel,1696.24,3108.6,545.66,29.68,33.34,3.81,0.95,279.3,3.26,28.08,1.8,0.336,0.0,observed_and_verified_proxy
2023-06-01,2023,6,2,Ernakulam,Central,9.98,76.28,Seer Fish,565.32,3108.6,181.86,29.68,33.34,3.81,0.95,279.3,3.26,28.08,1.8,0.231,0.0,observed_and_verified_proxy
2023-06-01,2023,6,2,Ernakulam,Central,9.98,76.28,Tuna,715.42,3108.6,230.14,29.68,33.34,3.81,0.95,279.3,3.26,28.08,1.8,0.256,0.0,observed_and_verified_proxy
2023-07-01,2023,7,3,Ernakulam,Central,9.98,76.28,Oil Sardine,4697.24,4309.8,1089.9,27.34,32.78,4.11,1.0,411.9,3.66,26.57,2.23,0.546,0.0,observed_and_verified_proxy
2023-07-01,2023,7,3,Ernakulam,Central,9.98,76.28,Indian Mackerel,2767.23,4309.8,642.08,27.34,32.78,4.11,1.0,411.9,3.66,26.57,2.23,0.511,0.0,observed_and_verified_proxy
2023-07-01,2023,7,3,Ernakulam,Central,9.98,76.28,Seer Fish,1191.27,4309.8,276.41,27.34,32.78,4.11,1.0,411.9,3.66,26.57,2.23,0.425,0.0,observed_and_verified_proxy
2023-07-01,2023,7,3,Ernakulam,Central,9.98,76.28,Tuna,1038.58,4309.8,240.98,27.34,32.78,4.11,1.0,411.9,3.66,26.57,2.23,0.407,0.0,observed_and_verified_proxy
2023-08-01,2023,8,3,Ernakulam,Central,9.98,76.28,Oil Sardine,4485.46,3931.8,1140.82,27.36,34.13,3.43,0.9,88.8,3.3,26.92,1.52,0.495,0.0,observed_and_verified_proxy
2023-08-01,2023,8,3,Ernakulam,Central,9.98,76.28,Indian Mackerel,2606.49,3931.8,662.93,27.36,34.13,3.43,0.9,88.8,3.3,26.92,1.52,0.462,0.0,observed_and_verified_proxy
2023-08-01,2023,8,3,Ernakulam,Central,9.98,76.28,Seer Fish,1207.8,3931.8,307.19,27.36,34.13,3.43,0.9,88.8,3.3,26.92,1.52,0.389,0.0,observed_and_verified_proxy
2023-08-01,2023,8,3,Ernakulam,Central,9.98,76.28,Tuna,1067.25,3931.8,271.44,27.36,34.13,3.43,0.9,88.8,3.3,26.92,1.52,0.375,0.0,observed_and_verified_proxy
2023-09-01,2023,9,3,Ernakulam,Central,9.98,76.28,Oil Sardine,3726.38,3797.1,981.38,28.4,32.53,3.07,0.6,472.5,3.04,26.64,1.49,0.469,0.0,observed_and_verified_proxy
2023-09-01,2023,9,3,Ernakulam,Central,9.98,76.28,Indian Mackerel,2882.47,3797.1,759.13,28.4,32.53,3.07,0.6,472.5,3.04,26.64,1.49,0.453,0.0,observed_and_verified_proxy
2023-09-01,2023,9,3,Ernakulam,Central,9.98,76.28,Seer Fish,1235.01,3797.1,325.25,28.4,32.53,3.07,0.6,472.5,3.04,26.64,1.49,0.379,0.0,observed_and_verified_proxy
2023-09-01,2023,9,3,Ernakulam,Central,9.98,76.28,Tuna,1067.64,3797.1,281.17,28.4,32.53,3.07,0.6,472.5,3.04,26.64,1.49,0.362,0.0,observed_and_verified_proxy
2023-10-01,2023,10,4,Ernakulam,Central,9.98,76.28,Oil Sardine,4310.51,5965.7,722.55,29.72,33.02,2.08,0.3,355.2,2.22,27.18,1.05,0.749,0.0,observed_and_verified_proxy
2023-10-01,2023,10,4,Ernakulam,Central,9.98,76.28,Indian Mackerel,4119.34,5965.7,690.5,29.72,33.02,2.08,0.3,355.2,2.22,27.18,1.05,0.745,0.0,observed_and_verified_proxy
2023-10-01,2023,10,4,Ernakulam,Central,9.98,76.28,Seer Fish,1714.01,5965.7,287.31,29.72,33.02,2.08,0.3,355.2,2.22,27.18,1.05,0.647,0.202,observed_and_verified_proxy
2023-10-01,2023,10,4,Ernakulam,Central,9.98,76.28,Tuna,2651.53,5965.7,444.46,29.72,33.02,2.08,0.3,355.2,2.22,27.18,1.05,0.703,0.0,observed_and_verified_proxy
2023-11-01,2023,11,4,Ernakulam,Central,9.98,76.28,Oil Sardine,4136.52,6383.0,648.05,30.02,33.37,1.47,0.12,270.6,1.87,27.51,0.81,0.798,0.0,observed_and_verified_proxy
2023-11-01,2023,11,4,Ernakulam,Central,9.98,76.28,Indian Mackerel,4515.22,6383.0,707.38,30.02,33.37,1.47,0.12,270.6,1.87,27.51,0.81,0.805,0.0,observed_and_verified_proxy
2023-11-01,2023,11,4,Ernakulam,Central,9.98,76.28,Seer Fish,1642.58,6383.0,257.34,30.02,33.37,1.47,0.12,270.6,1.87,27.51,0.81,0.685,0.319,observed_and_verified_proxy
2023-11-01,2023,11,4,Ernakulam,Central,9.98,76.28,Tuna,2636.69,6383.0,413.08,30.02,33.37,1.47,0.12,270.6,1.87,27.51,0.81,0.751,0.059,observed_and_verified_proxy
2023-12-01,2023,12,4,Ernakulam,Central,9.98,76.28,Oil Sardine,3737.02,6518.3,573.31,30.06,34.01,1.12,0.06,118.5,2.2,27.42,0.75,0.805,0.0,observed_and_verified_proxy
2023-12-01,2023,12,4,Ernakulam,Central,9.98,76.28,Indian Mackerel,4552.35,6518.3,698.39,30.06,34.01,1.12,0.06,118.5,2.2,27.42,0.75,0.823,0.0,observed_and_verified_proxy
2023-12-01,2023,12,4,Ernakulam,Central,9.98,76.28,Seer Fish,1716.62,6518.3,263.35,30.06,34.01,1.12,0.06,118.5,2.2,27.42,0.75,0.707,0.334,observed_and_verified_proxy
2023-12-01,2023,12,4,Ernakulam,Central,9.98,76.28,Tuna,2567.75,6518.3,393.93,30.06,34.01,1.12,0.06,118.5,2.2,27.42,0.75,0.764,0.118,observed_and_verified_proxy
2023-01-01,2023,1,1,Alappuzha,South,9.49,76.33,Oil Sardine,2623.83,4296.1,610.75,28.23,34.4,0.97,0.05,24.6,3.38,26.37,0.85,0.573,0.0,observed_and_verified_proxy
2023-01-01,2023,1,1,Alappuzha,South,9.49,76.33,Indian Mackerel,3020.54,4296.1,703.1,28.23,34.4,0.97,0.05,24.6,3.38,26.37,0.85,0.585,0.0,observed_and_verified_proxy
2023-01-01,2023,1,1,Alappuzha,South,9.49,76.33,Seer Fish,824.57,4296.1,191.94,28.23,34.4,0.97,0.05,24.6,3.38,26.37,0.85,0.425,0.125,observed_and_verified_proxy
2023-01-01,2023,1,1,Alappuzha,South,9.49,76.33,Tuna,1764.4,4296.1,410.7,28.23,34.4,0.97,0.05,24.6,3.38,26.37,0.85,0.531,0.0,observed_and_verified_proxy
2023-02-01,2023,2,1,Alappuzha,South,9.49,76.33,Oil Sardine,2536.08,4630.7,547.66,28.26,34.45,1.09,0.1,11.4,2.75,27.67,0.87,0.614,0.0,observed_and_verified_proxy
2023-02-01,2023,2,1,Alappuzha,South,9.49,76.33,Indian Mackerel,2960.04,4630.7,639.22,28.26,34.45,1.09,0.1,11.4,2.75,27.67,0.87,0.629,0.0,observed_and_verified_proxy
2023-02-01,2023,2,1,Alappuzha,South,9.49,76.33,Seer Fish,866.02,4630.7,187.02,28.26,34.45,1.09,0.1,11.4,2.75,27.67,0.87,0.466,0.19,observed_and_verified_proxy
2023-02-01,2023,2,1,Alappuzha,South,9.49,76.33,Tuna,1692.35,4630.7,365.46,28.26,34.45,1.09,0.1,11.4,2.75,27.67,0.87,0.567,0.0,observed_and_verified_proxy
2023-03-01,2023,3,1,Alappuzha,South,9.49,76.33,Oil Sardine,2803.41,4706.5,595.64,29.25,34.39,1.39,0.2,25.8,3.4,29.17,0.89,0.634,0.0,observed_and_verified_proxy
2023-03-01,2023,3,1,Alappuzha,South,9.49,76.33,Indian Mackerel,2895.1,4706.5,615.13,29.25,34.39,1.39,0.2,25.8,3.4,29.17,0.89,0.637,0.0,observed_and_verified_proxy
2023-03-01,2023,3,1,Alappuzha,South,9.49,76.33,Seer Fish,871.39,4706.5,185.14,29.25,34.39,1.39,0.2,25.8,3.4,29.17,0.89,0.475,0.206,observed_and_verified_proxy
2023-03-01,2023,3,1,Alappuzha,South,9.49,76.33,Tuna,1858.18,4706.5,394.81,29.25,34.39,1.39,0.2,25.8,3.4,29.17,0.89,0.589,0.0,observed_and_verified_proxy
2023-04-01,2023,4,2,Alappuzha,South,9.49,76.33,Oil Sardine,2009.41,2767.1,726.17,30.24,34.18,1.87,0.35,75.9,2.79,29.66,1.1,0.352,0.0,observed_and_verified_proxy
2023-04-01,2023,4,2,Alappuzha,South,9.49,76.33,Indian Mackerel,1786.77,2767.1,645.72,30.24,34.18,1.87,0.35,75.9,2.79,29.66,1.1,0.343,0.0,observed_and_verified_proxy
2023-04-01,2023,4,2,Alappuzha,South,9.49,76.33,Seer Fish,522.9,2767.1,188.97,30.24,34.18,1.87,0.35,75.9,2.79,29.66,1.1,0.225,0.0,observed_and_verified_proxy
2023-04-01,2023,4,2,Alappuzha,South,9.49,76.33,Tuna,629.45,2767.1,227.47,30.24,34.18,1.87,0.35,75.9,2.79,29.66,1.1,0.245,0.0,observed_and_verified_proxy
2023-05-01,2023,5,2,Alappuzha,South,9.49,76.33,Oil Sardine,2373.95,2928.8,810.55,30.6,33.89,2.8,0.65,147.3,3.81,28.69,1.14,0.384,0.0,observed_and_verified_proxy
2023-05-01,2023,5,2,Alappuzha,South,9.49,76.33,Indian Mackerel,1745.45,2928.8,595.96,30.6,33.89,2.8,0.65,147.3,3.81,28.69,1.14,0.361,0.0,observed_and_verified_proxy
2023-05-01,2023,5,2,Alappuzha,South,9.49,76.33,Seer Fish,496.24,2928.8,169.43,30.6,33.89,2.8,0.65,147.3,3.81,28.69,1.14,0.232,0.0,observed_and_verified_proxy
2023-05-01,2023,5,2,Alappuzha,South,9.49,76.33,Tuna,624.37,2928.8,213.18,30.6,33.89,2.8,0.65,147.3,3.81,28.69,1.14,0.258,0.0,observed_and_verified_proxy
2023-06-01,2023,6,2,Alappuzha,South,9.49,76.33,Oil Sardine,2757.7,2741.2,1006.02,29.07,34.01,3.61,0.95,116.7,5.15,27.89,1.96,0.368,0.0,observed_and_verified_proxy
2023-06-01,2023,6,2,Alappuzha,South,9.49,76.33,Indian Mackerel,1511.7,2741.2,551.47,29.07,34.01,3.61,0.95,116.7,5.15,27.89,1.96,0.327,0.0,observed_and_verified_proxy
2023-06-01,2023,6,2,Alappuzha,South,9.49,76.33,Seer Fish,502.91,2741.2,183.46,29.07,34.01,3.61,0.95,116.7,5.15,27.89,1.96,0.218,0.0,observed_and_verified_proxy
2023-06-01,2023,6,2,Alappuzha,South,9.49,76.33,Tuna,605.72,2741.2,220.97,29.07,34.01,3.61,0.95,116.7,5.15,27.89,1.96,0.238,0.0,observed_and_verified_proxy
2023-07-01,2023,7,3,Alappuzha,South,9.49,76.33,Oil Sardine,4190.64,3766.1,1112.72,26.43,33.85,3.79,1.0,155.7,5.07,26.54,2.35,0.534,0.0,observed_and_verified_proxy
2023-07-01,2023,7,3,Alappuzha,South,9.49,76.33,Indian Mackerel,2435.22,3766.1,646.61,26.43,33.85,3.79,1.0,155.7,5.07,26.54,2.35,0.496,0.0,observed_and_verified_proxy
2023-07-01,2023,7,3,Alappuzha,South,9.49,76.33,Seer Fish,1043.04,3766.1,276.95,26.43,33.85,3.79,1.0,155.7,5.07,26.54,2.35,0.404,0.0,observed_and_verified_proxy
2023-07-01,2023,7,3,Alappuzha,South,9.49,76.33,Tuna,941.38,3766.1,249.96,26.43,33.85,3.79,1.0,155.7,5.07,26.54,2.35,0.39,0.0,observed_and_verified_proxy
2023-08-01,2023,8,3,Alappuzha,South,9.49,76.33,Oil Sardine,4040.38,3529.1,1144.87,27.24,34.34,3.37,0.9,37.5,4.7,27.13,1.75,0.498,0.0,observed_and_verified_proxy
2023-08-01,2023,8,3,Alappuzha,South,9.49,76.33,Indian Mackerel,2273.47,3529.1,644.2,27.24,34.34,3.37,0.9,37.5,4.7,27.13,1.75,0.459,0.0,observed_and_verified_proxy
2023-08-01,2023,8,3,Alappuzha,South,9.49,76.33,Seer Fish,1000.37,3529.1,283.46,27.24,34.34,3.37,0.9,37.5,4.7,27.13,1.75,0.373,0.0,observed_and_verified_proxy
2023-08-01,2023,8,3,Alappuzha,South,9.49,76.33,Tuna,937.6,3529.1,265.68,27.24,34.34,3.37,0.9,37.5,4.7,27.13,1.75,0.365,0.0,observed_and_verified_proxy
2023-09-01,2023,9,3,Alappuzha,South,9.49,76.33,Oil Sardine,3425.61,3611.2,948.6,28.11,33.15,2.88,0.6,324.0,4.58,26.88,1.67,0.5,0.0,observed_and_verified_proxy
2023-09-01,2023,9,3,Alappuzha,South,9.49,76.33,Indian Mackerel,2490.05,3611.2,689.53,28.11,33.15,2.88,0.6,324.0,4.58,26.88,1.67,0.477,0.0,observed_and_verified_proxy
2023-09-01,2023,9,3,Alappuzha,South,9.49,76.33,Seer Fish,1056.95,3611.2,292.69,28.11,33.15,2.88,0.6,324.0,4.58,26.88,1.67,0.389,0.0,observed_and_verified_proxy
2023-09-01,2023,9,3,Alappuzha,South,9.49,76.33,Tuna,915.29,3611.2,253.46,28.11,33.15,2.88,0.6,324.0,4.58,26.88,1.67,0.371,0.0,observed_and_verified_proxy
2023-10-01,2023,10,4,Alappuzha,South,9.49,76.33,Oil Sardine,3811.07,5553.6,686.23,29.37,32.7,2.18,0.3,431.4,2.74,26.99,1.24,0.779,0.0,observed_and_verified_proxy
2023-10-01,2023,10,4,Alappuzha,South,9.49,76.33,Indian Mackerel,3643.77,5553.6,656.11,29.37,32.7,2.18,0.3,431.4,2.74,26.99,1.24,0.775,0.0,observed_and_verified_proxy
2023-10-01,2023,10,4,Alappuzha,South,9.49,76.33,Seer Fish,1463.04,5553.6,263.44,29.37,32.7,2.18,0.3,431.4,2.74,26.99,1.24,0.657,0.269,observed_and_verified_proxy
2023-10-01,2023,10,4,Alappuzha,South,9.49,76.33,Tuna,2225.92,5553.6,400.8,29.37,32.7,2.18,0.3,431.4,2.74,26.99,1.24,0.72,0.045,observed_and_verified_proxy
2023-11-01,2023,11,4,Alappuzha,South,9.49,76.33,Oil Sardine,3548.66,5880.6,603.45,29.91,33.47,1.45,0.12,247.2,2.68,27.12,0.98,0.818,0.0,observed_and_verified_proxy
2023-11-01,2023,11,4,Alappuzha,South,9.49,76.33,Indian Mackerel,3864.02,5880.6,657.08,29.91,33.47,1.45,0.12,247.2,2.68,27.12,0.98,0.826,0.0,observed_and_verified_proxy
2023-11-01,2023,11,4,Alappuzha,South,9.49,76.33,Seer Fish,1537.96,5880.6,261.53,29.91,33.47,1.45,0.12,247.2,2.68,27.12,0.98,0.704,0.335,observed_and_verified_proxy
2023-11-01,2023,11,4,Alappuzha,South,9.49,76.33,Tuna,2250.74,5880.6,382.74,29.91,33.47,1.45,0.12,247.2,2.68,27.12,0.98,0.764,0.142,observed_and_verified_proxy
2023-12-01,2023,12,4,Alappuzha,South,9.49,76.33,Oil Sardine,3235.02,5681.3,569.41,29.61,33.63,1.23,0.06,208.5,4.48,26.61,0.91,0.781,0.0,observed_and_verified_proxy
2023-12-01,2023,12,4,Alappuzha,South,9.49,76.33,Indian Mackerel,3882.4,5681.3,683.36,29.61,33.63,1.23,0.06,208.5,4.48,26.61,0.91,0.799,0.0,observed_and_verified_proxy
2023-12-01,2023,12,4,Alappuzha,South,9.49,76.33,Seer Fish,1461.51,5681.3,257.25,29.61,33.63,1.23,0.06,208.5,4.48,26.61,0.91,0.672,0.302,observed_and_verified_proxy
2023-12-01,2023,12,4,Alappuzha,South,9.49,76.33,Tuna,2298.82,5681.3,404.63,29.61,33.63,1.23,0.06,208.5,4.48,26.61,0.91,0.741,0.064,observed_and_verified_proxy
2023-01-01,2023,1,1,Kollam,South,8.89,76.6,Oil Sardine,2368.03,4112.6,575.79,28.23,34.4,0.97,0.05,24.6,3.38,26.37,0.85,0.577,0.0,observed_and_verified_proxy
2023-01-01,2023,1,1,Kollam,South,8.89,76.6,Indian Mackerel,2783.68,4112.6,676.86,28.23,34.4,0.97,0.05,24.6,3.38,26.37,0.85,0.593,0.0,observed_and_verified_proxy
2023-01-01,2023,1,1,Kollam,South,8.89,76.6,Seer Fish,796.69,4112.6,193.72,28.23,34.4,0.97,0.05,24.6,3.38,26.37,0.85,0.43,0.128,observed_and_verified_proxy
2023-01-01,2023,1,1,Kollam,South,8.89,76.6,Tuna,1693.85,4112.6,411.86,28.23,34.4,0.97,0.05,24.6,3.38,26.37,0.85,0.54,0.0,observed_and_verified_proxy
2023-02-01,2023,2,1,Kollam,South,8.89,76.6,Oil Sardine,2525.88,4382.0,576.42,28.26,34.45,1.09,0.1,11.4,2.75,27.67,0.87,0.622,0.0,observed_and_verified_proxy
2023-02-01,2023,2,1,Kollam,South,8.89,76.6,Indian Mackerel,2909.42,4382.0,663.95,28.26,34.45,1.09,0.1,11.4,2.75,27.67,0.87,0.636,0.0,observed_and_verified_proxy
2023-02-01,2023,2,1,Kollam,South,8.89,76.6,Seer Fish,799.92,4382.0,182.55,28.26,34.45,1.09,0.1,11.4,2.75,27.67,0.87,0.459,0.191,observed_and_verified_proxy
2023-02-01,2023,2,1,Kollam,South,8.89,76.6,Tuna,1622.72,4382.0,370.32,28.26,34.45,1.09,0.1,11.4,2.75,27.67,0.87,0.57,0.0,observed_and_verified_proxy
2023-03-01,2023,3,1,Kollam,South,8.89,76.6,Oil Sardine,2651.31,4579.5,578.95,29.25,34.39,1.39,0.2,25.8,3.4,29.17,0.89,0.655,0.0,observed_and_verified_proxy
2023-03-01,2023,3,1,Kollam,South,8.89,76.6,Indian Mackerel,2642.35,4579.5,576.99,29.25,34.39,1.39,0.2,25.8,3.4,29.17,0.89,0.655,0.0,observed_and_verified_proxy
2023-03-01,2023,3,1,Kollam,South,8.89,76.6,Seer Fish,746.76,4579.5,163.06,29.25,34.39,1.39,0.2,25.8,3.4,29.17,0.89,0.466,0.244,observed_and_verified_proxy
2023-03-01,2023,3,1,Kollam,South,8.89,76.6,Tuna,1727.3,4579.5,377.18,29.25,34.39,1.39,0.2,25.8,3.4,29.17,0.89,0.604,0.0,observed_and_verified_proxy
2023-04-01,2023,4,2,Kollam,South,8.89,76.6,Oil Sardine,1834.15,2907.3,630.87,30.24,34.18,1.87,0.35,75.9,2.79,29.66,1.1,0.389,0.0,observed_and_verified_proxy
2023-04-01,2023,4,2,Kollam,South,8.89,76.6,Indian Mackerel,1595.33,2907.3,548.72,30.24,34.18,1.87,0.35,75.9,2.79,29.66,1.1,0.376,0.0,observed_and_verified_proxy
2023-04-01,2023,4,2,Kollam,South,8.89,76.6,Seer Fish,484.71,2907.3,166.72,30.24,34.18,1.87,0.35,75.9,2.79,29.66,1.1,0.243,0.0,observed_and_verified_proxy
2023-04-01,2023,4,2,Kollam,South,8.89,76.6,Tuna,600.68,2907.3,206.61,30.24,34.18,1.87,0.35,75.9,2.79,29.66,1.1,0.27,0.0,observed_and_verified_proxy
2023-05-01,2023,5,2,Kollam,South,8.89,76.6,Oil Sardine,2082.29,2797.5,744.34,30.6,33.89,2.8,0.65,147.3,3.81,28.69,1.14,0.384,0.0,observed_and_verified_proxy
2023-05-01,2023,5,2,Kollam,South,8.89,76.6,Indian Mackerel,1597.83,2797.5,571.16,30.6,33.89,2.8,0.65,147.3,3.81,28.69,1.14,0.362,0.0,observed_and_verified_proxy
2023-05-01,2023,5,2,Kollam,South,8.89,76.6,Seer Fish,477.97,2797.5,170.86,30.6,33.89,2.8,0.65,147.3,3.81,28.69,1.14,0.233,0.0,observed_and_verified_proxy
2023-05-01,2023,5,2,Kollam,South,8.89,76.6,Tuna,591.43,2797.5,211.42,30.6,33.89,2.8,0.65,147.3,3.81,28.69,1.14,0.258,0.0,observed_and_verified_proxy
2023-06-01,2023,6,2,Kollam,South,8.89,76.6,Oil Sardine,2571.2,2733.8,940.53,29.07,34.01,3.61,0.95,116.7,5.15,27.89,1.96,0.389,0.0,observed_and_verified_proxy
2023-06-01,2023,6,2,Kollam,South,8.89,76.6,Indian Mackerel,1482.03,2733.8,542.12,29.07,34.01,3.61,0.95,116.7,5.15,27.89,1.96,0.348,0.0,observed_and_verified_proxy
2023-06-01,2023,6,2,Kollam,South,8.89,76.6,Seer Fish,469.06,2733.8,171.58,29.07,34.01,3.61,0.95,116.7,5.15,27.89,1.96,0.225,0.0,observed_and_verified_proxy
2023-06-01,2023,6,2,Kollam,South,8.89,76.6,Tuna,566.87,2733.8,207.36,29.07,34.01,3.61,0.95,116.7,5.15,27.89,1.96,0.247,0.0,observed_and_verified_proxy
2023-07-01,2023,7,3,Kollam,South,8.89,76.6,Oil Sardine,3743.09,3512.1,1065.78,26.43,33.85,3.79,1.0,155.7,5.07,26.54,2.35,0.527,0.0,observed_and_verified_proxy
2023-07-01,2023,7,3,Kollam,South,8.89,76.6,Indian Mackerel,2253.86,3512.1,641.75,26.43,33.85,3.79,1.0,155.7,5.07,26.54,2.35,0.489,0.0,observed_and_verified_proxy
2023-07-01,2023,7,3,Kollam,South,8.89,76.6,Seer Fish,973.97,3512.1,277.32,26.43,33.85,3.79,1.0,155.7,5.07,26.54,2.35,0.395,0.0,observed_and_verified_proxy
2023-07-01,2023,7,3,Kollam,South,8.89,76.6,Tuna,855.53,3512.1,243.6,26.43,33.85,3.79,1.0,155.7,5.07,26.54,2.35,0.377,0.0,observed_and_verified_proxy
2023-08-01,2023,8,3,Kollam,South,8.89,76.6,Oil Sardine,3855.61,3405.6,1132.13,27.24,34.34,3.37,0.9,37.5,4.7,27.13,1.75,0.513,0.0,observed_and_verified_proxy
2023-08-01,2023,8,3,Kollam,South,8.89,76.6,Indian Mackerel,2240.74,3405.6,657.95,27.24,34.34,3.37,0.9,37.5,4.7,27.13,1.75,0.474,0.0,observed_and_verified_proxy
2023-08-01,2023,8,3,Kollam,South,8.89,76.6,Seer Fish,933.96,3405.6,274.24,27.24,34.34,3.37,0.9,37.5,4.7,27.13,1.75,0.377,0.0,observed_and_verified_proxy
2023-08-01,2023,8,3,Kollam,South,8.89,76.6,Tuna,850.57,3405.6,249.75,27.24,34.34,3.37,0.9,37.5,4.7,27.13,1.75,0.365,0.0,observed_and_verified_proxy
2023-09-01,2023,9,3,Kollam,South,8.89,76.6,Oil Sardine,3100.18,3433.3,902.97,28.11,33.15,2.88,0.6,324.0,4.58,26.88,1.67,0.503,0.0,observed_and_verified_proxy
2023-09-01,2023,9,3,Kollam,South,8.89,76.6,Indian Mackerel,2387.9,3433.3,695.51,28.11,33.15,2.88,0.6,324.0,4.58,26.88,1.67,0.483,0.0,observed_and_verified_proxy
2023-09-01,2023,9,3,Kollam,South,8.89,76.6,Seer Fish,966.12,3433.3,281.39,28.11,33.15,2.88,0.6,324.0,4.58,26.88,1.67,0.385,0.0,observed_and_verified_proxy
2023-09-01,2023,9,3,Kollam,South,8.89,76.6,Tuna,928.84,3433.3,270.54,28.11,33.15,2.88,0.6,324.0,4.58,26.88,1.67,0.38,0.0,observed_and_verified_proxy
2023-10-01,2023,10,4,Kollam,South,8.89,76.6,Oil Sardine,3710.32,5546.8,668.92,29.37,32.7,2.18,0.3,431.4,2.74,26.99,1.24,0.831,0.0,observed_and_verified_proxy
2023-10-01,2023,10,4,Kollam,South,8.89,76.6,Indian Mackerel,3565.83,5546.8,642.87,29.37,32.7,2.18,0.3,431.4,2.74,26.99,1.24,0.827,0.0,observed_and_verified_proxy
2023-10-01,2023,10,4,Kollam,South,8.89,76.6,Seer Fish,1353.45,5546.8,244.01,29.37,32.7,2.18,0.3,431.4,2.74,26.99,1.24,0.689,0.353,observed_and_verified_proxy
2023-10-01,2023,10,4,Kollam,South,8.89,76.6,Tuna,2147.08,5546.8,387.09,29.37,32.7,2.18,0.3,431.4,2.74,26.99,1.24,0.765,0.134,observed_and_verified_proxy
2023-11-01,2023,11,4,Kollam,South,8.89,76.6,Oil Sardine,3251.01,5088.4,638.9,29.91,33.47,1.45,0.12,247.2,2.68,27.12,0.98,0.75,0.0,observed_and_verified_proxy
2023-11-01,2023,11,4,Kollam,South,8.89,76.6,Indian Mackerel,3528.75,5088.4,693.48,29.91,33.47,1.45,0.12,247.2,2.68,27.12,0.98,0.758,0.0,observed_and_verified_proxy
2023-11-01,2023,11,4,Kollam,South,8.89,76.6,Seer Fish,1342.38,5088.4,263.81,29.91,33.47,1.45,0.12,247.2,2.68,27.12,0.98,0.631,0.233,observed_and_verified_proxy
2023-11-01,2023,11,4,Kollam,South,8.89,76.6,Tuna,2107.25,5088.4,414.12,29.91,33.47,1.45,0.12,247.2,2.68,27.12,0.98,0.699,0.0,observed_and_verified_proxy
2023-12-01,2023,12,4,Kollam,South,8.89,76.6,Oil Sardine,3066.08,4990.3,614.41,29.61,33.63,1.23,0.06,208.5,4.48,26.61,0.91,0.73,0.0,observed_and_verified_proxy
2023-12-01,2023,12,4,Kollam,South,8.89,76.6,Indian Mackerel,3720.88,4990.3,745.62,29.61,33.63,1.23,0.06,208.5,4.48,26.61,0.91,0.748,0.0,observed_and_verified_proxy
2023-12-01,2023,12,4,Kollam,South,8.89,76.6,Seer Fish,1401.72,4990.3,280.89,29.61,33.63,1.23,0.06,208.5,4.48,26.61,0.91,0.626,0.189,observed_and_verified_proxy
2023-12-01,2023,12,4,Kollam,South,8.89,76.6,Tuna,2086.52,4990.3,418.12,29.61,33.63,1.23,0.06,208.5,4.48,26.61,0.91,0.685,0.0,observed_and_verified_proxy
2023-01-01,2023,1,1,Kannur,North,11.87,75.37,Oil Sardine,1843.12,3137.3,587.48,28.49,34.44,0.96,0.05,14.4,2.02,26.13,0.63,0.534,0.0,observed_and_verified_proxy
2023-01-01,2023,1,1,Kannur,North,11.87,75.37,Indian Mackerel,2113.73,3137.3,673.74,28.49,34.44,0.96,0.05,14.4,2.02,26.13,0.63,0.549,0.0,observed_and_verified_proxy
2023-01-01,2023,1,1,Kannur,North,11.87,75.37,Seer Fish,615.02,3137.3,196.03,28.49,34.44,0.96,0.05,14.4,2.02,26.13,0.63,0.375,0.051,observed_and_verified_proxy
2023-01-01,2023,1,1,Kannur,North,11.87,75.37,Tuna,1236.3,3137.3,394.06,28.49,34.44,0.96,0.05,14.4,2.02,26.13,0.63,0.484,0.0,observed_and_verified_proxy
2023-02-01,2023,2,1,Kannur,North,11.87,75.37,Oil Sardine,1899.5,3550.7,534.97,28.74,34.49,1.08,0.1,1.8,2.19,28.03,0.62,0.608,0.0,observed_and_verified_proxy
2023-02-01,2023,2,1,Kannur,North,11.87,75.37,Indian Mackerel,2285.03,3550.7,643.55,28.74,34.49,1.08,0.1,1.8,2.19,28.03,0.62,0.631,0.0,observed_and_verified_proxy
2023-02-01,2023,2,1,Kannur,North,11.87,75.37,Seer Fish,615.17,3550.7,173.25,28.74,34.49,1.08,0.1,1.8,2.19,28.03,0.62,0.424,0.166,observed_and_verified_proxy
2023-02-01,2023,2,1,Kannur,North,11.87,75.37,Tuna,1285.02,3550.7,361.91,28.74,34.49,1.08,0.1,1.8,2.19,28.03,0.62,0.553,0.0,observed_and_verified_proxy
2023-03-01,2023,3,1,Kannur,North,11.87,75.37,Oil Sardine,2102.86,3461.2,607.55,29.45,34.42,1.39,0.2,20.1,2.48,28.84,0.67,0.605,0.0,observed_and_verified_proxy
2023-03-01,2023,3,1,Kannur,North,11.87,75.37,Indian Mackerel,2233.59,3461.2,645.32,29.45,34.42,1.39,0.2,20.1,2.48,28.84,0.67,0.612,0.0,observed_and_verified_proxy
2023-03-01,2023,3,1,Kannur,North,11.87,75.37,Seer Fish,604.75,3461.2,174.72,29.45,34.42,1.39,0.2,20.1,2.48,28.84,0.67,0.41,0.145,observed_and_verified_proxy
2023-03-01,2023,3,1,Kannur,North,11.87,75.37,Tuna,1351.24,3461.2,390.4,29.45,34.42,1.39,0.2,20.1,2.48,28.84,0.67,0.547,0.0,observed_and_verified_proxy
2023-04-01,2023,4,2,Kannur,North,11.87,75.37,Oil Sardine,1383.14,2291.4,603.63,30.12,34.31,1.84,0.35,45.9,2.41,29.18,0.75,0.364,0.0,observed_and_verified_proxy
2023-04-01,2023,4,2,Kannur,North,11.87,75.37,Indian Mackerel,1231.18,2291.4,537.31,30.12,34.31,1.84,0.35,45.9,2.41,29.18,0.75,0.353,0.0,observed_and_verified_proxy
2023-04-01,2023,4,2,Kannur,North,11.87,75.37,Seer Fish,377.2,2291.4,164.62,30.12,34.31,1.84,0.35,45.9,2.41,29.18,0.75,0.213,0.0,observed_and_verified_proxy
2023-04-01,2023,4,2,Kannur,North,11.87,75.37,Tuna,457.48,2291.4,199.65,30.12,34.31,1.84,0.35,45.9,2.41,29.18,0.75,0.237,0.0,observed_and_verified_proxy
2023-05-01,2023,5,2,Kannur,North,11.87,75.37,Oil Sardine,1713.46,2066.8,829.04,30.65,34.07,2.75,0.65,102.6,2.54,28.53,0.8,0.346,0.0,observed_and_verified_proxy
2023-05-01,2023,5,2,Kannur,North,11.87,75.37,Indian Mackerel,1181.53,2066.8,571.68,30.65,34.07,2.75,0.65,102.6,2.54,28.53,0.8,0.314,0.0,observed_and_verified_proxy
2023-05-01,2023,5,2,Kannur,North,11.87,75.37,Seer Fish,387.03,2066.8,187.26,30.65,34.07,2.75,0.65,102.6,2.54,28.53,0.8,0.195,0.0,observed_and_verified_proxy
2023-05-01,2023,5,2,Kannur,North,11.87,75.37,Tuna,481.51,2066.8,232.97,30.65,34.07,2.75,0.65,102.6,2.54,28.53,0.8,0.219,0.0,observed_and_verified_proxy
2023-06-01,2023,6,2,Kannur,North,11.87,75.37,Oil Sardine,1961.52,2297.1,853.89,30.25,33.42,3.78,0.95,259.8,2.71,27.53,1.64,0.396,0.0,observed_and_verified_proxy
2023-06-01,2023,6,2,Kannur,North,11.87,75.37,Indian Mackerel,1104.12,2297.1,480.65,30.25,33.42,3.78,0.95,259.8,2.71,27.53,1.64,0.342,0.0,observed_and_verified_proxy
2023-06-01,2023,6,2,Kannur,North,11.87,75.37,Seer Fish,391.6,2297.1,170.47,30.25,33.42,3.78,0.95,259.8,2.71,27.53,1.64,0.218,0.0,observed_and_verified_proxy
2023-06-01,2023,6,2,Kannur,North,11.87,75.37,Tuna,481.72,2297.1,209.7,30.25,33.42,3.78,0.95,259.8,2.71,27.53,1.64,0.244,0.0,observed_and_verified_proxy
2023-07-01,2023,7,3,Kannur,North,11.87,75.37,Oil Sardine,3079.86,2804.8,1098.08,27.87,32.24,4.28,1.0,542.4,3.52,25.82,2.04,0.522,0.0,observed_and_verified_proxy
2023-07-01,2023,7,3,Kannur,North,11.87,75.37,Indian Mackerel,1663.3,2804.8,593.03,27.87,32.24,4.28,1.0,542.4,3.52,25.82,2.04,0.467,0.0,observed_and_verified_proxy
2023-07-01,2023,7,3,Kannur,North,11.87,75.37,Seer Fish,737.99,2804.8,263.12,27.87,32.24,4.28,1.0,542.4,3.52,25.82,2.04,0.362,0.0,observed_and_verified_proxy
2023-07-01,2023,7,3,Kannur,North,11.87,75.37,Tuna,692.31,2804.8,246.83,27.87,32.24,4.28,1.0,542.4,3.52,25.82,2.04,0.353,0.0,observed_and_verified_proxy
2023-08-01,2023,8,3,Kannur,North,11.87,75.37,Oil Sardine,2931.65,2452.6,1195.34,27.52,34.2,3.41,0.9,72.6,2.98,26.12,1.28,0.454,0.0,observed_and_verified_proxy
2023-08-01,2023,8,3,Kannur,North,11.87,75.37,Indian Mackerel,1781.86,2452.6,726.53,27.52,34.2,3.41,0.9,72.6,2.98,26.12,1.28,0.415,0.0,observed_and_verified_proxy
2023-08-01,2023,8,3,Kannur,North,11.87,75.37,Seer Fish,797.18,2452.6,325.04,27.52,34.2,3.41,0.9,72.6,2.98,26.12,1.28,0.326,0.0,observed_and_verified_proxy
2023-08-01,2023,8,3,Kannur,North,11.87,75.37,Tuna,727.54,2452.6,296.64,27.52,34.2,3.41,0.9,72.6,2.98,26.12,1.28,0.315,0.0,observed_and_verified_proxy
2023-09-01,2023,9,3,Kannur,North,11.87,75.37,Oil Sardine,2434.48,2490.0,977.7,28.48,33.03,2.92,0.6,351.9,2.64,25.87,1.23,0.447,0.0,observed_and_verified_proxy
2023-09-01,2023,9,3,Kannur,North,11.87,75.37,Indian Mackerel,1917.5,2490.0,770.08,28.48,33.03,2.92,0.6,351.9,2.64,25.87,1.23,0.427,0.0,observed_and_verified_proxy
2023-09-01,2023,9,3,Kannur,North,11.87,75.37,Seer Fish,769.16,2490.0,308.9,28.48,33.03,2.92,0.6,351.9,2.64,25.87,1.23,0.327,0.0,observed_and_verified_proxy
2023-09-01,2023,9,3,Kannur,North,11.87,75.37,Tuna,720.08,2490.0,289.19,28.48,33.03,2.92,0.6,351.9,2.64,25.87,1.23,0.318,0.0,observed_and_verified_proxy
2023-10-01,2023,10,4,Kannur,North,11.87,75.37,Oil Sardine,3021.54,4035.0,748.84,29.84,33.66,1.89,0.3,200.7,1.81,26.5,0.83,0.749,0.0,observed_and_verified_proxy
2023-10-01,2023,10,4,Kannur,North,11.87,75.37,Indian Mackerel,2777.24,4035.0,688.29,29.84,33.66,1.89,0.3,200.7,1.81,26.5,0.83,0.74,0.0,observed_and_verified_proxy
2023-10-01,2023,10,4,Kannur,North,11.87,75.37,Seer Fish,1078.68,4035.0,267.33,29.84,33.66,1.89,0.3,200.7,1.81,26.5,0.83,0.597,0.182,observed_and_verified_proxy
2023-10-01,2023,10,4,Kannur,North,11.87,75.37,Tuna,1631.71,4035.0,404.39,29.84,33.66,1.89,0.3,200.7,1.81,26.5,0.83,0.669,0.0,observed_and_verified_proxy
2023-11-01,2023,11,4,Kannur,North,11.87,75.37,Oil Sardine,2615.88,3843.4,680.62,29.88,33.58,1.41,0.12,221.1,1.71,26.82,0.65,0.698,0.0,observed_and_verified_proxy
2023-11-01,2023,11,4,Kannur,North,11.87,75.37,Indian Mackerel,2804.54,3843.4,729.71,29.88,33.58,1.41,0.12,221.1,1.71,26.82,0.65,0.706,0.0,observed_and_verified_proxy
2023-11-01,2023,11,4,Kannur,North,11.87,75.37,Seer Fish,1056.95,3843.4,275.01,29.88,33.58,1.41,0.12,221.1,1.71,26.82,0.65,0.565,0.123,observed_and_verified_proxy
2023-11-01,2023,11,4,Kannur,North,11.87,75.37,Tuna,1730.33,3843.4,450.21,29.88,33.58,1.41,0.12,221.1,1.71,26.82,0.65,0.645,0.0,observed_and_verified_proxy
2023-12-01,2023,12,4,Kannur,North,11.87,75.37,Oil Sardine,2347.46,3869.9,606.6,30.23,34.28,1.03,0.06,52.2,1.67,26.73,0.61,0.691,0.0,observed_and_verified_proxy
2023-12-01,2023,12,4,Kannur,North,11.87,75.37,Indian Mackerel,2863.73,3869.9,740.0,30.23,34.28,1.03,0.06,52.2,1.67,26.73,0.61,0.713,0.0,observed_and_verified_proxy
2023-12-01,2023,12,4,Kannur,North,11.87,75.37,Seer Fish,1096.94,3869.9,283.46,30.23,34.28,1.03,0.06,52.2,1.67,26.73,0.61,0.575,0.118,observed_and_verified_proxy
2023-12-01,2023,12,4,Kannur,North,11.87,75.37,Tuna,1708.63,3869.9,441.52,30.23,34.28,1.03,0.06,52.2,1.67,26.73,0.61,0.648,0.0,observed_and_verified_proxy
2023-01-01,2023,1,1,Thiruvananthapuram,South,8.52,76.94,Oil Sardine,1443.47,2617.6,551.44,28.23,34.4,0.97,0.05,24.6,3.38,26.37,0.85,0.514,0.0,observed_and_verified_proxy
2023-01-01,2023,1,1,Thiruvananthapuram,South,8.52,76.94,Indian Mackerel,1882.63,2617.6,719.21,28.23,34.4,0.97,0.05,24.6,3.38,26.37,0.85,0.547,0.0,observed_and_verified_proxy
2023-01-01,2023,1,1,Thiruvananthapuram,South,8.52,76.94,Seer Fish,523.5,2617.6,199.99,28.23,34.4,0.97,0.05,24.6,3.38,26.37,0.85,0.354,0.016,observed_and_verified_proxy
2023-01-01,2023,1,1,Thiruvananthapuram,South,8.52,76.94,Tuna,1064.82,2617.6,406.79,28.23,34.4,0.97,0.05,24.6,3.38,26.37,0.85,0.471,0.0,observed_and_verified_proxy
2023-02-01,2023,2,1,Thiruvananthapuram,South,8.52,76.94,Oil Sardine,1632.57,2983.9,547.13,28.26,34.45,1.09,0.1,11.4,2.75,27.67,0.87,0.604,0.0,observed_and_verified_proxy
2023-02-01,2023,2,1,Thiruvananthapuram,South,8.52,76.94,Indian Mackerel,1827.97,2983.9,612.62,28.26,34.45,1.09,0.1,11.4,2.75,27.67,0.87,0.62,0.0,observed_and_verified_proxy
2023-02-01,2023,2,1,Thiruvananthapuram,South,8.52,76.94,Seer Fish,509.99,2983.9,170.92,28.26,34.45,1.09,0.1,11.4,2.75,27.67,0.87,0.399,0.138,observed_and_verified_proxy
2023-02-01,2023,2,1,Thiruvananthapuram,South,8.52,76.94,Tuna,1048.19,2983.9,351.28,28.26,34.45,1.09,0.1,11.4,2.75,27.67,0.87,0.534,0.0,observed_and_verified_proxy
2023-03-01,2023,3,1,Thiruvananthapuram,South,8.52,76.94,Oil Sardine,1659.2,2688.4,617.17,29.25,34.39,1.39,0.2,25.8,3.4,29.17,0.89,0.547,0.0,observed_and_verified_proxy
2023-03-01,2023,3,1,Thiruvananthapuram,South,8.52,76.94,Indian Mackerel,1712.52,2688.4,637.0,29.25,34.39,1.39,0.2,25.8,3.4,29.17,0.89,0.55,0.0,observed_and_verified_proxy
2023-03-01,2023,3,1,Thiruvananthapuram,South,8.52,76.94,Seer Fish,510.04,2688.4,189.72,29.25,34.39,1.39,0.2,25.8,3.4,29.17,0.89,0.359,0.045,observed_and_verified_proxy
2023-03-01,2023,3,1,Thiruvananthapuram,South,8.52,76.94,Tuna,1114.84,2688.4,414.68,29.25,34.39,1.39,0.2,25.8,3.4,29.17,0.89,0.491,0.0,observed_and_verified_proxy
2023-04-01,2023,4,2,Thiruvananthapuram,South,8.52,76.94,Oil Sardine,1156.7,1787.5,647.09,30.24,34.18,1.87,0.35,75.9,2.79,29.66,1.1,0.33,0.0,observed_and_verified_proxy
2023-04-01,2023,4,2,Thiruvananthapuram,South,8.52,76.94,Indian Mackerel,1100.21,1787.5,615.49,30.24,34.18,1.87,0.35,75.9,2.79,29.66,1.1,0.325,0.0,observed_and_verified_proxy
2023-04-01,2023,4,2,Thiruvananthapuram,South,8.52,76.94,Seer Fish,295.11,1787.5,165.1,30.24,34.18,1.87,0.35,75.9,2.79,29.66,1.1,0.176,0.0,observed_and_verified_proxy
2023-04-01,2023,4,2,Thiruvananthapuram,South,8.52,76.94,Tuna,364.08,1787.5,203.68,30.24,34.18,1.87,0.35,75.9,2.79,29.66,1.1,0.199,0.0,observed_and_verified_proxy
2023-05-01,2023,5,2,Thiruvananthapuram,South,8.52,76.94,Oil Sardine,1390.7,1858.7,748.23,30.6,33.89,2.8,0.65,147.3,3.81,28.69,1.14,0.362,0.0,observed_and_verified_proxy
2023-05-01,2023,5,2,Thiruvananthapuram,South,8.52,76.94,Indian Mackerel,992.41,1858.7,533.94,30.6,33.89,2.8,0.65,147.3,3.81,28.69,1.14,0.327,0.0,observed_and_verified_proxy
2023-05-01,2023,5,2,Thiruvananthapuram,South,8.52,76.94,Seer Fish,297.95,1858.7,160.3,30.6,33.89,2.8,0.65,147.3,3.81,28.69,1.14,0.184,0.0,observed_and_verified_proxy
2023-05-01,2023,5,2,Thiruvananthapuram,South,8.52,76.94,Tuna,392.45,1858.7,211.15,30.6,33.89,2.8,0.65,147.3,3.81,28.69,1.14,0.216,0.0,observed_and_verified_proxy
2023-06-01,2023,6,2,Thiruvananthapuram,South,8.52,76.94,Oil Sardine,1628.02,1796.5,906.24,29.07,34.01,3.61,0.95,116.7,5.15,27.89,1.96,0.364,0.0,observed_and_verified_proxy
2023-06-01,2023,6,2,Thiruvananthapuram,South,8.52,76.94,Indian Mackerel,923.09,1796.5,513.84,29.07,34.01,3.61,0.95,116.7,5.15,27.89,1.96,0.308,0.0,observed_and_verified_proxy
2023-06-01,2023,6,2,Thiruvananthapuram,South,8.52,76.94,Seer Fish,304.75,1796.5,169.64,29.07,34.01,3.61,0.95,116.7,5.15,27.89,1.96,0.18,0.0,observed_and_verified_proxy
2023-06-01,2023,6,2,Thiruvananthapuram,South,8.52,76.94,Tuna,378.12,1796.5,210.48,29.07,34.01,3.61,0.95,116.7,5.15,27.89,1.96,0.205,0.0,observed_and_verified_proxy
2023-07-01,2023,7,3,Thiruvananthapuram,South,8.52,76.94,Oil Sardine,2470.15,2063.4,1197.11,26.43,33.85,3.79,1.0,155.7,5.07,26.54,2.35,0.454,0.0,observed_and_verified_proxy
2023-07-01,2023,7,3,Thiruvananthapuram,South,8.52,76.94,Indian Mackerel,1411.68,2063.4,684.14,26.43,33.85,3.79,1.0,155.7,5.07,26.54,2.35,0.403,0.0,observed_and_verified_proxy
2023-07-01,2023,7,3,Thiruvananthapuram,South,8.52,76.94,Seer Fish,615.92,2063.4,298.49,26.43,33.85,3.79,1.0,155.7,5.07,26.54,2.35,0.301,0.0,observed_and_verified_proxy
2023-07-01,2023,7,3,Thiruvananthapuram,South,8.52,76.94,Tuna,552.6,2063.4,267.8,26.43,33.85,3.79,1.0,155.7,5.07,26.54,2.35,0.287,0.0,observed_and_verified_proxy
2023-08-01,2023,8,3,Thiruvananthapuram,South,8.52,76.94,Oil Sardine,2253.55,2072.2,1087.5,27.24,34.34,3.37,0.9,37.5,4.7,27.13,1.75,0.449,0.0,observed_and_verified_proxy
2023-08-01,2023,8,3,Thiruvananthapuram,South,8.52,76.94,Indian Mackerel,1381.61,2072.2,666.73,27.24,34.34,3.37,0.9,37.5,4.7,27.13,1.75,0.403,0.0,observed_and_verified_proxy
2023-08-01,2023,8,3,Thiruvananthapuram,South,8.52,76.94,Seer Fish,628.11,2072.2,303.11,27.24,34.34,3.37,0.9,37.5,4.7,27.13,1.75,0.305,0.0,observed_and_verified_proxy
2023-08-01,2023,8,3,Thiruvananthapuram,South,8.52,76.94,Tuna,552.04,2072.2,266.4,27.24,34.34,3.37,0.9,37.5,4.7,27.13,1.75,0.288,0.0,observed_and_verified_proxy
2023-09-01,2023,9,3,Thiruvananthapuram,South,8.52,76.94,Oil Sardine,2115.52,2249.6,940.39,28.11,33.15,2.88,0.6,324.0,4.58,26.88,1.67,0.481,0.0,observed_and_verified_proxy
2023-09-01,2023,9,3,Thiruvananthapuram,South,8.52,76.94,Indian Mackerel,1437.81,2249.6,639.14,28.11,33.15,2.88,0.6,324.0,4.58,26.88,1.67,0.442,0.0,observed_and_verified_proxy
2023-09-01,2023,9,3,Thiruvananthapuram,South,8.52,76.94,Seer Fish,632.05,2249.6,280.96,28.11,33.15,2.88,0.6,324.0,4.58,26.88,1.67,0.332,0.0,observed_and_verified_proxy
2023-09-01,2023,9,3,Thiruvananthapuram,South,8.52,76.94,Tuna,550.15,2249.6,244.56,28.11,33.15,2.88,0.6,324.0,4.58,26.88,1.67,0.312,0.0,observed_and_verified_proxy
2023-10-01,2023,10,4,Thiruvananthapuram,South,8.52,76.94,Oil Sardine,2439.06,3483.0,700.28,29.37,32.7,2.18,0.3,431.4,2.74,26.99,1.24,0.765,0.0,observed_and_verified_proxy
2023-10-01,2023,10,4,Thiruvananthapuram,South,8.52,76.94,Indian Mackerel,2340.77,3483.0,672.06,29.37,32.7,2.18,0.3,431.4,2.74,26.99,1.24,0.759,0.0,observed_and_verified_proxy
2023-10-01,2023,10,4,Thiruvananthapuram,South,8.52,76.94,Seer Fish,913.91,3483.0,262.39,29.37,32.7,2.18,0.3,431.4,2.74,26.99,1.24,0.596,0.191,observed_and_verified_proxy
2023-10-01,2023,10,4,Thiruvananthapuram,South,8.52,76.94,Tuna,1446.67,3483.0,415.36,29.37,32.7,2.18,0.3,431.4,2.74,26.99,1.24,0.685,0.0,observed_and_verified_proxy
2023-11-01,2023,11,4,Thiruvananthapuram,South,8.52,76.94,Oil Sardine,2002.87,3141.1,637.64,29.91,33.47,1.45,0.12,247.2,2.68,27.12,0.98,0.665,0.0,observed_and_verified_proxy
2023-11-01,2023,11,4,Thiruvananthapuram,South,8.52,76.94,Indian Mackerel,2218.47,3141.1,706.28,29.91,33.47,1.45,0.12,247.2,2.68,27.12,0.98,0.678,0.0,observed_and_verified_proxy
2023-11-01,2023,11,4,Thiruvananthapuram,South,8.52,76.94,Seer Fish,908.15,3141.1,289.12,29.91,33.47,1.45,0.12,247.2,2.68,27.12,0.98,0.536,0.054,observed_and_verified_proxy
2023-11-01,2023,11,4,Thiruvananthapuram,South,8.52,76.94,Tuna,1427.46,3141.1,454.45,29.91,33.47,1.45,0.12,247.2,2.68,27.12,0.98,0.615,0.0,observed_and_verified_proxy
2023-12-01,2023,12,4,Thiruvananthapuram,South,8.52,76.94,Oil Sardine,1942.16,3492.6,556.08,29.61,33.63,1.23,0.06,208.5,4.48,26.61,0.91,0.735,0.0,observed_and_verified_proxy
2023-12-01,2023,12,4,Thiruvananthapuram,South,8.52,76.94,Indian Mackerel,2362.75,3492.6,676.5,29.61,33.63,1.23,0.06,208.5,4.48,26.61,0.91,0.763,0.0,observed_and_verified_proxy
2023-12-01,2023,12,4,Thiruvananthapuram,South,8.52,76.94,Seer Fish,853.9,3492.6,244.49,29.61,33.63,1.23,0.06,208.5,4.48,26.61,0.91,0.583,0.214,observed_and_verified_proxy
2023-12-01,2023,12,4,Thiruvananthapuram,South,8.52,76.94,Tuna,1345.64,3492.6,385.28,29.61,33.63,1.23,0.06,208.5,4.48,26.61,0.91,0.674,0.02,observed_and_verified_proxy
2023-01-01,2023,1,1,Malappuram,North,11.07,76.07,Oil Sardine,1146.51,2202.8,520.48,28.49,34.44,0.96,0.05,14.4,2.02,26.13,0.63,0.522,0.0,observed_and_verified_proxy
2023-01-01,2023,1,1,Malappuram,North,11.07,76.07,Indian Mackerel,1405.03,2202.8,637.84,28.49,34.44,0.96,0.05,14.4,2.02,26.13,0.63,0.553,0.0,observed_and_verified_proxy
2023-01-01,2023,1,1,Malappuram,North,11.07,76.07,Seer Fish,403.29,2202.8,183.08,28.49,34.44,0.96,0.05,14.4,2.02,26.13,0.63,0.335,0.028,observed_and_verified_proxy
2023-01-01,2023,1,1,Malappuram,North,11.07,76.07,Tuna,834.49,2202.8,378.83,28.49,34.44,0.96,0.05,14.4,2.02,26.13,0.63,0.469,0.0,observed_and_verified_proxy
2023-02-01,2023,2,1,Malappuram,North,11.07,76.07,Oil Sardine,1270.34,2175.7,583.88,28.74,34.49,1.08,0.1,1.8,2.19,28.03,0.62,0.531,0.0,observed_and_verified_proxy
2023-02-01,2023,2,1,Malappuram,North,11.07,76.07,Indian Mackerel,1382.3,2175.7,635.34,28.74,34.49,1.08,0.1,1.8,2.19,28.03,0.62,0.543,0.0,observed_and_verified_proxy
2023-02-01,2023,2,1,Malappuram,North,11.07,76.07,Seer Fish,404.16,2175.7,185.76,28.74,34.49,1.08,0.1,1.8,2.19,28.03,0.62,0.331,0.017,observed_and_verified_proxy
2023-02-01,2023,2,1,Malappuram,North,11.07,76.07,Tuna,811.03,2175.7,372.77,28.74,34.49,1.08,0.1,1.8,2.19,28.03,0.62,0.458,0.0,observed_and_verified_proxy
2023-03-01,2023,3,1,Malappuram,North,11.07,76.07,Oil Sardine,1378.09,2316.4,594.92,29.45,34.42,1.39,0.2,20.1,2.48,28.84,0.67,0.578,0.0,observed_and_verified_proxy
2023-03-01,2023,3,1,Malappuram,North,11.07,76.07,Indian Mackerel,1388.43,2316.4,599.38,29.45,34.42,1.39,0.2,20.1,2.48,28.84,0.67,0.579,0.0,observed_and_verified_proxy
2023-03-01,2023,3,1,Malappuram,North,11.07,76.07,Seer Fish,393.61,2316.4,169.92,29.45,34.42,1.39,0.2,20.1,2.48,28.84,0.67,0.347,0.074,observed_and_verified_proxy
2023-03-01,2023,3,1,Malappuram,North,11.07,76.07,Tuna,856.42,2316.4,369.72,29.45,34.42,1.39,0.2,20.1,2.48,28.84,0.67,0.497,0.0,observed_and_verified_proxy
2023-04-01,2023,4,2,Malappuram,North,11.07,76.07,Oil Sardine,859.92,1352.8,635.68,30.12,34.31,1.84,0.35,45.9,2.41,29.18,0.75,0.291,0.0,observed_and_verified_proxy
2023-04-01,2023,4,2,Malappuram,North,11.07,76.07,Indian Mackerel,845.72,1352.8,625.18,30.12,34.31,1.84,0.35,45.9,2.41,29.18,0.75,0.289,0.0,observed_and_verified_proxy
2023-04-01,2023,4,2,Malappuram,North,11.07,76.07,Seer Fish,241.95,1352.8,178.85,30.12,34.31,1.84,0.35,45.9,2.41,29.18,0.75,0.15,0.0,observed_and_verified_proxy
2023-04-01,2023,4,2,Malappuram,North,11.07,76.07,Tuna,307.01,1352.8,226.95,30.12,34.31,1.84,0.35,45.9,2.41,29.18,0.75,0.175,0.0,observed_and_verified_proxy
2023-05-01,2023,5,2,Malappuram,North,11.07,76.07,Oil Sardine,1029.55,1296.8,793.9,30.65,34.07,2.75,0.65,102.6,2.54,28.53,0.8,0.297,0.0,observed_and_verified_proxy
2023-05-01,2023,5,2,Malappuram,North,11.07,76.07,Indian Mackerel,793.8,1296.8,612.11,30.65,34.07,2.75,0.65,102.6,2.54,28.53,0.8,0.271,0.0,observed_and_verified_proxy
2023-05-01,2023,5,2,Malappuram,North,11.07,76.07,Seer Fish,241.89,1296.8,186.52,30.65,34.07,2.75,0.65,102.6,2.54,28.53,0.8,0.144,0.0,observed_and_verified_proxy
2023-05-01,2023,5,2,Malappuram,North,11.07,76.07,Tuna,293.28,1296.8,226.15,30.65,34.07,2.75,0.65,102.6,2.54,28.53,0.8,0.163,0.0,observed_and_verified_proxy
2023-06-01,2023,6,2,Malappuram,North,11.07,76.07,Oil Sardine,1283.0,1406.6,912.11,30.25,33.42,3.78,0.95,259.8,2.71,27.53,1.64,0.344,0.0,observed_and_verified_proxy
2023-06-01,2023,6,2,Malappuram,North,11.07,76.07,Indian Mackerel,699.75,1406.6,497.47,30.25,33.42,3.78,0.95,259.8,2.71,27.53,1.64,0.279,0.0,observed_and_verified_proxy
2023-06-01,2023,6,2,Malappuram,North,11.07,76.07,Seer Fish,242.18,1406.6,172.17,30.25,33.42,3.78,0.95,259.8,2.71,27.53,1.64,0.156,0.0,observed_and_verified_proxy
2023-06-01,2023,6,2,Malappuram,North,11.07,76.07,Tuna,306.61,1406.6,217.97,30.25,33.42,3.78,0.95,259.8,2.71,27.53,1.64,0.182,0.0,observed_and_verified_proxy
2023-07-01,2023,7,3,Malappuram,North,11.07,76.07,Oil Sardine,2006.56,1716.6,1168.9,27.87,32.24,4.28,1.0,542.4,3.52,25.82,2.04,0.467,0.0,observed_and_verified_proxy
2023-07-01,2023,7,3,Malappuram,North,11.07,76.07,Indian Mackerel,1121.23,1716.6,653.16,27.87,32.24,4.28,1.0,542.4,3.52,25.82,2.04,0.404,0.0,observed_and_verified_proxy
2023-07-01,2023,7,3,Malappuram,North,11.07,76.07,Seer Fish,477.58,1716.6,278.21,27.87,32.24,4.28,1.0,542.4,3.52,25.82,2.04,0.285,0.0,observed_and_verified_proxy
2023-07-01,2023,7,3,Malappuram,North,11.07,76.07,Tuna,433.66,1716.6,252.62,27.87,32.24,4.28,1.0,542.4,3.52,25.82,2.04,0.271,0.0,observed_and_verified_proxy
2023-08-01,2023,8,3,Malappuram,North,11.07,76.07,Oil Sardine,1850.5,1681.7,1100.35,27.52,34.2,3.41,0.9,72.6,2.98,26.12,1.28,0.45,0.0,observed_and_verified_proxy
2023-08-01,2023,8,3,Malappuram,North,11.07,76.07,Indian Mackerel,1080.59,1681.7,642.55,27.52,34.2,3.41,0.9,72.6,2.98,26.12,1.28,0.391,0.0,observed_and_verified_proxy
2023-08-01,2023,8,3,Malappuram,North,11.07,76.07,Seer Fish,468.08,1681.7,278.33,27.52,34.2,3.41,0.9,72.6,2.98,26.12,1.28,0.277,0.0,observed_and_verified_proxy
2023-08-01,2023,8,3,Malappuram,North,11.07,76.07,Tuna,423.37,1681.7,251.75,27.52,34.2,3.41,0.9,72.6,2.98,26.12,1.28,0.262,0.0,observed_and_verified_proxy
2023-09-01,2023,9,3,Malappuram,North,11.07,76.07,Oil Sardine,1510.19,1656.3,911.8,28.48,33.03,2.92,0.6,351.9,2.64,25.87,1.23,0.423,0.0,observed_and_verified_proxy
2023-09-01,2023,9,3,Malappuram,North,11.07,76.07,Indian Mackerel,1229.74,1656.3,742.47,28.48,33.03,2.92,0.6,351.9,2.64,25.87,1.23,0.401,0.0,observed_and_verified_proxy
2023-09-01,2023,9,3,Malappuram,North,11.07,76.07,Seer Fish,487.62,1656.3,294.41,28.48,33.03,2.92,0.6,351.9,2.64,25.87,1.23,0.278,0.0,observed_and_verified_proxy
2023-09-01,2023,9,3,Malappuram,North,11.07,76.07,Tuna,464.34,1656.3,280.35,28.48,33.03,2.92,0.6,351.9,2.64,25.87,1.23,0.271,0.0,observed_and_verified_proxy
2023-10-01,2023,10,4,Malappuram,North,11.07,76.07,Oil Sardine,1820.22,2712.5,671.06,29.84,33.66,1.89,0.3,200.7,1.81,26.5,0.83,0.724,0.0,observed_and_verified_proxy
2023-10-01,2023,10,4,Malappuram,North,11.07,76.07,Indian Mackerel,1780.29,2712.5,656.33,29.84,33.66,1.89,0.3,200.7,1.81,26.5,0.83,0.72,0.0,observed_and_verified_proxy
2023-10-01,2023,10,4,Malappuram,North,11.07,76.07,Seer Fish,671.99,2712.5,247.74,29.84,33.66,1.89,0.3,200.7,1.81,26.5,0.83,0.529,0.137,observed_and_verified_proxy
2023-10-01,2023,10,4,Malappuram,North,11.07,76.07,Tuna,1079.33,2712.5,397.91,29.84,33.66,1.89,0.3,200.7,1.81,26.5,0.83,0.631,0.0,observed_and_verified_proxy
2023-11-01,2023,11,4,Malappuram,North,11.07,76.07,Oil Sardine,1640.05,2715.2,604.03,29.88,33.58,1.41,0.12,221.1,1.71,26.82,0.65,0.708,0.0,observed_and_verified_proxy
2023-11-01,2023,11,4,Malappuram,North,11.07,76.07,Indian Mackerel,1843.3,2715.2,678.89,29.88,33.58,1.41,0.12,221.1,1.71,26.82,0.65,0.726,0.0,observed_and_verified_proxy
2023-11-01,2023,11,4,Malappuram,North,11.07,76.07,Seer Fish,695.17,2715.2,256.03,29.88,33.58,1.41,0.12,221.1,1.71,26.82,0.65,0.537,0.129,observed_and_verified_proxy
2023-11-01,2023,11,4,Malappuram,North,11.07,76.07,Tuna,1133.82,2715.2,417.59,29.88,33.58,1.41,0.12,221.1,1.71,26.82,0.65,0.641,0.0,observed_and_verified_proxy
2023-12-01,2023,12,4,Malappuram,North,11.07,76.07,Oil Sardine,1572.05,2767.4,568.06,30.23,34.28,1.03,0.06,52.2,1.67,26.73,0.61,0.714,0.0,observed_and_verified_proxy
2023-12-01,2023,12,4,Malappuram,North,11.07,76.07,Indian Mackerel,1769.13,2767.4,639.27,30.23,34.28,1.03,0.06,52.2,1.67,26.73,0.61,0.734,0.0,observed_and_verified_proxy
2023-12-01,2023,12,4,Malappuram,North,11.07,76.07,Seer Fish,673.87,2767.4,243.5,30.23,34.28,1.03,0.06,52.2,1.67,26.73,0.61,0.54,0.161,observed_and_verified_proxy
2023-12-01,2023,12,4,Malappuram,North,11.07,76.07,Tuna,1122.89,2767.4,405.76,30.23,34.28,1.03,0.06,52.2,1.67,26.73,0.61,0.651,0.0,observed_and_verified_proxy
2023-01-01,2023,1,1,Thrissur,Central,10.52,76.21,Oil Sardine,813.67,1530.2,531.74,28.38,34.43,0.96,0.05,16.5,1.81,26.88,0.78,0.451,0.0,observed_and_verified_proxy
2023-01-01,2023,1,1,Thrissur,Central,10.52,76.21,Indian Mackerel,1032.38,1530.2,674.67,28.38,34.43,0.96,0.05,16.5,1.81,26.88,0.78,0.491,0.0,observed_and_verified_proxy
2023-01-01,2023,1,1,Thrissur,Central,10.52,76.21,Seer Fish,284.5,1530.2,185.92,28.38,34.43,0.96,0.05,16.5,1.81,26.88,0.78,0.264,0.0,observed_and_verified_proxy
2023-01-01,2023,1,1,Thrissur,Central,10.52,76.21,Tuna,603.93,1530.2,394.67,28.38,34.43,0.96,0.05,16.5,1.81,26.88,0.78,0.399,0.0,observed_and_verified_proxy
2023-02-01,2023,2,1,Thrissur,Central,10.52,76.21,Oil Sardine,830.76,1520.7,546.31,28.71,34.47,1.09,0.1,6.6,1.85,28.72,0.75,0.452,0.0,observed_and_verified_proxy
2023-02-01,2023,2,1,Thrissur,Central,10.52,76.21,Indian Mackerel,989.28,1520.7,650.56,28.71,34.47,1.09,0.1,6.6,1.85,28.72,0.75,0.481,0.0,observed_and_verified_proxy
2023-02-01,2023,2,1,Thrissur,Central,10.52,76.21,Seer Fish,290.81,1520.7,191.24,28.71,34.47,1.09,0.1,6.6,1.85,28.72,0.75,0.266,0.0,observed_and_verified_proxy
2023-02-01,2023,2,1,Thrissur,Central,10.52,76.21,Tuna,600.06,1520.7,394.6,28.71,34.47,1.09,0.1,6.6,1.85,28.72,0.75,0.395,0.0,observed_and_verified_proxy
2023-03-01,2023,3,1,Thrissur,Central,10.52,76.21,Oil Sardine,957.26,1506.8,635.29,29.62,34.34,1.41,0.2,39.3,2.46,29.72,0.76,0.471,0.0,observed_and_verified_proxy
2023-03-01,2023,3,1,Thrissur,Central,10.52,76.21,Indian Mackerel,964.42,1506.8,640.03,29.62,34.34,1.41,0.2,39.3,2.46,29.72,0.76,0.473,0.0,observed_and_verified_proxy
2023-03-01,2023,3,1,Thrissur,Central,10.52,76.21,Seer Fish,265.17,1506.8,175.98,29.62,34.34,1.41,0.2,39.3,2.46,29.72,0.76,0.249,0.0,observed_and_verified_proxy
2023-03-01,2023,3,1,Thrissur,Central,10.52,76.21,Tuna,578.61,1506.8,383.99,29.62,34.34,1.41,0.2,39.3,2.46,29.72,0.76,0.385,0.0,observed_and_verified_proxy
2023-04-01,2023,4,2,Thrissur,Central,10.52,76.21,Oil Sardine,647.76,1039.8,622.94,30.27,34.09,1.9,0.35,98.7,2.45,30.03,0.92,0.279,0.0,observed_and_verified_proxy
2023-04-01,2023,4,2,Thrissur,Central,10.52,76.21,Indian Mackerel,574.03,1039.8,552.03,30.27,34.09,1.9,0.35,98.7,2.45,30.03,0.92,0.265,0.0,observed_and_verified_proxy
2023-04-01,2023,4,2,Thrissur,Central,10.52,76.21,Seer Fish,169.74,1039.8,163.23,30.27,34.09,1.9,0.35,98.7,2.45,30.03,0.92,0.125,0.0,observed_and_verified_proxy
2023-04-01,2023,4,2,Thrissur,Central,10.52,76.21,Tuna,203.8,1039.8,195.99,30.27,34.09,1.9,0.35,98.7,2.45,30.03,0.92,0.143,0.0,observed_and_verified_proxy
2023-05-01,2023,5,2,Thrissur,Central,10.52,76.21,Oil Sardine,760.68,969.0,785.03,30.67,34.05,2.75,0.65,107.1,2.77,28.79,0.96,0.278,0.0,observed_and_verified_proxy
2023-05-01,2023,5,2,Thrissur,Central,10.52,76.21,Indian Mackerel,577.78,969.0,596.27,30.67,34.05,2.75,0.65,107.1,2.77,28.79,0.96,0.247,0.0,observed_and_verified_proxy
2023-05-01,2023,5,2,Thrissur,Central,10.52,76.21,Seer Fish,163.22,969.0,168.45,30.67,34.05,2.75,0.65,107.1,2.77,28.79,0.96,0.114,0.0,observed_and_verified_proxy
2023-05-01,2023,5,2,Thrissur,Central,10.52,76.21,Tuna,220.9,969.0,227.97,30.67,34.05,2.75,0.65,107.1,2.77,28.79,0.96,0.141,0.0,observed_and_verified_proxy
2023-06-01,2023,6,2,Thrissur,Central,10.52,76.21,Oil Sardine,891.54,1003.4,888.53,29.68,33.34,3.81,0.95,279.3,3.26,28.08,1.8,0.306,0.0,observed_and_verified_proxy
2023-06-01,2023,6,2,Thrissur,Central,10.52,76.21,Indian Mackerel,532.28,1003.4,530.49,29.68,33.34,3.81,0.95,279.3,3.26,28.08,1.8,0.246,0.0,observed_and_verified_proxy
2023-06-01,2023,6,2,Thrissur,Central,10.52,76.21,Seer Fish,172.49,1003.4,171.91,29.68,33.34,3.81,0.95,279.3,3.26,28.08,1.8,0.123,0.0,observed_and_verified_proxy
2023-06-01,2023,6,2,Thrissur,Central,10.52,76.21,Tuna,205.6,1003.4,204.9,29.68,33.34,3.81,0.95,279.3,3.26,28.08,1.8,0.139,0.0,observed_and_verified_proxy
2023-07-01,2023,7,3,Thrissur,Central,10.52,76.21,Oil Sardine,1389.45,1187.9,1169.63,27.34,32.78,4.11,1.0,411.9,3.66,26.57,2.23,0.416,0.0,observed_and_verified_proxy
2023-07-01,2023,7,3,Thrissur,Central,10.52,76.21,Indian Mackerel,756.22,1187.9,636.58,27.34,32.78,4.11,1.0,411.9,3.66,26.57,2.23,0.341,0.0,observed_and_verified_proxy
2023-07-01,2023,7,3,Thrissur,Central,10.52,76.21,Seer Fish,337.49,1187.9,284.1,27.34,32.78,4.11,1.0,411.9,3.66,26.57,2.23,0.228,0.0,observed_and_verified_proxy
2023-07-01,2023,7,3,Thrissur,Central,10.52,76.21,Tuna,329.42,1187.9,277.31,27.34,32.78,4.11,1.0,411.9,3.66,26.57,2.23,0.225,0.0,observed_and_verified_proxy
2023-08-01,2023,8,3,Thrissur,Central,10.52,76.21,Oil Sardine,1322.6,1095.7,1207.04,27.36,34.13,3.43,0.9,88.8,3.3,26.92,1.52,0.379,0.0,observed_and_verified_proxy
2023-08-01,2023,8,3,Thrissur,Central,10.52,76.21,Indian Mackerel,807.03,1095.7,736.52,27.36,34.13,3.43,0.9,88.8,3.3,26.92,1.52,0.322,0.0,observed_and_verified_proxy
2023-08-01,2023,8,3,Thrissur,Central,10.52,76.21,Seer Fish,335.43,1095.7,306.12,27.36,34.13,3.43,0.9,88.8,3.3,26.92,1.52,0.209,0.0,observed_and_verified_proxy
2023-08-01,2023,8,3,Thrissur,Central,10.52,76.21,Tuna,304.67,1095.7,278.05,27.36,34.13,3.43,0.9,88.8,3.3,26.92,1.52,0.198,0.0,observed_and_verified_proxy
2023-09-01,2023,9,3,Thrissur,Central,10.52,76.21,Oil Sardine,1122.64,1265.5,887.15,28.4,32.53,3.07,0.6,472.5,3.04,26.64,1.49,0.417,0.0,observed_and_verified_proxy
2023-09-01,2023,9,3,Thrissur,Central,10.52,76.21,Indian Mackerel,825.17,1265.5,652.08,28.4,32.53,3.07,0.6,472.5,3.04,26.64,1.49,0.375,0.0,observed_and_verified_proxy
2023-09-01,2023,9,3,Thrissur,Central,10.52,76.21,Seer Fish,362.69,1265.5,286.61,28.4,32.53,3.07,0.6,472.5,3.04,26.64,1.49,0.253,0.0,observed_and_verified_proxy
2023-09-01,2023,9,3,Thrissur,Central,10.52,76.21,Tuna,315.1,1265.5,249.0,28.4,32.53,3.07,0.6,472.5,3.04,26.64,1.49,0.233,0.0,observed_and_verified_proxy
2023-10-01,2023,10,4,Thrissur,Central,10.52,76.21,Oil Sardine,1270.41,1840.1,690.41,29.72,33.02,2.08,0.3,355.2,2.22,27.18,1.05,0.629,0.0,observed_and_verified_proxy
2023-10-01,2023,10,4,Thrissur,Central,10.52,76.21,Indian Mackerel,1238.33,1840.1,672.97,29.72,33.02,2.08,0.3,355.2,2.22,27.18,1.05,0.624,0.0,observed_and_verified_proxy
2023-10-01,2023,10,4,Thrissur,Central,10.52,76.21,Seer Fish,509.16,1840.1,276.71,29.72,33.02,2.08,0.3,355.2,2.22,27.18,1.05,0.442,0.0,observed_and_verified_proxy
2023-10-01,2023,10,4,Thrissur,Central,10.52,76.21,Tuna,761.19,1840.1,413.67,29.72,33.02,2.08,0.3,355.2,2.22,27.18,1.05,0.529,0.0,observed_and_verified_proxy
2023-11-01,2023,11,4,Thrissur,Central,10.52,76.21,Oil Sardine,1132.21,1846.1,613.28,30.02,33.37,1.47,0.12,270.6,1.87,27.51,0.81,0.61,0.0,observed_and_verified_proxy
2023-11-01,2023,11,4,Thrissur,Central,10.52,76.21,Indian Mackerel,1247.52,1846.1,675.74,30.02,33.37,1.47,0.12,270.6,1.87,27.51,0.81,0.628,0.0,observed_and_verified_proxy
2023-11-01,2023,11,4,Thrissur,Central,10.52,76.21,Seer Fish,507.82,1846.1,275.07,30.02,33.37,1.47,0.12,270.6,1.87,27.51,0.81,0.443,0.0,observed_and_verified_proxy
2023-11-01,2023,11,4,Thrissur,Central,10.52,76.21,Tuna,771.65,1846.1,417.98,30.02,33.37,1.47,0.12,270.6,1.87,27.51,0.81,0.533,0.0,observed_and_verified_proxy
2023-12-01,2023,12,4,Thrissur,Central,10.52,76.21,Oil Sardine,1111.76,1883.5,590.26,30.06,34.01,1.12,0.06,118.5,2.2,27.42,0.75,0.619,0.0,observed_and_verified_proxy
2023-12-01,2023,12,4,Thrissur,Central,10.52,76.21,Indian Mackerel,1341.49,1883.5,712.23,30.06,34.01,1.12,0.06,118.5,2.2,27.42,0.75,0.653,0.0,observed_and_verified_proxy
2023-12-01,2023,12,4,Thrissur,Central,10.52,76.21,Seer Fish,487.87,1883.5,259.02,30.06,34.01,1.12,0.06,118.5,2.2,27.42,0.75,0.443,0.0,observed_and_verified_proxy
2023-12-01,2023,12,4,Thrissur,Central,10.52,76.21,Tuna,792.08,1883.5,420.53,30.06,34.01,1.12,0.06,118.5,2.2,27.42,0.75,0.55,0.0,observed_and_verified_proxy
2023-01-01,2023,1,1,Kasaragod,North,12.5,74.99,Oil Sardine,483.33,917.6,526.73,28.49,34.44,0.96,0.05,14.4,2.02,26.13,0.63,0.358,0.0,observed_and_verified_proxy
2023-01-01,2023,1,1,Kasaragod,North,12.5,74.99,Indian Mackerel,590.41,917.6,643.44,28.49,34.44,0.96,0.05,14.4,2.02,26.13,0.63,0.394,0.0,observed_and_verified_proxy
2023-01-01,2023,1,1,Kasaragod,North,12.5,74.99,Seer Fish,162.35,917.6,176.93,28.49,34.44,0.96,0.05,14.4,2.02,26.13,0.63,0.179,0.0,observed_and_verified_proxy
2023-01-01,2023,1,1,Kasaragod,North,12.5,74.99,Tuna,368.23,917.6,401.3,28.49,34.44,0.96,0.05,14.4,2.02,26.13,0.63,0.309,0.0,observed_and_verified_proxy
2023-02-01,2023,2,1,Kasaragod,North,12.5,74.99,Oil Sardine,543.45,945.7,574.66,28.74,34.49,1.08,0.1,1.8,2.19,28.03,0.62,0.391,0.0,observed_and_verified_proxy
2023-02-01,2023,2,1,Kasaragod,North,12.5,74.99,Indian Mackerel,602.5,945.7,637.11,28.74,34.49,1.08,0.1,1.8,2.19,28.03,0.62,0.41,0.0,observed_and_verified_proxy
2023-02-01,2023,2,1,Kasaragod,North,12.5,74.99,Seer Fish,164.85,945.7,174.32,28.74,34.49,1.08,0.1,1.8,2.19,28.03,0.62,0.186,0.0,observed_and_verified_proxy
2023-02-01,2023,2,1,Kasaragod,North,12.5,74.99,Tuna,341.63,945.7,361.25,28.74,34.49,1.08,0.1,1.8,2.19,28.03,0.62,0.305,0.0,observed_and_verified_proxy
2023-03-01,2023,3,1,Kasaragod,North,12.5,74.99,Oil Sardine,583.01,915.3,636.94,29.45,34.42,1.39,0.2,20.1,2.48,28.84,0.67,0.391,0.0,observed_and_verified_proxy
2023-03-01,2023,3,1,Kasaragod,North,12.5,74.99,Indian Mackerel,593.85,915.3,648.78,29.45,34.42,1.39,0.2,20.1,2.48,28.84,0.67,0.394,0.0,observed_and_verified_proxy
2023-03-01,2023,3,1,Kasaragod,North,12.5,74.99,Seer Fish,170.14,915.3,185.88,29.45,34.42,1.39,0.2,20.1,2.48,28.84,0.67,0.184,0.0,observed_and_verified_proxy
2023-03-01,2023,3,1,Kasaragod,North,12.5,74.99,Tuna,359.86,915.3,393.14,29.45,34.42,1.39,0.2,20.1,2.48,28.84,0.67,0.304,0.0,observed_and_verified_proxy
2023-04-01,2023,4,2,Kasaragod,North,12.5,74.99,Oil Sardine,403.56,561.1,719.25,30.12,34.31,1.84,0.35,45.9,2.41,29.18,0.75,0.199,0.0,observed_and_verified_proxy
2023-04-01,2023,4,2,Kasaragod,North,12.5,74.99,Indian Mackerel,356.09,561.1,634.63,30.12,34.31,1.84,0.35,45.9,2.41,29.18,0.75,0.185,0.0,observed_and_verified_proxy
2023-04-01,2023,4,2,Kasaragod,North,12.5,74.99,Seer Fish,100.78,561.1,179.61,30.12,34.31,1.84,0.35,45.9,2.41,29.18,0.75,0.075,0.0,observed_and_verified_proxy
2023-04-01,2023,4,2,Kasaragod,North,12.5,74.99,Tuna,133.51,561.1,237.96,30.12,34.31,1.84,0.35,45.9,2.41,29.18,0.75,0.094,0.0,observed_and_verified_proxy
2023-05-01,2023,5,2,Kasaragod,North,12.5,74.99,Oil Sardine,463.17,603.8,767.15,30.65,34.07,2.75,0.65,102.6,2.54,28.53,0.8,0.23,0.0,observed_and_verified_proxy
2023-05-01,2023,5,2,Kasaragod,North,12.5,74.99,Indian Mackerel,320.07,603.8,530.13,30.65,34.07,2.75,0.65,102.6,2.54,28.53,0.8,0.187,0.0,observed_and_verified_proxy
2023-05-01,2023,5,2,Kasaragod,North,12.5,74.99,Seer Fish,98.47,603.8,163.1,30.65,34.07,2.75,0.65,102.6,2.54,28.53,0.8,0.079,0.0,observed_and_verified_proxy
2023-05-01,2023,5,2,Kasaragod,North,12.5,74.99,Tuna,130.82,603.8,216.67,30.65,34.07,2.75,0.65,102.6,2.54,28.53,0.8,0.099,0.0,observed_and_verified_proxy
2023-06-01,2023,6,2,Kasaragod,North,12.5,74.99,Oil Sardine,542.68,566.5,957.98,30.25,33.42,3.78,0.95,259.8,2.71,27.53,1.64,0.234,0.0,observed_and_verified_proxy
2023-06-01,2023,6,2,Kasaragod,North,12.5,74.99,Indian Mackerel,307.78,566.5,543.32,30.25,33.42,3.78,0.95,259.8,2.71,27.53,1.64,0.171,0.0,observed_and_verified_proxy
2023-06-01,2023,6,2,Kasaragod,North,12.5,74.99,Seer Fish,100.51,566.5,177.42,30.25,33.42,3.78,0.95,259.8,2.71,27.53,1.64,0.075,0.0,observed_and_verified_proxy
2023-06-01,2023,6,2,Kasaragod,North,12.5,74.99,Tuna,125.62,566.5,221.75,30.25,33.42,3.78,0.95,259.8,2.71,27.53,1.64,0.09,0.0,observed_and_verified_proxy
2023-07-01,2023,7,3,Kasaragod,North,12.5,74.99,Oil Sardine,829.17,691.2,1199.69,27.87,32.24,4.28,1.0,542.4,3.52,25.82,2.04,0.342,0.0,observed_and_verified_proxy
2023-07-01,2023,7,3,Kasaragod,North,12.5,74.99,Indian Mackerel,461.12,691.2,667.17,27.87,32.24,4.28,1.0,542.4,3.52,25.82,2.04,0.263,0.0,observed_and_verified_proxy
2023-07-01,2023,7,3,Kasaragod,North,12.5,74.99,Seer Fish,200.03,691.2,289.41,27.87,32.24,4.28,1.0,542.4,3.52,25.82,2.04,0.157,0.0,observed_and_verified_proxy
2023-07-01,2023,7,3,Kasaragod,North,12.5,74.99,Tuna,189.47,691.2,274.13,27.87,32.24,4.28,1.0,542.4,3.52,25.82,2.04,0.151,0.0,observed_and_verified_proxy
2023-08-01,2023,8,3,Kasaragod,North,12.5,74.99,Oil Sardine,813.11,682.9,1190.66,27.52,34.2,3.41,0.9,72.6,2.98,26.12,1.28,0.336,0.0,observed_and_verified_proxy
2023-08-01,2023,8,3,Kasaragod,North,12.5,74.99,Indian Mackerel,482.73,682.9,706.88,27.52,34.2,3.41,0.9,72.6,2.98,26.12,1.28,0.266,0.0,observed_and_verified_proxy
2023-08-01,2023,8,3,Kasaragod,North,12.5,74.99,Seer Fish,203.99,682.9,298.7,27.52,34.2,3.41,0.9,72.6,2.98,26.12,1.28,0.157,0.0,observed_and_verified_proxy
2023-08-01,2023,8,3,Kasaragod,North,12.5,74.99,Tuna,197.17,682.9,288.72,27.52,34.2,3.41,0.9,72.6,2.98,26.12,1.28,0.153,0.0,observed_and_verified_proxy
2023-09-01,2023,9,3,Kasaragod,North,12.5,74.99,Oil Sardine,656.87,743.5,883.43,28.48,33.03,2.92,0.6,351.9,2.64,25.87,1.23,0.335,0.0,observed_and_verified_proxy
2023-09-01,2023,9,3,Kasaragod,North,12.5,74.99,Indian Mackerel,491.14,743.5,660.54,28.48,33.03,2.92,0.6,351.9,2.64,25.87,1.23,0.292,0.0,observed_and_verified_proxy
2023-09-01,2023,9,3,Kasaragod,North,12.5,74.99,Seer Fish,206.09,743.5,277.17,28.48,33.03,2.92,0.6,351.9,2.64,25.87,1.23,0.172,0.0,observed_and_verified_proxy
2023-09-01,2023,9,3,Kasaragod,North,12.5,74.99,Tuna,199.09,743.5,267.76,28.48,33.03,2.92,0.6,351.9,2.64,25.87,1.23,0.168,0.0,observed_and_verified_proxy
2023-10-01,2023,10,4,Kasaragod,North,12.5,74.99,Oil Sardine,831.85,1056.1,787.65,29.84,33.66,1.89,0.3,200.7,1.81,26.5,0.83,0.524,0.0,observed_and_verified_proxy
2023-10-01,2023,10,4,Kasaragod,North,12.5,74.99,Indian Mackerel,732.93,1056.1,693.98,29.84,33.66,1.89,0.3,200.7,1.81,26.5,0.83,0.498,0.0,observed_and_verified_proxy
2023-10-01,2023,10,4,Kasaragod,North,12.5,74.99,Seer Fish,298.84,1056.1,282.96,29.84,33.66,1.89,0.3,200.7,1.81,26.5,0.83,0.314,0.0,observed_and_verified_proxy
2023-10-01,2023,10,4,Kasaragod,North,12.5,74.99,Tuna,444.85,1056.1,421.21,29.84,33.66,1.89,0.3,200.7,1.81,26.5,0.83,0.395,0.0,observed_and_verified_proxy
2023-11-01,2023,11,4,Kasaragod,North,12.5,74.99,Oil Sardine,720.37,1205.4,597.63,29.88,33.58,1.41,0.12,221.1,1.71,26.82,0.65,0.565,0.0,observed_and_verified_proxy
2023-11-01,2023,11,4,Kasaragod,North,12.5,74.99,Indian Mackerel,765.12,1205.4,634.75,29.88,33.58,1.41,0.12,221.1,1.71,26.82,0.65,0.579,0.0,observed_and_verified_proxy
2023-11-01,2023,11,4,Kasaragod,North,12.5,74.99,Seer Fish,292.91,1205.4,243.0,29.88,33.58,1.41,0.12,221.1,1.71,26.82,0.65,0.353,0.0,observed_and_verified_proxy
2023-11-01,2023,11,4,Kasaragod,North,12.5,74.99,Tuna,449.69,1205.4,373.06,29.88,33.58,1.41,0.12,221.1,1.71,26.82,0.65,0.453,0.0,observed_and_verified_proxy
2023-12-01,2023,12,4,Kasaragod,North,12.5,74.99,Oil Sardine,672.57,1085.5,619.62,30.23,34.28,1.03,0.06,52.2,1.67,26.73,0.61,0.494,0.0,observed_and_verified_proxy
2023-12-01,2023,12,4,Kasaragod,North,12.5,74.99,Indian Mackerel,752.35,1085.5,693.11,30.23,34.28,1.03,0.06,52.2,1.67,26.73,0.61,0.518,0.0,observed_and_verified_proxy
2023-12-01,2023,12,4,Kasaragod,North,12.5,74.99,Seer Fish,304.42,1085.5,280.45,30.23,34.28,1.03,0.06,52.2,1.67,26.73,0.61,0.326,0.0,observed_and_verified_proxy
2023-12-01,2023,12,4,Kasaragod,North,12.5,74.99,Tuna,458.55,1085.5,422.45,30.23,34.28,1.03,0.06,52.2,1.67,26.73,0.61,0.412,0.0,observed_and_verified_proxy
2024-01-01,2024,1,1,Kozhikode,North,11.25,75.78,Oil Sardine,3049.03,5790.1,526.6,29.58,34.2,1.03,0.05,72.0,2.06,26.55,0.62,0.623,0.0,observed_and_verified_proxy
2024-01-01,2024,1,1,Kozhikode,North,11.25,75.78,Indian Mackerel,3812.24,5790.1,658.41,29.58,34.2,1.03,0.05,72.0,2.06,26.55,0.62,0.641,0.0,observed_and_verified_proxy
2024-01-01,2024,1,1,Kozhikode,North,11.25,75.78,Seer Fish,1020.92,5790.1,176.32,29.58,34.2,1.03,0.05,72.0,2.06,26.55,0.62,0.487,0.241,observed_and_verified_proxy
2024-01-01,2024,1,1,Kozhikode,North,11.25,75.78,Tuna,2131.63,5790.1,368.15,29.58,34.2,1.03,0.05,72.0,2.06,26.55,0.62,0.588,0.0,observed_and_verified_proxy
2024-02-01,2024,2,1,Kozhikode,North,11.25,75.78,Oil Sardine,3267.57,5702.3,573.03,29.75,34.5,1.08,0.1,0.3,2.54,28.29,0.62,0.62,0.0,observed_and_verified_proxy
2024-02-01,2024,2,1,Kozhikode,North,11.25,75.78,Indian Mackerel,3817.5,5702.3,669.47,29.75,34.5,1.08,0.1,0.3,2.54,28.29,0.62,0.632,0.0,observed_and_verified_proxy
2024-02-01,2024,2,1,Kozhikode,North,11.25,75.78,Seer Fish,994.0,5702.3,174.32,29.75,34.5,1.08,0.1,0.3,2.54,28.29,0.62,0.475,0.231,observed_and_verified_proxy
2024-02-01,2024,2,1,Kozhikode,North,11.25,75.78,Tuna,2130.1,5702.3,373.55,29.75,34.5,1.08,0.1,0.3,2.54,28.29,0.62,0.579,0.0,observed_and_verified_proxy
2024-03-01,2024,3,1,Kozhikode,North,11.25,75.78,Oil Sardine,3498.1,5540.7,631.35,30.1,34.48,1.37,0.2,4.5,2.75,29.62,0.74,0.607,0.0,observed_and_verified_proxy
2024-03-01,2024,3,1,Kozhikode,North,11.25,75.78,Indian Mackerel,3585.26,5540.7,647.08,30.1,34.48,1.37,0.2,4.5,2.75,29.62,0.74,0.609,0.0,observed_and_verified_proxy
2024-03-01,2024,3,1,Kozhikode,North,11.25,75.78,Seer Fish,1027.71,5540.7,185.48,30.1,34.48,1.37,0.2,4.5,2.75,29.62,0.74,0.467,0.195,observed_and_verified_proxy
2024-03-01,2024,3,1,Kozhikode,North,11.25,75.78,Tuna,2096.15,5540.7,378.32,30.1,34.48,1.37,0.2,4.5,2.75,29.62,0.74,0.561,0.0,observed_and_verified_proxy
2024-04-01,2024,4,2,Kozhikode,North,11.25,75.78,Oil Sardine,2395.4,3717.0,644.44,31.29,34.42,1.8,0.35,19.5,2.61,30.61,0.79,0.385,0.0,observed_and_verified_proxy
2024-04-01,2024,4,2,Kozhikode,North,11.25,75.78,Indian Mackerel,2240.59,3717.0,602.79,31.29,34.42,1.8,0.35,19.5,2.61,30.61,0.79,0.381,0.0,observed_and_verified_proxy
2024-04-01,2024,4,2,Kozhikode,North,11.25,75.78,Seer Fish,614.65,3717.0,165.36,31.29,34.42,1.8,0.35,19.5,2.61,30.61,0.79,0.257,0.0,observed_and_verified_proxy
2024-04-01,2024,4,2,Kozhikode,North,11.25,75.78,Tuna,760.45,3717.0,204.59,31.29,34.42,1.8,0.35,19.5,2.61,30.61,0.79,0.281,0.0,observed_and_verified_proxy
2024-05-01,2024,5,2,Kozhikode,North,11.25,75.78,Oil Sardine,2857.32,3818.1,748.36,31.32,33.32,2.97,0.65,282.9,3.08,28.56,1.1,0.407,0.0,observed_and_verified_proxy
2024-05-01,2024,5,2,Kozhikode,North,11.25,75.78,Indian Mackerel,2123.42,3818.1,556.14,31.32,33.32,2.97,0.65,282.9,3.08,28.56,1.1,0.387,0.0,observed_and_verified_proxy
2024-05-01,2024,5,2,Kozhikode,North,11.25,75.78,Seer Fish,608.09,3818.1,159.26,31.32,33.32,2.97,0.65,282.9,3.08,28.56,1.1,0.263,0.0,observed_and_verified_proxy
2024-05-01,2024,5,2,Kozhikode,North,11.25,75.78,Tuna,779.01,3818.1,204.03,31.32,33.32,2.97,0.65,282.9,3.08,28.56,1.1,0.291,0.0,observed_and_verified_proxy
2024-06-01,2024,6,2,Kozhikode,North,11.25,75.78,Oil Sardine,3357.41,3622.5,926.82,29.3,32.63,4.02,0.95,447.6,2.89,26.97,1.69,0.395,0.0,observed_and_verified_proxy
2024-06-01,2024,6,2,Kozhikode,North,11.25,75.78,Indian Mackerel,1933.05,3622.5,533.62,29.3,32.63,4.02,0.95,447.6,2.89,26.97,1.69,0.361,0.0,observed_and_verified_proxy
2024-06-01,2024,6,2,Kozhikode,North,11.25,75.78,Seer Fish,667.07,3622.5,184.15,29.3,32.63,4.02,0.95,447.6,2.89,26.97,1.69,0.259,0.0,observed_and_verified_proxy
2024-06-01,2024,6,2,Kozhikode,North,11.25,75.78,Tuna,818.78,3622.5,226.03,29.3,32.63,4.02,0.95,447.6,2.89,26.97,1.69,0.282,0.0,observed_and_verified_proxy
2024-07-01,2024,7,3,Kozhikode,North,11.25,75.78,Oil Sardine,5312.12,4875.0,1089.68,28.05,31.44,4.52,1.0,734.7,3.62,25.92,2.08,0.558,0.0,observed_and_verified_proxy
2024-07-01,2024,7,3,Kozhikode,North,11.25,75.78,Indian Mackerel,2785.77,4875.0,571.45,28.05,31.44,4.52,1.0,734.7,3.62,25.92,2.08,0.518,0.0,observed_and_verified_proxy
2024-07-01,2024,7,3,Kozhikode,North,11.25,75.78,Seer Fish,1278.91,4875.0,262.34,28.05,31.44,4.52,1.0,734.7,3.62,25.92,2.08,0.439,0.0,observed_and_verified_proxy
2024-07-01,2024,7,3,Kozhikode,North,11.25,75.78,Tuna,1233.26,4875.0,252.98,28.05,31.44,4.52,1.0,734.7,3.62,25.92,2.08,0.435,0.003,observed_and_verified_proxy
2024-08-01,2024,8,3,Kozhikode,North,11.25,75.78,Oil Sardine,4814.58,4754.9,1012.56,27.47,33.28,3.69,0.9,293.7,3.19,25.92,1.61,0.54,0.0,observed_and_verified_proxy
2024-08-01,2024,8,3,Kozhikode,North,11.25,75.78,Indian Mackerel,3076.67,4754.9,647.06,27.47,33.28,3.69,0.9,293.7,3.19,25.92,1.61,0.513,0.0,observed_and_verified_proxy
2024-08-01,2024,8,3,Kozhikode,North,11.25,75.78,Seer Fish,1264.53,4754.9,265.94,27.47,33.28,3.69,0.9,293.7,3.19,25.92,1.61,0.427,0.0,observed_and_verified_proxy
2024-08-01,2024,8,3,Kozhikode,North,11.25,75.78,Tuna,1209.52,4754.9,254.38,27.47,33.28,3.69,0.9,293.7,3.19,25.92,1.61,0.422,0.0,observed_and_verified_proxy
2024-09-01,2024,9,3,Kozhikode,North,11.25,75.78,Oil Sardine,4224.79,4377.4,965.13,27.98,33.89,2.66,0.6,146.4,3.3,26.26,1.28,0.491,0.0,observed_and_verified_proxy
2024-09-01,2024,9,3,Kozhikode,North,11.25,75.78,Indian Mackerel,3189.09,4377.4,728.53,27.98,33.89,2.66,0.6,146.4,3.3,26.26,1.28,0.474,0.0,observed_and_verified_proxy
2024-09-01,2024,9,3,Kozhikode,North,11.25,75.78,Seer Fish,1345.11,4377.4,307.28,27.98,33.89,2.66,0.6,146.4,3.3,26.26,1.28,0.4,0.0,observed_and_verified_proxy
2024-09-01,2024,9,3,Kozhikode,North,11.25,75.78,Tuna,1213.33,4377.4,277.18,27.98,33.89,2.66,0.6,146.4,3.3,26.26,1.28,0.388,0.0,observed_and_verified_proxy
2024-10-01,2024,10,4,Kozhikode,North,11.25,75.78,Oil Sardine,4792.71,7204.0,665.28,29.37,33.65,1.9,0.3,204.0,2.11,26.34,1.0,0.817,0.0,observed_and_verified_proxy
2024-10-01,2024,10,4,Kozhikode,North,11.25,75.78,Indian Mackerel,4560.5,7204.0,633.05,29.37,33.65,1.9,0.3,204.0,2.11,26.34,1.0,0.814,0.0,observed_and_verified_proxy
2024-10-01,2024,10,4,Kozhikode,North,11.25,75.78,Seer Fish,1744.28,7204.0,242.13,29.37,33.65,1.9,0.3,204.0,2.11,26.34,1.0,0.702,0.374,observed_and_verified_proxy
2024-10-01,2024,10,4,Kozhikode,North,11.25,75.78,Tuna,2895.68,7204.0,401.96,29.37,33.65,1.9,0.3,204.0,2.11,26.34,1.0,0.77,0.108,observed_and_verified_proxy
2024-11-01,2024,11,4,Kozhikode,North,11.25,75.78,Oil Sardine,4132.63,7059.5,585.4,29.98,34.09,1.26,0.12,99.0,1.71,27.07,0.62,0.789,0.0,observed_and_verified_proxy
2024-11-01,2024,11,4,Kozhikode,North,11.25,75.78,Indian Mackerel,4636.12,7059.5,656.72,29.98,34.09,1.26,0.12,99.0,1.71,27.07,0.62,0.799,0.0,observed_and_verified_proxy
2024-11-01,2024,11,4,Kozhikode,North,11.25,75.78,Seer Fish,1894.84,7059.5,268.41,29.98,34.09,1.26,0.12,99.0,1.71,27.07,0.62,0.7,0.313,observed_and_verified_proxy
2024-11-01,2024,11,4,Kozhikode,North,11.25,75.78,Tuna,2722.45,7059.5,385.64,29.98,34.09,1.26,0.12,99.0,1.71,27.07,0.62,0.747,0.115,observed_and_verified_proxy
2024-12-01,2024,12,4,Kozhikode,North,11.25,75.78,Oil Sardine,4125.02,7743.4,532.72,29.4,34.02,1.11,0.06,116.1,2.2,26.53,0.75,0.865,0.0,observed_and_verified_proxy
2024-12-01,2024,12,4,Kozhikode,North,11.25,75.78,Indian Mackerel,4992.93,7743.4,644.8,29.4,34.02,1.11,0.06,116.1,2.2,26.53,0.75,0.882,0.0,observed_and_verified_proxy
2024-12-01,2024,12,4,Kozhikode,North,11.25,75.78,Seer Fish,1837.52,7743.4,237.3,29.4,34.02,1.11,0.06,116.1,2.2,26.53,0.75,0.763,0.464,observed_and_verified_proxy
2024-12-01,2024,12,4,Kozhikode,North,11.25,75.78,Tuna,2729.41,7743.4,352.48,29.4,34.02,1.11,0.06,116.1,2.2,26.53,0.75,0.82,0.283,observed_and_verified_proxy
2024-01-01,2024,1,1,Ernakulam,Central,9.98,76.28,Oil Sardine,2900.91,5431.8,534.06,29.48,34.28,1.01,0.05,53.7,1.89,27.57,0.72,0.649,0.0,observed_and_verified_proxy
2024-01-01,2024,1,1,Ernakulam,Central,9.98,76.28,Indian Mackerel,3297.0,5431.8,606.98,29.48,34.28,1.01,0.05,53.7,1.89,27.57,0.72,0.661,0.0,observed_and_verified_proxy
2024-01-01,2024,1,1,Ernakulam,Central,9.98,76.28,Seer Fish,952.59,5431.8,175.37,29.48,34.28,1.01,0.05,53.7,1.89,27.57,0.72,0.499,0.259,observed_and_verified_proxy
2024-01-01,2024,1,1,Ernakulam,Central,9.98,76.28,Tuna,1947.31,5431.8,358.5,29.48,34.28,1.01,0.05,53.7,1.89,27.57,0.72,0.605,0.0,observed_and_verified_proxy
2024-02-01,2024,2,1,Ernakulam,Central,9.98,76.28,Oil Sardine,2759.8,4850.7,568.95,29.63,34.49,1.08,0.1,1.5,2.2,29.36,0.74,0.575,0.0,observed_and_verified_proxy
2024-02-01,2024,2,1,Ernakulam,Central,9.98,76.28,Indian Mackerel,3280.36,4850.7,676.27,29.63,34.49,1.08,0.1,1.5,2.2,29.36,0.74,0.59,0.0,observed_and_verified_proxy
2024-02-01,2024,2,1,Ernakulam,Central,9.98,76.28,Seer Fish,911.13,4850.7,187.84,29.63,34.49,1.08,0.1,1.5,2.2,29.36,0.74,0.439,0.153,observed_and_verified_proxy
2024-02-01,2024,2,1,Ernakulam,Central,9.98,76.28,Tuna,1937.6,4850.7,399.45,29.63,34.49,1.08,0.1,1.5,2.2,29.36,0.74,0.54,0.0,observed_and_verified_proxy
2024-03-01,2024,3,1,Ernakulam,Central,9.98,76.28,Oil Sardine,3121.78,5073.4,615.33,30.3,34.4,1.39,0.2,23.1,2.81,30.79,0.88,0.612,0.0,observed_and_verified_proxy
2024-03-01,2024,3,1,Ernakulam,Central,9.98,76.28,Indian Mackerel,3203.87,5073.4,631.51,30.3,34.4,1.39,0.2,23.1,2.81,30.79,0.88,0.615,0.0,observed_and_verified_proxy
2024-03-01,2024,3,1,Ernakulam,Central,9.98,76.28,Seer Fish,965.94,5073.4,190.39,30.3,34.4,1.39,0.2,23.1,2.81,30.79,0.88,0.468,0.186,observed_and_verified_proxy
2024-03-01,2024,3,1,Ernakulam,Central,9.98,76.28,Tuna,1907.48,5073.4,375.98,30.3,34.4,1.39,0.2,23.1,2.81,30.79,0.88,0.563,0.0,observed_and_verified_proxy
2024-04-01,2024,4,2,Ernakulam,Central,9.98,76.28,Oil Sardine,2170.81,3288.8,660.06,31.41,34.22,1.86,0.35,67.8,2.79,30.94,0.96,0.374,0.0,observed_and_verified_proxy
2024-04-01,2024,4,2,Ernakulam,Central,9.98,76.28,Indian Mackerel,1957.79,3288.8,595.3,31.41,34.22,1.86,0.35,67.8,2.79,30.94,0.96,0.367,0.0,observed_and_verified_proxy
2024-04-01,2024,4,2,Ernakulam,Central,9.98,76.28,Seer Fish,543.76,3288.8,165.34,31.41,34.22,1.86,0.35,67.8,2.79,30.94,0.96,0.24,0.0,observed_and_verified_proxy
2024-04-01,2024,4,2,Ernakulam,Central,9.98,76.28,Tuna,729.45,3288.8,221.8,31.41,34.22,1.86,0.35,67.8,2.79,30.94,0.96,0.273,0.0,observed_and_verified_proxy
2024-05-01,2024,5,2,Ernakulam,Central,9.98,76.28,Oil Sardine,2520.76,3525.1,715.1,31.14,32.22,3.3,0.65,546.6,3.68,29.17,1.37,0.412,0.0,observed_and_verified_proxy
2024-05-01,2024,5,2,Ernakulam,Central,9.98,76.28,Indian Mackerel,1847.0,3525.1,523.96,31.14,32.22,3.3,0.65,546.6,3.68,29.17,1.37,0.389,0.0,observed_and_verified_proxy
2024-05-01,2024,5,2,Ernakulam,Central,9.98,76.28,Seer Fish,582.38,3525.1,165.21,31.14,32.22,3.3,0.65,546.6,3.68,29.17,1.37,0.266,0.0,observed_and_verified_proxy
2024-05-01,2024,5,2,Ernakulam,Central,9.98,76.28,Tuna,668.48,3525.1,189.64,31.14,32.22,3.3,0.65,546.6,3.68,29.17,1.37,0.282,0.0,observed_and_verified_proxy
2024-06-01,2024,6,2,Ernakulam,Central,9.98,76.28,Oil Sardine,3090.53,3250.3,950.84,28.94,33.0,3.91,0.95,359.7,3.27,27.53,1.96,0.392,0.0,observed_and_verified_proxy
2024-06-01,2024,6,2,Ernakulam,Central,9.98,76.28,Indian Mackerel,1812.85,3250.3,557.75,28.94,33.0,3.91,0.95,359.7,3.27,27.53,1.96,0.357,0.0,observed_and_verified_proxy
2024-06-01,2024,6,2,Ernakulam,Central,9.98,76.28,Seer Fish,588.58,3250.3,181.09,28.94,33.0,3.91,0.95,359.7,3.27,27.53,1.96,0.246,0.0,observed_and_verified_proxy
2024-06-01,2024,6,2,Ernakulam,Central,9.98,76.28,Tuna,670.96,3250.3,206.43,28.94,33.0,3.91,0.95,359.7,3.27,27.53,1.96,0.261,0.0,observed_and_verified_proxy
2024-07-01,2024,7,3,Ernakulam,Central,9.98,76.28,Oil Sardine,4738.29,3961.5,1196.09,28.04,32.2,4.29,1.0,553.2,3.78,26.78,2.25,0.502,0.0,observed_and_verified_proxy
2024-07-01,2024,7,3,Ernakulam,Central,9.98,76.28,Indian Mackerel,2509.64,3961.5,633.51,28.04,32.2,4.29,1.0,553.2,3.78,26.78,2.25,0.463,0.0,observed_and_verified_proxy
2024-07-01,2024,7,3,Ernakulam,Central,9.98,76.28,Seer Fish,1130.09,3961.5,285.27,28.04,32.2,4.29,1.0,553.2,3.78,26.78,2.25,0.385,0.0,observed_and_verified_proxy
2024-07-01,2024,7,3,Ernakulam,Central,9.98,76.28,Tuna,1014.8,3961.5,256.17,28.04,32.2,4.29,1.0,553.2,3.78,26.78,2.25,0.372,0.0,observed_and_verified_proxy
2024-08-01,2024,8,3,Ernakulam,Central,9.98,76.28,Oil Sardine,4571.35,4315.3,1059.34,27.02,33.26,3.69,0.9,298.5,3.79,26.52,1.82,0.545,0.0,observed_and_verified_proxy
2024-08-01,2024,8,3,Ernakulam,Central,9.98,76.28,Indian Mackerel,2555.19,4315.3,592.13,27.02,33.26,3.69,0.9,298.5,3.79,26.52,1.82,0.505,0.0,observed_and_verified_proxy
2024-08-01,2024,8,3,Ernakulam,Central,9.98,76.28,Seer Fish,1206.47,4315.3,279.58,27.02,33.26,3.69,0.9,298.5,3.79,26.52,1.82,0.427,0.0,observed_and_verified_proxy
2024-08-01,2024,8,3,Ernakulam,Central,9.98,76.28,Tuna,1046.39,4315.3,242.49,27.02,33.26,3.69,0.9,298.5,3.79,26.52,1.82,0.409,0.0,observed_and_verified_proxy
2024-09-01,2024,9,3,Ernakulam,Central,9.98,76.28,Oil Sardine,3614.9,4156.3,869.73,27.93,33.83,2.68,0.6,161.4,3.72,27.09,1.52,0.511,0.0,observed_and_verified_proxy
2024-09-01,2024,9,3,Ernakulam,Central,9.98,76.28,Indian Mackerel,2728.53,4156.3,656.47,27.93,33.83,2.68,0.6,161.4,3.72,27.09,1.52,0.492,0.0,observed_and_verified_proxy
2024-09-01,2024,9,3,Ernakulam,Central,9.98,76.28,Seer Fish,1102.17,4156.3,265.18,27.93,33.83,2.68,0.6,161.4,3.72,27.09,1.52,0.4,0.0,observed_and_verified_proxy
2024-09-01,2024,9,3,Ernakulam,Central,9.98,76.28,Tuna,1027.93,4156.3,247.32,27.93,33.83,2.68,0.6,161.4,3.72,27.09,1.52,0.392,0.0,observed_and_verified_proxy
2024-10-01,2024,10,4,Ernakulam,Central,9.98,76.28,Oil Sardine,4414.1,6856.5,643.79,29.18,33.45,1.96,0.3,253.2,2.35,27.0,1.25,0.863,0.0,observed_and_verified_proxy
2024-10-01,2024,10,4,Ernakulam,Central,9.98,76.28,Indian Mackerel,4223.35,6856.5,615.97,29.18,33.45,1.96,0.3,253.2,2.35,27.0,1.25,0.859,0.0,observed_and_verified_proxy
2024-10-01,2024,10,4,Ernakulam,Central,9.98,76.28,Seer Fish,1611.96,6856.5,235.1,29.18,33.45,1.96,0.3,253.2,2.35,27.0,1.25,0.733,0.43,observed_and_verified_proxy
2024-10-01,2024,10,4,Ernakulam,Central,9.98,76.28,Tuna,2607.25,6856.5,380.26,29.18,33.45,1.96,0.3,253.2,2.35,27.0,1.25,0.806,0.202,observed_and_verified_proxy
2024-11-01,2024,11,4,Ernakulam,Central,9.98,76.28,Oil Sardine,3697.24,6622.4,558.3,30.0,33.72,1.37,0.12,186.9,1.86,27.54,0.78,0.817,0.0,observed_and_verified_proxy
2024-11-01,2024,11,4,Ernakulam,Central,9.98,76.28,Indian Mackerel,4099.87,6622.4,619.1,30.0,33.72,1.37,0.12,186.9,1.86,27.54,0.78,0.827,0.0,observed_and_verified_proxy
2024-11-01,2024,11,4,Ernakulam,Central,9.98,76.28,Seer Fish,1598.97,6622.4,241.45,30.0,33.72,1.37,0.12,186.9,1.86,27.54,0.78,0.707,0.382,observed_and_verified_proxy
2024-11-01,2024,11,4,Ernakulam,Central,9.98,76.28,Tuna,2528.02,6622.4,381.74,30.0,33.72,1.37,0.12,186.9,1.86,27.54,0.78,0.774,0.158,observed_and_verified_proxy
2024-12-01,2024,12,4,Ernakulam,Central,9.98,76.28,Oil Sardine,3758.83,5935.4,633.29,29.36,33.91,1.14,0.06,140.4,2.46,27.23,0.94,0.734,0.0,observed_and_verified_proxy
2024-12-01,2024,12,4,Ernakulam,Central,9.98,76.28,Indian Mackerel,4225.19,5935.4,711.87,29.36,33.91,1.14,0.06,140.4,2.46,27.23,0.94,0.743,0.0,observed_and_verified_proxy
2024-12-01,2024,12,4,Ernakulam,Central,9.98,76.28,Seer Fish,1601.02,5935.4,269.74,29.36,33.91,1.14,0.06,140.4,2.46,27.23,0.94,0.633,0.224,observed_and_verified_proxy
2024-12-01,2024,12,4,Ernakulam,Central,9.98,76.28,Tuna,2477.56,5935.4,417.42,29.36,33.91,1.14,0.06,140.4,2.46,27.23,0.94,0.692,0.0,observed_and_verified_proxy
2024-01-01,2024,1,1,Alappuzha,South,9.49,76.33,Oil Sardine,2477.94,4422.4,560.32,29.38,34.4,0.97,0.05,24.3,4.04,26.21,0.8,0.584,0.0,observed_and_verified_proxy
2024-01-01,2024,1,1,Alappuzha,South,9.49,76.33,Indian Mackerel,2944.89,4422.4,665.91,29.38,34.4,0.97,0.05,24.3,4.04,26.21,0.8,0.6,0.0,observed_and_verified_proxy
2024-01-01,2024,1,1,Alappuzha,South,9.49,76.33,Seer Fish,817.6,4422.4,184.88,29.38,34.4,0.97,0.05,24.3,4.04,26.21,0.8,0.436,0.155,observed_and_verified_proxy
2024-01-01,2024,1,1,Alappuzha,South,9.49,76.33,Tuna,1738.84,4422.4,393.19,29.38,34.4,0.97,0.05,24.3,4.04,26.21,0.8,0.545,0.0,observed_and_verified_proxy
2024-02-01,2024,2,1,Alappuzha,South,9.49,76.33,Oil Sardine,2557.3,4756.0,537.7,29.48,34.48,1.08,0.1,3.9,4.08,28.13,0.85,0.631,0.0,observed_and_verified_proxy
2024-02-01,2024,2,1,Alappuzha,South,9.49,76.33,Indian Mackerel,2964.81,4756.0,623.38,29.48,34.48,1.08,0.1,3.9,4.08,28.13,0.85,0.646,0.0,observed_and_verified_proxy
2024-02-01,2024,2,1,Alappuzha,South,9.49,76.33,Seer Fish,832.34,4756.0,175.01,29.48,34.48,1.08,0.1,3.9,4.08,28.13,0.85,0.472,0.224,observed_and_verified_proxy
2024-02-01,2024,2,1,Alappuzha,South,9.49,76.33,Tuna,1753.29,4756.0,368.65,29.48,34.48,1.08,0.1,3.9,4.08,28.13,0.85,0.587,0.0,observed_and_verified_proxy
2024-03-01,2024,3,1,Alappuzha,South,9.49,76.33,Oil Sardine,2806.93,4940.7,568.13,30.21,34.37,1.4,0.2,30.3,2.56,30.17,0.97,0.666,0.0,observed_and_verified_proxy
2024-03-01,2024,3,1,Alappuzha,South,9.49,76.33,Indian Mackerel,2812.43,4940.7,569.24,30.21,34.37,1.4,0.2,30.3,2.56,30.17,0.97,0.666,0.0,observed_and_verified_proxy
2024-03-01,2024,3,1,Alappuzha,South,9.49,76.33,Seer Fish,804.22,4940.7,162.78,30.21,34.37,1.4,0.2,30.3,2.56,30.17,0.97,0.484,0.267,observed_and_verified_proxy
2024-03-01,2024,3,1,Alappuzha,South,9.49,76.33,Tuna,1692.29,4940.7,342.52,30.21,34.37,1.4,0.2,30.3,2.56,30.17,0.97,0.605,0.026,observed_and_verified_proxy
2024-04-01,2024,4,2,Alappuzha,South,9.49,76.33,Oil Sardine,1874.76,2906.6,645.01,31.45,34.25,1.86,0.35,60.3,2.87,30.65,1.07,0.364,0.0,observed_and_verified_proxy
2024-04-01,2024,4,2,Alappuzha,South,9.49,76.33,Indian Mackerel,1785.18,2906.6,614.19,31.45,34.25,1.86,0.35,60.3,2.87,30.65,1.07,0.36,0.0,observed_and_verified_proxy
2024-04-01,2024,4,2,Alappuzha,South,9.49,76.33,Seer Fish,485.82,2906.6,167.14,31.45,34.25,1.86,0.35,60.3,2.87,30.65,1.07,0.227,0.0,observed_and_verified_proxy
2024-04-01,2024,4,2,Alappuzha,South,9.49,76.33,Tuna,642.33,2906.6,220.99,31.45,34.25,1.86,0.35,60.3,2.87,30.65,1.07,0.259,0.0,observed_and_verified_proxy
2024-05-01,2024,5,2,Alappuzha,South,9.49,76.33,Oil Sardine,2285.23,3167.2,721.53,30.65,32.71,3.16,0.65,429.9,4.52,28.9,1.59,0.412,0.0,observed_and_verified_proxy
2024-05-01,2024,5,2,Alappuzha,South,9.49,76.33,Indian Mackerel,1678.71,3167.2,530.03,30.65,32.71,3.16,0.65,429.9,4.52,28.9,1.59,0.387,0.0,observed_and_verified_proxy
2024-05-01,2024,5,2,Alappuzha,South,9.49,76.33,Seer Fish,508.31,3167.2,160.49,30.65,32.71,3.16,0.65,429.9,4.52,28.9,1.59,0.253,0.0,observed_and_verified_proxy
2024-05-01,2024,5,2,Alappuzha,South,9.49,76.33,Tuna,593.18,3167.2,187.29,30.65,32.71,3.16,0.65,429.9,4.52,28.9,1.59,0.273,0.0,observed_and_verified_proxy
2024-06-01,2024,6,2,Alappuzha,South,9.49,76.33,Oil Sardine,2676.82,2983.1,897.34,28.27,33.42,3.78,0.95,258.9,4.83,27.25,2.13,0.399,0.0,observed_and_verified_proxy
2024-06-01,2024,6,2,Alappuzha,South,9.49,76.33,Indian Mackerel,1511.29,2983.1,506.62,28.27,33.42,3.78,0.95,258.9,4.83,27.25,2.13,0.356,0.0,observed_and_verified_proxy
2024-06-01,2024,6,2,Alappuzha,South,9.49,76.33,Seer Fish,487.36,2983.1,163.38,28.27,33.42,3.78,0.95,258.9,4.83,27.25,2.13,0.234,0.0,observed_and_verified_proxy
2024-06-01,2024,6,2,Alappuzha,South,9.49,76.33,Tuna,635.9,2983.1,213.17,28.27,33.42,3.78,0.95,258.9,4.83,27.25,2.13,0.265,0.0,observed_and_verified_proxy
2024-07-01,2024,7,3,Alappuzha,South,9.49,76.33,Oil Sardine,4081.53,3352.5,1217.45,27.32,33.68,3.85,1.0,197.7,5.06,26.55,2.33,0.474,0.0,observed_and_verified_proxy
2024-07-01,2024,7,3,Alappuzha,South,9.49,76.33,Indian Mackerel,2196.87,3352.5,655.29,27.32,33.68,3.85,1.0,197.7,5.06,26.55,2.33,0.433,0.0,observed_and_verified_proxy
2024-07-01,2024,7,3,Alappuzha,South,9.49,76.33,Seer Fish,1003.48,3352.5,299.32,27.32,33.68,3.85,1.0,197.7,5.06,26.55,2.33,0.355,0.0,observed_and_verified_proxy
2024-07-01,2024,7,3,Alappuzha,South,9.49,76.33,Tuna,914.12,3352.5,272.67,27.32,33.68,3.85,1.0,197.7,5.06,26.55,2.33,0.344,0.0,observed_and_verified_proxy
2024-08-01,2024,8,3,Alappuzha,South,9.49,76.33,Oil Sardine,3973.94,3410.9,1165.06,26.26,33.73,3.55,0.9,185.1,4.6,26.19,1.95,0.481,0.0,observed_and_verified_proxy
2024-08-01,2024,8,3,Alappuzha,South,9.49,76.33,Indian Mackerel,2331.67,3410.9,683.58,26.26,33.73,3.55,0.9,185.1,4.6,26.19,1.95,0.446,0.0,observed_and_verified_proxy
2024-08-01,2024,8,3,Alappuzha,South,9.49,76.33,Seer Fish,1001.08,3410.9,293.49,26.26,33.73,3.55,0.9,185.1,4.6,26.19,1.95,0.361,0.0,observed_and_verified_proxy
2024-08-01,2024,8,3,Alappuzha,South,9.49,76.33,Tuna,947.31,3410.9,277.73,26.26,33.73,3.55,0.9,185.1,4.6,26.19,1.95,0.354,0.0,observed_and_verified_proxy
2024-09-01,2024,9,3,Alappuzha,South,9.49,76.33,Oil Sardine,3436.49,3374.5,1018.37,27.4,33.98,2.63,0.6,123.6,5.0,26.86,1.7,0.468,0.0,observed_and_verified_proxy
2024-09-01,2024,9,3,Alappuzha,South,9.49,76.33,Indian Mackerel,2443.46,3374.5,724.1,27.4,33.98,2.63,0.6,123.6,5.0,26.86,1.7,0.445,0.0,observed_and_verified_proxy
2024-09-01,2024,9,3,Alappuzha,South,9.49,76.33,Seer Fish,1019.04,3374.5,301.98,27.4,33.98,2.63,0.6,123.6,5.0,26.86,1.7,0.359,0.0,observed_and_verified_proxy
2024-09-01,2024,9,3,Alappuzha,South,9.49,76.33,Tuna,903.63,3374.5,267.78,27.4,33.98,2.63,0.6,123.6,5.0,26.86,1.7,0.345,0.0,observed_and_verified_proxy
2024-10-01,2024,10,4,Alappuzha,South,9.49,76.33,Oil Sardine,3708.63,5986.4,619.51,29.29,33.37,1.98,0.3,270.9,3.29,26.83,1.4,0.837,0.0,observed_and_verified_proxy
2024-10-01,2024,10,4,Alappuzha,South,9.49,76.33,Indian Mackerel,3797.59,5986.4,634.37,29.29,33.37,1.98,0.3,270.9,3.29,26.83,1.4,0.84,0.0,observed_and_verified_proxy
2024-10-01,2024,10,4,Alappuzha,South,9.49,76.33,Seer Fish,1507.4,5986.4,251.8,29.29,33.37,1.98,0.3,270.9,3.29,26.83,1.4,0.714,0.368,observed_and_verified_proxy
2024-10-01,2024,10,4,Alappuzha,South,9.49,76.33,Tuna,2359.22,5986.4,394.1,29.29,33.37,1.98,0.3,270.9,3.29,26.83,1.4,0.784,0.143,observed_and_verified_proxy
2024-11-01,2024,11,4,Alappuzha,South,9.49,76.33,Oil Sardine,3302.74,5945.8,555.48,29.64,33.79,1.35,0.12,171.3,2.57,26.97,0.93,0.82,0.0,observed_and_verified_proxy
2024-11-01,2024,11,4,Alappuzha,South,9.49,76.33,Indian Mackerel,3707.78,5945.8,623.6,29.64,33.79,1.35,0.12,171.3,2.57,26.97,0.93,0.832,0.0,observed_and_verified_proxy
2024-11-01,2024,11,4,Alappuzha,South,9.49,76.33,Seer Fish,1483.38,5945.8,249.49,29.64,33.79,1.35,0.12,171.3,2.57,26.97,0.93,0.706,0.363,observed_and_verified_proxy
2024-11-01,2024,11,4,Alappuzha,South,9.49,76.33,Tuna,2199.98,5945.8,370.01,29.64,33.79,1.35,0.12,171.3,2.57,26.97,0.93,0.769,0.177,observed_and_verified_proxy
2024-12-01,2024,12,4,Alappuzha,South,9.49,76.33,Oil Sardine,3079.56,5401.0,570.19,29.31,34.2,1.06,0.06,72.0,3.16,26.84,1.03,0.738,0.0,observed_and_verified_proxy
2024-12-01,2024,12,4,Alappuzha,South,9.49,76.33,Indian Mackerel,3827.71,5401.0,708.71,29.31,34.2,1.06,0.06,72.0,3.16,26.84,1.03,0.758,0.0,observed_and_verified_proxy
2024-12-01,2024,12,4,Alappuzha,South,9.49,76.33,Seer Fish,1455.62,5401.0,269.51,29.31,34.2,1.06,0.06,72.0,3.16,26.84,1.03,0.638,0.231,observed_and_verified_proxy
2024-12-01,2024,12,4,Alappuzha,South,9.49,76.33,Tuna,2219.89,5401.0,411.02,29.31,34.2,1.06,0.06,72.0,3.16,26.84,1.03,0.7,0.0,observed_and_verified_proxy
2024-01-01,2024,1,1,Kollam,South,8.89,76.6,Oil Sardine,2201.4,4573.3,481.36,29.38,34.4,0.97,0.05,24.3,4.04,26.21,0.8,0.634,0.0,observed_and_verified_proxy
2024-01-01,2024,1,1,Kollam,South,8.89,76.6,Indian Mackerel,2711.46,4573.3,592.89,29.38,34.4,0.97,0.05,24.3,4.04,26.21,0.8,0.657,0.0,observed_and_verified_proxy
2024-01-01,2024,1,1,Kollam,South,8.89,76.6,Seer Fish,798.05,4573.3,174.5,29.38,34.4,0.97,0.05,24.3,4.04,26.21,0.8,0.478,0.234,observed_and_verified_proxy
2024-01-01,2024,1,1,Kollam,South,8.89,76.6,Tuna,1586.46,4573.3,346.9,29.38,34.4,0.97,0.05,24.3,4.04,26.21,0.8,0.591,0.0,observed_and_verified_proxy
2024-02-01,2024,2,1,Kollam,South,8.89,76.6,Oil Sardine,2310.96,4594.5,502.98,29.48,34.48,1.08,0.1,3.9,4.08,28.13,0.85,0.642,0.0,observed_and_verified_proxy
2024-02-01,2024,2,1,Kollam,South,8.89,76.6,Indian Mackerel,2585.34,4594.5,562.7,29.48,34.48,1.08,0.1,3.9,4.08,28.13,0.85,0.655,0.0,observed_and_verified_proxy
2024-02-01,2024,2,1,Kollam,South,8.89,76.6,Seer Fish,783.94,4594.5,170.63,29.48,34.48,1.08,0.1,3.9,4.08,28.13,0.85,0.477,0.241,observed_and_verified_proxy
2024-02-01,2024,2,1,Kollam,South,8.89,76.6,Tuna,1673.64,4594.5,364.27,29.48,34.48,1.08,0.1,3.9,4.08,28.13,0.85,0.602,0.0,observed_and_verified_proxy
2024-03-01,2024,3,1,Kollam,South,8.89,76.6,Oil Sardine,2478.52,4437.7,558.51,30.21,34.37,1.4,0.2,30.3,2.56,30.17,0.97,0.628,0.0,observed_and_verified_proxy
2024-03-01,2024,3,1,Kollam,South,8.89,76.6,Indian Mackerel,2798.06,4437.7,630.52,30.21,34.37,1.4,0.2,30.3,2.56,30.17,0.97,0.64,0.0,observed_and_verified_proxy
2024-03-01,2024,3,1,Kollam,South,8.89,76.6,Seer Fish,736.79,4437.7,166.03,30.21,34.37,1.4,0.2,30.3,2.56,30.17,0.97,0.45,0.216,observed_and_verified_proxy
2024-03-01,2024,3,1,Kollam,South,8.89,76.6,Tuna,1538.35,4437.7,346.65,30.21,34.37,1.4,0.2,30.3,2.56,30.17,0.97,0.57,0.0,observed_and_verified_proxy
2024-04-01,2024,4,2,Kollam,South,8.89,76.6,Oil Sardine,1769.56,2720.1,650.54,31.45,34.25,1.86,0.35,60.3,2.87,30.65,1.07,0.361,0.0,observed_and_verified_proxy
2024-04-01,2024,4,2,Kollam,South,8.89,76.6,Indian Mackerel,1564.22,2720.1,575.05,31.45,34.25,1.86,0.35,60.3,2.87,30.65,1.07,0.351,0.0,observed_and_verified_proxy
2024-04-01,2024,4,2,Kollam,South,8.89,76.6,Seer Fish,480.77,2720.1,176.74,31.45,34.25,1.86,0.35,60.3,2.87,30.65,1.07,0.227,0.0,observed_and_verified_proxy
2024-04-01,2024,4,2,Kollam,South,8.89,76.6,Tuna,564.33,2720.1,207.46,31.45,34.25,1.86,0.35,60.3,2.87,30.65,1.07,0.245,0.0,observed_and_verified_proxy
2024-05-01,2024,5,2,Kollam,South,8.89,76.6,Oil Sardine,2088.4,2685.1,777.78,30.65,32.71,3.16,0.65,429.9,4.52,28.9,1.59,0.368,0.0,observed_and_verified_proxy
2024-05-01,2024,5,2,Kollam,South,8.89,76.6,Indian Mackerel,1572.75,2685.1,585.74,30.65,32.71,3.16,0.65,429.9,4.52,28.9,1.59,0.346,0.0,observed_and_verified_proxy
2024-05-01,2024,5,2,Kollam,South,8.89,76.6,Seer Fish,491.11,2685.1,182.9,30.65,32.71,3.16,0.65,429.9,4.52,28.9,1.59,0.226,0.0,observed_and_verified_proxy
2024-05-01,2024,5,2,Kollam,South,8.89,76.6,Tuna,559.9,2685.1,208.52,30.65,32.71,3.16,0.65,429.9,4.52,28.9,1.59,0.241,0.0,observed_and_verified_proxy
2024-06-01,2024,6,2,Kollam,South,8.89,76.6,Oil Sardine,2493.08,2738.7,910.33,28.27,33.42,3.78,0.95,258.9,4.83,27.25,2.13,0.388,0.0,observed_and_verified_proxy
2024-06-01,2024,6,2,Kollam,South,8.89,76.6,Indian Mackerel,1390.66,2738.7,507.79,28.27,33.42,3.78,0.95,258.9,4.83,27.25,2.13,0.343,0.0,observed_and_verified_proxy
2024-06-01,2024,6,2,Kollam,South,8.89,76.6,Seer Fish,467.13,2738.7,170.57,28.27,33.42,3.78,0.95,258.9,4.83,27.25,2.13,0.225,0.0,observed_and_verified_proxy
2024-06-01,2024,6,2,Kollam,South,8.89,76.6,Tuna,582.69,2738.7,212.77,28.27,33.42,3.78,0.95,258.9,4.83,27.25,2.13,0.251,0.0,observed_and_verified_proxy
2024-07-01,2024,7,3,Kollam,South,8.89,76.6,Oil Sardine,3757.69,3298.3,1139.27,27.32,33.68,3.85,1.0,197.7,5.06,26.55,2.33,0.495,0.0,observed_and_verified_proxy
2024-07-01,2024,7,3,Kollam,South,8.89,76.6,Indian Mackerel,2063.62,3298.3,625.66,27.32,33.68,3.85,1.0,197.7,5.06,26.55,2.33,0.452,0.0,observed_and_verified_proxy
2024-07-01,2024,7,3,Kollam,South,8.89,76.6,Seer Fish,903.85,3298.3,274.03,27.32,33.68,3.85,1.0,197.7,5.06,26.55,2.33,0.361,0.0,observed_and_verified_proxy
2024-07-01,2024,7,3,Kollam,South,8.89,76.6,Tuna,882.8,3298.3,267.65,27.32,33.68,3.85,1.0,197.7,5.06,26.55,2.33,0.358,0.0,observed_and_verified_proxy
2024-08-01,2024,8,3,Kollam,South,8.89,76.6,Oil Sardine,3710.64,3311.6,1120.51,26.26,33.73,3.55,0.9,185.1,4.6,26.19,1.95,0.496,0.0,observed_and_verified_proxy
2024-08-01,2024,8,3,Kollam,South,8.89,76.6,Indian Mackerel,2252.54,3311.6,680.2,26.26,33.73,3.55,0.9,185.1,4.6,26.19,1.95,0.461,0.0,observed_and_verified_proxy
2024-08-01,2024,8,3,Kollam,South,8.89,76.6,Seer Fish,935.79,3311.6,282.58,26.26,33.73,3.55,0.9,185.1,4.6,26.19,1.95,0.367,0.0,observed_and_verified_proxy
2024-08-01,2024,8,3,Kollam,South,8.89,76.6,Tuna,891.26,3311.6,269.14,26.26,33.73,3.55,0.9,185.1,4.6,26.19,1.95,0.361,0.0,observed_and_verified_proxy
2024-09-01,2024,9,3,Kollam,South,8.89,76.6,Oil Sardine,2986.07,3225.7,925.7,27.4,33.98,2.63,0.6,123.6,5.0,26.86,1.7,0.47,0.0,observed_and_verified_proxy
2024-09-01,2024,9,3,Kollam,South,8.89,76.6,Indian Mackerel,2289.88,3225.7,709.88,27.4,33.98,2.63,0.6,123.6,5.0,26.86,1.7,0.45,0.0,observed_and_verified_proxy
2024-09-01,2024,9,3,Kollam,South,8.89,76.6,Seer Fish,920.14,3225.7,285.25,27.4,33.98,2.63,0.6,123.6,5.0,26.86,1.7,0.355,0.0,observed_and_verified_proxy
2024-09-01,2024,9,3,Kollam,South,8.89,76.6,Tuna,909.26,3225.7,281.88,27.4,33.98,2.63,0.6,123.6,5.0,26.86,1.7,0.354,0.0,observed_and_verified_proxy
2024-10-01,2024,10,4,Kollam,South,8.89,76.6,Oil Sardine,3453.1,5622.8,614.13,29.29,33.37,1.98,0.3,270.9,3.29,26.83,1.4,0.835,0.0,observed_and_verified_proxy
2024-10-01,2024,10,4,Kollam,South,8.89,76.6,Indian Mackerel,3284.22,5622.8,584.09,29.29,33.37,1.98,0.3,270.9,3.29,26.83,1.4,0.83,0.0,observed_and_verified_proxy
2024-10-01,2024,10,4,Kollam,South,8.89,76.6,Seer Fish,1368.09,5622.8,243.31,29.29,33.37,1.98,0.3,270.9,3.29,26.83,1.4,0.7,0.37,observed_and_verified_proxy
2024-10-01,2024,10,4,Kollam,South,8.89,76.6,Tuna,2198.95,5622.8,391.08,29.29,33.37,1.98,0.3,270.9,3.29,26.83,1.4,0.779,0.144,observed_and_verified_proxy
2024-11-01,2024,11,4,Kollam,South,8.89,76.6,Oil Sardine,3164.91,5624.7,562.68,29.64,33.79,1.35,0.12,171.3,2.57,26.97,0.93,0.826,0.0,observed_and_verified_proxy
2024-11-01,2024,11,4,Kollam,South,8.89,76.6,Indian Mackerel,3670.55,5624.7,652.58,29.64,33.79,1.35,0.12,171.3,2.57,26.97,0.93,0.842,0.0,observed_and_verified_proxy
2024-11-01,2024,11,4,Kollam,South,8.89,76.6,Seer Fish,1361.71,5624.7,242.09,29.64,33.79,1.35,0.12,171.3,2.57,26.97,0.93,0.7,0.372,observed_and_verified_proxy
2024-11-01,2024,11,4,Kollam,South,8.89,76.6,Tuna,2102.95,5624.7,373.88,29.64,33.79,1.35,0.12,171.3,2.57,26.97,0.93,0.773,0.174,observed_and_verified_proxy
2024-12-01,2024,12,4,Kollam,South,8.89,76.6,Oil Sardine,3129.31,5158.3,606.65,29.31,34.2,1.06,0.06,72.0,3.16,26.84,1.03,0.756,0.0,observed_and_verified_proxy
2024-12-01,2024,12,4,Kollam,South,8.89,76.6,Indian Mackerel,3574.13,5158.3,692.88,29.31,34.2,1.06,0.06,72.0,3.16,26.84,1.03,0.77,0.0,observed_and_verified_proxy
2024-12-01,2024,12,4,Kollam,South,8.89,76.6,Seer Fish,1378.02,5158.3,267.14,29.31,34.2,1.06,0.06,72.0,3.16,26.84,1.03,0.644,0.243,observed_and_verified_proxy
2024-12-01,2024,12,4,Kollam,South,8.89,76.6,Tuna,2145.01,5158.3,415.83,29.31,34.2,1.06,0.06,72.0,3.16,26.84,1.03,0.711,0.001,observed_and_verified_proxy
2024-01-01,2024,1,1,Kannur,North,11.87,75.37,Oil Sardine,1842.81,3582.4,514.4,29.58,34.2,1.03,0.05,72.0,2.06,26.55,0.62,0.61,0.0,observed_and_verified_proxy
2024-01-01,2024,1,1,Kannur,North,11.87,75.37,Indian Mackerel,2139.45,3582.4,597.21,29.58,34.2,1.03,0.05,72.0,2.06,26.55,0.62,0.629,0.0,observed_and_verified_proxy
2024-01-01,2024,1,1,Kannur,North,11.87,75.37,Seer Fish,627.76,3582.4,175.23,29.58,34.2,1.03,0.05,72.0,2.06,26.55,0.62,0.432,0.172,observed_and_verified_proxy
2024-01-01,2024,1,1,Kannur,North,11.87,75.37,Tuna,1322.48,3582.4,369.16,29.58,34.2,1.03,0.05,72.0,2.06,26.55,0.62,0.563,0.0,observed_and_verified_proxy
2024-02-01,2024,2,1,Kannur,North,11.87,75.37,Oil Sardine,1813.55,3358.2,540.04,29.75,34.5,1.08,0.1,0.3,2.54,28.29,0.62,0.57,0.0,observed_and_verified_proxy
2024-02-01,2024,2,1,Kannur,North,11.87,75.37,Indian Mackerel,2151.79,3358.2,640.76,29.75,34.5,1.08,0.1,0.3,2.54,28.29,0.62,0.59,0.0,observed_and_verified_proxy
2024-02-01,2024,2,1,Kannur,North,11.87,75.37,Seer Fish,603.67,3358.2,179.76,29.75,34.5,1.08,0.1,0.3,2.54,28.29,0.62,0.398,0.117,observed_and_verified_proxy
2024-02-01,2024,2,1,Kannur,North,11.87,75.37,Tuna,1308.48,3358.2,389.64,29.75,34.5,1.08,0.1,0.3,2.54,28.29,0.62,0.526,0.0,observed_and_verified_proxy
2024-03-01,2024,3,1,Kannur,North,11.87,75.37,Oil Sardine,2015.8,3234.0,623.31,30.1,34.48,1.37,0.2,4.5,2.75,29.62,0.74,0.561,0.0,observed_and_verified_proxy
2024-03-01,2024,3,1,Kannur,North,11.87,75.37,Indian Mackerel,2014.6,3234.0,622.94,30.1,34.48,1.37,0.2,4.5,2.75,29.62,0.74,0.561,0.0,observed_and_verified_proxy
2024-03-01,2024,3,1,Kannur,North,11.87,75.37,Seer Fish,613.84,3234.0,189.81,30.1,34.48,1.37,0.2,4.5,2.75,29.62,0.74,0.386,0.08,observed_and_verified_proxy
2024-03-01,2024,3,1,Kannur,North,11.87,75.37,Tuna,1242.56,3234.0,384.21,30.1,34.48,1.37,0.2,4.5,2.75,29.62,0.74,0.499,0.0,observed_and_verified_proxy
2024-04-01,2024,4,2,Kannur,North,11.87,75.37,Oil Sardine,1395.19,1992.2,700.31,31.29,34.42,1.8,0.35,19.5,2.61,30.61,0.79,0.317,0.0,observed_and_verified_proxy
2024-04-01,2024,4,2,Kannur,North,11.87,75.37,Indian Mackerel,1314.56,1992.2,659.84,31.29,34.42,1.8,0.35,19.5,2.61,30.61,0.79,0.312,0.0,observed_and_verified_proxy
2024-04-01,2024,4,2,Kannur,North,11.87,75.37,Seer Fish,382.28,1992.2,191.89,31.29,34.42,1.8,0.35,19.5,2.61,30.61,0.79,0.187,0.0,observed_and_verified_proxy
2024-04-01,2024,4,2,Kannur,North,11.87,75.37,Tuna,465.7,1992.2,233.76,31.29,34.42,1.8,0.35,19.5,2.61,30.61,0.79,0.208,0.0,observed_and_verified_proxy
2024-05-01,2024,5,2,Kannur,North,11.87,75.37,Oil Sardine,1647.43,2321.8,709.54,31.32,33.32,2.97,0.65,282.9,3.08,28.56,1.1,0.386,0.0,observed_and_verified_proxy
2024-05-01,2024,5,2,Kannur,North,11.87,75.37,Indian Mackerel,1153.73,2321.8,496.91,31.32,33.32,2.97,0.65,282.9,3.08,28.56,1.1,0.351,0.0,observed_and_verified_proxy
2024-05-01,2024,5,2,Kannur,North,11.87,75.37,Seer Fish,361.64,2321.8,155.76,31.32,33.32,2.97,0.65,282.9,3.08,28.56,1.1,0.211,0.0,observed_and_verified_proxy
2024-05-01,2024,5,2,Kannur,North,11.87,75.37,Tuna,456.84,2321.8,196.76,31.32,33.32,2.97,0.65,282.9,3.08,28.56,1.1,0.24,0.0,observed_and_verified_proxy
2024-06-01,2024,6,2,Kannur,North,11.87,75.37,Oil Sardine,1969.68,2141.9,919.59,29.3,32.63,4.02,0.95,447.6,2.89,26.97,1.69,0.37,0.0,observed_and_verified_proxy
2024-06-01,2024,6,2,Kannur,North,11.87,75.37,Indian Mackerel,1116.01,2141.9,521.03,29.3,32.63,4.02,0.95,447.6,2.89,26.97,1.69,0.32,0.0,observed_and_verified_proxy
2024-06-01,2024,6,2,Kannur,North,11.87,75.37,Seer Fish,371.64,2141.9,173.51,29.3,32.63,4.02,0.95,447.6,2.89,26.97,1.69,0.198,0.0,observed_and_verified_proxy
2024-06-01,2024,6,2,Kannur,North,11.87,75.37,Tuna,466.58,2141.9,217.83,29.3,32.63,4.02,0.95,447.6,2.89,26.97,1.69,0.224,0.0,observed_and_verified_proxy
2024-07-01,2024,7,3,Kannur,North,11.87,75.37,Oil Sardine,3029.46,2472.6,1225.22,28.05,31.44,4.52,1.0,734.7,3.62,25.92,2.08,0.459,0.0,observed_and_verified_proxy
2024-07-01,2024,7,3,Kannur,North,11.87,75.37,Indian Mackerel,1734.33,2472.6,701.42,28.05,31.44,4.52,1.0,734.7,3.62,25.92,2.08,0.415,0.0,observed_and_verified_proxy
2024-07-01,2024,7,3,Kannur,North,11.87,75.37,Seer Fish,725.58,2472.6,293.45,28.05,31.44,4.52,1.0,734.7,3.62,25.92,2.08,0.317,0.0,observed_and_verified_proxy
2024-07-01,2024,7,3,Kannur,North,11.87,75.37,Tuna,648.27,2472.6,262.18,28.05,31.44,4.52,1.0,734.7,3.62,25.92,2.08,0.302,0.0,observed_and_verified_proxy
2024-08-01,2024,8,3,Kannur,North,11.87,75.37,Oil Sardine,2776.39,2692.3,1031.24,27.47,33.28,3.69,0.9,293.7,3.19,25.92,1.61,0.494,0.0,observed_and_verified_proxy
2024-08-01,2024,8,3,Kannur,North,11.87,75.37,Indian Mackerel,1672.78,2692.3,621.32,27.47,33.28,3.69,0.9,293.7,3.19,25.92,1.61,0.449,0.0,observed_and_verified_proxy
2024-08-01,2024,8,3,Kannur,North,11.87,75.37,Seer Fish,778.65,2692.3,289.22,27.47,33.28,3.69,0.9,293.7,3.19,25.92,1.61,0.355,0.0,observed_and_verified_proxy
2024-08-01,2024,8,3,Kannur,North,11.87,75.37,Tuna,712.72,2692.3,264.73,27.47,33.28,3.69,0.9,293.7,3.19,25.92,1.61,0.342,0.0,observed_and_verified_proxy
2024-09-01,2024,9,3,Kannur,North,11.87,75.37,Oil Sardine,2398.46,2719.2,882.05,27.98,33.89,2.66,0.6,146.4,3.3,26.26,1.28,0.487,0.0,observed_and_verified_proxy
2024-09-01,2024,9,3,Kannur,North,11.87,75.37,Indian Mackerel,1806.4,2719.2,664.31,27.98,33.89,2.66,0.6,146.4,3.3,26.26,1.28,0.461,0.0,observed_and_verified_proxy
2024-09-01,2024,9,3,Kannur,North,11.87,75.37,Seer Fish,767.6,2719.2,282.29,27.98,33.89,2.66,0.6,146.4,3.3,26.26,1.28,0.356,0.0,observed_and_verified_proxy
2024-09-01,2024,9,3,Kannur,North,11.87,75.37,Tuna,691.91,2719.2,254.45,27.98,33.89,2.66,0.6,146.4,3.3,26.26,1.28,0.342,0.0,observed_and_verified_proxy
2024-10-01,2024,10,4,Kannur,North,11.87,75.37,Oil Sardine,2878.13,4105.7,701.01,29.37,33.65,1.9,0.3,204.0,2.11,26.34,1.0,0.757,0.0,observed_and_verified_proxy
2024-10-01,2024,10,4,Kannur,North,11.87,75.37,Indian Mackerel,2747.31,4105.7,669.15,29.37,33.65,1.9,0.3,204.0,2.11,26.34,1.0,0.752,0.0,observed_and_verified_proxy
2024-10-01,2024,10,4,Kannur,North,11.87,75.37,Seer Fish,1094.89,4105.7,266.68,29.37,33.65,1.9,0.3,204.0,2.11,26.34,1.0,0.61,0.2,observed_and_verified_proxy
2024-10-01,2024,10,4,Kannur,North,11.87,75.37,Tuna,1693.77,4105.7,412.54,29.37,33.65,1.9,0.3,204.0,2.11,26.34,1.0,0.686,0.0,observed_and_verified_proxy
2024-11-01,2024,11,4,Kannur,North,11.87,75.37,Oil Sardine,2436.68,4284.4,568.73,29.98,34.09,1.26,0.12,99.0,1.71,27.07,0.62,0.769,0.0,observed_and_verified_proxy
2024-11-01,2024,11,4,Kannur,North,11.87,75.37,Indian Mackerel,2888.88,4284.4,674.28,29.98,34.09,1.26,0.12,99.0,1.71,27.07,0.62,0.791,0.0,observed_and_verified_proxy
2024-11-01,2024,11,4,Kannur,North,11.87,75.37,Seer Fish,1022.64,4284.4,238.69,29.98,34.09,1.26,0.12,99.0,1.71,27.07,0.62,0.623,0.279,observed_and_verified_proxy
2024-11-01,2024,11,4,Kannur,North,11.87,75.37,Tuna,1733.94,4284.4,404.71,29.98,34.09,1.26,0.12,99.0,1.71,27.07,0.62,0.72,0.036,observed_and_verified_proxy
2024-12-01,2024,12,4,Kannur,North,11.87,75.37,Oil Sardine,2329.72,3996.0,583.01,29.4,34.02,1.11,0.06,116.1,2.2,26.53,0.75,0.712,0.0,observed_and_verified_proxy
2024-12-01,2024,12,4,Kannur,North,11.87,75.37,Indian Mackerel,2679.57,3996.0,670.55,29.4,34.02,1.11,0.06,116.1,2.2,26.53,0.75,0.729,0.0,observed_and_verified_proxy
2024-12-01,2024,12,4,Kannur,North,11.87,75.37,Seer Fish,1051.82,3996.0,263.21,29.4,34.02,1.11,0.06,116.1,2.2,26.53,0.75,0.586,0.177,observed_and_verified_proxy
2024-12-01,2024,12,4,Kannur,North,11.87,75.37,Tuna,1699.55,3996.0,425.31,29.4,34.02,1.11,0.06,116.1,2.2,26.53,0.75,0.668,0.0,observed_and_verified_proxy
2024-01-01,2024,1,1,Thiruvananthapuram,South,8.52,76.94,Oil Sardine,1419.86,2909.7,487.97,29.38,34.4,0.97,0.05,24.3,4.04,26.21,0.8,0.569,0.0,observed_and_verified_proxy
2024-01-01,2024,1,1,Thiruvananthapuram,South,8.52,76.94,Indian Mackerel,1739.05,2909.7,597.67,29.38,34.4,0.97,0.05,24.3,4.04,26.21,0.8,0.598,0.0,observed_and_verified_proxy
2024-01-01,2024,1,1,Thiruvananthapuram,South,8.52,76.94,Seer Fish,472.36,2909.7,162.34,29.38,34.4,0.97,0.05,24.3,4.04,26.21,0.8,0.374,0.125,observed_and_verified_proxy
2024-01-01,2024,1,1,Thiruvananthapuram,South,8.52,76.94,Tuna,1014.0,2909.7,348.49,29.38,34.4,0.97,0.05,24.3,4.04,26.21,0.8,0.516,0.0,observed_and_verified_proxy
2024-02-01,2024,2,1,Thiruvananthapuram,South,8.52,76.94,Oil Sardine,1558.82,2669.8,583.88,29.48,34.48,1.08,0.1,3.9,4.08,28.13,0.85,0.535,0.0,observed_and_verified_proxy
2024-02-01,2024,2,1,Thiruvananthapuram,South,8.52,76.94,Indian Mackerel,1679.23,2669.8,628.98,29.48,34.48,1.08,0.1,3.9,4.08,28.13,0.85,0.544,0.0,observed_and_verified_proxy
2024-02-01,2024,2,1,Thiruvananthapuram,South,8.52,76.94,Seer Fish,477.36,2669.8,178.8,29.48,34.48,1.08,0.1,3.9,4.08,28.13,0.85,0.345,0.051,observed_and_verified_proxy
2024-02-01,2024,2,1,Thiruvananthapuram,South,8.52,76.94,Tuna,1020.98,2669.8,382.42,29.48,34.48,1.08,0.1,3.9,4.08,28.13,0.85,0.474,0.0,observed_and_verified_proxy
2024-03-01,2024,3,1,Thiruvananthapuram,South,8.52,76.94,Oil Sardine,1713.86,2768.6,619.02,30.21,34.37,1.4,0.2,30.3,2.56,30.17,0.97,0.567,0.0,observed_and_verified_proxy
2024-03-01,2024,3,1,Thiruvananthapuram,South,8.52,76.94,Indian Mackerel,1686.53,2768.6,609.16,30.21,34.37,1.4,0.2,30.3,2.56,30.17,0.97,0.565,0.0,observed_and_verified_proxy
2024-03-01,2024,3,1,Thiruvananthapuram,South,8.52,76.94,Seer Fish,469.88,2768.6,169.71,30.21,34.37,1.4,0.2,30.3,2.56,30.17,0.97,0.355,0.084,observed_and_verified_proxy
2024-03-01,2024,3,1,Thiruvananthapuram,South,8.52,76.94,Tuna,1081.81,2768.6,390.73,30.21,34.37,1.4,0.2,30.3,2.56,30.17,0.97,0.501,0.0,observed_and_verified_proxy
2024-04-01,2024,4,2,Thiruvananthapuram,South,8.52,76.94,Oil Sardine,1165.78,1680.6,693.65,31.45,34.25,1.86,0.35,60.3,2.87,30.65,1.07,0.311,0.0,observed_and_verified_proxy
2024-04-01,2024,4,2,Thiruvananthapuram,South,8.52,76.94,Indian Mackerel,1049.68,1680.6,624.57,31.45,34.25,1.86,0.35,60.3,2.87,30.65,1.07,0.301,0.0,observed_and_verified_proxy
2024-04-01,2024,4,2,Thiruvananthapuram,South,8.52,76.94,Seer Fish,295.17,1680.6,175.63,31.45,34.25,1.86,0.35,60.3,2.87,30.65,1.07,0.165,0.0,observed_and_verified_proxy
2024-04-01,2024,4,2,Thiruvananthapuram,South,8.52,76.94,Tuna,364.42,1680.6,216.84,31.45,34.25,1.86,0.35,60.3,2.87,30.65,1.07,0.187,0.0,observed_and_verified_proxy
2024-05-01,2024,5,2,Thiruvananthapuram,South,8.52,76.94,Oil Sardine,1388.72,1640.0,846.79,30.65,32.71,3.16,0.65,429.9,4.52,28.9,1.59,0.319,0.0,observed_and_verified_proxy
2024-05-01,2024,5,2,Thiruvananthapuram,South,8.52,76.94,Indian Mackerel,989.92,1640.0,603.61,30.65,32.71,3.16,0.65,429.9,4.52,28.9,1.59,0.288,0.0,observed_and_verified_proxy
2024-05-01,2024,5,2,Thiruvananthapuram,South,8.52,76.94,Seer Fish,296.88,1640.0,181.02,30.65,32.71,3.16,0.65,429.9,4.52,28.9,1.59,0.162,0.0,observed_and_verified_proxy
2024-05-01,2024,5,2,Thiruvananthapuram,South,8.52,76.94,Tuna,364.3,1640.0,222.14,30.65,32.71,3.16,0.65,429.9,4.52,28.9,1.59,0.183,0.0,observed_and_verified_proxy
2024-06-01,2024,6,2,Thiruvananthapuram,South,8.52,76.94,Oil Sardine,1647.9,1702.6,967.9,28.27,33.42,3.78,0.95,258.9,4.83,27.25,2.13,0.346,0.0,observed_and_verified_proxy
2024-06-01,2024,6,2,Thiruvananthapuram,South,8.52,76.94,Indian Mackerel,911.1,1702.6,535.14,28.27,33.42,3.78,0.95,258.9,4.83,27.25,2.13,0.291,0.0,observed_and_verified_proxy
2024-06-01,2024,6,2,Thiruvananthapuram,South,8.52,76.94,Seer Fish,288.44,1702.6,169.42,28.27,33.42,3.78,0.95,258.9,4.83,27.25,2.13,0.165,0.0,observed_and_verified_proxy
2024-06-01,2024,6,2,Thiruvananthapuram,South,8.52,76.94,Tuna,363.03,1702.6,213.23,28.27,33.42,3.78,0.95,258.9,4.83,27.25,2.13,0.189,0.0,observed_and_verified_proxy
2024-07-01,2024,7,3,Thiruvananthapuram,South,8.52,76.94,Oil Sardine,2444.8,2301.2,1062.42,27.32,33.68,3.85,1.0,197.7,5.06,26.55,2.33,0.505,0.0,observed_and_verified_proxy
2024-07-01,2024,7,3,Thiruvananthapuram,South,8.52,76.94,Indian Mackerel,1403.97,2301.2,610.12,27.32,33.68,3.85,1.0,197.7,5.06,26.55,2.33,0.449,0.0,observed_and_verified_proxy
2024-07-01,2024,7,3,Thiruvananthapuram,South,8.52,76.94,Seer Fish,603.93,2301.2,262.44,27.32,33.68,3.85,1.0,197.7,5.06,26.55,2.33,0.333,0.0,observed_and_verified_proxy
2024-07-01,2024,7,3,Thiruvananthapuram,South,8.52,76.94,Tuna,549.78,2301.2,238.91,27.32,33.68,3.85,1.0,197.7,5.06,26.55,2.33,0.319,0.0,observed_and_verified_proxy
2024-08-01,2024,8,3,Thiruvananthapuram,South,8.52,76.94,Oil Sardine,2273.01,2092.2,1086.4,26.26,33.73,3.55,0.9,185.1,4.6,26.19,1.95,0.454,0.0,observed_and_verified_proxy
2024-08-01,2024,8,3,Thiruvananthapuram,South,8.52,76.94,Indian Mackerel,1408.3,2092.2,673.1,26.26,33.73,3.55,0.9,185.1,4.6,26.19,1.95,0.408,0.0,observed_and_verified_proxy
2024-08-01,2024,8,3,Thiruvananthapuram,South,8.52,76.94,Seer Fish,631.97,2092.2,302.05,26.26,33.73,3.55,0.9,185.1,4.6,26.19,1.95,0.309,0.0,observed_and_verified_proxy
2024-08-01,2024,8,3,Thiruvananthapuram,South,8.52,76.94,Tuna,530.87,2092.2,253.73,26.26,33.73,3.55,0.9,185.1,4.6,26.19,1.95,0.285,0.0,observed_and_verified_proxy
2024-09-01,2024,9,3,Thiruvananthapuram,South,8.52,76.94,Oil Sardine,1934.56,2005.6,964.57,27.4,33.98,2.63,0.6,123.6,5.0,26.86,1.7,0.422,0.0,observed_and_verified_proxy
2024-09-01,2024,9,3,Thiruvananthapuram,South,8.52,76.94,Indian Mackerel,1401.77,2005.6,698.92,27.4,33.98,2.63,0.6,123.6,5.0,26.86,1.7,0.391,0.0,observed_and_verified_proxy
2024-09-01,2024,9,3,Thiruvananthapuram,South,8.52,76.94,Seer Fish,638.72,2005.6,318.46,27.4,33.98,2.63,0.6,123.6,5.0,26.86,1.7,0.298,0.0,observed_and_verified_proxy
2024-09-01,2024,9,3,Thiruvananthapuram,South,8.52,76.94,Tuna,566.01,2005.6,282.21,27.4,33.98,2.63,0.6,123.6,5.0,26.86,1.7,0.282,0.0,observed_and_verified_proxy
2024-10-01,2024,10,4,Thiruvananthapuram,South,8.52,76.94,Oil Sardine,2267.67,3337.0,679.55,29.29,33.37,1.98,0.3,270.9,3.29,26.83,1.4,0.723,0.0,observed_and_verified_proxy
2024-10-01,2024,10,4,Thiruvananthapuram,South,8.52,76.94,Indian Mackerel,2252.81,3337.0,675.1,29.29,33.37,1.98,0.3,270.9,3.29,26.83,1.4,0.722,0.0,observed_and_verified_proxy
2024-10-01,2024,10,4,Thiruvananthapuram,South,8.52,76.94,Seer Fish,899.94,3337.0,269.69,29.29,33.37,1.98,0.3,270.9,3.29,26.83,1.4,0.568,0.138,observed_and_verified_proxy
2024-10-01,2024,10,4,Thiruvananthapuram,South,8.52,76.94,Tuna,1312.23,3337.0,393.24,29.29,33.37,1.98,0.3,270.9,3.29,26.83,1.4,0.639,0.0,observed_and_verified_proxy
2024-11-01,2024,11,4,Thiruvananthapuram,South,8.52,76.94,Oil Sardine,1975.86,3611.2,547.15,29.64,33.79,1.35,0.12,171.3,2.57,26.97,0.93,0.762,0.0,observed_and_verified_proxy
2024-11-01,2024,11,4,Thiruvananthapuram,South,8.52,76.94,Indian Mackerel,2227.61,3611.2,616.86,29.64,33.79,1.35,0.12,171.3,2.57,26.97,0.93,0.78,0.0,observed_and_verified_proxy
2024-11-01,2024,11,4,Thiruvananthapuram,South,8.52,76.94,Seer Fish,898.44,3611.2,248.79,29.64,33.79,1.35,0.12,171.3,2.57,26.97,0.93,0.614,0.245,observed_and_verified_proxy
2024-11-01,2024,11,4,Thiruvananthapuram,South,8.52,76.94,Tuna,1307.27,3611.2,362.01,29.64,33.79,1.35,0.12,171.3,2.57,26.97,0.93,0.691,0.094,observed_and_verified_proxy
2024-12-01,2024,12,4,Thiruvananthapuram,South,8.52,76.94,Oil Sardine,1901.6,3499.3,543.42,29.31,34.2,1.06,0.06,72.0,3.16,26.84,1.03,0.733,0.0,observed_and_verified_proxy
2024-12-01,2024,12,4,Thiruvananthapuram,South,8.52,76.94,Indian Mackerel,2261.34,3499.3,646.22,29.31,34.2,1.06,0.06,72.0,3.16,26.84,1.03,0.758,0.0,observed_and_verified_proxy
2024-12-01,2024,12,4,Thiruvananthapuram,South,8.52,76.94,Seer Fish,854.89,3499.3,244.3,29.31,34.2,1.06,0.06,72.0,3.16,26.84,1.03,0.584,0.216,observed_and_verified_proxy
2024-12-01,2024,12,4,Thiruvananthapuram,South,8.52,76.94,Tuna,1318.37,3499.3,376.75,29.31,34.2,1.06,0.06,72.0,3.16,26.84,1.03,0.671,0.035,observed_and_verified_proxy
2024-01-01,2024,1,1,Malappuram,North,11.07,76.07,Oil Sardine,1162.78,2285.0,508.87,29.58,34.2,1.03,0.05,72.0,2.06,26.55,0.62,0.544,0.0,observed_and_verified_proxy
2024-01-01,2024,1,1,Malappuram,North,11.07,76.07,Indian Mackerel,1304.35,2285.0,570.82,29.58,34.2,1.03,0.05,72.0,2.06,26.55,0.62,0.562,0.0,observed_and_verified_proxy
2024-01-01,2024,1,1,Malappuram,North,11.07,76.07,Seer Fish,374.51,2285.0,163.9,29.58,34.2,1.03,0.05,72.0,2.06,26.55,0.62,0.333,0.068,observed_and_verified_proxy
2024-01-01,2024,1,1,Malappuram,North,11.07,76.07,Tuna,811.73,2285.0,355.24,29.58,34.2,1.03,0.05,72.0,2.06,26.55,0.62,0.481,0.0,observed_and_verified_proxy
2024-02-01,2024,2,1,Malappuram,North,11.07,76.07,Oil Sardine,1209.25,2238.0,540.33,29.75,34.5,1.08,0.1,0.3,2.54,28.29,0.62,0.539,0.0,observed_and_verified_proxy
2024-02-01,2024,2,1,Malappuram,North,11.07,76.07,Indian Mackerel,1333.05,2238.0,595.65,29.75,34.5,1.08,0.1,0.3,2.54,28.29,0.62,0.554,0.0,observed_and_verified_proxy
2024-02-01,2024,2,1,Malappuram,North,11.07,76.07,Seer Fish,362.44,2238.0,161.95,29.75,34.5,1.08,0.1,0.3,2.54,28.29,0.62,0.32,0.056,observed_and_verified_proxy
2024-02-01,2024,2,1,Malappuram,North,11.07,76.07,Tuna,770.93,2238.0,344.48,29.75,34.5,1.08,0.1,0.3,2.54,28.29,0.62,0.462,0.0,observed_and_verified_proxy
2024-03-01,2024,3,1,Malappuram,North,11.07,76.07,Oil Sardine,1284.31,2245.3,572.0,30.1,34.48,1.37,0.2,4.5,2.75,29.62,0.74,0.55,0.0,observed_and_verified_proxy
2024-03-01,2024,3,1,Malappuram,North,11.07,76.07,Indian Mackerel,1373.79,2245.3,611.85,30.1,34.48,1.37,0.2,4.5,2.75,29.62,0.74,0.56,0.0,observed_and_verified_proxy
2024-03-01,2024,3,1,Malappuram,North,11.07,76.07,Seer Fish,375.68,2245.3,167.32,30.1,34.48,1.37,0.2,4.5,2.75,29.62,0.74,0.328,0.054,observed_and_verified_proxy
2024-03-01,2024,3,1,Malappuram,North,11.07,76.07,Tuna,810.95,2245.3,361.17,30.1,34.48,1.37,0.2,4.5,2.75,29.62,0.74,0.472,0.0,observed_and_verified_proxy
2024-04-01,2024,4,2,Malappuram,North,11.07,76.07,Oil Sardine,834.47,1278.3,652.81,31.29,34.42,1.8,0.35,19.5,2.61,30.61,0.79,0.272,0.0,observed_and_verified_proxy
2024-04-01,2024,4,2,Malappuram,North,11.07,76.07,Indian Mackerel,809.0,1278.3,632.89,31.29,34.42,1.8,0.35,19.5,2.61,30.61,0.79,0.269,0.0,observed_and_verified_proxy
2024-04-01,2024,4,2,Malappuram,North,11.07,76.07,Seer Fish,237.92,1278.3,186.13,31.29,34.42,1.8,0.35,19.5,2.61,30.61,0.79,0.14,0.0,observed_and_verified_proxy
2024-04-01,2024,4,2,Malappuram,North,11.07,76.07,Tuna,276.62,1278.3,216.4,31.29,34.42,1.8,0.35,19.5,2.61,30.61,0.79,0.155,0.0,observed_and_verified_proxy
2024-05-01,2024,5,2,Malappuram,North,11.07,76.07,Oil Sardine,1091.18,1419.7,768.58,31.32,33.32,2.97,0.65,282.9,3.08,28.56,1.1,0.331,0.0,observed_and_verified_proxy
2024-05-01,2024,5,2,Malappuram,North,11.07,76.07,Indian Mackerel,733.74,1419.7,516.82,31.32,33.32,2.97,0.65,282.9,3.08,28.56,1.1,0.287,0.0,observed_and_verified_proxy
2024-05-01,2024,5,2,Malappuram,North,11.07,76.07,Seer Fish,236.25,1419.7,166.4,31.32,33.32,2.97,0.65,282.9,3.08,28.56,1.1,0.155,0.0,observed_and_verified_proxy
2024-05-01,2024,5,2,Malappuram,North,11.07,76.07,Tuna,297.63,1419.7,209.64,31.32,33.32,2.97,0.65,282.9,3.08,28.56,1.1,0.18,0.0,observed_and_verified_proxy
2024-06-01,2024,6,2,Malappuram,North,11.07,76.07,Oil Sardine,1188.27,1352.1,878.8,29.3,32.63,4.02,0.95,447.6,2.89,26.97,1.69,0.324,0.0,observed_and_verified_proxy
2024-06-01,2024,6,2,Malappuram,North,11.07,76.07,Indian Mackerel,740.02,1352.1,547.3,29.3,32.63,4.02,0.95,447.6,2.89,26.97,1.69,0.274,0.0,observed_and_verified_proxy
2024-06-01,2024,6,2,Malappuram,North,11.07,76.07,Seer Fish,241.58,1352.1,178.66,29.3,32.63,4.02,0.95,447.6,2.89,26.97,1.69,0.15,0.0,observed_and_verified_proxy
2024-06-01,2024,6,2,Malappuram,North,11.07,76.07,Tuna,301.78,1352.1,223.19,29.3,32.63,4.02,0.95,447.6,2.89,26.97,1.69,0.173,0.0,observed_and_verified_proxy
2024-07-01,2024,7,3,Malappuram,North,11.07,76.07,Oil Sardine,1939.48,1577.6,1229.38,28.05,31.44,4.52,1.0,734.7,3.62,25.92,2.08,0.427,0.0,observed_and_verified_proxy
2024-07-01,2024,7,3,Malappuram,North,11.07,76.07,Indian Mackerel,1057.43,1577.6,670.27,28.05,31.44,4.52,1.0,734.7,3.62,25.92,2.08,0.364,0.0,observed_and_verified_proxy
2024-07-01,2024,7,3,Malappuram,North,11.07,76.07,Seer Fish,482.63,1577.6,305.93,28.05,31.44,4.52,1.0,734.7,3.62,25.92,2.08,0.264,0.0,observed_and_verified_proxy
2024-07-01,2024,7,3,Malappuram,North,11.07,76.07,Tuna,422.15,1577.6,267.58,28.05,31.44,4.52,1.0,734.7,3.62,25.92,2.08,0.246,0.0,observed_and_verified_proxy
2024-08-01,2024,8,3,Malappuram,North,11.07,76.07,Oil Sardine,1738.69,1698.6,1023.62,27.47,33.28,3.69,0.9,293.7,3.19,25.92,1.61,0.449,0.0,observed_and_verified_proxy
2024-08-01,2024,8,3,Malappuram,North,11.07,76.07,Indian Mackerel,1113.51,1698.6,655.55,27.47,33.28,3.69,0.9,293.7,3.19,25.92,1.61,0.399,0.0,observed_and_verified_proxy
2024-08-01,2024,8,3,Malappuram,North,11.07,76.07,Seer Fish,483.91,1698.6,284.89,27.47,33.28,3.69,0.9,293.7,3.19,25.92,1.61,0.284,0.0,observed_and_verified_proxy
2024-08-01,2024,8,3,Malappuram,North,11.07,76.07,Tuna,442.83,1698.6,260.71,27.47,33.28,3.69,0.9,293.7,3.19,25.92,1.61,0.271,0.0,observed_and_verified_proxy
2024-09-01,2024,9,3,Malappuram,North,11.07,76.07,Oil Sardine,1554.87,1749.0,889.01,27.98,33.89,2.66,0.6,146.4,3.3,26.26,1.28,0.45,0.0,observed_and_verified_proxy
2024-09-01,2024,9,3,Malappuram,North,11.07,76.07,Indian Mackerel,1175.64,1749.0,672.18,27.98,33.89,2.66,0.6,146.4,3.3,26.26,1.28,0.417,0.0,observed_and_verified_proxy
2024-09-01,2024,9,3,Malappuram,North,11.07,76.07,Seer Fish,472.0,1749.0,269.87,27.98,33.89,2.66,0.6,146.4,3.3,26.26,1.28,0.289,0.0,observed_and_verified_proxy
2024-09-01,2024,9,3,Malappuram,North,11.07,76.07,Tuna,447.54,1749.0,255.88,27.98,33.89,2.66,0.6,146.4,3.3,26.26,1.28,0.281,0.0,observed_and_verified_proxy
2024-10-01,2024,10,4,Malappuram,North,11.07,76.07,Oil Sardine,1883.69,2656.7,709.03,29.37,33.65,1.9,0.3,204.0,2.11,26.34,1.0,0.714,0.0,observed_and_verified_proxy
2024-10-01,2024,10,4,Malappuram,North,11.07,76.07,Indian Mackerel,1667.82,2656.7,627.78,29.37,33.65,1.9,0.3,204.0,2.11,26.34,1.0,0.695,0.0,observed_and_verified_proxy
2024-10-01,2024,10,4,Malappuram,North,11.07,76.07,Seer Fish,653.86,2656.7,246.12,29.37,33.65,1.9,0.3,204.0,2.11,26.34,1.0,0.512,0.119,observed_and_verified_proxy
2024-10-01,2024,10,4,Malappuram,North,11.07,76.07,Tuna,1032.34,2656.7,388.58,29.37,33.65,1.9,0.3,204.0,2.11,26.34,1.0,0.609,0.0,observed_and_verified_proxy
2024-11-01,2024,11,4,Malappuram,North,11.07,76.07,Oil Sardine,1544.21,2466.6,626.06,29.98,34.09,1.26,0.12,99.0,1.71,27.07,0.62,0.634,0.0,observed_and_verified_proxy
2024-11-01,2024,11,4,Malappuram,North,11.07,76.07,Indian Mackerel,1748.03,2466.6,708.69,29.98,34.09,1.26,0.12,99.0,1.71,27.07,0.62,0.652,0.0,observed_and_verified_proxy
2024-11-01,2024,11,4,Malappuram,North,11.07,76.07,Seer Fish,666.31,2466.6,270.14,29.98,34.09,1.26,0.12,99.0,1.71,27.07,0.62,0.479,0.023,observed_and_verified_proxy
2024-11-01,2024,11,4,Malappuram,North,11.07,76.07,Tuna,1048.34,2466.6,425.02,29.98,34.09,1.26,0.12,99.0,1.71,27.07,0.62,0.568,0.0,observed_and_verified_proxy
2024-12-01,2024,12,4,Malappuram,North,11.07,76.07,Oil Sardine,1560.78,2837.1,550.14,29.4,34.02,1.11,0.06,116.1,2.2,26.53,0.75,0.731,0.0,observed_and_verified_proxy
2024-12-01,2024,12,4,Malappuram,North,11.07,76.07,Indian Mackerel,1765.66,2837.1,622.36,29.4,34.02,1.11,0.06,116.1,2.2,26.53,0.75,0.752,0.0,observed_and_verified_proxy
2024-12-01,2024,12,4,Malappuram,North,11.07,76.07,Seer Fish,683.59,2837.1,240.95,29.4,34.02,1.11,0.06,116.1,2.2,26.53,0.75,0.557,0.189,observed_and_verified_proxy
2024-12-01,2024,12,4,Malappuram,North,11.07,76.07,Tuna,1013.11,2837.1,357.1,29.4,34.02,1.11,0.06,116.1,2.2,26.53,0.75,0.646,0.046,observed_and_verified_proxy
2024-01-01,2024,1,1,Thrissur,Central,10.52,76.21,Oil Sardine,827.82,1429.3,579.19,29.48,34.28,1.01,0.05,53.7,1.89,27.57,0.72,0.424,0.0,observed_and_verified_proxy
2024-01-01,2024,1,1,Thrissur,Central,10.52,76.21,Indian Mackerel,994.64,1429.3,695.91,29.48,34.28,1.01,0.05,53.7,1.89,27.57,0.72,0.453,0.0,observed_and_verified_proxy
2024-01-01,2024,1,1,Thrissur,Central,10.52,76.21,Seer Fish,263.19,1429.3,184.14,29.48,34.28,1.01,0.05,53.7,1.89,27.57,0.72,0.235,0.0,observed_and_verified_proxy
2024-01-01,2024,1,1,Thrissur,Central,10.52,76.21,Tuna,593.27,1429.3,415.08,29.48,34.28,1.01,0.05,53.7,1.89,27.57,0.72,0.369,0.0,observed_and_verified_proxy
2024-02-01,2024,2,1,Thrissur,Central,10.52,76.21,Oil Sardine,846.86,1443.8,586.53,29.63,34.49,1.08,0.1,1.5,2.2,29.36,0.74,0.432,0.0,observed_and_verified_proxy
2024-02-01,2024,2,1,Thrissur,Central,10.52,76.21,Indian Mackerel,952.77,1443.8,659.88,29.63,34.49,1.08,0.1,1.5,2.2,29.36,0.74,0.451,0.0,observed_and_verified_proxy
2024-02-01,2024,2,1,Thrissur,Central,10.52,76.21,Seer Fish,264.12,1443.8,182.93,29.63,34.49,1.08,0.1,1.5,2.2,29.36,0.74,0.238,0.0,observed_and_verified_proxy
2024-02-01,2024,2,1,Thrissur,Central,10.52,76.21,Tuna,601.87,1443.8,416.85,29.63,34.49,1.08,0.1,1.5,2.2,29.36,0.74,0.376,0.0,observed_and_verified_proxy
2024-03-01,2024,3,1,Thrissur,Central,10.52,76.21,Oil Sardine,936.22,1487.6,629.33,30.3,34.4,1.39,0.2,23.1,2.81,30.79,0.88,0.462,0.0,observed_and_verified_proxy
2024-03-01,2024,3,1,Thrissur,Central,10.52,76.21,Indian Mackerel,910.31,1487.6,611.92,30.3,34.4,1.39,0.2,23.1,2.81,30.79,0.88,0.457,0.0,observed_and_verified_proxy
2024-03-01,2024,3,1,Thrissur,Central,10.52,76.21,Seer Fish,278.55,1487.6,187.24,30.3,34.4,1.39,0.2,23.1,2.81,30.79,0.88,0.253,0.0,observed_and_verified_proxy
2024-03-01,2024,3,1,Thrissur,Central,10.52,76.21,Tuna,567.29,1487.6,381.33,30.3,34.4,1.39,0.2,23.1,2.81,30.79,0.88,0.377,0.0,observed_and_verified_proxy
2024-04-01,2024,4,2,Thrissur,Central,10.52,76.21,Oil Sardine,644.51,996.7,646.63,31.41,34.22,1.86,0.35,67.8,2.79,30.94,0.96,0.267,0.0,observed_and_verified_proxy
2024-04-01,2024,4,2,Thrissur,Central,10.52,76.21,Indian Mackerel,596.41,996.7,598.37,31.41,34.22,1.86,0.35,67.8,2.79,30.94,0.96,0.258,0.0,observed_and_verified_proxy
2024-04-01,2024,4,2,Thrissur,Central,10.52,76.21,Seer Fish,168.66,996.7,169.21,31.41,34.22,1.86,0.35,67.8,2.79,30.94,0.96,0.12,0.0,observed_and_verified_proxy
2024-04-01,2024,4,2,Thrissur,Central,10.52,76.21,Tuna,202.22,996.7,202.89,31.41,34.22,1.86,0.35,67.8,2.79,30.94,0.96,0.137,0.0,observed_and_verified_proxy
2024-05-01,2024,5,2,Thrissur,Central,10.52,76.21,Oil Sardine,741.72,991.4,748.18,31.14,32.22,3.3,0.65,546.6,3.68,29.17,1.37,0.282,0.0,observed_and_verified_proxy
2024-05-01,2024,5,2,Thrissur,Central,10.52,76.21,Indian Mackerel,555.51,991.4,560.35,31.14,32.22,3.3,0.65,546.6,3.68,29.17,1.37,0.248,0.0,observed_and_verified_proxy
2024-05-01,2024,5,2,Thrissur,Central,10.52,76.21,Seer Fish,169.28,991.4,170.75,31.14,32.22,3.3,0.65,546.6,3.68,29.17,1.37,0.119,0.0,observed_and_verified_proxy
2024-05-01,2024,5,2,Thrissur,Central,10.52,76.21,Tuna,216.83,991.4,218.72,31.14,32.22,3.3,0.65,546.6,3.68,29.17,1.37,0.143,0.0,observed_and_verified_proxy
2024-06-01,2024,6,2,Thrissur,Central,10.52,76.21,Oil Sardine,868.68,942.2,921.93,28.94,33.0,3.91,0.95,359.7,3.27,27.53,1.96,0.285,0.0,observed_and_verified_proxy
2024-06-01,2024,6,2,Thrissur,Central,10.52,76.21,Indian Mackerel,530.05,942.2,562.54,28.94,33.0,3.91,0.95,359.7,3.27,27.53,1.96,0.231,0.0,observed_and_verified_proxy
2024-06-01,2024,6,2,Thrissur,Central,10.52,76.21,Seer Fish,164.19,942.2,174.26,28.94,33.0,3.91,0.95,359.7,3.27,27.53,1.96,0.111,0.0,observed_and_verified_proxy
2024-06-01,2024,6,2,Thrissur,Central,10.52,76.21,Tuna,204.07,942.2,216.58,28.94,33.0,3.91,0.95,359.7,3.27,27.53,1.96,0.13,0.0,observed_and_verified_proxy
2024-07-01,2024,7,3,Thrissur,Central,10.52,76.21,Oil Sardine,1295.54,1215.9,1065.5,28.04,32.2,4.29,1.0,553.2,3.78,26.78,2.25,0.418,0.0,observed_and_verified_proxy
2024-07-01,2024,7,3,Thrissur,Central,10.52,76.21,Indian Mackerel,723.75,1215.9,595.23,28.04,32.2,4.29,1.0,553.2,3.78,26.78,2.25,0.342,0.0,observed_and_verified_proxy
2024-07-01,2024,7,3,Thrissur,Central,10.52,76.21,Seer Fish,351.41,1215.9,289.01,28.04,32.2,4.29,1.0,553.2,3.78,26.78,2.25,0.239,0.0,observed_and_verified_proxy
2024-07-01,2024,7,3,Thrissur,Central,10.52,76.21,Tuna,309.86,1215.9,254.84,28.04,32.2,4.29,1.0,553.2,3.78,26.78,2.25,0.222,0.0,observed_and_verified_proxy
2024-08-01,2024,8,3,Thrissur,Central,10.52,76.21,Oil Sardine,1226.16,1115.2,1099.52,27.02,33.26,3.69,0.9,298.5,3.79,26.52,1.82,0.377,0.0,observed_and_verified_proxy
2024-08-01,2024,8,3,Thrissur,Central,10.52,76.21,Indian Mackerel,758.13,1115.2,679.83,27.02,33.26,3.69,0.9,298.5,3.79,26.52,1.82,0.32,0.0,observed_and_verified_proxy
2024-08-01,2024,8,3,Thrissur,Central,10.52,76.21,Seer Fish,340.33,1115.2,305.18,27.02,33.26,3.69,0.9,298.5,3.79,26.52,1.82,0.215,0.0,observed_and_verified_proxy
2024-08-01,2024,8,3,Thrissur,Central,10.52,76.21,Tuna,314.24,1115.2,281.79,27.02,33.26,3.69,0.9,298.5,3.79,26.52,1.82,0.205,0.0,observed_and_verified_proxy
2024-09-01,2024,9,3,Thrissur,Central,10.52,76.21,Oil Sardine,1113.37,1135.7,980.32,27.93,33.83,2.68,0.6,161.4,3.72,27.09,1.52,0.373,0.0,observed_and_verified_proxy
2024-09-01,2024,9,3,Thrissur,Central,10.52,76.21,Indian Mackerel,777.92,1135.7,684.96,27.93,33.83,2.68,0.6,161.4,3.72,27.09,1.52,0.329,0.0,observed_and_verified_proxy
2024-09-01,2024,9,3,Thrissur,Central,10.52,76.21,Seer Fish,326.31,1135.7,287.31,27.93,33.83,2.68,0.6,161.4,3.72,27.09,1.52,0.214,0.0,observed_and_verified_proxy
2024-09-01,2024,9,3,Thrissur,Central,10.52,76.21,Tuna,322.83,1135.7,284.25,27.93,33.83,2.68,0.6,161.4,3.72,27.09,1.52,0.212,0.0,observed_and_verified_proxy
2024-10-01,2024,10,4,Thrissur,Central,10.52,76.21,Oil Sardine,1318.07,1896.5,695.02,29.18,33.45,1.96,0.3,253.2,2.35,27.0,1.25,0.655,0.0,observed_and_verified_proxy
2024-10-01,2024,10,4,Thrissur,Central,10.52,76.21,Indian Mackerel,1262.58,1896.5,665.76,29.18,33.45,1.96,0.3,253.2,2.35,27.0,1.25,0.647,0.0,observed_and_verified_proxy
2024-10-01,2024,10,4,Thrissur,Central,10.52,76.21,Seer Fish,495.8,1896.5,261.43,29.18,33.45,1.96,0.3,253.2,2.35,27.0,1.25,0.45,0.004,observed_and_verified_proxy
2024-10-01,2024,10,4,Thrissur,Central,10.52,76.21,Tuna,788.84,1896.5,415.95,29.18,33.45,1.96,0.3,253.2,2.35,27.0,1.25,0.553,0.0,observed_and_verified_proxy
2024-11-01,2024,11,4,Thrissur,Central,10.52,76.21,Oil Sardine,1155.43,1829.8,631.47,30.0,33.72,1.37,0.12,186.9,1.86,27.54,0.78,0.608,0.0,observed_and_verified_proxy
2024-11-01,2024,11,4,Thrissur,Central,10.52,76.21,Indian Mackerel,1199.5,1829.8,655.55,30.0,33.72,1.37,0.12,186.9,1.86,27.54,0.78,0.615,0.0,observed_and_verified_proxy
2024-11-01,2024,11,4,Thrissur,Central,10.52,76.21,Seer Fish,463.45,1829.8,253.28,30.0,33.72,1.37,0.12,186.9,1.86,27.54,0.78,0.419,0.0,observed_and_verified_proxy
2024-11-01,2024,11,4,Thrissur,Central,10.52,76.21,Tuna,778.51,1829.8,425.47,30.0,33.72,1.37,0.12,186.9,1.86,27.54,0.78,0.531,0.0,observed_and_verified_proxy
2024-12-01,2024,12,4,Thrissur,Central,10.52,76.21,Oil Sardine,1114.46,1983.6,561.83,29.36,33.91,1.14,0.06,140.4,2.46,27.23,0.94,0.652,0.0,observed_and_verified_proxy
2024-12-01,2024,12,4,Thrissur,Central,10.52,76.21,Indian Mackerel,1258.27,1983.6,634.33,29.36,33.91,1.14,0.06,140.4,2.46,27.23,0.94,0.676,0.0,observed_and_verified_proxy
2024-12-01,2024,12,4,Thrissur,Central,10.52,76.21,Seer Fish,481.33,1983.6,242.65,29.36,33.91,1.14,0.06,140.4,2.46,27.23,0.94,0.463,0.063,observed_and_verified_proxy
2024-12-01,2024,12,4,Thrissur,Central,10.52,76.21,Tuna,785.2,1983.6,395.84,29.36,33.91,1.14,0.06,140.4,2.46,27.23,0.94,0.577,0.0,observed_and_verified_proxy
2024-01-01,2024,1,1,Kasaragod,North,12.5,74.99,Oil Sardine,510.88,856.8,596.23,29.58,34.2,1.03,0.05,72.0,2.06,26.55,0.62,0.344,0.0,observed_and_verified_proxy
2024-01-01,2024,1,1,Kasaragod,North,12.5,74.99,Indian Mackerel,565.31,856.8,659.75,29.58,34.2,1.03,0.05,72.0,2.06,26.55,0.62,0.361,0.0,observed_and_verified_proxy
2024-01-01,2024,1,1,Kasaragod,North,12.5,74.99,Seer Fish,157.07,856.8,183.32,29.58,34.2,1.03,0.05,72.0,2.06,26.55,0.62,0.163,0.0,observed_and_verified_proxy
2024-01-01,2024,1,1,Kasaragod,North,12.5,74.99,Tuna,360.24,856.8,420.42,29.58,34.2,1.03,0.05,72.0,2.06,26.55,0.62,0.285,0.0,observed_and_verified_proxy
2024-02-01,2024,2,1,Kasaragod,North,12.5,74.99,Oil Sardine,533.87,866.5,616.1,29.75,34.5,1.08,0.1,0.3,2.54,28.29,0.62,0.355,0.0,observed_and_verified_proxy
2024-02-01,2024,2,1,Kasaragod,North,12.5,74.99,Indian Mackerel,600.56,866.5,693.07,29.75,34.5,1.08,0.1,0.3,2.54,28.29,0.62,0.375,0.0,observed_and_verified_proxy
2024-02-01,2024,2,1,Kasaragod,North,12.5,74.99,Seer Fish,161.1,866.5,185.91,29.75,34.5,1.08,0.1,0.3,2.54,28.29,0.62,0.168,0.0,observed_and_verified_proxy
2024-02-01,2024,2,1,Kasaragod,North,12.5,74.99,Tuna,359.76,866.5,415.17,29.75,34.5,1.08,0.1,0.3,2.54,28.29,0.62,0.288,0.0,observed_and_verified_proxy
2024-03-01,2024,3,1,Kasaragod,North,12.5,74.99,Oil Sardine,555.07,964.3,575.62,30.1,34.48,1.37,0.2,4.5,2.75,29.62,0.74,0.403,0.0,observed_and_verified_proxy
2024-03-01,2024,3,1,Kasaragod,North,12.5,74.99,Indian Mackerel,549.54,964.3,569.89,30.1,34.48,1.37,0.2,4.5,2.75,29.62,0.74,0.401,0.0,observed_and_verified_proxy
2024-03-01,2024,3,1,Kasaragod,North,12.5,74.99,Seer Fish,157.1,964.3,162.92,30.1,34.48,1.37,0.2,4.5,2.75,29.62,0.74,0.183,0.0,observed_and_verified_proxy
2024-03-01,2024,3,1,Kasaragod,North,12.5,74.99,Tuna,332.42,964.3,344.73,30.1,34.48,1.37,0.2,4.5,2.75,29.62,0.74,0.306,0.0,observed_and_verified_proxy
2024-04-01,2024,4,2,Kasaragod,North,12.5,74.99,Oil Sardine,387.52,560.1,691.89,31.29,34.42,1.8,0.35,19.5,2.61,30.61,0.79,0.194,0.0,observed_and_verified_proxy
2024-04-01,2024,4,2,Kasaragod,North,12.5,74.99,Indian Mackerel,345.36,560.1,616.61,31.29,34.42,1.8,0.35,19.5,2.61,30.61,0.79,0.182,0.0,observed_and_verified_proxy
2024-04-01,2024,4,2,Kasaragod,North,12.5,74.99,Seer Fish,102.55,560.1,183.08,31.29,34.42,1.8,0.35,19.5,2.61,30.61,0.79,0.076,0.0,observed_and_verified_proxy
2024-04-01,2024,4,2,Kasaragod,North,12.5,74.99,Tuna,122.77,560.1,219.19,31.29,34.42,1.8,0.35,19.5,2.61,30.61,0.79,0.088,0.0,observed_and_verified_proxy
2024-05-01,2024,5,2,Kasaragod,North,12.5,74.99,Oil Sardine,457.59,616.8,741.89,31.32,33.32,2.97,0.65,282.9,3.08,28.56,1.1,0.234,0.0,observed_and_verified_proxy
2024-05-01,2024,5,2,Kasaragod,North,12.5,74.99,Indian Mackerel,324.36,616.8,525.88,31.32,33.32,2.97,0.65,282.9,3.08,28.56,1.1,0.193,0.0,observed_and_verified_proxy
2024-05-01,2024,5,2,Kasaragod,North,12.5,74.99,Seer Fish,102.64,616.8,166.41,31.32,33.32,2.97,0.65,282.9,3.08,28.56,1.1,0.083,0.0,observed_and_verified_proxy
2024-05-01,2024,5,2,Kasaragod,North,12.5,74.99,Tuna,118.83,616.8,192.66,31.32,33.32,2.97,0.65,282.9,3.08,28.56,1.1,0.094,0.0,observed_and_verified_proxy
2024-06-01,2024,6,2,Kasaragod,North,12.5,74.99,Oil Sardine,531.5,541.8,980.99,29.3,32.63,4.02,0.95,447.6,2.89,26.97,1.69,0.222,0.0,observed_and_verified_proxy
2024-06-01,2024,6,2,Kasaragod,North,12.5,74.99,Indian Mackerel,315.13,541.8,581.65,29.3,32.63,4.02,0.95,447.6,2.89,26.97,1.69,0.166,0.0,observed_and_verified_proxy
2024-06-01,2024,6,2,Kasaragod,North,12.5,74.99,Seer Fish,101.82,541.8,187.93,29.3,32.63,4.02,0.95,447.6,2.89,26.97,1.69,0.073,0.0,observed_and_verified_proxy
2024-06-01,2024,6,2,Kasaragod,North,12.5,74.99,Tuna,125.66,541.8,231.93,29.3,32.63,4.02,0.95,447.6,2.89,26.97,1.69,0.086,0.0,observed_and_verified_proxy
2024-07-01,2024,7,3,Kasaragod,North,12.5,74.99,Oil Sardine,772.98,740.4,1043.97,28.05,31.44,4.52,1.0,734.7,3.62,25.92,2.08,0.357,0.0,observed_and_verified_proxy
2024-07-01,2024,7,3,Kasaragod,North,12.5,74.99,Indian Mackerel,456.31,740.4,616.28,28.05,31.44,4.52,1.0,734.7,3.62,25.92,2.08,0.28,0.0,observed_and_verified_proxy
2024-07-01,2024,7,3,Kasaragod,North,12.5,74.99,Seer Fish,201.86,740.4,272.62,28.05,31.44,4.52,1.0,734.7,3.62,25.92,2.08,0.169,0.0,observed_and_verified_proxy
2024-07-01,2024,7,3,Kasaragod,North,12.5,74.99,Tuna,186.52,740.4,251.9,28.05,31.44,4.52,1.0,734.7,3.62,25.92,2.08,0.16,0.0,observed_and_verified_proxy
2024-08-01,2024,8,3,Kasaragod,North,12.5,74.99,Oil Sardine,783.67,682.8,1147.69,27.47,33.28,3.69,0.9,293.7,3.19,25.92,1.61,0.331,0.0,observed_and_verified_proxy
2024-08-01,2024,8,3,Kasaragod,North,12.5,74.99,Indian Mackerel,481.16,682.8,704.66,27.47,33.28,3.69,0.9,293.7,3.19,25.92,1.61,0.266,0.0,observed_and_verified_proxy
2024-08-01,2024,8,3,Kasaragod,North,12.5,74.99,Seer Fish,211.72,682.8,310.06,27.47,33.28,3.69,0.9,293.7,3.19,25.92,1.61,0.161,0.0,observed_and_verified_proxy
2024-08-01,2024,8,3,Kasaragod,North,12.5,74.99,Tuna,187.77,682.8,274.99,27.47,33.28,3.69,0.9,293.7,3.19,25.92,1.61,0.148,0.0,observed_and_verified_proxy
2024-09-01,2024,9,3,Kasaragod,North,12.5,74.99,Oil Sardine,643.36,716.9,897.39,27.98,33.89,2.66,0.6,146.4,3.3,26.26,1.28,0.32,0.0,observed_and_verified_proxy
2024-09-01,2024,9,3,Kasaragod,North,12.5,74.99,Indian Mackerel,490.53,716.9,684.22,27.98,33.89,2.66,0.6,146.4,3.3,26.26,1.28,0.282,0.0,observed_and_verified_proxy
2024-09-01,2024,9,3,Kasaragod,North,12.5,74.99,Seer Fish,213.57,716.9,297.9,27.98,33.89,2.66,0.6,146.4,3.3,26.26,1.28,0.17,0.0,observed_and_verified_proxy
2024-09-01,2024,9,3,Kasaragod,North,12.5,74.99,Tuna,191.72,716.9,267.42,27.98,33.89,2.66,0.6,146.4,3.3,26.26,1.28,0.158,0.0,observed_and_verified_proxy
2024-10-01,2024,10,4,Kasaragod,North,12.5,74.99,Oil Sardine,764.0,1203.4,634.89,29.37,33.65,1.9,0.3,204.0,2.11,26.34,1.0,0.577,0.0,observed_and_verified_proxy
2024-10-01,2024,10,4,Kasaragod,North,12.5,74.99,Indian Mackerel,765.73,1203.4,636.32,29.37,33.65,1.9,0.3,204.0,2.11,26.34,1.0,0.578,0.0,observed_and_verified_proxy
2024-10-01,2024,10,4,Kasaragod,North,12.5,74.99,Seer Fish,285.42,1203.4,237.19,29.37,33.65,1.9,0.3,204.0,2.11,26.34,1.0,0.347,0.0,observed_and_verified_proxy
2024-10-01,2024,10,4,Kasaragod,North,12.5,74.99,Tuna,456.5,1203.4,379.35,29.37,33.65,1.9,0.3,204.0,2.11,26.34,1.0,0.456,0.0,observed_and_verified_proxy
2024-11-01,2024,11,4,Kasaragod,North,12.5,74.99,Oil Sardine,704.55,1053.7,668.66,29.98,34.09,1.26,0.12,99.0,1.71,27.07,0.62,0.489,0.0,observed_and_verified_proxy
2024-11-01,2024,11,4,Kasaragod,North,12.5,74.99,Indian Mackerel,739.49,1053.7,701.81,29.98,34.09,1.26,0.12,99.0,1.71,27.07,0.62,0.499,0.0,observed_and_verified_proxy
2024-11-01,2024,11,4,Kasaragod,North,12.5,74.99,Seer Fish,279.56,1053.7,265.31,29.98,34.09,1.26,0.12,99.0,1.71,27.07,0.62,0.3,0.0,observed_and_verified_proxy
2024-11-01,2024,11,4,Kasaragod,North,12.5,74.99,Tuna,460.41,1053.7,436.95,29.98,34.09,1.26,0.12,99.0,1.71,27.07,0.62,0.401,0.0,observed_and_verified_proxy
2024-12-01,2024,12,4,Kasaragod,North,12.5,74.99,Oil Sardine,631.45,1097.2,575.53,29.4,34.02,1.11,0.06,116.1,2.2,26.53,0.75,0.486,0.0,observed_and_verified_proxy
2024-12-01,2024,12,4,Kasaragod,North,12.5,74.99,Indian Mackerel,766.85,1097.2,698.94,29.4,34.02,1.11,0.06,116.1,2.2,26.53,0.75,0.527,0.0,observed_and_verified_proxy
2024-12-01,2024,12,4,Kasaragod,North,12.5,74.99,Seer Fish,297.5,1097.2,271.15,29.4,34.02,1.11,0.06,116.1,2.2,26.53,0.75,0.325,0.0,observed_and_verified_proxy
2024-12-01,2024,12,4,Kasaragod,North,12.5,74.99,Tuna,459.13,1097.2,418.47,29.4,34.02,1.11,0.06,116.1,2.2,26.53,0.75,0.417,0.0,observed_and_verified_proxy
2025-01-01,2025,1,1,Kozhikode,North,11.25,75.78,Oil Sardine,3007.44,5986.0,502.41,28.14,34.46,0.95,0.05,10.5,1.97,26.95,1.0,0.643,0.0,observed_and_verified_proxy
2025-01-01,2025,1,1,Kozhikode,North,11.25,75.78,Indian Mackerel,3734.03,5986.0,623.79,28.14,34.46,0.95,0.05,10.5,1.97,26.95,1.0,0.662,0.0,observed_and_verified_proxy
2025-01-01,2025,1,1,Kozhikode,North,11.25,75.78,Seer Fish,1071.0,5986.0,178.92,28.14,34.46,0.95,0.05,10.5,1.97,26.95,1.0,0.511,0.267,observed_and_verified_proxy
2025-01-01,2025,1,1,Kozhikode,North,11.25,75.78,Tuna,2268.52,5986.0,378.97,28.14,34.46,0.95,0.05,10.5,1.97,26.95,1.0,0.615,0.0,observed_and_verified_proxy
2025-02-01,2025,2,1,Kozhikode,North,11.25,75.78,Oil Sardine,3368.9,5939.8,567.17,28.86,34.5,1.08,0.1,0.3,2.37,28.71,1.0,0.648,0.0,observed_and_verified_proxy
2025-02-01,2025,2,1,Kozhikode,North,11.25,75.78,Indian Mackerel,3923.7,5939.8,660.58,28.86,34.5,1.08,0.1,0.3,2.37,28.71,1.0,0.66,0.0,observed_and_verified_proxy
2025-02-01,2025,2,1,Kozhikode,North,11.25,75.78,Seer Fish,1077.8,5939.8,181.45,28.86,34.5,1.08,0.1,0.3,2.37,28.71,1.0,0.508,0.258,observed_and_verified_proxy
2025-02-01,2025,2,1,Kozhikode,North,11.25,75.78,Tuna,2266.27,5939.8,381.54,28.86,34.5,1.08,0.1,0.3,2.37,28.71,1.0,0.61,0.0,observed_and_verified_proxy
2025-03-01,2025,3,1,Kozhikode,North,11.25,75.78,Oil Sardine,3652.57,5453.9,669.72,29.49,34.2,1.45,0.2,71.7,2.35,29.11,1.0,0.601,0.0,observed_and_verified_proxy
2025-03-01,2025,3,1,Kozhikode,North,11.25,75.78,Indian Mackerel,3826.2,5453.9,701.55,29.49,34.2,1.45,0.2,71.7,2.35,29.11,1.0,0.604,0.0,observed_and_verified_proxy
2025-03-01,2025,3,1,Kozhikode,North,11.25,75.78,Seer Fish,1079.24,5453.9,197.88,29.49,34.2,1.45,0.2,71.7,2.35,29.11,1.0,0.467,0.167,observed_and_verified_proxy
2025-03-01,2025,3,1,Kozhikode,North,11.25,75.78,Tuna,2296.35,5453.9,421.05,29.49,34.2,1.45,0.2,71.7,2.35,29.11,1.0,0.561,0.0,observed_and_verified_proxy
2025-04-01,2025,4,2,Kozhikode,North,11.25,75.78,Oil Sardine,2301.43,3788.0,607.56,29.85,34.02,1.92,0.35,114.9,2.43,28.73,1.05,0.39,0.0,observed_and_verified_proxy
2025-04-01,2025,4,2,Kozhikode,North,11.25,75.78,Indian Mackerel,2172.86,3788.0,573.62,29.85,34.02,1.92,0.35,114.9,2.43,28.73,1.05,0.386,0.0,observed_and_verified_proxy
2025-04-01,2025,4,2,Kozhikode,North,11.25,75.78,Seer Fish,658.02,3788.0,173.71,29.85,34.02,1.92,0.35,114.9,2.43,28.73,1.05,0.27,0.0,observed_and_verified_proxy
2025-04-01,2025,4,2,Kozhikode,North,11.25,75.78,Tuna,809.65,3788.0,213.74,29.85,34.02,1.92,0.35,114.9,2.43,28.73,1.05,0.293,0.0,observed_and_verified_proxy
2025-05-01,2025,5,2,Kozhikode,North,11.25,75.78,Oil Sardine,2879.61,3948.9,729.22,29.77,32.37,3.26,0.65,512.1,4.18,28.34,1.36,0.422,0.0,observed_and_verified_proxy
2025-05-01,2025,5,2,Kozhikode,North,11.25,75.78,Indian Mackerel,2115.06,3948.9,535.61,29.77,32.37,3.26,0.65,512.1,4.18,28.34,1.36,0.4,0.0,observed_and_verified_proxy
2025-05-01,2025,5,2,Kozhikode,North,11.25,75.78,Seer Fish,636.43,3948.9,161.17,29.77,32.37,3.26,0.65,512.1,4.18,28.34,1.36,0.277,0.002,observed_and_verified_proxy
2025-05-01,2025,5,2,Kozhikode,North,11.25,75.78,Tuna,777.66,3948.9,196.93,29.77,32.37,3.26,0.65,512.1,4.18,28.34,1.36,0.301,0.0,observed_and_verified_proxy
2025-06-01,2025,6,2,Kozhikode,North,11.25,75.78,Oil Sardine,3276.32,3685.1,889.07,28.91,32.48,4.07,0.95,485.4,4.03,26.95,2.21,0.401,0.0,observed_and_verified_proxy
2025-06-01,2025,6,2,Kozhikode,North,11.25,75.78,Indian Mackerel,1885.16,3685.1,511.56,28.91,32.48,4.07,0.95,485.4,4.03,26.95,2.21,0.365,0.0,observed_and_verified_proxy
2025-06-01,2025,6,2,Kozhikode,North,11.25,75.78,Seer Fish,658.11,3685.1,178.59,28.91,32.48,4.07,0.95,485.4,4.03,26.95,2.21,0.262,0.0,observed_and_verified_proxy
2025-06-01,2025,6,2,Kozhikode,North,11.25,75.78,Tuna,816.92,3685.1,221.68,28.91,32.48,4.07,0.95,485.4,4.03,26.95,2.21,0.286,0.0,observed_and_verified_proxy
2025-07-01,2025,7,3,Kozhikode,North,11.25,75.78,Oil Sardine,5415.34,4725.0,1146.11,27.27,32.39,4.23,1.0,506.1,4.15,25.84,2.8,0.542,0.0,observed_and_verified_proxy
2025-07-01,2025,7,3,Kozhikode,North,11.25,75.78,Indian Mackerel,2924.31,4725.0,618.9,27.27,32.39,4.23,1.0,506.1,4.15,25.84,2.8,0.506,0.0,observed_and_verified_proxy
2025-07-01,2025,7,3,Kozhikode,North,11.25,75.78,Seer Fish,1260.08,4725.0,266.68,27.27,32.39,4.23,1.0,506.1,4.15,25.84,2.8,0.424,0.0,observed_and_verified_proxy
2025-07-01,2025,7,3,Kozhikode,North,11.25,75.78,Tuna,1168.93,4725.0,247.39,27.27,32.39,4.23,1.0,506.1,4.15,25.84,2.8,0.415,0.0,observed_and_verified_proxy
2025-08-01,2025,8,3,Kozhikode,North,11.25,75.78,Oil Sardine,4957.55,4161.1,1191.41,26.55,33.25,3.7,0.9,300.9,3.83,25.37,2.21,0.474,0.0,observed_and_verified_proxy
2025-08-01,2025,8,3,Kozhikode,North,11.25,75.78,Indian Mackerel,3047.43,4161.1,732.37,26.55,33.25,3.7,0.9,300.9,3.83,25.37,2.21,0.448,0.0,observed_and_verified_proxy
2025-08-01,2025,8,3,Kozhikode,North,11.25,75.78,Seer Fish,1278.45,4161.1,307.24,26.55,33.25,3.7,0.9,300.9,3.83,25.37,2.21,0.375,0.0,observed_and_verified_proxy
2025-08-01,2025,8,3,Kozhikode,North,11.25,75.78,Tuna,1149.03,4161.1,276.14,26.55,33.25,3.7,0.9,300.9,3.83,25.37,2.21,0.363,0.0,observed_and_verified_proxy
2025-09-01,2025,9,3,Kozhikode,North,11.25,75.78,Oil Sardine,4368.47,4640.5,941.38,26.93,33.95,2.65,0.6,132.9,3.58,25.96,1.36,0.522,0.0,observed_and_verified_proxy
2025-09-01,2025,9,3,Kozhikode,North,11.25,75.78,Indian Mackerel,3312.32,4640.5,713.79,26.93,33.95,2.65,0.6,132.9,3.58,25.96,1.36,0.505,0.0,observed_and_verified_proxy
2025-09-01,2025,9,3,Kozhikode,North,11.25,75.78,Seer Fish,1351.02,4640.5,291.14,26.93,33.95,2.65,0.6,132.9,3.58,25.96,1.36,0.424,0.0,observed_and_verified_proxy
2025-09-01,2025,9,3,Kozhikode,North,11.25,75.78,Tuna,1162.84,4640.5,250.59,26.93,33.95,2.65,0.6,132.9,3.58,25.96,1.36,0.407,0.0,observed_and_verified_proxy
2025-10-01,2025,10,4,Kozhikode,North,11.25,75.78,Oil Sardine,4798.44,7110.6,674.83,27.07,33.28,2.01,0.3,292.8,2.72,26.71,1.05,0.807,0.0,observed_and_verified_proxy
2025-10-01,2025,10,4,Kozhikode,North,11.25,75.78,Indian Mackerel,4652.19,7110.6,654.26,27.07,33.28,2.01,0.3,292.8,2.72,26.71,1.05,0.805,0.0,observed_and_verified_proxy
2025-10-01,2025,10,4,Kozhikode,North,11.25,75.78,Seer Fish,1829.19,7110.6,257.25,27.07,33.28,2.01,0.3,292.8,2.72,26.71,1.05,0.7,0.338,observed_and_verified_proxy
2025-10-01,2025,10,4,Kozhikode,North,11.25,75.78,Tuna,3030.01,7110.6,426.12,27.07,33.28,2.01,0.3,292.8,2.72,26.71,1.05,0.765,0.047,observed_and_verified_proxy
2025-11-01,2025,11,4,Kozhikode,North,11.25,75.78,Oil Sardine,4368.65,7645.6,571.4,27.14,34.28,1.2,0.12,53.1,2.37,26.3,1.0,0.86,0.0,observed_and_verified_proxy
2025-11-01,2025,11,4,Kozhikode,North,11.25,75.78,Indian Mackerel,5025.27,7645.6,657.28,27.14,34.28,1.2,0.12,53.1,2.37,26.3,1.0,0.871,0.0,observed_and_verified_proxy
2025-11-01,2025,11,4,Kozhikode,North,11.25,75.78,Seer Fish,1769.97,7645.6,231.5,27.14,34.28,1.2,0.12,53.1,2.37,26.3,1.0,0.747,0.457,observed_and_verified_proxy
2025-11-01,2025,11,4,Kozhikode,North,11.25,75.78,Tuna,2999.54,7645.6,392.32,27.14,34.28,1.2,0.12,53.1,2.37,26.3,1.0,0.821,0.196,observed_and_verified_proxy
2025-12-01,2025,12,4,Kozhikode,North,11.25,75.78,Oil Sardine,4034.55,7230.8,557.97,27.51,34.41,1.0,0.06,21.9,2.04,25.7,1.0,0.806,0.0,observed_and_verified_proxy
2025-12-01,2025,12,4,Kozhikode,North,11.25,75.78,Indian Mackerel,4910.3,7230.8,679.08,27.51,34.41,1.0,0.06,21.9,2.04,25.7,1.0,0.822,0.0,observed_and_verified_proxy
2025-12-01,2025,12,4,Kozhikode,North,11.25,75.78,Seer Fish,1935.55,7230.8,267.68,27.51,34.41,1.0,0.06,21.9,2.04,25.7,1.0,0.72,0.341,observed_and_verified_proxy
2025-12-01,2025,12,4,Kozhikode,North,11.25,75.78,Tuna,2815.8,7230.8,389.42,27.51,34.41,1.0,0.06,21.9,2.04,25.7,1.0,0.769,0.135,observed_and_verified_proxy
2025-01-01,2025,1,1,Ernakulam,Central,9.98,76.28,Oil Sardine,2958.88,5123.1,577.56,28.14,34.46,0.95,0.05,10.5,1.96,27.7,1.0,0.614,0.0,observed_and_verified_proxy
2025-01-01,2025,1,1,Ernakulam,Central,9.98,76.28,Indian Mackerel,3284.19,5123.1,641.06,28.14,34.46,0.95,0.05,10.5,1.96,27.7,1.0,0.623,0.0,observed_and_verified_proxy
2025-01-01,2025,1,1,Ernakulam,Central,9.98,76.28,Seer Fish,984.44,5123.1,192.16,28.14,34.46,0.95,0.05,10.5,1.96,27.7,1.0,0.476,0.192,observed_and_verified_proxy
2025-01-01,2025,1,1,Ernakulam,Central,9.98,76.28,Tuna,1913.56,5123.1,373.52,28.14,34.46,0.95,0.05,10.5,1.96,27.7,1.0,0.569,0.0,observed_and_verified_proxy
2025-02-01,2025,2,1,Ernakulam,Central,9.98,76.28,Oil Sardine,2863.42,4825.7,593.37,28.86,34.5,1.08,0.1,0.9,1.9,29.53,1.0,0.575,0.0,observed_and_verified_proxy
2025-02-01,2025,2,1,Ernakulam,Central,9.98,76.28,Indian Mackerel,3307.91,4825.7,685.47,28.86,34.5,1.08,0.1,0.9,1.9,29.53,1.0,0.587,0.0,observed_and_verified_proxy
2025-02-01,2025,2,1,Ernakulam,Central,9.98,76.28,Seer Fish,926.96,4825.7,192.09,28.86,34.5,1.08,0.1,0.9,1.9,29.53,1.0,0.439,0.144,observed_and_verified_proxy
2025-02-01,2025,2,1,Ernakulam,Central,9.98,76.28,Tuna,1981.61,4825.7,410.63,28.86,34.5,1.08,0.1,0.9,1.9,29.53,1.0,0.54,0.0,observed_and_verified_proxy
2025-03-01,2025,3,1,Ernakulam,Central,9.98,76.28,Oil Sardine,3094.52,5504.9,562.14,29.49,34.02,1.5,0.2,115.5,2.29,29.7,1.0,0.664,0.0,observed_and_verified_proxy
2025-03-01,2025,3,1,Ernakulam,Central,9.98,76.28,Indian Mackerel,3167.12,5504.9,575.33,29.49,34.02,1.5,0.2,115.5,2.29,29.7,1.0,0.666,0.0,observed_and_verified_proxy
2025-03-01,2025,3,1,Ernakulam,Central,9.98,76.28,Seer Fish,943.87,5504.9,171.46,29.49,34.02,1.5,0.2,115.5,2.29,29.7,1.0,0.504,0.274,observed_and_verified_proxy
2025-03-01,2025,3,1,Ernakulam,Central,9.98,76.28,Tuna,2019.46,5504.9,366.85,29.49,34.02,1.5,0.2,115.5,2.29,29.7,1.0,0.618,0.0,observed_and_verified_proxy
2025-04-01,2025,4,2,Ernakulam,Central,9.98,76.28,Oil Sardine,2130.15,3088.3,689.75,29.85,33.63,2.04,0.35,208.8,2.61,28.86,1.05,0.35,0.0,observed_and_verified_proxy
2025-04-01,2025,4,2,Ernakulam,Central,9.98,76.28,Indian Mackerel,2003.91,3088.3,648.88,29.85,33.63,2.04,0.35,208.8,2.61,28.86,1.05,0.346,0.0,observed_and_verified_proxy
2025-04-01,2025,4,2,Ernakulam,Central,9.98,76.28,Seer Fish,572.9,3088.3,185.51,29.85,33.63,2.04,0.35,208.8,2.61,28.86,1.05,0.231,0.0,observed_and_verified_proxy
2025-04-01,2025,4,2,Ernakulam,Central,9.98,76.28,Tuna,736.36,3088.3,238.44,29.85,33.63,2.04,0.35,208.8,2.61,28.86,1.05,0.258,0.0,observed_and_verified_proxy
2025-05-01,2025,5,2,Ernakulam,Central,9.98,76.28,Oil Sardine,2709.43,3301.6,820.64,29.77,32.56,3.2,0.65,464.4,4.71,29.13,1.36,0.39,0.0,observed_and_verified_proxy
2025-05-01,2025,5,2,Ernakulam,Central,9.98,76.28,Indian Mackerel,1853.17,3301.6,561.29,29.77,32.56,3.2,0.65,464.4,4.71,29.13,1.36,0.364,0.0,observed_and_verified_proxy
2025-05-01,2025,5,2,Ernakulam,Central,9.98,76.28,Seer Fish,603.91,3301.6,182.91,29.77,32.56,3.2,0.65,464.4,4.71,29.13,1.36,0.253,0.0,observed_and_verified_proxy
2025-05-01,2025,5,2,Ernakulam,Central,9.98,76.28,Tuna,742.09,3301.6,224.77,29.77,32.56,3.2,0.65,464.4,4.71,29.13,1.36,0.276,0.0,observed_and_verified_proxy
2025-06-01,2025,6,2,Ernakulam,Central,9.98,76.28,Oil Sardine,2961.7,3402.8,870.37,28.91,32.18,4.15,0.95,555.9,4.58,27.74,2.21,0.408,0.0,observed_and_verified_proxy
2025-06-01,2025,6,2,Ernakulam,Central,9.98,76.28,Indian Mackerel,1735.69,3402.8,510.08,28.91,32.18,4.15,0.95,555.9,4.58,27.74,2.21,0.37,0.0,observed_and_verified_proxy
2025-06-01,2025,6,2,Ernakulam,Central,9.98,76.28,Seer Fish,593.82,3402.8,174.51,28.91,32.18,4.15,0.95,555.9,4.58,27.74,2.21,0.259,0.0,observed_and_verified_proxy
2025-06-01,2025,6,2,Ernakulam,Central,9.98,76.28,Tuna,695.01,3402.8,204.25,28.91,32.18,4.15,0.95,555.9,4.58,27.74,2.21,0.277,0.0,observed_and_verified_proxy
2025-07-01,2025,7,3,Ernakulam,Central,9.98,76.28,Oil Sardine,4796.88,4028.7,1190.69,27.27,32.55,4.19,1.0,468.6,4.66,26.75,2.8,0.511,0.0,observed_and_verified_proxy
2025-07-01,2025,7,3,Ernakulam,Central,9.98,76.28,Indian Mackerel,2529.88,4028.7,627.97,27.27,32.55,4.19,1.0,468.6,4.66,26.75,2.8,0.471,0.0,observed_and_verified_proxy
2025-07-01,2025,7,3,Ernakulam,Central,9.98,76.28,Seer Fish,1173.62,4028.7,291.32,27.27,32.55,4.19,1.0,468.6,4.66,26.75,2.8,0.396,0.0,observed_and_verified_proxy
2025-07-01,2025,7,3,Ernakulam,Central,9.98,76.28,Tuna,1061.92,4028.7,263.59,27.27,32.55,4.19,1.0,468.6,4.66,26.75,2.8,0.384,0.0,observed_and_verified_proxy
2025-08-01,2025,8,3,Ernakulam,Central,9.98,76.28,Oil Sardine,4316.52,4319.3,999.35,26.55,33.3,3.68,0.9,288.6,4.13,26.27,2.21,0.542,0.0,observed_and_verified_proxy
2025-08-01,2025,8,3,Ernakulam,Central,9.98,76.28,Indian Mackerel,2577.67,4319.3,596.77,26.55,33.3,3.68,0.9,288.6,4.13,26.27,2.21,0.507,0.0,observed_and_verified_proxy
2025-08-01,2025,8,3,Ernakulam,Central,9.98,76.28,Seer Fish,1145.26,4319.3,265.15,26.55,33.3,3.68,0.9,288.6,4.13,26.27,2.21,0.421,0.0,observed_and_verified_proxy
2025-08-01,2025,8,3,Ernakulam,Central,9.98,76.28,Tuna,1068.88,4319.3,247.46,26.55,33.3,3.68,0.9,288.6,4.13,26.27,2.21,0.412,0.0,observed_and_verified_proxy
2025-09-01,2025,9,3,Ernakulam,Central,9.98,76.28,Oil Sardine,3808.11,3874.6,982.83,26.93,33.59,2.75,0.6,217.2,3.99,26.88,1.36,0.48,0.0,observed_and_verified_proxy
2025-09-01,2025,9,3,Ernakulam,Central,9.98,76.28,Indian Mackerel,2790.62,3874.6,720.23,26.93,33.59,2.75,0.6,217.2,3.99,26.88,1.36,0.46,0.0,observed_and_verified_proxy
2025-09-01,2025,9,3,Ernakulam,Central,9.98,76.28,Seer Fish,1229.35,3874.6,317.28,26.93,33.59,2.75,0.6,217.2,3.99,26.88,1.36,0.386,0.0,observed_and_verified_proxy
2025-09-01,2025,9,3,Ernakulam,Central,9.98,76.28,Tuna,1088.97,3874.6,281.05,26.93,33.59,2.75,0.6,217.2,3.99,26.88,1.36,0.372,0.0,observed_and_verified_proxy
2025-10-01,2025,10,4,Ernakulam,Central,9.98,76.28,Oil Sardine,4461.81,6768.7,659.18,27.07,33.16,2.04,0.3,322.5,3.23,27.53,1.05,0.852,0.0,observed_and_verified_proxy
2025-10-01,2025,10,4,Ernakulam,Central,9.98,76.28,Indian Mackerel,4164.38,6768.7,615.24,27.07,33.16,2.04,0.3,322.5,3.23,27.53,1.05,0.846,0.0,observed_and_verified_proxy
2025-10-01,2025,10,4,Ernakulam,Central,9.98,76.28,Seer Fish,1591.6,6768.7,235.14,27.07,33.16,2.04,0.3,322.5,3.23,27.53,1.05,0.721,0.415,observed_and_verified_proxy
2025-10-01,2025,10,4,Ernakulam,Central,9.98,76.28,Tuna,2501.39,6768.7,369.55,27.07,33.16,2.04,0.3,322.5,3.23,27.53,1.05,0.79,0.206,observed_and_verified_proxy
2025-11-01,2025,11,4,Ernakulam,Central,9.98,76.28,Oil Sardine,3837.9,6215.8,617.44,27.14,33.92,1.31,0.12,139.2,2.76,27.13,1.0,0.77,0.0,observed_and_verified_proxy
2025-11-01,2025,11,4,Ernakulam,Central,9.98,76.28,Indian Mackerel,4266.16,6215.8,686.34,27.14,33.92,1.31,0.12,139.2,2.76,27.13,1.0,0.779,0.0,observed_and_verified_proxy
2025-11-01,2025,11,4,Ernakulam,Central,9.98,76.28,Seer Fish,1692.21,6215.8,272.24,27.14,33.92,1.31,0.12,139.2,2.76,27.13,1.0,0.672,0.269,observed_and_verified_proxy
2025-11-01,2025,11,4,Ernakulam,Central,9.98,76.28,Tuna,2553.77,6215.8,410.85,27.14,33.92,1.31,0.12,139.2,2.76,27.13,1.0,0.728,0.033,observed_and_verified_proxy
2025-12-01,2025,12,4,Ernakulam,Central,9.98,76.28,Oil Sardine,3883.43,6551.0,592.79,27.51,34.42,0.99,0.06,18.9,2.07,26.42,1.0,0.813,0.0,observed_and_verified_proxy
2025-12-01,2025,12,4,Ernakulam,Central,9.98,76.28,Indian Mackerel,4466.07,6551.0,681.73,27.51,34.42,0.99,0.06,18.9,2.07,26.42,1.0,0.825,0.0,observed_and_verified_proxy
2025-12-01,2025,12,4,Ernakulam,Central,9.98,76.28,Seer Fish,1703.55,6551.0,260.04,27.51,34.42,0.99,0.06,18.9,2.07,26.42,1.0,0.709,0.344,observed_and_verified_proxy
2025-12-01,2025,12,4,Ernakulam,Central,9.98,76.28,Tuna,2489.59,6551.0,380.03,27.51,34.42,0.99,0.06,18.9,2.07,26.42,1.0,0.764,0.149,observed_and_verified_proxy
2025-01-01,2025,1,1,Alappuzha,South,9.49,76.33,Oil Sardine,2586.86,4426.2,584.45,28.14,34.38,0.97,0.05,27.6,4.12,26.48,1.0,0.589,0.0,observed_and_verified_proxy
2025-01-01,2025,1,1,Alappuzha,South,9.49,76.33,Indian Mackerel,3094.57,4426.2,699.16,28.14,34.38,0.97,0.05,27.6,4.12,26.48,1.0,0.605,0.0,observed_and_verified_proxy
2025-01-01,2025,1,1,Alappuzha,South,9.49,76.33,Seer Fish,831.29,4426.2,187.81,28.14,34.38,0.97,0.05,27.6,4.12,26.48,1.0,0.439,0.153,observed_and_verified_proxy
2025-01-01,2025,1,1,Alappuzha,South,9.49,76.33,Tuna,1717.99,4426.2,388.14,28.14,34.38,0.97,0.05,27.6,4.12,26.48,1.0,0.544,0.0,observed_and_verified_proxy
2025-02-01,2025,2,1,Alappuzha,South,9.49,76.33,Oil Sardine,2467.05,4274.4,577.17,28.86,34.48,1.09,0.1,5.7,2.97,28.16,1.0,0.564,0.0,observed_and_verified_proxy
2025-02-01,2025,2,1,Alappuzha,South,9.49,76.33,Indian Mackerel,2910.41,4274.4,680.89,28.86,34.48,1.09,0.1,5.7,2.97,28.16,1.0,0.579,0.0,observed_and_verified_proxy
2025-02-01,2025,2,1,Alappuzha,South,9.49,76.33,Seer Fish,826.18,4274.4,193.29,28.86,34.48,1.09,0.1,5.7,2.97,28.16,1.0,0.423,0.12,observed_and_verified_proxy
2025-02-01,2025,2,1,Alappuzha,South,9.49,76.33,Tuna,1838.51,4274.4,430.12,28.86,34.48,1.09,0.1,5.7,2.97,28.16,1.0,0.533,0.0,observed_and_verified_proxy
2025-03-01,2025,3,1,Alappuzha,South,9.49,76.33,Oil Sardine,2761.45,4689.1,588.91,29.49,34.05,1.49,0.2,106.8,2.58,29.2,1.0,0.63,0.0,observed_and_verified_proxy
2025-03-01,2025,3,1,Alappuzha,South,9.49,76.33,Indian Mackerel,2871.28,4689.1,612.33,29.49,34.05,1.49,0.2,106.8,2.58,29.2,1.0,0.634,0.0,observed_and_verified_proxy
2025-03-01,2025,3,1,Alappuzha,South,9.49,76.33,Seer Fish,788.9,4689.1,168.24,29.49,34.05,1.49,0.2,106.8,2.58,29.2,1.0,0.456,0.218,observed_and_verified_proxy
2025-03-01,2025,3,1,Alappuzha,South,9.49,76.33,Tuna,1720.78,4689.1,366.98,29.49,34.05,1.49,0.2,106.8,2.58,29.2,1.0,0.577,0.0,observed_and_verified_proxy
2025-04-01,2025,4,2,Alappuzha,South,9.49,76.33,Oil Sardine,1946.65,2861.8,680.21,29.85,33.74,2.01,0.35,181.2,3.13,28.63,1.05,0.361,0.0,observed_and_verified_proxy
2025-04-01,2025,4,2,Alappuzha,South,9.49,76.33,Indian Mackerel,1664.47,2861.8,581.61,29.85,33.74,2.01,0.35,181.2,3.13,28.63,1.05,0.349,0.0,observed_and_verified_proxy
2025-04-01,2025,4,2,Alappuzha,South,9.49,76.33,Seer Fish,495.49,2861.8,173.14,29.85,33.74,2.01,0.35,181.2,3.13,28.63,1.05,0.226,0.0,observed_and_verified_proxy
2025-04-01,2025,4,2,Alappuzha,South,9.49,76.33,Tuna,623.76,2861.8,217.96,29.85,33.74,2.01,0.35,181.2,3.13,28.63,1.05,0.252,0.0,observed_and_verified_proxy
2025-05-01,2025,5,2,Alappuzha,South,9.49,76.33,Oil Sardine,2312.36,2810.6,822.72,29.77,33.19,3.01,0.65,315.3,5.28,28.78,1.36,0.367,0.0,observed_and_verified_proxy
2025-05-01,2025,5,2,Alappuzha,South,9.49,76.33,Indian Mackerel,1651.86,2810.6,587.72,29.77,33.19,3.01,0.65,315.3,5.28,28.78,1.36,0.342,0.0,observed_and_verified_proxy
2025-05-01,2025,5,2,Alappuzha,South,9.49,76.33,Seer Fish,516.58,2810.6,183.79,29.77,33.19,3.01,0.65,315.3,5.28,28.78,1.36,0.227,0.0,observed_and_verified_proxy
2025-05-01,2025,5,2,Alappuzha,South,9.49,76.33,Tuna,612.77,2810.6,218.02,29.77,33.19,3.01,0.65,315.3,5.28,28.78,1.36,0.246,0.0,observed_and_verified_proxy
2025-06-01,2025,6,2,Alappuzha,South,9.49,76.33,Oil Sardine,2548.76,3045.4,836.93,28.91,33.32,3.81,0.95,283.8,5.34,27.3,2.21,0.404,0.0,observed_and_verified_proxy
2025-06-01,2025,6,2,Alappuzha,South,9.49,76.33,Indian Mackerel,1560.08,3045.4,512.28,28.91,33.32,3.81,0.95,283.8,5.34,27.3,2.21,0.366,0.0,observed_and_verified_proxy
2025-06-01,2025,6,2,Alappuzha,South,9.49,76.33,Seer Fish,499.58,3045.4,164.05,28.91,33.32,3.81,0.95,283.8,5.34,27.3,2.21,0.242,0.0,observed_and_verified_proxy
2025-06-01,2025,6,2,Alappuzha,South,9.49,76.33,Tuna,640.71,3045.4,210.39,28.91,33.32,3.81,0.95,283.8,5.34,27.3,2.21,0.272,0.0,observed_and_verified_proxy
2025-07-01,2025,7,3,Alappuzha,South,9.49,76.33,Oil Sardine,4091.66,3670.6,1114.72,27.27,33.74,3.83,1.0,181.5,6.01,26.55,2.8,0.519,0.0,observed_and_verified_proxy
2025-07-01,2025,7,3,Alappuzha,South,9.49,76.33,Indian Mackerel,2368.25,3670.6,645.2,27.27,33.74,3.83,1.0,181.5,6.01,26.55,2.8,0.481,0.0,observed_and_verified_proxy
2025-07-01,2025,7,3,Alappuzha,South,9.49,76.33,Seer Fish,1061.26,3670.6,289.13,27.27,33.74,3.83,1.0,181.5,6.01,26.55,2.8,0.396,0.0,observed_and_verified_proxy
2025-07-01,2025,7,3,Alappuzha,South,9.49,76.33,Tuna,943.09,3670.6,256.93,27.27,33.74,3.83,1.0,181.5,6.01,26.55,2.8,0.381,0.0,observed_and_verified_proxy
2025-08-01,2025,8,3,Alappuzha,South,9.49,76.33,Oil Sardine,4031.4,3305.2,1219.7,26.55,34.03,3.46,0.9,113.7,5.08,25.98,2.21,0.467,0.0,observed_and_verified_proxy
2025-08-01,2025,8,3,Alappuzha,South,9.49,76.33,Indian Mackerel,2420.41,3305.2,732.3,26.55,34.03,3.46,0.9,113.7,5.08,25.98,2.21,0.435,0.0,observed_and_verified_proxy
2025-08-01,2025,8,3,Alappuzha,South,9.49,76.33,Seer Fish,1072.99,3305.2,324.63,26.55,34.03,3.46,0.9,113.7,5.08,25.98,2.21,0.358,0.0,observed_and_verified_proxy
2025-08-01,2025,8,3,Alappuzha,South,9.49,76.33,Tuna,910.02,3305.2,275.33,26.55,34.03,3.46,0.9,113.7,5.08,25.98,2.21,0.339,0.0,observed_and_verified_proxy
2025-09-01,2025,9,3,Alappuzha,South,9.49,76.33,Oil Sardine,3309.27,3594.9,920.55,26.93,33.79,2.69,0.6,169.8,4.95,26.66,1.36,0.496,0.0,observed_and_verified_proxy
2025-09-01,2025,9,3,Alappuzha,South,9.49,76.33,Indian Mackerel,2426.05,3594.9,674.86,26.93,33.79,2.69,0.6,169.8,4.95,26.66,1.36,0.473,0.0,observed_and_verified_proxy
2025-09-01,2025,9,3,Alappuzha,South,9.49,76.33,Seer Fish,1038.2,3594.9,288.8,26.93,33.79,2.69,0.6,169.8,4.95,26.66,1.36,0.385,0.0,observed_and_verified_proxy
2025-09-01,2025,9,3,Alappuzha,South,9.49,76.33,Tuna,933.37,3594.9,259.64,26.93,33.79,2.69,0.6,169.8,4.95,26.66,1.36,0.372,0.0,observed_and_verified_proxy
2025-10-01,2025,10,4,Alappuzha,South,9.49,76.33,Oil Sardine,3862.86,5740.3,672.94,27.07,33.31,2.0,0.3,286.2,3.68,27.12,1.05,0.807,0.0,observed_and_verified_proxy
2025-10-01,2025,10,4,Alappuzha,South,9.49,76.33,Indian Mackerel,3661.82,5740.3,637.91,27.07,33.31,2.0,0.3,286.2,3.68,27.12,1.05,0.802,0.0,observed_and_verified_proxy
2025-10-01,2025,10,4,Alappuzha,South,9.49,76.33,Seer Fish,1524.16,5740.3,265.52,27.07,33.31,2.0,0.3,286.2,3.68,27.12,1.05,0.686,0.302,observed_and_verified_proxy
2025-10-01,2025,10,4,Alappuzha,South,9.49,76.33,Tuna,2346.08,5740.3,408.7,27.07,33.31,2.0,0.3,286.2,3.68,27.12,1.05,0.751,0.068,observed_and_verified_proxy
2025-11-01,2025,11,4,Alappuzha,South,9.49,76.33,Oil Sardine,3349.77,5699.1,587.77,27.14,33.56,1.42,0.12,224.7,3.28,26.58,1.0,0.787,0.0,observed_and_verified_proxy
2025-11-01,2025,11,4,Alappuzha,South,9.49,76.33,Indian Mackerel,3885.03,5699.1,681.69,27.14,33.56,1.42,0.12,224.7,3.28,26.58,1.0,0.801,0.0,observed_and_verified_proxy
2025-11-01,2025,11,4,Alappuzha,South,9.49,76.33,Seer Fish,1535.44,5699.1,269.42,27.14,33.56,1.42,0.12,224.7,3.28,26.58,1.0,0.682,0.288,observed_and_verified_proxy
2025-11-01,2025,11,4,Alappuzha,South,9.49,76.33,Tuna,2353.78,5699.1,413.01,27.14,33.56,1.42,0.12,224.7,3.28,26.58,1.0,0.746,0.052,observed_and_verified_proxy
2025-12-01,2025,12,4,Alappuzha,South,9.49,76.33,Oil Sardine,3269.63,5961.3,548.48,27.51,34.48,0.97,0.06,5.4,3.49,25.33,1.0,0.821,0.0,observed_and_verified_proxy
2025-12-01,2025,12,4,Alappuzha,South,9.49,76.33,Indian Mackerel,3940.46,5961.3,661.01,27.51,34.48,0.97,0.06,5.4,3.49,25.33,1.0,0.84,0.0,observed_and_verified_proxy
2025-12-01,2025,12,4,Alappuzha,South,9.49,76.33,Seer Fish,1466.43,5961.3,245.99,27.51,34.48,0.97,0.06,5.4,3.49,25.33,1.0,0.706,0.371,observed_and_verified_proxy
2025-12-01,2025,12,4,Alappuzha,South,9.49,76.33,Tuna,2264.51,5961.3,379.87,27.51,34.48,0.97,0.06,5.4,3.49,25.33,1.0,0.775,0.163,observed_and_verified_proxy
2025-01-01,2025,1,1,Kollam,South,8.89,76.6,Oil Sardine,2367.85,4202.7,563.42,28.14,34.38,0.97,0.05,27.6,4.12,26.48,1.0,0.59,0.0,observed_and_verified_proxy
2025-01-01,2025,1,1,Kollam,South,8.89,76.6,Indian Mackerel,2701.39,4202.7,642.78,28.14,34.38,0.97,0.05,27.6,4.12,26.48,1.0,0.603,0.0,observed_and_verified_proxy
2025-01-01,2025,1,1,Kollam,South,8.89,76.6,Seer Fish,756.81,4202.7,180.08,28.14,34.38,0.97,0.05,27.6,4.12,26.48,1.0,0.43,0.159,observed_and_verified_proxy
2025-01-01,2025,1,1,Kollam,South,8.89,76.6,Tuna,1615.76,4202.7,384.46,28.14,34.38,0.97,0.05,27.6,4.12,26.48,1.0,0.546,0.0,observed_and_verified_proxy
2025-02-01,2025,2,1,Kollam,South,8.89,76.6,Oil Sardine,2462.12,4121.0,597.46,28.86,34.48,1.09,0.1,5.7,2.97,28.16,1.0,0.583,0.0,observed_and_verified_proxy
2025-02-01,2025,2,1,Kollam,South,8.89,76.6,Indian Mackerel,2798.26,4121.0,679.03,28.86,34.48,1.09,0.1,5.7,2.97,28.16,1.0,0.595,0.0,observed_and_verified_proxy
2025-02-01,2025,2,1,Kollam,South,8.89,76.6,Seer Fish,795.73,4121.0,193.09,28.86,34.48,1.09,0.1,5.7,2.97,28.16,1.0,0.43,0.13,observed_and_verified_proxy
2025-02-01,2025,2,1,Kollam,South,8.89,76.6,Tuna,1571.22,4121.0,381.27,28.86,34.48,1.09,0.1,5.7,2.97,28.16,1.0,0.532,0.0,observed_and_verified_proxy
2025-03-01,2025,3,1,Kollam,South,8.89,76.6,Oil Sardine,2701.91,4439.6,608.59,29.49,34.05,1.49,0.2,106.8,2.58,29.2,1.0,0.637,0.0,observed_and_verified_proxy
2025-03-01,2025,3,1,Kollam,South,8.89,76.6,Indian Mackerel,2632.86,4439.6,593.04,29.49,34.05,1.49,0.2,106.8,2.58,29.2,1.0,0.635,0.0,observed_and_verified_proxy
2025-03-01,2025,3,1,Kollam,South,8.89,76.6,Seer Fish,795.74,4439.6,179.24,29.49,34.05,1.49,0.2,106.8,2.58,29.2,1.0,0.464,0.204,observed_and_verified_proxy
2025-03-01,2025,3,1,Kollam,South,8.89,76.6,Tuna,1708.5,4439.6,384.83,29.49,34.05,1.49,0.2,106.8,2.58,29.2,1.0,0.584,0.0,observed_and_verified_proxy
2025-04-01,2025,4,2,Kollam,South,8.89,76.6,Oil Sardine,1752.03,2726.1,642.69,29.85,33.74,2.01,0.35,181.2,3.13,28.63,1.05,0.361,0.0,observed_and_verified_proxy
2025-04-01,2025,4,2,Kollam,South,8.89,76.6,Indian Mackerel,1599.69,2726.1,586.81,29.85,33.74,2.01,0.35,181.2,3.13,28.63,1.05,0.353,0.0,observed_and_verified_proxy
2025-04-01,2025,4,2,Kollam,South,8.89,76.6,Seer Fish,462.88,2726.1,169.8,29.85,33.74,2.01,0.35,181.2,3.13,28.63,1.05,0.223,0.0,observed_and_verified_proxy
2025-04-01,2025,4,2,Kollam,South,8.89,76.6,Tuna,571.73,2726.1,209.73,29.85,33.74,2.01,0.35,181.2,3.13,28.63,1.05,0.247,0.0,observed_and_verified_proxy
2025-05-01,2025,5,2,Kollam,South,8.89,76.6,Oil Sardine,2147.65,2733.5,785.68,29.77,33.19,3.01,0.65,315.3,5.28,28.78,1.36,0.377,0.0,observed_and_verified_proxy
2025-05-01,2025,5,2,Kollam,South,8.89,76.6,Indian Mackerel,1588.26,2733.5,581.04,29.77,33.19,3.01,0.65,315.3,5.28,28.78,1.36,0.354,0.0,observed_and_verified_proxy
2025-05-01,2025,5,2,Kollam,South,8.89,76.6,Seer Fish,476.98,2733.5,174.49,29.77,33.19,3.01,0.65,315.3,5.28,28.78,1.36,0.227,0.0,observed_and_verified_proxy
2025-05-01,2025,5,2,Kollam,South,8.89,76.6,Tuna,563.03,2733.5,205.98,29.77,33.19,3.01,0.65,315.3,5.28,28.78,1.36,0.246,0.0,observed_and_verified_proxy
2025-06-01,2025,6,2,Kollam,South,8.89,76.6,Oil Sardine,2390.56,2583.1,925.46,28.91,33.32,3.81,0.95,283.8,5.34,27.3,2.21,0.363,0.0,observed_and_verified_proxy
2025-06-01,2025,6,2,Kollam,South,8.89,76.6,Indian Mackerel,1439.63,2583.1,557.32,28.91,33.32,3.81,0.95,283.8,5.34,27.3,2.21,0.326,0.0,observed_and_verified_proxy
2025-06-01,2025,6,2,Kollam,South,8.89,76.6,Seer Fish,466.77,2583.1,180.7,28.91,33.32,3.81,0.95,283.8,5.34,27.3,2.21,0.212,0.0,observed_and_verified_proxy
2025-06-01,2025,6,2,Kollam,South,8.89,76.6,Tuna,600.52,2583.1,232.48,28.91,33.32,3.81,0.95,283.8,5.34,27.3,2.21,0.24,0.0,observed_and_verified_proxy
2025-07-01,2025,7,3,Kollam,South,8.89,76.6,Oil Sardine,3707.1,3141.1,1180.18,27.27,33.74,3.83,1.0,181.5,6.01,26.55,2.8,0.471,0.0,observed_and_verified_proxy
2025-07-01,2025,7,3,Kollam,South,8.89,76.6,Indian Mackerel,2251.59,3141.1,716.81,27.27,33.74,3.83,1.0,181.5,6.01,26.55,2.8,0.437,0.0,observed_and_verified_proxy
2025-07-01,2025,7,3,Kollam,South,8.89,76.6,Seer Fish,966.45,3141.1,307.68,27.27,33.74,3.83,1.0,181.5,6.01,26.55,2.8,0.352,0.0,observed_and_verified_proxy
2025-07-01,2025,7,3,Kollam,South,8.89,76.6,Tuna,908.02,3141.1,289.08,27.27,33.74,3.83,1.0,181.5,6.01,26.55,2.8,0.345,0.0,observed_and_verified_proxy
2025-08-01,2025,8,3,Kollam,South,8.89,76.6,Oil Sardine,3581.29,3303.6,1084.06,26.55,34.03,3.46,0.9,113.7,5.08,25.98,2.21,0.493,0.0,observed_and_verified_proxy
2025-08-01,2025,8,3,Kollam,South,8.89,76.6,Indian Mackerel,2282.3,3303.6,690.85,26.55,34.03,3.46,0.9,113.7,5.08,25.98,2.21,0.461,0.0,observed_and_verified_proxy
2025-08-01,2025,8,3,Kollam,South,8.89,76.6,Seer Fish,959.91,3303.6,290.57,26.55,34.03,3.46,0.9,113.7,5.08,25.98,2.21,0.369,0.0,observed_and_verified_proxy
2025-08-01,2025,8,3,Kollam,South,8.89,76.6,Tuna,839.74,3303.6,254.19,26.55,34.03,3.46,0.9,113.7,5.08,25.98,2.21,0.352,0.0,observed_and_verified_proxy
2025-09-01,2025,9,3,Kollam,South,8.89,76.6,Oil Sardine,3116.04,3521.5,884.86,26.93,33.79,2.69,0.6,169.8,4.95,26.66,1.36,0.516,0.0,observed_and_verified_proxy
2025-09-01,2025,9,3,Kollam,South,8.89,76.6,Indian Mackerel,2313.04,3521.5,656.83,26.93,33.79,2.69,0.6,169.8,4.95,26.66,1.36,0.492,0.0,observed_and_verified_proxy
2025-09-01,2025,9,3,Kollam,South,8.89,76.6,Seer Fish,943.49,3521.5,267.92,26.93,33.79,2.69,0.6,169.8,4.95,26.66,1.36,0.391,0.0,observed_and_verified_proxy
2025-09-01,2025,9,3,Kollam,South,8.89,76.6,Tuna,839.81,3521.5,238.48,26.93,33.79,2.69,0.6,169.8,4.95,26.66,1.36,0.375,0.0,observed_and_verified_proxy
2025-10-01,2025,10,4,Kollam,South,8.89,76.6,Oil Sardine,3531.48,5514.2,640.44,27.07,33.31,2.0,0.3,286.2,3.68,27.12,1.05,0.821,0.0,observed_and_verified_proxy
2025-10-01,2025,10,4,Kollam,South,8.89,76.6,Indian Mackerel,3587.66,5514.2,650.63,27.07,33.31,2.0,0.3,286.2,3.68,27.12,1.05,0.823,0.0,observed_and_verified_proxy
2025-10-01,2025,10,4,Kollam,South,8.89,76.6,Seer Fish,1333.23,5514.2,241.78,27.07,33.31,2.0,0.3,286.2,3.68,27.12,1.05,0.682,0.349,observed_and_verified_proxy
2025-10-01,2025,10,4,Kollam,South,8.89,76.6,Tuna,2072.9,5514.2,375.92,27.07,33.31,2.0,0.3,286.2,3.68,27.12,1.05,0.756,0.147,observed_and_verified_proxy
2025-11-01,2025,11,4,Kollam,South,8.89,76.6,Oil Sardine,3289.25,5471.8,601.13,27.14,33.56,1.42,0.12,224.7,3.28,26.58,1.0,0.808,0.0,observed_and_verified_proxy
2025-11-01,2025,11,4,Kollam,South,8.89,76.6,Indian Mackerel,3563.91,5471.8,651.33,27.14,33.56,1.42,0.12,224.7,3.28,26.58,1.0,0.816,0.0,observed_and_verified_proxy
2025-11-01,2025,11,4,Kollam,South,8.89,76.6,Seer Fish,1365.49,5471.8,249.55,27.14,33.56,1.42,0.12,224.7,3.28,26.58,1.0,0.681,0.331,observed_and_verified_proxy
2025-11-01,2025,11,4,Kollam,South,8.89,76.6,Tuna,2096.44,5471.8,383.14,27.14,33.56,1.42,0.12,224.7,3.28,26.58,1.0,0.751,0.125,observed_and_verified_proxy
2025-12-01,2025,12,4,Kollam,South,8.89,76.6,Oil Sardine,3043.96,5471.0,556.38,27.51,34.48,0.97,0.06,5.4,3.49,25.33,1.0,0.799,0.0,observed_and_verified_proxy
2025-12-01,2025,12,4,Kollam,South,8.89,76.6,Indian Mackerel,3618.39,5471.0,661.38,27.51,34.48,0.97,0.06,5.4,3.49,25.33,1.0,0.817,0.0,observed_and_verified_proxy
2025-12-01,2025,12,4,Kollam,South,8.89,76.6,Seer Fish,1423.08,5471.0,260.11,27.51,34.48,0.97,0.06,5.4,3.49,25.33,1.0,0.689,0.317,observed_and_verified_proxy
2025-12-01,2025,12,4,Kollam,South,8.89,76.6,Tuna,2048.81,5471.0,374.49,27.51,34.48,0.97,0.06,5.4,3.49,25.33,1.0,0.748,0.14,observed_and_verified_proxy
2025-01-01,2025,1,1,Kannur,North,11.87,75.37,Oil Sardine,1791.43,3289.0,544.67,28.14,34.46,0.95,0.05,10.5,1.97,26.95,1.0,0.557,0.0,observed_and_verified_proxy
2025-01-01,2025,1,1,Kannur,North,11.87,75.37,Indian Mackerel,2225.62,3289.0,676.68,28.14,34.46,0.95,0.05,10.5,1.97,26.95,1.0,0.581,0.0,observed_and_verified_proxy
2025-01-01,2025,1,1,Kannur,North,11.87,75.37,Seer Fish,606.2,3289.0,184.31,28.14,34.46,0.95,0.05,10.5,1.97,26.95,1.0,0.39,0.098,observed_and_verified_proxy
2025-01-01,2025,1,1,Kannur,North,11.87,75.37,Tuna,1274.63,3289.0,387.54,28.14,34.46,0.95,0.05,10.5,1.97,26.95,1.0,0.511,0.0,observed_and_verified_proxy
2025-02-01,2025,2,1,Kannur,North,11.87,75.37,Oil Sardine,1935.22,3451.7,560.65,28.86,34.5,1.08,0.1,0.3,2.37,28.71,1.0,0.594,0.0,observed_and_verified_proxy
2025-02-01,2025,2,1,Kannur,North,11.87,75.37,Indian Mackerel,2102.63,3451.7,609.15,28.86,34.5,1.08,0.1,0.3,2.37,28.71,1.0,0.604,0.0,observed_and_verified_proxy
2025-02-01,2025,2,1,Kannur,North,11.87,75.37,Seer Fish,589.29,3451.7,170.72,28.86,34.5,1.08,0.1,0.3,2.37,28.71,1.0,0.404,0.146,observed_and_verified_proxy
2025-02-01,2025,2,1,Kannur,North,11.87,75.37,Tuna,1312.15,3451.7,380.14,28.86,34.5,1.08,0.1,0.3,2.37,28.71,1.0,0.541,0.0,observed_and_verified_proxy
2025-03-01,2025,3,1,Kannur,North,11.87,75.37,Oil Sardine,2050.32,3373.3,607.81,29.49,34.2,1.45,0.2,71.7,2.35,29.11,1.0,0.587,0.0,observed_and_verified_proxy
2025-03-01,2025,3,1,Kannur,North,11.87,75.37,Indian Mackerel,2143.26,3373.3,635.36,29.49,34.2,1.45,0.2,71.7,2.35,29.11,1.0,0.592,0.0,observed_and_verified_proxy
2025-03-01,2025,3,1,Kannur,North,11.87,75.37,Seer Fish,592.34,3373.3,175.6,29.49,34.2,1.45,0.2,71.7,2.35,29.11,1.0,0.396,0.125,observed_and_verified_proxy
2025-03-01,2025,3,1,Kannur,North,11.87,75.37,Tuna,1234.79,3373.3,366.05,29.49,34.2,1.45,0.2,71.7,2.35,29.11,1.0,0.52,0.0,observed_and_verified_proxy
2025-04-01,2025,4,2,Kannur,North,11.87,75.37,Oil Sardine,1430.91,2060.4,694.47,29.85,34.02,1.92,0.35,114.9,2.43,28.73,1.05,0.33,0.0,observed_and_verified_proxy
2025-04-01,2025,4,2,Kannur,North,11.87,75.37,Indian Mackerel,1220.97,2060.4,592.58,29.85,34.02,1.92,0.35,114.9,2.43,28.73,1.05,0.316,0.0,observed_and_verified_proxy
2025-04-01,2025,4,2,Kannur,North,11.87,75.37,Seer Fish,367.94,2060.4,178.57,29.85,34.02,1.92,0.35,114.9,2.43,28.73,1.05,0.189,0.0,observed_and_verified_proxy
2025-04-01,2025,4,2,Kannur,North,11.87,75.37,Tuna,484.89,2060.4,235.33,29.85,34.02,1.92,0.35,114.9,2.43,28.73,1.05,0.22,0.0,observed_and_verified_proxy
2025-05-01,2025,5,2,Kannur,North,11.87,75.37,Oil Sardine,1611.73,2203.8,731.33,29.77,32.37,3.26,0.65,512.1,4.18,28.34,1.36,0.364,0.0,observed_and_verified_proxy
2025-05-01,2025,5,2,Kannur,North,11.87,75.37,Indian Mackerel,1188.93,2203.8,539.48,29.77,32.37,3.26,0.65,512.1,4.18,28.34,1.36,0.336,0.0,observed_and_verified_proxy
2025-05-01,2025,5,2,Kannur,North,11.87,75.37,Seer Fish,372.98,2203.8,169.24,29.77,32.37,3.26,0.65,512.1,4.18,28.34,1.36,0.204,0.0,observed_and_verified_proxy
2025-05-01,2025,5,2,Kannur,North,11.87,75.37,Tuna,457.04,2203.8,207.38,29.77,32.37,3.26,0.65,512.1,4.18,28.34,1.36,0.228,0.0,observed_and_verified_proxy
2025-06-01,2025,6,2,Kannur,North,11.87,75.37,Oil Sardine,2020.19,2034.0,993.23,28.91,32.48,4.07,0.95,485.4,4.03,26.95,2.21,0.353,0.0,observed_and_verified_proxy
2025-06-01,2025,6,2,Kannur,North,11.87,75.37,Indian Mackerel,1153.45,2034.0,567.1,28.91,32.48,4.07,0.95,485.4,4.03,26.95,2.21,0.307,0.0,observed_and_verified_proxy
2025-06-01,2025,6,2,Kannur,North,11.87,75.37,Seer Fish,361.26,2034.0,177.61,28.91,32.48,4.07,0.95,485.4,4.03,26.95,2.21,0.185,0.0,observed_and_verified_proxy
2025-06-01,2025,6,2,Kannur,North,11.87,75.37,Tuna,478.36,2034.0,235.19,28.91,32.48,4.07,0.95,485.4,4.03,26.95,2.21,0.215,0.0,observed_and_verified_proxy
2025-07-01,2025,7,3,Kannur,North,11.87,75.37,Oil Sardine,2981.56,2817.5,1058.23,27.27,32.39,4.23,1.0,506.1,4.15,25.84,2.8,0.522,0.0,observed_and_verified_proxy
2025-07-01,2025,7,3,Kannur,North,11.87,75.37,Indian Mackerel,1752.54,2817.5,622.02,27.27,32.39,4.23,1.0,506.1,4.15,25.84,2.8,0.474,0.0,observed_and_verified_proxy
2025-07-01,2025,7,3,Kannur,North,11.87,75.37,Seer Fish,731.24,2817.5,259.54,27.27,32.39,4.23,1.0,506.1,4.15,25.84,2.8,0.362,0.0,observed_and_verified_proxy
2025-07-01,2025,7,3,Kannur,North,11.87,75.37,Tuna,713.42,2817.5,253.21,27.27,32.39,4.23,1.0,506.1,4.15,25.84,2.8,0.359,0.0,observed_and_verified_proxy
2025-08-01,2025,8,3,Kannur,North,11.87,75.37,Oil Sardine,2747.85,2537.1,1083.08,26.55,33.25,3.7,0.9,300.9,3.83,25.37,2.21,0.465,0.0,observed_and_verified_proxy
2025-08-01,2025,8,3,Kannur,North,11.87,75.37,Indian Mackerel,1774.57,2537.1,699.46,26.55,33.25,3.7,0.9,300.9,3.83,25.37,2.21,0.428,0.0,observed_and_verified_proxy
2025-08-01,2025,8,3,Kannur,North,11.87,75.37,Seer Fish,795.77,2537.1,313.66,26.55,33.25,3.7,0.9,300.9,3.83,25.37,2.21,0.337,0.0,observed_and_verified_proxy
2025-08-01,2025,8,3,Kannur,North,11.87,75.37,Tuna,660.65,2537.1,260.4,26.55,33.25,3.7,0.9,300.9,3.83,25.37,2.21,0.313,0.0,observed_and_verified_proxy
2025-09-01,2025,9,3,Kannur,North,11.87,75.37,Oil Sardine,2461.69,2646.8,930.08,26.93,33.95,2.65,0.6,132.9,3.58,25.96,1.36,0.476,0.0,observed_and_verified_proxy
2025-09-01,2025,9,3,Kannur,North,11.87,75.37,Indian Mackerel,1860.48,2646.8,702.93,26.93,33.95,2.65,0.6,132.9,3.58,25.96,1.36,0.452,0.0,observed_and_verified_proxy
2025-09-01,2025,9,3,Kannur,North,11.87,75.37,Seer Fish,771.59,2646.8,291.52,26.93,33.95,2.65,0.6,132.9,3.58,25.96,1.36,0.348,0.0,observed_and_verified_proxy
2025-09-01,2025,9,3,Kannur,North,11.87,75.37,Tuna,697.74,2646.8,263.62,26.93,33.95,2.65,0.6,132.9,3.58,25.96,1.36,0.334,0.0,observed_and_verified_proxy
2025-10-01,2025,10,4,Kannur,North,11.87,75.37,Oil Sardine,2836.17,4480.5,633.0,27.07,33.28,2.01,0.3,292.8,2.72,26.71,1.05,0.824,0.0,observed_and_verified_proxy
2025-10-01,2025,10,4,Kannur,North,11.87,75.37,Indian Mackerel,2808.16,4480.5,626.75,27.07,33.28,2.01,0.3,292.8,2.72,26.71,1.05,0.823,0.0,observed_and_verified_proxy
2025-10-01,2025,10,4,Kannur,North,11.87,75.37,Seer Fish,1113.42,4480.5,248.5,27.07,33.28,2.01,0.3,292.8,2.72,26.71,1.05,0.669,0.318,observed_and_verified_proxy
2025-10-01,2025,10,4,Kannur,North,11.87,75.37,Tuna,1714.94,4480.5,382.75,27.07,33.28,2.01,0.3,292.8,2.72,26.71,1.05,0.751,0.126,observed_and_verified_proxy
2025-11-01,2025,11,4,Kannur,North,11.87,75.37,Oil Sardine,2541.87,4349.3,584.44,27.14,34.28,1.2,0.12,53.1,2.37,26.3,1.0,0.787,0.0,observed_and_verified_proxy
2025-11-01,2025,11,4,Kannur,North,11.87,75.37,Indian Mackerel,2874.94,4349.3,661.02,27.14,34.28,1.2,0.12,53.1,2.37,26.3,1.0,0.802,0.0,observed_and_verified_proxy
2025-11-01,2025,11,4,Kannur,North,11.87,75.37,Seer Fish,1092.79,4349.3,251.26,27.14,34.28,1.2,0.12,53.1,2.37,26.3,1.0,0.646,0.281,observed_and_verified_proxy
2025-11-01,2025,11,4,Kannur,North,11.87,75.37,Tuna,1692.86,4349.3,389.23,27.14,34.28,1.2,0.12,53.1,2.37,26.3,1.0,0.727,0.08,observed_and_verified_proxy
2025-12-01,2025,12,4,Kannur,North,11.87,75.37,Oil Sardine,2341.09,4231.0,553.32,27.51,34.41,1.0,0.06,21.9,2.04,25.7,1.0,0.755,0.0,observed_and_verified_proxy
2025-12-01,2025,12,4,Kannur,North,11.87,75.37,Indian Mackerel,2876.83,4231.0,679.94,27.51,34.41,1.0,0.06,21.9,2.04,25.7,1.0,0.78,0.0,observed_and_verified_proxy
2025-12-01,2025,12,4,Kannur,North,11.87,75.37,Seer Fish,1125.35,4231.0,265.98,27.51,34.41,1.0,0.06,21.9,2.04,25.7,1.0,0.634,0.233,observed_and_verified_proxy
2025-12-01,2025,12,4,Kannur,North,11.87,75.37,Tuna,1651.27,4231.0,390.28,27.51,34.41,1.0,0.06,21.9,2.04,25.7,1.0,0.703,0.047,observed_and_verified_proxy
2025-01-01,2025,1,1,Thiruvananthapuram,South,8.52,76.94,Oil Sardine,1484.75,2598.8,571.32,28.14,34.38,0.97,0.05,27.6,4.12,26.48,1.0,0.514,0.0,observed_and_verified_proxy
2025-01-01,2025,1,1,Thiruvananthapuram,South,8.52,76.94,Indian Mackerel,1702.17,2598.8,654.98,28.14,34.38,0.97,0.05,27.6,4.12,26.48,1.0,0.531,0.0,observed_and_verified_proxy
2025-01-01,2025,1,1,Thiruvananthapuram,South,8.52,76.94,Seer Fish,501.3,2598.8,192.9,28.14,34.38,0.97,0.05,27.6,4.12,26.48,1.0,0.344,0.019,observed_and_verified_proxy
2025-01-01,2025,1,1,Thiruvananthapuram,South,8.52,76.94,Tuna,1026.84,2598.8,395.12,28.14,34.38,0.97,0.05,27.6,4.12,26.48,1.0,0.462,0.0,observed_and_verified_proxy
2025-02-01,2025,2,1,Thiruvananthapuram,South,8.52,76.94,Oil Sardine,1529.81,2771.9,551.89,28.86,34.48,1.09,0.1,5.7,2.97,28.16,1.0,0.553,0.0,observed_and_verified_proxy
2025-02-01,2025,2,1,Thiruvananthapuram,South,8.52,76.94,Indian Mackerel,1807.41,2771.9,652.04,28.86,34.48,1.09,0.1,5.7,2.97,28.16,1.0,0.574,0.0,observed_and_verified_proxy
2025-02-01,2025,2,1,Thiruvananthapuram,South,8.52,76.94,Seer Fish,481.86,2771.9,173.84,28.86,34.48,1.09,0.1,5.7,2.97,28.16,1.0,0.36,0.082,observed_and_verified_proxy
2025-02-01,2025,2,1,Thiruvananthapuram,South,8.52,76.94,Tuna,1078.91,2771.9,389.23,28.86,34.48,1.09,0.1,5.7,2.97,28.16,1.0,0.501,0.0,observed_and_verified_proxy
2025-03-01,2025,3,1,Thiruvananthapuram,South,8.52,76.94,Oil Sardine,1659.55,2686.6,617.71,29.49,34.05,1.49,0.2,106.8,2.58,29.2,1.0,0.546,0.0,observed_and_verified_proxy
2025-03-01,2025,3,1,Thiruvananthapuram,South,8.52,76.94,Indian Mackerel,1662.38,2686.6,618.76,29.49,34.05,1.49,0.2,106.8,2.58,29.2,1.0,0.546,0.0,observed_and_verified_proxy
2025-03-01,2025,3,1,Thiruvananthapuram,South,8.52,76.94,Seer Fish,516.44,2686.6,192.23,29.49,34.05,1.49,0.2,106.8,2.58,29.2,1.0,0.361,0.042,observed_and_verified_proxy
2025-03-01,2025,3,1,Thiruvananthapuram,South,8.52,76.94,Tuna,1030.7,2686.6,383.64,29.49,34.05,1.49,0.2,106.8,2.58,29.2,1.0,0.479,0.0,observed_and_verified_proxy
2025-04-01,2025,4,2,Thiruvananthapuram,South,8.52,76.94,Oil Sardine,1130.83,1769.2,639.16,29.85,33.74,2.01,0.35,181.2,3.13,28.63,1.05,0.325,0.0,observed_and_verified_proxy
2025-04-01,2025,4,2,Thiruvananthapuram,South,8.52,76.94,Indian Mackerel,1066.78,1769.2,602.96,29.85,33.74,2.01,0.35,181.2,3.13,28.63,1.05,0.319,0.0,observed_and_verified_proxy
2025-04-01,2025,4,2,Thiruvananthapuram,South,8.52,76.94,Seer Fish,317.71,1769.2,179.58,29.85,33.74,2.01,0.35,181.2,3.13,28.63,1.05,0.182,0.0,observed_and_verified_proxy
2025-04-01,2025,4,2,Thiruvananthapuram,South,8.52,76.94,Tuna,360.25,1769.2,203.62,29.85,33.74,2.01,0.35,181.2,3.13,28.63,1.05,0.196,0.0,observed_and_verified_proxy
2025-05-01,2025,5,2,Thiruvananthapuram,South,8.52,76.94,Oil Sardine,1413.56,1832.9,771.21,29.77,33.19,3.01,0.65,315.3,5.28,28.78,1.36,0.358,0.0,observed_and_verified_proxy
2025-05-01,2025,5,2,Thiruvananthapuram,South,8.52,76.94,Indian Mackerel,954.89,1832.9,520.97,29.77,33.19,3.01,0.65,315.3,5.28,28.78,1.36,0.318,0.0,observed_and_verified_proxy
2025-05-01,2025,5,2,Thiruvananthapuram,South,8.52,76.94,Seer Fish,306.54,1832.9,167.24,29.77,33.19,3.01,0.65,315.3,5.28,28.78,1.36,0.184,0.0,observed_and_verified_proxy
2025-05-01,2025,5,2,Thiruvananthapuram,South,8.52,76.94,Tuna,373.83,1832.9,203.96,29.77,33.19,3.01,0.65,315.3,5.28,28.78,1.36,0.207,0.0,observed_and_verified_proxy
2025-06-01,2025,6,2,Thiruvananthapuram,South,8.52,76.94,Oil Sardine,1649.08,1801.4,915.47,28.91,33.32,3.81,0.95,283.8,5.34,27.3,2.21,0.366,0.0,observed_and_verified_proxy
2025-06-01,2025,6,2,Thiruvananthapuram,South,8.52,76.94,Indian Mackerel,909.65,1801.4,504.98,28.91,33.32,3.81,0.95,283.8,5.34,27.3,2.21,0.308,0.0,observed_and_verified_proxy
2025-06-01,2025,6,2,Thiruvananthapuram,South,8.52,76.94,Seer Fish,320.87,1801.4,178.13,28.91,33.32,3.81,0.95,283.8,5.34,27.3,2.21,0.186,0.0,observed_and_verified_proxy
2025-06-01,2025,6,2,Thiruvananthapuram,South,8.52,76.94,Tuna,381.74,1801.4,211.92,28.91,33.32,3.81,0.95,283.8,5.34,27.3,2.21,0.206,0.0,observed_and_verified_proxy
2025-07-01,2025,7,3,Thiruvananthapuram,South,8.52,76.94,Oil Sardine,2342.97,2056.3,1139.41,27.27,33.74,3.83,1.0,181.5,6.01,26.55,2.8,0.448,0.0,observed_and_verified_proxy
2025-07-01,2025,7,3,Thiruvananthapuram,South,8.52,76.94,Indian Mackerel,1406.16,2056.3,683.83,27.27,33.74,3.83,1.0,181.5,6.01,26.55,2.8,0.401,0.0,observed_and_verified_proxy
2025-07-01,2025,7,3,Thiruvananthapuram,South,8.52,76.94,Seer Fish,651.62,2056.3,316.89,27.27,33.74,3.83,1.0,181.5,6.01,26.55,2.8,0.308,0.0,observed_and_verified_proxy
2025-07-01,2025,7,3,Thiruvananthapuram,South,8.52,76.94,Tuna,591.63,2056.3,287.72,27.27,33.74,3.83,1.0,181.5,6.01,26.55,2.8,0.295,0.0,observed_and_verified_proxy
2025-08-01,2025,8,3,Thiruvananthapuram,South,8.52,76.94,Oil Sardine,2347.52,1997.5,1175.25,26.55,34.03,3.46,0.9,113.7,5.08,25.98,2.21,0.436,0.0,observed_and_verified_proxy
2025-08-01,2025,8,3,Thiruvananthapuram,South,8.52,76.94,Indian Mackerel,1469.97,1997.5,735.92,26.55,34.03,3.46,0.9,113.7,5.08,25.98,2.21,0.394,0.0,observed_and_verified_proxy
2025-08-01,2025,8,3,Thiruvananthapuram,South,8.52,76.94,Seer Fish,631.91,1997.5,316.36,26.55,34.03,3.46,0.9,113.7,5.08,25.98,2.21,0.295,0.0,observed_and_verified_proxy
2025-08-01,2025,8,3,Thiruvananthapuram,South,8.52,76.94,Tuna,588.81,1997.5,294.78,26.55,34.03,3.46,0.9,113.7,5.08,25.98,2.21,0.286,0.0,observed_and_verified_proxy
2025-09-01,2025,9,3,Thiruvananthapuram,South,8.52,76.94,Oil Sardine,1925.47,2266.8,849.43,26.93,33.79,2.69,0.6,169.8,4.95,26.66,1.36,0.476,0.0,observed_and_verified_proxy
2025-09-01,2025,9,3,Thiruvananthapuram,South,8.52,76.94,Indian Mackerel,1463.14,2266.8,645.47,26.93,33.79,2.69,0.6,169.8,4.95,26.66,1.36,0.447,0.0,observed_and_verified_proxy
2025-09-01,2025,9,3,Thiruvananthapuram,South,8.52,76.94,Seer Fish,596.65,2266.8,263.21,26.93,33.79,2.69,0.6,169.8,4.95,26.66,1.36,0.326,0.0,observed_and_verified_proxy
2025-09-01,2025,9,3,Thiruvananthapuram,South,8.52,76.94,Tuna,550.36,2266.8,242.8,26.93,33.79,2.69,0.6,169.8,4.95,26.66,1.36,0.314,0.0,observed_and_verified_proxy
2025-10-01,2025,10,4,Thiruvananthapuram,South,8.52,76.94,Oil Sardine,2437.02,3486.4,699.0,27.07,33.31,2.0,0.3,286.2,3.68,27.12,1.05,0.765,0.0,observed_and_verified_proxy
2025-10-01,2025,10,4,Thiruvananthapuram,South,8.52,76.94,Indian Mackerel,2139.69,3486.4,613.72,27.07,33.31,2.0,0.3,286.2,3.68,27.12,1.05,0.748,0.0,observed_and_verified_proxy
2025-10-01,2025,10,4,Thiruvananthapuram,South,8.52,76.94,Seer Fish,896.75,3486.4,257.21,27.07,33.31,2.0,0.3,286.2,3.68,27.12,1.05,0.592,0.198,observed_and_verified_proxy
2025-10-01,2025,10,4,Thiruvananthapuram,South,8.52,76.94,Tuna,1365.96,3486.4,391.79,27.07,33.31,2.0,0.3,286.2,3.68,27.12,1.05,0.675,0.007,observed_and_verified_proxy
2025-11-01,2025,11,4,Thiruvananthapuram,South,8.52,76.94,Oil Sardine,2055.69,3455.3,594.93,27.14,33.56,1.42,0.12,224.7,3.28,26.58,1.0,0.735,0.0,observed_and_verified_proxy
2025-11-01,2025,11,4,Thiruvananthapuram,South,8.52,76.94,Indian Mackerel,2276.64,3455.3,658.88,27.14,33.56,1.42,0.12,224.7,3.28,26.58,1.0,0.75,0.0,observed_and_verified_proxy
2025-11-01,2025,11,4,Thiruvananthapuram,South,8.52,76.94,Seer Fish,871.8,3455.3,252.31,27.14,33.56,1.42,0.12,224.7,3.28,26.58,1.0,0.581,0.195,observed_and_verified_proxy
2025-11-01,2025,11,4,Thiruvananthapuram,South,8.52,76.94,Tuna,1385.33,3455.3,400.92,27.14,33.56,1.42,0.12,224.7,3.28,26.58,1.0,0.672,0.0,observed_and_verified_proxy
2025-12-01,2025,12,4,Thiruvananthapuram,South,8.52,76.94,Oil Sardine,1879.5,3168.3,593.22,27.51,34.48,0.97,0.06,5.4,3.49,25.33,1.0,0.662,0.0,observed_and_verified_proxy
2025-12-01,2025,12,4,Thiruvananthapuram,South,8.52,76.94,Indian Mackerel,2239.67,3168.3,706.89,27.51,34.48,0.97,0.06,5.4,3.49,25.33,1.0,0.685,0.0,observed_and_verified_proxy
2025-12-01,2025,12,4,Thiruvananthapuram,South,8.52,76.94,Seer Fish,861.72,3168.3,271.98,27.51,34.48,0.97,0.06,5.4,3.49,25.33,1.0,0.53,0.085,observed_and_verified_proxy
2025-12-01,2025,12,4,Thiruvananthapuram,South,8.52,76.94,Tuna,1366.2,3168.3,431.2,27.51,34.48,0.97,0.06,5.4,3.49,25.33,1.0,0.614,0.0,observed_and_verified_proxy
2025-01-01,2025,1,1,Malappuram,North,11.07,76.07,Oil Sardine,1110.99,2316.5,479.59,28.14,34.46,0.95,0.05,10.5,1.97,26.95,1.0,0.543,0.0,observed_and_verified_proxy
2025-01-01,2025,1,1,Malappuram,North,11.07,76.07,Indian Mackerel,1359.06,2316.5,586.68,28.14,34.46,0.95,0.05,10.5,1.97,26.95,1.0,0.576,0.0,observed_and_verified_proxy
2025-01-01,2025,1,1,Malappuram,North,11.07,76.07,Seer Fish,380.44,2316.5,164.23,28.14,34.46,0.95,0.05,10.5,1.97,26.95,1.0,0.34,0.078,observed_and_verified_proxy
2025-01-01,2025,1,1,Malappuram,North,11.07,76.07,Tuna,789.54,2316.5,340.83,28.14,34.46,0.95,0.05,10.5,1.97,26.95,1.0,0.482,0.0,observed_and_verified_proxy
2025-02-01,2025,2,1,Malappuram,North,11.07,76.07,Oil Sardine,1153.04,2262.6,509.6,28.86,34.5,1.08,0.1,0.3,2.37,28.71,1.0,0.537,0.0,observed_and_verified_proxy
2025-02-01,2025,2,1,Malappuram,North,11.07,76.07,Indian Mackerel,1312.08,2262.6,579.9,28.86,34.5,1.08,0.1,0.3,2.37,28.71,1.0,0.557,0.0,observed_and_verified_proxy
2025-02-01,2025,2,1,Malappuram,North,11.07,76.07,Seer Fish,382.37,2262.6,168.99,28.86,34.5,1.08,0.1,0.3,2.37,28.71,1.0,0.333,0.058,observed_and_verified_proxy
2025-02-01,2025,2,1,Malappuram,North,11.07,76.07,Tuna,784.59,2262.6,346.76,28.86,34.5,1.08,0.1,0.3,2.37,28.71,1.0,0.47,0.0,observed_and_verified_proxy
2025-03-01,2025,3,1,Malappuram,North,11.07,76.07,Oil Sardine,1313.68,2061.5,637.24,29.49,34.2,1.45,0.2,71.7,2.35,29.11,1.0,0.508,0.0,observed_and_verified_proxy
2025-03-01,2025,3,1,Malappuram,North,11.07,76.07,Indian Mackerel,1293.0,2061.5,627.21,29.49,34.2,1.45,0.2,71.7,2.35,29.11,1.0,0.506,0.0,observed_and_verified_proxy
2025-03-01,2025,3,1,Malappuram,North,11.07,76.07,Seer Fish,381.16,2061.5,184.89,29.49,34.2,1.45,0.2,71.7,2.35,29.11,1.0,0.303,0.0,observed_and_verified_proxy
2025-03-01,2025,3,1,Malappuram,North,11.07,76.07,Tuna,807.41,2061.5,391.66,29.49,34.2,1.45,0.2,71.7,2.35,29.11,1.0,0.433,0.0,observed_and_verified_proxy
2025-04-01,2025,4,2,Malappuram,North,11.07,76.07,Oil Sardine,899.65,1416.8,635.0,29.85,34.02,1.92,0.35,114.9,2.43,28.73,1.05,0.31,0.0,observed_and_verified_proxy
2025-04-01,2025,4,2,Malappuram,North,11.07,76.07,Indian Mackerel,841.65,1416.8,594.06,29.85,34.02,1.92,0.35,114.9,2.43,28.73,1.05,0.302,0.0,observed_and_verified_proxy
2025-04-01,2025,4,2,Malappuram,North,11.07,76.07,Seer Fish,237.56,1416.8,167.68,29.85,34.02,1.92,0.35,114.9,2.43,28.73,1.05,0.155,0.0,observed_and_verified_proxy
2025-04-01,2025,4,2,Malappuram,North,11.07,76.07,Tuna,293.0,1416.8,206.81,29.85,34.02,1.92,0.35,114.9,2.43,28.73,1.05,0.178,0.0,observed_and_verified_proxy
2025-05-01,2025,5,2,Malappuram,North,11.07,76.07,Oil Sardine,1057.07,1463.1,722.48,29.77,32.37,3.26,0.65,512.1,4.18,28.34,1.36,0.338,0.0,observed_and_verified_proxy
2025-05-01,2025,5,2,Malappuram,North,11.07,76.07,Indian Mackerel,749.4,1463.1,512.19,29.77,32.37,3.26,0.65,512.1,4.18,28.34,1.36,0.299,0.0,observed_and_verified_proxy
2025-05-01,2025,5,2,Malappuram,North,11.07,76.07,Seer Fish,228.62,1463.1,156.26,29.77,32.37,3.26,0.65,512.1,4.18,28.34,1.36,0.156,0.0,observed_and_verified_proxy
2025-05-01,2025,5,2,Malappuram,North,11.07,76.07,Tuna,298.47,1463.1,204.0,29.77,32.37,3.26,0.65,512.1,4.18,28.34,1.36,0.186,0.0,observed_and_verified_proxy
2025-06-01,2025,6,2,Malappuram,North,11.07,76.07,Oil Sardine,1184.65,1285.3,921.68,28.91,32.48,4.07,0.95,485.4,4.03,26.95,2.21,0.307,0.0,observed_and_verified_proxy
2025-06-01,2025,6,2,Malappuram,North,11.07,76.07,Indian Mackerel,722.2,1285.3,561.89,28.91,32.48,4.07,0.95,485.4,4.03,26.95,2.21,0.258,0.0,observed_and_verified_proxy
2025-06-01,2025,6,2,Malappuram,North,11.07,76.07,Seer Fish,232.95,1285.3,181.24,28.91,32.48,4.07,0.95,485.4,4.03,26.95,2.21,0.139,0.0,observed_and_verified_proxy
2025-06-01,2025,6,2,Malappuram,North,11.07,76.07,Tuna,289.66,1285.3,225.36,28.91,32.48,4.07,0.95,485.4,4.03,26.95,2.21,0.16,0.0,observed_and_verified_proxy
2025-07-01,2025,7,3,Malappuram,North,11.07,76.07,Oil Sardine,1871.82,1561.1,1199.03,27.27,32.39,4.23,1.0,506.1,4.15,25.84,2.8,0.419,0.0,observed_and_verified_proxy
2025-07-01,2025,7,3,Malappuram,North,11.07,76.07,Indian Mackerel,1055.49,1561.1,676.12,27.27,32.39,4.23,1.0,506.1,4.15,25.84,2.8,0.36,0.0,observed_and_verified_proxy
2025-07-01,2025,7,3,Malappuram,North,11.07,76.07,Seer Fish,474.04,1561.1,303.66,27.27,32.39,4.23,1.0,506.1,4.15,25.84,2.8,0.258,0.0,observed_and_verified_proxy
2025-07-01,2025,7,3,Malappuram,North,11.07,76.07,Tuna,420.45,1561.1,269.33,27.27,32.39,4.23,1.0,506.1,4.15,25.84,2.8,0.243,0.0,observed_and_verified_proxy
2025-08-01,2025,8,3,Malappuram,North,11.07,76.07,Oil Sardine,1860.12,1631.8,1139.92,26.55,33.25,3.7,0.9,300.9,3.83,25.37,2.21,0.437,0.0,observed_and_verified_proxy
2025-08-01,2025,8,3,Malappuram,North,11.07,76.07,Indian Mackerel,1140.21,1631.8,698.75,26.55,33.25,3.7,0.9,300.9,3.83,25.37,2.21,0.386,0.0,observed_and_verified_proxy
2025-08-01,2025,8,3,Malappuram,North,11.07,76.07,Seer Fish,466.53,1631.8,285.9,26.55,33.25,3.7,0.9,300.9,3.83,25.37,2.21,0.268,0.0,observed_and_verified_proxy
2025-08-01,2025,8,3,Malappuram,North,11.07,76.07,Tuna,446.29,1631.8,273.5,26.55,33.25,3.7,0.9,300.9,3.83,25.37,2.21,0.262,0.0,observed_and_verified_proxy
2025-09-01,2025,9,3,Malappuram,North,11.07,76.07,Oil Sardine,1633.3,1667.6,979.45,26.93,33.95,2.65,0.6,132.9,3.58,25.96,1.36,0.434,0.0,observed_and_verified_proxy
2025-09-01,2025,9,3,Malappuram,North,11.07,76.07,Indian Mackerel,1142.38,1667.6,685.06,26.93,33.95,2.65,0.6,132.9,3.58,25.96,1.36,0.395,0.0,observed_and_verified_proxy
2025-09-01,2025,9,3,Malappuram,North,11.07,76.07,Seer Fish,465.67,1667.6,279.25,26.93,33.95,2.65,0.6,132.9,3.58,25.96,1.36,0.274,0.0,observed_and_verified_proxy
2025-09-01,2025,9,3,Malappuram,North,11.07,76.07,Tuna,433.91,1667.6,260.2,26.93,33.95,2.65,0.6,132.9,3.58,25.96,1.36,0.264,0.0,observed_and_verified_proxy
2025-10-01,2025,10,4,Malappuram,North,11.07,76.07,Oil Sardine,1896.57,2508.2,756.16,27.07,33.28,2.01,0.3,292.8,2.72,26.71,1.05,0.675,0.0,observed_and_verified_proxy
2025-10-01,2025,10,4,Malappuram,North,11.07,76.07,Indian Mackerel,1787.98,2508.2,712.87,27.07,33.28,2.01,0.3,292.8,2.72,26.71,1.05,0.667,0.0,observed_and_verified_proxy
2025-10-01,2025,10,4,Malappuram,North,11.07,76.07,Seer Fish,666.16,2508.2,265.6,27.07,33.28,2.01,0.3,292.8,2.72,26.71,1.05,0.487,0.043,observed_and_verified_proxy
2025-10-01,2025,10,4,Malappuram,North,11.07,76.07,Tuna,1029.91,2508.2,410.62,27.07,33.28,2.01,0.3,292.8,2.72,26.71,1.05,0.574,0.0,observed_and_verified_proxy
2025-11-01,2025,11,4,Malappuram,North,11.07,76.07,Oil Sardine,1612.58,2828.3,570.16,27.14,34.28,1.2,0.12,53.1,2.37,26.3,1.0,0.734,0.0,observed_and_verified_proxy
2025-11-01,2025,11,4,Malappuram,North,11.07,76.07,Indian Mackerel,1879.17,2828.3,664.41,27.14,34.28,1.2,0.12,53.1,2.37,26.3,1.0,0.76,0.0,observed_and_verified_proxy
2025-11-01,2025,11,4,Malappuram,North,11.07,76.07,Seer Fish,709.7,2828.3,250.93,27.14,34.28,1.2,0.12,53.1,2.37,26.3,1.0,0.564,0.176,observed_and_verified_proxy
2025-11-01,2025,11,4,Malappuram,North,11.07,76.07,Tuna,1071.08,2828.3,378.7,27.14,34.28,1.2,0.12,53.1,2.37,26.3,1.0,0.656,0.011,observed_and_verified_proxy
2025-12-01,2025,12,4,Malappuram,North,11.07,76.07,Oil Sardine,1591.98,2783.7,571.89,27.51,34.41,1.0,0.06,21.9,2.04,25.7,1.0,0.721,0.0,observed_and_verified_proxy
2025-12-01,2025,12,4,Malappuram,North,11.07,76.07,Indian Mackerel,1735.29,2783.7,623.37,27.51,34.41,1.0,0.06,21.9,2.04,25.7,1.0,0.735,0.0,observed_and_verified_proxy
2025-12-01,2025,12,4,Malappuram,North,11.07,76.07,Seer Fish,661.24,2783.7,237.54,27.51,34.41,1.0,0.06,21.9,2.04,25.7,1.0,0.539,0.173,observed_and_verified_proxy
2025-12-01,2025,12,4,Malappuram,North,11.07,76.07,Tuna,1041.57,2783.7,374.16,27.51,34.41,1.0,0.06,21.9,2.04,25.7,1.0,0.64,0.0,observed_and_verified_proxy
2025-01-01,2025,1,1,Thrissur,Central,10.52,76.21,Oil Sardine,815.04,1502.2,542.57,28.14,34.46,0.95,0.05,10.5,1.96,27.7,1.0,0.443,0.0,observed_and_verified_proxy
2025-01-01,2025,1,1,Thrissur,Central,10.52,76.21,Indian Mackerel,1034.9,1502.2,688.94,28.14,34.46,0.95,0.05,10.5,1.96,27.7,1.0,0.482,0.0,observed_and_verified_proxy
2025-01-01,2025,1,1,Thrissur,Central,10.52,76.21,Seer Fish,289.13,1502.2,192.48,28.14,34.46,0.95,0.05,10.5,1.96,27.7,1.0,0.262,0.0,observed_and_verified_proxy
2025-01-01,2025,1,1,Thrissur,Central,10.52,76.21,Tuna,604.53,1502.2,402.44,28.14,34.46,0.95,0.05,10.5,1.96,27.7,1.0,0.392,0.0,observed_and_verified_proxy
2025-02-01,2025,2,1,Thrissur,Central,10.52,76.21,Oil Sardine,892.75,1574.5,567.01,28.86,34.5,1.08,0.1,0.9,1.9,29.53,1.0,0.481,0.0,observed_and_verified_proxy
2025-02-01,2025,2,1,Thrissur,Central,10.52,76.21,Indian Mackerel,1031.41,1574.5,655.07,28.86,34.5,1.08,0.1,0.9,1.9,29.53,1.0,0.505,0.0,observed_and_verified_proxy
2025-02-01,2025,2,1,Thrissur,Central,10.52,76.21,Seer Fish,285.68,1574.5,181.44,28.86,34.5,1.08,0.1,0.9,1.9,29.53,1.0,0.273,0.0,observed_and_verified_proxy
2025-02-01,2025,2,1,Thrissur,Central,10.52,76.21,Tuna,610.6,1574.5,387.8,28.86,34.5,1.08,0.1,0.9,1.9,29.53,1.0,0.412,0.0,observed_and_verified_proxy
2025-03-01,2025,3,1,Thrissur,Central,10.52,76.21,Oil Sardine,955.53,1536.6,621.87,29.49,34.02,1.5,0.2,115.5,2.29,29.7,1.0,0.48,0.0,observed_and_verified_proxy
2025-03-01,2025,3,1,Thrissur,Central,10.52,76.21,Indian Mackerel,978.41,1536.6,636.76,29.49,34.02,1.5,0.2,115.5,2.29,29.7,1.0,0.484,0.0,observed_and_verified_proxy
2025-03-01,2025,3,1,Thrissur,Central,10.52,76.21,Seer Fish,263.13,1536.6,171.25,29.49,34.02,1.5,0.2,115.5,2.29,29.7,1.0,0.252,0.0,observed_and_verified_proxy
2025-03-01,2025,3,1,Thrissur,Central,10.52,76.21,Tuna,583.18,1536.6,379.53,29.49,34.02,1.5,0.2,115.5,2.29,29.7,1.0,0.394,0.0,observed_and_verified_proxy
2025-04-01,2025,4,2,Thrissur,Central,10.52,76.21,Oil Sardine,629.34,955.6,658.61,29.85,33.63,2.04,0.35,208.8,2.61,28.86,1.05,0.254,0.0,observed_and_verified_proxy
2025-04-01,2025,4,2,Thrissur,Central,10.52,76.21,Indian Mackerel,604.16,955.6,632.26,29.85,33.63,2.04,0.35,208.8,2.61,28.86,1.05,0.249,0.0,observed_and_verified_proxy
2025-04-01,2025,4,2,Thrissur,Central,10.52,76.21,Seer Fish,172.55,955.6,180.57,29.85,33.63,2.04,0.35,208.8,2.61,28.86,1.05,0.117,0.0,observed_and_verified_proxy
2025-04-01,2025,4,2,Thrissur,Central,10.52,76.21,Tuna,212.28,955.6,222.16,29.85,33.63,2.04,0.35,208.8,2.61,28.86,1.05,0.136,0.0,observed_and_verified_proxy
2025-05-01,2025,5,2,Thrissur,Central,10.52,76.21,Oil Sardine,791.42,1052.4,752.03,29.77,32.56,3.2,0.65,464.4,4.71,29.13,1.36,0.307,0.0,observed_and_verified_proxy
2025-05-01,2025,5,2,Thrissur,Central,10.52,76.21,Indian Mackerel,533.77,1052.4,507.2,29.77,32.56,3.2,0.65,464.4,4.71,29.13,1.36,0.259,0.0,observed_and_verified_proxy
2025-05-01,2025,5,2,Thrissur,Central,10.52,76.21,Seer Fish,174.86,1052.4,166.15,29.77,32.56,3.2,0.65,464.4,4.71,29.13,1.36,0.13,0.0,observed_and_verified_proxy
2025-05-01,2025,5,2,Thrissur,Central,10.52,76.21,Tuna,217.75,1052.4,206.91,29.77,32.56,3.2,0.65,464.4,4.71,29.13,1.36,0.152,0.0,observed_and_verified_proxy
2025-06-01,2025,6,2,Thrissur,Central,10.52,76.21,Oil Sardine,921.57,922.5,998.98,28.91,32.18,4.15,0.95,555.9,4.58,27.74,2.21,0.285,0.0,observed_and_verified_proxy
2025-06-01,2025,6,2,Thrissur,Central,10.52,76.21,Indian Mackerel,513.99,922.5,557.17,28.91,32.18,4.15,0.95,555.9,4.58,27.74,2.21,0.223,0.0,observed_and_verified_proxy
2025-06-01,2025,6,2,Thrissur,Central,10.52,76.21,Seer Fish,167.74,922.5,181.83,28.91,32.18,4.15,0.95,555.9,4.58,27.74,2.21,0.11,0.0,observed_and_verified_proxy
2025-06-01,2025,6,2,Thrissur,Central,10.52,76.21,Tuna,210.95,922.5,228.67,28.91,32.18,4.15,0.95,555.9,4.58,27.74,2.21,0.13,0.0,observed_and_verified_proxy
2025-07-01,2025,7,3,Thrissur,Central,10.52,76.21,Oil Sardine,1316.02,1282.8,1025.89,27.27,32.55,4.19,1.0,468.6,4.66,26.75,2.8,0.443,0.0,observed_and_verified_proxy
2025-07-01,2025,7,3,Thrissur,Central,10.52,76.21,Indian Mackerel,741.0,1282.8,577.64,27.27,32.55,4.19,1.0,468.6,4.66,26.75,2.8,0.365,0.0,observed_and_verified_proxy
2025-07-01,2025,7,3,Thrissur,Central,10.52,76.21,Seer Fish,340.99,1282.8,265.81,27.27,32.55,4.19,1.0,468.6,4.66,26.75,2.8,0.248,0.0,observed_and_verified_proxy
2025-07-01,2025,7,3,Thrissur,Central,10.52,76.21,Tuna,314.79,1282.8,245.39,27.27,32.55,4.19,1.0,468.6,4.66,26.75,2.8,0.236,0.0,observed_and_verified_proxy
2025-08-01,2025,8,3,Thrissur,Central,10.52,76.21,Oil Sardine,1254.62,1277.3,982.27,26.55,33.3,3.68,0.9,288.6,4.13,26.27,2.21,0.435,0.0,observed_and_verified_proxy
2025-08-01,2025,8,3,Thrissur,Central,10.52,76.21,Indian Mackerel,784.87,1277.3,614.49,26.55,33.3,3.68,0.9,288.6,4.13,26.27,2.21,0.372,0.0,observed_and_verified_proxy
2025-08-01,2025,8,3,Thrissur,Central,10.52,76.21,Seer Fish,360.04,1277.3,281.89,26.55,33.3,3.68,0.9,288.6,4.13,26.27,2.21,0.255,0.0,observed_and_verified_proxy
2025-08-01,2025,8,3,Thrissur,Central,10.52,76.21,Tuna,302.42,1277.3,236.77,26.55,33.3,3.68,0.9,288.6,4.13,26.27,2.21,0.229,0.0,observed_and_verified_proxy
2025-09-01,2025,9,3,Thrissur,Central,10.52,76.21,Oil Sardine,1142.62,1114.2,1025.49,26.93,33.59,2.75,0.6,217.2,3.99,26.88,1.36,0.369,0.0,observed_and_verified_proxy
2025-09-01,2025,9,3,Thrissur,Central,10.52,76.21,Indian Mackerel,798.3,1114.2,716.47,26.93,33.59,2.75,0.6,217.2,3.99,26.88,1.36,0.326,0.0,observed_and_verified_proxy
2025-09-01,2025,9,3,Thrissur,Central,10.52,76.21,Seer Fish,343.72,1114.2,308.49,26.93,33.59,2.75,0.6,217.2,3.99,26.88,1.36,0.216,0.0,observed_and_verified_proxy
2025-09-01,2025,9,3,Thrissur,Central,10.52,76.21,Tuna,321.64,1114.2,288.67,26.93,33.59,2.75,0.6,217.2,3.99,26.88,1.36,0.208,0.0,observed_and_verified_proxy
2025-10-01,2025,10,4,Thrissur,Central,10.52,76.21,Oil Sardine,1313.88,1852.5,709.24,27.07,33.16,2.04,0.3,322.5,3.23,27.53,1.05,0.639,0.0,observed_and_verified_proxy
2025-10-01,2025,10,4,Thrissur,Central,10.52,76.21,Indian Mackerel,1224.83,1852.5,661.17,27.07,33.16,2.04,0.3,322.5,3.23,27.53,1.05,0.626,0.0,observed_and_verified_proxy
2025-10-01,2025,10,4,Thrissur,Central,10.52,76.21,Seer Fish,490.77,1852.5,264.92,27.07,33.16,2.04,0.3,322.5,3.23,27.53,1.05,0.437,0.0,observed_and_verified_proxy
2025-10-01,2025,10,4,Thrissur,Central,10.52,76.21,Tuna,744.71,1852.5,402.0,27.07,33.16,2.04,0.3,322.5,3.23,27.53,1.05,0.528,0.0,observed_and_verified_proxy
2025-11-01,2025,11,4,Thrissur,Central,10.52,76.21,Oil Sardine,1196.89,2035.3,588.08,27.14,33.92,1.31,0.12,139.2,2.76,27.13,1.0,0.684,0.0,observed_and_verified_proxy
2025-11-01,2025,11,4,Thrissur,Central,10.52,76.21,Indian Mackerel,1283.3,2035.3,630.54,27.14,33.92,1.31,0.12,139.2,2.76,27.13,1.0,0.697,0.0,observed_and_verified_proxy
2025-11-01,2025,11,4,Thrissur,Central,10.52,76.21,Seer Fish,509.33,2035.3,250.25,27.14,33.92,1.31,0.12,139.2,2.76,27.13,1.0,0.489,0.08,observed_and_verified_proxy
2025-11-01,2025,11,4,Thrissur,Central,10.52,76.21,Tuna,795.75,2035.3,390.98,27.14,33.92,1.31,0.12,139.2,2.76,27.13,1.0,0.595,0.0,observed_and_verified_proxy
2025-12-01,2025,12,4,Thrissur,Central,10.52,76.21,Oil Sardine,1133.09,2014.0,562.6,27.51,34.42,0.99,0.06,18.9,2.07,26.42,1.0,0.665,0.0,observed_and_verified_proxy
2025-12-01,2025,12,4,Thrissur,Central,10.52,76.21,Indian Mackerel,1306.02,2014.0,648.46,27.51,34.42,0.99,0.06,18.9,2.07,26.42,1.0,0.694,0.0,observed_and_verified_proxy
2025-12-01,2025,12,4,Thrissur,Central,10.52,76.21,Seer Fish,500.01,2014.0,248.27,27.51,34.42,0.99,0.06,18.9,2.07,26.42,1.0,0.48,0.072,observed_and_verified_proxy
2025-12-01,2025,12,4,Thrissur,Central,10.52,76.21,Tuna,792.64,2014.0,393.56,27.51,34.42,0.99,0.06,18.9,2.07,26.42,1.0,0.588,0.0,observed_and_verified_proxy
2025-01-01,2025,1,1,Kasaragod,North,12.5,74.99,Oil Sardine,506.1,884.2,572.37,28.14,34.46,0.95,0.05,10.5,1.97,26.95,1.0,0.353,0.0,observed_and_verified_proxy
2025-01-01,2025,1,1,Kasaragod,North,12.5,74.99,Indian Mackerel,623.22,884.2,704.83,28.14,34.46,0.95,0.05,10.5,1.97,26.95,1.0,0.389,0.0,observed_and_verified_proxy
2025-01-01,2025,1,1,Kasaragod,North,12.5,74.99,Seer Fish,172.64,884.2,195.25,28.14,34.46,0.95,0.05,10.5,1.97,26.95,1.0,0.18,0.0,observed_and_verified_proxy
2025-01-01,2025,1,1,Kasaragod,North,12.5,74.99,Tuna,362.11,884.2,409.52,28.14,34.46,0.95,0.05,10.5,1.97,26.95,1.0,0.295,0.0,observed_and_verified_proxy
2025-02-01,2025,2,1,Kasaragod,North,12.5,74.99,Oil Sardine,493.33,930.6,530.14,28.86,34.5,1.08,0.1,0.3,2.37,28.71,1.0,0.367,0.0,observed_and_verified_proxy
2025-02-01,2025,2,1,Kasaragod,North,12.5,74.99,Indian Mackerel,619.33,930.6,665.55,28.86,34.5,1.08,0.1,0.3,2.37,28.71,1.0,0.409,0.0,observed_and_verified_proxy
2025-02-01,2025,2,1,Kasaragod,North,12.5,74.99,Seer Fish,170.22,930.6,182.92,28.86,34.5,1.08,0.1,0.3,2.37,28.71,1.0,0.188,0.0,observed_and_verified_proxy
2025-02-01,2025,2,1,Kasaragod,North,12.5,74.99,Tuna,366.25,930.6,393.59,28.86,34.5,1.08,0.1,0.3,2.37,28.71,1.0,0.312,0.0,observed_and_verified_proxy
2025-03-01,2025,3,1,Kasaragod,North,12.5,74.99,Oil Sardine,570.43,989.6,576.44,29.49,34.2,1.45,0.2,71.7,2.35,29.11,1.0,0.419,0.0,observed_and_verified_proxy
2025-03-01,2025,3,1,Kasaragod,North,12.5,74.99,Indian Mackerel,596.77,989.6,603.07,29.49,34.2,1.45,0.2,71.7,2.35,29.11,1.0,0.427,0.0,observed_and_verified_proxy
2025-03-01,2025,3,1,Kasaragod,North,12.5,74.99,Seer Fish,163.3,989.6,165.02,29.49,34.2,1.45,0.2,71.7,2.35,29.11,1.0,0.193,0.0,observed_and_verified_proxy
2025-03-01,2025,3,1,Kasaragod,North,12.5,74.99,Tuna,360.42,989.6,364.22,29.49,34.2,1.45,0.2,71.7,2.35,29.11,1.0,0.329,0.0,observed_and_verified_proxy
2025-04-01,2025,4,2,Kasaragod,North,12.5,74.99,Oil Sardine,399.11,621.3,642.34,29.85,34.02,1.92,0.35,114.9,2.43,28.73,1.05,0.219,0.0,observed_and_verified_proxy
2025-04-01,2025,4,2,Kasaragod,North,12.5,74.99,Indian Mackerel,360.02,621.3,579.42,29.85,34.02,1.92,0.35,114.9,2.43,28.73,1.05,0.206,0.0,observed_and_verified_proxy
2025-04-01,2025,4,2,Kasaragod,North,12.5,74.99,Seer Fish,103.93,621.3,167.27,29.85,34.02,1.92,0.35,114.9,2.43,28.73,1.05,0.085,0.0,observed_and_verified_proxy
2025-04-01,2025,4,2,Kasaragod,North,12.5,74.99,Tuna,129.47,621.3,208.37,29.85,34.02,1.92,0.35,114.9,2.43,28.73,1.05,0.101,0.0,observed_and_verified_proxy
2025-05-01,2025,5,2,Kasaragod,North,12.5,74.99,Oil Sardine,436.99,552.7,790.6,29.77,32.37,3.26,0.65,512.1,4.18,28.34,1.36,0.205,0.0,observed_and_verified_proxy
2025-05-01,2025,5,2,Kasaragod,North,12.5,74.99,Indian Mackerel,342.7,552.7,620.01,29.77,32.37,3.26,0.65,512.1,4.18,28.34,1.36,0.178,0.0,observed_and_verified_proxy
2025-05-01,2025,5,2,Kasaragod,North,12.5,74.99,Seer Fish,98.35,552.7,177.93,29.77,32.37,3.26,0.65,512.1,4.18,28.34,1.36,0.072,0.0,observed_and_verified_proxy
2025-05-01,2025,5,2,Kasaragod,North,12.5,74.99,Tuna,125.35,552.7,226.77,29.77,32.37,3.26,0.65,512.1,4.18,28.34,1.36,0.088,0.0,observed_and_verified_proxy
2025-06-01,2025,6,2,Kasaragod,North,12.5,74.99,Oil Sardine,524.4,628.0,835.03,28.91,32.48,4.07,0.95,485.4,4.03,26.95,2.21,0.255,0.0,observed_and_verified_proxy
2025-06-01,2025,6,2,Kasaragod,North,12.5,74.99,Indian Mackerel,315.92,628.0,503.05,28.91,32.48,4.07,0.95,485.4,4.03,26.95,2.21,0.193,0.0,observed_and_verified_proxy
2025-06-01,2025,6,2,Kasaragod,North,12.5,74.99,Seer Fish,98.01,628.0,156.07,28.91,32.48,4.07,0.95,485.4,4.03,26.95,2.21,0.082,0.0,observed_and_verified_proxy
2025-06-01,2025,6,2,Kasaragod,North,12.5,74.99,Tuna,131.7,628.0,209.71,28.91,32.48,4.07,0.95,485.4,4.03,26.95,2.21,0.104,0.0,observed_and_verified_proxy
2025-07-01,2025,7,3,Kasaragod,North,12.5,74.99,Oil Sardine,796.26,750.1,1061.53,27.27,32.39,4.23,1.0,506.1,4.15,25.84,2.8,0.366,0.0,observed_and_verified_proxy
2025-07-01,2025,7,3,Kasaragod,North,12.5,74.99,Indian Mackerel,454.26,750.1,605.58,27.27,32.39,4.23,1.0,506.1,4.15,25.84,2.8,0.283,0.0,observed_and_verified_proxy
2025-07-01,2025,7,3,Kasaragod,North,12.5,74.99,Seer Fish,214.59,750.1,286.07,27.27,32.39,4.23,1.0,506.1,4.15,25.84,2.8,0.179,0.0,observed_and_verified_proxy
2025-07-01,2025,7,3,Kasaragod,North,12.5,74.99,Tuna,186.04,750.1,248.01,27.27,32.39,4.23,1.0,506.1,4.15,25.84,2.8,0.161,0.0,observed_and_verified_proxy
2025-08-01,2025,8,3,Kasaragod,North,12.5,74.99,Oil Sardine,812.88,741.2,1096.74,26.55,33.25,3.7,0.9,300.9,3.83,25.37,2.21,0.364,0.0,observed_and_verified_proxy
2025-08-01,2025,8,3,Kasaragod,North,12.5,74.99,Indian Mackerel,488.67,741.2,659.33,26.55,33.25,3.7,0.9,300.9,3.83,25.37,2.21,0.291,0.0,observed_and_verified_proxy
2025-08-01,2025,8,3,Kasaragod,North,12.5,74.99,Seer Fish,197.97,741.2,267.11,26.55,33.25,3.7,0.9,300.9,3.83,25.37,2.21,0.167,0.0,observed_and_verified_proxy
2025-08-01,2025,8,3,Kasaragod,North,12.5,74.99,Tuna,195.75,741.2,264.11,26.55,33.25,3.7,0.9,300.9,3.83,25.37,2.21,0.166,0.0,observed_and_verified_proxy
2025-09-01,2025,9,3,Kasaragod,North,12.5,74.99,Oil Sardine,699.71,695.5,1006.03,26.93,33.95,2.65,0.6,132.9,3.58,25.96,1.36,0.322,0.0,observed_and_verified_proxy
2025-09-01,2025,9,3,Kasaragod,North,12.5,74.99,Indian Mackerel,513.31,695.5,738.02,26.93,33.95,2.65,0.6,132.9,3.58,25.96,1.36,0.28,0.0,observed_and_verified_proxy
2025-09-01,2025,9,3,Kasaragod,North,12.5,74.99,Seer Fish,200.29,695.5,287.97,26.93,33.95,2.65,0.6,132.9,3.58,25.96,1.36,0.158,0.0,observed_and_verified_proxy
2025-09-01,2025,9,3,Kasaragod,North,12.5,74.99,Tuna,182.76,695.5,262.77,26.93,33.95,2.65,0.6,132.9,3.58,25.96,1.36,0.148,0.0,observed_and_verified_proxy
2025-10-01,2025,10,4,Kasaragod,North,12.5,74.99,Oil Sardine,750.53,1107.1,677.95,27.07,33.28,2.01,0.3,292.8,2.72,26.71,1.05,0.527,0.0,observed_and_verified_proxy
2025-10-01,2025,10,4,Kasaragod,North,12.5,74.99,Indian Mackerel,724.5,1107.1,654.44,27.07,33.28,2.01,0.3,292.8,2.72,26.71,1.05,0.52,0.0,observed_and_verified_proxy
2025-10-01,2025,10,4,Kasaragod,North,12.5,74.99,Seer Fish,293.03,1107.1,264.69,27.07,33.28,2.01,0.3,292.8,2.72,26.71,1.05,0.325,0.0,observed_and_verified_proxy
2025-10-01,2025,10,4,Kasaragod,North,12.5,74.99,Tuna,474.75,1107.1,428.84,27.07,33.28,2.01,0.3,292.8,2.72,26.71,1.05,0.428,0.0,observed_and_verified_proxy
2025-11-01,2025,11,4,Kasaragod,North,12.5,74.99,Oil Sardine,719.6,1087.8,661.5,27.14,34.28,1.2,0.12,53.1,2.37,26.3,1.0,0.509,0.0,observed_and_verified_proxy
2025-11-01,2025,11,4,Kasaragod,North,12.5,74.99,Indian Mackerel,758.91,1087.8,697.64,27.14,34.28,1.2,0.12,53.1,2.37,26.3,1.0,0.52,0.0,observed_and_verified_proxy
2025-11-01,2025,11,4,Kasaragod,North,12.5,74.99,Seer Fish,291.41,1087.8,267.88,27.14,34.28,1.2,0.12,53.1,2.37,26.3,1.0,0.318,0.0,observed_and_verified_proxy
2025-11-01,2025,11,4,Kasaragod,North,12.5,74.99,Tuna,451.05,1087.8,414.63,27.14,34.28,1.2,0.12,53.1,2.37,26.3,1.0,0.409,0.0,observed_and_verified_proxy
2025-12-01,2025,12,4,Kasaragod,North,12.5,74.99,Oil Sardine,624.31,1169.4,533.88,27.51,34.41,1.0,0.06,21.9,2.04,25.7,1.0,0.515,0.0,observed_and_verified_proxy
2025-12-01,2025,12,4,Kasaragod,North,12.5,74.99,Indian Mackerel,803.13,1169.4,686.8,27.51,34.41,1.0,0.06,21.9,2.04,25.7,1.0,0.572,0.0,observed_and_verified_proxy
2025-12-01,2025,12,4,Kasaragod,North,12.5,74.99,Seer Fish,291.58,1169.4,249.35,27.51,34.41,1.0,0.06,21.9,2.04,25.7,1.0,0.342,0.0,observed_and_verified_proxy
2025-12-01,2025,12,4,Kasaragod,North,12.5,74.99,Tuna,481.31,1169.4,411.6,27.51,34.41,1.0,0.06,21.9,2.04,25.7,1.0,0.455,0.0,observed_and_verified_proxy
